<?xml version="1.0" encoding="UTF-8"?>
<gpx creator="StravaGPX" version="1.1" xmlns="http://www.topografix.com/GPX/1/1" xmlns:xsi="http://www.w3.org/2001/XMLSchema-instance" xsi:schemaLocation="http://www.topografix.com/GPX/1/1 http://www.topografix.com/GPX/1/1/gpx.xsd http://www.garmin.com/xmlschemas/GpxExtensions/v3 http://www.garmin.com/xmlschemas/GpxExtensionsv3.xsd http://www.garmin.com/xmlschemas/TrackPointExtension/v1 http://www.garmin.com/xmlschemas/TrackPointExtensionv1.xsd" xmlns:gpxtpx="http://www.garmin.com/xmlschemas/TrackPointExtension/v1" xmlns:gpxx="http://www.garmin.com/xmlschemas/GpxExtensions/v3">
 <metadata>
  <time>2024-06-08T07:57:40Z</time>
 </metadata>
 <trk>
  <name>Утренний велозаезд</name>
  <type>cycling</type>
  <trkseg>
   <trkpt lat="48.2195880" lon="16.4034090">
    <ele>168.8</ele>
    <time>2024-06-08T07:57:40Z</time>
    <extensions>
     <gpxtpx:TrackPointExtension>
      <gpxtpx:atemp>31</gpxtpx:atemp>
     </gpxtpx:TrackPointExtension>
    </extensions>
   </trkpt>
   <trkpt lat="48.2195880" lon="16.4034090">
    <ele>169.2</ele>
    <time>2024-06-08T07:57:53Z</time>
    <extensions>
     <gpxtpx:TrackPointExtension>
      <gpxtpx:atemp>31</gpxtpx:atemp>
     </gpxtpx:TrackPointExtension>
    </extensions>
   </trkpt>
   <trkpt lat="48.2197140" lon="16.4033840">
    <ele>169.4</ele>
    <time>2024-06-08T07:57:55Z</time>
    <extensions>
     <gpxtpx:TrackPointExtension>
      <gpxtpx:atemp>31</gpxtpx:atemp>
     </gpxtpx:TrackPointExtension>
    </extensions>
   </trkpt>
   <trkpt lat="48.2197570" lon="16.4033820">
    <ele>169.4</ele>
    <time>2024-06-08T07:57:56Z</time>
    <extensions>
     <gpxtpx:TrackPointExtension>
      <gpxtpx:atemp>31</gpxtpx:atemp>
     </gpxtpx:TrackPointExtension>
    </extensions>
   </trkpt>
   <trkpt lat="48.2197550" lon="16.4033980">
    <ele>169.4</ele>
    <time>2024-06-08T07:57:59Z</time>
    <extensions>
     <gpxtpx:TrackPointExtension>
      <gpxtpx:atemp>31</gpxtpx:atemp>
     </gpxtpx:TrackPointExtension>
    </extensions>
   </trkpt>
   <trkpt lat="48.2197200" lon="16.4034810">
    <ele>169.2</ele>
    <time>2024-06-08T07:58:02Z</time>
    <extensions>
     <gpxtpx:TrackPointExtension>
      <gpxtpx:atemp>31</gpxtpx:atemp>
     </gpxtpx:TrackPointExtension>
    </extensions>
   </trkpt>
   <trkpt lat="48.2196870" lon="16.4035700">
    <ele>169.4</ele>
    <time>2024-06-08T07:58:07Z</time>
    <extensions>
     <gpxtpx:TrackPointExtension>
      <gpxtpx:atemp>31</gpxtpx:atemp>
     </gpxtpx:TrackPointExtension>
    </extensions>
   </trkpt>
   <trkpt lat="48.2196520" lon="16.4036270">
    <ele>169.4</ele>
    <time>2024-06-08T07:58:09Z</time>
    <extensions>
     <gpxtpx:TrackPointExtension>
      <gpxtpx:atemp>31</gpxtpx:atemp>
     </gpxtpx:TrackPointExtension>
    </extensions>
   </trkpt>
   <trkpt lat="48.2196450" lon="16.4039260">
    <ele>169.4</ele>
    <time>2024-06-08T07:58:15Z</time>
    <extensions>
     <gpxtpx:TrackPointExtension>
      <gpxtpx:atemp>31</gpxtpx:atemp>
     </gpxtpx:TrackPointExtension>
    </extensions>
   </trkpt>
   <trkpt lat="48.2195810" lon="16.4042870">
    <ele>169.2</ele>
    <time>2024-06-08T07:58:21Z</time>
    <extensions>
     <gpxtpx:TrackPointExtension>
      <gpxtpx:atemp>31</gpxtpx:atemp>
     </gpxtpx:TrackPointExtension>
    </extensions>
   </trkpt>
   <trkpt lat="48.2195780" lon="16.4045740">
    <ele>169.0</ele>
    <time>2024-06-08T07:58:27Z</time>
    <extensions>
     <gpxtpx:TrackPointExtension>
      <gpxtpx:atemp>31</gpxtpx:atemp>
     </gpxtpx:TrackPointExtension>
    </extensions>
   </trkpt>
   <trkpt lat="48.2195690" lon="16.4046580">
    <ele>169.0</ele>
    <time>2024-06-08T07:58:30Z</time>
    <extensions>
     <gpxtpx:TrackPointExtension>
      <gpxtpx:atemp>31</gpxtpx:atemp>
     </gpxtpx:TrackPointExtension>
    </extensions>
   </trkpt>
   <trkpt lat="48.2195740" lon="16.4046730">
    <ele>169.0</ele>
    <time>2024-06-08T07:58:31Z</time>
    <extensions>
     <gpxtpx:TrackPointExtension>
      <gpxtpx:atemp>31</gpxtpx:atemp>
     </gpxtpx:TrackPointExtension>
    </extensions>
   </trkpt>
   <trkpt lat="48.2195780" lon="16.4047160">
    <ele>169.0</ele>
    <time>2024-06-08T07:58:33Z</time>
    <extensions>
     <gpxtpx:TrackPointExtension>
      <gpxtpx:atemp>31</gpxtpx:atemp>
     </gpxtpx:TrackPointExtension>
    </extensions>
   </trkpt>
   <trkpt lat="48.2195710" lon="16.4047610">
    <ele>169.0</ele>
    <time>2024-06-08T07:58:36Z</time>
    <extensions>
     <gpxtpx:TrackPointExtension>
      <gpxtpx:atemp>31</gpxtpx:atemp>
     </gpxtpx:TrackPointExtension>
    </extensions>
   </trkpt>
   <trkpt lat="48.2195550" lon="16.4047730">
    <ele>169.0</ele>
    <time>2024-06-08T07:58:37Z</time>
    <extensions>
     <gpxtpx:TrackPointExtension>
      <gpxtpx:atemp>32</gpxtpx:atemp>
     </gpxtpx:TrackPointExtension>
    </extensions>
   </trkpt>
   <trkpt lat="48.2194760" lon="16.4048650">
    <ele>169.2</ele>
    <time>2024-06-08T07:58:41Z</time>
    <extensions>
     <gpxtpx:TrackPointExtension>
      <gpxtpx:atemp>31</gpxtpx:atemp>
     </gpxtpx:TrackPointExtension>
    </extensions>
   </trkpt>
   <trkpt lat="48.2194670" lon="16.4049060">
    <ele>169.2</ele>
    <time>2024-06-08T07:58:43Z</time>
    <extensions>
     <gpxtpx:TrackPointExtension>
      <gpxtpx:atemp>32</gpxtpx:atemp>
     </gpxtpx:TrackPointExtension>
    </extensions>
   </trkpt>
   <trkpt lat="48.2194740" lon="16.4049230">
    <ele>169.2</ele>
    <time>2024-06-08T07:58:44Z</time>
    <extensions>
     <gpxtpx:TrackPointExtension>
      <gpxtpx:atemp>32</gpxtpx:atemp>
     </gpxtpx:TrackPointExtension>
    </extensions>
   </trkpt>
   <trkpt lat="48.2194700" lon="16.4049430">
    <ele>169.2</ele>
    <time>2024-06-08T07:58:45Z</time>
    <extensions>
     <gpxtpx:TrackPointExtension>
      <gpxtpx:atemp>31</gpxtpx:atemp>
     </gpxtpx:TrackPointExtension>
    </extensions>
   </trkpt>
   <trkpt lat="48.2194470" lon="16.4050620">
    <ele>169.2</ele>
    <time>2024-06-08T07:58:49Z</time>
    <extensions>
     <gpxtpx:TrackPointExtension>
      <gpxtpx:atemp>31</gpxtpx:atemp>
     </gpxtpx:TrackPointExtension>
    </extensions>
   </trkpt>
   <trkpt lat="48.2195180" lon="16.4052370">
    <ele>169.4</ele>
    <time>2024-06-08T07:58:55Z</time>
    <extensions>
     <gpxtpx:TrackPointExtension>
      <gpxtpx:atemp>31</gpxtpx:atemp>
     </gpxtpx:TrackPointExtension>
    </extensions>
   </trkpt>
   <trkpt lat="48.2195740" lon="16.4052700">
    <ele>169.4</ele>
    <time>2024-06-08T07:58:58Z</time>
    <extensions>
     <gpxtpx:TrackPointExtension>
      <gpxtpx:atemp>31</gpxtpx:atemp>
     </gpxtpx:TrackPointExtension>
    </extensions>
   </trkpt>
   <trkpt lat="48.2195960" lon="16.4052450">
    <ele>169.4</ele>
    <time>2024-06-08T07:59:00Z</time>
    <extensions>
     <gpxtpx:TrackPointExtension>
      <gpxtpx:atemp>32</gpxtpx:atemp>
     </gpxtpx:TrackPointExtension>
    </extensions>
   </trkpt>
   <trkpt lat="48.2196190" lon="16.4052190">
    <ele>169.4</ele>
    <time>2024-06-08T07:59:03Z</time>
    <extensions>
     <gpxtpx:TrackPointExtension>
      <gpxtpx:atemp>31</gpxtpx:atemp>
     </gpxtpx:TrackPointExtension>
    </extensions>
   </trkpt>
   <trkpt lat="48.2196420" lon="16.4051940">
    <ele>169.6</ele>
    <time>2024-06-08T07:59:08Z</time>
    <extensions>
     <gpxtpx:TrackPointExtension>
      <gpxtpx:atemp>31</gpxtpx:atemp>
     </gpxtpx:TrackPointExtension>
    </extensions>
   </trkpt>
   <trkpt lat="48.2196640" lon="16.4051690">
    <ele>173.0</ele>
    <time>2024-06-08T09:05:05Z</time>
    <extensions>
     <gpxtpx:TrackPointExtension>
      <gpxtpx:atemp>27</gpxtpx:atemp>
     </gpxtpx:TrackPointExtension>
    </extensions>
   </trkpt>
   <trkpt lat="48.2196870" lon="16.4051430">
    <ele>173.4</ele>
    <time>2024-06-08T09:05:33Z</time>
    <extensions>
     <gpxtpx:TrackPointExtension>
      <gpxtpx:atemp>28</gpxtpx:atemp>
     </gpxtpx:TrackPointExtension>
    </extensions>
   </trkpt>
   <trkpt lat="48.2197090" lon="16.4051180">
    <ele>173.0</ele>
    <time>2024-06-08T09:05:34Z</time>
    <extensions>
     <gpxtpx:TrackPointExtension>
      <gpxtpx:atemp>28</gpxtpx:atemp>
     </gpxtpx:TrackPointExtension>
    </extensions>
   </trkpt>
   <trkpt lat="48.2196910" lon="16.4050910">
    <ele>173.0</ele>
    <time>2024-06-08T09:05:35Z</time>
    <extensions>
     <gpxtpx:TrackPointExtension>
      <gpxtpx:atemp>28</gpxtpx:atemp>
     </gpxtpx:TrackPointExtension>
    </extensions>
   </trkpt>
   <trkpt lat="48.2196330" lon="16.4051090">
    <ele>173.0</ele>
    <time>2024-06-08T09:05:36Z</time>
    <extensions>
     <gpxtpx:TrackPointExtension>
      <gpxtpx:atemp>28</gpxtpx:atemp>
     </gpxtpx:TrackPointExtension>
    </extensions>
   </trkpt>
   <trkpt lat="48.2193540" lon="16.4050690">
    <ele>173.0</ele>
    <time>2024-06-08T09:05:38Z</time>
    <extensions>
     <gpxtpx:TrackPointExtension>
      <gpxtpx:atemp>28</gpxtpx:atemp>
     </gpxtpx:TrackPointExtension>
    </extensions>
   </trkpt>
   <trkpt lat="48.2192930" lon="16.4050230">
    <ele>173.0</ele>
    <time>2024-06-08T09:05:40Z</time>
    <extensions>
     <gpxtpx:TrackPointExtension>
      <gpxtpx:atemp>28</gpxtpx:atemp>
     </gpxtpx:TrackPointExtension>
    </extensions>
   </trkpt>
   <trkpt lat="48.2192720" lon="16.4049590">
    <ele>173.2</ele>
    <time>2024-06-08T09:05:43Z</time>
    <extensions>
     <gpxtpx:TrackPointExtension>
      <gpxtpx:atemp>28</gpxtpx:atemp>
     </gpxtpx:TrackPointExtension>
    </extensions>
   </trkpt>
   <trkpt lat="48.2192450" lon="16.4049610">
    <ele>173.2</ele>
    <time>2024-06-08T09:05:44Z</time>
    <extensions>
     <gpxtpx:TrackPointExtension>
      <gpxtpx:atemp>28</gpxtpx:atemp>
     </gpxtpx:TrackPointExtension>
    </extensions>
   </trkpt>
   <trkpt lat="48.2191860" lon="16.4049660">
    <ele>173.2</ele>
    <time>2024-06-08T09:05:46Z</time>
    <extensions>
     <gpxtpx:TrackPointExtension>
      <gpxtpx:atemp>28</gpxtpx:atemp>
     </gpxtpx:TrackPointExtension>
    </extensions>
   </trkpt>
   <trkpt lat="48.2189810" lon="16.4050160">
    <ele>173.0</ele>
    <time>2024-06-08T09:05:51Z</time>
    <extensions>
     <gpxtpx:TrackPointExtension>
      <gpxtpx:atemp>28</gpxtpx:atemp>
     </gpxtpx:TrackPointExtension>
    </extensions>
   </trkpt>
   <trkpt lat="48.2187670" lon="16.4050340">
    <ele>173.0</ele>
    <time>2024-06-08T09:05:57Z</time>
    <extensions>
     <gpxtpx:TrackPointExtension>
      <gpxtpx:atemp>28</gpxtpx:atemp>
     </gpxtpx:TrackPointExtension>
    </extensions>
   </trkpt>
   <trkpt lat="48.2185960" lon="16.4050220">
    <ele>173.0</ele>
    <time>2024-06-08T09:06:03Z</time>
    <extensions>
     <gpxtpx:TrackPointExtension>
      <gpxtpx:atemp>28</gpxtpx:atemp>
     </gpxtpx:TrackPointExtension>
    </extensions>
   </trkpt>
   <trkpt lat="48.2182670" lon="16.4050260">
    <ele>172.4</ele>
    <time>2024-06-08T09:06:11Z</time>
    <extensions>
     <gpxtpx:TrackPointExtension>
      <gpxtpx:atemp>28</gpxtpx:atemp>
     </gpxtpx:TrackPointExtension>
    </extensions>
   </trkpt>
   <trkpt lat="48.2180900" lon="16.4050090">
    <ele>172.2</ele>
    <time>2024-06-08T09:06:16Z</time>
    <extensions>
     <gpxtpx:TrackPointExtension>
      <gpxtpx:atemp>28</gpxtpx:atemp>
     </gpxtpx:TrackPointExtension>
    </extensions>
   </trkpt>
   <trkpt lat="48.2180580" lon="16.4049680">
    <ele>172.2</ele>
    <time>2024-06-08T09:06:19Z</time>
    <extensions>
     <gpxtpx:TrackPointExtension>
      <gpxtpx:atemp>28</gpxtpx:atemp>
     </gpxtpx:TrackPointExtension>
    </extensions>
   </trkpt>
   <trkpt lat="48.2180520" lon="16.4049400">
    <ele>172.2</ele>
    <time>2024-06-08T09:06:20Z</time>
    <extensions>
     <gpxtpx:TrackPointExtension>
      <gpxtpx:atemp>28</gpxtpx:atemp>
     </gpxtpx:TrackPointExtension>
    </extensions>
   </trkpt>
   <trkpt lat="48.2180470" lon="16.4047290">
    <ele>172.0</ele>
    <time>2024-06-08T09:06:25Z</time>
    <extensions>
     <gpxtpx:TrackPointExtension>
      <gpxtpx:atemp>28</gpxtpx:atemp>
     </gpxtpx:TrackPointExtension>
    </extensions>
   </trkpt>
   <trkpt lat="48.2180430" lon="16.4044390">
    <ele>172.0</ele>
    <time>2024-06-08T09:06:30Z</time>
    <extensions>
     <gpxtpx:TrackPointExtension>
      <gpxtpx:atemp>28</gpxtpx:atemp>
     </gpxtpx:TrackPointExtension>
    </extensions>
   </trkpt>
   <trkpt lat="48.2180420" lon="16.4043360">
    <ele>172.0</ele>
    <time>2024-06-08T09:06:32Z</time>
    <extensions>
     <gpxtpx:TrackPointExtension>
      <gpxtpx:atemp>28</gpxtpx:atemp>
     </gpxtpx:TrackPointExtension>
    </extensions>
   </trkpt>
   <trkpt lat="48.2180470" lon="16.4038140">
    <ele>171.8</ele>
    <time>2024-06-08T09:06:41Z</time>
    <extensions>
     <gpxtpx:TrackPointExtension>
      <gpxtpx:atemp>28</gpxtpx:atemp>
     </gpxtpx:TrackPointExtension>
    </extensions>
   </trkpt>
   <trkpt lat="48.2180550" lon="16.4036930">
    <ele>171.8</ele>
    <time>2024-06-08T09:06:46Z</time>
    <extensions>
     <gpxtpx:TrackPointExtension>
      <gpxtpx:atemp>28</gpxtpx:atemp>
     </gpxtpx:TrackPointExtension>
    </extensions>
   </trkpt>
   <trkpt lat="48.2180560" lon="16.4036610">
    <ele>172.6</ele>
    <time>2024-06-08T09:07:29Z</time>
    <extensions>
     <gpxtpx:TrackPointExtension>
      <gpxtpx:atemp>29</gpxtpx:atemp>
     </gpxtpx:TrackPointExtension>
    </extensions>
   </trkpt>
   <trkpt lat="48.2180540" lon="16.4035920">
    <ele>172.8</ele>
    <time>2024-06-08T09:07:31Z</time>
    <extensions>
     <gpxtpx:TrackPointExtension>
      <gpxtpx:atemp>29</gpxtpx:atemp>
     </gpxtpx:TrackPointExtension>
    </extensions>
   </trkpt>
   <trkpt lat="48.2180600" lon="16.4032620">
    <ele>172.6</ele>
    <time>2024-06-08T09:07:38Z</time>
    <extensions>
     <gpxtpx:TrackPointExtension>
      <gpxtpx:atemp>29</gpxtpx:atemp>
     </gpxtpx:TrackPointExtension>
    </extensions>
   </trkpt>
   <trkpt lat="48.2180600" lon="16.4028120">
    <ele>172.6</ele>
    <time>2024-06-08T09:07:46Z</time>
    <extensions>
     <gpxtpx:TrackPointExtension>
      <gpxtpx:atemp>29</gpxtpx:atemp>
     </gpxtpx:TrackPointExtension>
    </extensions>
   </trkpt>
   <trkpt lat="48.2180620" lon="16.4023770">
    <ele>172.4</ele>
    <time>2024-06-08T09:07:53Z</time>
    <extensions>
     <gpxtpx:TrackPointExtension>
      <gpxtpx:atemp>29</gpxtpx:atemp>
     </gpxtpx:TrackPointExtension>
    </extensions>
   </trkpt>
   <trkpt lat="48.2180650" lon="16.4021840">
    <ele>172.4</ele>
    <time>2024-06-08T09:07:56Z</time>
    <extensions>
     <gpxtpx:TrackPointExtension>
      <gpxtpx:atemp>29</gpxtpx:atemp>
     </gpxtpx:TrackPointExtension>
    </extensions>
   </trkpt>
   <trkpt lat="48.2180700" lon="16.4015520">
    <ele>172.2</ele>
    <time>2024-06-08T09:08:06Z</time>
    <extensions>
     <gpxtpx:TrackPointExtension>
      <gpxtpx:atemp>29</gpxtpx:atemp>
     </gpxtpx:TrackPointExtension>
    </extensions>
   </trkpt>
   <trkpt lat="48.2180740" lon="16.4013360">
    <ele>172.4</ele>
    <time>2024-06-08T09:08:11Z</time>
    <extensions>
     <gpxtpx:TrackPointExtension>
      <gpxtpx:atemp>29</gpxtpx:atemp>
     </gpxtpx:TrackPointExtension>
    </extensions>
   </trkpt>
   <trkpt lat="48.2181540" lon="16.4012210">
    <ele>172.4</ele>
    <time>2024-06-08T09:08:16Z</time>
    <extensions>
     <gpxtpx:TrackPointExtension>
      <gpxtpx:atemp>30</gpxtpx:atemp>
     </gpxtpx:TrackPointExtension>
    </extensions>
   </trkpt>
   <trkpt lat="48.2181740" lon="16.4012180">
    <ele>172.4</ele>
    <time>2024-06-08T09:08:17Z</time>
    <extensions>
     <gpxtpx:TrackPointExtension>
      <gpxtpx:atemp>30</gpxtpx:atemp>
     </gpxtpx:TrackPointExtension>
    </extensions>
   </trkpt>
   <trkpt lat="48.2183250" lon="16.4012450">
    <ele>172.8</ele>
    <time>2024-06-08T09:08:23Z</time>
    <extensions>
     <gpxtpx:TrackPointExtension>
      <gpxtpx:atemp>30</gpxtpx:atemp>
     </gpxtpx:TrackPointExtension>
    </extensions>
   </trkpt>
   <trkpt lat="48.2184360" lon="16.4011970">
    <ele>173.0</ele>
    <time>2024-06-08T09:08:27Z</time>
    <extensions>
     <gpxtpx:TrackPointExtension>
      <gpxtpx:atemp>30</gpxtpx:atemp>
     </gpxtpx:TrackPointExtension>
    </extensions>
   </trkpt>
   <trkpt lat="48.2184720" lon="16.4011610">
    <ele>173.2</ele>
    <time>2024-06-08T09:08:30Z</time>
    <extensions>
     <gpxtpx:TrackPointExtension>
      <gpxtpx:atemp>30</gpxtpx:atemp>
     </gpxtpx:TrackPointExtension>
    </extensions>
   </trkpt>
   <trkpt lat="48.2184830" lon="16.4011600">
    <ele>173.2</ele>
    <time>2024-06-08T09:08:31Z</time>
    <extensions>
     <gpxtpx:TrackPointExtension>
      <gpxtpx:atemp>30</gpxtpx:atemp>
     </gpxtpx:TrackPointExtension>
    </extensions>
   </trkpt>
   <trkpt lat="48.2185000" lon="16.4011540">
    <ele>173.4</ele>
    <time>2024-06-08T09:08:33Z</time>
    <extensions>
     <gpxtpx:TrackPointExtension>
      <gpxtpx:atemp>30</gpxtpx:atemp>
     </gpxtpx:TrackPointExtension>
    </extensions>
   </trkpt>
   <trkpt lat="48.2185610" lon="16.4011060">
    <ele>173.4</ele>
    <time>2024-06-08T09:08:36Z</time>
    <extensions>
     <gpxtpx:TrackPointExtension>
      <gpxtpx:atemp>30</gpxtpx:atemp>
     </gpxtpx:TrackPointExtension>
    </extensions>
   </trkpt>
   <trkpt lat="48.2186080" lon="16.4011140">
    <ele>173.4</ele>
    <time>2024-06-08T09:08:37Z</time>
    <extensions>
     <gpxtpx:TrackPointExtension>
      <gpxtpx:atemp>30</gpxtpx:atemp>
     </gpxtpx:TrackPointExtension>
    </extensions>
   </trkpt>
   <trkpt lat="48.2187220" lon="16.4010940">
    <ele>173.4</ele>
    <time>2024-06-08T09:08:40Z</time>
    <extensions>
     <gpxtpx:TrackPointExtension>
      <gpxtpx:atemp>30</gpxtpx:atemp>
     </gpxtpx:TrackPointExtension>
    </extensions>
   </trkpt>
   <trkpt lat="48.2187520" lon="16.4010590">
    <ele>173.4</ele>
    <time>2024-06-08T09:08:41Z</time>
    <extensions>
     <gpxtpx:TrackPointExtension>
      <gpxtpx:atemp>30</gpxtpx:atemp>
     </gpxtpx:TrackPointExtension>
    </extensions>
   </trkpt>
   <trkpt lat="48.2187910" lon="16.4008440">
    <ele>173.4</ele>
    <time>2024-06-08T09:08:45Z</time>
    <extensions>
     <gpxtpx:TrackPointExtension>
      <gpxtpx:atemp>30</gpxtpx:atemp>
     </gpxtpx:TrackPointExtension>
    </extensions>
   </trkpt>
   <trkpt lat="48.2188320" lon="16.4007230">
    <ele>173.4</ele>
    <time>2024-06-08T09:08:47Z</time>
    <extensions>
     <gpxtpx:TrackPointExtension>
      <gpxtpx:atemp>30</gpxtpx:atemp>
     </gpxtpx:TrackPointExtension>
    </extensions>
   </trkpt>
   <trkpt lat="48.2188530" lon="16.4004470">
    <ele>173.2</ele>
    <time>2024-06-08T09:08:51Z</time>
    <extensions>
     <gpxtpx:TrackPointExtension>
      <gpxtpx:atemp>30</gpxtpx:atemp>
     </gpxtpx:TrackPointExtension>
    </extensions>
   </trkpt>
   <trkpt lat="48.2188970" lon="16.3998860">
    <ele>173.2</ele>
    <time>2024-06-08T09:09:00Z</time>
    <extensions>
     <gpxtpx:TrackPointExtension>
      <gpxtpx:atemp>30</gpxtpx:atemp>
     </gpxtpx:TrackPointExtension>
    </extensions>
   </trkpt>
   <trkpt lat="48.2188920" lon="16.3996370">
    <ele>173.2</ele>
    <time>2024-06-08T09:09:04Z</time>
    <extensions>
     <gpxtpx:TrackPointExtension>
      <gpxtpx:atemp>30</gpxtpx:atemp>
     </gpxtpx:TrackPointExtension>
    </extensions>
   </trkpt>
   <trkpt lat="48.2189010" lon="16.3995000">
    <ele>173.2</ele>
    <time>2024-06-08T09:09:07Z</time>
    <extensions>
     <gpxtpx:TrackPointExtension>
      <gpxtpx:atemp>30</gpxtpx:atemp>
     </gpxtpx:TrackPointExtension>
    </extensions>
   </trkpt>
   <trkpt lat="48.2188930" lon="16.3992450">
    <ele>173.2</ele>
    <time>2024-06-08T09:09:13Z</time>
    <extensions>
     <gpxtpx:TrackPointExtension>
      <gpxtpx:atemp>30</gpxtpx:atemp>
     </gpxtpx:TrackPointExtension>
    </extensions>
   </trkpt>
   <trkpt lat="48.2188570" lon="16.3990330">
    <ele>173.2</ele>
    <time>2024-06-08T09:09:19Z</time>
    <extensions>
     <gpxtpx:TrackPointExtension>
      <gpxtpx:atemp>30</gpxtpx:atemp>
     </gpxtpx:TrackPointExtension>
    </extensions>
   </trkpt>
   <trkpt lat="48.2188660" lon="16.3987760">
    <ele>173.4</ele>
    <time>2024-06-08T09:09:25Z</time>
    <extensions>
     <gpxtpx:TrackPointExtension>
      <gpxtpx:atemp>30</gpxtpx:atemp>
     </gpxtpx:TrackPointExtension>
    </extensions>
   </trkpt>
   <trkpt lat="48.2188900" lon="16.3984440">
    <ele>173.4</ele>
    <time>2024-06-08T09:09:31Z</time>
    <extensions>
     <gpxtpx:TrackPointExtension>
      <gpxtpx:atemp>30</gpxtpx:atemp>
     </gpxtpx:TrackPointExtension>
    </extensions>
   </trkpt>
   <trkpt lat="48.2189160" lon="16.3981710">
    <ele>173.6</ele>
    <time>2024-06-08T09:09:37Z</time>
    <extensions>
     <gpxtpx:TrackPointExtension>
      <gpxtpx:atemp>30</gpxtpx:atemp>
     </gpxtpx:TrackPointExtension>
    </extensions>
   </trkpt>
   <trkpt lat="48.2189070" lon="16.3981240">
    <ele>173.6</ele>
    <time>2024-06-08T09:09:40Z</time>
    <extensions>
     <gpxtpx:TrackPointExtension>
      <gpxtpx:atemp>30</gpxtpx:atemp>
     </gpxtpx:TrackPointExtension>
    </extensions>
   </trkpt>
   <trkpt lat="48.2189060" lon="16.3981160">
    <ele>173.6</ele>
    <time>2024-06-08T09:09:41Z</time>
    <extensions>
     <gpxtpx:TrackPointExtension>
      <gpxtpx:atemp>30</gpxtpx:atemp>
     </gpxtpx:TrackPointExtension>
    </extensions>
   </trkpt>
   <trkpt lat="48.2190220" lon="16.3980700">
    <ele>173.8</ele>
    <time>2024-06-08T09:09:47Z</time>
    <extensions>
     <gpxtpx:TrackPointExtension>
      <gpxtpx:atemp>30</gpxtpx:atemp>
     </gpxtpx:TrackPointExtension>
    </extensions>
   </trkpt>
   <trkpt lat="48.2191890" lon="16.3980670">
    <ele>173.8</ele>
    <time>2024-06-08T09:09:53Z</time>
    <extensions>
     <gpxtpx:TrackPointExtension>
      <gpxtpx:atemp>30</gpxtpx:atemp>
     </gpxtpx:TrackPointExtension>
    </extensions>
   </trkpt>
   <trkpt lat="48.2193620" lon="16.3980390">
    <ele>173.6</ele>
    <time>2024-06-08T09:09:58Z</time>
    <extensions>
     <gpxtpx:TrackPointExtension>
      <gpxtpx:atemp>30</gpxtpx:atemp>
     </gpxtpx:TrackPointExtension>
    </extensions>
   </trkpt>
   <trkpt lat="48.2196120" lon="16.3980050">
    <ele>173.4</ele>
    <time>2024-06-08T09:10:04Z</time>
    <extensions>
     <gpxtpx:TrackPointExtension>
      <gpxtpx:atemp>30</gpxtpx:atemp>
     </gpxtpx:TrackPointExtension>
    </extensions>
   </trkpt>
   <trkpt lat="48.2196730" lon="16.3980470">
    <ele>173.2</ele>
    <time>2024-06-08T09:10:06Z</time>
    <extensions>
     <gpxtpx:TrackPointExtension>
      <gpxtpx:atemp>30</gpxtpx:atemp>
     </gpxtpx:TrackPointExtension>
    </extensions>
   </trkpt>
   <trkpt lat="48.2197060" lon="16.3981240">
    <ele>173.2</ele>
    <time>2024-06-08T09:10:08Z</time>
    <extensions>
     <gpxtpx:TrackPointExtension>
      <gpxtpx:atemp>30</gpxtpx:atemp>
     </gpxtpx:TrackPointExtension>
    </extensions>
   </trkpt>
   <trkpt lat="48.2197980" lon="16.3983630">
    <ele>173.4</ele>
    <time>2024-06-08T09:10:13Z</time>
    <extensions>
     <gpxtpx:TrackPointExtension>
      <gpxtpx:atemp>30</gpxtpx:atemp>
     </gpxtpx:TrackPointExtension>
    </extensions>
   </trkpt>
   <trkpt lat="48.2199130" lon="16.3986480">
    <ele>173.6</ele>
    <time>2024-06-08T09:10:19Z</time>
    <extensions>
     <gpxtpx:TrackPointExtension>
      <gpxtpx:atemp>30</gpxtpx:atemp>
     </gpxtpx:TrackPointExtension>
    </extensions>
   </trkpt>
   <trkpt lat="48.2199430" lon="16.3987820">
    <ele>173.6</ele>
    <time>2024-06-08T09:10:23Z</time>
    <extensions>
     <gpxtpx:TrackPointExtension>
      <gpxtpx:atemp>30</gpxtpx:atemp>
     </gpxtpx:TrackPointExtension>
    </extensions>
   </trkpt>
   <trkpt lat="48.2199370" lon="16.3988040">
    <ele>173.8</ele>
    <time>2024-06-08T09:10:26Z</time>
    <extensions>
     <gpxtpx:TrackPointExtension>
      <gpxtpx:atemp>30</gpxtpx:atemp>
     </gpxtpx:TrackPointExtension>
    </extensions>
   </trkpt>
   <trkpt lat="48.2199340" lon="16.3988090">
    <ele>174.4</ele>
    <time>2024-06-08T09:11:49Z</time>
    <extensions>
     <gpxtpx:TrackPointExtension>
      <gpxtpx:atemp>30</gpxtpx:atemp>
     </gpxtpx:TrackPointExtension>
    </extensions>
   </trkpt>
   <trkpt lat="48.2199230" lon="16.3987430">
    <ele>174.4</ele>
    <time>2024-06-08T09:11:51Z</time>
    <extensions>
     <gpxtpx:TrackPointExtension>
      <gpxtpx:atemp>30</gpxtpx:atemp>
     </gpxtpx:TrackPointExtension>
    </extensions>
   </trkpt>
   <trkpt lat="48.2198920" lon="16.3985400">
    <ele>174.2</ele>
    <time>2024-06-08T09:11:57Z</time>
    <extensions>
     <gpxtpx:TrackPointExtension>
      <gpxtpx:atemp>30</gpxtpx:atemp>
     </gpxtpx:TrackPointExtension>
    </extensions>
   </trkpt>
   <trkpt lat="48.2198590" lon="16.3983120">
    <ele>174.0</ele>
    <time>2024-06-08T09:12:03Z</time>
    <extensions>
     <gpxtpx:TrackPointExtension>
      <gpxtpx:atemp>29</gpxtpx:atemp>
     </gpxtpx:TrackPointExtension>
    </extensions>
   </trkpt>
   <trkpt lat="48.2197640" lon="16.3980520">
    <ele>173.8</ele>
    <time>2024-06-08T09:12:10Z</time>
    <extensions>
     <gpxtpx:TrackPointExtension>
      <gpxtpx:atemp>29</gpxtpx:atemp>
     </gpxtpx:TrackPointExtension>
    </extensions>
   </trkpt>
   <trkpt lat="48.2196960" lon="16.3977840">
    <ele>173.8</ele>
    <time>2024-06-08T09:12:16Z</time>
    <extensions>
     <gpxtpx:TrackPointExtension>
      <gpxtpx:atemp>29</gpxtpx:atemp>
     </gpxtpx:TrackPointExtension>
    </extensions>
   </trkpt>
   <trkpt lat="48.2196530" lon="16.3975350">
    <ele>173.8</ele>
    <time>2024-06-08T09:12:20Z</time>
    <extensions>
     <gpxtpx:TrackPointExtension>
      <gpxtpx:atemp>29</gpxtpx:atemp>
     </gpxtpx:TrackPointExtension>
    </extensions>
   </trkpt>
   <trkpt lat="48.2196470" lon="16.3974690">
    <ele>173.6</ele>
    <time>2024-06-08T09:12:21Z</time>
    <extensions>
     <gpxtpx:TrackPointExtension>
      <gpxtpx:atemp>29</gpxtpx:atemp>
     </gpxtpx:TrackPointExtension>
    </extensions>
   </trkpt>
   <trkpt lat="48.2196010" lon="16.3971760">
    <ele>173.4</ele>
    <time>2024-06-08T09:12:25Z</time>
    <extensions>
     <gpxtpx:TrackPointExtension>
      <gpxtpx:atemp>29</gpxtpx:atemp>
     </gpxtpx:TrackPointExtension>
    </extensions>
   </trkpt>
   <trkpt lat="48.2195650" lon="16.3970250">
    <ele>173.4</ele>
    <time>2024-06-08T09:12:28Z</time>
    <extensions>
     <gpxtpx:TrackPointExtension>
      <gpxtpx:atemp>29</gpxtpx:atemp>
     </gpxtpx:TrackPointExtension>
    </extensions>
   </trkpt>
   <trkpt lat="48.2195490" lon="16.3969980">
    <ele>173.4</ele>
    <time>2024-06-08T09:12:29Z</time>
    <extensions>
     <gpxtpx:TrackPointExtension>
      <gpxtpx:atemp>29</gpxtpx:atemp>
     </gpxtpx:TrackPointExtension>
    </extensions>
   </trkpt>
   <trkpt lat="48.2195320" lon="16.3969810">
    <ele>173.4</ele>
    <time>2024-06-08T09:12:30Z</time>
    <extensions>
     <gpxtpx:TrackPointExtension>
      <gpxtpx:atemp>29</gpxtpx:atemp>
     </gpxtpx:TrackPointExtension>
    </extensions>
   </trkpt>
   <trkpt lat="48.2195000" lon="16.3969850">
    <ele>173.6</ele>
    <time>2024-06-08T09:12:33Z</time>
    <extensions>
     <gpxtpx:TrackPointExtension>
      <gpxtpx:atemp>29</gpxtpx:atemp>
     </gpxtpx:TrackPointExtension>
    </extensions>
   </trkpt>
   <trkpt lat="48.2194990" lon="16.3969850">
    <ele>173.8</ele>
    <time>2024-06-08T09:12:35Z</time>
    <extensions>
     <gpxtpx:TrackPointExtension>
      <gpxtpx:atemp>29</gpxtpx:atemp>
     </gpxtpx:TrackPointExtension>
    </extensions>
   </trkpt>
   <trkpt lat="48.2194530" lon="16.3969430">
    <ele>174.4</ele>
    <time>2024-06-08T09:13:05Z</time>
    <extensions>
     <gpxtpx:TrackPointExtension>
      <gpxtpx:atemp>30</gpxtpx:atemp>
     </gpxtpx:TrackPointExtension>
    </extensions>
   </trkpt>
   <trkpt lat="48.2194350" lon="16.3969340">
    <ele>174.4</ele>
    <time>2024-06-08T09:13:06Z</time>
    <extensions>
     <gpxtpx:TrackPointExtension>
      <gpxtpx:atemp>30</gpxtpx:atemp>
     </gpxtpx:TrackPointExtension>
    </extensions>
   </trkpt>
   <trkpt lat="48.2192940" lon="16.3969380">
    <ele>174.2</ele>
    <time>2024-06-08T09:13:11Z</time>
    <extensions>
     <gpxtpx:TrackPointExtension>
      <gpxtpx:atemp>30</gpxtpx:atemp>
     </gpxtpx:TrackPointExtension>
    </extensions>
   </trkpt>
   <trkpt lat="48.2190580" lon="16.3970520">
    <ele>173.6</ele>
    <time>2024-06-08T09:13:18Z</time>
    <extensions>
     <gpxtpx:TrackPointExtension>
      <gpxtpx:atemp>30</gpxtpx:atemp>
     </gpxtpx:TrackPointExtension>
    </extensions>
   </trkpt>
   <trkpt lat="48.2189130" lon="16.3971460">
    <ele>173.6</ele>
    <time>2024-06-08T09:13:24Z</time>
    <extensions>
     <gpxtpx:TrackPointExtension>
      <gpxtpx:atemp>30</gpxtpx:atemp>
     </gpxtpx:TrackPointExtension>
    </extensions>
   </trkpt>
   <trkpt lat="48.2188910" lon="16.3971860">
    <ele>173.6</ele>
    <time>2024-06-08T09:13:27Z</time>
    <extensions>
     <gpxtpx:TrackPointExtension>
      <gpxtpx:atemp>30</gpxtpx:atemp>
     </gpxtpx:TrackPointExtension>
    </extensions>
   </trkpt>
   <trkpt lat="48.2188970" lon="16.3972120">
    <ele>173.6</ele>
    <time>2024-06-08T09:13:29Z</time>
    <extensions>
     <gpxtpx:TrackPointExtension>
      <gpxtpx:atemp>30</gpxtpx:atemp>
     </gpxtpx:TrackPointExtension>
    </extensions>
   </trkpt>
   <trkpt lat="48.2189060" lon="16.3972390">
    <ele>173.6</ele>
    <time>2024-06-08T09:13:34Z</time>
    <extensions>
     <gpxtpx:TrackPointExtension>
      <gpxtpx:atemp>30</gpxtpx:atemp>
     </gpxtpx:TrackPointExtension>
    </extensions>
   </trkpt>
   <trkpt lat="48.2188490" lon="16.3970940">
    <ele>175.2</ele>
    <time>2024-06-08T09:30:22Z</time>
    <extensions>
     <gpxtpx:TrackPointExtension>
      <gpxtpx:atemp>28</gpxtpx:atemp>
     </gpxtpx:TrackPointExtension>
    </extensions>
   </trkpt>
   <trkpt lat="48.2188240" lon="16.3970630">
    <ele>175.2</ele>
    <time>2024-06-08T09:30:24Z</time>
    <extensions>
     <gpxtpx:TrackPointExtension>
      <gpxtpx:atemp>28</gpxtpx:atemp>
     </gpxtpx:TrackPointExtension>
    </extensions>
   </trkpt>
   <trkpt lat="48.2187420" lon="16.3970130">
    <ele>174.8</ele>
    <time>2024-06-08T09:30:28Z</time>
    <extensions>
     <gpxtpx:TrackPointExtension>
      <gpxtpx:atemp>28</gpxtpx:atemp>
     </gpxtpx:TrackPointExtension>
    </extensions>
   </trkpt>
   <trkpt lat="48.2187120" lon="16.3970140">
    <ele>174.6</ele>
    <time>2024-06-08T09:30:29Z</time>
    <extensions>
     <gpxtpx:TrackPointExtension>
      <gpxtpx:atemp>28</gpxtpx:atemp>
     </gpxtpx:TrackPointExtension>
    </extensions>
   </trkpt>
   <trkpt lat="48.2184530" lon="16.3970100">
    <ele>174.2</ele>
    <time>2024-06-08T09:30:36Z</time>
    <extensions>
     <gpxtpx:TrackPointExtension>
      <gpxtpx:atemp>28</gpxtpx:atemp>
     </gpxtpx:TrackPointExtension>
    </extensions>
   </trkpt>
   <trkpt lat="48.2183370" lon="16.3970100">
    <ele>173.8</ele>
    <time>2024-06-08T09:30:39Z</time>
    <extensions>
     <gpxtpx:TrackPointExtension>
      <gpxtpx:atemp>28</gpxtpx:atemp>
     </gpxtpx:TrackPointExtension>
    </extensions>
   </trkpt>
   <trkpt lat="48.2181960" lon="16.3970180">
    <ele>173.4</ele>
    <time>2024-06-08T09:30:43Z</time>
    <extensions>
     <gpxtpx:TrackPointExtension>
      <gpxtpx:atemp>28</gpxtpx:atemp>
     </gpxtpx:TrackPointExtension>
    </extensions>
   </trkpt>
   <trkpt lat="48.2180580" lon="16.3970070">
    <ele>173.4</ele>
    <time>2024-06-08T09:30:48Z</time>
    <extensions>
     <gpxtpx:TrackPointExtension>
      <gpxtpx:atemp>28</gpxtpx:atemp>
     </gpxtpx:TrackPointExtension>
    </extensions>
   </trkpt>
   <trkpt lat="48.2180260" lon="16.3969700">
    <ele>173.2</ele>
    <time>2024-06-08T09:30:51Z</time>
    <extensions>
     <gpxtpx:TrackPointExtension>
      <gpxtpx:atemp>28</gpxtpx:atemp>
     </gpxtpx:TrackPointExtension>
    </extensions>
   </trkpt>
   <trkpt lat="48.2180260" lon="16.3969650">
    <ele>173.2</ele>
    <time>2024-06-08T09:30:52Z</time>
    <extensions>
     <gpxtpx:TrackPointExtension>
      <gpxtpx:atemp>28</gpxtpx:atemp>
     </gpxtpx:TrackPointExtension>
    </extensions>
   </trkpt>
   <trkpt lat="48.2180260" lon="16.3969660">
    <ele>173.4</ele>
    <time>2024-06-08T09:30:53Z</time>
    <extensions>
     <gpxtpx:TrackPointExtension>
      <gpxtpx:atemp>28</gpxtpx:atemp>
     </gpxtpx:TrackPointExtension>
    </extensions>
   </trkpt>
   <trkpt lat="48.2180660" lon="16.3969260">
    <ele>173.6</ele>
    <time>2024-06-08T09:31:18Z</time>
    <extensions>
     <gpxtpx:TrackPointExtension>
      <gpxtpx:atemp>28</gpxtpx:atemp>
     </gpxtpx:TrackPointExtension>
    </extensions>
   </trkpt>
   <trkpt lat="48.2181060" lon="16.3969480">
    <ele>173.6</ele>
    <time>2024-06-08T09:31:20Z</time>
    <extensions>
     <gpxtpx:TrackPointExtension>
      <gpxtpx:atemp>28</gpxtpx:atemp>
     </gpxtpx:TrackPointExtension>
    </extensions>
   </trkpt>
   <trkpt lat="48.2182000" lon="16.3970190">
    <ele>173.4</ele>
    <time>2024-06-08T09:31:26Z</time>
    <extensions>
     <gpxtpx:TrackPointExtension>
      <gpxtpx:atemp>28</gpxtpx:atemp>
     </gpxtpx:TrackPointExtension>
    </extensions>
   </trkpt>
   <trkpt lat="48.2183560" lon="16.3970800">
    <ele>173.4</ele>
    <time>2024-06-08T09:31:32Z</time>
    <extensions>
     <gpxtpx:TrackPointExtension>
      <gpxtpx:atemp>29</gpxtpx:atemp>
     </gpxtpx:TrackPointExtension>
    </extensions>
   </trkpt>
   <trkpt lat="48.2186130" lon="16.3971070">
    <ele>173.8</ele>
    <time>2024-06-08T09:31:38Z</time>
    <extensions>
     <gpxtpx:TrackPointExtension>
      <gpxtpx:atemp>29</gpxtpx:atemp>
     </gpxtpx:TrackPointExtension>
    </extensions>
   </trkpt>
   <trkpt lat="48.2186560" lon="16.3971070">
    <ele>173.8</ele>
    <time>2024-06-08T09:31:39Z</time>
    <extensions>
     <gpxtpx:TrackPointExtension>
      <gpxtpx:atemp>29</gpxtpx:atemp>
     </gpxtpx:TrackPointExtension>
    </extensions>
   </trkpt>
   <trkpt lat="48.2189620" lon="16.3970740">
    <ele>173.8</ele>
    <time>2024-06-08T09:31:46Z</time>
    <extensions>
     <gpxtpx:TrackPointExtension>
      <gpxtpx:atemp>29</gpxtpx:atemp>
     </gpxtpx:TrackPointExtension>
    </extensions>
   </trkpt>
   <trkpt lat="48.2190010" lon="16.3970550">
    <ele>173.8</ele>
    <time>2024-06-08T09:31:47Z</time>
    <extensions>
     <gpxtpx:TrackPointExtension>
      <gpxtpx:atemp>29</gpxtpx:atemp>
     </gpxtpx:TrackPointExtension>
    </extensions>
   </trkpt>
   <trkpt lat="48.2194800" lon="16.3968300">
    <ele>173.4</ele>
    <time>2024-06-08T09:31:59Z</time>
    <extensions>
     <gpxtpx:TrackPointExtension>
      <gpxtpx:atemp>29</gpxtpx:atemp>
     </gpxtpx:TrackPointExtension>
    </extensions>
   </trkpt>
   <trkpt lat="48.2197180" lon="16.3967090">
    <ele>173.4</ele>
    <time>2024-06-08T09:32:05Z</time>
    <extensions>
     <gpxtpx:TrackPointExtension>
      <gpxtpx:atemp>29</gpxtpx:atemp>
     </gpxtpx:TrackPointExtension>
    </extensions>
   </trkpt>
   <trkpt lat="48.2199430" lon="16.3965920">
    <ele>173.6</ele>
    <time>2024-06-08T09:32:10Z</time>
    <extensions>
     <gpxtpx:TrackPointExtension>
      <gpxtpx:atemp>29</gpxtpx:atemp>
     </gpxtpx:TrackPointExtension>
    </extensions>
   </trkpt>
   <trkpt lat="48.2201920" lon="16.3963760">
    <ele>173.8</ele>
    <time>2024-06-08T09:32:17Z</time>
    <extensions>
     <gpxtpx:TrackPointExtension>
      <gpxtpx:atemp>29</gpxtpx:atemp>
     </gpxtpx:TrackPointExtension>
    </extensions>
   </trkpt>
   <trkpt lat="48.2202290" lon="16.3963240">
    <ele>173.8</ele>
    <time>2024-06-08T09:32:18Z</time>
    <extensions>
     <gpxtpx:TrackPointExtension>
      <gpxtpx:atemp>29</gpxtpx:atemp>
     </gpxtpx:TrackPointExtension>
    </extensions>
   </trkpt>
   <trkpt lat="48.2202880" lon="16.3962370">
    <ele>174.0</ele>
    <time>2024-06-08T09:32:20Z</time>
    <extensions>
     <gpxtpx:TrackPointExtension>
      <gpxtpx:atemp>29</gpxtpx:atemp>
     </gpxtpx:TrackPointExtension>
    </extensions>
   </trkpt>
   <trkpt lat="48.2203600" lon="16.3961740">
    <ele>174.0</ele>
    <time>2024-06-08T09:32:22Z</time>
    <extensions>
     <gpxtpx:TrackPointExtension>
      <gpxtpx:atemp>30</gpxtpx:atemp>
     </gpxtpx:TrackPointExtension>
    </extensions>
   </trkpt>
   <trkpt lat="48.2206110" lon="16.3959010">
    <ele>174.0</ele>
    <time>2024-06-08T09:32:30Z</time>
    <extensions>
     <gpxtpx:TrackPointExtension>
      <gpxtpx:atemp>30</gpxtpx:atemp>
     </gpxtpx:TrackPointExtension>
    </extensions>
   </trkpt>
   <trkpt lat="48.2206360" lon="16.3958820">
    <ele>174.0</ele>
    <time>2024-06-08T09:32:31Z</time>
    <extensions>
     <gpxtpx:TrackPointExtension>
      <gpxtpx:atemp>30</gpxtpx:atemp>
     </gpxtpx:TrackPointExtension>
    </extensions>
   </trkpt>
   <trkpt lat="48.2206630" lon="16.3958730">
    <ele>174.0</ele>
    <time>2024-06-08T09:32:32Z</time>
    <extensions>
     <gpxtpx:TrackPointExtension>
      <gpxtpx:atemp>30</gpxtpx:atemp>
     </gpxtpx:TrackPointExtension>
    </extensions>
   </trkpt>
   <trkpt lat="48.2207200" lon="16.3959100">
    <ele>174.0</ele>
    <time>2024-06-08T09:32:34Z</time>
    <extensions>
     <gpxtpx:TrackPointExtension>
      <gpxtpx:atemp>30</gpxtpx:atemp>
     </gpxtpx:TrackPointExtension>
    </extensions>
   </trkpt>
   <trkpt lat="48.2208600" lon="16.3961440">
    <ele>174.2</ele>
    <time>2024-06-08T09:32:39Z</time>
    <extensions>
     <gpxtpx:TrackPointExtension>
      <gpxtpx:atemp>30</gpxtpx:atemp>
     </gpxtpx:TrackPointExtension>
    </extensions>
   </trkpt>
   <trkpt lat="48.2209790" lon="16.3963580">
    <ele>174.4</ele>
    <time>2024-06-08T09:32:43Z</time>
    <extensions>
     <gpxtpx:TrackPointExtension>
      <gpxtpx:atemp>30</gpxtpx:atemp>
     </gpxtpx:TrackPointExtension>
    </extensions>
   </trkpt>
   <trkpt lat="48.2210090" lon="16.3964120">
    <ele>174.4</ele>
    <time>2024-06-08T09:32:44Z</time>
    <extensions>
     <gpxtpx:TrackPointExtension>
      <gpxtpx:atemp>30</gpxtpx:atemp>
     </gpxtpx:TrackPointExtension>
    </extensions>
   </trkpt>
   <trkpt lat="48.2210700" lon="16.3965250">
    <ele>174.4</ele>
    <time>2024-06-08T09:32:46Z</time>
    <extensions>
     <gpxtpx:TrackPointExtension>
      <gpxtpx:atemp>30</gpxtpx:atemp>
     </gpxtpx:TrackPointExtension>
    </extensions>
   </trkpt>
   <trkpt lat="48.2211280" lon="16.3966360">
    <ele>174.4</ele>
    <time>2024-06-08T09:32:48Z</time>
    <extensions>
     <gpxtpx:TrackPointExtension>
      <gpxtpx:atemp>30</gpxtpx:atemp>
     </gpxtpx:TrackPointExtension>
    </extensions>
   </trkpt>
   <trkpt lat="48.2211470" lon="16.3967010">
    <ele>174.4</ele>
    <time>2024-06-08T09:32:49Z</time>
    <extensions>
     <gpxtpx:TrackPointExtension>
      <gpxtpx:atemp>30</gpxtpx:atemp>
     </gpxtpx:TrackPointExtension>
    </extensions>
   </trkpt>
   <trkpt lat="48.2211900" lon="16.3968300">
    <ele>174.4</ele>
    <time>2024-06-08T09:32:51Z</time>
    <extensions>
     <gpxtpx:TrackPointExtension>
      <gpxtpx:atemp>30</gpxtpx:atemp>
     </gpxtpx:TrackPointExtension>
    </extensions>
   </trkpt>
   <trkpt lat="48.2212880" lon="16.3969910">
    <ele>174.4</ele>
    <time>2024-06-08T09:32:54Z</time>
    <extensions>
     <gpxtpx:TrackPointExtension>
      <gpxtpx:atemp>30</gpxtpx:atemp>
     </gpxtpx:TrackPointExtension>
    </extensions>
   </trkpt>
   <trkpt lat="48.2213270" lon="16.3970380">
    <ele>174.4</ele>
    <time>2024-06-08T09:32:55Z</time>
    <extensions>
     <gpxtpx:TrackPointExtension>
      <gpxtpx:atemp>30</gpxtpx:atemp>
     </gpxtpx:TrackPointExtension>
    </extensions>
   </trkpt>
   <trkpt lat="48.2214350" lon="16.3971930">
    <ele>174.4</ele>
    <time>2024-06-08T09:32:58Z</time>
    <extensions>
     <gpxtpx:TrackPointExtension>
      <gpxtpx:atemp>30</gpxtpx:atemp>
     </gpxtpx:TrackPointExtension>
    </extensions>
   </trkpt>
   <trkpt lat="48.2214810" lon="16.3972580">
    <ele>174.4</ele>
    <time>2024-06-08T09:32:59Z</time>
    <extensions>
     <gpxtpx:TrackPointExtension>
      <gpxtpx:atemp>30</gpxtpx:atemp>
     </gpxtpx:TrackPointExtension>
    </extensions>
   </trkpt>
   <trkpt lat="48.2217420" lon="16.3976990">
    <ele>174.4</ele>
    <time>2024-06-08T09:33:07Z</time>
    <extensions>
     <gpxtpx:TrackPointExtension>
      <gpxtpx:atemp>30</gpxtpx:atemp>
     </gpxtpx:TrackPointExtension>
    </extensions>
   </trkpt>
   <trkpt lat="48.2218820" lon="16.3979460">
    <ele>174.2</ele>
    <time>2024-06-08T09:33:12Z</time>
    <extensions>
     <gpxtpx:TrackPointExtension>
      <gpxtpx:atemp>30</gpxtpx:atemp>
     </gpxtpx:TrackPointExtension>
    </extensions>
   </trkpt>
   <trkpt lat="48.2219280" lon="16.3980410">
    <ele>174.2</ele>
    <time>2024-06-08T09:33:14Z</time>
    <extensions>
     <gpxtpx:TrackPointExtension>
      <gpxtpx:atemp>30</gpxtpx:atemp>
     </gpxtpx:TrackPointExtension>
    </extensions>
   </trkpt>
   <trkpt lat="48.2221080" lon="16.3983870">
    <ele>174.2</ele>
    <time>2024-06-08T09:33:20Z</time>
    <extensions>
     <gpxtpx:TrackPointExtension>
      <gpxtpx:atemp>30</gpxtpx:atemp>
     </gpxtpx:TrackPointExtension>
    </extensions>
   </trkpt>
   <trkpt lat="48.2221380" lon="16.3984370">
    <ele>174.2</ele>
    <time>2024-06-08T09:33:21Z</time>
    <extensions>
     <gpxtpx:TrackPointExtension>
      <gpxtpx:atemp>30</gpxtpx:atemp>
     </gpxtpx:TrackPointExtension>
    </extensions>
   </trkpt>
   <trkpt lat="48.2222280" lon="16.3986230">
    <ele>174.2</ele>
    <time>2024-06-08T09:33:25Z</time>
    <extensions>
     <gpxtpx:TrackPointExtension>
      <gpxtpx:atemp>30</gpxtpx:atemp>
     </gpxtpx:TrackPointExtension>
    </extensions>
   </trkpt>
   <trkpt lat="48.2222750" lon="16.3987160">
    <ele>174.6</ele>
    <time>2024-06-08T09:33:30Z</time>
    <extensions>
     <gpxtpx:TrackPointExtension>
      <gpxtpx:atemp>30</gpxtpx:atemp>
     </gpxtpx:TrackPointExtension>
    </extensions>
   </trkpt>
   <trkpt lat="48.2222750" lon="16.3987160">
    <ele>174.6</ele>
    <time>2024-06-08T09:33:31Z</time>
    <extensions>
     <gpxtpx:TrackPointExtension>
      <gpxtpx:atemp>30</gpxtpx:atemp>
     </gpxtpx:TrackPointExtension>
    </extensions>
   </trkpt>
   <trkpt lat="48.2223360" lon="16.3988230">
    <ele>175.2</ele>
    <time>2024-06-08T09:33:37Z</time>
    <extensions>
     <gpxtpx:TrackPointExtension>
      <gpxtpx:atemp>30</gpxtpx:atemp>
     </gpxtpx:TrackPointExtension>
    </extensions>
   </trkpt>
   <trkpt lat="48.2223750" lon="16.3988920">
    <ele>175.2</ele>
    <time>2024-06-08T09:33:39Z</time>
    <extensions>
     <gpxtpx:TrackPointExtension>
      <gpxtpx:atemp>30</gpxtpx:atemp>
     </gpxtpx:TrackPointExtension>
    </extensions>
   </trkpt>
   <trkpt lat="48.2224560" lon="16.3991010">
    <ele>175.2</ele>
    <time>2024-06-08T09:33:43Z</time>
    <extensions>
     <gpxtpx:TrackPointExtension>
      <gpxtpx:atemp>30</gpxtpx:atemp>
     </gpxtpx:TrackPointExtension>
    </extensions>
   </trkpt>
   <trkpt lat="48.2224770" lon="16.3991460">
    <ele>175.2</ele>
    <time>2024-06-08T09:33:44Z</time>
    <extensions>
     <gpxtpx:TrackPointExtension>
      <gpxtpx:atemp>30</gpxtpx:atemp>
     </gpxtpx:TrackPointExtension>
    </extensions>
   </trkpt>
   <trkpt lat="48.2225200" lon="16.3992210">
    <ele>175.0</ele>
    <time>2024-06-08T09:33:45Z</time>
    <extensions>
     <gpxtpx:TrackPointExtension>
      <gpxtpx:atemp>30</gpxtpx:atemp>
     </gpxtpx:TrackPointExtension>
    </extensions>
   </trkpt>
   <trkpt lat="48.2225810" lon="16.3993230">
    <ele>174.6</ele>
    <time>2024-06-08T09:33:47Z</time>
    <extensions>
     <gpxtpx:TrackPointExtension>
      <gpxtpx:atemp>30</gpxtpx:atemp>
     </gpxtpx:TrackPointExtension>
    </extensions>
   </trkpt>
   <trkpt lat="48.2226150" lon="16.3993820">
    <ele>174.6</ele>
    <time>2024-06-08T09:33:48Z</time>
    <extensions>
     <gpxtpx:TrackPointExtension>
      <gpxtpx:atemp>30</gpxtpx:atemp>
     </gpxtpx:TrackPointExtension>
    </extensions>
   </trkpt>
   <trkpt lat="48.2226380" lon="16.3994210">
    <ele>174.6</ele>
    <time>2024-06-08T09:33:49Z</time>
    <extensions>
     <gpxtpx:TrackPointExtension>
      <gpxtpx:atemp>30</gpxtpx:atemp>
     </gpxtpx:TrackPointExtension>
    </extensions>
   </trkpt>
   <trkpt lat="48.2226910" lon="16.3995160">
    <ele>174.6</ele>
    <time>2024-06-08T09:33:51Z</time>
    <extensions>
     <gpxtpx:TrackPointExtension>
      <gpxtpx:atemp>30</gpxtpx:atemp>
     </gpxtpx:TrackPointExtension>
    </extensions>
   </trkpt>
   <trkpt lat="48.2227210" lon="16.3995730">
    <ele>174.4</ele>
    <time>2024-06-08T09:33:52Z</time>
    <extensions>
     <gpxtpx:TrackPointExtension>
      <gpxtpx:atemp>30</gpxtpx:atemp>
     </gpxtpx:TrackPointExtension>
    </extensions>
   </trkpt>
   <trkpt lat="48.2227620" lon="16.3996360">
    <ele>174.4</ele>
    <time>2024-06-08T09:33:53Z</time>
    <extensions>
     <gpxtpx:TrackPointExtension>
      <gpxtpx:atemp>30</gpxtpx:atemp>
     </gpxtpx:TrackPointExtension>
    </extensions>
   </trkpt>
   <trkpt lat="48.2228950" lon="16.3998930">
    <ele>174.4</ele>
    <time>2024-06-08T09:33:58Z</time>
    <extensions>
     <gpxtpx:TrackPointExtension>
      <gpxtpx:atemp>30</gpxtpx:atemp>
     </gpxtpx:TrackPointExtension>
    </extensions>
   </trkpt>
   <trkpt lat="48.2231630" lon="16.4004260">
    <ele>174.4</ele>
    <time>2024-06-08T09:34:07Z</time>
    <extensions>
     <gpxtpx:TrackPointExtension>
      <gpxtpx:atemp>29</gpxtpx:atemp>
     </gpxtpx:TrackPointExtension>
    </extensions>
   </trkpt>
   <trkpt lat="48.2233700" lon="16.4008150">
    <ele>174.2</ele>
    <time>2024-06-08T09:34:14Z</time>
    <extensions>
     <gpxtpx:TrackPointExtension>
      <gpxtpx:atemp>29</gpxtpx:atemp>
     </gpxtpx:TrackPointExtension>
    </extensions>
   </trkpt>
   <trkpt lat="48.2234240" lon="16.4009180">
    <ele>174.2</ele>
    <time>2024-06-08T09:34:16Z</time>
    <extensions>
     <gpxtpx:TrackPointExtension>
      <gpxtpx:atemp>29</gpxtpx:atemp>
     </gpxtpx:TrackPointExtension>
    </extensions>
   </trkpt>
   <trkpt lat="48.2235130" lon="16.4010900">
    <ele>174.2</ele>
    <time>2024-06-08T09:34:19Z</time>
    <extensions>
     <gpxtpx:TrackPointExtension>
      <gpxtpx:atemp>29</gpxtpx:atemp>
     </gpxtpx:TrackPointExtension>
    </extensions>
   </trkpt>
   <trkpt lat="48.2236560" lon="16.4013530">
    <ele>174.2</ele>
    <time>2024-06-08T09:34:24Z</time>
    <extensions>
     <gpxtpx:TrackPointExtension>
      <gpxtpx:atemp>29</gpxtpx:atemp>
     </gpxtpx:TrackPointExtension>
    </extensions>
   </trkpt>
   <trkpt lat="48.2237110" lon="16.4014570">
    <ele>174.2</ele>
    <time>2024-06-08T09:34:26Z</time>
    <extensions>
     <gpxtpx:TrackPointExtension>
      <gpxtpx:atemp>29</gpxtpx:atemp>
     </gpxtpx:TrackPointExtension>
    </extensions>
   </trkpt>
   <trkpt lat="48.2237750" lon="16.4015540">
    <ele>174.2</ele>
    <time>2024-06-08T09:34:28Z</time>
    <extensions>
     <gpxtpx:TrackPointExtension>
      <gpxtpx:atemp>29</gpxtpx:atemp>
     </gpxtpx:TrackPointExtension>
    </extensions>
   </trkpt>
   <trkpt lat="48.2238270" lon="16.4016620">
    <ele>174.4</ele>
    <time>2024-06-08T09:34:30Z</time>
    <extensions>
     <gpxtpx:TrackPointExtension>
      <gpxtpx:atemp>29</gpxtpx:atemp>
     </gpxtpx:TrackPointExtension>
    </extensions>
   </trkpt>
   <trkpt lat="48.2238440" lon="16.4016950">
    <ele>174.4</ele>
    <time>2024-06-08T09:34:31Z</time>
    <extensions>
     <gpxtpx:TrackPointExtension>
      <gpxtpx:atemp>29</gpxtpx:atemp>
     </gpxtpx:TrackPointExtension>
    </extensions>
   </trkpt>
   <trkpt lat="48.2238770" lon="16.4017800">
    <ele>174.4</ele>
    <time>2024-06-08T09:34:35Z</time>
    <extensions>
     <gpxtpx:TrackPointExtension>
      <gpxtpx:atemp>29</gpxtpx:atemp>
     </gpxtpx:TrackPointExtension>
    </extensions>
   </trkpt>
   <trkpt lat="48.2238770" lon="16.4017800">
    <ele>174.4</ele>
    <time>2024-06-08T09:34:36Z</time>
    <extensions>
     <gpxtpx:TrackPointExtension>
      <gpxtpx:atemp>29</gpxtpx:atemp>
     </gpxtpx:TrackPointExtension>
    </extensions>
   </trkpt>
   <trkpt lat="48.2239050" lon="16.4018200">
    <ele>175.4</ele>
    <time>2024-06-08T09:35:40Z</time>
    <extensions>
     <gpxtpx:TrackPointExtension>
      <gpxtpx:atemp>29</gpxtpx:atemp>
     </gpxtpx:TrackPointExtension>
    </extensions>
   </trkpt>
   <trkpt lat="48.2239180" lon="16.4018420">
    <ele>175.4</ele>
    <time>2024-06-08T09:35:42Z</time>
    <extensions>
     <gpxtpx:TrackPointExtension>
      <gpxtpx:atemp>29</gpxtpx:atemp>
     </gpxtpx:TrackPointExtension>
    </extensions>
   </trkpt>
   <trkpt lat="48.2239330" lon="16.4018610">
    <ele>175.4</ele>
    <time>2024-06-08T09:35:44Z</time>
    <extensions>
     <gpxtpx:TrackPointExtension>
      <gpxtpx:atemp>29</gpxtpx:atemp>
     </gpxtpx:TrackPointExtension>
    </extensions>
   </trkpt>
   <trkpt lat="48.2239880" lon="16.4019710">
    <ele>175.2</ele>
    <time>2024-06-08T09:35:49Z</time>
    <extensions>
     <gpxtpx:TrackPointExtension>
      <gpxtpx:atemp>29</gpxtpx:atemp>
     </gpxtpx:TrackPointExtension>
    </extensions>
   </trkpt>
   <trkpt lat="48.2240480" lon="16.4021270">
    <ele>175.0</ele>
    <time>2024-06-08T09:35:55Z</time>
    <extensions>
     <gpxtpx:TrackPointExtension>
      <gpxtpx:atemp>29</gpxtpx:atemp>
     </gpxtpx:TrackPointExtension>
    </extensions>
   </trkpt>
   <trkpt lat="48.2240940" lon="16.4021760">
    <ele>174.8</ele>
    <time>2024-06-08T09:36:00Z</time>
    <extensions>
     <gpxtpx:TrackPointExtension>
      <gpxtpx:atemp>29</gpxtpx:atemp>
     </gpxtpx:TrackPointExtension>
    </extensions>
   </trkpt>
   <trkpt lat="48.2240980" lon="16.4021730">
    <ele>174.8</ele>
    <time>2024-06-08T09:36:03Z</time>
    <extensions>
     <gpxtpx:TrackPointExtension>
      <gpxtpx:atemp>29</gpxtpx:atemp>
     </gpxtpx:TrackPointExtension>
    </extensions>
   </trkpt>
   <trkpt lat="48.2241260" lon="16.4021480">
    <ele>175.8</ele>
    <time>2024-06-08T09:37:04Z</time>
    <extensions>
     <gpxtpx:TrackPointExtension>
      <gpxtpx:atemp>30</gpxtpx:atemp>
     </gpxtpx:TrackPointExtension>
    </extensions>
   </trkpt>
   <trkpt lat="48.2241390" lon="16.4021320">
    <ele>175.8</ele>
    <time>2024-06-08T09:37:05Z</time>
    <extensions>
     <gpxtpx:TrackPointExtension>
      <gpxtpx:atemp>30</gpxtpx:atemp>
     </gpxtpx:TrackPointExtension>
    </extensions>
   </trkpt>
   <trkpt lat="48.2242580" lon="16.4019690">
    <ele>175.6</ele>
    <time>2024-06-08T09:37:12Z</time>
    <extensions>
     <gpxtpx:TrackPointExtension>
      <gpxtpx:atemp>30</gpxtpx:atemp>
     </gpxtpx:TrackPointExtension>
    </extensions>
   </trkpt>
   <trkpt lat="48.2243190" lon="16.4019350">
    <ele>175.4</ele>
    <time>2024-06-08T09:37:14Z</time>
    <extensions>
     <gpxtpx:TrackPointExtension>
      <gpxtpx:atemp>30</gpxtpx:atemp>
     </gpxtpx:TrackPointExtension>
    </extensions>
   </trkpt>
   <trkpt lat="48.2243480" lon="16.4019480">
    <ele>175.4</ele>
    <time>2024-06-08T09:37:15Z</time>
    <extensions>
     <gpxtpx:TrackPointExtension>
      <gpxtpx:atemp>30</gpxtpx:atemp>
     </gpxtpx:TrackPointExtension>
    </extensions>
   </trkpt>
   <trkpt lat="48.2244520" lon="16.4021170">
    <ele>175.4</ele>
    <time>2024-06-08T09:37:20Z</time>
    <extensions>
     <gpxtpx:TrackPointExtension>
      <gpxtpx:atemp>30</gpxtpx:atemp>
     </gpxtpx:TrackPointExtension>
    </extensions>
   </trkpt>
   <trkpt lat="48.2246360" lon="16.4024480">
    <ele>175.0</ele>
    <time>2024-06-08T09:37:29Z</time>
    <extensions>
     <gpxtpx:TrackPointExtension>
      <gpxtpx:atemp>30</gpxtpx:atemp>
     </gpxtpx:TrackPointExtension>
    </extensions>
   </trkpt>
   <trkpt lat="48.2248160" lon="16.4027780">
    <ele>175.6</ele>
    <time>2024-06-08T09:37:38Z</time>
    <extensions>
     <gpxtpx:TrackPointExtension>
      <gpxtpx:atemp>30</gpxtpx:atemp>
     </gpxtpx:TrackPointExtension>
    </extensions>
   </trkpt>
   <trkpt lat="48.2249790" lon="16.4030410">
    <ele>176.2</ele>
    <time>2024-06-08T09:37:44Z</time>
    <extensions>
     <gpxtpx:TrackPointExtension>
      <gpxtpx:atemp>30</gpxtpx:atemp>
     </gpxtpx:TrackPointExtension>
    </extensions>
   </trkpt>
   <trkpt lat="48.2249890" lon="16.4031030">
    <ele>176.2</ele>
    <time>2024-06-08T09:37:45Z</time>
    <extensions>
     <gpxtpx:TrackPointExtension>
      <gpxtpx:atemp>30</gpxtpx:atemp>
     </gpxtpx:TrackPointExtension>
    </extensions>
   </trkpt>
   <trkpt lat="48.2249940" lon="16.4031980">
    <ele>176.2</ele>
    <time>2024-06-08T09:37:46Z</time>
    <extensions>
     <gpxtpx:TrackPointExtension>
      <gpxtpx:atemp>30</gpxtpx:atemp>
     </gpxtpx:TrackPointExtension>
    </extensions>
   </trkpt>
   <trkpt lat="48.2250750" lon="16.4033400">
    <ele>176.2</ele>
    <time>2024-06-08T09:37:49Z</time>
    <extensions>
     <gpxtpx:TrackPointExtension>
      <gpxtpx:atemp>30</gpxtpx:atemp>
     </gpxtpx:TrackPointExtension>
    </extensions>
   </trkpt>
   <trkpt lat="48.2251050" lon="16.4033850">
    <ele>176.2</ele>
    <time>2024-06-08T09:37:50Z</time>
    <extensions>
     <gpxtpx:TrackPointExtension>
      <gpxtpx:atemp>30</gpxtpx:atemp>
     </gpxtpx:TrackPointExtension>
    </extensions>
   </trkpt>
   <trkpt lat="48.2251240" lon="16.4034520">
    <ele>176.0</ele>
    <time>2024-06-08T09:37:51Z</time>
    <extensions>
     <gpxtpx:TrackPointExtension>
      <gpxtpx:atemp>30</gpxtpx:atemp>
     </gpxtpx:TrackPointExtension>
    </extensions>
   </trkpt>
   <trkpt lat="48.2251410" lon="16.4035110">
    <ele>176.0</ele>
    <time>2024-06-08T09:37:52Z</time>
    <extensions>
     <gpxtpx:TrackPointExtension>
      <gpxtpx:atemp>30</gpxtpx:atemp>
     </gpxtpx:TrackPointExtension>
    </extensions>
   </trkpt>
   <trkpt lat="48.2251580" lon="16.4035580">
    <ele>176.0</ele>
    <time>2024-06-08T09:37:53Z</time>
    <extensions>
     <gpxtpx:TrackPointExtension>
      <gpxtpx:atemp>30</gpxtpx:atemp>
     </gpxtpx:TrackPointExtension>
    </extensions>
   </trkpt>
   <trkpt lat="48.2251940" lon="16.4036610">
    <ele>176.0</ele>
    <time>2024-06-08T09:37:55Z</time>
    <extensions>
     <gpxtpx:TrackPointExtension>
      <gpxtpx:atemp>30</gpxtpx:atemp>
     </gpxtpx:TrackPointExtension>
    </extensions>
   </trkpt>
   <trkpt lat="48.2252610" lon="16.4037550">
    <ele>176.0</ele>
    <time>2024-06-08T09:37:57Z</time>
    <extensions>
     <gpxtpx:TrackPointExtension>
      <gpxtpx:atemp>30</gpxtpx:atemp>
     </gpxtpx:TrackPointExtension>
    </extensions>
   </trkpt>
   <trkpt lat="48.2253410" lon="16.4039670">
    <ele>176.6</ele>
    <time>2024-06-08T09:38:02Z</time>
    <extensions>
     <gpxtpx:TrackPointExtension>
      <gpxtpx:atemp>30</gpxtpx:atemp>
     </gpxtpx:TrackPointExtension>
    </extensions>
   </trkpt>
   <trkpt lat="48.2253870" lon="16.4040790">
    <ele>177.0</ele>
    <time>2024-06-08T09:38:05Z</time>
    <extensions>
     <gpxtpx:TrackPointExtension>
      <gpxtpx:atemp>30</gpxtpx:atemp>
     </gpxtpx:TrackPointExtension>
    </extensions>
   </trkpt>
   <trkpt lat="48.2254350" lon="16.4041600">
    <ele>177.2</ele>
    <time>2024-06-08T09:38:07Z</time>
    <extensions>
     <gpxtpx:TrackPointExtension>
      <gpxtpx:atemp>30</gpxtpx:atemp>
     </gpxtpx:TrackPointExtension>
    </extensions>
   </trkpt>
   <trkpt lat="48.2255450" lon="16.4042890">
    <ele>177.6</ele>
    <time>2024-06-08T09:38:11Z</time>
    <extensions>
     <gpxtpx:TrackPointExtension>
      <gpxtpx:atemp>30</gpxtpx:atemp>
     </gpxtpx:TrackPointExtension>
    </extensions>
   </trkpt>
   <trkpt lat="48.2255800" lon="16.4043490">
    <ele>178.0</ele>
    <time>2024-06-08T09:38:13Z</time>
    <extensions>
     <gpxtpx:TrackPointExtension>
      <gpxtpx:atemp>30</gpxtpx:atemp>
     </gpxtpx:TrackPointExtension>
    </extensions>
   </trkpt>
   <trkpt lat="48.2255910" lon="16.4043740">
    <ele>178.0</ele>
    <time>2024-06-08T09:38:14Z</time>
    <extensions>
     <gpxtpx:TrackPointExtension>
      <gpxtpx:atemp>30</gpxtpx:atemp>
     </gpxtpx:TrackPointExtension>
    </extensions>
   </trkpt>
   <trkpt lat="48.2256190" lon="16.4043940">
    <ele>178.2</ele>
    <time>2024-06-08T09:38:15Z</time>
    <extensions>
     <gpxtpx:TrackPointExtension>
      <gpxtpx:atemp>30</gpxtpx:atemp>
     </gpxtpx:TrackPointExtension>
    </extensions>
   </trkpt>
   <trkpt lat="48.2258040" lon="16.4046230">
    <ele>179.0</ele>
    <time>2024-06-08T09:38:20Z</time>
    <extensions>
     <gpxtpx:TrackPointExtension>
      <gpxtpx:atemp>30</gpxtpx:atemp>
     </gpxtpx:TrackPointExtension>
    </extensions>
   </trkpt>
   <trkpt lat="48.2258380" lon="16.4046890">
    <ele>179.2</ele>
    <time>2024-06-08T09:38:21Z</time>
    <extensions>
     <gpxtpx:TrackPointExtension>
      <gpxtpx:atemp>30</gpxtpx:atemp>
     </gpxtpx:TrackPointExtension>
    </extensions>
   </trkpt>
   <trkpt lat="48.2259920" lon="16.4049280">
    <ele>180.0</ele>
    <time>2024-06-08T09:38:26Z</time>
    <extensions>
     <gpxtpx:TrackPointExtension>
      <gpxtpx:atemp>30</gpxtpx:atemp>
     </gpxtpx:TrackPointExtension>
    </extensions>
   </trkpt>
   <trkpt lat="48.2260580" lon="16.4049980">
    <ele>180.2</ele>
    <time>2024-06-08T09:38:28Z</time>
    <extensions>
     <gpxtpx:TrackPointExtension>
      <gpxtpx:atemp>30</gpxtpx:atemp>
     </gpxtpx:TrackPointExtension>
    </extensions>
   </trkpt>
   <trkpt lat="48.2261320" lon="16.4051160">
    <ele>180.6</ele>
    <time>2024-06-08T09:38:31Z</time>
    <extensions>
     <gpxtpx:TrackPointExtension>
      <gpxtpx:atemp>30</gpxtpx:atemp>
     </gpxtpx:TrackPointExtension>
    </extensions>
   </trkpt>
   <trkpt lat="48.2261490" lon="16.4051360">
    <ele>180.8</ele>
    <time>2024-06-08T09:38:32Z</time>
    <extensions>
     <gpxtpx:TrackPointExtension>
      <gpxtpx:atemp>30</gpxtpx:atemp>
     </gpxtpx:TrackPointExtension>
    </extensions>
   </trkpt>
   <trkpt lat="48.2262060" lon="16.4051770">
    <ele>181.0</ele>
    <time>2024-06-08T09:38:34Z</time>
    <extensions>
     <gpxtpx:TrackPointExtension>
      <gpxtpx:atemp>30</gpxtpx:atemp>
     </gpxtpx:TrackPointExtension>
    </extensions>
   </trkpt>
   <trkpt lat="48.2262850" lon="16.4053160">
    <ele>181.4</ele>
    <time>2024-06-08T09:38:37Z</time>
    <extensions>
     <gpxtpx:TrackPointExtension>
      <gpxtpx:atemp>30</gpxtpx:atemp>
     </gpxtpx:TrackPointExtension>
    </extensions>
   </trkpt>
   <trkpt lat="48.2263280" lon="16.4053920">
    <ele>181.6</ele>
    <time>2024-06-08T09:38:39Z</time>
    <extensions>
     <gpxtpx:TrackPointExtension>
      <gpxtpx:atemp>30</gpxtpx:atemp>
     </gpxtpx:TrackPointExtension>
    </extensions>
   </trkpt>
   <trkpt lat="48.2264600" lon="16.4056330">
    <ele>182.6</ele>
    <time>2024-06-08T09:38:45Z</time>
    <extensions>
     <gpxtpx:TrackPointExtension>
      <gpxtpx:atemp>30</gpxtpx:atemp>
     </gpxtpx:TrackPointExtension>
    </extensions>
   </trkpt>
   <trkpt lat="48.2266520" lon="16.4058750">
    <ele>183.4</ele>
    <time>2024-06-08T09:38:51Z</time>
    <extensions>
     <gpxtpx:TrackPointExtension>
      <gpxtpx:atemp>30</gpxtpx:atemp>
     </gpxtpx:TrackPointExtension>
    </extensions>
   </trkpt>
   <trkpt lat="48.2267190" lon="16.4059690">
    <ele>183.6</ele>
    <time>2024-06-08T09:38:55Z</time>
    <extensions>
     <gpxtpx:TrackPointExtension>
      <gpxtpx:atemp>30</gpxtpx:atemp>
     </gpxtpx:TrackPointExtension>
    </extensions>
   </trkpt>
   <trkpt lat="48.2267350" lon="16.4060000">
    <ele>183.6</ele>
    <time>2024-06-08T09:38:56Z</time>
    <extensions>
     <gpxtpx:TrackPointExtension>
      <gpxtpx:atemp>30</gpxtpx:atemp>
     </gpxtpx:TrackPointExtension>
    </extensions>
   </trkpt>
   <trkpt lat="48.2267560" lon="16.4060360">
    <ele>183.8</ele>
    <time>2024-06-08T09:38:57Z</time>
    <extensions>
     <gpxtpx:TrackPointExtension>
      <gpxtpx:atemp>30</gpxtpx:atemp>
     </gpxtpx:TrackPointExtension>
    </extensions>
   </trkpt>
   <trkpt lat="48.2268980" lon="16.4062630">
    <ele>184.6</ele>
    <time>2024-06-08T09:39:03Z</time>
    <extensions>
     <gpxtpx:TrackPointExtension>
      <gpxtpx:atemp>29</gpxtpx:atemp>
     </gpxtpx:TrackPointExtension>
    </extensions>
   </trkpt>
   <trkpt lat="48.2270040" lon="16.4064470">
    <ele>184.8</ele>
    <time>2024-06-08T09:39:07Z</time>
    <extensions>
     <gpxtpx:TrackPointExtension>
      <gpxtpx:atemp>29</gpxtpx:atemp>
     </gpxtpx:TrackPointExtension>
    </extensions>
   </trkpt>
   <trkpt lat="48.2271090" lon="16.4067000">
    <ele>185.2</ele>
    <time>2024-06-08T09:39:12Z</time>
    <extensions>
     <gpxtpx:TrackPointExtension>
      <gpxtpx:atemp>29</gpxtpx:atemp>
     </gpxtpx:TrackPointExtension>
    </extensions>
   </trkpt>
   <trkpt lat="48.2271660" lon="16.4068640">
    <ele>185.2</ele>
    <time>2024-06-08T09:39:15Z</time>
    <extensions>
     <gpxtpx:TrackPointExtension>
      <gpxtpx:atemp>29</gpxtpx:atemp>
     </gpxtpx:TrackPointExtension>
    </extensions>
   </trkpt>
   <trkpt lat="48.2272310" lon="16.4070330">
    <ele>185.2</ele>
    <time>2024-06-08T09:39:18Z</time>
    <extensions>
     <gpxtpx:TrackPointExtension>
      <gpxtpx:atemp>29</gpxtpx:atemp>
     </gpxtpx:TrackPointExtension>
    </extensions>
   </trkpt>
   <trkpt lat="48.2272880" lon="16.4071670">
    <ele>185.4</ele>
    <time>2024-06-08T09:39:20Z</time>
    <extensions>
     <gpxtpx:TrackPointExtension>
      <gpxtpx:atemp>29</gpxtpx:atemp>
     </gpxtpx:TrackPointExtension>
    </extensions>
   </trkpt>
   <trkpt lat="48.2273610" lon="16.4072840">
    <ele>185.6</ele>
    <time>2024-06-08T09:39:22Z</time>
    <extensions>
     <gpxtpx:TrackPointExtension>
      <gpxtpx:atemp>29</gpxtpx:atemp>
     </gpxtpx:TrackPointExtension>
    </extensions>
   </trkpt>
   <trkpt lat="48.2273910" lon="16.4073310">
    <ele>185.6</ele>
    <time>2024-06-08T09:39:23Z</time>
    <extensions>
     <gpxtpx:TrackPointExtension>
      <gpxtpx:atemp>29</gpxtpx:atemp>
     </gpxtpx:TrackPointExtension>
    </extensions>
   </trkpt>
   <trkpt lat="48.2274320" lon="16.4074640">
    <ele>185.6</ele>
    <time>2024-06-08T09:39:26Z</time>
    <extensions>
     <gpxtpx:TrackPointExtension>
      <gpxtpx:atemp>29</gpxtpx:atemp>
     </gpxtpx:TrackPointExtension>
    </extensions>
   </trkpt>
   <trkpt lat="48.2274500" lon="16.4075060">
    <ele>185.6</ele>
    <time>2024-06-08T09:39:27Z</time>
    <extensions>
     <gpxtpx:TrackPointExtension>
      <gpxtpx:atemp>29</gpxtpx:atemp>
     </gpxtpx:TrackPointExtension>
    </extensions>
   </trkpt>
   <trkpt lat="48.2275280" lon="16.4077060">
    <ele>185.6</ele>
    <time>2024-06-08T09:39:30Z</time>
    <extensions>
     <gpxtpx:TrackPointExtension>
      <gpxtpx:atemp>29</gpxtpx:atemp>
     </gpxtpx:TrackPointExtension>
    </extensions>
   </trkpt>
   <trkpt lat="48.2276100" lon="16.4078840">
    <ele>185.6</ele>
    <time>2024-06-08T09:39:33Z</time>
    <extensions>
     <gpxtpx:TrackPointExtension>
      <gpxtpx:atemp>29</gpxtpx:atemp>
     </gpxtpx:TrackPointExtension>
    </extensions>
   </trkpt>
   <trkpt lat="48.2278460" lon="16.4083580">
    <ele>185.2</ele>
    <time>2024-06-08T09:39:41Z</time>
    <extensions>
     <gpxtpx:TrackPointExtension>
      <gpxtpx:atemp>29</gpxtpx:atemp>
     </gpxtpx:TrackPointExtension>
    </extensions>
   </trkpt>
   <trkpt lat="48.2280580" lon="16.4086950">
    <ele>184.8</ele>
    <time>2024-06-08T09:39:48Z</time>
    <extensions>
     <gpxtpx:TrackPointExtension>
      <gpxtpx:atemp>29</gpxtpx:atemp>
     </gpxtpx:TrackPointExtension>
    </extensions>
   </trkpt>
   <trkpt lat="48.2281480" lon="16.4088630">
    <ele>184.8</ele>
    <time>2024-06-08T09:39:51Z</time>
    <extensions>
     <gpxtpx:TrackPointExtension>
      <gpxtpx:atemp>29</gpxtpx:atemp>
     </gpxtpx:TrackPointExtension>
    </extensions>
   </trkpt>
   <trkpt lat="48.2281710" lon="16.4089290">
    <ele>184.8</ele>
    <time>2024-06-08T09:39:52Z</time>
    <extensions>
     <gpxtpx:TrackPointExtension>
      <gpxtpx:atemp>29</gpxtpx:atemp>
     </gpxtpx:TrackPointExtension>
    </extensions>
   </trkpt>
   <trkpt lat="48.2282180" lon="16.4090220">
    <ele>184.8</ele>
    <time>2024-06-08T09:39:54Z</time>
    <extensions>
     <gpxtpx:TrackPointExtension>
      <gpxtpx:atemp>29</gpxtpx:atemp>
     </gpxtpx:TrackPointExtension>
    </extensions>
   </trkpt>
   <trkpt lat="48.2282370" lon="16.4090450">
    <ele>184.6</ele>
    <time>2024-06-08T09:39:55Z</time>
    <extensions>
     <gpxtpx:TrackPointExtension>
      <gpxtpx:atemp>29</gpxtpx:atemp>
     </gpxtpx:TrackPointExtension>
    </extensions>
   </trkpt>
   <trkpt lat="48.2282560" lon="16.4090600">
    <ele>184.4</ele>
    <time>2024-06-08T09:39:56Z</time>
    <extensions>
     <gpxtpx:TrackPointExtension>
      <gpxtpx:atemp>28</gpxtpx:atemp>
     </gpxtpx:TrackPointExtension>
    </extensions>
   </trkpt>
   <trkpt lat="48.2282980" lon="16.4090530">
    <ele>184.6</ele>
    <time>2024-06-08T09:39:58Z</time>
    <extensions>
     <gpxtpx:TrackPointExtension>
      <gpxtpx:atemp>28</gpxtpx:atemp>
     </gpxtpx:TrackPointExtension>
    </extensions>
   </trkpt>
   <trkpt lat="48.2284140" lon="16.4089570">
    <ele>184.4</ele>
    <time>2024-06-08T09:40:02Z</time>
    <extensions>
     <gpxtpx:TrackPointExtension>
      <gpxtpx:atemp>28</gpxtpx:atemp>
     </gpxtpx:TrackPointExtension>
    </extensions>
   </trkpt>
   <trkpt lat="48.2285360" lon="16.4088010">
    <ele>184.4</ele>
    <time>2024-06-08T09:40:05Z</time>
    <extensions>
     <gpxtpx:TrackPointExtension>
      <gpxtpx:atemp>28</gpxtpx:atemp>
     </gpxtpx:TrackPointExtension>
    </extensions>
   </trkpt>
   <trkpt lat="48.2285850" lon="16.4087340">
    <ele>184.2</ele>
    <time>2024-06-08T09:40:06Z</time>
    <extensions>
     <gpxtpx:TrackPointExtension>
      <gpxtpx:atemp>28</gpxtpx:atemp>
     </gpxtpx:TrackPointExtension>
    </extensions>
   </trkpt>
   <trkpt lat="48.2287420" lon="16.4085400">
    <ele>183.2</ele>
    <time>2024-06-08T09:40:09Z</time>
    <extensions>
     <gpxtpx:TrackPointExtension>
      <gpxtpx:atemp>28</gpxtpx:atemp>
     </gpxtpx:TrackPointExtension>
    </extensions>
   </trkpt>
   <trkpt lat="48.2287990" lon="16.4084720">
    <ele>182.8</ele>
    <time>2024-06-08T09:40:10Z</time>
    <extensions>
     <gpxtpx:TrackPointExtension>
      <gpxtpx:atemp>28</gpxtpx:atemp>
     </gpxtpx:TrackPointExtension>
    </extensions>
   </trkpt>
   <trkpt lat="48.2288550" lon="16.4084000">
    <ele>182.4</ele>
    <time>2024-06-08T09:40:11Z</time>
    <extensions>
     <gpxtpx:TrackPointExtension>
      <gpxtpx:atemp>28</gpxtpx:atemp>
     </gpxtpx:TrackPointExtension>
    </extensions>
   </trkpt>
   <trkpt lat="48.2289130" lon="16.4083290">
    <ele>181.8</ele>
    <time>2024-06-08T09:40:12Z</time>
    <extensions>
     <gpxtpx:TrackPointExtension>
      <gpxtpx:atemp>28</gpxtpx:atemp>
     </gpxtpx:TrackPointExtension>
    </extensions>
   </trkpt>
   <trkpt lat="48.2290350" lon="16.4081830">
    <ele>180.8</ele>
    <time>2024-06-08T09:40:14Z</time>
    <extensions>
     <gpxtpx:TrackPointExtension>
      <gpxtpx:atemp>28</gpxtpx:atemp>
     </gpxtpx:TrackPointExtension>
    </extensions>
   </trkpt>
   <trkpt lat="48.2290890" lon="16.4081030">
    <ele>180.2</ele>
    <time>2024-06-08T09:40:15Z</time>
    <extensions>
     <gpxtpx:TrackPointExtension>
      <gpxtpx:atemp>28</gpxtpx:atemp>
     </gpxtpx:TrackPointExtension>
    </extensions>
   </trkpt>
   <trkpt lat="48.2291480" lon="16.4080170">
    <ele>179.8</ele>
    <time>2024-06-08T09:40:16Z</time>
    <extensions>
     <gpxtpx:TrackPointExtension>
      <gpxtpx:atemp>28</gpxtpx:atemp>
     </gpxtpx:TrackPointExtension>
    </extensions>
   </trkpt>
   <trkpt lat="48.2292080" lon="16.4079350">
    <ele>179.4</ele>
    <time>2024-06-08T09:40:17Z</time>
    <extensions>
     <gpxtpx:TrackPointExtension>
      <gpxtpx:atemp>28</gpxtpx:atemp>
     </gpxtpx:TrackPointExtension>
    </extensions>
   </trkpt>
   <trkpt lat="48.2293800" lon="16.4077230">
    <ele>178.2</ele>
    <time>2024-06-08T09:40:20Z</time>
    <extensions>
     <gpxtpx:TrackPointExtension>
      <gpxtpx:atemp>28</gpxtpx:atemp>
     </gpxtpx:TrackPointExtension>
    </extensions>
   </trkpt>
   <trkpt lat="48.2294860" lon="16.4076030">
    <ele>177.0</ele>
    <time>2024-06-08T09:40:22Z</time>
    <extensions>
     <gpxtpx:TrackPointExtension>
      <gpxtpx:atemp>28</gpxtpx:atemp>
     </gpxtpx:TrackPointExtension>
    </extensions>
   </trkpt>
   <trkpt lat="48.2295360" lon="16.4075470">
    <ele>176.6</ele>
    <time>2024-06-08T09:40:23Z</time>
    <extensions>
     <gpxtpx:TrackPointExtension>
      <gpxtpx:atemp>28</gpxtpx:atemp>
     </gpxtpx:TrackPointExtension>
    </extensions>
   </trkpt>
   <trkpt lat="48.2296150" lon="16.4074420">
    <ele>176.4</ele>
    <time>2024-06-08T09:40:25Z</time>
    <extensions>
     <gpxtpx:TrackPointExtension>
      <gpxtpx:atemp>28</gpxtpx:atemp>
     </gpxtpx:TrackPointExtension>
    </extensions>
   </trkpt>
   <trkpt lat="48.2296610" lon="16.4073090">
    <ele>176.2</ele>
    <time>2024-06-08T09:40:27Z</time>
    <extensions>
     <gpxtpx:TrackPointExtension>
      <gpxtpx:atemp>28</gpxtpx:atemp>
     </gpxtpx:TrackPointExtension>
    </extensions>
   </trkpt>
   <trkpt lat="48.2296920" lon="16.4070150">
    <ele>176.2</ele>
    <time>2024-06-08T09:40:31Z</time>
    <extensions>
     <gpxtpx:TrackPointExtension>
      <gpxtpx:atemp>28</gpxtpx:atemp>
     </gpxtpx:TrackPointExtension>
    </extensions>
   </trkpt>
   <trkpt lat="48.2297200" lon="16.4068680">
    <ele>176.4</ele>
    <time>2024-06-08T09:40:33Z</time>
    <extensions>
     <gpxtpx:TrackPointExtension>
      <gpxtpx:atemp>28</gpxtpx:atemp>
     </gpxtpx:TrackPointExtension>
    </extensions>
   </trkpt>
   <trkpt lat="48.2297750" lon="16.4067240">
    <ele>176.6</ele>
    <time>2024-06-08T09:40:35Z</time>
    <extensions>
     <gpxtpx:TrackPointExtension>
      <gpxtpx:atemp>28</gpxtpx:atemp>
     </gpxtpx:TrackPointExtension>
    </extensions>
   </trkpt>
   <trkpt lat="48.2298530" lon="16.4065990">
    <ele>176.8</ele>
    <time>2024-06-08T09:40:37Z</time>
    <extensions>
     <gpxtpx:TrackPointExtension>
      <gpxtpx:atemp>28</gpxtpx:atemp>
     </gpxtpx:TrackPointExtension>
    </extensions>
   </trkpt>
   <trkpt lat="48.2298980" lon="16.4065500">
    <ele>176.8</ele>
    <time>2024-06-08T09:40:38Z</time>
    <extensions>
     <gpxtpx:TrackPointExtension>
      <gpxtpx:atemp>28</gpxtpx:atemp>
     </gpxtpx:TrackPointExtension>
    </extensions>
   </trkpt>
   <trkpt lat="48.2299480" lon="16.4065170">
    <ele>176.8</ele>
    <time>2024-06-08T09:40:39Z</time>
    <extensions>
     <gpxtpx:TrackPointExtension>
      <gpxtpx:atemp>28</gpxtpx:atemp>
     </gpxtpx:TrackPointExtension>
    </extensions>
   </trkpt>
   <trkpt lat="48.2300530" lon="16.4064820">
    <ele>176.8</ele>
    <time>2024-06-08T09:40:41Z</time>
    <extensions>
     <gpxtpx:TrackPointExtension>
      <gpxtpx:atemp>28</gpxtpx:atemp>
     </gpxtpx:TrackPointExtension>
    </extensions>
   </trkpt>
   <trkpt lat="48.2301090" lon="16.4064800">
    <ele>176.8</ele>
    <time>2024-06-08T09:40:42Z</time>
    <extensions>
     <gpxtpx:TrackPointExtension>
      <gpxtpx:atemp>28</gpxtpx:atemp>
     </gpxtpx:TrackPointExtension>
    </extensions>
   </trkpt>
   <trkpt lat="48.2303300" lon="16.4064600">
    <ele>176.2</ele>
    <time>2024-06-08T09:40:46Z</time>
    <extensions>
     <gpxtpx:TrackPointExtension>
      <gpxtpx:atemp>28</gpxtpx:atemp>
     </gpxtpx:TrackPointExtension>
    </extensions>
   </trkpt>
   <trkpt lat="48.2303810" lon="16.4064380">
    <ele>176.0</ele>
    <time>2024-06-08T09:40:47Z</time>
    <extensions>
     <gpxtpx:TrackPointExtension>
      <gpxtpx:atemp>28</gpxtpx:atemp>
     </gpxtpx:TrackPointExtension>
    </extensions>
   </trkpt>
   <trkpt lat="48.2304290" lon="16.4064080">
    <ele>176.0</ele>
    <time>2024-06-08T09:40:48Z</time>
    <extensions>
     <gpxtpx:TrackPointExtension>
      <gpxtpx:atemp>28</gpxtpx:atemp>
     </gpxtpx:TrackPointExtension>
    </extensions>
   </trkpt>
   <trkpt lat="48.2306080" lon="16.4062090">
    <ele>175.8</ele>
    <time>2024-06-08T09:40:52Z</time>
    <extensions>
     <gpxtpx:TrackPointExtension>
      <gpxtpx:atemp>28</gpxtpx:atemp>
     </gpxtpx:TrackPointExtension>
    </extensions>
   </trkpt>
   <trkpt lat="48.2308190" lon="16.4059330">
    <ele>175.6</ele>
    <time>2024-06-08T09:40:57Z</time>
    <extensions>
     <gpxtpx:TrackPointExtension>
      <gpxtpx:atemp>28</gpxtpx:atemp>
     </gpxtpx:TrackPointExtension>
    </extensions>
   </trkpt>
   <trkpt lat="48.2309450" lon="16.4057630">
    <ele>175.6</ele>
    <time>2024-06-08T09:41:00Z</time>
    <extensions>
     <gpxtpx:TrackPointExtension>
      <gpxtpx:atemp>28</gpxtpx:atemp>
     </gpxtpx:TrackPointExtension>
    </extensions>
   </trkpt>
   <trkpt lat="48.2310650" lon="16.4055970">
    <ele>175.8</ele>
    <time>2024-06-08T09:41:03Z</time>
    <extensions>
     <gpxtpx:TrackPointExtension>
      <gpxtpx:atemp>28</gpxtpx:atemp>
     </gpxtpx:TrackPointExtension>
    </extensions>
   </trkpt>
   <trkpt lat="48.2311250" lon="16.4054720">
    <ele>175.8</ele>
    <time>2024-06-08T09:41:05Z</time>
    <extensions>
     <gpxtpx:TrackPointExtension>
      <gpxtpx:atemp>28</gpxtpx:atemp>
     </gpxtpx:TrackPointExtension>
    </extensions>
   </trkpt>
   <trkpt lat="48.2311490" lon="16.4054090">
    <ele>175.8</ele>
    <time>2024-06-08T09:41:06Z</time>
    <extensions>
     <gpxtpx:TrackPointExtension>
      <gpxtpx:atemp>28</gpxtpx:atemp>
     </gpxtpx:TrackPointExtension>
    </extensions>
   </trkpt>
   <trkpt lat="48.2312300" lon="16.4050920">
    <ele>175.8</ele>
    <time>2024-06-08T09:41:11Z</time>
    <extensions>
     <gpxtpx:TrackPointExtension>
      <gpxtpx:atemp>28</gpxtpx:atemp>
     </gpxtpx:TrackPointExtension>
    </extensions>
   </trkpt>
   <trkpt lat="48.2312420" lon="16.4050270">
    <ele>176.0</ele>
    <time>2024-06-08T09:41:12Z</time>
    <extensions>
     <gpxtpx:TrackPointExtension>
      <gpxtpx:atemp>28</gpxtpx:atemp>
     </gpxtpx:TrackPointExtension>
    </extensions>
   </trkpt>
   <trkpt lat="48.2313950" lon="16.4046240">
    <ele>176.6</ele>
    <time>2024-06-08T09:41:18Z</time>
    <extensions>
     <gpxtpx:TrackPointExtension>
      <gpxtpx:atemp>28</gpxtpx:atemp>
     </gpxtpx:TrackPointExtension>
    </extensions>
   </trkpt>
   <trkpt lat="48.2314270" lon="16.4045710">
    <ele>176.6</ele>
    <time>2024-06-08T09:41:19Z</time>
    <extensions>
     <gpxtpx:TrackPointExtension>
      <gpxtpx:atemp>28</gpxtpx:atemp>
     </gpxtpx:TrackPointExtension>
    </extensions>
   </trkpt>
   <trkpt lat="48.2314980" lon="16.4044710">
    <ele>176.8</ele>
    <time>2024-06-08T09:41:22Z</time>
    <extensions>
     <gpxtpx:TrackPointExtension>
      <gpxtpx:atemp>28</gpxtpx:atemp>
     </gpxtpx:TrackPointExtension>
    </extensions>
   </trkpt>
   <trkpt lat="48.2317280" lon="16.4041760">
    <ele>176.8</ele>
    <time>2024-06-08T09:41:30Z</time>
    <extensions>
     <gpxtpx:TrackPointExtension>
      <gpxtpx:atemp>28</gpxtpx:atemp>
     </gpxtpx:TrackPointExtension>
    </extensions>
   </trkpt>
   <trkpt lat="48.2319700" lon="16.4038820">
    <ele>176.6</ele>
    <time>2024-06-08T09:41:37Z</time>
    <extensions>
     <gpxtpx:TrackPointExtension>
      <gpxtpx:atemp>28</gpxtpx:atemp>
     </gpxtpx:TrackPointExtension>
    </extensions>
   </trkpt>
   <trkpt lat="48.2320850" lon="16.4037250">
    <ele>176.6</ele>
    <time>2024-06-08T09:41:42Z</time>
    <extensions>
     <gpxtpx:TrackPointExtension>
      <gpxtpx:atemp>28</gpxtpx:atemp>
     </gpxtpx:TrackPointExtension>
    </extensions>
   </trkpt>
   <trkpt lat="48.2320920" lon="16.4036970">
    <ele>176.6</ele>
    <time>2024-06-08T09:41:44Z</time>
    <extensions>
     <gpxtpx:TrackPointExtension>
      <gpxtpx:atemp>28</gpxtpx:atemp>
     </gpxtpx:TrackPointExtension>
    </extensions>
   </trkpt>
   <trkpt lat="48.2320940" lon="16.4036950">
    <ele>176.6</ele>
    <time>2024-06-08T09:41:46Z</time>
    <extensions>
     <gpxtpx:TrackPointExtension>
      <gpxtpx:atemp>28</gpxtpx:atemp>
     </gpxtpx:TrackPointExtension>
    </extensions>
   </trkpt>
   <trkpt lat="48.2321290" lon="16.4036330">
    <ele>179.2</ele>
    <time>2024-06-08T10:07:48Z</time>
    <extensions>
     <gpxtpx:TrackPointExtension>
      <gpxtpx:atemp>39</gpxtpx:atemp>
     </gpxtpx:TrackPointExtension>
    </extensions>
   </trkpt>
   <trkpt lat="48.2321670" lon="16.4035700">
    <ele>179.2</ele>
    <time>2024-06-08T10:07:51Z</time>
    <extensions>
     <gpxtpx:TrackPointExtension>
      <gpxtpx:atemp>40</gpxtpx:atemp>
     </gpxtpx:TrackPointExtension>
    </extensions>
   </trkpt>
   <trkpt lat="48.2322990" lon="16.4034090">
    <ele>179.2</ele>
    <time>2024-06-08T10:07:57Z</time>
    <extensions>
     <gpxtpx:TrackPointExtension>
      <gpxtpx:atemp>39</gpxtpx:atemp>
     </gpxtpx:TrackPointExtension>
    </extensions>
   </trkpt>
   <trkpt lat="48.2324530" lon="16.4031630">
    <ele>179.2</ele>
    <time>2024-06-08T10:08:04Z</time>
    <extensions>
     <gpxtpx:TrackPointExtension>
      <gpxtpx:atemp>39</gpxtpx:atemp>
     </gpxtpx:TrackPointExtension>
    </extensions>
   </trkpt>
   <trkpt lat="48.2326940" lon="16.4028540">
    <ele>179.2</ele>
    <time>2024-06-08T10:08:12Z</time>
    <extensions>
     <gpxtpx:TrackPointExtension>
      <gpxtpx:atemp>39</gpxtpx:atemp>
     </gpxtpx:TrackPointExtension>
    </extensions>
   </trkpt>
   <trkpt lat="48.2329680" lon="16.4025270">
    <ele>179.4</ele>
    <time>2024-06-08T10:08:21Z</time>
    <extensions>
     <gpxtpx:TrackPointExtension>
      <gpxtpx:atemp>39</gpxtpx:atemp>
     </gpxtpx:TrackPointExtension>
    </extensions>
   </trkpt>
   <trkpt lat="48.2332980" lon="16.4021470">
    <ele>179.4</ele>
    <time>2024-06-08T10:08:31Z</time>
    <extensions>
     <gpxtpx:TrackPointExtension>
      <gpxtpx:atemp>39</gpxtpx:atemp>
     </gpxtpx:TrackPointExtension>
    </extensions>
   </trkpt>
   <trkpt lat="48.2334220" lon="16.4020160">
    <ele>179.4</ele>
    <time>2024-06-08T10:08:35Z</time>
    <extensions>
     <gpxtpx:TrackPointExtension>
      <gpxtpx:atemp>39</gpxtpx:atemp>
     </gpxtpx:TrackPointExtension>
    </extensions>
   </trkpt>
   <trkpt lat="48.2335140" lon="16.4019020">
    <ele>179.4</ele>
    <time>2024-06-08T10:08:38Z</time>
    <extensions>
     <gpxtpx:TrackPointExtension>
      <gpxtpx:atemp>39</gpxtpx:atemp>
     </gpxtpx:TrackPointExtension>
    </extensions>
   </trkpt>
   <trkpt lat="48.2338230" lon="16.4015260">
    <ele>179.4</ele>
    <time>2024-06-08T10:08:47Z</time>
    <extensions>
     <gpxtpx:TrackPointExtension>
      <gpxtpx:atemp>39</gpxtpx:atemp>
     </gpxtpx:TrackPointExtension>
    </extensions>
   </trkpt>
   <trkpt lat="48.2338600" lon="16.4014790">
    <ele>179.4</ele>
    <time>2024-06-08T10:08:48Z</time>
    <extensions>
     <gpxtpx:TrackPointExtension>
      <gpxtpx:atemp>39</gpxtpx:atemp>
     </gpxtpx:TrackPointExtension>
    </extensions>
   </trkpt>
   <trkpt lat="48.2340250" lon="16.4013180">
    <ele>179.6</ele>
    <time>2024-06-08T10:08:52Z</time>
    <extensions>
     <gpxtpx:TrackPointExtension>
      <gpxtpx:atemp>39</gpxtpx:atemp>
     </gpxtpx:TrackPointExtension>
    </extensions>
   </trkpt>
   <trkpt lat="48.2341960" lon="16.4011950">
    <ele>179.6</ele>
    <time>2024-06-08T10:08:56Z</time>
    <extensions>
     <gpxtpx:TrackPointExtension>
      <gpxtpx:atemp>39</gpxtpx:atemp>
     </gpxtpx:TrackPointExtension>
    </extensions>
   </trkpt>
   <trkpt lat="48.2342750" lon="16.4011640">
    <ele>179.6</ele>
    <time>2024-06-08T10:08:58Z</time>
    <extensions>
     <gpxtpx:TrackPointExtension>
      <gpxtpx:atemp>39</gpxtpx:atemp>
     </gpxtpx:TrackPointExtension>
    </extensions>
   </trkpt>
   <trkpt lat="48.2343140" lon="16.4011520">
    <ele>179.6</ele>
    <time>2024-06-08T10:08:59Z</time>
    <extensions>
     <gpxtpx:TrackPointExtension>
      <gpxtpx:atemp>39</gpxtpx:atemp>
     </gpxtpx:TrackPointExtension>
    </extensions>
   </trkpt>
   <trkpt lat="48.2345070" lon="16.4011410">
    <ele>179.8</ele>
    <time>2024-06-08T10:09:04Z</time>
    <extensions>
     <gpxtpx:TrackPointExtension>
      <gpxtpx:atemp>39</gpxtpx:atemp>
     </gpxtpx:TrackPointExtension>
    </extensions>
   </trkpt>
   <trkpt lat="48.2345770" lon="16.4011040">
    <ele>180.4</ele>
    <time>2024-06-08T10:09:06Z</time>
    <extensions>
     <gpxtpx:TrackPointExtension>
      <gpxtpx:atemp>38</gpxtpx:atemp>
     </gpxtpx:TrackPointExtension>
    </extensions>
   </trkpt>
   <trkpt lat="48.2346510" lon="16.4010410">
    <ele>181.2</ele>
    <time>2024-06-08T10:09:08Z</time>
    <extensions>
     <gpxtpx:TrackPointExtension>
      <gpxtpx:atemp>38</gpxtpx:atemp>
     </gpxtpx:TrackPointExtension>
    </extensions>
   </trkpt>
   <trkpt lat="48.2349100" lon="16.4008760">
    <ele>181.8</ele>
    <time>2024-06-08T10:09:14Z</time>
    <extensions>
     <gpxtpx:TrackPointExtension>
      <gpxtpx:atemp>38</gpxtpx:atemp>
     </gpxtpx:TrackPointExtension>
    </extensions>
   </trkpt>
   <trkpt lat="48.2349570" lon="16.4008510">
    <ele>181.8</ele>
    <time>2024-06-08T10:09:15Z</time>
    <extensions>
     <gpxtpx:TrackPointExtension>
      <gpxtpx:atemp>38</gpxtpx:atemp>
     </gpxtpx:TrackPointExtension>
    </extensions>
   </trkpt>
   <trkpt lat="48.2353330" lon="16.4006330">
    <ele>181.8</ele>
    <time>2024-06-08T10:09:23Z</time>
    <extensions>
     <gpxtpx:TrackPointExtension>
      <gpxtpx:atemp>38</gpxtpx:atemp>
     </gpxtpx:TrackPointExtension>
    </extensions>
   </trkpt>
   <trkpt lat="48.2357030" lon="16.4003100">
    <ele>181.6</ele>
    <time>2024-06-08T10:09:31Z</time>
    <extensions>
     <gpxtpx:TrackPointExtension>
      <gpxtpx:atemp>38</gpxtpx:atemp>
     </gpxtpx:TrackPointExtension>
    </extensions>
   </trkpt>
   <trkpt lat="48.2360430" lon="16.3998790">
    <ele>181.4</ele>
    <time>2024-06-08T10:09:39Z</time>
    <extensions>
     <gpxtpx:TrackPointExtension>
      <gpxtpx:atemp>38</gpxtpx:atemp>
     </gpxtpx:TrackPointExtension>
    </extensions>
   </trkpt>
   <trkpt lat="48.2361340" lon="16.3997790">
    <ele>181.4</ele>
    <time>2024-06-08T10:09:41Z</time>
    <extensions>
     <gpxtpx:TrackPointExtension>
      <gpxtpx:atemp>38</gpxtpx:atemp>
     </gpxtpx:TrackPointExtension>
    </extensions>
   </trkpt>
   <trkpt lat="48.2363480" lon="16.3994990">
    <ele>181.4</ele>
    <time>2024-06-08T10:09:46Z</time>
    <extensions>
     <gpxtpx:TrackPointExtension>
      <gpxtpx:atemp>38</gpxtpx:atemp>
     </gpxtpx:TrackPointExtension>
    </extensions>
   </trkpt>
   <trkpt lat="48.2367850" lon="16.3989630">
    <ele>181.4</ele>
    <time>2024-06-08T10:09:56Z</time>
    <extensions>
     <gpxtpx:TrackPointExtension>
      <gpxtpx:atemp>38</gpxtpx:atemp>
     </gpxtpx:TrackPointExtension>
    </extensions>
   </trkpt>
   <trkpt lat="48.2371400" lon="16.3984340">
    <ele>181.4</ele>
    <time>2024-06-08T10:10:05Z</time>
    <extensions>
     <gpxtpx:TrackPointExtension>
      <gpxtpx:atemp>38</gpxtpx:atemp>
     </gpxtpx:TrackPointExtension>
    </extensions>
   </trkpt>
   <trkpt lat="48.2374620" lon="16.3979650">
    <ele>181.2</ele>
    <time>2024-06-08T10:10:13Z</time>
    <extensions>
     <gpxtpx:TrackPointExtension>
      <gpxtpx:atemp>38</gpxtpx:atemp>
     </gpxtpx:TrackPointExtension>
    </extensions>
   </trkpt>
   <trkpt lat="48.2375520" lon="16.3978620">
    <ele>181.2</ele>
    <time>2024-06-08T10:10:15Z</time>
    <extensions>
     <gpxtpx:TrackPointExtension>
      <gpxtpx:atemp>38</gpxtpx:atemp>
     </gpxtpx:TrackPointExtension>
    </extensions>
   </trkpt>
   <trkpt lat="48.2376690" lon="16.3977910">
    <ele>181.2</ele>
    <time>2024-06-08T10:10:17Z</time>
    <extensions>
     <gpxtpx:TrackPointExtension>
      <gpxtpx:atemp>37</gpxtpx:atemp>
     </gpxtpx:TrackPointExtension>
    </extensions>
   </trkpt>
   <trkpt lat="48.2377140" lon="16.3977750">
    <ele>181.2</ele>
    <time>2024-06-08T10:10:18Z</time>
    <extensions>
     <gpxtpx:TrackPointExtension>
      <gpxtpx:atemp>37</gpxtpx:atemp>
     </gpxtpx:TrackPointExtension>
    </extensions>
   </trkpt>
   <trkpt lat="48.2378230" lon="16.3977100">
    <ele>181.2</ele>
    <time>2024-06-08T10:10:20Z</time>
    <extensions>
     <gpxtpx:TrackPointExtension>
      <gpxtpx:atemp>37</gpxtpx:atemp>
     </gpxtpx:TrackPointExtension>
    </extensions>
   </trkpt>
   <trkpt lat="48.2381450" lon="16.3975150">
    <ele>181.2</ele>
    <time>2024-06-08T10:10:26Z</time>
    <extensions>
     <gpxtpx:TrackPointExtension>
      <gpxtpx:atemp>37</gpxtpx:atemp>
     </gpxtpx:TrackPointExtension>
    </extensions>
   </trkpt>
   <trkpt lat="48.2386310" lon="16.3970870">
    <ele>181.6</ele>
    <time>2024-06-08T10:10:36Z</time>
    <extensions>
     <gpxtpx:TrackPointExtension>
      <gpxtpx:atemp>37</gpxtpx:atemp>
     </gpxtpx:TrackPointExtension>
    </extensions>
   </trkpt>
   <trkpt lat="48.2386820" lon="16.3970410">
    <ele>181.6</ele>
    <time>2024-06-08T10:10:37Z</time>
    <extensions>
     <gpxtpx:TrackPointExtension>
      <gpxtpx:atemp>37</gpxtpx:atemp>
     </gpxtpx:TrackPointExtension>
    </extensions>
   </trkpt>
   <trkpt lat="48.2391490" lon="16.3965940">
    <ele>181.8</ele>
    <time>2024-06-08T10:10:47Z</time>
    <extensions>
     <gpxtpx:TrackPointExtension>
      <gpxtpx:atemp>37</gpxtpx:atemp>
     </gpxtpx:TrackPointExtension>
    </extensions>
   </trkpt>
   <trkpt lat="48.2391950" lon="16.3965480">
    <ele>181.8</ele>
    <time>2024-06-08T10:10:48Z</time>
    <extensions>
     <gpxtpx:TrackPointExtension>
      <gpxtpx:atemp>37</gpxtpx:atemp>
     </gpxtpx:TrackPointExtension>
    </extensions>
   </trkpt>
   <trkpt lat="48.2392430" lon="16.3965020">
    <ele>181.8</ele>
    <time>2024-06-08T10:10:49Z</time>
    <extensions>
     <gpxtpx:TrackPointExtension>
      <gpxtpx:atemp>37</gpxtpx:atemp>
     </gpxtpx:TrackPointExtension>
    </extensions>
   </trkpt>
   <trkpt lat="48.2393370" lon="16.3964100">
    <ele>181.8</ele>
    <time>2024-06-08T10:10:51Z</time>
    <extensions>
     <gpxtpx:TrackPointExtension>
      <gpxtpx:atemp>37</gpxtpx:atemp>
     </gpxtpx:TrackPointExtension>
    </extensions>
   </trkpt>
   <trkpt lat="48.2393870" lon="16.3963610">
    <ele>181.8</ele>
    <time>2024-06-08T10:10:52Z</time>
    <extensions>
     <gpxtpx:TrackPointExtension>
      <gpxtpx:atemp>37</gpxtpx:atemp>
     </gpxtpx:TrackPointExtension>
    </extensions>
   </trkpt>
   <trkpt lat="48.2394150" lon="16.3963280">
    <ele>181.8</ele>
    <time>2024-06-08T10:10:53Z</time>
    <extensions>
     <gpxtpx:TrackPointExtension>
      <gpxtpx:atemp>37</gpxtpx:atemp>
     </gpxtpx:TrackPointExtension>
    </extensions>
   </trkpt>
   <trkpt lat="48.2394940" lon="16.3962020">
    <ele>182.4</ele>
    <time>2024-06-08T10:10:55Z</time>
    <extensions>
     <gpxtpx:TrackPointExtension>
      <gpxtpx:atemp>37</gpxtpx:atemp>
     </gpxtpx:TrackPointExtension>
    </extensions>
   </trkpt>
   <trkpt lat="48.2395450" lon="16.3960770">
    <ele>182.6</ele>
    <time>2024-06-08T10:10:57Z</time>
    <extensions>
     <gpxtpx:TrackPointExtension>
      <gpxtpx:atemp>37</gpxtpx:atemp>
     </gpxtpx:TrackPointExtension>
    </extensions>
   </trkpt>
   <trkpt lat="48.2397370" lon="16.3953970">
    <ele>183.0</ele>
    <time>2024-06-08T10:11:06Z</time>
    <extensions>
     <gpxtpx:TrackPointExtension>
      <gpxtpx:atemp>37</gpxtpx:atemp>
     </gpxtpx:TrackPointExtension>
    </extensions>
   </trkpt>
   <trkpt lat="48.2399700" lon="16.3948010">
    <ele>182.8</ele>
    <time>2024-06-08T10:11:14Z</time>
    <extensions>
     <gpxtpx:TrackPointExtension>
      <gpxtpx:atemp>36</gpxtpx:atemp>
     </gpxtpx:TrackPointExtension>
    </extensions>
   </trkpt>
   <trkpt lat="48.2400740" lon="16.3945910">
    <ele>182.8</ele>
    <time>2024-06-08T10:11:17Z</time>
    <extensions>
     <gpxtpx:TrackPointExtension>
      <gpxtpx:atemp>36</gpxtpx:atemp>
     </gpxtpx:TrackPointExtension>
    </extensions>
   </trkpt>
   <trkpt lat="48.2402110" lon="16.3944130">
    <ele>182.6</ele>
    <time>2024-06-08T10:11:20Z</time>
    <extensions>
     <gpxtpx:TrackPointExtension>
      <gpxtpx:atemp>36</gpxtpx:atemp>
     </gpxtpx:TrackPointExtension>
    </extensions>
   </trkpt>
   <trkpt lat="48.2406690" lon="16.3940200">
    <ele>181.8</ele>
    <time>2024-06-08T10:11:29Z</time>
    <extensions>
     <gpxtpx:TrackPointExtension>
      <gpxtpx:atemp>36</gpxtpx:atemp>
     </gpxtpx:TrackPointExtension>
    </extensions>
   </trkpt>
   <trkpt lat="48.2410860" lon="16.3936930">
    <ele>181.8</ele>
    <time>2024-06-08T10:11:37Z</time>
    <extensions>
     <gpxtpx:TrackPointExtension>
      <gpxtpx:atemp>36</gpxtpx:atemp>
     </gpxtpx:TrackPointExtension>
    </extensions>
   </trkpt>
   <trkpt lat="48.2414940" lon="16.3932710">
    <ele>181.8</ele>
    <time>2024-06-08T10:11:45Z</time>
    <extensions>
     <gpxtpx:TrackPointExtension>
      <gpxtpx:atemp>36</gpxtpx:atemp>
     </gpxtpx:TrackPointExtension>
    </extensions>
   </trkpt>
   <trkpt lat="48.2418990" lon="16.3928660">
    <ele>181.6</ele>
    <time>2024-06-08T10:11:53Z</time>
    <extensions>
     <gpxtpx:TrackPointExtension>
      <gpxtpx:atemp>36</gpxtpx:atemp>
     </gpxtpx:TrackPointExtension>
    </extensions>
   </trkpt>
   <trkpt lat="48.2420510" lon="16.3927060">
    <ele>181.4</ele>
    <time>2024-06-08T10:11:56Z</time>
    <extensions>
     <gpxtpx:TrackPointExtension>
      <gpxtpx:atemp>36</gpxtpx:atemp>
     </gpxtpx:TrackPointExtension>
    </extensions>
   </trkpt>
   <trkpt lat="48.2422030" lon="16.3925430">
    <ele>181.4</ele>
    <time>2024-06-08T10:12:00Z</time>
    <extensions>
     <gpxtpx:TrackPointExtension>
      <gpxtpx:atemp>36</gpxtpx:atemp>
     </gpxtpx:TrackPointExtension>
    </extensions>
   </trkpt>
   <trkpt lat="48.2422990" lon="16.3924290">
    <ele>181.4</ele>
    <time>2024-06-08T10:12:01Z</time>
    <extensions>
     <gpxtpx:TrackPointExtension>
      <gpxtpx:atemp>36</gpxtpx:atemp>
     </gpxtpx:TrackPointExtension>
    </extensions>
   </trkpt>
   <trkpt lat="48.2423840" lon="16.3922990">
    <ele>181.4</ele>
    <time>2024-06-08T10:12:03Z</time>
    <extensions>
     <gpxtpx:TrackPointExtension>
      <gpxtpx:atemp>36</gpxtpx:atemp>
     </gpxtpx:TrackPointExtension>
    </extensions>
   </trkpt>
   <trkpt lat="48.2424540" lon="16.3921510">
    <ele>181.2</ele>
    <time>2024-06-08T10:12:05Z</time>
    <extensions>
     <gpxtpx:TrackPointExtension>
      <gpxtpx:atemp>36</gpxtpx:atemp>
     </gpxtpx:TrackPointExtension>
    </extensions>
   </trkpt>
   <trkpt lat="48.2427110" lon="16.3916660">
    <ele>181.2</ele>
    <time>2024-06-08T10:12:12Z</time>
    <extensions>
     <gpxtpx:TrackPointExtension>
      <gpxtpx:atemp>36</gpxtpx:atemp>
     </gpxtpx:TrackPointExtension>
    </extensions>
   </trkpt>
   <trkpt lat="48.2427580" lon="16.3916110">
    <ele>181.2</ele>
    <time>2024-06-08T10:12:13Z</time>
    <extensions>
     <gpxtpx:TrackPointExtension>
      <gpxtpx:atemp>36</gpxtpx:atemp>
     </gpxtpx:TrackPointExtension>
    </extensions>
   </trkpt>
   <trkpt lat="48.2430420" lon="16.3913150">
    <ele>181.2</ele>
    <time>2024-06-08T10:12:19Z</time>
    <extensions>
     <gpxtpx:TrackPointExtension>
      <gpxtpx:atemp>36</gpxtpx:atemp>
     </gpxtpx:TrackPointExtension>
    </extensions>
   </trkpt>
   <trkpt lat="48.2433530" lon="16.3911140">
    <ele>181.2</ele>
    <time>2024-06-08T10:12:25Z</time>
    <extensions>
     <gpxtpx:TrackPointExtension>
      <gpxtpx:atemp>36</gpxtpx:atemp>
     </gpxtpx:TrackPointExtension>
    </extensions>
   </trkpt>
   <trkpt lat="48.2435870" lon="16.3910990">
    <ele>181.2</ele>
    <time>2024-06-08T10:12:29Z</time>
    <extensions>
     <gpxtpx:TrackPointExtension>
      <gpxtpx:atemp>36</gpxtpx:atemp>
     </gpxtpx:TrackPointExtension>
    </extensions>
   </trkpt>
   <trkpt lat="48.2436490" lon="16.3911140">
    <ele>181.2</ele>
    <time>2024-06-08T10:12:30Z</time>
    <extensions>
     <gpxtpx:TrackPointExtension>
      <gpxtpx:atemp>36</gpxtpx:atemp>
     </gpxtpx:TrackPointExtension>
    </extensions>
   </trkpt>
   <trkpt lat="48.2441640" lon="16.3912520">
    <ele>180.8</ele>
    <time>2024-06-08T10:12:38Z</time>
    <extensions>
     <gpxtpx:TrackPointExtension>
      <gpxtpx:atemp>35</gpxtpx:atemp>
     </gpxtpx:TrackPointExtension>
    </extensions>
   </trkpt>
   <trkpt lat="48.2444250" lon="16.3913220">
    <ele>180.2</ele>
    <time>2024-06-08T10:12:42Z</time>
    <extensions>
     <gpxtpx:TrackPointExtension>
      <gpxtpx:atemp>35</gpxtpx:atemp>
     </gpxtpx:TrackPointExtension>
    </extensions>
   </trkpt>
   <trkpt lat="48.2447560" lon="16.3913710">
    <ele>179.4</ele>
    <time>2024-06-08T10:12:47Z</time>
    <extensions>
     <gpxtpx:TrackPointExtension>
      <gpxtpx:atemp>35</gpxtpx:atemp>
     </gpxtpx:TrackPointExtension>
    </extensions>
   </trkpt>
   <trkpt lat="48.2448900" lon="16.3913920">
    <ele>179.2</ele>
    <time>2024-06-08T10:12:49Z</time>
    <extensions>
     <gpxtpx:TrackPointExtension>
      <gpxtpx:atemp>35</gpxtpx:atemp>
     </gpxtpx:TrackPointExtension>
    </extensions>
   </trkpt>
   <trkpt lat="48.2449550" lon="16.3913960">
    <ele>179.2</ele>
    <time>2024-06-08T10:12:50Z</time>
    <extensions>
     <gpxtpx:TrackPointExtension>
      <gpxtpx:atemp>35</gpxtpx:atemp>
     </gpxtpx:TrackPointExtension>
    </extensions>
   </trkpt>
   <trkpt lat="48.2451610" lon="16.3914030">
    <ele>179.0</ele>
    <time>2024-06-08T10:12:53Z</time>
    <extensions>
     <gpxtpx:TrackPointExtension>
      <gpxtpx:atemp>35</gpxtpx:atemp>
     </gpxtpx:TrackPointExtension>
    </extensions>
   </trkpt>
   <trkpt lat="48.2455080" lon="16.3913690">
    <ele>178.8</ele>
    <time>2024-06-08T10:12:59Z</time>
    <extensions>
     <gpxtpx:TrackPointExtension>
      <gpxtpx:atemp>35</gpxtpx:atemp>
     </gpxtpx:TrackPointExtension>
    </extensions>
   </trkpt>
   <trkpt lat="48.2456640" lon="16.3913400">
    <ele>179.0</ele>
    <time>2024-06-08T10:13:02Z</time>
    <extensions>
     <gpxtpx:TrackPointExtension>
      <gpxtpx:atemp>35</gpxtpx:atemp>
     </gpxtpx:TrackPointExtension>
    </extensions>
   </trkpt>
   <trkpt lat="48.2457670" lon="16.3912940">
    <ele>179.2</ele>
    <time>2024-06-08T10:13:04Z</time>
    <extensions>
     <gpxtpx:TrackPointExtension>
      <gpxtpx:atemp>35</gpxtpx:atemp>
     </gpxtpx:TrackPointExtension>
    </extensions>
   </trkpt>
   <trkpt lat="48.2458170" lon="16.3912640">
    <ele>179.6</ele>
    <time>2024-06-08T10:13:05Z</time>
    <extensions>
     <gpxtpx:TrackPointExtension>
      <gpxtpx:atemp>35</gpxtpx:atemp>
     </gpxtpx:TrackPointExtension>
    </extensions>
   </trkpt>
   <trkpt lat="48.2458640" lon="16.3912250">
    <ele>180.0</ele>
    <time>2024-06-08T10:13:06Z</time>
    <extensions>
     <gpxtpx:TrackPointExtension>
      <gpxtpx:atemp>35</gpxtpx:atemp>
     </gpxtpx:TrackPointExtension>
    </extensions>
   </trkpt>
   <trkpt lat="48.2459600" lon="16.3911350">
    <ele>180.4</ele>
    <time>2024-06-08T10:13:08Z</time>
    <extensions>
     <gpxtpx:TrackPointExtension>
      <gpxtpx:atemp>35</gpxtpx:atemp>
     </gpxtpx:TrackPointExtension>
    </extensions>
   </trkpt>
   <trkpt lat="48.2461090" lon="16.3910120">
    <ele>181.2</ele>
    <time>2024-06-08T10:13:11Z</time>
    <extensions>
     <gpxtpx:TrackPointExtension>
      <gpxtpx:atemp>35</gpxtpx:atemp>
     </gpxtpx:TrackPointExtension>
    </extensions>
   </trkpt>
   <trkpt lat="48.2461920" lon="16.3909220">
    <ele>181.4</ele>
    <time>2024-06-08T10:13:13Z</time>
    <extensions>
     <gpxtpx:TrackPointExtension>
      <gpxtpx:atemp>35</gpxtpx:atemp>
     </gpxtpx:TrackPointExtension>
    </extensions>
   </trkpt>
   <trkpt lat="48.2464890" lon="16.3906500">
    <ele>181.8</ele>
    <time>2024-06-08T10:13:20Z</time>
    <extensions>
     <gpxtpx:TrackPointExtension>
      <gpxtpx:atemp>35</gpxtpx:atemp>
     </gpxtpx:TrackPointExtension>
    </extensions>
   </trkpt>
   <trkpt lat="48.2468770" lon="16.3902790">
    <ele>182.0</ele>
    <time>2024-06-08T10:13:29Z</time>
    <extensions>
     <gpxtpx:TrackPointExtension>
      <gpxtpx:atemp>35</gpxtpx:atemp>
     </gpxtpx:TrackPointExtension>
    </extensions>
   </trkpt>
   <trkpt lat="48.2469180" lon="16.3902320">
    <ele>182.0</ele>
    <time>2024-06-08T10:13:30Z</time>
    <extensions>
     <gpxtpx:TrackPointExtension>
      <gpxtpx:atemp>35</gpxtpx:atemp>
     </gpxtpx:TrackPointExtension>
    </extensions>
   </trkpt>
   <trkpt lat="48.2471960" lon="16.3898550">
    <ele>182.0</ele>
    <time>2024-06-08T10:13:37Z</time>
    <extensions>
     <gpxtpx:TrackPointExtension>
      <gpxtpx:atemp>35</gpxtpx:atemp>
     </gpxtpx:TrackPointExtension>
    </extensions>
   </trkpt>
   <trkpt lat="48.2475130" lon="16.3895340">
    <ele>181.8</ele>
    <time>2024-06-08T10:13:44Z</time>
    <extensions>
     <gpxtpx:TrackPointExtension>
      <gpxtpx:atemp>35</gpxtpx:atemp>
     </gpxtpx:TrackPointExtension>
    </extensions>
   </trkpt>
   <trkpt lat="48.2480000" lon="16.3890530">
    <ele>181.8</ele>
    <time>2024-06-08T10:13:54Z</time>
    <extensions>
     <gpxtpx:TrackPointExtension>
      <gpxtpx:atemp>35</gpxtpx:atemp>
     </gpxtpx:TrackPointExtension>
    </extensions>
   </trkpt>
   <trkpt lat="48.2482930" lon="16.3887960">
    <ele>182.2</ele>
    <time>2024-06-08T10:14:00Z</time>
    <extensions>
     <gpxtpx:TrackPointExtension>
      <gpxtpx:atemp>35</gpxtpx:atemp>
     </gpxtpx:TrackPointExtension>
    </extensions>
   </trkpt>
   <trkpt lat="48.2483420" lon="16.3887740">
    <ele>182.4</ele>
    <time>2024-06-08T10:14:01Z</time>
    <extensions>
     <gpxtpx:TrackPointExtension>
      <gpxtpx:atemp>35</gpxtpx:atemp>
     </gpxtpx:TrackPointExtension>
    </extensions>
   </trkpt>
   <trkpt lat="48.2486190" lon="16.3886480">
    <ele>182.4</ele>
    <time>2024-06-08T10:14:06Z</time>
    <extensions>
     <gpxtpx:TrackPointExtension>
      <gpxtpx:atemp>35</gpxtpx:atemp>
     </gpxtpx:TrackPointExtension>
    </extensions>
   </trkpt>
   <trkpt lat="48.2486840" lon="16.3885900">
    <ele>182.4</ele>
    <time>2024-06-08T10:14:07Z</time>
    <extensions>
     <gpxtpx:TrackPointExtension>
      <gpxtpx:atemp>35</gpxtpx:atemp>
     </gpxtpx:TrackPointExtension>
    </extensions>
   </trkpt>
   <trkpt lat="48.2489220" lon="16.3883320">
    <ele>182.4</ele>
    <time>2024-06-08T10:14:11Z</time>
    <extensions>
     <gpxtpx:TrackPointExtension>
      <gpxtpx:atemp>35</gpxtpx:atemp>
     </gpxtpx:TrackPointExtension>
    </extensions>
   </trkpt>
   <trkpt lat="48.2491190" lon="16.3881420">
    <ele>181.4</ele>
    <time>2024-06-08T10:14:14Z</time>
    <extensions>
     <gpxtpx:TrackPointExtension>
      <gpxtpx:atemp>35</gpxtpx:atemp>
     </gpxtpx:TrackPointExtension>
    </extensions>
   </trkpt>
   <trkpt lat="48.2492690" lon="16.3880160">
    <ele>179.8</ele>
    <time>2024-06-08T10:14:16Z</time>
    <extensions>
     <gpxtpx:TrackPointExtension>
      <gpxtpx:atemp>35</gpxtpx:atemp>
     </gpxtpx:TrackPointExtension>
    </extensions>
   </trkpt>
   <trkpt lat="48.2493390" lon="16.3879320">
    <ele>179.6</ele>
    <time>2024-06-08T10:14:17Z</time>
    <extensions>
     <gpxtpx:TrackPointExtension>
      <gpxtpx:atemp>35</gpxtpx:atemp>
     </gpxtpx:TrackPointExtension>
    </extensions>
   </trkpt>
   <trkpt lat="48.2495800" lon="16.3875180">
    <ele>179.0</ele>
    <time>2024-06-08T10:14:22Z</time>
    <extensions>
     <gpxtpx:TrackPointExtension>
      <gpxtpx:atemp>35</gpxtpx:atemp>
     </gpxtpx:TrackPointExtension>
    </extensions>
   </trkpt>
   <trkpt lat="48.2497260" lon="16.3871620">
    <ele>179.0</ele>
    <time>2024-06-08T10:14:27Z</time>
    <extensions>
     <gpxtpx:TrackPointExtension>
      <gpxtpx:atemp>35</gpxtpx:atemp>
     </gpxtpx:TrackPointExtension>
    </extensions>
   </trkpt>
   <trkpt lat="48.2498190" lon="16.3868260">
    <ele>181.2</ele>
    <time>2024-06-08T10:14:32Z</time>
    <extensions>
     <gpxtpx:TrackPointExtension>
      <gpxtpx:atemp>34</gpxtpx:atemp>
     </gpxtpx:TrackPointExtension>
    </extensions>
   </trkpt>
   <trkpt lat="48.2498480" lon="16.3866910">
    <ele>182.2</ele>
    <time>2024-06-08T10:14:34Z</time>
    <extensions>
     <gpxtpx:TrackPointExtension>
      <gpxtpx:atemp>35</gpxtpx:atemp>
     </gpxtpx:TrackPointExtension>
    </extensions>
   </trkpt>
   <trkpt lat="48.2498820" lon="16.3864790">
    <ele>183.4</ele>
    <time>2024-06-08T10:14:37Z</time>
    <extensions>
     <gpxtpx:TrackPointExtension>
      <gpxtpx:atemp>35</gpxtpx:atemp>
     </gpxtpx:TrackPointExtension>
    </extensions>
   </trkpt>
   <trkpt lat="48.2499180" lon="16.3862510">
    <ele>184.4</ele>
    <time>2024-06-08T10:14:40Z</time>
    <extensions>
     <gpxtpx:TrackPointExtension>
      <gpxtpx:atemp>35</gpxtpx:atemp>
     </gpxtpx:TrackPointExtension>
    </extensions>
   </trkpt>
   <trkpt lat="48.2499330" lon="16.3861750">
    <ele>184.6</ele>
    <time>2024-06-08T10:14:41Z</time>
    <extensions>
     <gpxtpx:TrackPointExtension>
      <gpxtpx:atemp>35</gpxtpx:atemp>
     </gpxtpx:TrackPointExtension>
    </extensions>
   </trkpt>
   <trkpt lat="48.2499760" lon="16.3859420">
    <ele>185.0</ele>
    <time>2024-06-08T10:14:44Z</time>
    <extensions>
     <gpxtpx:TrackPointExtension>
      <gpxtpx:atemp>35</gpxtpx:atemp>
     </gpxtpx:TrackPointExtension>
    </extensions>
   </trkpt>
   <trkpt lat="48.2500620" lon="16.3855400">
    <ele>185.0</ele>
    <time>2024-06-08T10:14:49Z</time>
    <extensions>
     <gpxtpx:TrackPointExtension>
      <gpxtpx:atemp>34</gpxtpx:atemp>
     </gpxtpx:TrackPointExtension>
    </extensions>
   </trkpt>
   <trkpt lat="48.2502510" lon="16.3848570">
    <ele>185.0</ele>
    <time>2024-06-08T10:14:57Z</time>
    <extensions>
     <gpxtpx:TrackPointExtension>
      <gpxtpx:atemp>34</gpxtpx:atemp>
     </gpxtpx:TrackPointExtension>
    </extensions>
   </trkpt>
   <trkpt lat="48.2503570" lon="16.3846160">
    <ele>184.8</ele>
    <time>2024-06-08T10:15:00Z</time>
    <extensions>
     <gpxtpx:TrackPointExtension>
      <gpxtpx:atemp>34</gpxtpx:atemp>
     </gpxtpx:TrackPointExtension>
    </extensions>
   </trkpt>
   <trkpt lat="48.2504600" lon="16.3844800">
    <ele>184.8</ele>
    <time>2024-06-08T10:15:02Z</time>
    <extensions>
     <gpxtpx:TrackPointExtension>
      <gpxtpx:atemp>34</gpxtpx:atemp>
     </gpxtpx:TrackPointExtension>
    </extensions>
   </trkpt>
   <trkpt lat="48.2508460" lon="16.3840160">
    <ele>184.4</ele>
    <time>2024-06-08T10:15:09Z</time>
    <extensions>
     <gpxtpx:TrackPointExtension>
      <gpxtpx:atemp>34</gpxtpx:atemp>
     </gpxtpx:TrackPointExtension>
    </extensions>
   </trkpt>
   <trkpt lat="48.2511950" lon="16.3836800">
    <ele>183.4</ele>
    <time>2024-06-08T10:15:15Z</time>
    <extensions>
     <gpxtpx:TrackPointExtension>
      <gpxtpx:atemp>34</gpxtpx:atemp>
     </gpxtpx:TrackPointExtension>
    </extensions>
   </trkpt>
   <trkpt lat="48.2513580" lon="16.3835220">
    <ele>183.2</ele>
    <time>2024-06-08T10:15:18Z</time>
    <extensions>
     <gpxtpx:TrackPointExtension>
      <gpxtpx:atemp>34</gpxtpx:atemp>
     </gpxtpx:TrackPointExtension>
    </extensions>
   </trkpt>
   <trkpt lat="48.2517440" lon="16.3831550">
    <ele>183.2</ele>
    <time>2024-06-08T10:15:25Z</time>
    <extensions>
     <gpxtpx:TrackPointExtension>
      <gpxtpx:atemp>34</gpxtpx:atemp>
     </gpxtpx:TrackPointExtension>
    </extensions>
   </trkpt>
   <trkpt lat="48.2520830" lon="16.3828310">
    <ele>183.4</ele>
    <time>2024-06-08T10:15:31Z</time>
    <extensions>
     <gpxtpx:TrackPointExtension>
      <gpxtpx:atemp>34</gpxtpx:atemp>
     </gpxtpx:TrackPointExtension>
    </extensions>
   </trkpt>
   <trkpt lat="48.2522610" lon="16.3826900">
    <ele>183.4</ele>
    <time>2024-06-08T10:15:34Z</time>
    <extensions>
     <gpxtpx:TrackPointExtension>
      <gpxtpx:atemp>34</gpxtpx:atemp>
     </gpxtpx:TrackPointExtension>
    </extensions>
   </trkpt>
   <trkpt lat="48.2526760" lon="16.3824220">
    <ele>183.6</ele>
    <time>2024-06-08T10:15:41Z</time>
    <extensions>
     <gpxtpx:TrackPointExtension>
      <gpxtpx:atemp>34</gpxtpx:atemp>
     </gpxtpx:TrackPointExtension>
    </extensions>
   </trkpt>
   <trkpt lat="48.2531590" lon="16.3820750">
    <ele>183.6</ele>
    <time>2024-06-08T10:15:49Z</time>
    <extensions>
     <gpxtpx:TrackPointExtension>
      <gpxtpx:atemp>34</gpxtpx:atemp>
     </gpxtpx:TrackPointExtension>
    </extensions>
   </trkpt>
   <trkpt lat="48.2536510" lon="16.3816240">
    <ele>183.2</ele>
    <time>2024-06-08T10:15:58Z</time>
    <extensions>
     <gpxtpx:TrackPointExtension>
      <gpxtpx:atemp>34</gpxtpx:atemp>
     </gpxtpx:TrackPointExtension>
    </extensions>
   </trkpt>
   <trkpt lat="48.2540160" lon="16.3813170">
    <ele>183.2</ele>
    <time>2024-06-08T10:16:05Z</time>
    <extensions>
     <gpxtpx:TrackPointExtension>
      <gpxtpx:atemp>34</gpxtpx:atemp>
     </gpxtpx:TrackPointExtension>
    </extensions>
   </trkpt>
   <trkpt lat="48.2543940" lon="16.3809450">
    <ele>183.0</ele>
    <time>2024-06-08T10:16:13Z</time>
    <extensions>
     <gpxtpx:TrackPointExtension>
      <gpxtpx:atemp>34</gpxtpx:atemp>
     </gpxtpx:TrackPointExtension>
    </extensions>
   </trkpt>
   <trkpt lat="48.2546220" lon="16.3807110">
    <ele>182.8</ele>
    <time>2024-06-08T10:16:18Z</time>
    <extensions>
     <gpxtpx:TrackPointExtension>
      <gpxtpx:atemp>34</gpxtpx:atemp>
     </gpxtpx:TrackPointExtension>
    </extensions>
   </trkpt>
   <trkpt lat="48.2547190" lon="16.3806260">
    <ele>182.6</ele>
    <time>2024-06-08T10:16:20Z</time>
    <extensions>
     <gpxtpx:TrackPointExtension>
      <gpxtpx:atemp>34</gpxtpx:atemp>
     </gpxtpx:TrackPointExtension>
    </extensions>
   </trkpt>
   <trkpt lat="48.2547660" lon="16.3805820">
    <ele>182.6</ele>
    <time>2024-06-08T10:16:21Z</time>
    <extensions>
     <gpxtpx:TrackPointExtension>
      <gpxtpx:atemp>34</gpxtpx:atemp>
     </gpxtpx:TrackPointExtension>
    </extensions>
   </trkpt>
   <trkpt lat="48.2551130" lon="16.3802390">
    <ele>182.6</ele>
    <time>2024-06-08T10:16:28Z</time>
    <extensions>
     <gpxtpx:TrackPointExtension>
      <gpxtpx:atemp>34</gpxtpx:atemp>
     </gpxtpx:TrackPointExtension>
    </extensions>
   </trkpt>
   <trkpt lat="48.2551650" lon="16.3801720">
    <ele>182.6</ele>
    <time>2024-06-08T10:16:29Z</time>
    <extensions>
     <gpxtpx:TrackPointExtension>
      <gpxtpx:atemp>34</gpxtpx:atemp>
     </gpxtpx:TrackPointExtension>
    </extensions>
   </trkpt>
   <trkpt lat="48.2555270" lon="16.3798510">
    <ele>182.4</ele>
    <time>2024-06-08T10:16:36Z</time>
    <extensions>
     <gpxtpx:TrackPointExtension>
      <gpxtpx:atemp>34</gpxtpx:atemp>
     </gpxtpx:TrackPointExtension>
    </extensions>
   </trkpt>
   <trkpt lat="48.2560280" lon="16.3793940">
    <ele>182.8</ele>
    <time>2024-06-08T10:16:46Z</time>
    <extensions>
     <gpxtpx:TrackPointExtension>
      <gpxtpx:atemp>34</gpxtpx:atemp>
     </gpxtpx:TrackPointExtension>
    </extensions>
   </trkpt>
   <trkpt lat="48.2564990" lon="16.3788640">
    <ele>183.6</ele>
    <time>2024-06-08T10:16:56Z</time>
    <extensions>
     <gpxtpx:TrackPointExtension>
      <gpxtpx:atemp>34</gpxtpx:atemp>
     </gpxtpx:TrackPointExtension>
    </extensions>
   </trkpt>
   <trkpt lat="48.2565440" lon="16.3788080">
    <ele>183.6</ele>
    <time>2024-06-08T10:16:57Z</time>
    <extensions>
     <gpxtpx:TrackPointExtension>
      <gpxtpx:atemp>34</gpxtpx:atemp>
     </gpxtpx:TrackPointExtension>
    </extensions>
   </trkpt>
   <trkpt lat="48.2569620" lon="16.3782970">
    <ele>184.0</ele>
    <time>2024-06-08T10:17:06Z</time>
    <extensions>
     <gpxtpx:TrackPointExtension>
      <gpxtpx:atemp>34</gpxtpx:atemp>
     </gpxtpx:TrackPointExtension>
    </extensions>
   </trkpt>
   <trkpt lat="48.2571080" lon="16.3781350">
    <ele>184.0</ele>
    <time>2024-06-08T10:17:09Z</time>
    <extensions>
     <gpxtpx:TrackPointExtension>
      <gpxtpx:atemp>34</gpxtpx:atemp>
     </gpxtpx:TrackPointExtension>
    </extensions>
   </trkpt>
   <trkpt lat="48.2575710" lon="16.3776910">
    <ele>184.4</ele>
    <time>2024-06-08T10:17:18Z</time>
    <extensions>
     <gpxtpx:TrackPointExtension>
      <gpxtpx:atemp>34</gpxtpx:atemp>
     </gpxtpx:TrackPointExtension>
    </extensions>
   </trkpt>
   <trkpt lat="48.2576240" lon="16.3776480">
    <ele>184.4</ele>
    <time>2024-06-08T10:17:19Z</time>
    <extensions>
     <gpxtpx:TrackPointExtension>
      <gpxtpx:atemp>34</gpxtpx:atemp>
     </gpxtpx:TrackPointExtension>
    </extensions>
   </trkpt>
   <trkpt lat="48.2580990" lon="16.3772520">
    <ele>184.2</ele>
    <time>2024-06-08T10:17:28Z</time>
    <extensions>
     <gpxtpx:TrackPointExtension>
      <gpxtpx:atemp>34</gpxtpx:atemp>
     </gpxtpx:TrackPointExtension>
    </extensions>
   </trkpt>
   <trkpt lat="48.2582580" lon="16.3771170">
    <ele>184.2</ele>
    <time>2024-06-08T10:17:31Z</time>
    <extensions>
     <gpxtpx:TrackPointExtension>
      <gpxtpx:atemp>34</gpxtpx:atemp>
     </gpxtpx:TrackPointExtension>
    </extensions>
   </trkpt>
   <trkpt lat="48.2587140" lon="16.3767660">
    <ele>184.2</ele>
    <time>2024-06-08T10:17:40Z</time>
    <extensions>
     <gpxtpx:TrackPointExtension>
      <gpxtpx:atemp>34</gpxtpx:atemp>
     </gpxtpx:TrackPointExtension>
    </extensions>
   </trkpt>
   <trkpt lat="48.2589020" lon="16.3766110">
    <ele>184.6</ele>
    <time>2024-06-08T10:17:44Z</time>
    <extensions>
     <gpxtpx:TrackPointExtension>
      <gpxtpx:atemp>34</gpxtpx:atemp>
     </gpxtpx:TrackPointExtension>
    </extensions>
   </trkpt>
   <trkpt lat="48.2590930" lon="16.3764460">
    <ele>185.0</ele>
    <time>2024-06-08T10:17:48Z</time>
    <extensions>
     <gpxtpx:TrackPointExtension>
      <gpxtpx:atemp>34</gpxtpx:atemp>
     </gpxtpx:TrackPointExtension>
    </extensions>
   </trkpt>
   <trkpt lat="48.2595520" lon="16.3760590">
    <ele>185.6</ele>
    <time>2024-06-08T10:17:57Z</time>
    <extensions>
     <gpxtpx:TrackPointExtension>
      <gpxtpx:atemp>34</gpxtpx:atemp>
     </gpxtpx:TrackPointExtension>
    </extensions>
   </trkpt>
   <trkpt lat="48.2600230" lon="16.3756620">
    <ele>185.6</ele>
    <time>2024-06-08T10:18:06Z</time>
    <extensions>
     <gpxtpx:TrackPointExtension>
      <gpxtpx:atemp>34</gpxtpx:atemp>
     </gpxtpx:TrackPointExtension>
    </extensions>
   </trkpt>
   <trkpt lat="48.2601830" lon="16.3755260">
    <ele>185.6</ele>
    <time>2024-06-08T10:18:09Z</time>
    <extensions>
     <gpxtpx:TrackPointExtension>
      <gpxtpx:atemp>34</gpxtpx:atemp>
     </gpxtpx:TrackPointExtension>
    </extensions>
   </trkpt>
   <trkpt lat="48.2606660" lon="16.3751070">
    <ele>185.4</ele>
    <time>2024-06-08T10:18:18Z</time>
    <extensions>
     <gpxtpx:TrackPointExtension>
      <gpxtpx:atemp>34</gpxtpx:atemp>
     </gpxtpx:TrackPointExtension>
    </extensions>
   </trkpt>
   <trkpt lat="48.2611530" lon="16.3746950">
    <ele>185.4</ele>
    <time>2024-06-08T10:18:27Z</time>
    <extensions>
     <gpxtpx:TrackPointExtension>
      <gpxtpx:atemp>34</gpxtpx:atemp>
     </gpxtpx:TrackPointExtension>
    </extensions>
   </trkpt>
   <trkpt lat="48.2615710" lon="16.3743010">
    <ele>185.4</ele>
    <time>2024-06-08T10:18:35Z</time>
    <extensions>
     <gpxtpx:TrackPointExtension>
      <gpxtpx:atemp>34</gpxtpx:atemp>
     </gpxtpx:TrackPointExtension>
    </extensions>
   </trkpt>
   <trkpt lat="48.2620610" lon="16.3738550">
    <ele>185.4</ele>
    <time>2024-06-08T10:18:44Z</time>
    <extensions>
     <gpxtpx:TrackPointExtension>
      <gpxtpx:atemp>34</gpxtpx:atemp>
     </gpxtpx:TrackPointExtension>
    </extensions>
   </trkpt>
   <trkpt lat="48.2621740" lon="16.3737610">
    <ele>185.2</ele>
    <time>2024-06-08T10:18:46Z</time>
    <extensions>
     <gpxtpx:TrackPointExtension>
      <gpxtpx:atemp>34</gpxtpx:atemp>
     </gpxtpx:TrackPointExtension>
    </extensions>
   </trkpt>
   <trkpt lat="48.2626700" lon="16.3733810">
    <ele>185.2</ele>
    <time>2024-06-08T10:18:55Z</time>
    <extensions>
     <gpxtpx:TrackPointExtension>
      <gpxtpx:atemp>34</gpxtpx:atemp>
     </gpxtpx:TrackPointExtension>
    </extensions>
   </trkpt>
   <trkpt lat="48.2627780" lon="16.3732940">
    <ele>185.2</ele>
    <time>2024-06-08T10:18:57Z</time>
    <extensions>
     <gpxtpx:TrackPointExtension>
      <gpxtpx:atemp>34</gpxtpx:atemp>
     </gpxtpx:TrackPointExtension>
    </extensions>
   </trkpt>
   <trkpt lat="48.2632830" lon="16.3729110">
    <ele>185.2</ele>
    <time>2024-06-08T10:19:06Z</time>
    <extensions>
     <gpxtpx:TrackPointExtension>
      <gpxtpx:atemp>34</gpxtpx:atemp>
     </gpxtpx:TrackPointExtension>
    </extensions>
   </trkpt>
   <trkpt lat="48.2634330" lon="16.3727940">
    <ele>185.2</ele>
    <time>2024-06-08T10:19:09Z</time>
    <extensions>
     <gpxtpx:TrackPointExtension>
      <gpxtpx:atemp>34</gpxtpx:atemp>
     </gpxtpx:TrackPointExtension>
    </extensions>
   </trkpt>
   <trkpt lat="48.2639160" lon="16.3724220">
    <ele>185.4</ele>
    <time>2024-06-08T10:19:18Z</time>
    <extensions>
     <gpxtpx:TrackPointExtension>
      <gpxtpx:atemp>34</gpxtpx:atemp>
     </gpxtpx:TrackPointExtension>
    </extensions>
   </trkpt>
   <trkpt lat="48.2640230" lon="16.3723340">
    <ele>185.4</ele>
    <time>2024-06-08T10:19:20Z</time>
    <extensions>
     <gpxtpx:TrackPointExtension>
      <gpxtpx:atemp>34</gpxtpx:atemp>
     </gpxtpx:TrackPointExtension>
    </extensions>
   </trkpt>
   <trkpt lat="48.2645030" lon="16.3719330">
    <ele>185.6</ele>
    <time>2024-06-08T10:19:29Z</time>
    <extensions>
     <gpxtpx:TrackPointExtension>
      <gpxtpx:atemp>34</gpxtpx:atemp>
     </gpxtpx:TrackPointExtension>
    </extensions>
   </trkpt>
   <trkpt lat="48.2645560" lon="16.3718860">
    <ele>185.6</ele>
    <time>2024-06-08T10:19:30Z</time>
    <extensions>
     <gpxtpx:TrackPointExtension>
      <gpxtpx:atemp>34</gpxtpx:atemp>
     </gpxtpx:TrackPointExtension>
    </extensions>
   </trkpt>
   <trkpt lat="48.2647200" lon="16.3717480">
    <ele>185.6</ele>
    <time>2024-06-08T10:19:33Z</time>
    <extensions>
     <gpxtpx:TrackPointExtension>
      <gpxtpx:atemp>34</gpxtpx:atemp>
     </gpxtpx:TrackPointExtension>
    </extensions>
   </trkpt>
   <trkpt lat="48.2652220" lon="16.3713520">
    <ele>185.8</ele>
    <time>2024-06-08T10:19:42Z</time>
    <extensions>
     <gpxtpx:TrackPointExtension>
      <gpxtpx:atemp>34</gpxtpx:atemp>
     </gpxtpx:TrackPointExtension>
    </extensions>
   </trkpt>
   <trkpt lat="48.2657620" lon="16.3711060">
    <ele>185.8</ele>
    <time>2024-06-08T10:19:51Z</time>
    <extensions>
     <gpxtpx:TrackPointExtension>
      <gpxtpx:atemp>34</gpxtpx:atemp>
     </gpxtpx:TrackPointExtension>
    </extensions>
   </trkpt>
   <trkpt lat="48.2661100" lon="16.3709870">
    <ele>185.6</ele>
    <time>2024-06-08T10:19:57Z</time>
    <extensions>
     <gpxtpx:TrackPointExtension>
      <gpxtpx:atemp>34</gpxtpx:atemp>
     </gpxtpx:TrackPointExtension>
    </extensions>
   </trkpt>
   <trkpt lat="48.2662250" lon="16.3710010">
    <ele>185.6</ele>
    <time>2024-06-08T10:19:59Z</time>
    <extensions>
     <gpxtpx:TrackPointExtension>
      <gpxtpx:atemp>34</gpxtpx:atemp>
     </gpxtpx:TrackPointExtension>
    </extensions>
   </trkpt>
   <trkpt lat="48.2667070" lon="16.3711720">
    <ele>185.4</ele>
    <time>2024-06-08T10:20:08Z</time>
    <extensions>
     <gpxtpx:TrackPointExtension>
      <gpxtpx:atemp>34</gpxtpx:atemp>
     </gpxtpx:TrackPointExtension>
    </extensions>
   </trkpt>
   <trkpt lat="48.2671330" lon="16.3713130">
    <ele>185.6</ele>
    <time>2024-06-08T10:20:17Z</time>
    <extensions>
     <gpxtpx:TrackPointExtension>
      <gpxtpx:atemp>34</gpxtpx:atemp>
     </gpxtpx:TrackPointExtension>
    </extensions>
   </trkpt>
   <trkpt lat="48.2673340" lon="16.3713410">
    <ele>186.0</ele>
    <time>2024-06-08T10:20:21Z</time>
    <extensions>
     <gpxtpx:TrackPointExtension>
      <gpxtpx:atemp>34</gpxtpx:atemp>
     </gpxtpx:TrackPointExtension>
    </extensions>
   </trkpt>
   <trkpt lat="48.2674360" lon="16.3713130">
    <ele>186.2</ele>
    <time>2024-06-08T10:20:23Z</time>
    <extensions>
     <gpxtpx:TrackPointExtension>
      <gpxtpx:atemp>35</gpxtpx:atemp>
     </gpxtpx:TrackPointExtension>
    </extensions>
   </trkpt>
   <trkpt lat="48.2677170" lon="16.3711210">
    <ele>186.4</ele>
    <time>2024-06-08T10:20:30Z</time>
    <extensions>
     <gpxtpx:TrackPointExtension>
      <gpxtpx:atemp>35</gpxtpx:atemp>
     </gpxtpx:TrackPointExtension>
    </extensions>
   </trkpt>
   <trkpt lat="48.2679250" lon="16.3709560">
    <ele>186.4</ele>
    <time>2024-06-08T10:20:35Z</time>
    <extensions>
     <gpxtpx:TrackPointExtension>
      <gpxtpx:atemp>35</gpxtpx:atemp>
     </gpxtpx:TrackPointExtension>
    </extensions>
   </trkpt>
   <trkpt lat="48.2681580" lon="16.3707690">
    <ele>186.4</ele>
    <time>2024-06-08T10:20:40Z</time>
    <extensions>
     <gpxtpx:TrackPointExtension>
      <gpxtpx:atemp>35</gpxtpx:atemp>
     </gpxtpx:TrackPointExtension>
    </extensions>
   </trkpt>
   <trkpt lat="48.2685320" lon="16.3704770">
    <ele>186.4</ele>
    <time>2024-06-08T10:20:48Z</time>
    <extensions>
     <gpxtpx:TrackPointExtension>
      <gpxtpx:atemp>35</gpxtpx:atemp>
     </gpxtpx:TrackPointExtension>
    </extensions>
   </trkpt>
   <trkpt lat="48.2689540" lon="16.3701330">
    <ele>186.4</ele>
    <time>2024-06-08T10:20:57Z</time>
    <extensions>
     <gpxtpx:TrackPointExtension>
      <gpxtpx:atemp>35</gpxtpx:atemp>
     </gpxtpx:TrackPointExtension>
    </extensions>
   </trkpt>
   <trkpt lat="48.2694500" lon="16.3697380">
    <ele>186.2</ele>
    <time>2024-06-08T10:21:07Z</time>
    <extensions>
     <gpxtpx:TrackPointExtension>
      <gpxtpx:atemp>35</gpxtpx:atemp>
     </gpxtpx:TrackPointExtension>
    </extensions>
   </trkpt>
   <trkpt lat="48.2698890" lon="16.3693750">
    <ele>186.4</ele>
    <time>2024-06-08T10:21:16Z</time>
    <extensions>
     <gpxtpx:TrackPointExtension>
      <gpxtpx:atemp>35</gpxtpx:atemp>
     </gpxtpx:TrackPointExtension>
    </extensions>
   </trkpt>
   <trkpt lat="48.2703780" lon="16.3689800">
    <ele>186.4</ele>
    <time>2024-06-08T10:21:25Z</time>
    <extensions>
     <gpxtpx:TrackPointExtension>
      <gpxtpx:atemp>35</gpxtpx:atemp>
     </gpxtpx:TrackPointExtension>
    </extensions>
   </trkpt>
   <trkpt lat="48.2704370" lon="16.3689350">
    <ele>186.4</ele>
    <time>2024-06-08T10:21:26Z</time>
    <extensions>
     <gpxtpx:TrackPointExtension>
      <gpxtpx:atemp>35</gpxtpx:atemp>
     </gpxtpx:TrackPointExtension>
    </extensions>
   </trkpt>
   <trkpt lat="48.2709390" lon="16.3685340">
    <ele>186.4</ele>
    <time>2024-06-08T10:21:35Z</time>
    <extensions>
     <gpxtpx:TrackPointExtension>
      <gpxtpx:atemp>35</gpxtpx:atemp>
     </gpxtpx:TrackPointExtension>
    </extensions>
   </trkpt>
   <trkpt lat="48.2709940" lon="16.3684890">
    <ele>186.2</ele>
    <time>2024-06-08T10:21:36Z</time>
    <extensions>
     <gpxtpx:TrackPointExtension>
      <gpxtpx:atemp>35</gpxtpx:atemp>
     </gpxtpx:TrackPointExtension>
    </extensions>
   </trkpt>
   <trkpt lat="48.2715200" lon="16.3681000">
    <ele>186.2</ele>
    <time>2024-06-08T10:21:45Z</time>
    <extensions>
     <gpxtpx:TrackPointExtension>
      <gpxtpx:atemp>35</gpxtpx:atemp>
     </gpxtpx:TrackPointExtension>
    </extensions>
   </trkpt>
   <trkpt lat="48.2717620" lon="16.3679280">
    <ele>186.0</ele>
    <time>2024-06-08T10:21:49Z</time>
    <extensions>
     <gpxtpx:TrackPointExtension>
      <gpxtpx:atemp>35</gpxtpx:atemp>
     </gpxtpx:TrackPointExtension>
    </extensions>
   </trkpt>
   <trkpt lat="48.2722880" lon="16.3675450">
    <ele>185.8</ele>
    <time>2024-06-08T10:21:58Z</time>
    <extensions>
     <gpxtpx:TrackPointExtension>
      <gpxtpx:atemp>35</gpxtpx:atemp>
     </gpxtpx:TrackPointExtension>
    </extensions>
   </trkpt>
   <trkpt lat="48.2723990" lon="16.3674550">
    <ele>185.8</ele>
    <time>2024-06-08T10:22:00Z</time>
    <extensions>
     <gpxtpx:TrackPointExtension>
      <gpxtpx:atemp>35</gpxtpx:atemp>
     </gpxtpx:TrackPointExtension>
    </extensions>
   </trkpt>
   <trkpt lat="48.2729000" lon="16.3670210">
    <ele>185.6</ele>
    <time>2024-06-08T10:22:09Z</time>
    <extensions>
     <gpxtpx:TrackPointExtension>
      <gpxtpx:atemp>35</gpxtpx:atemp>
     </gpxtpx:TrackPointExtension>
    </extensions>
   </trkpt>
   <trkpt lat="48.2731610" lon="16.3667750">
    <ele>185.8</ele>
    <time>2024-06-08T10:22:14Z</time>
    <extensions>
     <gpxtpx:TrackPointExtension>
      <gpxtpx:atemp>35</gpxtpx:atemp>
     </gpxtpx:TrackPointExtension>
    </extensions>
   </trkpt>
   <trkpt lat="48.2732630" lon="16.3666630">
    <ele>185.8</ele>
    <time>2024-06-08T10:22:16Z</time>
    <extensions>
     <gpxtpx:TrackPointExtension>
      <gpxtpx:atemp>35</gpxtpx:atemp>
     </gpxtpx:TrackPointExtension>
    </extensions>
   </trkpt>
   <trkpt lat="48.2733890" lon="16.3664800">
    <ele>186.0</ele>
    <time>2024-06-08T10:22:19Z</time>
    <extensions>
     <gpxtpx:TrackPointExtension>
      <gpxtpx:atemp>35</gpxtpx:atemp>
     </gpxtpx:TrackPointExtension>
    </extensions>
   </trkpt>
   <trkpt lat="48.2735070" lon="16.3662770">
    <ele>186.0</ele>
    <time>2024-06-08T10:22:22Z</time>
    <extensions>
     <gpxtpx:TrackPointExtension>
      <gpxtpx:atemp>35</gpxtpx:atemp>
     </gpxtpx:TrackPointExtension>
    </extensions>
   </trkpt>
   <trkpt lat="48.2736180" lon="16.3660660">
    <ele>186.0</ele>
    <time>2024-06-08T10:22:25Z</time>
    <extensions>
     <gpxtpx:TrackPointExtension>
      <gpxtpx:atemp>35</gpxtpx:atemp>
     </gpxtpx:TrackPointExtension>
    </extensions>
   </trkpt>
   <trkpt lat="48.2739180" lon="16.3654630">
    <ele>186.2</ele>
    <time>2024-06-08T10:22:33Z</time>
    <extensions>
     <gpxtpx:TrackPointExtension>
      <gpxtpx:atemp>35</gpxtpx:atemp>
     </gpxtpx:TrackPointExtension>
    </extensions>
   </trkpt>
   <trkpt lat="48.2741420" lon="16.3650420">
    <ele>186.2</ele>
    <time>2024-06-08T10:22:39Z</time>
    <extensions>
     <gpxtpx:TrackPointExtension>
      <gpxtpx:atemp>35</gpxtpx:atemp>
     </gpxtpx:TrackPointExtension>
    </extensions>
   </trkpt>
   <trkpt lat="48.2742160" lon="16.3649070">
    <ele>186.4</ele>
    <time>2024-06-08T10:22:41Z</time>
    <extensions>
     <gpxtpx:TrackPointExtension>
      <gpxtpx:atemp>35</gpxtpx:atemp>
     </gpxtpx:TrackPointExtension>
    </extensions>
   </trkpt>
   <trkpt lat="48.2744360" lon="16.3645930">
    <ele>186.6</ele>
    <time>2024-06-08T10:22:46Z</time>
    <extensions>
     <gpxtpx:TrackPointExtension>
      <gpxtpx:atemp>35</gpxtpx:atemp>
     </gpxtpx:TrackPointExtension>
    </extensions>
   </trkpt>
   <trkpt lat="48.2748050" lon="16.3642040">
    <ele>186.6</ele>
    <time>2024-06-08T10:22:53Z</time>
    <extensions>
     <gpxtpx:TrackPointExtension>
      <gpxtpx:atemp>35</gpxtpx:atemp>
     </gpxtpx:TrackPointExtension>
    </extensions>
   </trkpt>
   <trkpt lat="48.2753160" lon="16.3637530">
    <ele>186.0</ele>
    <time>2024-06-08T10:23:02Z</time>
    <extensions>
     <gpxtpx:TrackPointExtension>
      <gpxtpx:atemp>35</gpxtpx:atemp>
     </gpxtpx:TrackPointExtension>
    </extensions>
   </trkpt>
   <trkpt lat="48.2758220" lon="16.3633220">
    <ele>185.8</ele>
    <time>2024-06-08T10:23:11Z</time>
    <extensions>
     <gpxtpx:TrackPointExtension>
      <gpxtpx:atemp>35</gpxtpx:atemp>
     </gpxtpx:TrackPointExtension>
    </extensions>
   </trkpt>
   <trkpt lat="48.2759940" lon="16.3631880">
    <ele>185.8</ele>
    <time>2024-06-08T10:23:14Z</time>
    <extensions>
     <gpxtpx:TrackPointExtension>
      <gpxtpx:atemp>35</gpxtpx:atemp>
     </gpxtpx:TrackPointExtension>
    </extensions>
   </trkpt>
   <trkpt lat="48.2765090" lon="16.3627650">
    <ele>185.6</ele>
    <time>2024-06-08T10:23:23Z</time>
    <extensions>
     <gpxtpx:TrackPointExtension>
      <gpxtpx:atemp>35</gpxtpx:atemp>
     </gpxtpx:TrackPointExtension>
    </extensions>
   </trkpt>
   <trkpt lat="48.2768650" lon="16.3624960">
    <ele>185.6</ele>
    <time>2024-06-08T10:23:30Z</time>
    <extensions>
     <gpxtpx:TrackPointExtension>
      <gpxtpx:atemp>35</gpxtpx:atemp>
     </gpxtpx:TrackPointExtension>
    </extensions>
   </trkpt>
   <trkpt lat="48.2773540" lon="16.3622720">
    <ele>186.4</ele>
    <time>2024-06-08T10:23:39Z</time>
    <extensions>
     <gpxtpx:TrackPointExtension>
      <gpxtpx:atemp>35</gpxtpx:atemp>
     </gpxtpx:TrackPointExtension>
    </extensions>
   </trkpt>
   <trkpt lat="48.2778920" lon="16.3620430">
    <ele>187.0</ele>
    <time>2024-06-08T10:23:49Z</time>
    <extensions>
     <gpxtpx:TrackPointExtension>
      <gpxtpx:atemp>35</gpxtpx:atemp>
     </gpxtpx:TrackPointExtension>
    </extensions>
   </trkpt>
   <trkpt lat="48.2779470" lon="16.3620150">
    <ele>187.0</ele>
    <time>2024-06-08T10:23:50Z</time>
    <extensions>
     <gpxtpx:TrackPointExtension>
      <gpxtpx:atemp>35</gpxtpx:atemp>
     </gpxtpx:TrackPointExtension>
    </extensions>
   </trkpt>
   <trkpt lat="48.2780550" lon="16.3619360">
    <ele>187.0</ele>
    <time>2024-06-08T10:23:52Z</time>
    <extensions>
     <gpxtpx:TrackPointExtension>
      <gpxtpx:atemp>35</gpxtpx:atemp>
     </gpxtpx:TrackPointExtension>
    </extensions>
   </trkpt>
   <trkpt lat="48.2782030" lon="16.3617750">
    <ele>187.2</ele>
    <time>2024-06-08T10:23:55Z</time>
    <extensions>
     <gpxtpx:TrackPointExtension>
      <gpxtpx:atemp>35</gpxtpx:atemp>
     </gpxtpx:TrackPointExtension>
    </extensions>
   </trkpt>
   <trkpt lat="48.2784950" lon="16.3612510">
    <ele>187.0</ele>
    <time>2024-06-08T10:24:02Z</time>
    <extensions>
     <gpxtpx:TrackPointExtension>
      <gpxtpx:atemp>35</gpxtpx:atemp>
     </gpxtpx:TrackPointExtension>
    </extensions>
   </trkpt>
   <trkpt lat="48.2788580" lon="16.3605870">
    <ele>186.4</ele>
    <time>2024-06-08T10:24:10Z</time>
    <extensions>
     <gpxtpx:TrackPointExtension>
      <gpxtpx:atemp>35</gpxtpx:atemp>
     </gpxtpx:TrackPointExtension>
    </extensions>
   </trkpt>
   <trkpt lat="48.2790510" lon="16.3602620">
    <ele>186.2</ele>
    <time>2024-06-08T10:24:14Z</time>
    <extensions>
     <gpxtpx:TrackPointExtension>
      <gpxtpx:atemp>35</gpxtpx:atemp>
     </gpxtpx:TrackPointExtension>
    </extensions>
   </trkpt>
   <trkpt lat="48.2791080" lon="16.3601930">
    <ele>186.0</ele>
    <time>2024-06-08T10:24:15Z</time>
    <extensions>
     <gpxtpx:TrackPointExtension>
      <gpxtpx:atemp>35</gpxtpx:atemp>
     </gpxtpx:TrackPointExtension>
    </extensions>
   </trkpt>
   <trkpt lat="48.2794630" lon="16.3598700">
    <ele>185.2</ele>
    <time>2024-06-08T10:24:21Z</time>
    <extensions>
     <gpxtpx:TrackPointExtension>
      <gpxtpx:atemp>36</gpxtpx:atemp>
     </gpxtpx:TrackPointExtension>
    </extensions>
   </trkpt>
   <trkpt lat="48.2799310" lon="16.3594860">
    <ele>185.0</ele>
    <time>2024-06-08T10:24:29Z</time>
    <extensions>
     <gpxtpx:TrackPointExtension>
      <gpxtpx:atemp>35</gpxtpx:atemp>
     </gpxtpx:TrackPointExtension>
    </extensions>
   </trkpt>
   <trkpt lat="48.2804470" lon="16.3590570">
    <ele>185.0</ele>
    <time>2024-06-08T10:24:38Z</time>
    <extensions>
     <gpxtpx:TrackPointExtension>
      <gpxtpx:atemp>35</gpxtpx:atemp>
     </gpxtpx:TrackPointExtension>
    </extensions>
   </trkpt>
   <trkpt lat="48.2805590" lon="16.3589680">
    <ele>185.0</ele>
    <time>2024-06-08T10:24:40Z</time>
    <extensions>
     <gpxtpx:TrackPointExtension>
      <gpxtpx:atemp>35</gpxtpx:atemp>
     </gpxtpx:TrackPointExtension>
    </extensions>
   </trkpt>
   <trkpt lat="48.2810710" lon="16.3585540">
    <ele>184.8</ele>
    <time>2024-06-08T10:24:49Z</time>
    <extensions>
     <gpxtpx:TrackPointExtension>
      <gpxtpx:atemp>35</gpxtpx:atemp>
     </gpxtpx:TrackPointExtension>
    </extensions>
   </trkpt>
   <trkpt lat="48.2815820" lon="16.3581730">
    <ele>185.2</ele>
    <time>2024-06-08T10:24:58Z</time>
    <extensions>
     <gpxtpx:TrackPointExtension>
      <gpxtpx:atemp>35</gpxtpx:atemp>
     </gpxtpx:TrackPointExtension>
    </extensions>
   </trkpt>
   <trkpt lat="48.2816350" lon="16.3581330">
    <ele>185.2</ele>
    <time>2024-06-08T10:24:59Z</time>
    <extensions>
     <gpxtpx:TrackPointExtension>
      <gpxtpx:atemp>36</gpxtpx:atemp>
     </gpxtpx:TrackPointExtension>
    </extensions>
   </trkpt>
   <trkpt lat="48.2817880" lon="16.3580190">
    <ele>185.2</ele>
    <time>2024-06-08T10:25:02Z</time>
    <extensions>
     <gpxtpx:TrackPointExtension>
      <gpxtpx:atemp>35</gpxtpx:atemp>
     </gpxtpx:TrackPointExtension>
    </extensions>
   </trkpt>
   <trkpt lat="48.2820010" lon="16.3578680">
    <ele>185.2</ele>
    <time>2024-06-08T10:25:06Z</time>
    <extensions>
     <gpxtpx:TrackPointExtension>
      <gpxtpx:atemp>35</gpxtpx:atemp>
     </gpxtpx:TrackPointExtension>
    </extensions>
   </trkpt>
   <trkpt lat="48.2824650" lon="16.3575320">
    <ele>185.4</ele>
    <time>2024-06-08T10:25:15Z</time>
    <extensions>
     <gpxtpx:TrackPointExtension>
      <gpxtpx:atemp>36</gpxtpx:atemp>
     </gpxtpx:TrackPointExtension>
    </extensions>
   </trkpt>
   <trkpt lat="48.2829830" lon="16.3571430">
    <ele>185.8</ele>
    <time>2024-06-08T10:25:25Z</time>
    <extensions>
     <gpxtpx:TrackPointExtension>
      <gpxtpx:atemp>35</gpxtpx:atemp>
     </gpxtpx:TrackPointExtension>
    </extensions>
   </trkpt>
   <trkpt lat="48.2830330" lon="16.3571010">
    <ele>185.8</ele>
    <time>2024-06-08T10:25:26Z</time>
    <extensions>
     <gpxtpx:TrackPointExtension>
      <gpxtpx:atemp>36</gpxtpx:atemp>
     </gpxtpx:TrackPointExtension>
    </extensions>
   </trkpt>
   <trkpt lat="48.2834870" lon="16.3566680">
    <ele>186.0</ele>
    <time>2024-06-08T10:25:35Z</time>
    <extensions>
     <gpxtpx:TrackPointExtension>
      <gpxtpx:atemp>36</gpxtpx:atemp>
     </gpxtpx:TrackPointExtension>
    </extensions>
   </trkpt>
   <trkpt lat="48.2839980" lon="16.3562040">
    <ele>186.0</ele>
    <time>2024-06-08T10:25:45Z</time>
    <extensions>
     <gpxtpx:TrackPointExtension>
      <gpxtpx:atemp>36</gpxtpx:atemp>
     </gpxtpx:TrackPointExtension>
    </extensions>
   </trkpt>
   <trkpt lat="48.2840470" lon="16.3561600">
    <ele>186.0</ele>
    <time>2024-06-08T10:25:46Z</time>
    <extensions>
     <gpxtpx:TrackPointExtension>
      <gpxtpx:atemp>36</gpxtpx:atemp>
     </gpxtpx:TrackPointExtension>
    </extensions>
   </trkpt>
   <trkpt lat="48.2845400" lon="16.3557590">
    <ele>186.0</ele>
    <time>2024-06-08T10:25:56Z</time>
    <extensions>
     <gpxtpx:TrackPointExtension>
      <gpxtpx:atemp>36</gpxtpx:atemp>
     </gpxtpx:TrackPointExtension>
    </extensions>
   </trkpt>
   <trkpt lat="48.2846860" lon="16.3556570">
    <ele>186.4</ele>
    <time>2024-06-08T10:25:59Z</time>
    <extensions>
     <gpxtpx:TrackPointExtension>
      <gpxtpx:atemp>36</gpxtpx:atemp>
     </gpxtpx:TrackPointExtension>
    </extensions>
   </trkpt>
   <trkpt lat="48.2850470" lon="16.3554210">
    <ele>186.6</ele>
    <time>2024-06-08T10:26:06Z</time>
    <extensions>
     <gpxtpx:TrackPointExtension>
      <gpxtpx:atemp>36</gpxtpx:atemp>
     </gpxtpx:TrackPointExtension>
    </extensions>
   </trkpt>
   <trkpt lat="48.2854710" lon="16.3551050">
    <ele>186.6</ele>
    <time>2024-06-08T10:26:14Z</time>
    <extensions>
     <gpxtpx:TrackPointExtension>
      <gpxtpx:atemp>36</gpxtpx:atemp>
     </gpxtpx:TrackPointExtension>
    </extensions>
   </trkpt>
   <trkpt lat="48.2859140" lon="16.3547940">
    <ele>186.4</ele>
    <time>2024-06-08T10:26:22Z</time>
    <extensions>
     <gpxtpx:TrackPointExtension>
      <gpxtpx:atemp>36</gpxtpx:atemp>
     </gpxtpx:TrackPointExtension>
    </extensions>
   </trkpt>
   <trkpt lat="48.2864450" lon="16.3543980">
    <ele>186.6</ele>
    <time>2024-06-08T10:26:32Z</time>
    <extensions>
     <gpxtpx:TrackPointExtension>
      <gpxtpx:atemp>36</gpxtpx:atemp>
     </gpxtpx:TrackPointExtension>
    </extensions>
   </trkpt>
   <trkpt lat="48.2869740" lon="16.3539930">
    <ele>186.8</ele>
    <time>2024-06-08T10:26:42Z</time>
    <extensions>
     <gpxtpx:TrackPointExtension>
      <gpxtpx:atemp>36</gpxtpx:atemp>
     </gpxtpx:TrackPointExtension>
    </extensions>
   </trkpt>
   <trkpt lat="48.2874890" lon="16.3536110">
    <ele>187.2</ele>
    <time>2024-06-08T10:26:52Z</time>
    <extensions>
     <gpxtpx:TrackPointExtension>
      <gpxtpx:atemp>36</gpxtpx:atemp>
     </gpxtpx:TrackPointExtension>
    </extensions>
   </trkpt>
   <trkpt lat="48.2880020" lon="16.3532380">
    <ele>187.4</ele>
    <time>2024-06-08T10:27:02Z</time>
    <extensions>
     <gpxtpx:TrackPointExtension>
      <gpxtpx:atemp>36</gpxtpx:atemp>
     </gpxtpx:TrackPointExtension>
    </extensions>
   </trkpt>
   <trkpt lat="48.2880550" lon="16.3531960">
    <ele>187.4</ele>
    <time>2024-06-08T10:27:03Z</time>
    <extensions>
     <gpxtpx:TrackPointExtension>
      <gpxtpx:atemp>36</gpxtpx:atemp>
     </gpxtpx:TrackPointExtension>
    </extensions>
   </trkpt>
   <trkpt lat="48.2881580" lon="16.3531190">
    <ele>187.6</ele>
    <time>2024-06-08T10:27:05Z</time>
    <extensions>
     <gpxtpx:TrackPointExtension>
      <gpxtpx:atemp>36</gpxtpx:atemp>
     </gpxtpx:TrackPointExtension>
    </extensions>
   </trkpt>
   <trkpt lat="48.2886730" lon="16.3527490">
    <ele>187.8</ele>
    <time>2024-06-08T10:27:15Z</time>
    <extensions>
     <gpxtpx:TrackPointExtension>
      <gpxtpx:atemp>36</gpxtpx:atemp>
     </gpxtpx:TrackPointExtension>
    </extensions>
   </trkpt>
   <trkpt lat="48.2887240" lon="16.3527110">
    <ele>187.8</ele>
    <time>2024-06-08T10:27:16Z</time>
    <extensions>
     <gpxtpx:TrackPointExtension>
      <gpxtpx:atemp>36</gpxtpx:atemp>
     </gpxtpx:TrackPointExtension>
    </extensions>
   </trkpt>
   <trkpt lat="48.2892190" lon="16.3524340">
    <ele>187.8</ele>
    <time>2024-06-08T10:27:25Z</time>
    <extensions>
     <gpxtpx:TrackPointExtension>
      <gpxtpx:atemp>36</gpxtpx:atemp>
     </gpxtpx:TrackPointExtension>
    </extensions>
   </trkpt>
   <trkpt lat="48.2893320" lon="16.3523980">
    <ele>187.8</ele>
    <time>2024-06-08T10:27:27Z</time>
    <extensions>
     <gpxtpx:TrackPointExtension>
      <gpxtpx:atemp>36</gpxtpx:atemp>
     </gpxtpx:TrackPointExtension>
    </extensions>
   </trkpt>
   <trkpt lat="48.2896880" lon="16.3523200">
    <ele>187.8</ele>
    <time>2024-06-08T10:27:33Z</time>
    <extensions>
     <gpxtpx:TrackPointExtension>
      <gpxtpx:atemp>36</gpxtpx:atemp>
     </gpxtpx:TrackPointExtension>
    </extensions>
   </trkpt>
   <trkpt lat="48.2902650" lon="16.3522200">
    <ele>188.0</ele>
    <time>2024-06-08T10:27:43Z</time>
    <extensions>
     <gpxtpx:TrackPointExtension>
      <gpxtpx:atemp>36</gpxtpx:atemp>
     </gpxtpx:TrackPointExtension>
    </extensions>
   </trkpt>
   <trkpt lat="48.2907750" lon="16.3520160">
    <ele>187.8</ele>
    <time>2024-06-08T10:27:52Z</time>
    <extensions>
     <gpxtpx:TrackPointExtension>
      <gpxtpx:atemp>36</gpxtpx:atemp>
     </gpxtpx:TrackPointExtension>
    </extensions>
   </trkpt>
   <trkpt lat="48.2912500" lon="16.3516920">
    <ele>187.8</ele>
    <time>2024-06-08T10:28:01Z</time>
    <extensions>
     <gpxtpx:TrackPointExtension>
      <gpxtpx:atemp>36</gpxtpx:atemp>
     </gpxtpx:TrackPointExtension>
    </extensions>
   </trkpt>
   <trkpt lat="48.2917630" lon="16.3512980">
    <ele>187.8</ele>
    <time>2024-06-08T10:28:11Z</time>
    <extensions>
     <gpxtpx:TrackPointExtension>
      <gpxtpx:atemp>36</gpxtpx:atemp>
     </gpxtpx:TrackPointExtension>
    </extensions>
   </trkpt>
   <trkpt lat="48.2922770" lon="16.3508830">
    <ele>187.6</ele>
    <time>2024-06-08T10:28:21Z</time>
    <extensions>
     <gpxtpx:TrackPointExtension>
      <gpxtpx:atemp>36</gpxtpx:atemp>
     </gpxtpx:TrackPointExtension>
    </extensions>
   </trkpt>
   <trkpt lat="48.2923300" lon="16.3508420">
    <ele>187.6</ele>
    <time>2024-06-08T10:28:22Z</time>
    <extensions>
     <gpxtpx:TrackPointExtension>
      <gpxtpx:atemp>36</gpxtpx:atemp>
     </gpxtpx:TrackPointExtension>
    </extensions>
   </trkpt>
   <trkpt lat="48.2928040" lon="16.3504680">
    <ele>187.8</ele>
    <time>2024-06-08T10:28:31Z</time>
    <extensions>
     <gpxtpx:TrackPointExtension>
      <gpxtpx:atemp>36</gpxtpx:atemp>
     </gpxtpx:TrackPointExtension>
    </extensions>
   </trkpt>
   <trkpt lat="48.2932020" lon="16.3501170">
    <ele>187.6</ele>
    <time>2024-06-08T10:28:39Z</time>
    <extensions>
     <gpxtpx:TrackPointExtension>
      <gpxtpx:atemp>36</gpxtpx:atemp>
     </gpxtpx:TrackPointExtension>
    </extensions>
   </trkpt>
   <trkpt lat="48.2936920" lon="16.3496430">
    <ele>187.6</ele>
    <time>2024-06-08T10:28:49Z</time>
    <extensions>
     <gpxtpx:TrackPointExtension>
      <gpxtpx:atemp>35</gpxtpx:atemp>
     </gpxtpx:TrackPointExtension>
    </extensions>
   </trkpt>
   <trkpt lat="48.2941860" lon="16.3491590">
    <ele>187.8</ele>
    <time>2024-06-08T10:28:59Z</time>
    <extensions>
     <gpxtpx:TrackPointExtension>
      <gpxtpx:atemp>35</gpxtpx:atemp>
     </gpxtpx:TrackPointExtension>
    </extensions>
   </trkpt>
   <trkpt lat="48.2942390" lon="16.3491120">
    <ele>187.8</ele>
    <time>2024-06-08T10:29:00Z</time>
    <extensions>
     <gpxtpx:TrackPointExtension>
      <gpxtpx:atemp>35</gpxtpx:atemp>
     </gpxtpx:TrackPointExtension>
    </extensions>
   </trkpt>
   <trkpt lat="48.2947580" lon="16.3486610">
    <ele>187.6</ele>
    <time>2024-06-08T10:29:09Z</time>
    <extensions>
     <gpxtpx:TrackPointExtension>
      <gpxtpx:atemp>35</gpxtpx:atemp>
     </gpxtpx:TrackPointExtension>
    </extensions>
   </trkpt>
   <trkpt lat="48.2951400" lon="16.3483440">
    <ele>186.6</ele>
    <time>2024-06-08T10:29:15Z</time>
    <extensions>
     <gpxtpx:TrackPointExtension>
      <gpxtpx:atemp>35</gpxtpx:atemp>
     </gpxtpx:TrackPointExtension>
    </extensions>
   </trkpt>
   <trkpt lat="48.2953270" lon="16.3481890">
    <ele>186.0</ele>
    <time>2024-06-08T10:29:18Z</time>
    <extensions>
     <gpxtpx:TrackPointExtension>
      <gpxtpx:atemp>35</gpxtpx:atemp>
     </gpxtpx:TrackPointExtension>
    </extensions>
   </trkpt>
   <trkpt lat="48.2955670" lon="16.3479990">
    <ele>185.6</ele>
    <time>2024-06-08T10:29:22Z</time>
    <extensions>
     <gpxtpx:TrackPointExtension>
      <gpxtpx:atemp>35</gpxtpx:atemp>
     </gpxtpx:TrackPointExtension>
    </extensions>
   </trkpt>
   <trkpt lat="48.2957460" lon="16.3478640">
    <ele>185.6</ele>
    <time>2024-06-08T10:29:25Z</time>
    <extensions>
     <gpxtpx:TrackPointExtension>
      <gpxtpx:atemp>35</gpxtpx:atemp>
     </gpxtpx:TrackPointExtension>
    </extensions>
   </trkpt>
   <trkpt lat="48.2961800" lon="16.3476530">
    <ele>185.6</ele>
    <time>2024-06-08T10:29:32Z</time>
    <extensions>
     <gpxtpx:TrackPointExtension>
      <gpxtpx:atemp>35</gpxtpx:atemp>
     </gpxtpx:TrackPointExtension>
    </extensions>
   </trkpt>
   <trkpt lat="48.2967030" lon="16.3474420">
    <ele>185.6</ele>
    <time>2024-06-08T10:29:41Z</time>
    <extensions>
     <gpxtpx:TrackPointExtension>
      <gpxtpx:atemp>35</gpxtpx:atemp>
     </gpxtpx:TrackPointExtension>
    </extensions>
   </trkpt>
   <trkpt lat="48.2971530" lon="16.3473010">
    <ele>185.6</ele>
    <time>2024-06-08T10:29:49Z</time>
    <extensions>
     <gpxtpx:TrackPointExtension>
      <gpxtpx:atemp>35</gpxtpx:atemp>
     </gpxtpx:TrackPointExtension>
    </extensions>
   </trkpt>
   <trkpt lat="48.2974480" lon="16.3472110">
    <ele>185.6</ele>
    <time>2024-06-08T10:29:55Z</time>
    <extensions>
     <gpxtpx:TrackPointExtension>
      <gpxtpx:atemp>35</gpxtpx:atemp>
     </gpxtpx:TrackPointExtension>
    </extensions>
   </trkpt>
   <trkpt lat="48.2975370" lon="16.3471740">
    <ele>185.6</ele>
    <time>2024-06-08T10:29:57Z</time>
    <extensions>
     <gpxtpx:TrackPointExtension>
      <gpxtpx:atemp>35</gpxtpx:atemp>
     </gpxtpx:TrackPointExtension>
    </extensions>
   </trkpt>
   <trkpt lat="48.2977200" lon="16.3471160">
    <ele>186.2</ele>
    <time>2024-06-08T10:30:01Z</time>
    <extensions>
     <gpxtpx:TrackPointExtension>
      <gpxtpx:atemp>35</gpxtpx:atemp>
     </gpxtpx:TrackPointExtension>
    </extensions>
   </trkpt>
   <trkpt lat="48.2978080" lon="16.3470810">
    <ele>186.8</ele>
    <time>2024-06-08T10:30:03Z</time>
    <extensions>
     <gpxtpx:TrackPointExtension>
      <gpxtpx:atemp>35</gpxtpx:atemp>
     </gpxtpx:TrackPointExtension>
    </extensions>
   </trkpt>
   <trkpt lat="48.2978540" lon="16.3470690">
    <ele>187.2</ele>
    <time>2024-06-08T10:30:04Z</time>
    <extensions>
     <gpxtpx:TrackPointExtension>
      <gpxtpx:atemp>35</gpxtpx:atemp>
     </gpxtpx:TrackPointExtension>
    </extensions>
   </trkpt>
   <trkpt lat="48.2979410" lon="16.3470740">
    <ele>187.8</ele>
    <time>2024-06-08T10:30:06Z</time>
    <extensions>
     <gpxtpx:TrackPointExtension>
      <gpxtpx:atemp>35</gpxtpx:atemp>
     </gpxtpx:TrackPointExtension>
    </extensions>
   </trkpt>
   <trkpt lat="48.2979770" lon="16.3470980">
    <ele>188.0</ele>
    <time>2024-06-08T10:30:07Z</time>
    <extensions>
     <gpxtpx:TrackPointExtension>
      <gpxtpx:atemp>35</gpxtpx:atemp>
     </gpxtpx:TrackPointExtension>
    </extensions>
   </trkpt>
   <trkpt lat="48.2980080" lon="16.3471350">
    <ele>188.2</ele>
    <time>2024-06-08T10:30:08Z</time>
    <extensions>
     <gpxtpx:TrackPointExtension>
      <gpxtpx:atemp>35</gpxtpx:atemp>
     </gpxtpx:TrackPointExtension>
    </extensions>
   </trkpt>
   <trkpt lat="48.2980730" lon="16.3472890">
    <ele>188.8</ele>
    <time>2024-06-08T10:30:11Z</time>
    <extensions>
     <gpxtpx:TrackPointExtension>
      <gpxtpx:atemp>35</gpxtpx:atemp>
     </gpxtpx:TrackPointExtension>
    </extensions>
   </trkpt>
   <trkpt lat="48.2982180" lon="16.3476420">
    <ele>189.2</ele>
    <time>2024-06-08T10:30:19Z</time>
    <extensions>
     <gpxtpx:TrackPointExtension>
      <gpxtpx:atemp>35</gpxtpx:atemp>
     </gpxtpx:TrackPointExtension>
    </extensions>
   </trkpt>
   <trkpt lat="48.2982470" lon="16.3476890">
    <ele>189.2</ele>
    <time>2024-06-08T10:30:21Z</time>
    <extensions>
     <gpxtpx:TrackPointExtension>
      <gpxtpx:atemp>35</gpxtpx:atemp>
     </gpxtpx:TrackPointExtension>
    </extensions>
   </trkpt>
   <trkpt lat="48.2982500" lon="16.3476950">
    <ele>189.2</ele>
    <time>2024-06-08T10:30:23Z</time>
    <extensions>
     <gpxtpx:TrackPointExtension>
      <gpxtpx:atemp>35</gpxtpx:atemp>
     </gpxtpx:TrackPointExtension>
    </extensions>
   </trkpt>
   <trkpt lat="48.2982450" lon="16.3477870">
    <ele>191.0</ele>
    <time>2024-06-08T10:34:37Z</time>
    <extensions>
     <gpxtpx:TrackPointExtension>
      <gpxtpx:atemp>38</gpxtpx:atemp>
     </gpxtpx:TrackPointExtension>
    </extensions>
   </trkpt>
   <trkpt lat="48.2982660" lon="16.3478460">
    <ele>191.0</ele>
    <time>2024-06-08T10:34:39Z</time>
    <extensions>
     <gpxtpx:TrackPointExtension>
      <gpxtpx:atemp>38</gpxtpx:atemp>
     </gpxtpx:TrackPointExtension>
    </extensions>
   </trkpt>
   <trkpt lat="48.2983440" lon="16.3480580">
    <ele>191.0</ele>
    <time>2024-06-08T10:34:44Z</time>
    <extensions>
     <gpxtpx:TrackPointExtension>
      <gpxtpx:atemp>38</gpxtpx:atemp>
     </gpxtpx:TrackPointExtension>
    </extensions>
   </trkpt>
   <trkpt lat="48.2984820" lon="16.3484490">
    <ele>191.2</ele>
    <time>2024-06-08T10:34:52Z</time>
    <extensions>
     <gpxtpx:TrackPointExtension>
      <gpxtpx:atemp>38</gpxtpx:atemp>
     </gpxtpx:TrackPointExtension>
    </extensions>
   </trkpt>
   <trkpt lat="48.2986550" lon="16.3489130">
    <ele>191.0</ele>
    <time>2024-06-08T10:35:01Z</time>
    <extensions>
     <gpxtpx:TrackPointExtension>
      <gpxtpx:atemp>38</gpxtpx:atemp>
     </gpxtpx:TrackPointExtension>
    </extensions>
   </trkpt>
   <trkpt lat="48.2988480" lon="16.3494290">
    <ele>191.0</ele>
    <time>2024-06-08T10:35:11Z</time>
    <extensions>
     <gpxtpx:TrackPointExtension>
      <gpxtpx:atemp>38</gpxtpx:atemp>
     </gpxtpx:TrackPointExtension>
    </extensions>
   </trkpt>
   <trkpt lat="48.2989140" lon="16.3495080">
    <ele>190.8</ele>
    <time>2024-06-08T10:35:13Z</time>
    <extensions>
     <gpxtpx:TrackPointExtension>
      <gpxtpx:atemp>38</gpxtpx:atemp>
     </gpxtpx:TrackPointExtension>
    </extensions>
   </trkpt>
   <trkpt lat="48.2989970" lon="16.3495420">
    <ele>190.8</ele>
    <time>2024-06-08T10:35:15Z</time>
    <extensions>
     <gpxtpx:TrackPointExtension>
      <gpxtpx:atemp>38</gpxtpx:atemp>
     </gpxtpx:TrackPointExtension>
    </extensions>
   </trkpt>
   <trkpt lat="48.2990860" lon="16.3495120">
    <ele>190.8</ele>
    <time>2024-06-08T10:35:17Z</time>
    <extensions>
     <gpxtpx:TrackPointExtension>
      <gpxtpx:atemp>38</gpxtpx:atemp>
     </gpxtpx:TrackPointExtension>
    </extensions>
   </trkpt>
   <trkpt lat="48.2991700" lon="16.3494430">
    <ele>190.4</ele>
    <time>2024-06-08T10:35:19Z</time>
    <extensions>
     <gpxtpx:TrackPointExtension>
      <gpxtpx:atemp>38</gpxtpx:atemp>
     </gpxtpx:TrackPointExtension>
    </extensions>
   </trkpt>
   <trkpt lat="48.2993650" lon="16.3491760">
    <ele>189.6</ele>
    <time>2024-06-08T10:35:26Z</time>
    <extensions>
     <gpxtpx:TrackPointExtension>
      <gpxtpx:atemp>38</gpxtpx:atemp>
     </gpxtpx:TrackPointExtension>
    </extensions>
   </trkpt>
   <trkpt lat="48.2993950" lon="16.3491180">
    <ele>189.4</ele>
    <time>2024-06-08T10:35:28Z</time>
    <extensions>
     <gpxtpx:TrackPointExtension>
      <gpxtpx:atemp>38</gpxtpx:atemp>
     </gpxtpx:TrackPointExtension>
    </extensions>
   </trkpt>
   <trkpt lat="48.2994290" lon="16.3490520">
    <ele>189.0</ele>
    <time>2024-06-08T10:35:31Z</time>
    <extensions>
     <gpxtpx:TrackPointExtension>
      <gpxtpx:atemp>38</gpxtpx:atemp>
     </gpxtpx:TrackPointExtension>
    </extensions>
   </trkpt>
   <trkpt lat="48.2994460" lon="16.3490300">
    <ele>188.2</ele>
    <time>2024-06-08T10:35:34Z</time>
    <extensions>
     <gpxtpx:TrackPointExtension>
      <gpxtpx:atemp>38</gpxtpx:atemp>
     </gpxtpx:TrackPointExtension>
    </extensions>
   </trkpt>
   <trkpt lat="48.2994420" lon="16.3489700">
    <ele>187.8</ele>
    <time>2024-06-08T10:35:41Z</time>
    <extensions>
     <gpxtpx:TrackPointExtension>
      <gpxtpx:atemp>38</gpxtpx:atemp>
     </gpxtpx:TrackPointExtension>
    </extensions>
   </trkpt>
   <trkpt lat="48.2994670" lon="16.3488410">
    <ele>187.8</ele>
    <time>2024-06-08T10:35:47Z</time>
    <extensions>
     <gpxtpx:TrackPointExtension>
      <gpxtpx:atemp>38</gpxtpx:atemp>
     </gpxtpx:TrackPointExtension>
    </extensions>
   </trkpt>
   <trkpt lat="48.2994960" lon="16.3488210">
    <ele>187.8</ele>
    <time>2024-06-08T10:35:49Z</time>
    <extensions>
     <gpxtpx:TrackPointExtension>
      <gpxtpx:atemp>38</gpxtpx:atemp>
     </gpxtpx:TrackPointExtension>
    </extensions>
   </trkpt>
   <trkpt lat="48.2995360" lon="16.3488250">
    <ele>187.6</ele>
    <time>2024-06-08T10:35:52Z</time>
    <extensions>
     <gpxtpx:TrackPointExtension>
      <gpxtpx:atemp>38</gpxtpx:atemp>
     </gpxtpx:TrackPointExtension>
    </extensions>
   </trkpt>
   <trkpt lat="48.2995360" lon="16.3488250">
    <ele>187.6</ele>
    <time>2024-06-08T10:35:54Z</time>
    <extensions>
     <gpxtpx:TrackPointExtension>
      <gpxtpx:atemp>38</gpxtpx:atemp>
     </gpxtpx:TrackPointExtension>
    </extensions>
   </trkpt>
   <trkpt lat="48.2995710" lon="16.3487860">
    <ele>188.0</ele>
    <time>2024-06-08T10:36:29Z</time>
    <extensions>
     <gpxtpx:TrackPointExtension>
      <gpxtpx:atemp>38</gpxtpx:atemp>
     </gpxtpx:TrackPointExtension>
    </extensions>
   </trkpt>
   <trkpt lat="48.2995890" lon="16.3487740">
    <ele>188.0</ele>
    <time>2024-06-08T10:36:30Z</time>
    <extensions>
     <gpxtpx:TrackPointExtension>
      <gpxtpx:atemp>38</gpxtpx:atemp>
     </gpxtpx:TrackPointExtension>
    </extensions>
   </trkpt>
   <trkpt lat="48.2996400" lon="16.3487330">
    <ele>188.0</ele>
    <time>2024-06-08T10:36:32Z</time>
    <extensions>
     <gpxtpx:TrackPointExtension>
      <gpxtpx:atemp>38</gpxtpx:atemp>
     </gpxtpx:TrackPointExtension>
    </extensions>
   </trkpt>
   <trkpt lat="48.2997030" lon="16.3486840">
    <ele>188.0</ele>
    <time>2024-06-08T10:36:34Z</time>
    <extensions>
     <gpxtpx:TrackPointExtension>
      <gpxtpx:atemp>38</gpxtpx:atemp>
     </gpxtpx:TrackPointExtension>
    </extensions>
   </trkpt>
   <trkpt lat="48.3000460" lon="16.3484310">
    <ele>187.8</ele>
    <time>2024-06-08T10:36:43Z</time>
    <extensions>
     <gpxtpx:TrackPointExtension>
      <gpxtpx:atemp>38</gpxtpx:atemp>
     </gpxtpx:TrackPointExtension>
    </extensions>
   </trkpt>
   <trkpt lat="48.3004290" lon="16.3481320">
    <ele>187.6</ele>
    <time>2024-06-08T10:36:53Z</time>
    <extensions>
     <gpxtpx:TrackPointExtension>
      <gpxtpx:atemp>38</gpxtpx:atemp>
     </gpxtpx:TrackPointExtension>
    </extensions>
   </trkpt>
   <trkpt lat="48.3004880" lon="16.3480870">
    <ele>187.8</ele>
    <time>2024-06-08T10:36:57Z</time>
    <extensions>
     <gpxtpx:TrackPointExtension>
      <gpxtpx:atemp>38</gpxtpx:atemp>
     </gpxtpx:TrackPointExtension>
    </extensions>
   </trkpt>
   <trkpt lat="48.3004880" lon="16.3480870">
    <ele>187.8</ele>
    <time>2024-06-08T10:36:58Z</time>
    <extensions>
     <gpxtpx:TrackPointExtension>
      <gpxtpx:atemp>38</gpxtpx:atemp>
     </gpxtpx:TrackPointExtension>
    </extensions>
   </trkpt>
   <trkpt lat="48.3004120" lon="16.3481170">
    <ele>187.8</ele>
    <time>2024-06-08T10:37:24Z</time>
    <extensions>
     <gpxtpx:TrackPointExtension>
      <gpxtpx:atemp>38</gpxtpx:atemp>
     </gpxtpx:TrackPointExtension>
    </extensions>
   </trkpt>
   <trkpt lat="48.3004030" lon="16.3481320">
    <ele>187.6</ele>
    <time>2024-06-08T10:37:25Z</time>
    <extensions>
     <gpxtpx:TrackPointExtension>
      <gpxtpx:atemp>38</gpxtpx:atemp>
     </gpxtpx:TrackPointExtension>
    </extensions>
   </trkpt>
   <trkpt lat="48.3003990" lon="16.3481460">
    <ele>187.6</ele>
    <time>2024-06-08T10:37:26Z</time>
    <extensions>
     <gpxtpx:TrackPointExtension>
      <gpxtpx:atemp>38</gpxtpx:atemp>
     </gpxtpx:TrackPointExtension>
    </extensions>
   </trkpt>
   <trkpt lat="48.3003940" lon="16.3481580">
    <ele>187.6</ele>
    <time>2024-06-08T10:37:27Z</time>
    <extensions>
     <gpxtpx:TrackPointExtension>
      <gpxtpx:atemp>38</gpxtpx:atemp>
     </gpxtpx:TrackPointExtension>
    </extensions>
   </trkpt>
   <trkpt lat="48.3003790" lon="16.3481640">
    <ele>187.6</ele>
    <time>2024-06-08T10:37:29Z</time>
    <extensions>
     <gpxtpx:TrackPointExtension>
      <gpxtpx:atemp>38</gpxtpx:atemp>
     </gpxtpx:TrackPointExtension>
    </extensions>
   </trkpt>
   <trkpt lat="48.3003560" lon="16.3481630">
    <ele>187.6</ele>
    <time>2024-06-08T10:37:31Z</time>
    <extensions>
     <gpxtpx:TrackPointExtension>
      <gpxtpx:atemp>38</gpxtpx:atemp>
     </gpxtpx:TrackPointExtension>
    </extensions>
   </trkpt>
   <trkpt lat="48.3003510" lon="16.3481640">
    <ele>187.6</ele>
    <time>2024-06-08T10:37:34Z</time>
    <extensions>
     <gpxtpx:TrackPointExtension>
      <gpxtpx:atemp>38</gpxtpx:atemp>
     </gpxtpx:TrackPointExtension>
    </extensions>
   </trkpt>
   <trkpt lat="48.3003110" lon="16.3482010">
    <ele>187.8</ele>
    <time>2024-06-08T10:37:45Z</time>
    <extensions>
     <gpxtpx:TrackPointExtension>
      <gpxtpx:atemp>38</gpxtpx:atemp>
     </gpxtpx:TrackPointExtension>
    </extensions>
   </trkpt>
   <trkpt lat="48.3002910" lon="16.3482220">
    <ele>187.8</ele>
    <time>2024-06-08T10:37:46Z</time>
    <extensions>
     <gpxtpx:TrackPointExtension>
      <gpxtpx:atemp>38</gpxtpx:atemp>
     </gpxtpx:TrackPointExtension>
    </extensions>
   </trkpt>
   <trkpt lat="48.3001550" lon="16.3483220">
    <ele>187.8</ele>
    <time>2024-06-08T10:37:51Z</time>
    <extensions>
     <gpxtpx:TrackPointExtension>
      <gpxtpx:atemp>39</gpxtpx:atemp>
     </gpxtpx:TrackPointExtension>
    </extensions>
   </trkpt>
   <trkpt lat="48.2999160" lon="16.3485050">
    <ele>187.4</ele>
    <time>2024-06-08T10:37:58Z</time>
    <extensions>
     <gpxtpx:TrackPointExtension>
      <gpxtpx:atemp>38</gpxtpx:atemp>
     </gpxtpx:TrackPointExtension>
    </extensions>
   </trkpt>
   <trkpt lat="48.2997330" lon="16.3486560">
    <ele>187.2</ele>
    <time>2024-06-08T10:38:03Z</time>
    <extensions>
     <gpxtpx:TrackPointExtension>
      <gpxtpx:atemp>38</gpxtpx:atemp>
     </gpxtpx:TrackPointExtension>
    </extensions>
   </trkpt>
   <trkpt lat="48.2996050" lon="16.3487480">
    <ele>186.8</ele>
    <time>2024-06-08T10:38:06Z</time>
    <extensions>
     <gpxtpx:TrackPointExtension>
      <gpxtpx:atemp>38</gpxtpx:atemp>
     </gpxtpx:TrackPointExtension>
    </extensions>
   </trkpt>
   <trkpt lat="48.2995650" lon="16.3487770">
    <ele>186.8</ele>
    <time>2024-06-08T10:38:07Z</time>
    <extensions>
     <gpxtpx:TrackPointExtension>
      <gpxtpx:atemp>38</gpxtpx:atemp>
     </gpxtpx:TrackPointExtension>
    </extensions>
   </trkpt>
   <trkpt lat="48.2994890" lon="16.3488300">
    <ele>186.8</ele>
    <time>2024-06-08T10:38:09Z</time>
    <extensions>
     <gpxtpx:TrackPointExtension>
      <gpxtpx:atemp>38</gpxtpx:atemp>
     </gpxtpx:TrackPointExtension>
    </extensions>
   </trkpt>
   <trkpt lat="48.2994640" lon="16.3488730">
    <ele>186.8</ele>
    <time>2024-06-08T10:38:10Z</time>
    <extensions>
     <gpxtpx:TrackPointExtension>
      <gpxtpx:atemp>38</gpxtpx:atemp>
     </gpxtpx:TrackPointExtension>
    </extensions>
   </trkpt>
   <trkpt lat="48.2994550" lon="16.3489240">
    <ele>186.8</ele>
    <time>2024-06-08T10:38:11Z</time>
    <extensions>
     <gpxtpx:TrackPointExtension>
      <gpxtpx:atemp>38</gpxtpx:atemp>
     </gpxtpx:TrackPointExtension>
    </extensions>
   </trkpt>
   <trkpt lat="48.2994700" lon="16.3489990">
    <ele>186.8</ele>
    <time>2024-06-08T10:38:13Z</time>
    <extensions>
     <gpxtpx:TrackPointExtension>
      <gpxtpx:atemp>38</gpxtpx:atemp>
     </gpxtpx:TrackPointExtension>
    </extensions>
   </trkpt>
   <trkpt lat="48.2995130" lon="16.3490350">
    <ele>186.8</ele>
    <time>2024-06-08T10:38:15Z</time>
    <extensions>
     <gpxtpx:TrackPointExtension>
      <gpxtpx:atemp>38</gpxtpx:atemp>
     </gpxtpx:TrackPointExtension>
    </extensions>
   </trkpt>
   <trkpt lat="48.2995670" lon="16.3490250">
    <ele>186.8</ele>
    <time>2024-06-08T10:38:17Z</time>
    <extensions>
     <gpxtpx:TrackPointExtension>
      <gpxtpx:atemp>38</gpxtpx:atemp>
     </gpxtpx:TrackPointExtension>
    </extensions>
   </trkpt>
   <trkpt lat="48.2997080" lon="16.3488870">
    <ele>187.0</ele>
    <time>2024-06-08T10:38:21Z</time>
    <extensions>
     <gpxtpx:TrackPointExtension>
      <gpxtpx:atemp>38</gpxtpx:atemp>
     </gpxtpx:TrackPointExtension>
    </extensions>
   </trkpt>
   <trkpt lat="48.2997490" lon="16.3488560">
    <ele>187.0</ele>
    <time>2024-06-08T10:38:22Z</time>
    <extensions>
     <gpxtpx:TrackPointExtension>
      <gpxtpx:atemp>38</gpxtpx:atemp>
     </gpxtpx:TrackPointExtension>
    </extensions>
   </trkpt>
   <trkpt lat="48.2998350" lon="16.3488460">
    <ele>187.0</ele>
    <time>2024-06-08T10:38:24Z</time>
    <extensions>
     <gpxtpx:TrackPointExtension>
      <gpxtpx:atemp>38</gpxtpx:atemp>
     </gpxtpx:TrackPointExtension>
    </extensions>
   </trkpt>
   <trkpt lat="48.2999230" lon="16.3489080">
    <ele>187.0</ele>
    <time>2024-06-08T10:38:26Z</time>
    <extensions>
     <gpxtpx:TrackPointExtension>
      <gpxtpx:atemp>38</gpxtpx:atemp>
     </gpxtpx:TrackPointExtension>
    </extensions>
   </trkpt>
   <trkpt lat="48.3001790" lon="16.3492490">
    <ele>186.2</ele>
    <time>2024-06-08T10:38:31Z</time>
    <extensions>
     <gpxtpx:TrackPointExtension>
      <gpxtpx:atemp>38</gpxtpx:atemp>
     </gpxtpx:TrackPointExtension>
    </extensions>
   </trkpt>
   <trkpt lat="48.3002070" lon="16.3493180">
    <ele>185.8</ele>
    <time>2024-06-08T10:38:32Z</time>
    <extensions>
     <gpxtpx:TrackPointExtension>
      <gpxtpx:atemp>38</gpxtpx:atemp>
     </gpxtpx:TrackPointExtension>
    </extensions>
   </trkpt>
   <trkpt lat="48.3002670" lon="16.3494960">
    <ele>184.4</ele>
    <time>2024-06-08T10:38:35Z</time>
    <extensions>
     <gpxtpx:TrackPointExtension>
      <gpxtpx:atemp>38</gpxtpx:atemp>
     </gpxtpx:TrackPointExtension>
    </extensions>
   </trkpt>
   <trkpt lat="48.3003880" lon="16.3497250">
    <ele>183.6</ele>
    <time>2024-06-08T10:38:40Z</time>
    <extensions>
     <gpxtpx:TrackPointExtension>
      <gpxtpx:atemp>38</gpxtpx:atemp>
     </gpxtpx:TrackPointExtension>
    </extensions>
   </trkpt>
   <trkpt lat="48.3005850" lon="16.3500380">
    <ele>183.6</ele>
    <time>2024-06-08T10:38:47Z</time>
    <extensions>
     <gpxtpx:TrackPointExtension>
      <gpxtpx:atemp>38</gpxtpx:atemp>
     </gpxtpx:TrackPointExtension>
    </extensions>
   </trkpt>
   <trkpt lat="48.3008620" lon="16.3505100">
    <ele>184.0</ele>
    <time>2024-06-08T10:38:57Z</time>
    <extensions>
     <gpxtpx:TrackPointExtension>
      <gpxtpx:atemp>38</gpxtpx:atemp>
     </gpxtpx:TrackPointExtension>
    </extensions>
   </trkpt>
   <trkpt lat="48.3009730" lon="16.3507090">
    <ele>184.2</ele>
    <time>2024-06-08T10:39:01Z</time>
    <extensions>
     <gpxtpx:TrackPointExtension>
      <gpxtpx:atemp>38</gpxtpx:atemp>
     </gpxtpx:TrackPointExtension>
    </extensions>
   </trkpt>
   <trkpt lat="48.3010630" lon="16.3507770">
    <ele>184.2</ele>
    <time>2024-06-08T10:39:04Z</time>
    <extensions>
     <gpxtpx:TrackPointExtension>
      <gpxtpx:atemp>38</gpxtpx:atemp>
     </gpxtpx:TrackPointExtension>
    </extensions>
   </trkpt>
   <trkpt lat="48.3011600" lon="16.3507000">
    <ele>184.0</ele>
    <time>2024-06-08T10:39:07Z</time>
    <extensions>
     <gpxtpx:TrackPointExtension>
      <gpxtpx:atemp>38</gpxtpx:atemp>
     </gpxtpx:TrackPointExtension>
    </extensions>
   </trkpt>
   <trkpt lat="48.3012540" lon="16.3505590">
    <ele>184.0</ele>
    <time>2024-06-08T10:39:10Z</time>
    <extensions>
     <gpxtpx:TrackPointExtension>
      <gpxtpx:atemp>38</gpxtpx:atemp>
     </gpxtpx:TrackPointExtension>
    </extensions>
   </trkpt>
   <trkpt lat="48.3013710" lon="16.3503520">
    <ele>183.8</ele>
    <time>2024-06-08T10:39:14Z</time>
    <extensions>
     <gpxtpx:TrackPointExtension>
      <gpxtpx:atemp>38</gpxtpx:atemp>
     </gpxtpx:TrackPointExtension>
    </extensions>
   </trkpt>
   <trkpt lat="48.3016470" lon="16.3499100">
    <ele>183.6</ele>
    <time>2024-06-08T10:39:22Z</time>
    <extensions>
     <gpxtpx:TrackPointExtension>
      <gpxtpx:atemp>38</gpxtpx:atemp>
     </gpxtpx:TrackPointExtension>
    </extensions>
   </trkpt>
   <trkpt lat="48.3019090" lon="16.3494630">
    <ele>183.6</ele>
    <time>2024-06-08T10:39:30Z</time>
    <extensions>
     <gpxtpx:TrackPointExtension>
      <gpxtpx:atemp>38</gpxtpx:atemp>
     </gpxtpx:TrackPointExtension>
    </extensions>
   </trkpt>
   <trkpt lat="48.3022180" lon="16.3489580">
    <ele>183.6</ele>
    <time>2024-06-08T10:39:39Z</time>
    <extensions>
     <gpxtpx:TrackPointExtension>
      <gpxtpx:atemp>38</gpxtpx:atemp>
     </gpxtpx:TrackPointExtension>
    </extensions>
   </trkpt>
   <trkpt lat="48.3025330" lon="16.3484260">
    <ele>183.6</ele>
    <time>2024-06-08T10:39:49Z</time>
    <extensions>
     <gpxtpx:TrackPointExtension>
      <gpxtpx:atemp>38</gpxtpx:atemp>
     </gpxtpx:TrackPointExtension>
    </extensions>
   </trkpt>
   <trkpt lat="48.3026360" lon="16.3482960">
    <ele>183.6</ele>
    <time>2024-06-08T10:39:52Z</time>
    <extensions>
     <gpxtpx:TrackPointExtension>
      <gpxtpx:atemp>38</gpxtpx:atemp>
     </gpxtpx:TrackPointExtension>
    </extensions>
   </trkpt>
   <trkpt lat="48.3027530" lon="16.3482090">
    <ele>183.6</ele>
    <time>2024-06-08T10:39:55Z</time>
    <extensions>
     <gpxtpx:TrackPointExtension>
      <gpxtpx:atemp>38</gpxtpx:atemp>
     </gpxtpx:TrackPointExtension>
    </extensions>
   </trkpt>
   <trkpt lat="48.3031360" lon="16.3479450">
    <ele>184.0</ele>
    <time>2024-06-08T10:40:03Z</time>
    <extensions>
     <gpxtpx:TrackPointExtension>
      <gpxtpx:atemp>38</gpxtpx:atemp>
     </gpxtpx:TrackPointExtension>
    </extensions>
   </trkpt>
   <trkpt lat="48.3034850" lon="16.3477100">
    <ele>184.2</ele>
    <time>2024-06-08T10:40:10Z</time>
    <extensions>
     <gpxtpx:TrackPointExtension>
      <gpxtpx:atemp>38</gpxtpx:atemp>
     </gpxtpx:TrackPointExtension>
    </extensions>
   </trkpt>
   <trkpt lat="48.3038370" lon="16.3474830">
    <ele>184.0</ele>
    <time>2024-06-08T10:40:17Z</time>
    <extensions>
     <gpxtpx:TrackPointExtension>
      <gpxtpx:atemp>38</gpxtpx:atemp>
     </gpxtpx:TrackPointExtension>
    </extensions>
   </trkpt>
   <trkpt lat="48.3039690" lon="16.3474250">
    <ele>184.2</ele>
    <time>2024-06-08T10:40:20Z</time>
    <extensions>
     <gpxtpx:TrackPointExtension>
      <gpxtpx:atemp>38</gpxtpx:atemp>
     </gpxtpx:TrackPointExtension>
    </extensions>
   </trkpt>
   <trkpt lat="48.3040230" lon="16.3474130">
    <ele>184.2</ele>
    <time>2024-06-08T10:40:22Z</time>
    <extensions>
     <gpxtpx:TrackPointExtension>
      <gpxtpx:atemp>38</gpxtpx:atemp>
     </gpxtpx:TrackPointExtension>
    </extensions>
   </trkpt>
   <trkpt lat="48.3040460" lon="16.3474030">
    <ele>184.2</ele>
    <time>2024-06-08T10:40:26Z</time>
    <extensions>
     <gpxtpx:TrackPointExtension>
      <gpxtpx:atemp>38</gpxtpx:atemp>
     </gpxtpx:TrackPointExtension>
    </extensions>
   </trkpt>
   <trkpt lat="48.3040670" lon="16.3474800">
    <ele>184.4</ele>
    <time>2024-06-08T10:40:46Z</time>
    <extensions>
     <gpxtpx:TrackPointExtension>
      <gpxtpx:atemp>38</gpxtpx:atemp>
     </gpxtpx:TrackPointExtension>
    </extensions>
   </trkpt>
   <trkpt lat="48.3040770" lon="16.3475410">
    <ele>184.4</ele>
    <time>2024-06-08T10:40:48Z</time>
    <extensions>
     <gpxtpx:TrackPointExtension>
      <gpxtpx:atemp>38</gpxtpx:atemp>
     </gpxtpx:TrackPointExtension>
    </extensions>
   </trkpt>
   <trkpt lat="48.3041220" lon="16.3477280">
    <ele>184.4</ele>
    <time>2024-06-08T10:40:53Z</time>
    <extensions>
     <gpxtpx:TrackPointExtension>
      <gpxtpx:atemp>38</gpxtpx:atemp>
     </gpxtpx:TrackPointExtension>
    </extensions>
   </trkpt>
   <trkpt lat="48.3042190" lon="16.3480970">
    <ele>184.2</ele>
    <time>2024-06-08T10:41:01Z</time>
    <extensions>
     <gpxtpx:TrackPointExtension>
      <gpxtpx:atemp>38</gpxtpx:atemp>
     </gpxtpx:TrackPointExtension>
    </extensions>
   </trkpt>
   <trkpt lat="48.3042420" lon="16.3482100">
    <ele>184.4</ele>
    <time>2024-06-08T10:41:05Z</time>
    <extensions>
     <gpxtpx:TrackPointExtension>
      <gpxtpx:atemp>38</gpxtpx:atemp>
     </gpxtpx:TrackPointExtension>
    </extensions>
   </trkpt>
   <trkpt lat="48.3042400" lon="16.3482150">
    <ele>184.4</ele>
    <time>2024-06-08T10:41:07Z</time>
    <extensions>
     <gpxtpx:TrackPointExtension>
      <gpxtpx:atemp>38</gpxtpx:atemp>
     </gpxtpx:TrackPointExtension>
    </extensions>
   </trkpt>
   <trkpt lat="48.3042260" lon="16.3481250">
    <ele>185.6</ele>
    <time>2024-06-08T10:42:10Z</time>
    <extensions>
     <gpxtpx:TrackPointExtension>
      <gpxtpx:atemp>37</gpxtpx:atemp>
     </gpxtpx:TrackPointExtension>
    </extensions>
   </trkpt>
   <trkpt lat="48.3041710" lon="16.3479370">
    <ele>185.6</ele>
    <time>2024-06-08T10:42:15Z</time>
    <extensions>
     <gpxtpx:TrackPointExtension>
      <gpxtpx:atemp>37</gpxtpx:atemp>
     </gpxtpx:TrackPointExtension>
    </extensions>
   </trkpt>
   <trkpt lat="48.3040850" lon="16.3475820">
    <ele>185.2</ele>
    <time>2024-06-08T10:42:22Z</time>
    <extensions>
     <gpxtpx:TrackPointExtension>
      <gpxtpx:atemp>37</gpxtpx:atemp>
     </gpxtpx:TrackPointExtension>
    </extensions>
   </trkpt>
   <trkpt lat="48.3040730" lon="16.3475360">
    <ele>185.2</ele>
    <time>2024-06-08T10:42:23Z</time>
    <extensions>
     <gpxtpx:TrackPointExtension>
      <gpxtpx:atemp>37</gpxtpx:atemp>
     </gpxtpx:TrackPointExtension>
    </extensions>
   </trkpt>
   <trkpt lat="48.3040470" lon="16.3474100">
    <ele>185.0</ele>
    <time>2024-06-08T10:42:26Z</time>
    <extensions>
     <gpxtpx:TrackPointExtension>
      <gpxtpx:atemp>37</gpxtpx:atemp>
     </gpxtpx:TrackPointExtension>
    </extensions>
   </trkpt>
   <trkpt lat="48.3040580" lon="16.3473760">
    <ele>185.0</ele>
    <time>2024-06-08T10:42:27Z</time>
    <extensions>
     <gpxtpx:TrackPointExtension>
      <gpxtpx:atemp>37</gpxtpx:atemp>
     </gpxtpx:TrackPointExtension>
    </extensions>
   </trkpt>
   <trkpt lat="48.3041760" lon="16.3472850">
    <ele>185.0</ele>
    <time>2024-06-08T10:42:31Z</time>
    <extensions>
     <gpxtpx:TrackPointExtension>
      <gpxtpx:atemp>37</gpxtpx:atemp>
     </gpxtpx:TrackPointExtension>
    </extensions>
   </trkpt>
   <trkpt lat="48.3044340" lon="16.3471240">
    <ele>185.2</ele>
    <time>2024-06-08T10:42:38Z</time>
    <extensions>
     <gpxtpx:TrackPointExtension>
      <gpxtpx:atemp>37</gpxtpx:atemp>
     </gpxtpx:TrackPointExtension>
    </extensions>
   </trkpt>
   <trkpt lat="48.3046070" lon="16.3470150">
    <ele>185.0</ele>
    <time>2024-06-08T10:42:42Z</time>
    <extensions>
     <gpxtpx:TrackPointExtension>
      <gpxtpx:atemp>37</gpxtpx:atemp>
     </gpxtpx:TrackPointExtension>
    </extensions>
   </trkpt>
   <trkpt lat="48.3046500" lon="16.3469950">
    <ele>185.0</ele>
    <time>2024-06-08T10:42:43Z</time>
    <extensions>
     <gpxtpx:TrackPointExtension>
      <gpxtpx:atemp>37</gpxtpx:atemp>
     </gpxtpx:TrackPointExtension>
    </extensions>
   </trkpt>
   <trkpt lat="48.3048500" lon="16.3469250">
    <ele>184.8</ele>
    <time>2024-06-08T10:42:47Z</time>
    <extensions>
     <gpxtpx:TrackPointExtension>
      <gpxtpx:atemp>37</gpxtpx:atemp>
     </gpxtpx:TrackPointExtension>
    </extensions>
   </trkpt>
   <trkpt lat="48.3050500" lon="16.3468630">
    <ele>184.8</ele>
    <time>2024-06-08T10:42:51Z</time>
    <extensions>
     <gpxtpx:TrackPointExtension>
      <gpxtpx:atemp>37</gpxtpx:atemp>
     </gpxtpx:TrackPointExtension>
    </extensions>
   </trkpt>
   <trkpt lat="48.3054080" lon="16.3467890">
    <ele>184.8</ele>
    <time>2024-06-08T10:42:58Z</time>
    <extensions>
     <gpxtpx:TrackPointExtension>
      <gpxtpx:atemp>37</gpxtpx:atemp>
     </gpxtpx:TrackPointExtension>
    </extensions>
   </trkpt>
   <trkpt lat="48.3058560" lon="16.3466930">
    <ele>185.2</ele>
    <time>2024-06-08T10:43:07Z</time>
    <extensions>
     <gpxtpx:TrackPointExtension>
      <gpxtpx:atemp>36</gpxtpx:atemp>
     </gpxtpx:TrackPointExtension>
    </extensions>
   </trkpt>
   <trkpt lat="48.3061130" lon="16.3466830">
    <ele>185.2</ele>
    <time>2024-06-08T10:43:12Z</time>
    <extensions>
     <gpxtpx:TrackPointExtension>
      <gpxtpx:atemp>36</gpxtpx:atemp>
     </gpxtpx:TrackPointExtension>
    </extensions>
   </trkpt>
   <trkpt lat="48.3062120" lon="16.3466430">
    <ele>185.2</ele>
    <time>2024-06-08T10:43:14Z</time>
    <extensions>
     <gpxtpx:TrackPointExtension>
      <gpxtpx:atemp>36</gpxtpx:atemp>
     </gpxtpx:TrackPointExtension>
    </extensions>
   </trkpt>
   <trkpt lat="48.3062590" lon="16.3466170">
    <ele>185.2</ele>
    <time>2024-06-08T10:43:15Z</time>
    <extensions>
     <gpxtpx:TrackPointExtension>
      <gpxtpx:atemp>36</gpxtpx:atemp>
     </gpxtpx:TrackPointExtension>
    </extensions>
   </trkpt>
   <trkpt lat="48.3063450" lon="16.3465440">
    <ele>185.2</ele>
    <time>2024-06-08T10:43:17Z</time>
    <extensions>
     <gpxtpx:TrackPointExtension>
      <gpxtpx:atemp>36</gpxtpx:atemp>
     </gpxtpx:TrackPointExtension>
    </extensions>
   </trkpt>
   <trkpt lat="48.3063830" lon="16.3464960">
    <ele>185.2</ele>
    <time>2024-06-08T10:43:18Z</time>
    <extensions>
     <gpxtpx:TrackPointExtension>
      <gpxtpx:atemp>36</gpxtpx:atemp>
     </gpxtpx:TrackPointExtension>
    </extensions>
   </trkpt>
   <trkpt lat="48.3064590" lon="16.3463930">
    <ele>185.2</ele>
    <time>2024-06-08T10:43:20Z</time>
    <extensions>
     <gpxtpx:TrackPointExtension>
      <gpxtpx:atemp>36</gpxtpx:atemp>
     </gpxtpx:TrackPointExtension>
    </extensions>
   </trkpt>
   <trkpt lat="48.3065920" lon="16.3461770">
    <ele>185.4</ele>
    <time>2024-06-08T10:43:24Z</time>
    <extensions>
     <gpxtpx:TrackPointExtension>
      <gpxtpx:atemp>36</gpxtpx:atemp>
     </gpxtpx:TrackPointExtension>
    </extensions>
   </trkpt>
   <trkpt lat="48.3068740" lon="16.3457190">
    <ele>185.0</ele>
    <time>2024-06-08T10:43:32Z</time>
    <extensions>
     <gpxtpx:TrackPointExtension>
      <gpxtpx:atemp>36</gpxtpx:atemp>
     </gpxtpx:TrackPointExtension>
    </extensions>
   </trkpt>
   <trkpt lat="48.3069620" lon="16.3456360">
    <ele>185.0</ele>
    <time>2024-06-08T10:43:34Z</time>
    <extensions>
     <gpxtpx:TrackPointExtension>
      <gpxtpx:atemp>36</gpxtpx:atemp>
     </gpxtpx:TrackPointExtension>
    </extensions>
   </trkpt>
   <trkpt lat="48.3070600" lon="16.3455910">
    <ele>185.0</ele>
    <time>2024-06-08T10:43:36Z</time>
    <extensions>
     <gpxtpx:TrackPointExtension>
      <gpxtpx:atemp>36</gpxtpx:atemp>
     </gpxtpx:TrackPointExtension>
    </extensions>
   </trkpt>
   <trkpt lat="48.3073820" lon="16.3455860">
    <ele>185.0</ele>
    <time>2024-06-08T10:43:42Z</time>
    <extensions>
     <gpxtpx:TrackPointExtension>
      <gpxtpx:atemp>36</gpxtpx:atemp>
     </gpxtpx:TrackPointExtension>
    </extensions>
   </trkpt>
   <trkpt lat="48.3077760" lon="16.3455640">
    <ele>185.2</ele>
    <time>2024-06-08T10:43:49Z</time>
    <extensions>
     <gpxtpx:TrackPointExtension>
      <gpxtpx:atemp>36</gpxtpx:atemp>
     </gpxtpx:TrackPointExtension>
    </extensions>
   </trkpt>
   <trkpt lat="48.3078300" lon="16.3455590">
    <ele>185.2</ele>
    <time>2024-06-08T10:43:50Z</time>
    <extensions>
     <gpxtpx:TrackPointExtension>
      <gpxtpx:atemp>36</gpxtpx:atemp>
     </gpxtpx:TrackPointExtension>
    </extensions>
   </trkpt>
   <trkpt lat="48.3080460" lon="16.3455230">
    <ele>185.2</ele>
    <time>2024-06-08T10:43:54Z</time>
    <extensions>
     <gpxtpx:TrackPointExtension>
      <gpxtpx:atemp>36</gpxtpx:atemp>
     </gpxtpx:TrackPointExtension>
    </extensions>
   </trkpt>
   <trkpt lat="48.3082070" lon="16.3455000">
    <ele>185.2</ele>
    <time>2024-06-08T10:43:57Z</time>
    <extensions>
     <gpxtpx:TrackPointExtension>
      <gpxtpx:atemp>36</gpxtpx:atemp>
     </gpxtpx:TrackPointExtension>
    </extensions>
   </trkpt>
   <trkpt lat="48.3086430" lon="16.3454430">
    <ele>185.4</ele>
    <time>2024-06-08T10:44:05Z</time>
    <extensions>
     <gpxtpx:TrackPointExtension>
      <gpxtpx:atemp>36</gpxtpx:atemp>
     </gpxtpx:TrackPointExtension>
    </extensions>
   </trkpt>
   <trkpt lat="48.3090900" lon="16.3454540">
    <ele>185.8</ele>
    <time>2024-06-08T10:44:13Z</time>
    <extensions>
     <gpxtpx:TrackPointExtension>
      <gpxtpx:atemp>36</gpxtpx:atemp>
     </gpxtpx:TrackPointExtension>
    </extensions>
   </trkpt>
   <trkpt lat="48.3096330" lon="16.3454970">
    <ele>185.8</ele>
    <time>2024-06-08T10:44:22Z</time>
    <extensions>
     <gpxtpx:TrackPointExtension>
      <gpxtpx:atemp>36</gpxtpx:atemp>
     </gpxtpx:TrackPointExtension>
    </extensions>
   </trkpt>
   <trkpt lat="48.3097540" lon="16.3455150">
    <ele>185.8</ele>
    <time>2024-06-08T10:44:24Z</time>
    <extensions>
     <gpxtpx:TrackPointExtension>
      <gpxtpx:atemp>36</gpxtpx:atemp>
     </gpxtpx:TrackPointExtension>
    </extensions>
   </trkpt>
   <trkpt lat="48.3098010" lon="16.3455290">
    <ele>185.8</ele>
    <time>2024-06-08T10:44:25Z</time>
    <extensions>
     <gpxtpx:TrackPointExtension>
      <gpxtpx:atemp>36</gpxtpx:atemp>
     </gpxtpx:TrackPointExtension>
    </extensions>
   </trkpt>
   <trkpt lat="48.3098530" lon="16.3455480">
    <ele>185.8</ele>
    <time>2024-06-08T10:44:27Z</time>
    <extensions>
     <gpxtpx:TrackPointExtension>
      <gpxtpx:atemp>36</gpxtpx:atemp>
     </gpxtpx:TrackPointExtension>
    </extensions>
   </trkpt>
   <trkpt lat="48.3098700" lon="16.3455450">
    <ele>185.8</ele>
    <time>2024-06-08T10:44:28Z</time>
    <extensions>
     <gpxtpx:TrackPointExtension>
      <gpxtpx:atemp>36</gpxtpx:atemp>
     </gpxtpx:TrackPointExtension>
    </extensions>
   </trkpt>
   <trkpt lat="48.3098920" lon="16.3455210">
    <ele>185.8</ele>
    <time>2024-06-08T10:44:30Z</time>
    <extensions>
     <gpxtpx:TrackPointExtension>
      <gpxtpx:atemp>36</gpxtpx:atemp>
     </gpxtpx:TrackPointExtension>
    </extensions>
   </trkpt>
   <trkpt lat="48.3099040" lon="16.3455160">
    <ele>185.8</ele>
    <time>2024-06-08T10:44:31Z</time>
    <extensions>
     <gpxtpx:TrackPointExtension>
      <gpxtpx:atemp>36</gpxtpx:atemp>
     </gpxtpx:TrackPointExtension>
    </extensions>
   </trkpt>
   <trkpt lat="48.3099230" lon="16.3455150">
    <ele>185.8</ele>
    <time>2024-06-08T10:44:32Z</time>
    <extensions>
     <gpxtpx:TrackPointExtension>
      <gpxtpx:atemp>36</gpxtpx:atemp>
     </gpxtpx:TrackPointExtension>
    </extensions>
   </trkpt>
   <trkpt lat="48.3100220" lon="16.3455570">
    <ele>185.8</ele>
    <time>2024-06-08T10:44:35Z</time>
    <extensions>
     <gpxtpx:TrackPointExtension>
      <gpxtpx:atemp>36</gpxtpx:atemp>
     </gpxtpx:TrackPointExtension>
    </extensions>
   </trkpt>
   <trkpt lat="48.3103200" lon="16.3455990">
    <ele>186.0</ele>
    <time>2024-06-08T10:44:41Z</time>
    <extensions>
     <gpxtpx:TrackPointExtension>
      <gpxtpx:atemp>36</gpxtpx:atemp>
     </gpxtpx:TrackPointExtension>
    </extensions>
   </trkpt>
   <trkpt lat="48.3106560" lon="16.3456530">
    <ele>185.8</ele>
    <time>2024-06-08T10:44:47Z</time>
    <extensions>
     <gpxtpx:TrackPointExtension>
      <gpxtpx:atemp>36</gpxtpx:atemp>
     </gpxtpx:TrackPointExtension>
    </extensions>
   </trkpt>
   <trkpt lat="48.3108860" lon="16.3457160">
    <ele>185.6</ele>
    <time>2024-06-08T10:44:51Z</time>
    <extensions>
     <gpxtpx:TrackPointExtension>
      <gpxtpx:atemp>36</gpxtpx:atemp>
     </gpxtpx:TrackPointExtension>
    </extensions>
   </trkpt>
   <trkpt lat="48.3110720" lon="16.3457630">
    <ele>185.8</ele>
    <time>2024-06-08T10:44:54Z</time>
    <extensions>
     <gpxtpx:TrackPointExtension>
      <gpxtpx:atemp>36</gpxtpx:atemp>
     </gpxtpx:TrackPointExtension>
    </extensions>
   </trkpt>
   <trkpt lat="48.3114410" lon="16.3458140">
    <ele>185.4</ele>
    <time>2024-06-08T10:45:00Z</time>
    <extensions>
     <gpxtpx:TrackPointExtension>
      <gpxtpx:atemp>36</gpxtpx:atemp>
     </gpxtpx:TrackPointExtension>
    </extensions>
   </trkpt>
   <trkpt lat="48.3115010" lon="16.3458120">
    <ele>185.2</ele>
    <time>2024-06-08T10:45:01Z</time>
    <extensions>
     <gpxtpx:TrackPointExtension>
      <gpxtpx:atemp>36</gpxtpx:atemp>
     </gpxtpx:TrackPointExtension>
    </extensions>
   </trkpt>
   <trkpt lat="48.3118540" lon="16.3458510">
    <ele>185.2</ele>
    <time>2024-06-08T10:45:07Z</time>
    <extensions>
     <gpxtpx:TrackPointExtension>
      <gpxtpx:atemp>36</gpxtpx:atemp>
     </gpxtpx:TrackPointExtension>
    </extensions>
   </trkpt>
   <trkpt lat="48.3123430" lon="16.3459520">
    <ele>185.6</ele>
    <time>2024-06-08T10:45:16Z</time>
    <extensions>
     <gpxtpx:TrackPointExtension>
      <gpxtpx:atemp>36</gpxtpx:atemp>
     </gpxtpx:TrackPointExtension>
    </extensions>
   </trkpt>
   <trkpt lat="48.3127800" lon="16.3460490">
    <ele>185.6</ele>
    <time>2024-06-08T10:45:24Z</time>
    <extensions>
     <gpxtpx:TrackPointExtension>
      <gpxtpx:atemp>36</gpxtpx:atemp>
     </gpxtpx:TrackPointExtension>
    </extensions>
   </trkpt>
   <trkpt lat="48.3131260" lon="16.3461280">
    <ele>185.6</ele>
    <time>2024-06-08T10:45:30Z</time>
    <extensions>
     <gpxtpx:TrackPointExtension>
      <gpxtpx:atemp>36</gpxtpx:atemp>
     </gpxtpx:TrackPointExtension>
    </extensions>
   </trkpt>
   <trkpt lat="48.3135640" lon="16.3462120">
    <ele>185.8</ele>
    <time>2024-06-08T10:45:38Z</time>
    <extensions>
     <gpxtpx:TrackPointExtension>
      <gpxtpx:atemp>36</gpxtpx:atemp>
     </gpxtpx:TrackPointExtension>
    </extensions>
   </trkpt>
   <trkpt lat="48.3136180" lon="16.3462280">
    <ele>185.8</ele>
    <time>2024-06-08T10:45:39Z</time>
    <extensions>
     <gpxtpx:TrackPointExtension>
      <gpxtpx:atemp>36</gpxtpx:atemp>
     </gpxtpx:TrackPointExtension>
    </extensions>
   </trkpt>
   <trkpt lat="48.3139050" lon="16.3463080">
    <ele>185.8</ele>
    <time>2024-06-08T10:45:44Z</time>
    <extensions>
     <gpxtpx:TrackPointExtension>
      <gpxtpx:atemp>36</gpxtpx:atemp>
     </gpxtpx:TrackPointExtension>
    </extensions>
   </trkpt>
   <trkpt lat="48.3142590" lon="16.3463780">
    <ele>185.8</ele>
    <time>2024-06-08T10:45:50Z</time>
    <extensions>
     <gpxtpx:TrackPointExtension>
      <gpxtpx:atemp>36</gpxtpx:atemp>
     </gpxtpx:TrackPointExtension>
    </extensions>
   </trkpt>
   <trkpt lat="48.3143120" lon="16.3463880">
    <ele>185.8</ele>
    <time>2024-06-08T10:45:51Z</time>
    <extensions>
     <gpxtpx:TrackPointExtension>
      <gpxtpx:atemp>36</gpxtpx:atemp>
     </gpxtpx:TrackPointExtension>
    </extensions>
   </trkpt>
   <trkpt lat="48.3144180" lon="16.3464210">
    <ele>185.8</ele>
    <time>2024-06-08T10:45:53Z</time>
    <extensions>
     <gpxtpx:TrackPointExtension>
      <gpxtpx:atemp>36</gpxtpx:atemp>
     </gpxtpx:TrackPointExtension>
    </extensions>
   </trkpt>
   <trkpt lat="48.3147140" lon="16.3465250">
    <ele>185.8</ele>
    <time>2024-06-08T10:45:58Z</time>
    <extensions>
     <gpxtpx:TrackPointExtension>
      <gpxtpx:atemp>36</gpxtpx:atemp>
     </gpxtpx:TrackPointExtension>
    </extensions>
   </trkpt>
   <trkpt lat="48.3150970" lon="16.3466300">
    <ele>185.8</ele>
    <time>2024-06-08T10:46:05Z</time>
    <extensions>
     <gpxtpx:TrackPointExtension>
      <gpxtpx:atemp>36</gpxtpx:atemp>
     </gpxtpx:TrackPointExtension>
    </extensions>
   </trkpt>
   <trkpt lat="48.3152290" lon="16.3466790">
    <ele>186.0</ele>
    <time>2024-06-08T10:46:08Z</time>
    <extensions>
     <gpxtpx:TrackPointExtension>
      <gpxtpx:atemp>36</gpxtpx:atemp>
     </gpxtpx:TrackPointExtension>
    </extensions>
   </trkpt>
   <trkpt lat="48.3152850" lon="16.3467110">
    <ele>186.0</ele>
    <time>2024-06-08T10:46:10Z</time>
    <extensions>
     <gpxtpx:TrackPointExtension>
      <gpxtpx:atemp>36</gpxtpx:atemp>
     </gpxtpx:TrackPointExtension>
    </extensions>
   </trkpt>
   <trkpt lat="48.3153420" lon="16.3467420">
    <ele>186.2</ele>
    <time>2024-06-08T10:46:14Z</time>
    <extensions>
     <gpxtpx:TrackPointExtension>
      <gpxtpx:atemp>36</gpxtpx:atemp>
     </gpxtpx:TrackPointExtension>
    </extensions>
   </trkpt>
   <trkpt lat="48.3153910" lon="16.3467490">
    <ele>186.8</ele>
    <time>2024-06-08T10:46:17Z</time>
    <extensions>
     <gpxtpx:TrackPointExtension>
      <gpxtpx:atemp>36</gpxtpx:atemp>
     </gpxtpx:TrackPointExtension>
    </extensions>
   </trkpt>
   <trkpt lat="48.3154220" lon="16.3467660">
    <ele>187.2</ele>
    <time>2024-06-08T10:46:19Z</time>
    <extensions>
     <gpxtpx:TrackPointExtension>
      <gpxtpx:atemp>36</gpxtpx:atemp>
     </gpxtpx:TrackPointExtension>
    </extensions>
   </trkpt>
   <trkpt lat="48.3154370" lon="16.3467590">
    <ele>187.2</ele>
    <time>2024-06-08T10:46:20Z</time>
    <extensions>
     <gpxtpx:TrackPointExtension>
      <gpxtpx:atemp>36</gpxtpx:atemp>
     </gpxtpx:TrackPointExtension>
    </extensions>
   </trkpt>
   <trkpt lat="48.3154520" lon="16.3467550">
    <ele>187.2</ele>
    <time>2024-06-08T10:46:21Z</time>
    <extensions>
     <gpxtpx:TrackPointExtension>
      <gpxtpx:atemp>36</gpxtpx:atemp>
     </gpxtpx:TrackPointExtension>
    </extensions>
   </trkpt>
   <trkpt lat="48.3154600" lon="16.3467730">
    <ele>187.2</ele>
    <time>2024-06-08T10:46:23Z</time>
    <extensions>
     <gpxtpx:TrackPointExtension>
      <gpxtpx:atemp>36</gpxtpx:atemp>
     </gpxtpx:TrackPointExtension>
    </extensions>
   </trkpt>
   <trkpt lat="48.3154430" lon="16.3467780">
    <ele>187.2</ele>
    <time>2024-06-08T10:46:25Z</time>
    <extensions>
     <gpxtpx:TrackPointExtension>
      <gpxtpx:atemp>36</gpxtpx:atemp>
     </gpxtpx:TrackPointExtension>
    </extensions>
   </trkpt>
   <trkpt lat="48.3154110" lon="16.3467600">
    <ele>187.2</ele>
    <time>2024-06-08T10:46:27Z</time>
    <extensions>
     <gpxtpx:TrackPointExtension>
      <gpxtpx:atemp>36</gpxtpx:atemp>
     </gpxtpx:TrackPointExtension>
    </extensions>
   </trkpt>
   <trkpt lat="48.3153970" lon="16.3467490">
    <ele>187.2</ele>
    <time>2024-06-08T10:46:28Z</time>
    <extensions>
     <gpxtpx:TrackPointExtension>
      <gpxtpx:atemp>36</gpxtpx:atemp>
     </gpxtpx:TrackPointExtension>
    </extensions>
   </trkpt>
   <trkpt lat="48.3153640" lon="16.3467530">
    <ele>187.2</ele>
    <time>2024-06-08T10:46:30Z</time>
    <extensions>
     <gpxtpx:TrackPointExtension>
      <gpxtpx:atemp>36</gpxtpx:atemp>
     </gpxtpx:TrackPointExtension>
    </extensions>
   </trkpt>
   <trkpt lat="48.3153330" lon="16.3467920">
    <ele>187.2</ele>
    <time>2024-06-08T10:46:32Z</time>
    <extensions>
     <gpxtpx:TrackPointExtension>
      <gpxtpx:atemp>36</gpxtpx:atemp>
     </gpxtpx:TrackPointExtension>
    </extensions>
   </trkpt>
   <trkpt lat="48.3153230" lon="16.3468200">
    <ele>187.2</ele>
    <time>2024-06-08T10:46:33Z</time>
    <extensions>
     <gpxtpx:TrackPointExtension>
      <gpxtpx:atemp>36</gpxtpx:atemp>
     </gpxtpx:TrackPointExtension>
    </extensions>
   </trkpt>
   <trkpt lat="48.3153380" lon="16.3469470">
    <ele>187.2</ele>
    <time>2024-06-08T10:46:36Z</time>
    <extensions>
     <gpxtpx:TrackPointExtension>
      <gpxtpx:atemp>36</gpxtpx:atemp>
     </gpxtpx:TrackPointExtension>
    </extensions>
   </trkpt>
   <trkpt lat="48.3154250" lon="16.3472130">
    <ele>187.0</ele>
    <time>2024-06-08T10:46:41Z</time>
    <extensions>
     <gpxtpx:TrackPointExtension>
      <gpxtpx:atemp>36</gpxtpx:atemp>
     </gpxtpx:TrackPointExtension>
    </extensions>
   </trkpt>
   <trkpt lat="48.3154440" lon="16.3472760">
    <ele>187.0</ele>
    <time>2024-06-08T10:46:42Z</time>
    <extensions>
     <gpxtpx:TrackPointExtension>
      <gpxtpx:atemp>36</gpxtpx:atemp>
     </gpxtpx:TrackPointExtension>
    </extensions>
   </trkpt>
   <trkpt lat="48.3155520" lon="16.3476440">
    <ele>185.6</ele>
    <time>2024-06-08T10:46:47Z</time>
    <extensions>
     <gpxtpx:TrackPointExtension>
      <gpxtpx:atemp>36</gpxtpx:atemp>
     </gpxtpx:TrackPointExtension>
    </extensions>
   </trkpt>
   <trkpt lat="48.3155800" lon="16.3477330">
    <ele>185.6</ele>
    <time>2024-06-08T10:46:48Z</time>
    <extensions>
     <gpxtpx:TrackPointExtension>
      <gpxtpx:atemp>36</gpxtpx:atemp>
     </gpxtpx:TrackPointExtension>
    </extensions>
   </trkpt>
   <trkpt lat="48.3157080" lon="16.3480860">
    <ele>185.0</ele>
    <time>2024-06-08T10:46:52Z</time>
    <extensions>
     <gpxtpx:TrackPointExtension>
      <gpxtpx:atemp>36</gpxtpx:atemp>
     </gpxtpx:TrackPointExtension>
    </extensions>
   </trkpt>
   <trkpt lat="48.3157280" lon="16.3481470">
    <ele>184.6</ele>
    <time>2024-06-08T10:46:53Z</time>
    <extensions>
     <gpxtpx:TrackPointExtension>
      <gpxtpx:atemp>36</gpxtpx:atemp>
     </gpxtpx:TrackPointExtension>
    </extensions>
   </trkpt>
   <trkpt lat="48.3157800" lon="16.3483190">
    <ele>184.2</ele>
    <time>2024-06-08T10:46:56Z</time>
    <extensions>
     <gpxtpx:TrackPointExtension>
      <gpxtpx:atemp>36</gpxtpx:atemp>
     </gpxtpx:TrackPointExtension>
    </extensions>
   </trkpt>
   <trkpt lat="48.3157940" lon="16.3483800">
    <ele>184.2</ele>
    <time>2024-06-08T10:46:57Z</time>
    <extensions>
     <gpxtpx:TrackPointExtension>
      <gpxtpx:atemp>36</gpxtpx:atemp>
     </gpxtpx:TrackPointExtension>
    </extensions>
   </trkpt>
   <trkpt lat="48.3158650" lon="16.3486060">
    <ele>184.2</ele>
    <time>2024-06-08T10:47:01Z</time>
    <extensions>
     <gpxtpx:TrackPointExtension>
      <gpxtpx:atemp>36</gpxtpx:atemp>
     </gpxtpx:TrackPointExtension>
    </extensions>
   </trkpt>
   <trkpt lat="48.3160350" lon="16.3492540">
    <ele>185.2</ele>
    <time>2024-06-08T10:47:12Z</time>
    <extensions>
     <gpxtpx:TrackPointExtension>
      <gpxtpx:atemp>36</gpxtpx:atemp>
     </gpxtpx:TrackPointExtension>
    </extensions>
   </trkpt>
   <trkpt lat="48.3161390" lon="16.3495640">
    <ele>185.4</ele>
    <time>2024-06-08T10:47:17Z</time>
    <extensions>
     <gpxtpx:TrackPointExtension>
      <gpxtpx:atemp>36</gpxtpx:atemp>
     </gpxtpx:TrackPointExtension>
    </extensions>
   </trkpt>
   <trkpt lat="48.3161790" lon="16.3496780">
    <ele>185.4</ele>
    <time>2024-06-08T10:47:19Z</time>
    <extensions>
     <gpxtpx:TrackPointExtension>
      <gpxtpx:atemp>36</gpxtpx:atemp>
     </gpxtpx:TrackPointExtension>
    </extensions>
   </trkpt>
   <trkpt lat="48.3162310" lon="16.3497480">
    <ele>185.6</ele>
    <time>2024-06-08T10:47:21Z</time>
    <extensions>
     <gpxtpx:TrackPointExtension>
      <gpxtpx:atemp>36</gpxtpx:atemp>
     </gpxtpx:TrackPointExtension>
    </extensions>
   </trkpt>
   <trkpt lat="48.3162660" lon="16.3497490">
    <ele>185.4</ele>
    <time>2024-06-08T10:47:22Z</time>
    <extensions>
     <gpxtpx:TrackPointExtension>
      <gpxtpx:atemp>36</gpxtpx:atemp>
     </gpxtpx:TrackPointExtension>
    </extensions>
   </trkpt>
   <trkpt lat="48.3163420" lon="16.3496780">
    <ele>185.4</ele>
    <time>2024-06-08T10:47:24Z</time>
    <extensions>
     <gpxtpx:TrackPointExtension>
      <gpxtpx:atemp>36</gpxtpx:atemp>
     </gpxtpx:TrackPointExtension>
    </extensions>
   </trkpt>
   <trkpt lat="48.3163730" lon="16.3496120">
    <ele>185.4</ele>
    <time>2024-06-08T10:47:25Z</time>
    <extensions>
     <gpxtpx:TrackPointExtension>
      <gpxtpx:atemp>36</gpxtpx:atemp>
     </gpxtpx:TrackPointExtension>
    </extensions>
   </trkpt>
   <trkpt lat="48.3165850" lon="16.3491330">
    <ele>185.4</ele>
    <time>2024-06-08T10:47:32Z</time>
    <extensions>
     <gpxtpx:TrackPointExtension>
      <gpxtpx:atemp>36</gpxtpx:atemp>
     </gpxtpx:TrackPointExtension>
    </extensions>
   </trkpt>
   <trkpt lat="48.3168600" lon="16.3485940">
    <ele>185.4</ele>
    <time>2024-06-08T10:47:41Z</time>
    <extensions>
     <gpxtpx:TrackPointExtension>
      <gpxtpx:atemp>36</gpxtpx:atemp>
     </gpxtpx:TrackPointExtension>
    </extensions>
   </trkpt>
   <trkpt lat="48.3171560" lon="16.3480770">
    <ele>185.4</ele>
    <time>2024-06-08T10:47:50Z</time>
    <extensions>
     <gpxtpx:TrackPointExtension>
      <gpxtpx:atemp>36</gpxtpx:atemp>
     </gpxtpx:TrackPointExtension>
    </extensions>
   </trkpt>
   <trkpt lat="48.3173670" lon="16.3477360">
    <ele>185.6</ele>
    <time>2024-06-08T10:47:57Z</time>
    <extensions>
     <gpxtpx:TrackPointExtension>
      <gpxtpx:atemp>36</gpxtpx:atemp>
     </gpxtpx:TrackPointExtension>
    </extensions>
   </trkpt>
   <trkpt lat="48.3173900" lon="16.3476980">
    <ele>185.6</ele>
    <time>2024-06-08T10:47:58Z</time>
    <extensions>
     <gpxtpx:TrackPointExtension>
      <gpxtpx:atemp>36</gpxtpx:atemp>
     </gpxtpx:TrackPointExtension>
    </extensions>
   </trkpt>
   <trkpt lat="48.3175340" lon="16.3475730">
    <ele>185.8</ele>
    <time>2024-06-08T10:48:03Z</time>
    <extensions>
     <gpxtpx:TrackPointExtension>
      <gpxtpx:atemp>36</gpxtpx:atemp>
     </gpxtpx:TrackPointExtension>
    </extensions>
   </trkpt>
   <trkpt lat="48.3176590" lon="16.3476230">
    <ele>186.4</ele>
    <time>2024-06-08T10:48:06Z</time>
    <extensions>
     <gpxtpx:TrackPointExtension>
      <gpxtpx:atemp>36</gpxtpx:atemp>
     </gpxtpx:TrackPointExtension>
    </extensions>
   </trkpt>
   <trkpt lat="48.3177040" lon="16.3476340">
    <ele>186.6</ele>
    <time>2024-06-08T10:48:07Z</time>
    <extensions>
     <gpxtpx:TrackPointExtension>
      <gpxtpx:atemp>36</gpxtpx:atemp>
     </gpxtpx:TrackPointExtension>
    </extensions>
   </trkpt>
   <trkpt lat="48.3177530" lon="16.3476410">
    <ele>186.8</ele>
    <time>2024-06-08T10:48:08Z</time>
    <extensions>
     <gpxtpx:TrackPointExtension>
      <gpxtpx:atemp>36</gpxtpx:atemp>
     </gpxtpx:TrackPointExtension>
    </extensions>
   </trkpt>
   <trkpt lat="48.3178040" lon="16.3476380">
    <ele>187.0</ele>
    <time>2024-06-08T10:48:09Z</time>
    <extensions>
     <gpxtpx:TrackPointExtension>
      <gpxtpx:atemp>36</gpxtpx:atemp>
     </gpxtpx:TrackPointExtension>
    </extensions>
   </trkpt>
   <trkpt lat="48.3178980" lon="16.3475980">
    <ele>187.4</ele>
    <time>2024-06-08T10:48:11Z</time>
    <extensions>
     <gpxtpx:TrackPointExtension>
      <gpxtpx:atemp>36</gpxtpx:atemp>
     </gpxtpx:TrackPointExtension>
    </extensions>
   </trkpt>
   <trkpt lat="48.3180350" lon="16.3474920">
    <ele>187.6</ele>
    <time>2024-06-08T10:48:14Z</time>
    <extensions>
     <gpxtpx:TrackPointExtension>
      <gpxtpx:atemp>36</gpxtpx:atemp>
     </gpxtpx:TrackPointExtension>
    </extensions>
   </trkpt>
   <trkpt lat="48.3180900" lon="16.3474670">
    <ele>187.8</ele>
    <time>2024-06-08T10:48:15Z</time>
    <extensions>
     <gpxtpx:TrackPointExtension>
      <gpxtpx:atemp>36</gpxtpx:atemp>
     </gpxtpx:TrackPointExtension>
    </extensions>
   </trkpt>
   <trkpt lat="48.3182030" lon="16.3474310">
    <ele>187.8</ele>
    <time>2024-06-08T10:48:17Z</time>
    <extensions>
     <gpxtpx:TrackPointExtension>
      <gpxtpx:atemp>36</gpxtpx:atemp>
     </gpxtpx:TrackPointExtension>
    </extensions>
   </trkpt>
   <trkpt lat="48.3183590" lon="16.3473980">
    <ele>188.0</ele>
    <time>2024-06-08T10:48:20Z</time>
    <extensions>
     <gpxtpx:TrackPointExtension>
      <gpxtpx:atemp>36</gpxtpx:atemp>
     </gpxtpx:TrackPointExtension>
    </extensions>
   </trkpt>
   <trkpt lat="48.3185440" lon="16.3473370">
    <ele>188.0</ele>
    <time>2024-06-08T10:48:24Z</time>
    <extensions>
     <gpxtpx:TrackPointExtension>
      <gpxtpx:atemp>36</gpxtpx:atemp>
     </gpxtpx:TrackPointExtension>
    </extensions>
   </trkpt>
   <trkpt lat="48.3186310" lon="16.3472780">
    <ele>188.2</ele>
    <time>2024-06-08T10:48:26Z</time>
    <extensions>
     <gpxtpx:TrackPointExtension>
      <gpxtpx:atemp>36</gpxtpx:atemp>
     </gpxtpx:TrackPointExtension>
    </extensions>
   </trkpt>
   <trkpt lat="48.3189250" lon="16.3469460">
    <ele>188.2</ele>
    <time>2024-06-08T10:48:33Z</time>
    <extensions>
     <gpxtpx:TrackPointExtension>
      <gpxtpx:atemp>36</gpxtpx:atemp>
     </gpxtpx:TrackPointExtension>
    </extensions>
   </trkpt>
   <trkpt lat="48.3192370" lon="16.3465300">
    <ele>189.0</ele>
    <time>2024-06-08T10:48:41Z</time>
    <extensions>
     <gpxtpx:TrackPointExtension>
      <gpxtpx:atemp>36</gpxtpx:atemp>
     </gpxtpx:TrackPointExtension>
    </extensions>
   </trkpt>
   <trkpt lat="48.3192660" lon="16.3464950">
    <ele>189.2</ele>
    <time>2024-06-08T10:48:42Z</time>
    <extensions>
     <gpxtpx:TrackPointExtension>
      <gpxtpx:atemp>36</gpxtpx:atemp>
     </gpxtpx:TrackPointExtension>
    </extensions>
   </trkpt>
   <trkpt lat="48.3194170" lon="16.3463030">
    <ele>189.8</ele>
    <time>2024-06-08T10:48:47Z</time>
    <extensions>
     <gpxtpx:TrackPointExtension>
      <gpxtpx:atemp>36</gpxtpx:atemp>
     </gpxtpx:TrackPointExtension>
    </extensions>
   </trkpt>
   <trkpt lat="48.3194450" lon="16.3462640">
    <ele>190.2</ele>
    <time>2024-06-08T10:48:48Z</time>
    <extensions>
     <gpxtpx:TrackPointExtension>
      <gpxtpx:atemp>36</gpxtpx:atemp>
     </gpxtpx:TrackPointExtension>
    </extensions>
   </trkpt>
   <trkpt lat="48.3195650" lon="16.3461190">
    <ele>191.2</ele>
    <time>2024-06-08T10:48:52Z</time>
    <extensions>
     <gpxtpx:TrackPointExtension>
      <gpxtpx:atemp>36</gpxtpx:atemp>
     </gpxtpx:TrackPointExtension>
    </extensions>
   </trkpt>
   <trkpt lat="48.3195940" lon="16.3460780">
    <ele>191.4</ele>
    <time>2024-06-08T10:48:53Z</time>
    <extensions>
     <gpxtpx:TrackPointExtension>
      <gpxtpx:atemp>36</gpxtpx:atemp>
     </gpxtpx:TrackPointExtension>
    </extensions>
   </trkpt>
   <trkpt lat="48.3197940" lon="16.3458440">
    <ele>191.4</ele>
    <time>2024-06-08T10:48:58Z</time>
    <extensions>
     <gpxtpx:TrackPointExtension>
      <gpxtpx:atemp>36</gpxtpx:atemp>
     </gpxtpx:TrackPointExtension>
    </extensions>
   </trkpt>
   <trkpt lat="48.3201030" lon="16.3455370">
    <ele>191.0</ele>
    <time>2024-06-08T10:49:03Z</time>
    <extensions>
     <gpxtpx:TrackPointExtension>
      <gpxtpx:atemp>36</gpxtpx:atemp>
     </gpxtpx:TrackPointExtension>
    </extensions>
   </trkpt>
   <trkpt lat="48.3203010" lon="16.3453300">
    <ele>190.0</ele>
    <time>2024-06-08T10:49:06Z</time>
    <extensions>
     <gpxtpx:TrackPointExtension>
      <gpxtpx:atemp>36</gpxtpx:atemp>
     </gpxtpx:TrackPointExtension>
    </extensions>
   </trkpt>
   <trkpt lat="48.3204120" lon="16.3452130">
    <ele>188.8</ele>
    <time>2024-06-08T10:49:08Z</time>
    <extensions>
     <gpxtpx:TrackPointExtension>
      <gpxtpx:atemp>36</gpxtpx:atemp>
     </gpxtpx:TrackPointExtension>
    </extensions>
   </trkpt>
   <trkpt lat="48.3205330" lon="16.3450820">
    <ele>187.2</ele>
    <time>2024-06-08T10:49:10Z</time>
    <extensions>
     <gpxtpx:TrackPointExtension>
      <gpxtpx:atemp>36</gpxtpx:atemp>
     </gpxtpx:TrackPointExtension>
    </extensions>
   </trkpt>
   <trkpt lat="48.3206640" lon="16.3449330">
    <ele>186.0</ele>
    <time>2024-06-08T10:49:12Z</time>
    <extensions>
     <gpxtpx:TrackPointExtension>
      <gpxtpx:atemp>36</gpxtpx:atemp>
     </gpxtpx:TrackPointExtension>
    </extensions>
   </trkpt>
   <trkpt lat="48.3208660" lon="16.3447020">
    <ele>185.2</ele>
    <time>2024-06-08T10:49:15Z</time>
    <extensions>
     <gpxtpx:TrackPointExtension>
      <gpxtpx:atemp>36</gpxtpx:atemp>
     </gpxtpx:TrackPointExtension>
    </extensions>
   </trkpt>
   <trkpt lat="48.3210450" lon="16.3445110">
    <ele>185.0</ele>
    <time>2024-06-08T10:49:18Z</time>
    <extensions>
     <gpxtpx:TrackPointExtension>
      <gpxtpx:atemp>36</gpxtpx:atemp>
     </gpxtpx:TrackPointExtension>
    </extensions>
   </trkpt>
   <trkpt lat="48.3211900" lon="16.3443690">
    <ele>185.0</ele>
    <time>2024-06-08T10:49:21Z</time>
    <extensions>
     <gpxtpx:TrackPointExtension>
      <gpxtpx:atemp>36</gpxtpx:atemp>
     </gpxtpx:TrackPointExtension>
    </extensions>
   </trkpt>
   <trkpt lat="48.3213130" lon="16.3442400">
    <ele>185.0</ele>
    <time>2024-06-08T10:49:24Z</time>
    <extensions>
     <gpxtpx:TrackPointExtension>
      <gpxtpx:atemp>36</gpxtpx:atemp>
     </gpxtpx:TrackPointExtension>
    </extensions>
   </trkpt>
   <trkpt lat="48.3214580" lon="16.3440960">
    <ele>185.2</ele>
    <time>2024-06-08T10:49:27Z</time>
    <extensions>
     <gpxtpx:TrackPointExtension>
      <gpxtpx:atemp>36</gpxtpx:atemp>
     </gpxtpx:TrackPointExtension>
    </extensions>
   </trkpt>
   <trkpt lat="48.3215080" lon="16.3440440">
    <ele>185.2</ele>
    <time>2024-06-08T10:49:28Z</time>
    <extensions>
     <gpxtpx:TrackPointExtension>
      <gpxtpx:atemp>36</gpxtpx:atemp>
     </gpxtpx:TrackPointExtension>
    </extensions>
   </trkpt>
   <trkpt lat="48.3217980" lon="16.3438110">
    <ele>185.4</ele>
    <time>2024-06-08T10:49:33Z</time>
    <extensions>
     <gpxtpx:TrackPointExtension>
      <gpxtpx:atemp>36</gpxtpx:atemp>
     </gpxtpx:TrackPointExtension>
    </extensions>
   </trkpt>
   <trkpt lat="48.3223080" lon="16.3434770">
    <ele>185.4</ele>
    <time>2024-06-08T10:49:41Z</time>
    <extensions>
     <gpxtpx:TrackPointExtension>
      <gpxtpx:atemp>36</gpxtpx:atemp>
     </gpxtpx:TrackPointExtension>
    </extensions>
   </trkpt>
   <trkpt lat="48.3228070" lon="16.3431470">
    <ele>185.0</ele>
    <time>2024-06-08T10:49:49Z</time>
    <extensions>
     <gpxtpx:TrackPointExtension>
      <gpxtpx:atemp>36</gpxtpx:atemp>
     </gpxtpx:TrackPointExtension>
    </extensions>
   </trkpt>
   <trkpt lat="48.3232410" lon="16.3428450">
    <ele>184.6</ele>
    <time>2024-06-08T10:49:56Z</time>
    <extensions>
     <gpxtpx:TrackPointExtension>
      <gpxtpx:atemp>36</gpxtpx:atemp>
     </gpxtpx:TrackPointExtension>
    </extensions>
   </trkpt>
   <trkpt lat="48.3237200" lon="16.3425240">
    <ele>184.2</ele>
    <time>2024-06-08T10:50:04Z</time>
    <extensions>
     <gpxtpx:TrackPointExtension>
      <gpxtpx:atemp>36</gpxtpx:atemp>
     </gpxtpx:TrackPointExtension>
    </extensions>
   </trkpt>
   <trkpt lat="48.3238400" lon="16.3424380">
    <ele>184.2</ele>
    <time>2024-06-08T10:50:06Z</time>
    <extensions>
     <gpxtpx:TrackPointExtension>
      <gpxtpx:atemp>36</gpxtpx:atemp>
     </gpxtpx:TrackPointExtension>
    </extensions>
   </trkpt>
   <trkpt lat="48.3243730" lon="16.3420790">
    <ele>184.4</ele>
    <time>2024-06-08T10:50:15Z</time>
    <extensions>
     <gpxtpx:TrackPointExtension>
      <gpxtpx:atemp>36</gpxtpx:atemp>
     </gpxtpx:TrackPointExtension>
    </extensions>
   </trkpt>
   <trkpt lat="48.3248870" lon="16.3417220">
    <ele>184.2</ele>
    <time>2024-06-08T10:50:24Z</time>
    <extensions>
     <gpxtpx:TrackPointExtension>
      <gpxtpx:atemp>36</gpxtpx:atemp>
     </gpxtpx:TrackPointExtension>
    </extensions>
   </trkpt>
   <trkpt lat="48.3253890" lon="16.3414000">
    <ele>184.0</ele>
    <time>2024-06-08T10:50:33Z</time>
    <extensions>
     <gpxtpx:TrackPointExtension>
      <gpxtpx:atemp>36</gpxtpx:atemp>
     </gpxtpx:TrackPointExtension>
    </extensions>
   </trkpt>
   <trkpt lat="48.3256070" lon="16.3412490">
    <ele>184.2</ele>
    <time>2024-06-08T10:50:37Z</time>
    <extensions>
     <gpxtpx:TrackPointExtension>
      <gpxtpx:atemp>35</gpxtpx:atemp>
     </gpxtpx:TrackPointExtension>
    </extensions>
   </trkpt>
   <trkpt lat="48.3261060" lon="16.3409130">
    <ele>184.6</ele>
    <time>2024-06-08T10:50:46Z</time>
    <extensions>
     <gpxtpx:TrackPointExtension>
      <gpxtpx:atemp>35</gpxtpx:atemp>
     </gpxtpx:TrackPointExtension>
    </extensions>
   </trkpt>
   <trkpt lat="48.3266030" lon="16.3405730">
    <ele>184.8</ele>
    <time>2024-06-08T10:50:55Z</time>
    <extensions>
     <gpxtpx:TrackPointExtension>
      <gpxtpx:atemp>35</gpxtpx:atemp>
     </gpxtpx:TrackPointExtension>
    </extensions>
   </trkpt>
   <trkpt lat="48.3270960" lon="16.3402250">
    <ele>184.8</ele>
    <time>2024-06-08T10:51:04Z</time>
    <extensions>
     <gpxtpx:TrackPointExtension>
      <gpxtpx:atemp>35</gpxtpx:atemp>
     </gpxtpx:TrackPointExtension>
    </extensions>
   </trkpt>
   <trkpt lat="48.3274730" lon="16.3399840">
    <ele>184.6</ele>
    <time>2024-06-08T10:51:11Z</time>
    <extensions>
     <gpxtpx:TrackPointExtension>
      <gpxtpx:atemp>35</gpxtpx:atemp>
     </gpxtpx:TrackPointExtension>
    </extensions>
   </trkpt>
   <trkpt lat="48.3276770" lon="16.3398620">
    <ele>184.6</ele>
    <time>2024-06-08T10:51:15Z</time>
    <extensions>
     <gpxtpx:TrackPointExtension>
      <gpxtpx:atemp>35</gpxtpx:atemp>
     </gpxtpx:TrackPointExtension>
    </extensions>
   </trkpt>
   <trkpt lat="48.3277240" lon="16.3398610">
    <ele>184.6</ele>
    <time>2024-06-08T10:51:16Z</time>
    <extensions>
     <gpxtpx:TrackPointExtension>
      <gpxtpx:atemp>35</gpxtpx:atemp>
     </gpxtpx:TrackPointExtension>
    </extensions>
   </trkpt>
   <trkpt lat="48.3277670" lon="16.3398820">
    <ele>184.8</ele>
    <time>2024-06-08T10:51:17Z</time>
    <extensions>
     <gpxtpx:TrackPointExtension>
      <gpxtpx:atemp>35</gpxtpx:atemp>
     </gpxtpx:TrackPointExtension>
    </extensions>
   </trkpt>
   <trkpt lat="48.3278440" lon="16.3399830">
    <ele>184.8</ele>
    <time>2024-06-08T10:51:19Z</time>
    <extensions>
     <gpxtpx:TrackPointExtension>
      <gpxtpx:atemp>35</gpxtpx:atemp>
     </gpxtpx:TrackPointExtension>
    </extensions>
   </trkpt>
   <trkpt lat="48.3281150" lon="16.3404370">
    <ele>184.4</ele>
    <time>2024-06-08T10:51:26Z</time>
    <extensions>
     <gpxtpx:TrackPointExtension>
      <gpxtpx:atemp>35</gpxtpx:atemp>
     </gpxtpx:TrackPointExtension>
    </extensions>
   </trkpt>
   <trkpt lat="48.3284310" lon="16.3409750">
    <ele>184.6</ele>
    <time>2024-06-08T10:51:34Z</time>
    <extensions>
     <gpxtpx:TrackPointExtension>
      <gpxtpx:atemp>35</gpxtpx:atemp>
     </gpxtpx:TrackPointExtension>
    </extensions>
   </trkpt>
   <trkpt lat="48.3285240" lon="16.3412040">
    <ele>184.6</ele>
    <time>2024-06-08T10:51:37Z</time>
    <extensions>
     <gpxtpx:TrackPointExtension>
      <gpxtpx:atemp>35</gpxtpx:atemp>
     </gpxtpx:TrackPointExtension>
    </extensions>
   </trkpt>
   <trkpt lat="48.3286040" lon="16.3413070">
    <ele>184.8</ele>
    <time>2024-06-08T10:51:39Z</time>
    <extensions>
     <gpxtpx:TrackPointExtension>
      <gpxtpx:atemp>35</gpxtpx:atemp>
     </gpxtpx:TrackPointExtension>
    </extensions>
   </trkpt>
   <trkpt lat="48.3286940" lon="16.3413050">
    <ele>184.8</ele>
    <time>2024-06-08T10:51:41Z</time>
    <extensions>
     <gpxtpx:TrackPointExtension>
      <gpxtpx:atemp>35</gpxtpx:atemp>
     </gpxtpx:TrackPointExtension>
    </extensions>
   </trkpt>
   <trkpt lat="48.3287260" lon="16.3412680">
    <ele>184.8</ele>
    <time>2024-06-08T10:51:42Z</time>
    <extensions>
     <gpxtpx:TrackPointExtension>
      <gpxtpx:atemp>35</gpxtpx:atemp>
     </gpxtpx:TrackPointExtension>
    </extensions>
   </trkpt>
   <trkpt lat="48.3287340" lon="16.3411570">
    <ele>185.0</ele>
    <time>2024-06-08T10:51:44Z</time>
    <extensions>
     <gpxtpx:TrackPointExtension>
      <gpxtpx:atemp>35</gpxtpx:atemp>
     </gpxtpx:TrackPointExtension>
    </extensions>
   </trkpt>
   <trkpt lat="48.3287190" lon="16.3411050">
    <ele>185.0</ele>
    <time>2024-06-08T10:51:45Z</time>
    <extensions>
     <gpxtpx:TrackPointExtension>
      <gpxtpx:atemp>35</gpxtpx:atemp>
     </gpxtpx:TrackPointExtension>
    </extensions>
   </trkpt>
   <trkpt lat="48.3286990" lon="16.3410660">
    <ele>185.2</ele>
    <time>2024-06-08T10:51:46Z</time>
    <extensions>
     <gpxtpx:TrackPointExtension>
      <gpxtpx:atemp>35</gpxtpx:atemp>
     </gpxtpx:TrackPointExtension>
    </extensions>
   </trkpt>
   <trkpt lat="48.3286710" lon="16.3410140">
    <ele>186.0</ele>
    <time>2024-06-08T10:51:48Z</time>
    <extensions>
     <gpxtpx:TrackPointExtension>
      <gpxtpx:atemp>35</gpxtpx:atemp>
     </gpxtpx:TrackPointExtension>
    </extensions>
   </trkpt>
   <trkpt lat="48.3286570" lon="16.3409930">
    <ele>186.2</ele>
    <time>2024-06-08T10:51:49Z</time>
    <extensions>
     <gpxtpx:TrackPointExtension>
      <gpxtpx:atemp>35</gpxtpx:atemp>
     </gpxtpx:TrackPointExtension>
    </extensions>
   </trkpt>
   <trkpt lat="48.3286220" lon="16.3409420">
    <ele>187.0</ele>
    <time>2024-06-08T10:51:52Z</time>
    <extensions>
     <gpxtpx:TrackPointExtension>
      <gpxtpx:atemp>35</gpxtpx:atemp>
     </gpxtpx:TrackPointExtension>
    </extensions>
   </trkpt>
   <trkpt lat="48.3285810" lon="16.3408640">
    <ele>187.4</ele>
    <time>2024-06-08T10:51:55Z</time>
    <extensions>
     <gpxtpx:TrackPointExtension>
      <gpxtpx:atemp>35</gpxtpx:atemp>
     </gpxtpx:TrackPointExtension>
    </extensions>
   </trkpt>
   <trkpt lat="48.3284760" lon="16.3406850">
    <ele>188.0</ele>
    <time>2024-06-08T10:52:01Z</time>
    <extensions>
     <gpxtpx:TrackPointExtension>
      <gpxtpx:atemp>35</gpxtpx:atemp>
     </gpxtpx:TrackPointExtension>
    </extensions>
   </trkpt>
   <trkpt lat="48.3284590" lon="16.3406540">
    <ele>188.0</ele>
    <time>2024-06-08T10:52:02Z</time>
    <extensions>
     <gpxtpx:TrackPointExtension>
      <gpxtpx:atemp>35</gpxtpx:atemp>
     </gpxtpx:TrackPointExtension>
    </extensions>
   </trkpt>
   <trkpt lat="48.3283140" lon="16.3403930">
    <ele>189.0</ele>
    <time>2024-06-08T10:52:10Z</time>
    <extensions>
     <gpxtpx:TrackPointExtension>
      <gpxtpx:atemp>35</gpxtpx:atemp>
     </gpxtpx:TrackPointExtension>
    </extensions>
   </trkpt>
   <trkpt lat="48.3282740" lon="16.3403260">
    <ele>189.4</ele>
    <time>2024-06-08T10:52:12Z</time>
    <extensions>
     <gpxtpx:TrackPointExtension>
      <gpxtpx:atemp>35</gpxtpx:atemp>
     </gpxtpx:TrackPointExtension>
    </extensions>
   </trkpt>
   <trkpt lat="48.3281840" lon="16.3401620">
    <ele>190.2</ele>
    <time>2024-06-08T10:52:17Z</time>
    <extensions>
     <gpxtpx:TrackPointExtension>
      <gpxtpx:atemp>35</gpxtpx:atemp>
     </gpxtpx:TrackPointExtension>
    </extensions>
   </trkpt>
   <trkpt lat="48.3281000" lon="16.3399860">
    <ele>191.0</ele>
    <time>2024-06-08T10:52:22Z</time>
    <extensions>
     <gpxtpx:TrackPointExtension>
      <gpxtpx:atemp>35</gpxtpx:atemp>
     </gpxtpx:TrackPointExtension>
    </extensions>
   </trkpt>
   <trkpt lat="48.3280690" lon="16.3399180">
    <ele>191.4</ele>
    <time>2024-06-08T10:52:24Z</time>
    <extensions>
     <gpxtpx:TrackPointExtension>
      <gpxtpx:atemp>35</gpxtpx:atemp>
     </gpxtpx:TrackPointExtension>
    </extensions>
   </trkpt>
   <trkpt lat="48.3279780" lon="16.3396890">
    <ele>192.4</ele>
    <time>2024-06-08T10:52:30Z</time>
    <extensions>
     <gpxtpx:TrackPointExtension>
      <gpxtpx:atemp>35</gpxtpx:atemp>
     </gpxtpx:TrackPointExtension>
    </extensions>
   </trkpt>
   <trkpt lat="48.3279650" lon="16.3396510">
    <ele>192.6</ele>
    <time>2024-06-08T10:52:31Z</time>
    <extensions>
     <gpxtpx:TrackPointExtension>
      <gpxtpx:atemp>35</gpxtpx:atemp>
     </gpxtpx:TrackPointExtension>
    </extensions>
   </trkpt>
   <trkpt lat="48.3279160" lon="16.3394960">
    <ele>193.6</ele>
    <time>2024-06-08T10:52:35Z</time>
    <extensions>
     <gpxtpx:TrackPointExtension>
      <gpxtpx:atemp>35</gpxtpx:atemp>
     </gpxtpx:TrackPointExtension>
    </extensions>
   </trkpt>
   <trkpt lat="48.3278850" lon="16.3393710">
    <ele>194.0</ele>
    <time>2024-06-08T10:52:38Z</time>
    <extensions>
     <gpxtpx:TrackPointExtension>
      <gpxtpx:atemp>35</gpxtpx:atemp>
     </gpxtpx:TrackPointExtension>
    </extensions>
   </trkpt>
   <trkpt lat="48.3278560" lon="16.3392490">
    <ele>194.6</ele>
    <time>2024-06-08T10:52:41Z</time>
    <extensions>
     <gpxtpx:TrackPointExtension>
      <gpxtpx:atemp>35</gpxtpx:atemp>
     </gpxtpx:TrackPointExtension>
    </extensions>
   </trkpt>
   <trkpt lat="48.3278030" lon="16.3389550">
    <ele>195.6</ele>
    <time>2024-06-08T10:52:48Z</time>
    <extensions>
     <gpxtpx:TrackPointExtension>
      <gpxtpx:atemp>35</gpxtpx:atemp>
     </gpxtpx:TrackPointExtension>
    </extensions>
   </trkpt>
   <trkpt lat="48.3277500" lon="16.3385500">
    <ele>196.2</ele>
    <time>2024-06-08T10:52:56Z</time>
    <extensions>
     <gpxtpx:TrackPointExtension>
      <gpxtpx:atemp>35</gpxtpx:atemp>
     </gpxtpx:TrackPointExtension>
    </extensions>
   </trkpt>
   <trkpt lat="48.3277420" lon="16.3381570">
    <ele>196.2</ele>
    <time>2024-06-08T10:53:02Z</time>
    <extensions>
     <gpxtpx:TrackPointExtension>
      <gpxtpx:atemp>35</gpxtpx:atemp>
     </gpxtpx:TrackPointExtension>
    </extensions>
   </trkpt>
   <trkpt lat="48.3277720" lon="16.3376680">
    <ele>196.0</ele>
    <time>2024-06-08T10:53:08Z</time>
    <extensions>
     <gpxtpx:TrackPointExtension>
      <gpxtpx:atemp>36</gpxtpx:atemp>
     </gpxtpx:TrackPointExtension>
    </extensions>
   </trkpt>
   <trkpt lat="48.3278780" lon="16.3371160">
    <ele>195.0</ele>
    <time>2024-06-08T10:53:14Z</time>
    <extensions>
     <gpxtpx:TrackPointExtension>
      <gpxtpx:atemp>36</gpxtpx:atemp>
     </gpxtpx:TrackPointExtension>
    </extensions>
   </trkpt>
   <trkpt lat="48.3279600" lon="16.3368280">
    <ele>194.8</ele>
    <time>2024-06-08T10:53:17Z</time>
    <extensions>
     <gpxtpx:TrackPointExtension>
      <gpxtpx:atemp>36</gpxtpx:atemp>
     </gpxtpx:TrackPointExtension>
    </extensions>
   </trkpt>
   <trkpt lat="48.3280740" lon="16.3365420">
    <ele>193.8</ele>
    <time>2024-06-08T10:53:20Z</time>
    <extensions>
     <gpxtpx:TrackPointExtension>
      <gpxtpx:atemp>36</gpxtpx:atemp>
     </gpxtpx:TrackPointExtension>
    </extensions>
   </trkpt>
   <trkpt lat="48.3282630" lon="16.3361520">
    <ele>192.6</ele>
    <time>2024-06-08T10:53:24Z</time>
    <extensions>
     <gpxtpx:TrackPointExtension>
      <gpxtpx:atemp>36</gpxtpx:atemp>
     </gpxtpx:TrackPointExtension>
    </extensions>
   </trkpt>
   <trkpt lat="48.3283090" lon="16.3360440">
    <ele>192.2</ele>
    <time>2024-06-08T10:53:25Z</time>
    <extensions>
     <gpxtpx:TrackPointExtension>
      <gpxtpx:atemp>36</gpxtpx:atemp>
     </gpxtpx:TrackPointExtension>
    </extensions>
   </trkpt>
   <trkpt lat="48.3283580" lon="16.3358060">
    <ele>191.8</ele>
    <time>2024-06-08T10:53:27Z</time>
    <extensions>
     <gpxtpx:TrackPointExtension>
      <gpxtpx:atemp>36</gpxtpx:atemp>
     </gpxtpx:TrackPointExtension>
    </extensions>
   </trkpt>
   <trkpt lat="48.3283550" lon="16.3356900">
    <ele>191.4</ele>
    <time>2024-06-08T10:53:28Z</time>
    <extensions>
     <gpxtpx:TrackPointExtension>
      <gpxtpx:atemp>36</gpxtpx:atemp>
     </gpxtpx:TrackPointExtension>
    </extensions>
   </trkpt>
   <trkpt lat="48.3283370" lon="16.3355870">
    <ele>191.0</ele>
    <time>2024-06-08T10:53:29Z</time>
    <extensions>
     <gpxtpx:TrackPointExtension>
      <gpxtpx:atemp>36</gpxtpx:atemp>
     </gpxtpx:TrackPointExtension>
    </extensions>
   </trkpt>
   <trkpt lat="48.3282590" lon="16.3354050">
    <ele>190.2</ele>
    <time>2024-06-08T10:53:31Z</time>
    <extensions>
     <gpxtpx:TrackPointExtension>
      <gpxtpx:atemp>36</gpxtpx:atemp>
     </gpxtpx:TrackPointExtension>
    </extensions>
   </trkpt>
   <trkpt lat="48.3280890" lon="16.3351900">
    <ele>189.0</ele>
    <time>2024-06-08T10:53:34Z</time>
    <extensions>
     <gpxtpx:TrackPointExtension>
      <gpxtpx:atemp>36</gpxtpx:atemp>
     </gpxtpx:TrackPointExtension>
    </extensions>
   </trkpt>
   <trkpt lat="48.3280390" lon="16.3351100">
    <ele>188.4</ele>
    <time>2024-06-08T10:53:35Z</time>
    <extensions>
     <gpxtpx:TrackPointExtension>
      <gpxtpx:atemp>36</gpxtpx:atemp>
     </gpxtpx:TrackPointExtension>
    </extensions>
   </trkpt>
   <trkpt lat="48.3279930" lon="16.3350200">
    <ele>188.0</ele>
    <time>2024-06-08T10:53:36Z</time>
    <extensions>
     <gpxtpx:TrackPointExtension>
      <gpxtpx:atemp>36</gpxtpx:atemp>
     </gpxtpx:TrackPointExtension>
    </extensions>
   </trkpt>
   <trkpt lat="48.3279310" lon="16.3348220">
    <ele>187.6</ele>
    <time>2024-06-08T10:53:38Z</time>
    <extensions>
     <gpxtpx:TrackPointExtension>
      <gpxtpx:atemp>36</gpxtpx:atemp>
     </gpxtpx:TrackPointExtension>
    </extensions>
   </trkpt>
   <trkpt lat="48.3279180" lon="16.3347170">
    <ele>187.2</ele>
    <time>2024-06-08T10:53:39Z</time>
    <extensions>
     <gpxtpx:TrackPointExtension>
      <gpxtpx:atemp>36</gpxtpx:atemp>
     </gpxtpx:TrackPointExtension>
    </extensions>
   </trkpt>
   <trkpt lat="48.3279130" lon="16.3346140">
    <ele>187.2</ele>
    <time>2024-06-08T10:53:40Z</time>
    <extensions>
     <gpxtpx:TrackPointExtension>
      <gpxtpx:atemp>36</gpxtpx:atemp>
     </gpxtpx:TrackPointExtension>
    </extensions>
   </trkpt>
   <trkpt lat="48.3279210" lon="16.3345170">
    <ele>186.8</ele>
    <time>2024-06-08T10:53:41Z</time>
    <extensions>
     <gpxtpx:TrackPointExtension>
      <gpxtpx:atemp>36</gpxtpx:atemp>
     </gpxtpx:TrackPointExtension>
    </extensions>
   </trkpt>
   <trkpt lat="48.3279390" lon="16.3344300">
    <ele>186.4</ele>
    <time>2024-06-08T10:53:42Z</time>
    <extensions>
     <gpxtpx:TrackPointExtension>
      <gpxtpx:atemp>36</gpxtpx:atemp>
     </gpxtpx:TrackPointExtension>
    </extensions>
   </trkpt>
   <trkpt lat="48.3279850" lon="16.3342910">
    <ele>186.0</ele>
    <time>2024-06-08T10:53:44Z</time>
    <extensions>
     <gpxtpx:TrackPointExtension>
      <gpxtpx:atemp>36</gpxtpx:atemp>
     </gpxtpx:TrackPointExtension>
    </extensions>
   </trkpt>
   <trkpt lat="48.3280440" lon="16.3341710">
    <ele>185.8</ele>
    <time>2024-06-08T10:53:46Z</time>
    <extensions>
     <gpxtpx:TrackPointExtension>
      <gpxtpx:atemp>36</gpxtpx:atemp>
     </gpxtpx:TrackPointExtension>
    </extensions>
   </trkpt>
   <trkpt lat="48.3282070" lon="16.3339440">
    <ele>185.8</ele>
    <time>2024-06-08T10:53:50Z</time>
    <extensions>
     <gpxtpx:TrackPointExtension>
      <gpxtpx:atemp>36</gpxtpx:atemp>
     </gpxtpx:TrackPointExtension>
    </extensions>
   </trkpt>
   <trkpt lat="48.3282490" lon="16.3338950">
    <ele>185.8</ele>
    <time>2024-06-08T10:53:51Z</time>
    <extensions>
     <gpxtpx:TrackPointExtension>
      <gpxtpx:atemp>36</gpxtpx:atemp>
     </gpxtpx:TrackPointExtension>
    </extensions>
   </trkpt>
   <trkpt lat="48.3283430" lon="16.3338030">
    <ele>185.8</ele>
    <time>2024-06-08T10:53:53Z</time>
    <extensions>
     <gpxtpx:TrackPointExtension>
      <gpxtpx:atemp>36</gpxtpx:atemp>
     </gpxtpx:TrackPointExtension>
    </extensions>
   </trkpt>
   <trkpt lat="48.3285430" lon="16.3336030">
    <ele>185.8</ele>
    <time>2024-06-08T10:53:57Z</time>
    <extensions>
     <gpxtpx:TrackPointExtension>
      <gpxtpx:atemp>36</gpxtpx:atemp>
     </gpxtpx:TrackPointExtension>
    </extensions>
   </trkpt>
   <trkpt lat="48.3289520" lon="16.3332530">
    <ele>186.0</ele>
    <time>2024-06-08T10:54:05Z</time>
    <extensions>
     <gpxtpx:TrackPointExtension>
      <gpxtpx:atemp>36</gpxtpx:atemp>
     </gpxtpx:TrackPointExtension>
    </extensions>
   </trkpt>
   <trkpt lat="48.3292550" lon="16.3329920">
    <ele>186.2</ele>
    <time>2024-06-08T10:54:11Z</time>
    <extensions>
     <gpxtpx:TrackPointExtension>
      <gpxtpx:atemp>36</gpxtpx:atemp>
     </gpxtpx:TrackPointExtension>
    </extensions>
   </trkpt>
   <trkpt lat="48.3296320" lon="16.3326660">
    <ele>186.2</ele>
    <time>2024-06-08T10:54:19Z</time>
    <extensions>
     <gpxtpx:TrackPointExtension>
      <gpxtpx:atemp>36</gpxtpx:atemp>
     </gpxtpx:TrackPointExtension>
    </extensions>
   </trkpt>
   <trkpt lat="48.3300470" lon="16.3322900">
    <ele>186.4</ele>
    <time>2024-06-08T10:54:28Z</time>
    <extensions>
     <gpxtpx:TrackPointExtension>
      <gpxtpx:atemp>36</gpxtpx:atemp>
     </gpxtpx:TrackPointExtension>
    </extensions>
   </trkpt>
   <trkpt lat="48.3304190" lon="16.3319450">
    <ele>186.6</ele>
    <time>2024-06-08T10:54:36Z</time>
    <extensions>
     <gpxtpx:TrackPointExtension>
      <gpxtpx:atemp>35</gpxtpx:atemp>
     </gpxtpx:TrackPointExtension>
    </extensions>
   </trkpt>
   <trkpt lat="48.3305500" lon="16.3317940">
    <ele>186.6</ele>
    <time>2024-06-08T10:54:39Z</time>
    <extensions>
     <gpxtpx:TrackPointExtension>
      <gpxtpx:atemp>35</gpxtpx:atemp>
     </gpxtpx:TrackPointExtension>
    </extensions>
   </trkpt>
   <trkpt lat="48.3306460" lon="16.3317270">
    <ele>186.6</ele>
    <time>2024-06-08T10:54:41Z</time>
    <extensions>
     <gpxtpx:TrackPointExtension>
      <gpxtpx:atemp>35</gpxtpx:atemp>
     </gpxtpx:TrackPointExtension>
    </extensions>
   </trkpt>
   <trkpt lat="48.3307640" lon="16.3317510">
    <ele>186.4</ele>
    <time>2024-06-08T10:54:44Z</time>
    <extensions>
     <gpxtpx:TrackPointExtension>
      <gpxtpx:atemp>35</gpxtpx:atemp>
     </gpxtpx:TrackPointExtension>
    </extensions>
   </trkpt>
   <trkpt lat="48.3308930" lon="16.3318170">
    <ele>186.4</ele>
    <time>2024-06-08T10:54:47Z</time>
    <extensions>
     <gpxtpx:TrackPointExtension>
      <gpxtpx:atemp>35</gpxtpx:atemp>
     </gpxtpx:TrackPointExtension>
    </extensions>
   </trkpt>
   <trkpt lat="48.3309910" lon="16.3318330">
    <ele>186.4</ele>
    <time>2024-06-08T10:54:49Z</time>
    <extensions>
     <gpxtpx:TrackPointExtension>
      <gpxtpx:atemp>35</gpxtpx:atemp>
     </gpxtpx:TrackPointExtension>
    </extensions>
   </trkpt>
   <trkpt lat="48.3310430" lon="16.3318240">
    <ele>186.4</ele>
    <time>2024-06-08T10:54:50Z</time>
    <extensions>
     <gpxtpx:TrackPointExtension>
      <gpxtpx:atemp>35</gpxtpx:atemp>
     </gpxtpx:TrackPointExtension>
    </extensions>
   </trkpt>
   <trkpt lat="48.3311370" lon="16.3317300">
    <ele>186.4</ele>
    <time>2024-06-08T10:54:52Z</time>
    <extensions>
     <gpxtpx:TrackPointExtension>
      <gpxtpx:atemp>35</gpxtpx:atemp>
     </gpxtpx:TrackPointExtension>
    </extensions>
   </trkpt>
   <trkpt lat="48.3312300" lon="16.3316220">
    <ele>186.4</ele>
    <time>2024-06-08T10:54:54Z</time>
    <extensions>
     <gpxtpx:TrackPointExtension>
      <gpxtpx:atemp>35</gpxtpx:atemp>
     </gpxtpx:TrackPointExtension>
    </extensions>
   </trkpt>
   <trkpt lat="48.3313420" lon="16.3315520">
    <ele>186.2</ele>
    <time>2024-06-08T10:54:56Z</time>
    <extensions>
     <gpxtpx:TrackPointExtension>
      <gpxtpx:atemp>35</gpxtpx:atemp>
     </gpxtpx:TrackPointExtension>
    </extensions>
   </trkpt>
   <trkpt lat="48.3317680" lon="16.3314330">
    <ele>186.2</ele>
    <time>2024-06-08T10:55:03Z</time>
    <extensions>
     <gpxtpx:TrackPointExtension>
      <gpxtpx:atemp>35</gpxtpx:atemp>
     </gpxtpx:TrackPointExtension>
    </extensions>
   </trkpt>
   <trkpt lat="48.3320210" lon="16.3314300">
    <ele>186.0</ele>
    <time>2024-06-08T10:55:07Z</time>
    <extensions>
     <gpxtpx:TrackPointExtension>
      <gpxtpx:atemp>35</gpxtpx:atemp>
     </gpxtpx:TrackPointExtension>
    </extensions>
   </trkpt>
   <trkpt lat="48.3320830" lon="16.3314480">
    <ele>186.0</ele>
    <time>2024-06-08T10:55:08Z</time>
    <extensions>
     <gpxtpx:TrackPointExtension>
      <gpxtpx:atemp>35</gpxtpx:atemp>
     </gpxtpx:TrackPointExtension>
    </extensions>
   </trkpt>
   <trkpt lat="48.3321420" lon="16.3314800">
    <ele>186.0</ele>
    <time>2024-06-08T10:55:09Z</time>
    <extensions>
     <gpxtpx:TrackPointExtension>
      <gpxtpx:atemp>35</gpxtpx:atemp>
     </gpxtpx:TrackPointExtension>
    </extensions>
   </trkpt>
   <trkpt lat="48.3323120" lon="16.3315990">
    <ele>186.0</ele>
    <time>2024-06-08T10:55:12Z</time>
    <extensions>
     <gpxtpx:TrackPointExtension>
      <gpxtpx:atemp>35</gpxtpx:atemp>
     </gpxtpx:TrackPointExtension>
    </extensions>
   </trkpt>
   <trkpt lat="48.3324370" lon="16.3316220">
    <ele>186.0</ele>
    <time>2024-06-08T10:55:14Z</time>
    <extensions>
     <gpxtpx:TrackPointExtension>
      <gpxtpx:atemp>35</gpxtpx:atemp>
     </gpxtpx:TrackPointExtension>
    </extensions>
   </trkpt>
   <trkpt lat="48.3324970" lon="16.3316080">
    <ele>186.0</ele>
    <time>2024-06-08T10:55:15Z</time>
    <extensions>
     <gpxtpx:TrackPointExtension>
      <gpxtpx:atemp>35</gpxtpx:atemp>
     </gpxtpx:TrackPointExtension>
    </extensions>
   </trkpt>
   <trkpt lat="48.3325560" lon="16.3315770">
    <ele>186.0</ele>
    <time>2024-06-08T10:55:16Z</time>
    <extensions>
     <gpxtpx:TrackPointExtension>
      <gpxtpx:atemp>35</gpxtpx:atemp>
     </gpxtpx:TrackPointExtension>
    </extensions>
   </trkpt>
   <trkpt lat="48.3327130" lon="16.3314220">
    <ele>185.8</ele>
    <time>2024-06-08T10:55:19Z</time>
    <extensions>
     <gpxtpx:TrackPointExtension>
      <gpxtpx:atemp>35</gpxtpx:atemp>
     </gpxtpx:TrackPointExtension>
    </extensions>
   </trkpt>
   <trkpt lat="48.3330580" lon="16.3310830">
    <ele>185.8</ele>
    <time>2024-06-08T10:55:26Z</time>
    <extensions>
     <gpxtpx:TrackPointExtension>
      <gpxtpx:atemp>35</gpxtpx:atemp>
     </gpxtpx:TrackPointExtension>
    </extensions>
   </trkpt>
   <trkpt lat="48.3334920" lon="16.3307290">
    <ele>185.8</ele>
    <time>2024-06-08T10:55:34Z</time>
    <extensions>
     <gpxtpx:TrackPointExtension>
      <gpxtpx:atemp>35</gpxtpx:atemp>
     </gpxtpx:TrackPointExtension>
    </extensions>
   </trkpt>
   <trkpt lat="48.3339250" lon="16.3302790">
    <ele>185.8</ele>
    <time>2024-06-08T10:55:41Z</time>
    <extensions>
     <gpxtpx:TrackPointExtension>
      <gpxtpx:atemp>36</gpxtpx:atemp>
     </gpxtpx:TrackPointExtension>
    </extensions>
   </trkpt>
   <trkpt lat="48.3343750" lon="16.3297690">
    <ele>185.4</ele>
    <time>2024-06-08T10:55:49Z</time>
    <extensions>
     <gpxtpx:TrackPointExtension>
      <gpxtpx:atemp>36</gpxtpx:atemp>
     </gpxtpx:TrackPointExtension>
    </extensions>
   </trkpt>
   <trkpt lat="48.3344240" lon="16.3297090">
    <ele>185.4</ele>
    <time>2024-06-08T10:55:50Z</time>
    <extensions>
     <gpxtpx:TrackPointExtension>
      <gpxtpx:atemp>36</gpxtpx:atemp>
     </gpxtpx:TrackPointExtension>
    </extensions>
   </trkpt>
   <trkpt lat="48.3345770" lon="16.3295310">
    <ele>185.4</ele>
    <time>2024-06-08T10:55:53Z</time>
    <extensions>
     <gpxtpx:TrackPointExtension>
      <gpxtpx:atemp>36</gpxtpx:atemp>
     </gpxtpx:TrackPointExtension>
    </extensions>
   </trkpt>
   <trkpt lat="48.3347260" lon="16.3293540">
    <ele>185.6</ele>
    <time>2024-06-08T10:55:56Z</time>
    <extensions>
     <gpxtpx:TrackPointExtension>
      <gpxtpx:atemp>36</gpxtpx:atemp>
     </gpxtpx:TrackPointExtension>
    </extensions>
   </trkpt>
   <trkpt lat="48.3348660" lon="16.3291820">
    <ele>185.8</ele>
    <time>2024-06-08T10:55:59Z</time>
    <extensions>
     <gpxtpx:TrackPointExtension>
      <gpxtpx:atemp>36</gpxtpx:atemp>
     </gpxtpx:TrackPointExtension>
    </extensions>
   </trkpt>
   <trkpt lat="48.3349850" lon="16.3289850">
    <ele>185.8</ele>
    <time>2024-06-08T10:56:02Z</time>
    <extensions>
     <gpxtpx:TrackPointExtension>
      <gpxtpx:atemp>36</gpxtpx:atemp>
     </gpxtpx:TrackPointExtension>
    </extensions>
   </trkpt>
   <trkpt lat="48.3352050" lon="16.3285660">
    <ele>186.0</ele>
    <time>2024-06-08T10:56:08Z</time>
    <extensions>
     <gpxtpx:TrackPointExtension>
      <gpxtpx:atemp>35</gpxtpx:atemp>
     </gpxtpx:TrackPointExtension>
    </extensions>
   </trkpt>
   <trkpt lat="48.3354720" lon="16.3279820">
    <ele>186.2</ele>
    <time>2024-06-08T10:56:16Z</time>
    <extensions>
     <gpxtpx:TrackPointExtension>
      <gpxtpx:atemp>35</gpxtpx:atemp>
     </gpxtpx:TrackPointExtension>
    </extensions>
   </trkpt>
   <trkpt lat="48.3356990" lon="16.3274250">
    <ele>186.4</ele>
    <time>2024-06-08T10:56:24Z</time>
    <extensions>
     <gpxtpx:TrackPointExtension>
      <gpxtpx:atemp>35</gpxtpx:atemp>
     </gpxtpx:TrackPointExtension>
    </extensions>
   </trkpt>
   <trkpt lat="48.3359600" lon="16.3267630">
    <ele>186.4</ele>
    <time>2024-06-08T10:56:33Z</time>
    <extensions>
     <gpxtpx:TrackPointExtension>
      <gpxtpx:atemp>35</gpxtpx:atemp>
     </gpxtpx:TrackPointExtension>
    </extensions>
   </trkpt>
   <trkpt lat="48.3361780" lon="16.3263540">
    <ele>186.2</ele>
    <time>2024-06-08T10:56:39Z</time>
    <extensions>
     <gpxtpx:TrackPointExtension>
      <gpxtpx:atemp>35</gpxtpx:atemp>
     </gpxtpx:TrackPointExtension>
    </extensions>
   </trkpt>
   <trkpt lat="48.3363370" lon="16.3260800">
    <ele>185.8</ele>
    <time>2024-06-08T10:56:43Z</time>
    <extensions>
     <gpxtpx:TrackPointExtension>
      <gpxtpx:atemp>35</gpxtpx:atemp>
     </gpxtpx:TrackPointExtension>
    </extensions>
   </trkpt>
   <trkpt lat="48.3365380" lon="16.3257280">
    <ele>185.8</ele>
    <time>2024-06-08T10:56:48Z</time>
    <extensions>
     <gpxtpx:TrackPointExtension>
      <gpxtpx:atemp>35</gpxtpx:atemp>
     </gpxtpx:TrackPointExtension>
    </extensions>
   </trkpt>
   <trkpt lat="48.3368970" lon="16.3250880">
    <ele>185.6</ele>
    <time>2024-06-08T10:56:57Z</time>
    <extensions>
     <gpxtpx:TrackPointExtension>
      <gpxtpx:atemp>35</gpxtpx:atemp>
     </gpxtpx:TrackPointExtension>
    </extensions>
   </trkpt>
   <trkpt lat="48.3369370" lon="16.3250170">
    <ele>185.6</ele>
    <time>2024-06-08T10:56:58Z</time>
    <extensions>
     <gpxtpx:TrackPointExtension>
      <gpxtpx:atemp>35</gpxtpx:atemp>
     </gpxtpx:TrackPointExtension>
    </extensions>
   </trkpt>
   <trkpt lat="48.3372260" lon="16.3244480">
    <ele>185.8</ele>
    <time>2024-06-08T10:57:06Z</time>
    <extensions>
     <gpxtpx:TrackPointExtension>
      <gpxtpx:atemp>35</gpxtpx:atemp>
     </gpxtpx:TrackPointExtension>
    </extensions>
   </trkpt>
   <trkpt lat="48.3374200" lon="16.3239330">
    <ele>186.4</ele>
    <time>2024-06-08T10:57:13Z</time>
    <extensions>
     <gpxtpx:TrackPointExtension>
      <gpxtpx:atemp>35</gpxtpx:atemp>
     </gpxtpx:TrackPointExtension>
    </extensions>
   </trkpt>
   <trkpt lat="48.3374820" lon="16.3237860">
    <ele>186.6</ele>
    <time>2024-06-08T10:57:15Z</time>
    <extensions>
     <gpxtpx:TrackPointExtension>
      <gpxtpx:atemp>35</gpxtpx:atemp>
     </gpxtpx:TrackPointExtension>
    </extensions>
   </trkpt>
   <trkpt lat="48.3375090" lon="16.3237150">
    <ele>186.6</ele>
    <time>2024-06-08T10:57:16Z</time>
    <extensions>
     <gpxtpx:TrackPointExtension>
      <gpxtpx:atemp>35</gpxtpx:atemp>
     </gpxtpx:TrackPointExtension>
    </extensions>
   </trkpt>
   <trkpt lat="48.3376010" lon="16.3234910">
    <ele>186.6</ele>
    <time>2024-06-08T10:57:19Z</time>
    <extensions>
     <gpxtpx:TrackPointExtension>
      <gpxtpx:atemp>35</gpxtpx:atemp>
     </gpxtpx:TrackPointExtension>
    </extensions>
   </trkpt>
   <trkpt lat="48.3378260" lon="16.3230180">
    <ele>186.8</ele>
    <time>2024-06-08T10:57:26Z</time>
    <extensions>
     <gpxtpx:TrackPointExtension>
      <gpxtpx:atemp>35</gpxtpx:atemp>
     </gpxtpx:TrackPointExtension>
    </extensions>
   </trkpt>
   <trkpt lat="48.3378990" lon="16.3228840">
    <ele>186.8</ele>
    <time>2024-06-08T10:57:28Z</time>
    <extensions>
     <gpxtpx:TrackPointExtension>
      <gpxtpx:atemp>35</gpxtpx:atemp>
     </gpxtpx:TrackPointExtension>
    </extensions>
   </trkpt>
   <trkpt lat="48.3381610" lon="16.3224150">
    <ele>186.8</ele>
    <time>2024-06-08T10:57:35Z</time>
    <extensions>
     <gpxtpx:TrackPointExtension>
      <gpxtpx:atemp>35</gpxtpx:atemp>
     </gpxtpx:TrackPointExtension>
    </extensions>
   </trkpt>
   <trkpt lat="48.3382040" lon="16.3223550">
    <ele>186.8</ele>
    <time>2024-06-08T10:57:36Z</time>
    <extensions>
     <gpxtpx:TrackPointExtension>
      <gpxtpx:atemp>35</gpxtpx:atemp>
     </gpxtpx:TrackPointExtension>
    </extensions>
   </trkpt>
   <trkpt lat="48.3383490" lon="16.3222300">
    <ele>186.6</ele>
    <time>2024-06-08T10:57:39Z</time>
    <extensions>
     <gpxtpx:TrackPointExtension>
      <gpxtpx:atemp>35</gpxtpx:atemp>
     </gpxtpx:TrackPointExtension>
    </extensions>
   </trkpt>
   <trkpt lat="48.3388650" lon="16.3218800">
    <ele>186.4</ele>
    <time>2024-06-08T10:57:49Z</time>
    <extensions>
     <gpxtpx:TrackPointExtension>
      <gpxtpx:atemp>35</gpxtpx:atemp>
     </gpxtpx:TrackPointExtension>
    </extensions>
   </trkpt>
   <trkpt lat="48.3390710" lon="16.3217540">
    <ele>186.4</ele>
    <time>2024-06-08T10:57:53Z</time>
    <extensions>
     <gpxtpx:TrackPointExtension>
      <gpxtpx:atemp>35</gpxtpx:atemp>
     </gpxtpx:TrackPointExtension>
    </extensions>
   </trkpt>
   <trkpt lat="48.3391760" lon="16.3217330">
    <ele>186.4</ele>
    <time>2024-06-08T10:57:55Z</time>
    <extensions>
     <gpxtpx:TrackPointExtension>
      <gpxtpx:atemp>35</gpxtpx:atemp>
     </gpxtpx:TrackPointExtension>
    </extensions>
   </trkpt>
   <trkpt lat="48.3392830" lon="16.3217280">
    <ele>186.6</ele>
    <time>2024-06-08T10:57:57Z</time>
    <extensions>
     <gpxtpx:TrackPointExtension>
      <gpxtpx:atemp>35</gpxtpx:atemp>
     </gpxtpx:TrackPointExtension>
    </extensions>
   </trkpt>
   <trkpt lat="48.3394360" lon="16.3217660">
    <ele>186.8</ele>
    <time>2024-06-08T10:58:00Z</time>
    <extensions>
     <gpxtpx:TrackPointExtension>
      <gpxtpx:atemp>35</gpxtpx:atemp>
     </gpxtpx:TrackPointExtension>
    </extensions>
   </trkpt>
   <trkpt lat="48.3394850" lon="16.3217910">
    <ele>186.8</ele>
    <time>2024-06-08T10:58:01Z</time>
    <extensions>
     <gpxtpx:TrackPointExtension>
      <gpxtpx:atemp>35</gpxtpx:atemp>
     </gpxtpx:TrackPointExtension>
    </extensions>
   </trkpt>
   <trkpt lat="48.3396870" lon="16.3219330">
    <ele>186.8</ele>
    <time>2024-06-08T10:58:05Z</time>
    <extensions>
     <gpxtpx:TrackPointExtension>
      <gpxtpx:atemp>35</gpxtpx:atemp>
     </gpxtpx:TrackPointExtension>
    </extensions>
   </trkpt>
   <trkpt lat="48.3399530" lon="16.3221930">
    <ele>187.0</ele>
    <time>2024-06-08T10:58:11Z</time>
    <extensions>
     <gpxtpx:TrackPointExtension>
      <gpxtpx:atemp>35</gpxtpx:atemp>
     </gpxtpx:TrackPointExtension>
    </extensions>
   </trkpt>
   <trkpt lat="48.3399860" lon="16.3222540">
    <ele>187.0</ele>
    <time>2024-06-08T10:58:12Z</time>
    <extensions>
     <gpxtpx:TrackPointExtension>
      <gpxtpx:atemp>35</gpxtpx:atemp>
     </gpxtpx:TrackPointExtension>
    </extensions>
   </trkpt>
   <trkpt lat="48.3401180" lon="16.3225150">
    <ele>186.8</ele>
    <time>2024-06-08T10:58:16Z</time>
    <extensions>
     <gpxtpx:TrackPointExtension>
      <gpxtpx:atemp>35</gpxtpx:atemp>
     </gpxtpx:TrackPointExtension>
    </extensions>
   </trkpt>
   <trkpt lat="48.3401710" lon="16.3226420">
    <ele>186.8</ele>
    <time>2024-06-08T10:58:18Z</time>
    <extensions>
     <gpxtpx:TrackPointExtension>
      <gpxtpx:atemp>34</gpxtpx:atemp>
     </gpxtpx:TrackPointExtension>
    </extensions>
   </trkpt>
   <trkpt lat="48.3402200" lon="16.3227500">
    <ele>186.8</ele>
    <time>2024-06-08T10:58:20Z</time>
    <extensions>
     <gpxtpx:TrackPointExtension>
      <gpxtpx:atemp>34</gpxtpx:atemp>
     </gpxtpx:TrackPointExtension>
    </extensions>
   </trkpt>
   <trkpt lat="48.3402520" lon="16.3227760">
    <ele>186.8</ele>
    <time>2024-06-08T10:58:21Z</time>
    <extensions>
     <gpxtpx:TrackPointExtension>
      <gpxtpx:atemp>34</gpxtpx:atemp>
     </gpxtpx:TrackPointExtension>
    </extensions>
   </trkpt>
   <trkpt lat="48.3402870" lon="16.3227770">
    <ele>186.8</ele>
    <time>2024-06-08T10:58:22Z</time>
    <extensions>
     <gpxtpx:TrackPointExtension>
      <gpxtpx:atemp>34</gpxtpx:atemp>
     </gpxtpx:TrackPointExtension>
    </extensions>
   </trkpt>
   <trkpt lat="48.3403520" lon="16.3227140">
    <ele>187.0</ele>
    <time>2024-06-08T10:58:24Z</time>
    <extensions>
     <gpxtpx:TrackPointExtension>
      <gpxtpx:atemp>34</gpxtpx:atemp>
     </gpxtpx:TrackPointExtension>
    </extensions>
   </trkpt>
   <trkpt lat="48.3404590" lon="16.3225600">
    <ele>187.2</ele>
    <time>2024-06-08T10:58:27Z</time>
    <extensions>
     <gpxtpx:TrackPointExtension>
      <gpxtpx:atemp>34</gpxtpx:atemp>
     </gpxtpx:TrackPointExtension>
    </extensions>
   </trkpt>
   <trkpt lat="48.3405320" lon="16.3224460">
    <ele>187.0</ele>
    <time>2024-06-08T10:58:29Z</time>
    <extensions>
     <gpxtpx:TrackPointExtension>
      <gpxtpx:atemp>34</gpxtpx:atemp>
     </gpxtpx:TrackPointExtension>
    </extensions>
   </trkpt>
   <trkpt lat="48.3406470" lon="16.3222680">
    <ele>187.2</ele>
    <time>2024-06-08T10:58:32Z</time>
    <extensions>
     <gpxtpx:TrackPointExtension>
      <gpxtpx:atemp>34</gpxtpx:atemp>
     </gpxtpx:TrackPointExtension>
    </extensions>
   </trkpt>
   <trkpt lat="48.3407290" lon="16.3221560">
    <ele>187.2</ele>
    <time>2024-06-08T10:58:34Z</time>
    <extensions>
     <gpxtpx:TrackPointExtension>
      <gpxtpx:atemp>35</gpxtpx:atemp>
     </gpxtpx:TrackPointExtension>
    </extensions>
   </trkpt>
   <trkpt lat="48.3407670" lon="16.3220950">
    <ele>187.2</ele>
    <time>2024-06-08T10:58:35Z</time>
    <extensions>
     <gpxtpx:TrackPointExtension>
      <gpxtpx:atemp>35</gpxtpx:atemp>
     </gpxtpx:TrackPointExtension>
    </extensions>
   </trkpt>
   <trkpt lat="48.3409380" lon="16.3218440">
    <ele>187.2</ele>
    <time>2024-06-08T10:58:40Z</time>
    <extensions>
     <gpxtpx:TrackPointExtension>
      <gpxtpx:atemp>35</gpxtpx:atemp>
     </gpxtpx:TrackPointExtension>
    </extensions>
   </trkpt>
   <trkpt lat="48.3409610" lon="16.3218450">
    <ele>187.2</ele>
    <time>2024-06-08T10:58:41Z</time>
    <extensions>
     <gpxtpx:TrackPointExtension>
      <gpxtpx:atemp>35</gpxtpx:atemp>
     </gpxtpx:TrackPointExtension>
    </extensions>
   </trkpt>
   <trkpt lat="48.3410200" lon="16.3219870">
    <ele>187.2</ele>
    <time>2024-06-08T10:58:45Z</time>
    <extensions>
     <gpxtpx:TrackPointExtension>
      <gpxtpx:atemp>35</gpxtpx:atemp>
     </gpxtpx:TrackPointExtension>
    </extensions>
   </trkpt>
   <trkpt lat="48.3412130" lon="16.3223330">
    <ele>187.0</ele>
    <time>2024-06-08T10:58:53Z</time>
    <extensions>
     <gpxtpx:TrackPointExtension>
      <gpxtpx:atemp>35</gpxtpx:atemp>
     </gpxtpx:TrackPointExtension>
    </extensions>
   </trkpt>
   <trkpt lat="48.3414210" lon="16.3226580">
    <ele>187.2</ele>
    <time>2024-06-08T10:59:00Z</time>
    <extensions>
     <gpxtpx:TrackPointExtension>
      <gpxtpx:atemp>35</gpxtpx:atemp>
     </gpxtpx:TrackPointExtension>
    </extensions>
   </trkpt>
   <trkpt lat="48.3414990" lon="16.3227290">
    <ele>187.0</ele>
    <time>2024-06-08T10:59:02Z</time>
    <extensions>
     <gpxtpx:TrackPointExtension>
      <gpxtpx:atemp>35</gpxtpx:atemp>
     </gpxtpx:TrackPointExtension>
    </extensions>
   </trkpt>
   <trkpt lat="48.3415860" lon="16.3227380">
    <ele>187.0</ele>
    <time>2024-06-08T10:59:04Z</time>
    <extensions>
     <gpxtpx:TrackPointExtension>
      <gpxtpx:atemp>35</gpxtpx:atemp>
     </gpxtpx:TrackPointExtension>
    </extensions>
   </trkpt>
   <trkpt lat="48.3416270" lon="16.3227120">
    <ele>187.0</ele>
    <time>2024-06-08T10:59:05Z</time>
    <extensions>
     <gpxtpx:TrackPointExtension>
      <gpxtpx:atemp>35</gpxtpx:atemp>
     </gpxtpx:TrackPointExtension>
    </extensions>
   </trkpt>
   <trkpt lat="48.3416640" lon="16.3226690">
    <ele>187.0</ele>
    <time>2024-06-08T10:59:06Z</time>
    <extensions>
     <gpxtpx:TrackPointExtension>
      <gpxtpx:atemp>35</gpxtpx:atemp>
     </gpxtpx:TrackPointExtension>
    </extensions>
   </trkpt>
   <trkpt lat="48.3418420" lon="16.3223930">
    <ele>187.0</ele>
    <time>2024-06-08T10:59:11Z</time>
    <extensions>
     <gpxtpx:TrackPointExtension>
      <gpxtpx:atemp>35</gpxtpx:atemp>
     </gpxtpx:TrackPointExtension>
    </extensions>
   </trkpt>
   <trkpt lat="48.3421700" lon="16.3218930">
    <ele>187.0</ele>
    <time>2024-06-08T10:59:20Z</time>
    <extensions>
     <gpxtpx:TrackPointExtension>
      <gpxtpx:atemp>35</gpxtpx:atemp>
     </gpxtpx:TrackPointExtension>
    </extensions>
   </trkpt>
   <trkpt lat="48.3424470" lon="16.3215220">
    <ele>187.2</ele>
    <time>2024-06-08T10:59:27Z</time>
    <extensions>
     <gpxtpx:TrackPointExtension>
      <gpxtpx:atemp>35</gpxtpx:atemp>
     </gpxtpx:TrackPointExtension>
    </extensions>
   </trkpt>
   <trkpt lat="48.3428270" lon="16.3209340">
    <ele>187.2</ele>
    <time>2024-06-08T10:59:37Z</time>
    <extensions>
     <gpxtpx:TrackPointExtension>
      <gpxtpx:atemp>35</gpxtpx:atemp>
     </gpxtpx:TrackPointExtension>
    </extensions>
   </trkpt>
   <trkpt lat="48.3431120" lon="16.3205110">
    <ele>186.8</ele>
    <time>2024-06-08T10:59:44Z</time>
    <extensions>
     <gpxtpx:TrackPointExtension>
      <gpxtpx:atemp>35</gpxtpx:atemp>
     </gpxtpx:TrackPointExtension>
    </extensions>
   </trkpt>
   <trkpt lat="48.3431540" lon="16.3204500">
    <ele>187.0</ele>
    <time>2024-06-08T10:59:45Z</time>
    <extensions>
     <gpxtpx:TrackPointExtension>
      <gpxtpx:atemp>35</gpxtpx:atemp>
     </gpxtpx:TrackPointExtension>
    </extensions>
   </trkpt>
   <trkpt lat="48.3433200" lon="16.3201930">
    <ele>186.4</ele>
    <time>2024-06-08T10:59:49Z</time>
    <extensions>
     <gpxtpx:TrackPointExtension>
      <gpxtpx:atemp>35</gpxtpx:atemp>
     </gpxtpx:TrackPointExtension>
    </extensions>
   </trkpt>
   <trkpt lat="48.3436330" lon="16.3197440">
    <ele>186.4</ele>
    <time>2024-06-08T10:59:57Z</time>
    <extensions>
     <gpxtpx:TrackPointExtension>
      <gpxtpx:atemp>35</gpxtpx:atemp>
     </gpxtpx:TrackPointExtension>
    </extensions>
   </trkpt>
   <trkpt lat="48.3438240" lon="16.3194850">
    <ele>186.4</ele>
    <time>2024-06-08T11:00:02Z</time>
    <extensions>
     <gpxtpx:TrackPointExtension>
      <gpxtpx:atemp>35</gpxtpx:atemp>
     </gpxtpx:TrackPointExtension>
    </extensions>
   </trkpt>
   <trkpt lat="48.3441960" lon="16.3189640">
    <ele>187.0</ele>
    <time>2024-06-08T11:00:11Z</time>
    <extensions>
     <gpxtpx:TrackPointExtension>
      <gpxtpx:atemp>35</gpxtpx:atemp>
     </gpxtpx:TrackPointExtension>
    </extensions>
   </trkpt>
   <trkpt lat="48.3443620" lon="16.3187640">
    <ele>187.0</ele>
    <time>2024-06-08T11:00:15Z</time>
    <extensions>
     <gpxtpx:TrackPointExtension>
      <gpxtpx:atemp>35</gpxtpx:atemp>
     </gpxtpx:TrackPointExtension>
    </extensions>
   </trkpt>
   <trkpt lat="48.3444590" lon="16.3186890">
    <ele>187.0</ele>
    <time>2024-06-08T11:00:17Z</time>
    <extensions>
     <gpxtpx:TrackPointExtension>
      <gpxtpx:atemp>35</gpxtpx:atemp>
     </gpxtpx:TrackPointExtension>
    </extensions>
   </trkpt>
   <trkpt lat="48.3445530" lon="16.3186200">
    <ele>187.0</ele>
    <time>2024-06-08T11:00:19Z</time>
    <extensions>
     <gpxtpx:TrackPointExtension>
      <gpxtpx:atemp>35</gpxtpx:atemp>
     </gpxtpx:TrackPointExtension>
    </extensions>
   </trkpt>
   <trkpt lat="48.3447510" lon="16.3184900">
    <ele>187.4</ele>
    <time>2024-06-08T11:00:23Z</time>
    <extensions>
     <gpxtpx:TrackPointExtension>
      <gpxtpx:atemp>35</gpxtpx:atemp>
     </gpxtpx:TrackPointExtension>
    </extensions>
   </trkpt>
   <trkpt lat="48.3448890" lon="16.3183760">
    <ele>187.8</ele>
    <time>2024-06-08T11:00:27Z</time>
    <extensions>
     <gpxtpx:TrackPointExtension>
      <gpxtpx:atemp>35</gpxtpx:atemp>
     </gpxtpx:TrackPointExtension>
    </extensions>
   </trkpt>
   <trkpt lat="48.3449030" lon="16.3183350">
    <ele>187.8</ele>
    <time>2024-06-08T11:00:28Z</time>
    <extensions>
     <gpxtpx:TrackPointExtension>
      <gpxtpx:atemp>35</gpxtpx:atemp>
     </gpxtpx:TrackPointExtension>
    </extensions>
   </trkpt>
   <trkpt lat="48.3448950" lon="16.3182220">
    <ele>188.0</ele>
    <time>2024-06-08T11:00:30Z</time>
    <extensions>
     <gpxtpx:TrackPointExtension>
      <gpxtpx:atemp>35</gpxtpx:atemp>
     </gpxtpx:TrackPointExtension>
    </extensions>
   </trkpt>
   <trkpt lat="48.3448390" lon="16.3180370">
    <ele>188.4</ele>
    <time>2024-06-08T11:00:33Z</time>
    <extensions>
     <gpxtpx:TrackPointExtension>
      <gpxtpx:atemp>35</gpxtpx:atemp>
     </gpxtpx:TrackPointExtension>
    </extensions>
   </trkpt>
   <trkpt lat="48.3447700" lon="16.3178370">
    <ele>188.8</ele>
    <time>2024-06-08T11:00:36Z</time>
    <extensions>
     <gpxtpx:TrackPointExtension>
      <gpxtpx:atemp>35</gpxtpx:atemp>
     </gpxtpx:TrackPointExtension>
    </extensions>
   </trkpt>
   <trkpt lat="48.3446590" lon="16.3175840">
    <ele>188.8</ele>
    <time>2024-06-08T11:00:40Z</time>
    <extensions>
     <gpxtpx:TrackPointExtension>
      <gpxtpx:atemp>35</gpxtpx:atemp>
     </gpxtpx:TrackPointExtension>
    </extensions>
   </trkpt>
   <trkpt lat="48.3446020" lon="16.3174460">
    <ele>188.8</ele>
    <time>2024-06-08T11:00:42Z</time>
    <extensions>
     <gpxtpx:TrackPointExtension>
      <gpxtpx:atemp>35</gpxtpx:atemp>
     </gpxtpx:TrackPointExtension>
    </extensions>
   </trkpt>
   <trkpt lat="48.3443910" lon="16.3169480">
    <ele>188.6</ele>
    <time>2024-06-08T11:00:49Z</time>
    <extensions>
     <gpxtpx:TrackPointExtension>
      <gpxtpx:atemp>35</gpxtpx:atemp>
     </gpxtpx:TrackPointExtension>
    </extensions>
   </trkpt>
   <trkpt lat="48.3441620" lon="16.3164060">
    <ele>188.2</ele>
    <time>2024-06-08T11:00:57Z</time>
    <extensions>
     <gpxtpx:TrackPointExtension>
      <gpxtpx:atemp>35</gpxtpx:atemp>
     </gpxtpx:TrackPointExtension>
    </extensions>
   </trkpt>
   <trkpt lat="48.3439850" lon="16.3158550">
    <ele>188.4</ele>
    <time>2024-06-08T11:01:05Z</time>
    <extensions>
     <gpxtpx:TrackPointExtension>
      <gpxtpx:atemp>35</gpxtpx:atemp>
     </gpxtpx:TrackPointExtension>
    </extensions>
   </trkpt>
   <trkpt lat="48.3438140" lon="16.3154200">
    <ele>189.2</ele>
    <time>2024-06-08T11:01:13Z</time>
    <extensions>
     <gpxtpx:TrackPointExtension>
      <gpxtpx:atemp>35</gpxtpx:atemp>
     </gpxtpx:TrackPointExtension>
    </extensions>
   </trkpt>
   <trkpt lat="48.3437910" lon="16.3153610">
    <ele>189.4</ele>
    <time>2024-06-08T11:01:14Z</time>
    <extensions>
     <gpxtpx:TrackPointExtension>
      <gpxtpx:atemp>35</gpxtpx:atemp>
     </gpxtpx:TrackPointExtension>
    </extensions>
   </trkpt>
   <trkpt lat="48.3436830" lon="16.3150850">
    <ele>189.6</ele>
    <time>2024-06-08T11:01:18Z</time>
    <extensions>
     <gpxtpx:TrackPointExtension>
      <gpxtpx:atemp>35</gpxtpx:atemp>
     </gpxtpx:TrackPointExtension>
    </extensions>
   </trkpt>
   <trkpt lat="48.3436040" lon="16.3148980">
    <ele>189.6</ele>
    <time>2024-06-08T11:01:21Z</time>
    <extensions>
     <gpxtpx:TrackPointExtension>
      <gpxtpx:atemp>35</gpxtpx:atemp>
     </gpxtpx:TrackPointExtension>
    </extensions>
   </trkpt>
   <trkpt lat="48.3436070" lon="16.3148000">
    <ele>189.6</ele>
    <time>2024-06-08T11:01:23Z</time>
    <extensions>
     <gpxtpx:TrackPointExtension>
      <gpxtpx:atemp>35</gpxtpx:atemp>
     </gpxtpx:TrackPointExtension>
    </extensions>
   </trkpt>
   <trkpt lat="48.3436410" lon="16.3146910">
    <ele>189.4</ele>
    <time>2024-06-08T11:01:25Z</time>
    <extensions>
     <gpxtpx:TrackPointExtension>
      <gpxtpx:atemp>35</gpxtpx:atemp>
     </gpxtpx:TrackPointExtension>
    </extensions>
   </trkpt>
   <trkpt lat="48.3436560" lon="16.3145420">
    <ele>189.2</ele>
    <time>2024-06-08T11:01:27Z</time>
    <extensions>
     <gpxtpx:TrackPointExtension>
      <gpxtpx:atemp>35</gpxtpx:atemp>
     </gpxtpx:TrackPointExtension>
    </extensions>
   </trkpt>
   <trkpt lat="48.3435990" lon="16.3143440">
    <ele>189.0</ele>
    <time>2024-06-08T11:01:30Z</time>
    <extensions>
     <gpxtpx:TrackPointExtension>
      <gpxtpx:atemp>35</gpxtpx:atemp>
     </gpxtpx:TrackPointExtension>
    </extensions>
   </trkpt>
   <trkpt lat="48.3435700" lon="16.3142930">
    <ele>188.8</ele>
    <time>2024-06-08T11:01:31Z</time>
    <extensions>
     <gpxtpx:TrackPointExtension>
      <gpxtpx:atemp>35</gpxtpx:atemp>
     </gpxtpx:TrackPointExtension>
    </extensions>
   </trkpt>
   <trkpt lat="48.3434400" lon="16.3140120">
    <ele>188.4</ele>
    <time>2024-06-08T11:01:36Z</time>
    <extensions>
     <gpxtpx:TrackPointExtension>
      <gpxtpx:atemp>35</gpxtpx:atemp>
     </gpxtpx:TrackPointExtension>
    </extensions>
   </trkpt>
   <trkpt lat="48.3434160" lon="16.3139520">
    <ele>188.4</ele>
    <time>2024-06-08T11:01:37Z</time>
    <extensions>
     <gpxtpx:TrackPointExtension>
      <gpxtpx:atemp>35</gpxtpx:atemp>
     </gpxtpx:TrackPointExtension>
    </extensions>
   </trkpt>
   <trkpt lat="48.3433890" lon="16.3138860">
    <ele>188.4</ele>
    <time>2024-06-08T11:01:38Z</time>
    <extensions>
     <gpxtpx:TrackPointExtension>
      <gpxtpx:atemp>35</gpxtpx:atemp>
     </gpxtpx:TrackPointExtension>
    </extensions>
   </trkpt>
   <trkpt lat="48.3432990" lon="16.3136260">
    <ele>188.2</ele>
    <time>2024-06-08T11:01:42Z</time>
    <extensions>
     <gpxtpx:TrackPointExtension>
      <gpxtpx:atemp>35</gpxtpx:atemp>
     </gpxtpx:TrackPointExtension>
    </extensions>
   </trkpt>
   <trkpt lat="48.3432170" lon="16.3133660">
    <ele>188.2</ele>
    <time>2024-06-08T11:01:46Z</time>
    <extensions>
     <gpxtpx:TrackPointExtension>
      <gpxtpx:atemp>35</gpxtpx:atemp>
     </gpxtpx:TrackPointExtension>
    </extensions>
   </trkpt>
   <trkpt lat="48.3432020" lon="16.3133000">
    <ele>188.4</ele>
    <time>2024-06-08T11:01:47Z</time>
    <extensions>
     <gpxtpx:TrackPointExtension>
      <gpxtpx:atemp>35</gpxtpx:atemp>
     </gpxtpx:TrackPointExtension>
    </extensions>
   </trkpt>
   <trkpt lat="48.3431920" lon="16.3131500">
    <ele>188.6</ele>
    <time>2024-06-08T11:01:49Z</time>
    <extensions>
     <gpxtpx:TrackPointExtension>
      <gpxtpx:atemp>35</gpxtpx:atemp>
     </gpxtpx:TrackPointExtension>
    </extensions>
   </trkpt>
   <trkpt lat="48.3432110" lon="16.3130720">
    <ele>188.6</ele>
    <time>2024-06-08T11:01:50Z</time>
    <extensions>
     <gpxtpx:TrackPointExtension>
      <gpxtpx:atemp>35</gpxtpx:atemp>
     </gpxtpx:TrackPointExtension>
    </extensions>
   </trkpt>
   <trkpt lat="48.3432440" lon="16.3130040">
    <ele>188.6</ele>
    <time>2024-06-08T11:01:51Z</time>
    <extensions>
     <gpxtpx:TrackPointExtension>
      <gpxtpx:atemp>35</gpxtpx:atemp>
     </gpxtpx:TrackPointExtension>
    </extensions>
   </trkpt>
   <trkpt lat="48.3433330" lon="16.3129040">
    <ele>188.8</ele>
    <time>2024-06-08T11:01:53Z</time>
    <extensions>
     <gpxtpx:TrackPointExtension>
      <gpxtpx:atemp>35</gpxtpx:atemp>
     </gpxtpx:TrackPointExtension>
    </extensions>
   </trkpt>
   <trkpt lat="48.3436100" lon="16.3125780">
    <ele>188.8</ele>
    <time>2024-06-08T11:01:59Z</time>
    <extensions>
     <gpxtpx:TrackPointExtension>
      <gpxtpx:atemp>35</gpxtpx:atemp>
     </gpxtpx:TrackPointExtension>
    </extensions>
   </trkpt>
   <trkpt lat="48.3436520" lon="16.3125270">
    <ele>188.8</ele>
    <time>2024-06-08T11:02:00Z</time>
    <extensions>
     <gpxtpx:TrackPointExtension>
      <gpxtpx:atemp>35</gpxtpx:atemp>
     </gpxtpx:TrackPointExtension>
    </extensions>
   </trkpt>
   <trkpt lat="48.3439250" lon="16.3122260">
    <ele>188.2</ele>
    <time>2024-06-08T11:02:06Z</time>
    <extensions>
     <gpxtpx:TrackPointExtension>
      <gpxtpx:atemp>35</gpxtpx:atemp>
     </gpxtpx:TrackPointExtension>
    </extensions>
   </trkpt>
   <trkpt lat="48.3440900" lon="16.3119830">
    <ele>188.2</ele>
    <time>2024-06-08T11:02:10Z</time>
    <extensions>
     <gpxtpx:TrackPointExtension>
      <gpxtpx:atemp>34</gpxtpx:atemp>
     </gpxtpx:TrackPointExtension>
    </extensions>
   </trkpt>
   <trkpt lat="48.3441200" lon="16.3119070">
    <ele>188.0</ele>
    <time>2024-06-08T11:02:11Z</time>
    <extensions>
     <gpxtpx:TrackPointExtension>
      <gpxtpx:atemp>34</gpxtpx:atemp>
     </gpxtpx:TrackPointExtension>
    </extensions>
   </trkpt>
   <trkpt lat="48.3442650" lon="16.3114810">
    <ele>188.0</ele>
    <time>2024-06-08T11:02:17Z</time>
    <extensions>
     <gpxtpx:TrackPointExtension>
      <gpxtpx:atemp>34</gpxtpx:atemp>
     </gpxtpx:TrackPointExtension>
    </extensions>
   </trkpt>
   <trkpt lat="48.3443410" lon="16.3114160">
    <ele>188.0</ele>
    <time>2024-06-08T11:02:19Z</time>
    <extensions>
     <gpxtpx:TrackPointExtension>
      <gpxtpx:atemp>34</gpxtpx:atemp>
     </gpxtpx:TrackPointExtension>
    </extensions>
   </trkpt>
   <trkpt lat="48.3443870" lon="16.3113960">
    <ele>188.0</ele>
    <time>2024-06-08T11:02:20Z</time>
    <extensions>
     <gpxtpx:TrackPointExtension>
      <gpxtpx:atemp>34</gpxtpx:atemp>
     </gpxtpx:TrackPointExtension>
    </extensions>
   </trkpt>
   <trkpt lat="48.3444350" lon="16.3113660">
    <ele>188.0</ele>
    <time>2024-06-08T11:02:21Z</time>
    <extensions>
     <gpxtpx:TrackPointExtension>
      <gpxtpx:atemp>34</gpxtpx:atemp>
     </gpxtpx:TrackPointExtension>
    </extensions>
   </trkpt>
   <trkpt lat="48.3447430" lon="16.3111250">
    <ele>188.2</ele>
    <time>2024-06-08T11:02:28Z</time>
    <extensions>
     <gpxtpx:TrackPointExtension>
      <gpxtpx:atemp>34</gpxtpx:atemp>
     </gpxtpx:TrackPointExtension>
    </extensions>
   </trkpt>
   <trkpt lat="48.3448690" lon="16.3110500">
    <ele>188.2</ele>
    <time>2024-06-08T11:02:31Z</time>
    <extensions>
     <gpxtpx:TrackPointExtension>
      <gpxtpx:atemp>34</gpxtpx:atemp>
     </gpxtpx:TrackPointExtension>
    </extensions>
   </trkpt>
   <trkpt lat="48.3449360" lon="16.3109370">
    <ele>188.4</ele>
    <time>2024-06-08T11:02:33Z</time>
    <extensions>
     <gpxtpx:TrackPointExtension>
      <gpxtpx:atemp>34</gpxtpx:atemp>
     </gpxtpx:TrackPointExtension>
    </extensions>
   </trkpt>
   <trkpt lat="48.3449390" lon="16.3108010">
    <ele>188.6</ele>
    <time>2024-06-08T11:02:35Z</time>
    <extensions>
     <gpxtpx:TrackPointExtension>
      <gpxtpx:atemp>34</gpxtpx:atemp>
     </gpxtpx:TrackPointExtension>
    </extensions>
   </trkpt>
   <trkpt lat="48.3449320" lon="16.3107250">
    <ele>188.6</ele>
    <time>2024-06-08T11:02:36Z</time>
    <extensions>
     <gpxtpx:TrackPointExtension>
      <gpxtpx:atemp>34</gpxtpx:atemp>
     </gpxtpx:TrackPointExtension>
    </extensions>
   </trkpt>
   <trkpt lat="48.3449240" lon="16.3106570">
    <ele>188.8</ele>
    <time>2024-06-08T11:02:37Z</time>
    <extensions>
     <gpxtpx:TrackPointExtension>
      <gpxtpx:atemp>34</gpxtpx:atemp>
     </gpxtpx:TrackPointExtension>
    </extensions>
   </trkpt>
   <trkpt lat="48.3448740" lon="16.3103970">
    <ele>189.2</ele>
    <time>2024-06-08T11:02:41Z</time>
    <extensions>
     <gpxtpx:TrackPointExtension>
      <gpxtpx:atemp>34</gpxtpx:atemp>
     </gpxtpx:TrackPointExtension>
    </extensions>
   </trkpt>
   <trkpt lat="48.3448400" lon="16.3102700">
    <ele>189.2</ele>
    <time>2024-06-08T11:02:43Z</time>
    <extensions>
     <gpxtpx:TrackPointExtension>
      <gpxtpx:atemp>34</gpxtpx:atemp>
     </gpxtpx:TrackPointExtension>
    </extensions>
   </trkpt>
   <trkpt lat="48.3448040" lon="16.3101490">
    <ele>189.4</ele>
    <time>2024-06-08T11:02:45Z</time>
    <extensions>
     <gpxtpx:TrackPointExtension>
      <gpxtpx:atemp>34</gpxtpx:atemp>
     </gpxtpx:TrackPointExtension>
    </extensions>
   </trkpt>
   <trkpt lat="48.3447750" lon="16.3100140">
    <ele>189.4</ele>
    <time>2024-06-08T11:02:47Z</time>
    <extensions>
     <gpxtpx:TrackPointExtension>
      <gpxtpx:atemp>33</gpxtpx:atemp>
     </gpxtpx:TrackPointExtension>
    </extensions>
   </trkpt>
   <trkpt lat="48.3447620" lon="16.3099380">
    <ele>189.4</ele>
    <time>2024-06-08T11:02:48Z</time>
    <extensions>
     <gpxtpx:TrackPointExtension>
      <gpxtpx:atemp>33</gpxtpx:atemp>
     </gpxtpx:TrackPointExtension>
    </extensions>
   </trkpt>
   <trkpt lat="48.3446720" lon="16.3095830">
    <ele>189.4</ele>
    <time>2024-06-08T11:02:53Z</time>
    <extensions>
     <gpxtpx:TrackPointExtension>
      <gpxtpx:atemp>33</gpxtpx:atemp>
     </gpxtpx:TrackPointExtension>
    </extensions>
   </trkpt>
   <trkpt lat="48.3445700" lon="16.3091670">
    <ele>189.0</ele>
    <time>2024-06-08T11:02:59Z</time>
    <extensions>
     <gpxtpx:TrackPointExtension>
      <gpxtpx:atemp>33</gpxtpx:atemp>
     </gpxtpx:TrackPointExtension>
    </extensions>
   </trkpt>
   <trkpt lat="48.3445450" lon="16.3090980">
    <ele>189.0</ele>
    <time>2024-06-08T11:03:00Z</time>
    <extensions>
     <gpxtpx:TrackPointExtension>
      <gpxtpx:atemp>33</gpxtpx:atemp>
     </gpxtpx:TrackPointExtension>
    </extensions>
   </trkpt>
   <trkpt lat="48.3444690" lon="16.3087950">
    <ele>189.0</ele>
    <time>2024-06-08T11:03:04Z</time>
    <extensions>
     <gpxtpx:TrackPointExtension>
      <gpxtpx:atemp>33</gpxtpx:atemp>
     </gpxtpx:TrackPointExtension>
    </extensions>
   </trkpt>
   <trkpt lat="48.3444450" lon="16.3086380">
    <ele>188.8</ele>
    <time>2024-06-08T11:03:06Z</time>
    <extensions>
     <gpxtpx:TrackPointExtension>
      <gpxtpx:atemp>33</gpxtpx:atemp>
     </gpxtpx:TrackPointExtension>
    </extensions>
   </trkpt>
   <trkpt lat="48.3444410" lon="16.3083740">
    <ele>188.6</ele>
    <time>2024-06-08T11:03:09Z</time>
    <extensions>
     <gpxtpx:TrackPointExtension>
      <gpxtpx:atemp>33</gpxtpx:atemp>
     </gpxtpx:TrackPointExtension>
    </extensions>
   </trkpt>
   <trkpt lat="48.3444490" lon="16.3082120">
    <ele>188.6</ele>
    <time>2024-06-08T11:03:11Z</time>
    <extensions>
     <gpxtpx:TrackPointExtension>
      <gpxtpx:atemp>33</gpxtpx:atemp>
     </gpxtpx:TrackPointExtension>
    </extensions>
   </trkpt>
   <trkpt lat="48.3444810" lon="16.3080340">
    <ele>188.6</ele>
    <time>2024-06-08T11:03:13Z</time>
    <extensions>
     <gpxtpx:TrackPointExtension>
      <gpxtpx:atemp>33</gpxtpx:atemp>
     </gpxtpx:TrackPointExtension>
    </extensions>
   </trkpt>
   <trkpt lat="48.3445080" lon="16.3079530">
    <ele>188.6</ele>
    <time>2024-06-08T11:03:14Z</time>
    <extensions>
     <gpxtpx:TrackPointExtension>
      <gpxtpx:atemp>33</gpxtpx:atemp>
     </gpxtpx:TrackPointExtension>
    </extensions>
   </trkpt>
   <trkpt lat="48.3445730" lon="16.3078010">
    <ele>188.6</ele>
    <time>2024-06-08T11:03:16Z</time>
    <extensions>
     <gpxtpx:TrackPointExtension>
      <gpxtpx:atemp>33</gpxtpx:atemp>
     </gpxtpx:TrackPointExtension>
    </extensions>
   </trkpt>
   <trkpt lat="48.3447140" lon="16.3074540">
    <ele>188.4</ele>
    <time>2024-06-08T11:03:20Z</time>
    <extensions>
     <gpxtpx:TrackPointExtension>
      <gpxtpx:atemp>33</gpxtpx:atemp>
     </gpxtpx:TrackPointExtension>
    </extensions>
   </trkpt>
   <trkpt lat="48.3447600" lon="16.3072410">
    <ele>188.2</ele>
    <time>2024-06-08T11:03:22Z</time>
    <extensions>
     <gpxtpx:TrackPointExtension>
      <gpxtpx:atemp>33</gpxtpx:atemp>
     </gpxtpx:TrackPointExtension>
    </extensions>
   </trkpt>
   <trkpt lat="48.3447640" lon="16.3071350">
    <ele>188.2</ele>
    <time>2024-06-08T11:03:23Z</time>
    <extensions>
     <gpxtpx:TrackPointExtension>
      <gpxtpx:atemp>33</gpxtpx:atemp>
     </gpxtpx:TrackPointExtension>
    </extensions>
   </trkpt>
   <trkpt lat="48.3447400" lon="16.3070490">
    <ele>188.2</ele>
    <time>2024-06-08T11:03:24Z</time>
    <extensions>
     <gpxtpx:TrackPointExtension>
      <gpxtpx:atemp>33</gpxtpx:atemp>
     </gpxtpx:TrackPointExtension>
    </extensions>
   </trkpt>
   <trkpt lat="48.3447340" lon="16.3069580">
    <ele>188.0</ele>
    <time>2024-06-08T11:03:25Z</time>
    <extensions>
     <gpxtpx:TrackPointExtension>
      <gpxtpx:atemp>33</gpxtpx:atemp>
     </gpxtpx:TrackPointExtension>
    </extensions>
   </trkpt>
   <trkpt lat="48.3447510" lon="16.3068650">
    <ele>188.0</ele>
    <time>2024-06-08T11:03:26Z</time>
    <extensions>
     <gpxtpx:TrackPointExtension>
      <gpxtpx:atemp>33</gpxtpx:atemp>
     </gpxtpx:TrackPointExtension>
    </extensions>
   </trkpt>
   <trkpt lat="48.3447620" lon="16.3066840">
    <ele>187.8</ele>
    <time>2024-06-08T11:03:28Z</time>
    <extensions>
     <gpxtpx:TrackPointExtension>
      <gpxtpx:atemp>33</gpxtpx:atemp>
     </gpxtpx:TrackPointExtension>
    </extensions>
   </trkpt>
   <trkpt lat="48.3447620" lon="16.3065070">
    <ele>187.4</ele>
    <time>2024-06-08T11:03:30Z</time>
    <extensions>
     <gpxtpx:TrackPointExtension>
      <gpxtpx:atemp>33</gpxtpx:atemp>
     </gpxtpx:TrackPointExtension>
    </extensions>
   </trkpt>
   <trkpt lat="48.3447570" lon="16.3064250">
    <ele>187.4</ele>
    <time>2024-06-08T11:03:31Z</time>
    <extensions>
     <gpxtpx:TrackPointExtension>
      <gpxtpx:atemp>33</gpxtpx:atemp>
     </gpxtpx:TrackPointExtension>
    </extensions>
   </trkpt>
   <trkpt lat="48.3447460" lon="16.3062670">
    <ele>187.4</ele>
    <time>2024-06-08T11:03:33Z</time>
    <extensions>
     <gpxtpx:TrackPointExtension>
      <gpxtpx:atemp>33</gpxtpx:atemp>
     </gpxtpx:TrackPointExtension>
    </extensions>
   </trkpt>
   <trkpt lat="48.3447310" lon="16.3061960">
    <ele>187.4</ele>
    <time>2024-06-08T11:03:34Z</time>
    <extensions>
     <gpxtpx:TrackPointExtension>
      <gpxtpx:atemp>33</gpxtpx:atemp>
     </gpxtpx:TrackPointExtension>
    </extensions>
   </trkpt>
   <trkpt lat="48.3446910" lon="16.3060600">
    <ele>187.4</ele>
    <time>2024-06-08T11:03:36Z</time>
    <extensions>
     <gpxtpx:TrackPointExtension>
      <gpxtpx:atemp>32</gpxtpx:atemp>
     </gpxtpx:TrackPointExtension>
    </extensions>
   </trkpt>
   <trkpt lat="48.3446850" lon="16.3059320">
    <ele>187.4</ele>
    <time>2024-06-08T11:03:38Z</time>
    <extensions>
     <gpxtpx:TrackPointExtension>
      <gpxtpx:atemp>32</gpxtpx:atemp>
     </gpxtpx:TrackPointExtension>
    </extensions>
   </trkpt>
   <trkpt lat="48.3447810" lon="16.3056950">
    <ele>187.4</ele>
    <time>2024-06-08T11:03:42Z</time>
    <extensions>
     <gpxtpx:TrackPointExtension>
      <gpxtpx:atemp>32</gpxtpx:atemp>
     </gpxtpx:TrackPointExtension>
    </extensions>
   </trkpt>
   <trkpt lat="48.3450970" lon="16.3049890">
    <ele>188.4</ele>
    <time>2024-06-08T11:03:53Z</time>
    <extensions>
     <gpxtpx:TrackPointExtension>
      <gpxtpx:atemp>32</gpxtpx:atemp>
     </gpxtpx:TrackPointExtension>
    </extensions>
   </trkpt>
   <trkpt lat="48.3451270" lon="16.3049240">
    <ele>188.4</ele>
    <time>2024-06-08T11:03:54Z</time>
    <extensions>
     <gpxtpx:TrackPointExtension>
      <gpxtpx:atemp>32</gpxtpx:atemp>
     </gpxtpx:TrackPointExtension>
    </extensions>
   </trkpt>
   <trkpt lat="48.3453750" lon="16.3043430">
    <ele>188.4</ele>
    <time>2024-06-08T11:04:02Z</time>
    <extensions>
     <gpxtpx:TrackPointExtension>
      <gpxtpx:atemp>32</gpxtpx:atemp>
     </gpxtpx:TrackPointExtension>
    </extensions>
   </trkpt>
   <trkpt lat="48.3454690" lon="16.3041220">
    <ele>188.4</ele>
    <time>2024-06-08T11:04:05Z</time>
    <extensions>
     <gpxtpx:TrackPointExtension>
      <gpxtpx:atemp>32</gpxtpx:atemp>
     </gpxtpx:TrackPointExtension>
    </extensions>
   </trkpt>
   <trkpt lat="48.3455970" lon="16.3038230">
    <ele>188.2</ele>
    <time>2024-06-08T11:04:09Z</time>
    <extensions>
     <gpxtpx:TrackPointExtension>
      <gpxtpx:atemp>32</gpxtpx:atemp>
     </gpxtpx:TrackPointExtension>
    </extensions>
   </trkpt>
   <trkpt lat="48.3457990" lon="16.3033140">
    <ele>188.0</ele>
    <time>2024-06-08T11:04:16Z</time>
    <extensions>
     <gpxtpx:TrackPointExtension>
      <gpxtpx:atemp>32</gpxtpx:atemp>
     </gpxtpx:TrackPointExtension>
    </extensions>
   </trkpt>
   <trkpt lat="48.3460220" lon="16.3027420">
    <ele>188.2</ele>
    <time>2024-06-08T11:04:24Z</time>
    <extensions>
     <gpxtpx:TrackPointExtension>
      <gpxtpx:atemp>32</gpxtpx:atemp>
     </gpxtpx:TrackPointExtension>
    </extensions>
   </trkpt>
   <trkpt lat="48.3460510" lon="16.3026720">
    <ele>188.2</ele>
    <time>2024-06-08T11:04:25Z</time>
    <extensions>
     <gpxtpx:TrackPointExtension>
      <gpxtpx:atemp>32</gpxtpx:atemp>
     </gpxtpx:TrackPointExtension>
    </extensions>
   </trkpt>
   <trkpt lat="48.3461420" lon="16.3024600">
    <ele>188.2</ele>
    <time>2024-06-08T11:04:28Z</time>
    <extensions>
     <gpxtpx:TrackPointExtension>
      <gpxtpx:atemp>32</gpxtpx:atemp>
     </gpxtpx:TrackPointExtension>
    </extensions>
   </trkpt>
   <trkpt lat="48.3462410" lon="16.3022500">
    <ele>188.2</ele>
    <time>2024-06-08T11:04:31Z</time>
    <extensions>
     <gpxtpx:TrackPointExtension>
      <gpxtpx:atemp>32</gpxtpx:atemp>
     </gpxtpx:TrackPointExtension>
    </extensions>
   </trkpt>
   <trkpt lat="48.3464590" lon="16.3017460">
    <ele>188.2</ele>
    <time>2024-06-08T11:04:38Z</time>
    <extensions>
     <gpxtpx:TrackPointExtension>
      <gpxtpx:atemp>32</gpxtpx:atemp>
     </gpxtpx:TrackPointExtension>
    </extensions>
   </trkpt>
   <trkpt lat="48.3467030" lon="16.3011840">
    <ele>188.0</ele>
    <time>2024-06-08T11:04:46Z</time>
    <extensions>
     <gpxtpx:TrackPointExtension>
      <gpxtpx:atemp>32</gpxtpx:atemp>
     </gpxtpx:TrackPointExtension>
    </extensions>
   </trkpt>
   <trkpt lat="48.3469430" lon="16.3006370">
    <ele>188.0</ele>
    <time>2024-06-08T11:04:54Z</time>
    <extensions>
     <gpxtpx:TrackPointExtension>
      <gpxtpx:atemp>32</gpxtpx:atemp>
     </gpxtpx:TrackPointExtension>
    </extensions>
   </trkpt>
   <trkpt lat="48.3471490" lon="16.3001510">
    <ele>188.2</ele>
    <time>2024-06-08T11:05:01Z</time>
    <extensions>
     <gpxtpx:TrackPointExtension>
      <gpxtpx:atemp>32</gpxtpx:atemp>
     </gpxtpx:TrackPointExtension>
    </extensions>
   </trkpt>
   <trkpt lat="48.3473970" lon="16.2995830">
    <ele>188.2</ele>
    <time>2024-06-08T11:05:09Z</time>
    <extensions>
     <gpxtpx:TrackPointExtension>
      <gpxtpx:atemp>32</gpxtpx:atemp>
     </gpxtpx:TrackPointExtension>
    </extensions>
   </trkpt>
   <trkpt lat="48.3474260" lon="16.2995310">
    <ele>188.2</ele>
    <time>2024-06-08T11:05:10Z</time>
    <extensions>
     <gpxtpx:TrackPointExtension>
      <gpxtpx:atemp>32</gpxtpx:atemp>
     </gpxtpx:TrackPointExtension>
    </extensions>
   </trkpt>
   <trkpt lat="48.3475340" lon="16.2992990">
    <ele>188.2</ele>
    <time>2024-06-08T11:05:15Z</time>
    <extensions>
     <gpxtpx:TrackPointExtension>
      <gpxtpx:atemp>32</gpxtpx:atemp>
     </gpxtpx:TrackPointExtension>
    </extensions>
   </trkpt>
   <trkpt lat="48.3476790" lon="16.2989850">
    <ele>188.4</ele>
    <time>2024-06-08T11:05:21Z</time>
    <extensions>
     <gpxtpx:TrackPointExtension>
      <gpxtpx:atemp>32</gpxtpx:atemp>
     </gpxtpx:TrackPointExtension>
    </extensions>
   </trkpt>
   <trkpt lat="48.3477880" lon="16.2987130">
    <ele>188.6</ele>
    <time>2024-06-08T11:05:27Z</time>
    <extensions>
     <gpxtpx:TrackPointExtension>
      <gpxtpx:atemp>33</gpxtpx:atemp>
     </gpxtpx:TrackPointExtension>
    </extensions>
   </trkpt>
   <trkpt lat="48.3477860" lon="16.2986450">
    <ele>188.8</ele>
    <time>2024-06-08T11:05:29Z</time>
    <extensions>
     <gpxtpx:TrackPointExtension>
      <gpxtpx:atemp>33</gpxtpx:atemp>
     </gpxtpx:TrackPointExtension>
    </extensions>
   </trkpt>
   <trkpt lat="48.3477790" lon="16.2986310">
    <ele>188.8</ele>
    <time>2024-06-08T11:05:30Z</time>
    <extensions>
     <gpxtpx:TrackPointExtension>
      <gpxtpx:atemp>33</gpxtpx:atemp>
     </gpxtpx:TrackPointExtension>
    </extensions>
   </trkpt>
   <trkpt lat="48.3477780" lon="16.2986270">
    <ele>188.6</ele>
    <time>2024-06-08T11:05:33Z</time>
    <extensions>
     <gpxtpx:TrackPointExtension>
      <gpxtpx:atemp>33</gpxtpx:atemp>
     </gpxtpx:TrackPointExtension>
    </extensions>
   </trkpt>
   <trkpt lat="48.3478230" lon="16.2985400">
    <ele>191.0</ele>
    <time>2024-06-08T11:21:03Z</time>
    <extensions>
     <gpxtpx:TrackPointExtension>
      <gpxtpx:atemp>28</gpxtpx:atemp>
     </gpxtpx:TrackPointExtension>
    </extensions>
   </trkpt>
   <trkpt lat="48.3478820" lon="16.2983600">
    <ele>191.0</ele>
    <time>2024-06-08T11:21:08Z</time>
    <extensions>
     <gpxtpx:TrackPointExtension>
      <gpxtpx:atemp>28</gpxtpx:atemp>
     </gpxtpx:TrackPointExtension>
    </extensions>
   </trkpt>
   <trkpt lat="48.3480180" lon="16.2980590">
    <ele>190.8</ele>
    <time>2024-06-08T11:21:15Z</time>
    <extensions>
     <gpxtpx:TrackPointExtension>
      <gpxtpx:atemp>28</gpxtpx:atemp>
     </gpxtpx:TrackPointExtension>
    </extensions>
   </trkpt>
   <trkpt lat="48.3481540" lon="16.2977270">
    <ele>190.6</ele>
    <time>2024-06-08T11:21:21Z</time>
    <extensions>
     <gpxtpx:TrackPointExtension>
      <gpxtpx:atemp>28</gpxtpx:atemp>
     </gpxtpx:TrackPointExtension>
    </extensions>
   </trkpt>
   <trkpt lat="48.3483510" lon="16.2972500">
    <ele>190.6</ele>
    <time>2024-06-08T11:21:29Z</time>
    <extensions>
     <gpxtpx:TrackPointExtension>
      <gpxtpx:atemp>28</gpxtpx:atemp>
     </gpxtpx:TrackPointExtension>
    </extensions>
   </trkpt>
   <trkpt lat="48.3486010" lon="16.2966570">
    <ele>190.2</ele>
    <time>2024-06-08T11:21:38Z</time>
    <extensions>
     <gpxtpx:TrackPointExtension>
      <gpxtpx:atemp>28</gpxtpx:atemp>
     </gpxtpx:TrackPointExtension>
    </extensions>
   </trkpt>
   <trkpt lat="48.3487170" lon="16.2963890">
    <ele>190.0</ele>
    <time>2024-06-08T11:21:42Z</time>
    <extensions>
     <gpxtpx:TrackPointExtension>
      <gpxtpx:atemp>28</gpxtpx:atemp>
     </gpxtpx:TrackPointExtension>
    </extensions>
   </trkpt>
   <trkpt lat="48.3488270" lon="16.2961210">
    <ele>189.8</ele>
    <time>2024-06-08T11:21:46Z</time>
    <extensions>
     <gpxtpx:TrackPointExtension>
      <gpxtpx:atemp>28</gpxtpx:atemp>
     </gpxtpx:TrackPointExtension>
    </extensions>
   </trkpt>
   <trkpt lat="48.3490390" lon="16.2956250">
    <ele>189.8</ele>
    <time>2024-06-08T11:21:54Z</time>
    <extensions>
     <gpxtpx:TrackPointExtension>
      <gpxtpx:atemp>29</gpxtpx:atemp>
     </gpxtpx:TrackPointExtension>
    </extensions>
   </trkpt>
   <trkpt lat="48.3492530" lon="16.2951370">
    <ele>190.0</ele>
    <time>2024-06-08T11:22:02Z</time>
    <extensions>
     <gpxtpx:TrackPointExtension>
      <gpxtpx:atemp>29</gpxtpx:atemp>
     </gpxtpx:TrackPointExtension>
    </extensions>
   </trkpt>
   <trkpt lat="48.3494770" lon="16.2945940">
    <ele>190.2</ele>
    <time>2024-06-08T11:22:10Z</time>
    <extensions>
     <gpxtpx:TrackPointExtension>
      <gpxtpx:atemp>29</gpxtpx:atemp>
     </gpxtpx:TrackPointExtension>
    </extensions>
   </trkpt>
   <trkpt lat="48.3497340" lon="16.2939910">
    <ele>190.2</ele>
    <time>2024-06-08T11:22:19Z</time>
    <extensions>
     <gpxtpx:TrackPointExtension>
      <gpxtpx:atemp>29</gpxtpx:atemp>
     </gpxtpx:TrackPointExtension>
    </extensions>
   </trkpt>
   <trkpt lat="48.3500060" lon="16.2933300">
    <ele>190.4</ele>
    <time>2024-06-08T11:22:29Z</time>
    <extensions>
     <gpxtpx:TrackPointExtension>
      <gpxtpx:atemp>29</gpxtpx:atemp>
     </gpxtpx:TrackPointExtension>
    </extensions>
   </trkpt>
   <trkpt lat="48.3501920" lon="16.2928750">
    <ele>190.6</ele>
    <time>2024-06-08T11:22:36Z</time>
    <extensions>
     <gpxtpx:TrackPointExtension>
      <gpxtpx:atemp>29</gpxtpx:atemp>
     </gpxtpx:TrackPointExtension>
    </extensions>
   </trkpt>
   <trkpt lat="48.3504830" lon="16.2921710">
    <ele>190.8</ele>
    <time>2024-06-08T11:22:46Z</time>
    <extensions>
     <gpxtpx:TrackPointExtension>
      <gpxtpx:atemp>29</gpxtpx:atemp>
     </gpxtpx:TrackPointExtension>
    </extensions>
   </trkpt>
   <trkpt lat="48.3505070" lon="16.2921120">
    <ele>190.8</ele>
    <time>2024-06-08T11:22:47Z</time>
    <extensions>
     <gpxtpx:TrackPointExtension>
      <gpxtpx:atemp>29</gpxtpx:atemp>
     </gpxtpx:TrackPointExtension>
    </extensions>
   </trkpt>
   <trkpt lat="48.3507660" lon="16.2915070">
    <ele>191.0</ele>
    <time>2024-06-08T11:22:55Z</time>
    <extensions>
     <gpxtpx:TrackPointExtension>
      <gpxtpx:atemp>29</gpxtpx:atemp>
     </gpxtpx:TrackPointExtension>
    </extensions>
   </trkpt>
   <trkpt lat="48.3510500" lon="16.2908040">
    <ele>190.8</ele>
    <time>2024-06-08T11:23:04Z</time>
    <extensions>
     <gpxtpx:TrackPointExtension>
      <gpxtpx:atemp>29</gpxtpx:atemp>
     </gpxtpx:TrackPointExtension>
    </extensions>
   </trkpt>
   <trkpt lat="48.3513700" lon="16.2900870">
    <ele>190.8</ele>
    <time>2024-06-08T11:23:13Z</time>
    <extensions>
     <gpxtpx:TrackPointExtension>
      <gpxtpx:atemp>29</gpxtpx:atemp>
     </gpxtpx:TrackPointExtension>
    </extensions>
   </trkpt>
   <trkpt lat="48.3516700" lon="16.2893610">
    <ele>190.6</ele>
    <time>2024-06-08T11:23:22Z</time>
    <extensions>
     <gpxtpx:TrackPointExtension>
      <gpxtpx:atemp>29</gpxtpx:atemp>
     </gpxtpx:TrackPointExtension>
    </extensions>
   </trkpt>
   <trkpt lat="48.3517050" lon="16.2892780">
    <ele>190.6</ele>
    <time>2024-06-08T11:23:23Z</time>
    <extensions>
     <gpxtpx:TrackPointExtension>
      <gpxtpx:atemp>29</gpxtpx:atemp>
     </gpxtpx:TrackPointExtension>
    </extensions>
   </trkpt>
   <trkpt lat="48.3520160" lon="16.2885370">
    <ele>190.4</ele>
    <time>2024-06-08T11:23:32Z</time>
    <extensions>
     <gpxtpx:TrackPointExtension>
      <gpxtpx:atemp>29</gpxtpx:atemp>
     </gpxtpx:TrackPointExtension>
    </extensions>
   </trkpt>
   <trkpt lat="48.3523270" lon="16.2878060">
    <ele>189.8</ele>
    <time>2024-06-08T11:23:41Z</time>
    <extensions>
     <gpxtpx:TrackPointExtension>
      <gpxtpx:atemp>29</gpxtpx:atemp>
     </gpxtpx:TrackPointExtension>
    </extensions>
   </trkpt>
   <trkpt lat="48.3524530" lon="16.2875040">
    <ele>189.8</ele>
    <time>2024-06-08T11:23:45Z</time>
    <extensions>
     <gpxtpx:TrackPointExtension>
      <gpxtpx:atemp>29</gpxtpx:atemp>
     </gpxtpx:TrackPointExtension>
    </extensions>
   </trkpt>
   <trkpt lat="48.3526710" lon="16.2869490">
    <ele>190.2</ele>
    <time>2024-06-08T11:23:52Z</time>
    <extensions>
     <gpxtpx:TrackPointExtension>
      <gpxtpx:atemp>29</gpxtpx:atemp>
     </gpxtpx:TrackPointExtension>
    </extensions>
   </trkpt>
   <trkpt lat="48.3528680" lon="16.2863840">
    <ele>190.4</ele>
    <time>2024-06-08T11:23:59Z</time>
    <extensions>
     <gpxtpx:TrackPointExtension>
      <gpxtpx:atemp>29</gpxtpx:atemp>
     </gpxtpx:TrackPointExtension>
    </extensions>
   </trkpt>
   <trkpt lat="48.3531020" lon="16.2856480">
    <ele>190.6</ele>
    <time>2024-06-08T11:24:08Z</time>
    <extensions>
     <gpxtpx:TrackPointExtension>
      <gpxtpx:atemp>29</gpxtpx:atemp>
     </gpxtpx:TrackPointExtension>
    </extensions>
   </trkpt>
   <trkpt lat="48.3531240" lon="16.2855660">
    <ele>190.6</ele>
    <time>2024-06-08T11:24:09Z</time>
    <extensions>
     <gpxtpx:TrackPointExtension>
      <gpxtpx:atemp>29</gpxtpx:atemp>
     </gpxtpx:TrackPointExtension>
    </extensions>
   </trkpt>
   <trkpt lat="48.3532930" lon="16.2849240">
    <ele>190.6</ele>
    <time>2024-06-08T11:24:17Z</time>
    <extensions>
     <gpxtpx:TrackPointExtension>
      <gpxtpx:atemp>29</gpxtpx:atemp>
     </gpxtpx:TrackPointExtension>
    </extensions>
   </trkpt>
   <trkpt lat="48.3534200" lon="16.2844270">
    <ele>190.6</ele>
    <time>2024-06-08T11:24:23Z</time>
    <extensions>
     <gpxtpx:TrackPointExtension>
      <gpxtpx:atemp>29</gpxtpx:atemp>
     </gpxtpx:TrackPointExtension>
    </extensions>
   </trkpt>
   <trkpt lat="48.3535560" lon="16.2838260">
    <ele>190.6</ele>
    <time>2024-06-08T11:24:30Z</time>
    <extensions>
     <gpxtpx:TrackPointExtension>
      <gpxtpx:atemp>29</gpxtpx:atemp>
     </gpxtpx:TrackPointExtension>
    </extensions>
   </trkpt>
   <trkpt lat="48.3536800" lon="16.2832150">
    <ele>190.6</ele>
    <time>2024-06-08T11:24:37Z</time>
    <extensions>
     <gpxtpx:TrackPointExtension>
      <gpxtpx:atemp>29</gpxtpx:atemp>
     </gpxtpx:TrackPointExtension>
    </extensions>
   </trkpt>
   <trkpt lat="48.3537980" lon="16.2825760">
    <ele>190.8</ele>
    <time>2024-06-08T11:24:44Z</time>
    <extensions>
     <gpxtpx:TrackPointExtension>
      <gpxtpx:atemp>29</gpxtpx:atemp>
     </gpxtpx:TrackPointExtension>
    </extensions>
   </trkpt>
   <trkpt lat="48.3539170" lon="16.2817510">
    <ele>190.6</ele>
    <time>2024-06-08T11:24:53Z</time>
    <extensions>
     <gpxtpx:TrackPointExtension>
      <gpxtpx:atemp>29</gpxtpx:atemp>
     </gpxtpx:TrackPointExtension>
    </extensions>
   </trkpt>
   <trkpt lat="48.3539290" lon="16.2816610">
    <ele>190.6</ele>
    <time>2024-06-08T11:24:54Z</time>
    <extensions>
     <gpxtpx:TrackPointExtension>
      <gpxtpx:atemp>29</gpxtpx:atemp>
     </gpxtpx:TrackPointExtension>
    </extensions>
   </trkpt>
   <trkpt lat="48.3540040" lon="16.2809770">
    <ele>190.8</ele>
    <time>2024-06-08T11:25:02Z</time>
    <extensions>
     <gpxtpx:TrackPointExtension>
      <gpxtpx:atemp>30</gpxtpx:atemp>
     </gpxtpx:TrackPointExtension>
    </extensions>
   </trkpt>
   <trkpt lat="48.3540350" lon="16.2806400">
    <ele>190.8</ele>
    <time>2024-06-08T11:25:06Z</time>
    <extensions>
     <gpxtpx:TrackPointExtension>
      <gpxtpx:atemp>30</gpxtpx:atemp>
     </gpxtpx:TrackPointExtension>
    </extensions>
   </trkpt>
   <trkpt lat="48.3540670" lon="16.2802950">
    <ele>191.0</ele>
    <time>2024-06-08T11:25:10Z</time>
    <extensions>
     <gpxtpx:TrackPointExtension>
      <gpxtpx:atemp>30</gpxtpx:atemp>
     </gpxtpx:TrackPointExtension>
    </extensions>
   </trkpt>
   <trkpt lat="48.3540960" lon="16.2794600">
    <ele>191.0</ele>
    <time>2024-06-08T11:25:19Z</time>
    <extensions>
     <gpxtpx:TrackPointExtension>
      <gpxtpx:atemp>30</gpxtpx:atemp>
     </gpxtpx:TrackPointExtension>
    </extensions>
   </trkpt>
   <trkpt lat="48.3541310" lon="16.2785900">
    <ele>191.0</ele>
    <time>2024-06-08T11:25:28Z</time>
    <extensions>
     <gpxtpx:TrackPointExtension>
      <gpxtpx:atemp>30</gpxtpx:atemp>
     </gpxtpx:TrackPointExtension>
    </extensions>
   </trkpt>
   <trkpt lat="48.3541570" lon="16.2778870">
    <ele>191.2</ele>
    <time>2024-06-08T11:25:35Z</time>
    <extensions>
     <gpxtpx:TrackPointExtension>
      <gpxtpx:atemp>30</gpxtpx:atemp>
     </gpxtpx:TrackPointExtension>
    </extensions>
   </trkpt>
   <trkpt lat="48.3542190" lon="16.2771650">
    <ele>191.4</ele>
    <time>2024-06-08T11:25:43Z</time>
    <extensions>
     <gpxtpx:TrackPointExtension>
      <gpxtpx:atemp>30</gpxtpx:atemp>
     </gpxtpx:TrackPointExtension>
    </extensions>
   </trkpt>
   <trkpt lat="48.3542880" lon="16.2762970">
    <ele>191.8</ele>
    <time>2024-06-08T11:25:52Z</time>
    <extensions>
     <gpxtpx:TrackPointExtension>
      <gpxtpx:atemp>30</gpxtpx:atemp>
     </gpxtpx:TrackPointExtension>
    </extensions>
   </trkpt>
   <trkpt lat="48.3543020" lon="16.2761040">
    <ele>191.8</ele>
    <time>2024-06-08T11:25:54Z</time>
    <extensions>
     <gpxtpx:TrackPointExtension>
      <gpxtpx:atemp>30</gpxtpx:atemp>
     </gpxtpx:TrackPointExtension>
    </extensions>
   </trkpt>
   <trkpt lat="48.3543280" lon="16.2755110">
    <ele>191.8</ele>
    <time>2024-06-08T11:26:00Z</time>
    <extensions>
     <gpxtpx:TrackPointExtension>
      <gpxtpx:atemp>30</gpxtpx:atemp>
     </gpxtpx:TrackPointExtension>
    </extensions>
   </trkpt>
   <trkpt lat="48.3543600" lon="16.2746790">
    <ele>191.8</ele>
    <time>2024-06-08T11:26:09Z</time>
    <extensions>
     <gpxtpx:TrackPointExtension>
      <gpxtpx:atemp>30</gpxtpx:atemp>
     </gpxtpx:TrackPointExtension>
    </extensions>
   </trkpt>
   <trkpt lat="48.3543560" lon="16.2745710">
    <ele>191.8</ele>
    <time>2024-06-08T11:26:10Z</time>
    <extensions>
     <gpxtpx:TrackPointExtension>
      <gpxtpx:atemp>30</gpxtpx:atemp>
     </gpxtpx:TrackPointExtension>
    </extensions>
   </trkpt>
   <trkpt lat="48.3543250" lon="16.2740310">
    <ele>192.0</ele>
    <time>2024-06-08T11:26:16Z</time>
    <extensions>
     <gpxtpx:TrackPointExtension>
      <gpxtpx:atemp>30</gpxtpx:atemp>
     </gpxtpx:TrackPointExtension>
    </extensions>
   </trkpt>
   <trkpt lat="48.3543080" lon="16.2737210">
    <ele>192.0</ele>
    <time>2024-06-08T11:26:19Z</time>
    <extensions>
     <gpxtpx:TrackPointExtension>
      <gpxtpx:atemp>30</gpxtpx:atemp>
     </gpxtpx:TrackPointExtension>
    </extensions>
   </trkpt>
   <trkpt lat="48.3543020" lon="16.2732440">
    <ele>192.0</ele>
    <time>2024-06-08T11:26:24Z</time>
    <extensions>
     <gpxtpx:TrackPointExtension>
      <gpxtpx:atemp>30</gpxtpx:atemp>
     </gpxtpx:TrackPointExtension>
    </extensions>
   </trkpt>
   <trkpt lat="48.3543100" lon="16.2725530">
    <ele>191.8</ele>
    <time>2024-06-08T11:26:31Z</time>
    <extensions>
     <gpxtpx:TrackPointExtension>
      <gpxtpx:atemp>30</gpxtpx:atemp>
     </gpxtpx:TrackPointExtension>
    </extensions>
   </trkpt>
   <trkpt lat="48.3543390" lon="16.2716610">
    <ele>191.8</ele>
    <time>2024-06-08T11:26:40Z</time>
    <extensions>
     <gpxtpx:TrackPointExtension>
      <gpxtpx:atemp>30</gpxtpx:atemp>
     </gpxtpx:TrackPointExtension>
    </extensions>
   </trkpt>
   <trkpt lat="48.3543790" lon="16.2707780">
    <ele>191.8</ele>
    <time>2024-06-08T11:26:49Z</time>
    <extensions>
     <gpxtpx:TrackPointExtension>
      <gpxtpx:atemp>30</gpxtpx:atemp>
     </gpxtpx:TrackPointExtension>
    </extensions>
   </trkpt>
   <trkpt lat="48.3544230" lon="16.2699690">
    <ele>191.8</ele>
    <time>2024-06-08T11:26:57Z</time>
    <extensions>
     <gpxtpx:TrackPointExtension>
      <gpxtpx:atemp>31</gpxtpx:atemp>
     </gpxtpx:TrackPointExtension>
    </extensions>
   </trkpt>
   <trkpt lat="48.3544350" lon="16.2697850">
    <ele>192.0</ele>
    <time>2024-06-08T11:26:59Z</time>
    <extensions>
     <gpxtpx:TrackPointExtension>
      <gpxtpx:atemp>31</gpxtpx:atemp>
     </gpxtpx:TrackPointExtension>
    </extensions>
   </trkpt>
   <trkpt lat="48.3544790" lon="16.2691600">
    <ele>191.8</ele>
    <time>2024-06-08T11:27:05Z</time>
    <extensions>
     <gpxtpx:TrackPointExtension>
      <gpxtpx:atemp>31</gpxtpx:atemp>
     </gpxtpx:TrackPointExtension>
    </extensions>
   </trkpt>
   <trkpt lat="48.3544960" lon="16.2688800">
    <ele>191.8</ele>
    <time>2024-06-08T11:27:08Z</time>
    <extensions>
     <gpxtpx:TrackPointExtension>
      <gpxtpx:atemp>31</gpxtpx:atemp>
     </gpxtpx:TrackPointExtension>
    </extensions>
   </trkpt>
   <trkpt lat="48.3545520" lon="16.2680650">
    <ele>192.2</ele>
    <time>2024-06-08T11:27:16Z</time>
    <extensions>
     <gpxtpx:TrackPointExtension>
      <gpxtpx:atemp>31</gpxtpx:atemp>
     </gpxtpx:TrackPointExtension>
    </extensions>
   </trkpt>
   <trkpt lat="48.3545690" lon="16.2678610">
    <ele>192.0</ele>
    <time>2024-06-08T11:27:18Z</time>
    <extensions>
     <gpxtpx:TrackPointExtension>
      <gpxtpx:atemp>31</gpxtpx:atemp>
     </gpxtpx:TrackPointExtension>
    </extensions>
   </trkpt>
   <trkpt lat="48.3546240" lon="16.2670490">
    <ele>192.0</ele>
    <time>2024-06-08T11:27:26Z</time>
    <extensions>
     <gpxtpx:TrackPointExtension>
      <gpxtpx:atemp>31</gpxtpx:atemp>
     </gpxtpx:TrackPointExtension>
    </extensions>
   </trkpt>
   <trkpt lat="48.3546500" lon="16.2667170">
    <ele>192.0</ele>
    <time>2024-06-08T11:27:29Z</time>
    <extensions>
     <gpxtpx:TrackPointExtension>
      <gpxtpx:atemp>31</gpxtpx:atemp>
     </gpxtpx:TrackPointExtension>
    </extensions>
   </trkpt>
   <trkpt lat="48.3547110" lon="16.2658810">
    <ele>192.0</ele>
    <time>2024-06-08T11:27:37Z</time>
    <extensions>
     <gpxtpx:TrackPointExtension>
      <gpxtpx:atemp>31</gpxtpx:atemp>
     </gpxtpx:TrackPointExtension>
    </extensions>
   </trkpt>
   <trkpt lat="48.3547290" lon="16.2655910">
    <ele>192.0</ele>
    <time>2024-06-08T11:27:40Z</time>
    <extensions>
     <gpxtpx:TrackPointExtension>
      <gpxtpx:atemp>31</gpxtpx:atemp>
     </gpxtpx:TrackPointExtension>
    </extensions>
   </trkpt>
   <trkpt lat="48.3547860" lon="16.2647650">
    <ele>192.2</ele>
    <time>2024-06-08T11:27:48Z</time>
    <extensions>
     <gpxtpx:TrackPointExtension>
      <gpxtpx:atemp>31</gpxtpx:atemp>
     </gpxtpx:TrackPointExtension>
    </extensions>
   </trkpt>
   <trkpt lat="48.3547920" lon="16.2646670">
    <ele>192.2</ele>
    <time>2024-06-08T11:27:49Z</time>
    <extensions>
     <gpxtpx:TrackPointExtension>
      <gpxtpx:atemp>31</gpxtpx:atemp>
     </gpxtpx:TrackPointExtension>
    </extensions>
   </trkpt>
   <trkpt lat="48.3548050" lon="16.2644720">
    <ele>192.2</ele>
    <time>2024-06-08T11:27:51Z</time>
    <extensions>
     <gpxtpx:TrackPointExtension>
      <gpxtpx:atemp>31</gpxtpx:atemp>
     </gpxtpx:TrackPointExtension>
    </extensions>
   </trkpt>
   <trkpt lat="48.3548610" lon="16.2636690">
    <ele>192.2</ele>
    <time>2024-06-08T11:27:59Z</time>
    <extensions>
     <gpxtpx:TrackPointExtension>
      <gpxtpx:atemp>31</gpxtpx:atemp>
     </gpxtpx:TrackPointExtension>
    </extensions>
   </trkpt>
   <trkpt lat="48.3549210" lon="16.2627710">
    <ele>192.2</ele>
    <time>2024-06-08T11:28:08Z</time>
    <extensions>
     <gpxtpx:TrackPointExtension>
      <gpxtpx:atemp>31</gpxtpx:atemp>
     </gpxtpx:TrackPointExtension>
    </extensions>
   </trkpt>
   <trkpt lat="48.3549780" lon="16.2619430">
    <ele>192.4</ele>
    <time>2024-06-08T11:28:17Z</time>
    <extensions>
     <gpxtpx:TrackPointExtension>
      <gpxtpx:atemp>32</gpxtpx:atemp>
     </gpxtpx:TrackPointExtension>
    </extensions>
   </trkpt>
   <trkpt lat="48.3549840" lon="16.2618730">
    <ele>192.4</ele>
    <time>2024-06-08T11:28:18Z</time>
    <extensions>
     <gpxtpx:TrackPointExtension>
      <gpxtpx:atemp>32</gpxtpx:atemp>
     </gpxtpx:TrackPointExtension>
    </extensions>
   </trkpt>
   <trkpt lat="48.3550360" lon="16.2610440">
    <ele>192.6</ele>
    <time>2024-06-08T11:28:27Z</time>
    <extensions>
     <gpxtpx:TrackPointExtension>
      <gpxtpx:atemp>32</gpxtpx:atemp>
     </gpxtpx:TrackPointExtension>
    </extensions>
   </trkpt>
   <trkpt lat="48.3550530" lon="16.2608610">
    <ele>192.6</ele>
    <time>2024-06-08T11:28:29Z</time>
    <extensions>
     <gpxtpx:TrackPointExtension>
      <gpxtpx:atemp>32</gpxtpx:atemp>
     </gpxtpx:TrackPointExtension>
    </extensions>
   </trkpt>
   <trkpt lat="48.3551090" lon="16.2600540">
    <ele>192.8</ele>
    <time>2024-06-08T11:28:38Z</time>
    <extensions>
     <gpxtpx:TrackPointExtension>
      <gpxtpx:atemp>32</gpxtpx:atemp>
     </gpxtpx:TrackPointExtension>
    </extensions>
   </trkpt>
   <trkpt lat="48.3551240" lon="16.2598560">
    <ele>192.8</ele>
    <time>2024-06-08T11:28:40Z</time>
    <extensions>
     <gpxtpx:TrackPointExtension>
      <gpxtpx:atemp>32</gpxtpx:atemp>
     </gpxtpx:TrackPointExtension>
    </extensions>
   </trkpt>
   <trkpt lat="48.3551580" lon="16.2591380">
    <ele>192.8</ele>
    <time>2024-06-08T11:28:48Z</time>
    <extensions>
     <gpxtpx:TrackPointExtension>
      <gpxtpx:atemp>32</gpxtpx:atemp>
     </gpxtpx:TrackPointExtension>
    </extensions>
   </trkpt>
   <trkpt lat="48.3551860" lon="16.2585770">
    <ele>192.8</ele>
    <time>2024-06-08T11:28:54Z</time>
    <extensions>
     <gpxtpx:TrackPointExtension>
      <gpxtpx:atemp>32</gpxtpx:atemp>
     </gpxtpx:TrackPointExtension>
    </extensions>
   </trkpt>
   <trkpt lat="48.3552450" lon="16.2578850">
    <ele>192.6</ele>
    <time>2024-06-08T11:29:01Z</time>
    <extensions>
     <gpxtpx:TrackPointExtension>
      <gpxtpx:atemp>32</gpxtpx:atemp>
     </gpxtpx:TrackPointExtension>
    </extensions>
   </trkpt>
   <trkpt lat="48.3553170" lon="16.2570960">
    <ele>192.8</ele>
    <time>2024-06-08T11:29:09Z</time>
    <extensions>
     <gpxtpx:TrackPointExtension>
      <gpxtpx:atemp>32</gpxtpx:atemp>
     </gpxtpx:TrackPointExtension>
    </extensions>
   </trkpt>
   <trkpt lat="48.3554010" lon="16.2563020">
    <ele>192.8</ele>
    <time>2024-06-08T11:29:17Z</time>
    <extensions>
     <gpxtpx:TrackPointExtension>
      <gpxtpx:atemp>32</gpxtpx:atemp>
     </gpxtpx:TrackPointExtension>
    </extensions>
   </trkpt>
   <trkpt lat="48.3554610" lon="16.2557360">
    <ele>193.0</ele>
    <time>2024-06-08T11:29:23Z</time>
    <extensions>
     <gpxtpx:TrackPointExtension>
      <gpxtpx:atemp>32</gpxtpx:atemp>
     </gpxtpx:TrackPointExtension>
    </extensions>
   </trkpt>
   <trkpt lat="48.3555130" lon="16.2552020">
    <ele>193.0</ele>
    <time>2024-06-08T11:29:29Z</time>
    <extensions>
     <gpxtpx:TrackPointExtension>
      <gpxtpx:atemp>32</gpxtpx:atemp>
     </gpxtpx:TrackPointExtension>
    </extensions>
   </trkpt>
   <trkpt lat="48.3555280" lon="16.2551390">
    <ele>193.0</ele>
    <time>2024-06-08T11:29:30Z</time>
    <extensions>
     <gpxtpx:TrackPointExtension>
      <gpxtpx:atemp>32</gpxtpx:atemp>
     </gpxtpx:TrackPointExtension>
    </extensions>
   </trkpt>
   <trkpt lat="48.3556020" lon="16.2545160">
    <ele>193.0</ele>
    <time>2024-06-08T11:29:37Z</time>
    <extensions>
     <gpxtpx:TrackPointExtension>
      <gpxtpx:atemp>32</gpxtpx:atemp>
     </gpxtpx:TrackPointExtension>
    </extensions>
   </trkpt>
   <trkpt lat="48.3556640" lon="16.2538880">
    <ele>193.0</ele>
    <time>2024-06-08T11:29:44Z</time>
    <extensions>
     <gpxtpx:TrackPointExtension>
      <gpxtpx:atemp>33</gpxtpx:atemp>
     </gpxtpx:TrackPointExtension>
    </extensions>
   </trkpt>
   <trkpt lat="48.3557590" lon="16.2531350">
    <ele>193.0</ele>
    <time>2024-06-08T11:29:51Z</time>
    <extensions>
     <gpxtpx:TrackPointExtension>
      <gpxtpx:atemp>33</gpxtpx:atemp>
     </gpxtpx:TrackPointExtension>
    </extensions>
   </trkpt>
   <trkpt lat="48.3558490" lon="16.2523280">
    <ele>192.8</ele>
    <time>2024-06-08T11:29:59Z</time>
    <extensions>
     <gpxtpx:TrackPointExtension>
      <gpxtpx:atemp>33</gpxtpx:atemp>
     </gpxtpx:TrackPointExtension>
    </extensions>
   </trkpt>
   <trkpt lat="48.3558590" lon="16.2522320">
    <ele>192.8</ele>
    <time>2024-06-08T11:30:00Z</time>
    <extensions>
     <gpxtpx:TrackPointExtension>
      <gpxtpx:atemp>33</gpxtpx:atemp>
     </gpxtpx:TrackPointExtension>
    </extensions>
   </trkpt>
   <trkpt lat="48.3559520" lon="16.2514460">
    <ele>193.0</ele>
    <time>2024-06-08T11:30:08Z</time>
    <extensions>
     <gpxtpx:TrackPointExtension>
      <gpxtpx:atemp>33</gpxtpx:atemp>
     </gpxtpx:TrackPointExtension>
    </extensions>
   </trkpt>
   <trkpt lat="48.3560460" lon="16.2506370">
    <ele>193.0</ele>
    <time>2024-06-08T11:30:16Z</time>
    <extensions>
     <gpxtpx:TrackPointExtension>
      <gpxtpx:atemp>33</gpxtpx:atemp>
     </gpxtpx:TrackPointExtension>
    </extensions>
   </trkpt>
   <trkpt lat="48.3560710" lon="16.2504060">
    <ele>193.0</ele>
    <time>2024-06-08T11:30:18Z</time>
    <extensions>
     <gpxtpx:TrackPointExtension>
      <gpxtpx:atemp>33</gpxtpx:atemp>
     </gpxtpx:TrackPointExtension>
    </extensions>
   </trkpt>
   <trkpt lat="48.3561410" lon="16.2497980">
    <ele>193.0</ele>
    <time>2024-06-08T11:30:24Z</time>
    <extensions>
     <gpxtpx:TrackPointExtension>
      <gpxtpx:atemp>33</gpxtpx:atemp>
     </gpxtpx:TrackPointExtension>
    </extensions>
   </trkpt>
   <trkpt lat="48.3561660" lon="16.2495660">
    <ele>193.0</ele>
    <time>2024-06-08T11:30:26Z</time>
    <extensions>
     <gpxtpx:TrackPointExtension>
      <gpxtpx:atemp>33</gpxtpx:atemp>
     </gpxtpx:TrackPointExtension>
    </extensions>
   </trkpt>
   <trkpt lat="48.3562530" lon="16.2487520">
    <ele>193.0</ele>
    <time>2024-06-08T11:30:34Z</time>
    <extensions>
     <gpxtpx:TrackPointExtension>
      <gpxtpx:atemp>33</gpxtpx:atemp>
     </gpxtpx:TrackPointExtension>
    </extensions>
   </trkpt>
   <trkpt lat="48.3562640" lon="16.2486570">
    <ele>193.0</ele>
    <time>2024-06-08T11:30:35Z</time>
    <extensions>
     <gpxtpx:TrackPointExtension>
      <gpxtpx:atemp>33</gpxtpx:atemp>
     </gpxtpx:TrackPointExtension>
    </extensions>
   </trkpt>
   <trkpt lat="48.3563250" lon="16.2480730">
    <ele>193.0</ele>
    <time>2024-06-08T11:30:41Z</time>
    <extensions>
     <gpxtpx:TrackPointExtension>
      <gpxtpx:atemp>33</gpxtpx:atemp>
     </gpxtpx:TrackPointExtension>
    </extensions>
   </trkpt>
   <trkpt lat="48.3563880" lon="16.2473240">
    <ele>192.8</ele>
    <time>2024-06-08T11:30:48Z</time>
    <extensions>
     <gpxtpx:TrackPointExtension>
      <gpxtpx:atemp>33</gpxtpx:atemp>
     </gpxtpx:TrackPointExtension>
    </extensions>
   </trkpt>
   <trkpt lat="48.3564320" lon="16.2471400">
    <ele>192.8</ele>
    <time>2024-06-08T11:30:50Z</time>
    <extensions>
     <gpxtpx:TrackPointExtension>
      <gpxtpx:atemp>33</gpxtpx:atemp>
     </gpxtpx:TrackPointExtension>
    </extensions>
   </trkpt>
   <trkpt lat="48.3565430" lon="16.2466930">
    <ele>193.2</ele>
    <time>2024-06-08T11:30:55Z</time>
    <extensions>
     <gpxtpx:TrackPointExtension>
      <gpxtpx:atemp>33</gpxtpx:atemp>
     </gpxtpx:TrackPointExtension>
    </extensions>
   </trkpt>
   <trkpt lat="48.3565620" lon="16.2466200">
    <ele>193.2</ele>
    <time>2024-06-08T11:30:56Z</time>
    <extensions>
     <gpxtpx:TrackPointExtension>
      <gpxtpx:atemp>33</gpxtpx:atemp>
     </gpxtpx:TrackPointExtension>
    </extensions>
   </trkpt>
   <trkpt lat="48.3566490" lon="16.2462950">
    <ele>194.4</ele>
    <time>2024-06-08T11:31:01Z</time>
    <extensions>
     <gpxtpx:TrackPointExtension>
      <gpxtpx:atemp>33</gpxtpx:atemp>
     </gpxtpx:TrackPointExtension>
    </extensions>
   </trkpt>
   <trkpt lat="48.3566890" lon="16.2461760">
    <ele>195.6</ele>
    <time>2024-06-08T11:31:03Z</time>
    <extensions>
     <gpxtpx:TrackPointExtension>
      <gpxtpx:atemp>33</gpxtpx:atemp>
     </gpxtpx:TrackPointExtension>
    </extensions>
   </trkpt>
   <trkpt lat="48.3567170" lon="16.2460510">
    <ele>196.6</ele>
    <time>2024-06-08T11:31:05Z</time>
    <extensions>
     <gpxtpx:TrackPointExtension>
      <gpxtpx:atemp>33</gpxtpx:atemp>
     </gpxtpx:TrackPointExtension>
    </extensions>
   </trkpt>
   <trkpt lat="48.3567740" lon="16.2457140">
    <ele>197.2</ele>
    <time>2024-06-08T11:31:10Z</time>
    <extensions>
     <gpxtpx:TrackPointExtension>
      <gpxtpx:atemp>33</gpxtpx:atemp>
     </gpxtpx:TrackPointExtension>
    </extensions>
   </trkpt>
   <trkpt lat="48.3568260" lon="16.2454360">
    <ele>197.2</ele>
    <time>2024-06-08T11:31:14Z</time>
    <extensions>
     <gpxtpx:TrackPointExtension>
      <gpxtpx:atemp>33</gpxtpx:atemp>
     </gpxtpx:TrackPointExtension>
    </extensions>
   </trkpt>
   <trkpt lat="48.3568890" lon="16.2453240">
    <ele>197.2</ele>
    <time>2024-06-08T11:31:16Z</time>
    <extensions>
     <gpxtpx:TrackPointExtension>
      <gpxtpx:atemp>33</gpxtpx:atemp>
     </gpxtpx:TrackPointExtension>
    </extensions>
   </trkpt>
   <trkpt lat="48.3569630" lon="16.2452510">
    <ele>197.4</ele>
    <time>2024-06-08T11:31:18Z</time>
    <extensions>
     <gpxtpx:TrackPointExtension>
      <gpxtpx:atemp>33</gpxtpx:atemp>
     </gpxtpx:TrackPointExtension>
    </extensions>
   </trkpt>
   <trkpt lat="48.3570680" lon="16.2451950">
    <ele>197.4</ele>
    <time>2024-06-08T11:31:20Z</time>
    <extensions>
     <gpxtpx:TrackPointExtension>
      <gpxtpx:atemp>33</gpxtpx:atemp>
     </gpxtpx:TrackPointExtension>
    </extensions>
   </trkpt>
   <trkpt lat="48.3573310" lon="16.2451410">
    <ele>197.8</ele>
    <time>2024-06-08T11:31:25Z</time>
    <extensions>
     <gpxtpx:TrackPointExtension>
      <gpxtpx:atemp>33</gpxtpx:atemp>
     </gpxtpx:TrackPointExtension>
    </extensions>
   </trkpt>
   <trkpt lat="48.3573770" lon="16.2451010">
    <ele>197.8</ele>
    <time>2024-06-08T11:31:26Z</time>
    <extensions>
     <gpxtpx:TrackPointExtension>
      <gpxtpx:atemp>33</gpxtpx:atemp>
     </gpxtpx:TrackPointExtension>
    </extensions>
   </trkpt>
   <trkpt lat="48.3574150" lon="16.2450420">
    <ele>197.8</ele>
    <time>2024-06-08T11:31:27Z</time>
    <extensions>
     <gpxtpx:TrackPointExtension>
      <gpxtpx:atemp>33</gpxtpx:atemp>
     </gpxtpx:TrackPointExtension>
    </extensions>
   </trkpt>
   <trkpt lat="48.3574420" lon="16.2449680">
    <ele>197.8</ele>
    <time>2024-06-08T11:31:28Z</time>
    <extensions>
     <gpxtpx:TrackPointExtension>
      <gpxtpx:atemp>33</gpxtpx:atemp>
     </gpxtpx:TrackPointExtension>
    </extensions>
   </trkpt>
   <trkpt lat="48.3574620" lon="16.2448860">
    <ele>197.8</ele>
    <time>2024-06-08T11:31:29Z</time>
    <extensions>
     <gpxtpx:TrackPointExtension>
      <gpxtpx:atemp>33</gpxtpx:atemp>
     </gpxtpx:TrackPointExtension>
    </extensions>
   </trkpt>
   <trkpt lat="48.3576400" lon="16.2441360">
    <ele>197.8</ele>
    <time>2024-06-08T11:31:38Z</time>
    <extensions>
     <gpxtpx:TrackPointExtension>
      <gpxtpx:atemp>33</gpxtpx:atemp>
     </gpxtpx:TrackPointExtension>
    </extensions>
   </trkpt>
   <trkpt lat="48.3576750" lon="16.2440650">
    <ele>197.8</ele>
    <time>2024-06-08T11:31:39Z</time>
    <extensions>
     <gpxtpx:TrackPointExtension>
      <gpxtpx:atemp>33</gpxtpx:atemp>
     </gpxtpx:TrackPointExtension>
    </extensions>
   </trkpt>
   <trkpt lat="48.3577690" lon="16.2439600">
    <ele>197.8</ele>
    <time>2024-06-08T11:31:41Z</time>
    <extensions>
     <gpxtpx:TrackPointExtension>
      <gpxtpx:atemp>33</gpxtpx:atemp>
     </gpxtpx:TrackPointExtension>
    </extensions>
   </trkpt>
   <trkpt lat="48.3580420" lon="16.2437600">
    <ele>197.6</ele>
    <time>2024-06-08T11:31:46Z</time>
    <extensions>
     <gpxtpx:TrackPointExtension>
      <gpxtpx:atemp>33</gpxtpx:atemp>
     </gpxtpx:TrackPointExtension>
    </extensions>
   </trkpt>
   <trkpt lat="48.3580910" lon="16.2437070">
    <ele>197.6</ele>
    <time>2024-06-08T11:31:47Z</time>
    <extensions>
     <gpxtpx:TrackPointExtension>
      <gpxtpx:atemp>33</gpxtpx:atemp>
     </gpxtpx:TrackPointExtension>
    </extensions>
   </trkpt>
   <trkpt lat="48.3584410" lon="16.2432570">
    <ele>197.8</ele>
    <time>2024-06-08T11:31:55Z</time>
    <extensions>
     <gpxtpx:TrackPointExtension>
      <gpxtpx:atemp>33</gpxtpx:atemp>
     </gpxtpx:TrackPointExtension>
    </extensions>
   </trkpt>
   <trkpt lat="48.3586400" lon="16.2429090">
    <ele>197.8</ele>
    <time>2024-06-08T11:32:00Z</time>
    <extensions>
     <gpxtpx:TrackPointExtension>
      <gpxtpx:atemp>33</gpxtpx:atemp>
     </gpxtpx:TrackPointExtension>
    </extensions>
   </trkpt>
   <trkpt lat="48.3587000" lon="16.2427610">
    <ele>197.8</ele>
    <time>2024-06-08T11:32:02Z</time>
    <extensions>
     <gpxtpx:TrackPointExtension>
      <gpxtpx:atemp>33</gpxtpx:atemp>
     </gpxtpx:TrackPointExtension>
    </extensions>
   </trkpt>
   <trkpt lat="48.3589430" lon="16.2420480">
    <ele>198.2</ele>
    <time>2024-06-08T11:32:11Z</time>
    <extensions>
     <gpxtpx:TrackPointExtension>
      <gpxtpx:atemp>33</gpxtpx:atemp>
     </gpxtpx:TrackPointExtension>
    </extensions>
   </trkpt>
   <trkpt lat="48.3590760" lon="16.2414060">
    <ele>198.8</ele>
    <time>2024-06-08T11:32:18Z</time>
    <extensions>
     <gpxtpx:TrackPointExtension>
      <gpxtpx:atemp>33</gpxtpx:atemp>
     </gpxtpx:TrackPointExtension>
    </extensions>
   </trkpt>
   <trkpt lat="48.3590880" lon="16.2413330">
    <ele>198.8</ele>
    <time>2024-06-08T11:32:19Z</time>
    <extensions>
     <gpxtpx:TrackPointExtension>
      <gpxtpx:atemp>33</gpxtpx:atemp>
     </gpxtpx:TrackPointExtension>
    </extensions>
   </trkpt>
   <trkpt lat="48.3591610" lon="16.2408560">
    <ele>199.0</ele>
    <time>2024-06-08T11:32:25Z</time>
    <extensions>
     <gpxtpx:TrackPointExtension>
      <gpxtpx:atemp>33</gpxtpx:atemp>
     </gpxtpx:TrackPointExtension>
    </extensions>
   </trkpt>
   <trkpt lat="48.3592270" lon="16.2404520">
    <ele>199.8</ele>
    <time>2024-06-08T11:32:31Z</time>
    <extensions>
     <gpxtpx:TrackPointExtension>
      <gpxtpx:atemp>33</gpxtpx:atemp>
     </gpxtpx:TrackPointExtension>
    </extensions>
   </trkpt>
   <trkpt lat="48.3592400" lon="16.2403720">
    <ele>200.0</ele>
    <time>2024-06-08T11:32:32Z</time>
    <extensions>
     <gpxtpx:TrackPointExtension>
      <gpxtpx:atemp>33</gpxtpx:atemp>
     </gpxtpx:TrackPointExtension>
    </extensions>
   </trkpt>
   <trkpt lat="48.3593060" lon="16.2399580">
    <ele>200.0</ele>
    <time>2024-06-08T11:32:38Z</time>
    <extensions>
     <gpxtpx:TrackPointExtension>
      <gpxtpx:atemp>34</gpxtpx:atemp>
     </gpxtpx:TrackPointExtension>
    </extensions>
   </trkpt>
   <trkpt lat="48.3593840" lon="16.2394540">
    <ele>200.0</ele>
    <time>2024-06-08T11:32:45Z</time>
    <extensions>
     <gpxtpx:TrackPointExtension>
      <gpxtpx:atemp>34</gpxtpx:atemp>
     </gpxtpx:TrackPointExtension>
    </extensions>
   </trkpt>
   <trkpt lat="48.3594010" lon="16.2393640">
    <ele>200.0</ele>
    <time>2024-06-08T11:32:46Z</time>
    <extensions>
     <gpxtpx:TrackPointExtension>
      <gpxtpx:atemp>34</gpxtpx:atemp>
     </gpxtpx:TrackPointExtension>
    </extensions>
   </trkpt>
   <trkpt lat="48.3594750" lon="16.2388940">
    <ele>199.8</ele>
    <time>2024-06-08T11:32:52Z</time>
    <extensions>
     <gpxtpx:TrackPointExtension>
      <gpxtpx:atemp>34</gpxtpx:atemp>
     </gpxtpx:TrackPointExtension>
    </extensions>
   </trkpt>
   <trkpt lat="48.3595650" lon="16.2382970">
    <ele>199.6</ele>
    <time>2024-06-08T11:33:00Z</time>
    <extensions>
     <gpxtpx:TrackPointExtension>
      <gpxtpx:atemp>34</gpxtpx:atemp>
     </gpxtpx:TrackPointExtension>
    </extensions>
   </trkpt>
   <trkpt lat="48.3596160" lon="16.2379970">
    <ele>199.6</ele>
    <time>2024-06-08T11:33:05Z</time>
    <extensions>
     <gpxtpx:TrackPointExtension>
      <gpxtpx:atemp>34</gpxtpx:atemp>
     </gpxtpx:TrackPointExtension>
    </extensions>
   </trkpt>
   <trkpt lat="48.3596200" lon="16.2379720">
    <ele>199.6</ele>
    <time>2024-06-08T11:33:08Z</time>
    <extensions>
     <gpxtpx:TrackPointExtension>
      <gpxtpx:atemp>34</gpxtpx:atemp>
     </gpxtpx:TrackPointExtension>
    </extensions>
   </trkpt>
   <trkpt lat="48.3596200" lon="16.2379720">
    <ele>199.6</ele>
    <time>2024-06-08T11:33:10Z</time>
    <extensions>
     <gpxtpx:TrackPointExtension>
      <gpxtpx:atemp>34</gpxtpx:atemp>
     </gpxtpx:TrackPointExtension>
    </extensions>
   </trkpt>
   <trkpt lat="48.3596240" lon="16.2379170">
    <ele>199.4</ele>
    <time>2024-06-08T11:33:32Z</time>
    <extensions>
     <gpxtpx:TrackPointExtension>
      <gpxtpx:atemp>34</gpxtpx:atemp>
     </gpxtpx:TrackPointExtension>
    </extensions>
   </trkpt>
   <trkpt lat="48.3596290" lon="16.2379030">
    <ele>199.4</ele>
    <time>2024-06-08T11:33:34Z</time>
    <extensions>
     <gpxtpx:TrackPointExtension>
      <gpxtpx:atemp>34</gpxtpx:atemp>
     </gpxtpx:TrackPointExtension>
    </extensions>
   </trkpt>
   <trkpt lat="48.3596300" lon="16.2378980">
    <ele>199.4</ele>
    <time>2024-06-08T11:33:35Z</time>
    <extensions>
     <gpxtpx:TrackPointExtension>
      <gpxtpx:atemp>34</gpxtpx:atemp>
     </gpxtpx:TrackPointExtension>
    </extensions>
   </trkpt>
   <trkpt lat="48.3596330" lon="16.2378320">
    <ele>199.4</ele>
    <time>2024-06-08T11:33:38Z</time>
    <extensions>
     <gpxtpx:TrackPointExtension>
      <gpxtpx:atemp>34</gpxtpx:atemp>
     </gpxtpx:TrackPointExtension>
    </extensions>
   </trkpt>
   <trkpt lat="48.3596410" lon="16.2377390">
    <ele>199.4</ele>
    <time>2024-06-08T11:33:40Z</time>
    <extensions>
     <gpxtpx:TrackPointExtension>
      <gpxtpx:atemp>35</gpxtpx:atemp>
     </gpxtpx:TrackPointExtension>
    </extensions>
   </trkpt>
   <trkpt lat="48.3596860" lon="16.2374560">
    <ele>199.2</ele>
    <time>2024-06-08T11:33:45Z</time>
    <extensions>
     <gpxtpx:TrackPointExtension>
      <gpxtpx:atemp>34</gpxtpx:atemp>
     </gpxtpx:TrackPointExtension>
    </extensions>
   </trkpt>
   <trkpt lat="48.3597360" lon="16.2370700">
    <ele>199.2</ele>
    <time>2024-06-08T11:33:49Z</time>
    <extensions>
     <gpxtpx:TrackPointExtension>
      <gpxtpx:atemp>34</gpxtpx:atemp>
     </gpxtpx:TrackPointExtension>
    </extensions>
   </trkpt>
   <trkpt lat="48.3597420" lon="16.2369780">
    <ele>199.2</ele>
    <time>2024-06-08T11:33:50Z</time>
    <extensions>
     <gpxtpx:TrackPointExtension>
      <gpxtpx:atemp>35</gpxtpx:atemp>
     </gpxtpx:TrackPointExtension>
    </extensions>
   </trkpt>
   <trkpt lat="48.3597670" lon="16.2367970">
    <ele>199.2</ele>
    <time>2024-06-08T11:33:52Z</time>
    <extensions>
     <gpxtpx:TrackPointExtension>
      <gpxtpx:atemp>35</gpxtpx:atemp>
     </gpxtpx:TrackPointExtension>
    </extensions>
   </trkpt>
   <trkpt lat="48.3598020" lon="16.2366450">
    <ele>199.0</ele>
    <time>2024-06-08T11:33:54Z</time>
    <extensions>
     <gpxtpx:TrackPointExtension>
      <gpxtpx:atemp>35</gpxtpx:atemp>
     </gpxtpx:TrackPointExtension>
    </extensions>
   </trkpt>
   <trkpt lat="48.3599120" lon="16.2363230">
    <ele>198.6</ele>
    <time>2024-06-08T11:33:58Z</time>
    <extensions>
     <gpxtpx:TrackPointExtension>
      <gpxtpx:atemp>35</gpxtpx:atemp>
     </gpxtpx:TrackPointExtension>
    </extensions>
   </trkpt>
   <trkpt lat="48.3599780" lon="16.2362120">
    <ele>198.6</ele>
    <time>2024-06-08T11:34:00Z</time>
    <extensions>
     <gpxtpx:TrackPointExtension>
      <gpxtpx:atemp>35</gpxtpx:atemp>
     </gpxtpx:TrackPointExtension>
    </extensions>
   </trkpt>
   <trkpt lat="48.3601200" lon="16.2360610">
    <ele>198.6</ele>
    <time>2024-06-08T11:34:03Z</time>
    <extensions>
     <gpxtpx:TrackPointExtension>
      <gpxtpx:atemp>35</gpxtpx:atemp>
     </gpxtpx:TrackPointExtension>
    </extensions>
   </trkpt>
   <trkpt lat="48.3602280" lon="16.2359960">
    <ele>198.6</ele>
    <time>2024-06-08T11:34:05Z</time>
    <extensions>
     <gpxtpx:TrackPointExtension>
      <gpxtpx:atemp>35</gpxtpx:atemp>
     </gpxtpx:TrackPointExtension>
    </extensions>
   </trkpt>
   <trkpt lat="48.3604000" lon="16.2359350">
    <ele>198.4</ele>
    <time>2024-06-08T11:34:08Z</time>
    <extensions>
     <gpxtpx:TrackPointExtension>
      <gpxtpx:atemp>35</gpxtpx:atemp>
     </gpxtpx:TrackPointExtension>
    </extensions>
   </trkpt>
   <trkpt lat="48.3605070" lon="16.2359380">
    <ele>198.2</ele>
    <time>2024-06-08T11:34:10Z</time>
    <extensions>
     <gpxtpx:TrackPointExtension>
      <gpxtpx:atemp>35</gpxtpx:atemp>
     </gpxtpx:TrackPointExtension>
    </extensions>
   </trkpt>
   <trkpt lat="48.3609300" lon="16.2360430">
    <ele>198.2</ele>
    <time>2024-06-08T11:34:18Z</time>
    <extensions>
     <gpxtpx:TrackPointExtension>
      <gpxtpx:atemp>35</gpxtpx:atemp>
     </gpxtpx:TrackPointExtension>
    </extensions>
   </trkpt>
   <trkpt lat="48.3613180" lon="16.2361740">
    <ele>198.4</ele>
    <time>2024-06-08T11:34:25Z</time>
    <extensions>
     <gpxtpx:TrackPointExtension>
      <gpxtpx:atemp>35</gpxtpx:atemp>
     </gpxtpx:TrackPointExtension>
    </extensions>
   </trkpt>
   <trkpt lat="48.3617040" lon="16.2362970">
    <ele>198.4</ele>
    <time>2024-06-08T11:34:32Z</time>
    <extensions>
     <gpxtpx:TrackPointExtension>
      <gpxtpx:atemp>35</gpxtpx:atemp>
     </gpxtpx:TrackPointExtension>
    </extensions>
   </trkpt>
   <trkpt lat="48.3620660" lon="16.2364010">
    <ele>198.2</ele>
    <time>2024-06-08T11:34:39Z</time>
    <extensions>
     <gpxtpx:TrackPointExtension>
      <gpxtpx:atemp>35</gpxtpx:atemp>
     </gpxtpx:TrackPointExtension>
    </extensions>
   </trkpt>
   <trkpt lat="48.3625210" lon="16.2364900">
    <ele>198.2</ele>
    <time>2024-06-08T11:34:47Z</time>
    <extensions>
     <gpxtpx:TrackPointExtension>
      <gpxtpx:atemp>35</gpxtpx:atemp>
     </gpxtpx:TrackPointExtension>
    </extensions>
   </trkpt>
   <trkpt lat="48.3627360" lon="16.2365020">
    <ele>198.2</ele>
    <time>2024-06-08T11:34:50Z</time>
    <extensions>
     <gpxtpx:TrackPointExtension>
      <gpxtpx:atemp>35</gpxtpx:atemp>
     </gpxtpx:TrackPointExtension>
    </extensions>
   </trkpt>
   <trkpt lat="48.3628860" lon="16.2364980">
    <ele>198.0</ele>
    <time>2024-06-08T11:34:52Z</time>
    <extensions>
     <gpxtpx:TrackPointExtension>
      <gpxtpx:atemp>35</gpxtpx:atemp>
     </gpxtpx:TrackPointExtension>
    </extensions>
   </trkpt>
   <trkpt lat="48.3633070" lon="16.2364180">
    <ele>197.4</ele>
    <time>2024-06-08T11:34:58Z</time>
    <extensions>
     <gpxtpx:TrackPointExtension>
      <gpxtpx:atemp>35</gpxtpx:atemp>
     </gpxtpx:TrackPointExtension>
    </extensions>
   </trkpt>
   <trkpt lat="48.3633750" lon="16.2363960">
    <ele>197.0</ele>
    <time>2024-06-08T11:34:59Z</time>
    <extensions>
     <gpxtpx:TrackPointExtension>
      <gpxtpx:atemp>35</gpxtpx:atemp>
     </gpxtpx:TrackPointExtension>
    </extensions>
   </trkpt>
   <trkpt lat="48.3636550" lon="16.2362850">
    <ele>195.8</ele>
    <time>2024-06-08T11:35:03Z</time>
    <extensions>
     <gpxtpx:TrackPointExtension>
      <gpxtpx:atemp>35</gpxtpx:atemp>
     </gpxtpx:TrackPointExtension>
    </extensions>
   </trkpt>
   <trkpt lat="48.3638350" lon="16.2362050">
    <ele>195.4</ele>
    <time>2024-06-08T11:35:06Z</time>
    <extensions>
     <gpxtpx:TrackPointExtension>
      <gpxtpx:atemp>35</gpxtpx:atemp>
     </gpxtpx:TrackPointExtension>
    </extensions>
   </trkpt>
   <trkpt lat="48.3643320" lon="16.2359910">
    <ele>195.4</ele>
    <time>2024-06-08T11:35:14Z</time>
    <extensions>
     <gpxtpx:TrackPointExtension>
      <gpxtpx:atemp>35</gpxtpx:atemp>
     </gpxtpx:TrackPointExtension>
    </extensions>
   </trkpt>
   <trkpt lat="48.3649170" lon="16.2357510">
    <ele>195.6</ele>
    <time>2024-06-08T11:35:23Z</time>
    <extensions>
     <gpxtpx:TrackPointExtension>
      <gpxtpx:atemp>35</gpxtpx:atemp>
     </gpxtpx:TrackPointExtension>
    </extensions>
   </trkpt>
   <trkpt lat="48.3649670" lon="16.2357290">
    <ele>195.6</ele>
    <time>2024-06-08T11:35:24Z</time>
    <extensions>
     <gpxtpx:TrackPointExtension>
      <gpxtpx:atemp>35</gpxtpx:atemp>
     </gpxtpx:TrackPointExtension>
    </extensions>
   </trkpt>
   <trkpt lat="48.3655170" lon="16.2354980">
    <ele>195.6</ele>
    <time>2024-06-08T11:35:33Z</time>
    <extensions>
     <gpxtpx:TrackPointExtension>
      <gpxtpx:atemp>35</gpxtpx:atemp>
     </gpxtpx:TrackPointExtension>
    </extensions>
   </trkpt>
   <trkpt lat="48.3655640" lon="16.2354770">
    <ele>195.6</ele>
    <time>2024-06-08T11:35:34Z</time>
    <extensions>
     <gpxtpx:TrackPointExtension>
      <gpxtpx:atemp>35</gpxtpx:atemp>
     </gpxtpx:TrackPointExtension>
    </extensions>
   </trkpt>
   <trkpt lat="48.3659700" lon="16.2353160">
    <ele>195.2</ele>
    <time>2024-06-08T11:35:41Z</time>
    <extensions>
     <gpxtpx:TrackPointExtension>
      <gpxtpx:atemp>35</gpxtpx:atemp>
     </gpxtpx:TrackPointExtension>
    </extensions>
   </trkpt>
   <trkpt lat="48.3664280" lon="16.2351130">
    <ele>195.2</ele>
    <time>2024-06-08T11:35:50Z</time>
    <extensions>
     <gpxtpx:TrackPointExtension>
      <gpxtpx:atemp>35</gpxtpx:atemp>
     </gpxtpx:TrackPointExtension>
    </extensions>
   </trkpt>
   <trkpt lat="48.3669400" lon="16.2348960">
    <ele>195.2</ele>
    <time>2024-06-08T11:35:59Z</time>
    <extensions>
     <gpxtpx:TrackPointExtension>
      <gpxtpx:atemp>35</gpxtpx:atemp>
     </gpxtpx:TrackPointExtension>
    </extensions>
   </trkpt>
   <trkpt lat="48.3674860" lon="16.2347000">
    <ele>195.4</ele>
    <time>2024-06-08T11:36:08Z</time>
    <extensions>
     <gpxtpx:TrackPointExtension>
      <gpxtpx:atemp>35</gpxtpx:atemp>
     </gpxtpx:TrackPointExtension>
    </extensions>
   </trkpt>
   <trkpt lat="48.3678950" lon="16.2345090">
    <ele>195.4</ele>
    <time>2024-06-08T11:36:15Z</time>
    <extensions>
     <gpxtpx:TrackPointExtension>
      <gpxtpx:atemp>35</gpxtpx:atemp>
     </gpxtpx:TrackPointExtension>
    </extensions>
   </trkpt>
   <trkpt lat="48.3681660" lon="16.2344210">
    <ele>195.4</ele>
    <time>2024-06-08T11:36:20Z</time>
    <extensions>
     <gpxtpx:TrackPointExtension>
      <gpxtpx:atemp>35</gpxtpx:atemp>
     </gpxtpx:TrackPointExtension>
    </extensions>
   </trkpt>
   <trkpt lat="48.3684490" lon="16.2343470">
    <ele>195.8</ele>
    <time>2024-06-08T11:36:26Z</time>
    <extensions>
     <gpxtpx:TrackPointExtension>
      <gpxtpx:atemp>35</gpxtpx:atemp>
     </gpxtpx:TrackPointExtension>
    </extensions>
   </trkpt>
   <trkpt lat="48.3687190" lon="16.2343210">
    <ele>196.0</ele>
    <time>2024-06-08T11:36:32Z</time>
    <extensions>
     <gpxtpx:TrackPointExtension>
      <gpxtpx:atemp>35</gpxtpx:atemp>
     </gpxtpx:TrackPointExtension>
    </extensions>
   </trkpt>
   <trkpt lat="48.3688350" lon="16.2343290">
    <ele>196.0</ele>
    <time>2024-06-08T11:36:34Z</time>
    <extensions>
     <gpxtpx:TrackPointExtension>
      <gpxtpx:atemp>35</gpxtpx:atemp>
     </gpxtpx:TrackPointExtension>
    </extensions>
   </trkpt>
   <trkpt lat="48.3689960" lon="16.2343450">
    <ele>196.0</ele>
    <time>2024-06-08T11:36:37Z</time>
    <extensions>
     <gpxtpx:TrackPointExtension>
      <gpxtpx:atemp>35</gpxtpx:atemp>
     </gpxtpx:TrackPointExtension>
    </extensions>
   </trkpt>
   <trkpt lat="48.3692070" lon="16.2343680">
    <ele>196.0</ele>
    <time>2024-06-08T11:36:41Z</time>
    <extensions>
     <gpxtpx:TrackPointExtension>
      <gpxtpx:atemp>35</gpxtpx:atemp>
     </gpxtpx:TrackPointExtension>
    </extensions>
   </trkpt>
   <trkpt lat="48.3696220" lon="16.2344200">
    <ele>196.0</ele>
    <time>2024-06-08T11:36:48Z</time>
    <extensions>
     <gpxtpx:TrackPointExtension>
      <gpxtpx:atemp>35</gpxtpx:atemp>
     </gpxtpx:TrackPointExtension>
    </extensions>
   </trkpt>
   <trkpt lat="48.3699480" lon="16.2344590">
    <ele>196.2</ele>
    <time>2024-06-08T11:36:55Z</time>
    <extensions>
     <gpxtpx:TrackPointExtension>
      <gpxtpx:atemp>35</gpxtpx:atemp>
     </gpxtpx:TrackPointExtension>
    </extensions>
   </trkpt>
   <trkpt lat="48.3701720" lon="16.2344710">
    <ele>197.0</ele>
    <time>2024-06-08T11:37:00Z</time>
    <extensions>
     <gpxtpx:TrackPointExtension>
      <gpxtpx:atemp>35</gpxtpx:atemp>
     </gpxtpx:TrackPointExtension>
    </extensions>
   </trkpt>
   <trkpt lat="48.3702650" lon="16.2344840">
    <ele>197.4</ele>
    <time>2024-06-08T11:37:02Z</time>
    <extensions>
     <gpxtpx:TrackPointExtension>
      <gpxtpx:atemp>35</gpxtpx:atemp>
     </gpxtpx:TrackPointExtension>
    </extensions>
   </trkpt>
   <trkpt lat="48.3705500" lon="16.2345350">
    <ele>197.4</ele>
    <time>2024-06-08T11:37:07Z</time>
    <extensions>
     <gpxtpx:TrackPointExtension>
      <gpxtpx:atemp>35</gpxtpx:atemp>
     </gpxtpx:TrackPointExtension>
    </extensions>
   </trkpt>
   <trkpt lat="48.3711140" lon="16.2345960">
    <ele>197.2</ele>
    <time>2024-06-08T11:37:17Z</time>
    <extensions>
     <gpxtpx:TrackPointExtension>
      <gpxtpx:atemp>35</gpxtpx:atemp>
     </gpxtpx:TrackPointExtension>
    </extensions>
   </trkpt>
   <trkpt lat="48.3715540" lon="16.2347050">
    <ele>197.2</ele>
    <time>2024-06-08T11:37:24Z</time>
    <extensions>
     <gpxtpx:TrackPointExtension>
      <gpxtpx:atemp>35</gpxtpx:atemp>
     </gpxtpx:TrackPointExtension>
    </extensions>
   </trkpt>
   <trkpt lat="48.3720130" lon="16.2349420">
    <ele>196.8</ele>
    <time>2024-06-08T11:37:31Z</time>
    <extensions>
     <gpxtpx:TrackPointExtension>
      <gpxtpx:atemp>35</gpxtpx:atemp>
     </gpxtpx:TrackPointExtension>
    </extensions>
   </trkpt>
   <trkpt lat="48.3721840" lon="16.2350700">
    <ele>196.0</ele>
    <time>2024-06-08T11:37:34Z</time>
    <extensions>
     <gpxtpx:TrackPointExtension>
      <gpxtpx:atemp>35</gpxtpx:atemp>
     </gpxtpx:TrackPointExtension>
    </extensions>
   </trkpt>
   <trkpt lat="48.3723980" lon="16.2352560">
    <ele>195.8</ele>
    <time>2024-06-08T11:37:38Z</time>
    <extensions>
     <gpxtpx:TrackPointExtension>
      <gpxtpx:atemp>35</gpxtpx:atemp>
     </gpxtpx:TrackPointExtension>
    </extensions>
   </trkpt>
   <trkpt lat="48.3726360" lon="16.2355210">
    <ele>195.6</ele>
    <time>2024-06-08T11:37:43Z</time>
    <extensions>
     <gpxtpx:TrackPointExtension>
      <gpxtpx:atemp>35</gpxtpx:atemp>
     </gpxtpx:TrackPointExtension>
    </extensions>
   </trkpt>
   <trkpt lat="48.3727720" lon="16.2357150">
    <ele>195.6</ele>
    <time>2024-06-08T11:37:46Z</time>
    <extensions>
     <gpxtpx:TrackPointExtension>
      <gpxtpx:atemp>35</gpxtpx:atemp>
     </gpxtpx:TrackPointExtension>
    </extensions>
   </trkpt>
   <trkpt lat="48.3731030" lon="16.2362350">
    <ele>195.4</ele>
    <time>2024-06-08T11:37:54Z</time>
    <extensions>
     <gpxtpx:TrackPointExtension>
      <gpxtpx:atemp>35</gpxtpx:atemp>
     </gpxtpx:TrackPointExtension>
    </extensions>
   </trkpt>
   <trkpt lat="48.3731900" lon="16.2363890">
    <ele>195.4</ele>
    <time>2024-06-08T11:37:58Z</time>
    <extensions>
     <gpxtpx:TrackPointExtension>
      <gpxtpx:atemp>35</gpxtpx:atemp>
     </gpxtpx:TrackPointExtension>
    </extensions>
   </trkpt>
   <trkpt lat="48.3732260" lon="16.2364480">
    <ele>195.4</ele>
    <time>2024-06-08T11:38:00Z</time>
    <extensions>
     <gpxtpx:TrackPointExtension>
      <gpxtpx:atemp>35</gpxtpx:atemp>
     </gpxtpx:TrackPointExtension>
    </extensions>
   </trkpt>
   <trkpt lat="48.3732470" lon="16.2364230">
    <ele>195.6</ele>
    <time>2024-06-08T11:38:02Z</time>
    <extensions>
     <gpxtpx:TrackPointExtension>
      <gpxtpx:atemp>35</gpxtpx:atemp>
     </gpxtpx:TrackPointExtension>
    </extensions>
   </trkpt>
   <trkpt lat="48.3732280" lon="16.2363520">
    <ele>196.0</ele>
    <time>2024-06-08T11:38:05Z</time>
    <extensions>
     <gpxtpx:TrackPointExtension>
      <gpxtpx:atemp>35</gpxtpx:atemp>
     </gpxtpx:TrackPointExtension>
    </extensions>
   </trkpt>
   <trkpt lat="48.3732030" lon="16.2363250">
    <ele>196.4</ele>
    <time>2024-06-08T11:38:07Z</time>
    <extensions>
     <gpxtpx:TrackPointExtension>
      <gpxtpx:atemp>35</gpxtpx:atemp>
     </gpxtpx:TrackPointExtension>
    </extensions>
   </trkpt>
   <trkpt lat="48.3732200" lon="16.2362850">
    <ele>196.6</ele>
    <time>2024-06-08T11:38:11Z</time>
    <extensions>
     <gpxtpx:TrackPointExtension>
      <gpxtpx:atemp>35</gpxtpx:atemp>
     </gpxtpx:TrackPointExtension>
    </extensions>
   </trkpt>
   <trkpt lat="48.3733490" lon="16.2361600">
    <ele>196.6</ele>
    <time>2024-06-08T11:38:17Z</time>
    <extensions>
     <gpxtpx:TrackPointExtension>
      <gpxtpx:atemp>35</gpxtpx:atemp>
     </gpxtpx:TrackPointExtension>
    </extensions>
   </trkpt>
   <trkpt lat="48.3734920" lon="16.2360360">
    <ele>196.6</ele>
    <time>2024-06-08T11:38:21Z</time>
    <extensions>
     <gpxtpx:TrackPointExtension>
      <gpxtpx:atemp>35</gpxtpx:atemp>
     </gpxtpx:TrackPointExtension>
    </extensions>
   </trkpt>
   <trkpt lat="48.3735330" lon="16.2360070">
    <ele>196.6</ele>
    <time>2024-06-08T11:38:22Z</time>
    <extensions>
     <gpxtpx:TrackPointExtension>
      <gpxtpx:atemp>35</gpxtpx:atemp>
     </gpxtpx:TrackPointExtension>
    </extensions>
   </trkpt>
   <trkpt lat="48.3736260" lon="16.2359530">
    <ele>196.4</ele>
    <time>2024-06-08T11:38:24Z</time>
    <extensions>
     <gpxtpx:TrackPointExtension>
      <gpxtpx:atemp>35</gpxtpx:atemp>
     </gpxtpx:TrackPointExtension>
    </extensions>
   </trkpt>
   <trkpt lat="48.3738030" lon="16.2358800">
    <ele>196.4</ele>
    <time>2024-06-08T11:38:28Z</time>
    <extensions>
     <gpxtpx:TrackPointExtension>
      <gpxtpx:atemp>35</gpxtpx:atemp>
     </gpxtpx:TrackPointExtension>
    </extensions>
   </trkpt>
   <trkpt lat="48.3741440" lon="16.2357320">
    <ele>196.2</ele>
    <time>2024-06-08T11:38:35Z</time>
    <extensions>
     <gpxtpx:TrackPointExtension>
      <gpxtpx:atemp>35</gpxtpx:atemp>
     </gpxtpx:TrackPointExtension>
    </extensions>
   </trkpt>
   <trkpt lat="48.3746740" lon="16.2355630">
    <ele>196.2</ele>
    <time>2024-06-08T11:38:45Z</time>
    <extensions>
     <gpxtpx:TrackPointExtension>
      <gpxtpx:atemp>35</gpxtpx:atemp>
     </gpxtpx:TrackPointExtension>
    </extensions>
   </trkpt>
   <trkpt lat="48.3751710" lon="16.2354410">
    <ele>195.8</ele>
    <time>2024-06-08T11:38:54Z</time>
    <extensions>
     <gpxtpx:TrackPointExtension>
      <gpxtpx:atemp>35</gpxtpx:atemp>
     </gpxtpx:TrackPointExtension>
    </extensions>
   </trkpt>
   <trkpt lat="48.3756320" lon="16.2353250">
    <ele>196.0</ele>
    <time>2024-06-08T11:39:03Z</time>
    <extensions>
     <gpxtpx:TrackPointExtension>
      <gpxtpx:atemp>35</gpxtpx:atemp>
     </gpxtpx:TrackPointExtension>
    </extensions>
   </trkpt>
   <trkpt lat="48.3757320" lon="16.2353020">
    <ele>196.0</ele>
    <time>2024-06-08T11:39:05Z</time>
    <extensions>
     <gpxtpx:TrackPointExtension>
      <gpxtpx:atemp>35</gpxtpx:atemp>
     </gpxtpx:TrackPointExtension>
    </extensions>
   </trkpt>
   <trkpt lat="48.3758100" lon="16.2352960">
    <ele>196.0</ele>
    <time>2024-06-08T11:39:07Z</time>
    <extensions>
     <gpxtpx:TrackPointExtension>
      <gpxtpx:atemp>35</gpxtpx:atemp>
     </gpxtpx:TrackPointExtension>
    </extensions>
   </trkpt>
   <trkpt lat="48.3758930" lon="16.2353170">
    <ele>196.2</ele>
    <time>2024-06-08T11:39:09Z</time>
    <extensions>
     <gpxtpx:TrackPointExtension>
      <gpxtpx:atemp>35</gpxtpx:atemp>
     </gpxtpx:TrackPointExtension>
    </extensions>
   </trkpt>
   <trkpt lat="48.3759650" lon="16.2353270">
    <ele>196.2</ele>
    <time>2024-06-08T11:39:11Z</time>
    <extensions>
     <gpxtpx:TrackPointExtension>
      <gpxtpx:atemp>35</gpxtpx:atemp>
     </gpxtpx:TrackPointExtension>
    </extensions>
   </trkpt>
   <trkpt lat="48.3759840" lon="16.2353080">
    <ele>196.2</ele>
    <time>2024-06-08T11:39:12Z</time>
    <extensions>
     <gpxtpx:TrackPointExtension>
      <gpxtpx:atemp>35</gpxtpx:atemp>
     </gpxtpx:TrackPointExtension>
    </extensions>
   </trkpt>
   <trkpt lat="48.3760170" lon="16.2352600">
    <ele>196.2</ele>
    <time>2024-06-08T11:39:13Z</time>
    <extensions>
     <gpxtpx:TrackPointExtension>
      <gpxtpx:atemp>35</gpxtpx:atemp>
     </gpxtpx:TrackPointExtension>
    </extensions>
   </trkpt>
   <trkpt lat="48.3760830" lon="16.2351390">
    <ele>196.2</ele>
    <time>2024-06-08T11:39:15Z</time>
    <extensions>
     <gpxtpx:TrackPointExtension>
      <gpxtpx:atemp>35</gpxtpx:atemp>
     </gpxtpx:TrackPointExtension>
    </extensions>
   </trkpt>
   <trkpt lat="48.3761280" lon="16.2350890">
    <ele>196.2</ele>
    <time>2024-06-08T11:39:16Z</time>
    <extensions>
     <gpxtpx:TrackPointExtension>
      <gpxtpx:atemp>35</gpxtpx:atemp>
     </gpxtpx:TrackPointExtension>
    </extensions>
   </trkpt>
   <trkpt lat="48.3761700" lon="16.2350760">
    <ele>196.2</ele>
    <time>2024-06-08T11:39:17Z</time>
    <extensions>
     <gpxtpx:TrackPointExtension>
      <gpxtpx:atemp>35</gpxtpx:atemp>
     </gpxtpx:TrackPointExtension>
    </extensions>
   </trkpt>
   <trkpt lat="48.3762440" lon="16.2351020">
    <ele>196.0</ele>
    <time>2024-06-08T11:39:19Z</time>
    <extensions>
     <gpxtpx:TrackPointExtension>
      <gpxtpx:atemp>35</gpxtpx:atemp>
     </gpxtpx:TrackPointExtension>
    </extensions>
   </trkpt>
   <trkpt lat="48.3762910" lon="16.2352290">
    <ele>195.6</ele>
    <time>2024-06-08T11:39:22Z</time>
    <extensions>
     <gpxtpx:TrackPointExtension>
      <gpxtpx:atemp>35</gpxtpx:atemp>
     </gpxtpx:TrackPointExtension>
    </extensions>
   </trkpt>
   <trkpt lat="48.3763100" lon="16.2352850">
    <ele>195.4</ele>
    <time>2024-06-08T11:39:23Z</time>
    <extensions>
     <gpxtpx:TrackPointExtension>
      <gpxtpx:atemp>35</gpxtpx:atemp>
     </gpxtpx:TrackPointExtension>
    </extensions>
   </trkpt>
   <trkpt lat="48.3763630" lon="16.2354030">
    <ele>194.8</ele>
    <time>2024-06-08T11:39:25Z</time>
    <extensions>
     <gpxtpx:TrackPointExtension>
      <gpxtpx:atemp>35</gpxtpx:atemp>
     </gpxtpx:TrackPointExtension>
    </extensions>
   </trkpt>
   <trkpt lat="48.3763990" lon="16.2354540">
    <ele>194.6</ele>
    <time>2024-06-08T11:39:26Z</time>
    <extensions>
     <gpxtpx:TrackPointExtension>
      <gpxtpx:atemp>35</gpxtpx:atemp>
     </gpxtpx:TrackPointExtension>
    </extensions>
   </trkpt>
   <trkpt lat="48.3768760" lon="16.2357440">
    <ele>194.4</ele>
    <time>2024-06-08T11:39:37Z</time>
    <extensions>
     <gpxtpx:TrackPointExtension>
      <gpxtpx:atemp>35</gpxtpx:atemp>
     </gpxtpx:TrackPointExtension>
    </extensions>
   </trkpt>
   <trkpt lat="48.3770250" lon="16.2355650">
    <ele>195.0</ele>
    <time>2024-06-08T11:39:42Z</time>
    <extensions>
     <gpxtpx:TrackPointExtension>
      <gpxtpx:atemp>35</gpxtpx:atemp>
     </gpxtpx:TrackPointExtension>
    </extensions>
   </trkpt>
   <trkpt lat="48.3770850" lon="16.2355030">
    <ele>195.2</ele>
    <time>2024-06-08T11:39:46Z</time>
    <extensions>
     <gpxtpx:TrackPointExtension>
      <gpxtpx:atemp>35</gpxtpx:atemp>
     </gpxtpx:TrackPointExtension>
    </extensions>
   </trkpt>
   <trkpt lat="48.3770850" lon="16.2355030">
    <ele>195.4</ele>
    <time>2024-06-08T11:39:48Z</time>
    <extensions>
     <gpxtpx:TrackPointExtension>
      <gpxtpx:atemp>35</gpxtpx:atemp>
     </gpxtpx:TrackPointExtension>
    </extensions>
   </trkpt>
   <trkpt lat="48.3770440" lon="16.2355440">
    <ele>198.8</ele>
    <time>2024-06-08T11:40:40Z</time>
    <extensions>
     <gpxtpx:TrackPointExtension>
      <gpxtpx:atemp>35</gpxtpx:atemp>
     </gpxtpx:TrackPointExtension>
    </extensions>
   </trkpt>
   <trkpt lat="48.3770150" lon="16.2355700">
    <ele>198.8</ele>
    <time>2024-06-08T11:40:42Z</time>
    <extensions>
     <gpxtpx:TrackPointExtension>
      <gpxtpx:atemp>35</gpxtpx:atemp>
     </gpxtpx:TrackPointExtension>
    </extensions>
   </trkpt>
   <trkpt lat="48.3769240" lon="16.2356440">
    <ele>198.4</ele>
    <time>2024-06-08T11:40:49Z</time>
    <extensions>
     <gpxtpx:TrackPointExtension>
      <gpxtpx:atemp>35</gpxtpx:atemp>
     </gpxtpx:TrackPointExtension>
    </extensions>
   </trkpt>
   <trkpt lat="48.3769240" lon="16.2356440">
    <ele>198.4</ele>
    <time>2024-06-08T11:40:50Z</time>
    <extensions>
     <gpxtpx:TrackPointExtension>
      <gpxtpx:atemp>35</gpxtpx:atemp>
     </gpxtpx:TrackPointExtension>
    </extensions>
   </trkpt>
   <trkpt lat="48.3768900" lon="16.2356590">
    <ele>196.6</ele>
    <time>2024-06-08T11:41:47Z</time>
    <extensions>
     <gpxtpx:TrackPointExtension>
      <gpxtpx:atemp>36</gpxtpx:atemp>
     </gpxtpx:TrackPointExtension>
    </extensions>
   </trkpt>
   <trkpt lat="48.3768470" lon="16.2356870">
    <ele>196.6</ele>
    <time>2024-06-08T11:41:50Z</time>
    <extensions>
     <gpxtpx:TrackPointExtension>
      <gpxtpx:atemp>37</gpxtpx:atemp>
     </gpxtpx:TrackPointExtension>
    </extensions>
   </trkpt>
   <trkpt lat="48.3767260" lon="16.2357180">
    <ele>196.2</ele>
    <time>2024-06-08T11:41:55Z</time>
    <extensions>
     <gpxtpx:TrackPointExtension>
      <gpxtpx:atemp>37</gpxtpx:atemp>
     </gpxtpx:TrackPointExtension>
    </extensions>
   </trkpt>
   <trkpt lat="48.3767260" lon="16.2357180">
    <ele>195.4</ele>
    <time>2024-06-08T11:42:02Z</time>
    <extensions>
     <gpxtpx:TrackPointExtension>
      <gpxtpx:atemp>37</gpxtpx:atemp>
     </gpxtpx:TrackPointExtension>
    </extensions>
   </trkpt>
   <trkpt lat="48.3763210" lon="16.2353450">
    <ele>195.0</ele>
    <time>2024-06-08T11:42:07Z</time>
    <extensions>
     <gpxtpx:TrackPointExtension>
      <gpxtpx:atemp>37</gpxtpx:atemp>
     </gpxtpx:TrackPointExtension>
    </extensions>
   </trkpt>
   <trkpt lat="48.3763030" lon="16.2352560">
    <ele>194.8</ele>
    <time>2024-06-08T11:42:08Z</time>
    <extensions>
     <gpxtpx:TrackPointExtension>
      <gpxtpx:atemp>37</gpxtpx:atemp>
     </gpxtpx:TrackPointExtension>
    </extensions>
   </trkpt>
   <trkpt lat="48.3762740" lon="16.2351800">
    <ele>194.8</ele>
    <time>2024-06-08T11:42:09Z</time>
    <extensions>
     <gpxtpx:TrackPointExtension>
      <gpxtpx:atemp>37</gpxtpx:atemp>
     </gpxtpx:TrackPointExtension>
    </extensions>
   </trkpt>
   <trkpt lat="48.3762090" lon="16.2350910">
    <ele>194.8</ele>
    <time>2024-06-08T11:42:11Z</time>
    <extensions>
     <gpxtpx:TrackPointExtension>
      <gpxtpx:atemp>37</gpxtpx:atemp>
     </gpxtpx:TrackPointExtension>
    </extensions>
   </trkpt>
   <trkpt lat="48.3761560" lon="16.2350850">
    <ele>194.8</ele>
    <time>2024-06-08T11:42:12Z</time>
    <extensions>
     <gpxtpx:TrackPointExtension>
      <gpxtpx:atemp>37</gpxtpx:atemp>
     </gpxtpx:TrackPointExtension>
    </extensions>
   </trkpt>
   <trkpt lat="48.3761190" lon="16.2351040">
    <ele>194.8</ele>
    <time>2024-06-08T11:42:13Z</time>
    <extensions>
     <gpxtpx:TrackPointExtension>
      <gpxtpx:atemp>37</gpxtpx:atemp>
     </gpxtpx:TrackPointExtension>
    </extensions>
   </trkpt>
   <trkpt lat="48.3760460" lon="16.2351840">
    <ele>194.8</ele>
    <time>2024-06-08T11:42:15Z</time>
    <extensions>
     <gpxtpx:TrackPointExtension>
      <gpxtpx:atemp>37</gpxtpx:atemp>
     </gpxtpx:TrackPointExtension>
    </extensions>
   </trkpt>
   <trkpt lat="48.3759710" lon="16.2352960">
    <ele>194.8</ele>
    <time>2024-06-08T11:42:17Z</time>
    <extensions>
     <gpxtpx:TrackPointExtension>
      <gpxtpx:atemp>37</gpxtpx:atemp>
     </gpxtpx:TrackPointExtension>
    </extensions>
   </trkpt>
   <trkpt lat="48.3758930" lon="16.2353220">
    <ele>194.8</ele>
    <time>2024-06-08T11:42:19Z</time>
    <extensions>
     <gpxtpx:TrackPointExtension>
      <gpxtpx:atemp>37</gpxtpx:atemp>
     </gpxtpx:TrackPointExtension>
    </extensions>
   </trkpt>
   <trkpt lat="48.3757990" lon="16.2352900">
    <ele>194.8</ele>
    <time>2024-06-08T11:42:21Z</time>
    <extensions>
     <gpxtpx:TrackPointExtension>
      <gpxtpx:atemp>37</gpxtpx:atemp>
     </gpxtpx:TrackPointExtension>
    </extensions>
   </trkpt>
   <trkpt lat="48.3757170" lon="16.2352860">
    <ele>194.8</ele>
    <time>2024-06-08T11:42:23Z</time>
    <extensions>
     <gpxtpx:TrackPointExtension>
      <gpxtpx:atemp>37</gpxtpx:atemp>
     </gpxtpx:TrackPointExtension>
    </extensions>
   </trkpt>
   <trkpt lat="48.3755360" lon="16.2353340">
    <ele>195.0</ele>
    <time>2024-06-08T11:42:27Z</time>
    <extensions>
     <gpxtpx:TrackPointExtension>
      <gpxtpx:atemp>37</gpxtpx:atemp>
     </gpxtpx:TrackPointExtension>
    </extensions>
   </trkpt>
   <trkpt lat="48.3753870" lon="16.2353850">
    <ele>196.0</ele>
    <time>2024-06-08T11:42:30Z</time>
    <extensions>
     <gpxtpx:TrackPointExtension>
      <gpxtpx:atemp>37</gpxtpx:atemp>
     </gpxtpx:TrackPointExtension>
    </extensions>
   </trkpt>
   <trkpt lat="48.3751370" lon="16.2354440">
    <ele>196.6</ele>
    <time>2024-06-08T11:42:35Z</time>
    <extensions>
     <gpxtpx:TrackPointExtension>
      <gpxtpx:atemp>37</gpxtpx:atemp>
     </gpxtpx:TrackPointExtension>
    </extensions>
   </trkpt>
   <trkpt lat="48.3749740" lon="16.2354800">
    <ele>196.6</ele>
    <time>2024-06-08T11:42:38Z</time>
    <extensions>
     <gpxtpx:TrackPointExtension>
      <gpxtpx:atemp>37</gpxtpx:atemp>
     </gpxtpx:TrackPointExtension>
    </extensions>
   </trkpt>
   <trkpt lat="48.3744510" lon="16.2356180">
    <ele>196.6</ele>
    <time>2024-06-08T11:42:47Z</time>
    <extensions>
     <gpxtpx:TrackPointExtension>
      <gpxtpx:atemp>37</gpxtpx:atemp>
     </gpxtpx:TrackPointExtension>
    </extensions>
   </trkpt>
   <trkpt lat="48.3739530" lon="16.2358110">
    <ele>196.6</ele>
    <time>2024-06-08T11:42:56Z</time>
    <extensions>
     <gpxtpx:TrackPointExtension>
      <gpxtpx:atemp>36</gpxtpx:atemp>
     </gpxtpx:TrackPointExtension>
    </extensions>
   </trkpt>
   <trkpt lat="48.3737770" lon="16.2358800">
    <ele>196.6</ele>
    <time>2024-06-08T11:42:59Z</time>
    <extensions>
     <gpxtpx:TrackPointExtension>
      <gpxtpx:atemp>36</gpxtpx:atemp>
     </gpxtpx:TrackPointExtension>
    </extensions>
   </trkpt>
   <trkpt lat="48.3734600" lon="16.2360430">
    <ele>197.0</ele>
    <time>2024-06-08T11:43:05Z</time>
    <extensions>
     <gpxtpx:TrackPointExtension>
      <gpxtpx:atemp>36</gpxtpx:atemp>
     </gpxtpx:TrackPointExtension>
    </extensions>
   </trkpt>
   <trkpt lat="48.3734190" lon="16.2360770">
    <ele>197.2</ele>
    <time>2024-06-08T11:43:06Z</time>
    <extensions>
     <gpxtpx:TrackPointExtension>
      <gpxtpx:atemp>36</gpxtpx:atemp>
     </gpxtpx:TrackPointExtension>
    </extensions>
   </trkpt>
   <trkpt lat="48.3732190" lon="16.2362530">
    <ele>197.2</ele>
    <time>2024-06-08T11:43:10Z</time>
    <extensions>
     <gpxtpx:TrackPointExtension>
      <gpxtpx:atemp>36</gpxtpx:atemp>
     </gpxtpx:TrackPointExtension>
    </extensions>
   </trkpt>
   <trkpt lat="48.3731370" lon="16.2362850">
    <ele>197.2</ele>
    <time>2024-06-08T11:43:12Z</time>
    <extensions>
     <gpxtpx:TrackPointExtension>
      <gpxtpx:atemp>36</gpxtpx:atemp>
     </gpxtpx:TrackPointExtension>
    </extensions>
   </trkpt>
   <trkpt lat="48.3730580" lon="16.2362350">
    <ele>197.4</ele>
    <time>2024-06-08T11:43:14Z</time>
    <extensions>
     <gpxtpx:TrackPointExtension>
      <gpxtpx:atemp>36</gpxtpx:atemp>
     </gpxtpx:TrackPointExtension>
    </extensions>
   </trkpt>
   <trkpt lat="48.3730020" lon="16.2361350">
    <ele>197.4</ele>
    <time>2024-06-08T11:43:16Z</time>
    <extensions>
     <gpxtpx:TrackPointExtension>
      <gpxtpx:atemp>36</gpxtpx:atemp>
     </gpxtpx:TrackPointExtension>
    </extensions>
   </trkpt>
   <trkpt lat="48.3729490" lon="16.2360370">
    <ele>197.6</ele>
    <time>2024-06-08T11:43:18Z</time>
    <extensions>
     <gpxtpx:TrackPointExtension>
      <gpxtpx:atemp>36</gpxtpx:atemp>
     </gpxtpx:TrackPointExtension>
    </extensions>
   </trkpt>
   <trkpt lat="48.3728880" lon="16.2359260">
    <ele>197.6</ele>
    <time>2024-06-08T11:43:20Z</time>
    <extensions>
     <gpxtpx:TrackPointExtension>
      <gpxtpx:atemp>36</gpxtpx:atemp>
     </gpxtpx:TrackPointExtension>
    </extensions>
   </trkpt>
   <trkpt lat="48.3727080" lon="16.2356300">
    <ele>197.6</ele>
    <time>2024-06-08T11:43:25Z</time>
    <extensions>
     <gpxtpx:TrackPointExtension>
      <gpxtpx:atemp>36</gpxtpx:atemp>
     </gpxtpx:TrackPointExtension>
    </extensions>
   </trkpt>
   <trkpt lat="48.3725890" lon="16.2354580">
    <ele>197.6</ele>
    <time>2024-06-08T11:43:28Z</time>
    <extensions>
     <gpxtpx:TrackPointExtension>
      <gpxtpx:atemp>36</gpxtpx:atemp>
     </gpxtpx:TrackPointExtension>
    </extensions>
   </trkpt>
   <trkpt lat="48.3723190" lon="16.2351520">
    <ele>197.6</ele>
    <time>2024-06-08T11:43:34Z</time>
    <extensions>
     <gpxtpx:TrackPointExtension>
      <gpxtpx:atemp>36</gpxtpx:atemp>
     </gpxtpx:TrackPointExtension>
    </extensions>
   </trkpt>
   <trkpt lat="48.3722670" lon="16.2351060">
    <ele>197.4</ele>
    <time>2024-06-08T11:43:35Z</time>
    <extensions>
     <gpxtpx:TrackPointExtension>
      <gpxtpx:atemp>36</gpxtpx:atemp>
     </gpxtpx:TrackPointExtension>
    </extensions>
   </trkpt>
   <trkpt lat="48.3720560" lon="16.2349350">
    <ele>197.4</ele>
    <time>2024-06-08T11:43:39Z</time>
    <extensions>
     <gpxtpx:TrackPointExtension>
      <gpxtpx:atemp>36</gpxtpx:atemp>
     </gpxtpx:TrackPointExtension>
    </extensions>
   </trkpt>
   <trkpt lat="48.3719450" lon="16.2348680">
    <ele>197.4</ele>
    <time>2024-06-08T11:43:41Z</time>
    <extensions>
     <gpxtpx:TrackPointExtension>
      <gpxtpx:atemp>36</gpxtpx:atemp>
     </gpxtpx:TrackPointExtension>
    </extensions>
   </trkpt>
   <trkpt lat="48.3714610" lon="16.2346260">
    <ele>197.4</ele>
    <time>2024-06-08T11:43:49Z</time>
    <extensions>
     <gpxtpx:TrackPointExtension>
      <gpxtpx:atemp>36</gpxtpx:atemp>
     </gpxtpx:TrackPointExtension>
    </extensions>
   </trkpt>
   <trkpt lat="48.3708950" lon="16.2345150">
    <ele>197.6</ele>
    <time>2024-06-08T11:43:58Z</time>
    <extensions>
     <gpxtpx:TrackPointExtension>
      <gpxtpx:atemp>35</gpxtpx:atemp>
     </gpxtpx:TrackPointExtension>
    </extensions>
   </trkpt>
   <trkpt lat="48.3707320" lon="16.2344970">
    <ele>197.8</ele>
    <time>2024-06-08T11:44:01Z</time>
    <extensions>
     <gpxtpx:TrackPointExtension>
      <gpxtpx:atemp>35</gpxtpx:atemp>
     </gpxtpx:TrackPointExtension>
    </extensions>
   </trkpt>
   <trkpt lat="48.3705110" lon="16.2344690">
    <ele>198.4</ele>
    <time>2024-06-08T11:44:05Z</time>
    <extensions>
     <gpxtpx:TrackPointExtension>
      <gpxtpx:atemp>35</gpxtpx:atemp>
     </gpxtpx:TrackPointExtension>
    </extensions>
   </trkpt>
   <trkpt lat="48.3702190" lon="16.2344340">
    <ele>198.8</ele>
    <time>2024-06-08T11:44:10Z</time>
    <extensions>
     <gpxtpx:TrackPointExtension>
      <gpxtpx:atemp>35</gpxtpx:atemp>
     </gpxtpx:TrackPointExtension>
    </extensions>
   </trkpt>
   <trkpt lat="48.3699470" lon="16.2343960">
    <ele>199.0</ele>
    <time>2024-06-08T11:44:15Z</time>
    <extensions>
     <gpxtpx:TrackPointExtension>
      <gpxtpx:atemp>35</gpxtpx:atemp>
     </gpxtpx:TrackPointExtension>
    </extensions>
   </trkpt>
   <trkpt lat="48.3694490" lon="16.2343340">
    <ele>199.0</ele>
    <time>2024-06-08T11:44:23Z</time>
    <extensions>
     <gpxtpx:TrackPointExtension>
      <gpxtpx:atemp>35</gpxtpx:atemp>
     </gpxtpx:TrackPointExtension>
    </extensions>
   </trkpt>
   <trkpt lat="48.3689380" lon="16.2342870">
    <ele>197.8</ele>
    <time>2024-06-08T11:44:31Z</time>
    <extensions>
     <gpxtpx:TrackPointExtension>
      <gpxtpx:atemp>35</gpxtpx:atemp>
     </gpxtpx:TrackPointExtension>
    </extensions>
   </trkpt>
   <trkpt lat="48.3688300" lon="16.2342780">
    <ele>197.8</ele>
    <time>2024-06-08T11:44:33Z</time>
    <extensions>
     <gpxtpx:TrackPointExtension>
      <gpxtpx:atemp>35</gpxtpx:atemp>
     </gpxtpx:TrackPointExtension>
    </extensions>
   </trkpt>
   <trkpt lat="48.3684100" lon="16.2342910">
    <ele>197.4</ele>
    <time>2024-06-08T11:44:40Z</time>
    <extensions>
     <gpxtpx:TrackPointExtension>
      <gpxtpx:atemp>35</gpxtpx:atemp>
     </gpxtpx:TrackPointExtension>
    </extensions>
   </trkpt>
   <trkpt lat="48.3679830" lon="16.2344110">
    <ele>197.6</ele>
    <time>2024-06-08T11:44:48Z</time>
    <extensions>
     <gpxtpx:TrackPointExtension>
      <gpxtpx:atemp>35</gpxtpx:atemp>
     </gpxtpx:TrackPointExtension>
    </extensions>
   </trkpt>
   <trkpt lat="48.3674390" lon="16.2346290">
    <ele>197.6</ele>
    <time>2024-06-08T11:44:58Z</time>
    <extensions>
     <gpxtpx:TrackPointExtension>
      <gpxtpx:atemp>35</gpxtpx:atemp>
     </gpxtpx:TrackPointExtension>
    </extensions>
   </trkpt>
   <trkpt lat="48.3669580" lon="16.2348280">
    <ele>197.8</ele>
    <time>2024-06-08T11:45:07Z</time>
    <extensions>
     <gpxtpx:TrackPointExtension>
      <gpxtpx:atemp>35</gpxtpx:atemp>
     </gpxtpx:TrackPointExtension>
    </extensions>
   </trkpt>
   <trkpt lat="48.3666930" lon="16.2349380">
    <ele>197.8</ele>
    <time>2024-06-08T11:45:12Z</time>
    <extensions>
     <gpxtpx:TrackPointExtension>
      <gpxtpx:atemp>35</gpxtpx:atemp>
     </gpxtpx:TrackPointExtension>
    </extensions>
   </trkpt>
   <trkpt lat="48.3665330" lon="16.2350050">
    <ele>197.6</ele>
    <time>2024-06-08T11:45:15Z</time>
    <extensions>
     <gpxtpx:TrackPointExtension>
      <gpxtpx:atemp>35</gpxtpx:atemp>
     </gpxtpx:TrackPointExtension>
    </extensions>
   </trkpt>
   <trkpt lat="48.3660090" lon="16.2352310">
    <ele>197.6</ele>
    <time>2024-06-08T11:45:25Z</time>
    <extensions>
     <gpxtpx:TrackPointExtension>
      <gpxtpx:atemp>35</gpxtpx:atemp>
     </gpxtpx:TrackPointExtension>
    </extensions>
   </trkpt>
   <trkpt lat="48.3655310" lon="16.2354380">
    <ele>198.2</ele>
    <time>2024-06-08T11:45:34Z</time>
    <extensions>
     <gpxtpx:TrackPointExtension>
      <gpxtpx:atemp>35</gpxtpx:atemp>
     </gpxtpx:TrackPointExtension>
    </extensions>
   </trkpt>
   <trkpt lat="48.3651520" lon="16.2355910">
    <ele>198.4</ele>
    <time>2024-06-08T11:45:41Z</time>
    <extensions>
     <gpxtpx:TrackPointExtension>
      <gpxtpx:atemp>35</gpxtpx:atemp>
     </gpxtpx:TrackPointExtension>
    </extensions>
   </trkpt>
   <trkpt lat="48.3651090" lon="16.2356110">
    <ele>198.4</ele>
    <time>2024-06-08T11:45:42Z</time>
    <extensions>
     <gpxtpx:TrackPointExtension>
      <gpxtpx:atemp>35</gpxtpx:atemp>
     </gpxtpx:TrackPointExtension>
    </extensions>
   </trkpt>
   <trkpt lat="48.3645530" lon="16.2358520">
    <ele>198.0</ele>
    <time>2024-06-08T11:45:52Z</time>
    <extensions>
     <gpxtpx:TrackPointExtension>
      <gpxtpx:atemp>35</gpxtpx:atemp>
     </gpxtpx:TrackPointExtension>
    </extensions>
   </trkpt>
   <trkpt lat="48.3644560" lon="16.2358900">
    <ele>198.0</ele>
    <time>2024-06-08T11:45:54Z</time>
    <extensions>
     <gpxtpx:TrackPointExtension>
      <gpxtpx:atemp>35</gpxtpx:atemp>
     </gpxtpx:TrackPointExtension>
    </extensions>
   </trkpt>
   <trkpt lat="48.3639210" lon="16.2361050">
    <ele>198.0</ele>
    <time>2024-06-08T11:46:04Z</time>
    <extensions>
     <gpxtpx:TrackPointExtension>
      <gpxtpx:atemp>35</gpxtpx:atemp>
     </gpxtpx:TrackPointExtension>
    </extensions>
   </trkpt>
   <trkpt lat="48.3638600" lon="16.2361360">
    <ele>198.0</ele>
    <time>2024-06-08T11:46:05Z</time>
    <extensions>
     <gpxtpx:TrackPointExtension>
      <gpxtpx:atemp>35</gpxtpx:atemp>
     </gpxtpx:TrackPointExtension>
    </extensions>
   </trkpt>
   <trkpt lat="48.3635060" lon="16.2362860">
    <ele>198.0</ele>
    <time>2024-06-08T11:46:12Z</time>
    <extensions>
     <gpxtpx:TrackPointExtension>
      <gpxtpx:atemp>35</gpxtpx:atemp>
     </gpxtpx:TrackPointExtension>
    </extensions>
   </trkpt>
   <trkpt lat="48.3629710" lon="16.2364580">
    <ele>197.2</ele>
    <time>2024-06-08T11:46:22Z</time>
    <extensions>
     <gpxtpx:TrackPointExtension>
      <gpxtpx:atemp>35</gpxtpx:atemp>
     </gpxtpx:TrackPointExtension>
    </extensions>
   </trkpt>
   <trkpt lat="48.3625930" lon="16.2364680">
    <ele>197.2</ele>
    <time>2024-06-08T11:46:28Z</time>
    <extensions>
     <gpxtpx:TrackPointExtension>
      <gpxtpx:atemp>35</gpxtpx:atemp>
     </gpxtpx:TrackPointExtension>
    </extensions>
   </trkpt>
   <trkpt lat="48.3622380" lon="16.2364130">
    <ele>197.4</ele>
    <time>2024-06-08T11:46:34Z</time>
    <extensions>
     <gpxtpx:TrackPointExtension>
      <gpxtpx:atemp>35</gpxtpx:atemp>
     </gpxtpx:TrackPointExtension>
    </extensions>
   </trkpt>
   <trkpt lat="48.3619640" lon="16.2363390">
    <ele>198.8</ele>
    <time>2024-06-08T11:46:39Z</time>
    <extensions>
     <gpxtpx:TrackPointExtension>
      <gpxtpx:atemp>35</gpxtpx:atemp>
     </gpxtpx:TrackPointExtension>
    </extensions>
   </trkpt>
   <trkpt lat="48.3618070" lon="16.2362880">
    <ele>199.8</ele>
    <time>2024-06-08T11:46:42Z</time>
    <extensions>
     <gpxtpx:TrackPointExtension>
      <gpxtpx:atemp>34</gpxtpx:atemp>
     </gpxtpx:TrackPointExtension>
    </extensions>
   </trkpt>
   <trkpt lat="48.3617560" lon="16.2362750">
    <ele>200.2</ele>
    <time>2024-06-08T11:46:43Z</time>
    <extensions>
     <gpxtpx:TrackPointExtension>
      <gpxtpx:atemp>35</gpxtpx:atemp>
     </gpxtpx:TrackPointExtension>
    </extensions>
   </trkpt>
   <trkpt lat="48.3613420" lon="16.2361630">
    <ele>200.8</ele>
    <time>2024-06-08T11:46:51Z</time>
    <extensions>
     <gpxtpx:TrackPointExtension>
      <gpxtpx:atemp>35</gpxtpx:atemp>
     </gpxtpx:TrackPointExtension>
    </extensions>
   </trkpt>
   <trkpt lat="48.3608780" lon="16.2360710">
    <ele>201.0</ele>
    <time>2024-06-08T11:47:00Z</time>
    <extensions>
     <gpxtpx:TrackPointExtension>
      <gpxtpx:atemp>35</gpxtpx:atemp>
     </gpxtpx:TrackPointExtension>
    </extensions>
   </trkpt>
   <trkpt lat="48.3605590" lon="16.2359680">
    <ele>200.8</ele>
    <time>2024-06-08T11:47:06Z</time>
    <extensions>
     <gpxtpx:TrackPointExtension>
      <gpxtpx:atemp>35</gpxtpx:atemp>
     </gpxtpx:TrackPointExtension>
    </extensions>
   </trkpt>
   <trkpt lat="48.3604400" lon="16.2359470">
    <ele>200.8</ele>
    <time>2024-06-08T11:47:08Z</time>
    <extensions>
     <gpxtpx:TrackPointExtension>
      <gpxtpx:atemp>35</gpxtpx:atemp>
     </gpxtpx:TrackPointExtension>
    </extensions>
   </trkpt>
   <trkpt lat="48.3603260" lon="16.2359490">
    <ele>200.8</ele>
    <time>2024-06-08T11:47:10Z</time>
    <extensions>
     <gpxtpx:TrackPointExtension>
      <gpxtpx:atemp>35</gpxtpx:atemp>
     </gpxtpx:TrackPointExtension>
    </extensions>
   </trkpt>
   <trkpt lat="48.3602170" lon="16.2359820">
    <ele>200.8</ele>
    <time>2024-06-08T11:47:12Z</time>
    <extensions>
     <gpxtpx:TrackPointExtension>
      <gpxtpx:atemp>34</gpxtpx:atemp>
     </gpxtpx:TrackPointExtension>
    </extensions>
   </trkpt>
   <trkpt lat="48.3601640" lon="16.2360080">
    <ele>200.8</ele>
    <time>2024-06-08T11:47:13Z</time>
    <extensions>
     <gpxtpx:TrackPointExtension>
      <gpxtpx:atemp>35</gpxtpx:atemp>
     </gpxtpx:TrackPointExtension>
    </extensions>
   </trkpt>
   <trkpt lat="48.3600200" lon="16.2361130">
    <ele>200.6</ele>
    <time>2024-06-08T11:47:16Z</time>
    <extensions>
     <gpxtpx:TrackPointExtension>
      <gpxtpx:atemp>35</gpxtpx:atemp>
     </gpxtpx:TrackPointExtension>
    </extensions>
   </trkpt>
   <trkpt lat="48.3599790" lon="16.2361560">
    <ele>200.6</ele>
    <time>2024-06-08T11:47:17Z</time>
    <extensions>
     <gpxtpx:TrackPointExtension>
      <gpxtpx:atemp>35</gpxtpx:atemp>
     </gpxtpx:TrackPointExtension>
    </extensions>
   </trkpt>
   <trkpt lat="48.3598530" lon="16.2363500">
    <ele>200.4</ele>
    <time>2024-06-08T11:47:21Z</time>
    <extensions>
     <gpxtpx:TrackPointExtension>
      <gpxtpx:atemp>35</gpxtpx:atemp>
     </gpxtpx:TrackPointExtension>
    </extensions>
   </trkpt>
   <trkpt lat="48.3598260" lon="16.2364030">
    <ele>200.4</ele>
    <time>2024-06-08T11:47:22Z</time>
    <extensions>
     <gpxtpx:TrackPointExtension>
      <gpxtpx:atemp>35</gpxtpx:atemp>
     </gpxtpx:TrackPointExtension>
    </extensions>
   </trkpt>
   <trkpt lat="48.3597990" lon="16.2364710">
    <ele>200.4</ele>
    <time>2024-06-08T11:47:23Z</time>
    <extensions>
     <gpxtpx:TrackPointExtension>
      <gpxtpx:atemp>35</gpxtpx:atemp>
     </gpxtpx:TrackPointExtension>
    </extensions>
   </trkpt>
   <trkpt lat="48.3597440" lon="16.2367040">
    <ele>200.4</ele>
    <time>2024-06-08T11:47:27Z</time>
    <extensions>
     <gpxtpx:TrackPointExtension>
      <gpxtpx:atemp>35</gpxtpx:atemp>
     </gpxtpx:TrackPointExtension>
    </extensions>
   </trkpt>
   <trkpt lat="48.3596840" lon="16.2370260">
    <ele>200.4</ele>
    <time>2024-06-08T11:47:32Z</time>
    <extensions>
     <gpxtpx:TrackPointExtension>
      <gpxtpx:atemp>35</gpxtpx:atemp>
     </gpxtpx:TrackPointExtension>
    </extensions>
   </trkpt>
   <trkpt lat="48.3596660" lon="16.2371620">
    <ele>200.8</ele>
    <time>2024-06-08T11:47:34Z</time>
    <extensions>
     <gpxtpx:TrackPointExtension>
      <gpxtpx:atemp>35</gpxtpx:atemp>
     </gpxtpx:TrackPointExtension>
    </extensions>
   </trkpt>
   <trkpt lat="48.3596050" lon="16.2376540">
    <ele>200.8</ele>
    <time>2024-06-08T11:47:40Z</time>
    <extensions>
     <gpxtpx:TrackPointExtension>
      <gpxtpx:atemp>35</gpxtpx:atemp>
     </gpxtpx:TrackPointExtension>
    </extensions>
   </trkpt>
   <trkpt lat="48.3595670" lon="16.2378240">
    <ele>200.8</ele>
    <time>2024-06-08T11:47:42Z</time>
    <extensions>
     <gpxtpx:TrackPointExtension>
      <gpxtpx:atemp>35</gpxtpx:atemp>
     </gpxtpx:TrackPointExtension>
    </extensions>
   </trkpt>
   <trkpt lat="48.3594970" lon="16.2379490">
    <ele>200.6</ele>
    <time>2024-06-08T11:47:44Z</time>
    <extensions>
     <gpxtpx:TrackPointExtension>
      <gpxtpx:atemp>35</gpxtpx:atemp>
     </gpxtpx:TrackPointExtension>
    </extensions>
   </trkpt>
   <trkpt lat="48.3593040" lon="16.2380370">
    <ele>200.8</ele>
    <time>2024-06-08T11:47:48Z</time>
    <extensions>
     <gpxtpx:TrackPointExtension>
      <gpxtpx:atemp>35</gpxtpx:atemp>
     </gpxtpx:TrackPointExtension>
    </extensions>
   </trkpt>
   <trkpt lat="48.3589140" lon="16.2381800">
    <ele>201.0</ele>
    <time>2024-06-08T11:47:56Z</time>
    <extensions>
     <gpxtpx:TrackPointExtension>
      <gpxtpx:atemp>35</gpxtpx:atemp>
     </gpxtpx:TrackPointExtension>
    </extensions>
   </trkpt>
   <trkpt lat="48.3587340" lon="16.2382590">
    <ele>201.2</ele>
    <time>2024-06-08T11:48:00Z</time>
    <extensions>
     <gpxtpx:TrackPointExtension>
      <gpxtpx:atemp>35</gpxtpx:atemp>
     </gpxtpx:TrackPointExtension>
    </extensions>
   </trkpt>
   <trkpt lat="48.3586100" lon="16.2383110">
    <ele>201.2</ele>
    <time>2024-06-08T11:48:03Z</time>
    <extensions>
     <gpxtpx:TrackPointExtension>
      <gpxtpx:atemp>35</gpxtpx:atemp>
     </gpxtpx:TrackPointExtension>
    </extensions>
   </trkpt>
   <trkpt lat="48.3584880" lon="16.2383660">
    <ele>201.2</ele>
    <time>2024-06-08T11:48:06Z</time>
    <extensions>
     <gpxtpx:TrackPointExtension>
      <gpxtpx:atemp>35</gpxtpx:atemp>
     </gpxtpx:TrackPointExtension>
    </extensions>
   </trkpt>
   <trkpt lat="48.3583630" lon="16.2384040">
    <ele>201.2</ele>
    <time>2024-06-08T11:48:09Z</time>
    <extensions>
     <gpxtpx:TrackPointExtension>
      <gpxtpx:atemp>35</gpxtpx:atemp>
     </gpxtpx:TrackPointExtension>
    </extensions>
   </trkpt>
   <trkpt lat="48.3581810" lon="16.2384750">
    <ele>201.4</ele>
    <time>2024-06-08T11:48:13Z</time>
    <extensions>
     <gpxtpx:TrackPointExtension>
      <gpxtpx:atemp>35</gpxtpx:atemp>
     </gpxtpx:TrackPointExtension>
    </extensions>
   </trkpt>
   <trkpt lat="48.3581330" lon="16.2384920">
    <ele>201.4</ele>
    <time>2024-06-08T11:48:14Z</time>
    <extensions>
     <gpxtpx:TrackPointExtension>
      <gpxtpx:atemp>35</gpxtpx:atemp>
     </gpxtpx:TrackPointExtension>
    </extensions>
   </trkpt>
   <trkpt lat="48.3580300" lon="16.2385400">
    <ele>201.6</ele>
    <time>2024-06-08T11:48:16Z</time>
    <extensions>
     <gpxtpx:TrackPointExtension>
      <gpxtpx:atemp>35</gpxtpx:atemp>
     </gpxtpx:TrackPointExtension>
    </extensions>
   </trkpt>
   <trkpt lat="48.3576820" lon="16.2386860">
    <ele>201.6</ele>
    <time>2024-06-08T11:48:23Z</time>
    <extensions>
     <gpxtpx:TrackPointExtension>
      <gpxtpx:atemp>35</gpxtpx:atemp>
     </gpxtpx:TrackPointExtension>
    </extensions>
   </trkpt>
   <trkpt lat="48.3575880" lon="16.2387240">
    <ele>201.6</ele>
    <time>2024-06-08T11:48:25Z</time>
    <extensions>
     <gpxtpx:TrackPointExtension>
      <gpxtpx:atemp>35</gpxtpx:atemp>
     </gpxtpx:TrackPointExtension>
    </extensions>
   </trkpt>
   <trkpt lat="48.3574880" lon="16.2387380">
    <ele>201.6</ele>
    <time>2024-06-08T11:48:27Z</time>
    <extensions>
     <gpxtpx:TrackPointExtension>
      <gpxtpx:atemp>35</gpxtpx:atemp>
     </gpxtpx:TrackPointExtension>
    </extensions>
   </trkpt>
   <trkpt lat="48.3574420" lon="16.2387310">
    <ele>201.6</ele>
    <time>2024-06-08T11:48:28Z</time>
    <extensions>
     <gpxtpx:TrackPointExtension>
      <gpxtpx:atemp>35</gpxtpx:atemp>
     </gpxtpx:TrackPointExtension>
    </extensions>
   </trkpt>
   <trkpt lat="48.3573980" lon="16.2387110">
    <ele>201.6</ele>
    <time>2024-06-08T11:48:29Z</time>
    <extensions>
     <gpxtpx:TrackPointExtension>
      <gpxtpx:atemp>35</gpxtpx:atemp>
     </gpxtpx:TrackPointExtension>
    </extensions>
   </trkpt>
   <trkpt lat="48.3572890" lon="16.2385950">
    <ele>201.6</ele>
    <time>2024-06-08T11:48:32Z</time>
    <extensions>
     <gpxtpx:TrackPointExtension>
      <gpxtpx:atemp>35</gpxtpx:atemp>
     </gpxtpx:TrackPointExtension>
    </extensions>
   </trkpt>
   <trkpt lat="48.3570760" lon="16.2382600">
    <ele>201.8</ele>
    <time>2024-06-08T11:48:39Z</time>
    <extensions>
     <gpxtpx:TrackPointExtension>
      <gpxtpx:atemp>35</gpxtpx:atemp>
     </gpxtpx:TrackPointExtension>
    </extensions>
   </trkpt>
   <trkpt lat="48.3568050" lon="16.2378810">
    <ele>202.6</ele>
    <time>2024-06-08T11:48:47Z</time>
    <extensions>
     <gpxtpx:TrackPointExtension>
      <gpxtpx:atemp>35</gpxtpx:atemp>
     </gpxtpx:TrackPointExtension>
    </extensions>
   </trkpt>
   <trkpt lat="48.3567730" lon="16.2378390">
    <ele>203.0</ele>
    <time>2024-06-08T11:48:48Z</time>
    <extensions>
     <gpxtpx:TrackPointExtension>
      <gpxtpx:atemp>35</gpxtpx:atemp>
     </gpxtpx:TrackPointExtension>
    </extensions>
   </trkpt>
   <trkpt lat="48.3566980" lon="16.2377620">
    <ele>203.8</ele>
    <time>2024-06-08T11:48:50Z</time>
    <extensions>
     <gpxtpx:TrackPointExtension>
      <gpxtpx:atemp>35</gpxtpx:atemp>
     </gpxtpx:TrackPointExtension>
    </extensions>
   </trkpt>
   <trkpt lat="48.3566580" lon="16.2377330">
    <ele>204.2</ele>
    <time>2024-06-08T11:48:51Z</time>
    <extensions>
     <gpxtpx:TrackPointExtension>
      <gpxtpx:atemp>35</gpxtpx:atemp>
     </gpxtpx:TrackPointExtension>
    </extensions>
   </trkpt>
   <trkpt lat="48.3565710" lon="16.2376960">
    <ele>204.4</ele>
    <time>2024-06-08T11:48:53Z</time>
    <extensions>
     <gpxtpx:TrackPointExtension>
      <gpxtpx:atemp>35</gpxtpx:atemp>
     </gpxtpx:TrackPointExtension>
    </extensions>
   </trkpt>
   <trkpt lat="48.3563890" lon="16.2376910">
    <ele>205.0</ele>
    <time>2024-06-08T11:48:57Z</time>
    <extensions>
     <gpxtpx:TrackPointExtension>
      <gpxtpx:atemp>35</gpxtpx:atemp>
     </gpxtpx:TrackPointExtension>
    </extensions>
   </trkpt>
   <trkpt lat="48.3562980" lon="16.2377050">
    <ele>205.4</ele>
    <time>2024-06-08T11:48:59Z</time>
    <extensions>
     <gpxtpx:TrackPointExtension>
      <gpxtpx:atemp>35</gpxtpx:atemp>
     </gpxtpx:TrackPointExtension>
    </extensions>
   </trkpt>
   <trkpt lat="48.3560560" lon="16.2377470">
    <ele>205.6</ele>
    <time>2024-06-08T11:49:05Z</time>
    <extensions>
     <gpxtpx:TrackPointExtension>
      <gpxtpx:atemp>35</gpxtpx:atemp>
     </gpxtpx:TrackPointExtension>
    </extensions>
   </trkpt>
   <trkpt lat="48.3560190" lon="16.2377320">
    <ele>205.6</ele>
    <time>2024-06-08T11:49:06Z</time>
    <extensions>
     <gpxtpx:TrackPointExtension>
      <gpxtpx:atemp>34</gpxtpx:atemp>
     </gpxtpx:TrackPointExtension>
    </extensions>
   </trkpt>
   <trkpt lat="48.3559860" lon="16.2376970">
    <ele>205.6</ele>
    <time>2024-06-08T11:49:07Z</time>
    <extensions>
     <gpxtpx:TrackPointExtension>
      <gpxtpx:atemp>35</gpxtpx:atemp>
     </gpxtpx:TrackPointExtension>
    </extensions>
   </trkpt>
   <trkpt lat="48.3559590" lon="16.2375960">
    <ele>205.8</ele>
    <time>2024-06-08T11:49:09Z</time>
    <extensions>
     <gpxtpx:TrackPointExtension>
      <gpxtpx:atemp>35</gpxtpx:atemp>
     </gpxtpx:TrackPointExtension>
    </extensions>
   </trkpt>
   <trkpt lat="48.3558850" lon="16.2370030">
    <ele>206.2</ele>
    <time>2024-06-08T11:49:19Z</time>
    <extensions>
     <gpxtpx:TrackPointExtension>
      <gpxtpx:atemp>35</gpxtpx:atemp>
     </gpxtpx:TrackPointExtension>
    </extensions>
   </trkpt>
   <trkpt lat="48.3558100" lon="16.2364740">
    <ele>206.4</ele>
    <time>2024-06-08T11:49:28Z</time>
    <extensions>
     <gpxtpx:TrackPointExtension>
      <gpxtpx:atemp>35</gpxtpx:atemp>
     </gpxtpx:TrackPointExtension>
    </extensions>
   </trkpt>
   <trkpt lat="48.3557580" lon="16.2361900">
    <ele>206.4</ele>
    <time>2024-06-08T11:49:33Z</time>
    <extensions>
     <gpxtpx:TrackPointExtension>
      <gpxtpx:atemp>34</gpxtpx:atemp>
     </gpxtpx:TrackPointExtension>
    </extensions>
   </trkpt>
   <trkpt lat="48.3556910" lon="16.2357500">
    <ele>206.4</ele>
    <time>2024-06-08T11:49:41Z</time>
    <extensions>
     <gpxtpx:TrackPointExtension>
      <gpxtpx:atemp>34</gpxtpx:atemp>
     </gpxtpx:TrackPointExtension>
    </extensions>
   </trkpt>
   <trkpt lat="48.3555890" lon="16.2351730">
    <ele>206.4</ele>
    <time>2024-06-08T11:49:50Z</time>
    <extensions>
     <gpxtpx:TrackPointExtension>
      <gpxtpx:atemp>34</gpxtpx:atemp>
     </gpxtpx:TrackPointExtension>
    </extensions>
   </trkpt>
   <trkpt lat="48.3554750" lon="16.2345310">
    <ele>206.2</ele>
    <time>2024-06-08T11:49:59Z</time>
    <extensions>
     <gpxtpx:TrackPointExtension>
      <gpxtpx:atemp>34</gpxtpx:atemp>
     </gpxtpx:TrackPointExtension>
    </extensions>
   </trkpt>
   <trkpt lat="48.3553220" lon="16.2337340">
    <ele>206.0</ele>
    <time>2024-06-08T11:50:10Z</time>
    <extensions>
     <gpxtpx:TrackPointExtension>
      <gpxtpx:atemp>34</gpxtpx:atemp>
     </gpxtpx:TrackPointExtension>
    </extensions>
   </trkpt>
   <trkpt lat="48.3553070" lon="16.2336610">
    <ele>206.0</ele>
    <time>2024-06-08T11:50:11Z</time>
    <extensions>
     <gpxtpx:TrackPointExtension>
      <gpxtpx:atemp>34</gpxtpx:atemp>
     </gpxtpx:TrackPointExtension>
    </extensions>
   </trkpt>
   <trkpt lat="48.3552920" lon="16.2335880">
    <ele>206.0</ele>
    <time>2024-06-08T11:50:12Z</time>
    <extensions>
     <gpxtpx:TrackPointExtension>
      <gpxtpx:atemp>34</gpxtpx:atemp>
     </gpxtpx:TrackPointExtension>
    </extensions>
   </trkpt>
   <trkpt lat="48.3551280" lon="16.2328340">
    <ele>206.0</ele>
    <time>2024-06-08T11:50:22Z</time>
    <extensions>
     <gpxtpx:TrackPointExtension>
      <gpxtpx:atemp>34</gpxtpx:atemp>
     </gpxtpx:TrackPointExtension>
    </extensions>
   </trkpt>
   <trkpt lat="48.3549560" lon="16.2320600">
    <ele>205.8</ele>
    <time>2024-06-08T11:50:32Z</time>
    <extensions>
     <gpxtpx:TrackPointExtension>
      <gpxtpx:atemp>34</gpxtpx:atemp>
     </gpxtpx:TrackPointExtension>
    </extensions>
   </trkpt>
   <trkpt lat="48.3547780" lon="16.2312600">
    <ele>205.8</ele>
    <time>2024-06-08T11:50:42Z</time>
    <extensions>
     <gpxtpx:TrackPointExtension>
      <gpxtpx:atemp>34</gpxtpx:atemp>
     </gpxtpx:TrackPointExtension>
    </extensions>
   </trkpt>
   <trkpt lat="48.3546190" lon="16.2305270">
    <ele>205.6</ele>
    <time>2024-06-08T11:50:51Z</time>
    <extensions>
     <gpxtpx:TrackPointExtension>
      <gpxtpx:atemp>34</gpxtpx:atemp>
     </gpxtpx:TrackPointExtension>
    </extensions>
   </trkpt>
   <trkpt lat="48.3544570" lon="16.2298080">
    <ele>205.8</ele>
    <time>2024-06-08T11:51:00Z</time>
    <extensions>
     <gpxtpx:TrackPointExtension>
      <gpxtpx:atemp>34</gpxtpx:atemp>
     </gpxtpx:TrackPointExtension>
    </extensions>
   </trkpt>
   <trkpt lat="48.3542860" lon="16.2290130">
    <ele>205.8</ele>
    <time>2024-06-08T11:51:10Z</time>
    <extensions>
     <gpxtpx:TrackPointExtension>
      <gpxtpx:atemp>34</gpxtpx:atemp>
     </gpxtpx:TrackPointExtension>
    </extensions>
   </trkpt>
   <trkpt lat="48.3541300" lon="16.2282720">
    <ele>205.8</ele>
    <time>2024-06-08T11:51:19Z</time>
    <extensions>
     <gpxtpx:TrackPointExtension>
      <gpxtpx:atemp>34</gpxtpx:atemp>
     </gpxtpx:TrackPointExtension>
    </extensions>
   </trkpt>
   <trkpt lat="48.3540490" lon="16.2278590">
    <ele>205.8</ele>
    <time>2024-06-08T11:51:24Z</time>
    <extensions>
     <gpxtpx:TrackPointExtension>
      <gpxtpx:atemp>34</gpxtpx:atemp>
     </gpxtpx:TrackPointExtension>
    </extensions>
   </trkpt>
   <trkpt lat="48.3539870" lon="16.2275310">
    <ele>205.8</ele>
    <time>2024-06-08T11:51:28Z</time>
    <extensions>
     <gpxtpx:TrackPointExtension>
      <gpxtpx:atemp>34</gpxtpx:atemp>
     </gpxtpx:TrackPointExtension>
    </extensions>
   </trkpt>
   <trkpt lat="48.3538320" lon="16.2267290">
    <ele>205.8</ele>
    <time>2024-06-08T11:51:38Z</time>
    <extensions>
     <gpxtpx:TrackPointExtension>
      <gpxtpx:atemp>34</gpxtpx:atemp>
     </gpxtpx:TrackPointExtension>
    </extensions>
   </trkpt>
   <trkpt lat="48.3538160" lon="16.2266490">
    <ele>206.0</ele>
    <time>2024-06-08T11:51:39Z</time>
    <extensions>
     <gpxtpx:TrackPointExtension>
      <gpxtpx:atemp>34</gpxtpx:atemp>
     </gpxtpx:TrackPointExtension>
    </extensions>
   </trkpt>
   <trkpt lat="48.3536750" lon="16.2258220">
    <ele>206.0</ele>
    <time>2024-06-08T11:51:49Z</time>
    <extensions>
     <gpxtpx:TrackPointExtension>
      <gpxtpx:atemp>34</gpxtpx:atemp>
     </gpxtpx:TrackPointExtension>
    </extensions>
   </trkpt>
   <trkpt lat="48.3535510" lon="16.2250030">
    <ele>206.0</ele>
    <time>2024-06-08T11:51:59Z</time>
    <extensions>
     <gpxtpx:TrackPointExtension>
      <gpxtpx:atemp>34</gpxtpx:atemp>
     </gpxtpx:TrackPointExtension>
    </extensions>
   </trkpt>
   <trkpt lat="48.3535230" lon="16.2248410">
    <ele>206.0</ele>
    <time>2024-06-08T11:52:01Z</time>
    <extensions>
     <gpxtpx:TrackPointExtension>
      <gpxtpx:atemp>34</gpxtpx:atemp>
     </gpxtpx:TrackPointExtension>
    </extensions>
   </trkpt>
   <trkpt lat="48.3534140" lon="16.2241290">
    <ele>206.2</ele>
    <time>2024-06-08T11:52:10Z</time>
    <extensions>
     <gpxtpx:TrackPointExtension>
      <gpxtpx:atemp>34</gpxtpx:atemp>
     </gpxtpx:TrackPointExtension>
    </extensions>
   </trkpt>
   <trkpt lat="48.3533160" lon="16.2234870">
    <ele>206.4</ele>
    <time>2024-06-08T11:52:18Z</time>
    <extensions>
     <gpxtpx:TrackPointExtension>
      <gpxtpx:atemp>34</gpxtpx:atemp>
     </gpxtpx:TrackPointExtension>
    </extensions>
   </trkpt>
   <trkpt lat="48.3532010" lon="16.2227710">
    <ele>206.6</ele>
    <time>2024-06-08T11:52:27Z</time>
    <extensions>
     <gpxtpx:TrackPointExtension>
      <gpxtpx:atemp>34</gpxtpx:atemp>
     </gpxtpx:TrackPointExtension>
    </extensions>
   </trkpt>
   <trkpt lat="48.3530760" lon="16.2219300">
    <ele>206.6</ele>
    <time>2024-06-08T11:52:38Z</time>
    <extensions>
     <gpxtpx:TrackPointExtension>
      <gpxtpx:atemp>34</gpxtpx:atemp>
     </gpxtpx:TrackPointExtension>
    </extensions>
   </trkpt>
   <trkpt lat="48.3530390" lon="16.2217040">
    <ele>206.6</ele>
    <time>2024-06-08T11:52:41Z</time>
    <extensions>
     <gpxtpx:TrackPointExtension>
      <gpxtpx:atemp>34</gpxtpx:atemp>
     </gpxtpx:TrackPointExtension>
    </extensions>
   </trkpt>
   <trkpt lat="48.3529110" lon="16.2208620">
    <ele>206.6</ele>
    <time>2024-06-08T11:52:52Z</time>
    <extensions>
     <gpxtpx:TrackPointExtension>
      <gpxtpx:atemp>34</gpxtpx:atemp>
     </gpxtpx:TrackPointExtension>
    </extensions>
   </trkpt>
   <trkpt lat="48.3527790" lon="16.2200700">
    <ele>206.6</ele>
    <time>2024-06-08T11:53:02Z</time>
    <extensions>
     <gpxtpx:TrackPointExtension>
      <gpxtpx:atemp>34</gpxtpx:atemp>
     </gpxtpx:TrackPointExtension>
    </extensions>
   </trkpt>
   <trkpt lat="48.3526510" lon="16.2192710">
    <ele>206.4</ele>
    <time>2024-06-08T11:53:12Z</time>
    <extensions>
     <gpxtpx:TrackPointExtension>
      <gpxtpx:atemp>34</gpxtpx:atemp>
     </gpxtpx:TrackPointExtension>
    </extensions>
   </trkpt>
   <trkpt lat="48.3525360" lon="16.2185070">
    <ele>206.8</ele>
    <time>2024-06-08T11:53:22Z</time>
    <extensions>
     <gpxtpx:TrackPointExtension>
      <gpxtpx:atemp>34</gpxtpx:atemp>
     </gpxtpx:TrackPointExtension>
    </extensions>
   </trkpt>
   <trkpt lat="48.3523990" lon="16.2177050">
    <ele>206.8</ele>
    <time>2024-06-08T11:53:32Z</time>
    <extensions>
     <gpxtpx:TrackPointExtension>
      <gpxtpx:atemp>34</gpxtpx:atemp>
     </gpxtpx:TrackPointExtension>
    </extensions>
   </trkpt>
   <trkpt lat="48.3523590" lon="16.2174510">
    <ele>206.8</ele>
    <time>2024-06-08T11:53:35Z</time>
    <extensions>
     <gpxtpx:TrackPointExtension>
      <gpxtpx:atemp>34</gpxtpx:atemp>
     </gpxtpx:TrackPointExtension>
    </extensions>
   </trkpt>
   <trkpt lat="48.3522210" lon="16.2166480">
    <ele>206.8</ele>
    <time>2024-06-08T11:53:45Z</time>
    <extensions>
     <gpxtpx:TrackPointExtension>
      <gpxtpx:atemp>34</gpxtpx:atemp>
     </gpxtpx:TrackPointExtension>
    </extensions>
   </trkpt>
   <trkpt lat="48.3521950" lon="16.2164900">
    <ele>206.8</ele>
    <time>2024-06-08T11:53:47Z</time>
    <extensions>
     <gpxtpx:TrackPointExtension>
      <gpxtpx:atemp>34</gpxtpx:atemp>
     </gpxtpx:TrackPointExtension>
    </extensions>
   </trkpt>
   <trkpt lat="48.3520740" lon="16.2157680">
    <ele>206.8</ele>
    <time>2024-06-08T11:53:56Z</time>
    <extensions>
     <gpxtpx:TrackPointExtension>
      <gpxtpx:atemp>34</gpxtpx:atemp>
     </gpxtpx:TrackPointExtension>
    </extensions>
   </trkpt>
   <trkpt lat="48.3519620" lon="16.2151250">
    <ele>207.0</ele>
    <time>2024-06-08T11:54:04Z</time>
    <extensions>
     <gpxtpx:TrackPointExtension>
      <gpxtpx:atemp>34</gpxtpx:atemp>
     </gpxtpx:TrackPointExtension>
    </extensions>
   </trkpt>
   <trkpt lat="48.3518330" lon="16.2143970">
    <ele>207.0</ele>
    <time>2024-06-08T11:54:13Z</time>
    <extensions>
     <gpxtpx:TrackPointExtension>
      <gpxtpx:atemp>34</gpxtpx:atemp>
     </gpxtpx:TrackPointExtension>
    </extensions>
   </trkpt>
   <trkpt lat="48.3516990" lon="16.2136520">
    <ele>207.0</ele>
    <time>2024-06-08T11:54:22Z</time>
    <extensions>
     <gpxtpx:TrackPointExtension>
      <gpxtpx:atemp>34</gpxtpx:atemp>
     </gpxtpx:TrackPointExtension>
    </extensions>
   </trkpt>
   <trkpt lat="48.3515510" lon="16.2128260">
    <ele>207.0</ele>
    <time>2024-06-08T11:54:32Z</time>
    <extensions>
     <gpxtpx:TrackPointExtension>
      <gpxtpx:atemp>34</gpxtpx:atemp>
     </gpxtpx:TrackPointExtension>
    </extensions>
   </trkpt>
   <trkpt lat="48.3514240" lon="16.2121130">
    <ele>207.2</ele>
    <time>2024-06-08T11:54:41Z</time>
    <extensions>
     <gpxtpx:TrackPointExtension>
      <gpxtpx:atemp>34</gpxtpx:atemp>
     </gpxtpx:TrackPointExtension>
    </extensions>
   </trkpt>
   <trkpt lat="48.3513190" lon="16.2115430">
    <ele>207.2</ele>
    <time>2024-06-08T11:54:48Z</time>
    <extensions>
     <gpxtpx:TrackPointExtension>
      <gpxtpx:atemp>34</gpxtpx:atemp>
     </gpxtpx:TrackPointExtension>
    </extensions>
   </trkpt>
   <trkpt lat="48.3511730" lon="16.2107870">
    <ele>207.4</ele>
    <time>2024-06-08T11:54:57Z</time>
    <extensions>
     <gpxtpx:TrackPointExtension>
      <gpxtpx:atemp>34</gpxtpx:atemp>
     </gpxtpx:TrackPointExtension>
    </extensions>
   </trkpt>
   <trkpt lat="48.3510180" lon="16.2099840">
    <ele>207.4</ele>
    <time>2024-06-08T11:55:06Z</time>
    <extensions>
     <gpxtpx:TrackPointExtension>
      <gpxtpx:atemp>34</gpxtpx:atemp>
     </gpxtpx:TrackPointExtension>
    </extensions>
   </trkpt>
   <trkpt lat="48.3509630" lon="16.2097110">
    <ele>207.2</ele>
    <time>2024-06-08T11:55:09Z</time>
    <extensions>
     <gpxtpx:TrackPointExtension>
      <gpxtpx:atemp>34</gpxtpx:atemp>
     </gpxtpx:TrackPointExtension>
    </extensions>
   </trkpt>
   <trkpt lat="48.3508060" lon="16.2088950">
    <ele>207.0</ele>
    <time>2024-06-08T11:55:18Z</time>
    <extensions>
     <gpxtpx:TrackPointExtension>
      <gpxtpx:atemp>34</gpxtpx:atemp>
     </gpxtpx:TrackPointExtension>
    </extensions>
   </trkpt>
   <trkpt lat="48.3507700" lon="16.2087140">
    <ele>207.0</ele>
    <time>2024-06-08T11:55:20Z</time>
    <extensions>
     <gpxtpx:TrackPointExtension>
      <gpxtpx:atemp>34</gpxtpx:atemp>
     </gpxtpx:TrackPointExtension>
    </extensions>
   </trkpt>
   <trkpt lat="48.3506230" lon="16.2079260">
    <ele>206.8</ele>
    <time>2024-06-08T11:55:29Z</time>
    <extensions>
     <gpxtpx:TrackPointExtension>
      <gpxtpx:atemp>34</gpxtpx:atemp>
     </gpxtpx:TrackPointExtension>
    </extensions>
   </trkpt>
   <trkpt lat="48.3505690" lon="16.2076000">
    <ele>206.8</ele>
    <time>2024-06-08T11:55:33Z</time>
    <extensions>
     <gpxtpx:TrackPointExtension>
      <gpxtpx:atemp>34</gpxtpx:atemp>
     </gpxtpx:TrackPointExtension>
    </extensions>
   </trkpt>
   <trkpt lat="48.3505030" lon="16.2070980">
    <ele>206.8</ele>
    <time>2024-06-08T11:55:40Z</time>
    <extensions>
     <gpxtpx:TrackPointExtension>
      <gpxtpx:atemp>34</gpxtpx:atemp>
     </gpxtpx:TrackPointExtension>
    </extensions>
   </trkpt>
   <trkpt lat="48.3504900" lon="16.2070340">
    <ele>206.8</ele>
    <time>2024-06-08T11:55:41Z</time>
    <extensions>
     <gpxtpx:TrackPointExtension>
      <gpxtpx:atemp>34</gpxtpx:atemp>
     </gpxtpx:TrackPointExtension>
    </extensions>
   </trkpt>
   <trkpt lat="48.3504570" lon="16.2068870">
    <ele>207.0</ele>
    <time>2024-06-08T11:55:44Z</time>
    <extensions>
     <gpxtpx:TrackPointExtension>
      <gpxtpx:atemp>34</gpxtpx:atemp>
     </gpxtpx:TrackPointExtension>
    </extensions>
   </trkpt>
   <trkpt lat="48.3504670" lon="16.2067700">
    <ele>207.0</ele>
    <time>2024-06-08T11:55:46Z</time>
    <extensions>
     <gpxtpx:TrackPointExtension>
      <gpxtpx:atemp>34</gpxtpx:atemp>
     </gpxtpx:TrackPointExtension>
    </extensions>
   </trkpt>
   <trkpt lat="48.3504640" lon="16.2066300">
    <ele>207.0</ele>
    <time>2024-06-08T11:55:48Z</time>
    <extensions>
     <gpxtpx:TrackPointExtension>
      <gpxtpx:atemp>34</gpxtpx:atemp>
     </gpxtpx:TrackPointExtension>
    </extensions>
   </trkpt>
   <trkpt lat="48.3504540" lon="16.2062070">
    <ele>207.0</ele>
    <time>2024-06-08T11:55:53Z</time>
    <extensions>
     <gpxtpx:TrackPointExtension>
      <gpxtpx:atemp>34</gpxtpx:atemp>
     </gpxtpx:TrackPointExtension>
    </extensions>
   </trkpt>
   <trkpt lat="48.3504330" lon="16.2053940">
    <ele>206.8</ele>
    <time>2024-06-08T11:56:02Z</time>
    <extensions>
     <gpxtpx:TrackPointExtension>
      <gpxtpx:atemp>34</gpxtpx:atemp>
     </gpxtpx:TrackPointExtension>
    </extensions>
   </trkpt>
   <trkpt lat="48.3503560" lon="16.2045590">
    <ele>206.6</ele>
    <time>2024-06-08T11:56:11Z</time>
    <extensions>
     <gpxtpx:TrackPointExtension>
      <gpxtpx:atemp>34</gpxtpx:atemp>
     </gpxtpx:TrackPointExtension>
    </extensions>
   </trkpt>
   <trkpt lat="48.3502040" lon="16.2037580">
    <ele>206.8</ele>
    <time>2024-06-08T11:56:20Z</time>
    <extensions>
     <gpxtpx:TrackPointExtension>
      <gpxtpx:atemp>34</gpxtpx:atemp>
     </gpxtpx:TrackPointExtension>
    </extensions>
   </trkpt>
   <trkpt lat="48.3501850" lon="16.2036750">
    <ele>206.8</ele>
    <time>2024-06-08T11:56:21Z</time>
    <extensions>
     <gpxtpx:TrackPointExtension>
      <gpxtpx:atemp>34</gpxtpx:atemp>
     </gpxtpx:TrackPointExtension>
    </extensions>
   </trkpt>
   <trkpt lat="48.3500020" lon="16.2030050">
    <ele>207.0</ele>
    <time>2024-06-08T11:56:30Z</time>
    <extensions>
     <gpxtpx:TrackPointExtension>
      <gpxtpx:atemp>34</gpxtpx:atemp>
     </gpxtpx:TrackPointExtension>
    </extensions>
   </trkpt>
   <trkpt lat="48.3497310" lon="16.2022590">
    <ele>207.0</ele>
    <time>2024-06-08T11:56:41Z</time>
    <extensions>
     <gpxtpx:TrackPointExtension>
      <gpxtpx:atemp>34</gpxtpx:atemp>
     </gpxtpx:TrackPointExtension>
    </extensions>
   </trkpt>
   <trkpt lat="48.3495300" lon="16.2016880">
    <ele>207.2</ele>
    <time>2024-06-08T11:56:49Z</time>
    <extensions>
     <gpxtpx:TrackPointExtension>
      <gpxtpx:atemp>34</gpxtpx:atemp>
     </gpxtpx:TrackPointExtension>
    </extensions>
   </trkpt>
   <trkpt lat="48.3493610" lon="16.2011230">
    <ele>207.4</ele>
    <time>2024-06-08T11:56:57Z</time>
    <extensions>
     <gpxtpx:TrackPointExtension>
      <gpxtpx:atemp>34</gpxtpx:atemp>
     </gpxtpx:TrackPointExtension>
    </extensions>
   </trkpt>
   <trkpt lat="48.3492550" lon="16.2006280">
    <ele>207.6</ele>
    <time>2024-06-08T11:57:04Z</time>
    <extensions>
     <gpxtpx:TrackPointExtension>
      <gpxtpx:atemp>34</gpxtpx:atemp>
     </gpxtpx:TrackPointExtension>
    </extensions>
   </trkpt>
   <trkpt lat="48.3492270" lon="16.2004740">
    <ele>208.0</ele>
    <time>2024-06-08T11:57:06Z</time>
    <extensions>
     <gpxtpx:TrackPointExtension>
      <gpxtpx:atemp>34</gpxtpx:atemp>
     </gpxtpx:TrackPointExtension>
    </extensions>
   </trkpt>
   <trkpt lat="48.3491260" lon="16.1997480">
    <ele>208.0</ele>
    <time>2024-06-08T11:57:15Z</time>
    <extensions>
     <gpxtpx:TrackPointExtension>
      <gpxtpx:atemp>34</gpxtpx:atemp>
     </gpxtpx:TrackPointExtension>
    </extensions>
   </trkpt>
   <trkpt lat="48.3490830" lon="16.1990810">
    <ele>208.0</ele>
    <time>2024-06-08T11:57:24Z</time>
    <extensions>
     <gpxtpx:TrackPointExtension>
      <gpxtpx:atemp>34</gpxtpx:atemp>
     </gpxtpx:TrackPointExtension>
    </extensions>
   </trkpt>
   <trkpt lat="48.3490760" lon="16.1989360">
    <ele>208.0</ele>
    <time>2024-06-08T11:57:26Z</time>
    <extensions>
     <gpxtpx:TrackPointExtension>
      <gpxtpx:atemp>34</gpxtpx:atemp>
     </gpxtpx:TrackPointExtension>
    </extensions>
   </trkpt>
   <trkpt lat="48.3490740" lon="16.1985550">
    <ele>207.8</ele>
    <time>2024-06-08T11:57:31Z</time>
    <extensions>
     <gpxtpx:TrackPointExtension>
      <gpxtpx:atemp>34</gpxtpx:atemp>
     </gpxtpx:TrackPointExtension>
    </extensions>
   </trkpt>
   <trkpt lat="48.3490880" lon="16.1978310">
    <ele>207.8</ele>
    <time>2024-06-08T11:57:40Z</time>
    <extensions>
     <gpxtpx:TrackPointExtension>
      <gpxtpx:atemp>34</gpxtpx:atemp>
     </gpxtpx:TrackPointExtension>
    </extensions>
   </trkpt>
   <trkpt lat="48.3490960" lon="16.1970130">
    <ele>208.2</ele>
    <time>2024-06-08T11:57:50Z</time>
    <extensions>
     <gpxtpx:TrackPointExtension>
      <gpxtpx:atemp>34</gpxtpx:atemp>
     </gpxtpx:TrackPointExtension>
    </extensions>
   </trkpt>
   <trkpt lat="48.3490970" lon="16.1968630">
    <ele>208.2</ele>
    <time>2024-06-08T11:57:52Z</time>
    <extensions>
     <gpxtpx:TrackPointExtension>
      <gpxtpx:atemp>34</gpxtpx:atemp>
     </gpxtpx:TrackPointExtension>
    </extensions>
   </trkpt>
   <trkpt lat="48.3490990" lon="16.1961740">
    <ele>208.2</ele>
    <time>2024-06-08T11:58:01Z</time>
    <extensions>
     <gpxtpx:TrackPointExtension>
      <gpxtpx:atemp>34</gpxtpx:atemp>
     </gpxtpx:TrackPointExtension>
    </extensions>
   </trkpt>
   <trkpt lat="48.3491120" lon="16.1954990">
    <ele>208.0</ele>
    <time>2024-06-08T11:58:09Z</time>
    <extensions>
     <gpxtpx:TrackPointExtension>
      <gpxtpx:atemp>33</gpxtpx:atemp>
     </gpxtpx:TrackPointExtension>
    </extensions>
   </trkpt>
   <trkpt lat="48.3491120" lon="16.1952580">
    <ele>208.0</ele>
    <time>2024-06-08T11:58:12Z</time>
    <extensions>
     <gpxtpx:TrackPointExtension>
      <gpxtpx:atemp>33</gpxtpx:atemp>
     </gpxtpx:TrackPointExtension>
    </extensions>
   </trkpt>
   <trkpt lat="48.3490890" lon="16.1950980">
    <ele>208.0</ele>
    <time>2024-06-08T11:58:14Z</time>
    <extensions>
     <gpxtpx:TrackPointExtension>
      <gpxtpx:atemp>33</gpxtpx:atemp>
     </gpxtpx:TrackPointExtension>
    </extensions>
   </trkpt>
   <trkpt lat="48.3490650" lon="16.1950150">
    <ele>208.0</ele>
    <time>2024-06-08T11:58:15Z</time>
    <extensions>
     <gpxtpx:TrackPointExtension>
      <gpxtpx:atemp>33</gpxtpx:atemp>
     </gpxtpx:TrackPointExtension>
    </extensions>
   </trkpt>
   <trkpt lat="48.3490330" lon="16.1949370">
    <ele>208.0</ele>
    <time>2024-06-08T11:58:16Z</time>
    <extensions>
     <gpxtpx:TrackPointExtension>
      <gpxtpx:atemp>33</gpxtpx:atemp>
     </gpxtpx:TrackPointExtension>
    </extensions>
   </trkpt>
   <trkpt lat="48.3489440" lon="16.1948120">
    <ele>208.0</ele>
    <time>2024-06-08T11:58:18Z</time>
    <extensions>
     <gpxtpx:TrackPointExtension>
      <gpxtpx:atemp>33</gpxtpx:atemp>
     </gpxtpx:TrackPointExtension>
    </extensions>
   </trkpt>
   <trkpt lat="48.3488910" lon="16.1947670">
    <ele>208.0</ele>
    <time>2024-06-08T11:58:19Z</time>
    <extensions>
     <gpxtpx:TrackPointExtension>
      <gpxtpx:atemp>33</gpxtpx:atemp>
     </gpxtpx:TrackPointExtension>
    </extensions>
   </trkpt>
   <trkpt lat="48.3488330" lon="16.1947360">
    <ele>208.0</ele>
    <time>2024-06-08T11:58:20Z</time>
    <extensions>
     <gpxtpx:TrackPointExtension>
      <gpxtpx:atemp>33</gpxtpx:atemp>
     </gpxtpx:TrackPointExtension>
    </extensions>
   </trkpt>
   <trkpt lat="48.3486040" lon="16.1946600">
    <ele>208.0</ele>
    <time>2024-06-08T11:58:24Z</time>
    <extensions>
     <gpxtpx:TrackPointExtension>
      <gpxtpx:atemp>33</gpxtpx:atemp>
     </gpxtpx:TrackPointExtension>
    </extensions>
   </trkpt>
   <trkpt lat="48.3482320" lon="16.1945730">
    <ele>208.2</ele>
    <time>2024-06-08T11:58:31Z</time>
    <extensions>
     <gpxtpx:TrackPointExtension>
      <gpxtpx:atemp>33</gpxtpx:atemp>
     </gpxtpx:TrackPointExtension>
    </extensions>
   </trkpt>
   <trkpt lat="48.3478960" lon="16.1944760">
    <ele>208.2</ele>
    <time>2024-06-08T11:58:38Z</time>
    <extensions>
     <gpxtpx:TrackPointExtension>
      <gpxtpx:atemp>33</gpxtpx:atemp>
     </gpxtpx:TrackPointExtension>
    </extensions>
   </trkpt>
   <trkpt lat="48.3477610" lon="16.1944260">
    <ele>208.2</ele>
    <time>2024-06-08T11:58:42Z</time>
    <extensions>
     <gpxtpx:TrackPointExtension>
      <gpxtpx:atemp>33</gpxtpx:atemp>
     </gpxtpx:TrackPointExtension>
    </extensions>
   </trkpt>
   <trkpt lat="48.3477380" lon="16.1944280">
    <ele>208.2</ele>
    <time>2024-06-08T11:58:43Z</time>
    <extensions>
     <gpxtpx:TrackPointExtension>
      <gpxtpx:atemp>33</gpxtpx:atemp>
     </gpxtpx:TrackPointExtension>
    </extensions>
   </trkpt>
   <trkpt lat="48.3477160" lon="16.1944510">
    <ele>208.4</ele>
    <time>2024-06-08T11:58:45Z</time>
    <extensions>
     <gpxtpx:TrackPointExtension>
      <gpxtpx:atemp>33</gpxtpx:atemp>
     </gpxtpx:TrackPointExtension>
    </extensions>
   </trkpt>
   <trkpt lat="48.3477130" lon="16.1944550">
    <ele>208.6</ele>
    <time>2024-06-08T11:58:47Z</time>
    <extensions>
     <gpxtpx:TrackPointExtension>
      <gpxtpx:atemp>33</gpxtpx:atemp>
     </gpxtpx:TrackPointExtension>
    </extensions>
   </trkpt>
   <trkpt lat="48.3476970" lon="16.1943870">
    <ele>209.0</ele>
    <time>2024-06-08T12:05:47Z</time>
    <extensions>
     <gpxtpx:TrackPointExtension>
      <gpxtpx:atemp>37</gpxtpx:atemp>
     </gpxtpx:TrackPointExtension>
    </extensions>
   </trkpt>
   <trkpt lat="48.3476880" lon="16.1943640">
    <ele>209.0</ele>
    <time>2024-06-08T12:05:48Z</time>
    <extensions>
     <gpxtpx:TrackPointExtension>
      <gpxtpx:atemp>37</gpxtpx:atemp>
     </gpxtpx:TrackPointExtension>
    </extensions>
   </trkpt>
   <trkpt lat="48.3476230" lon="16.1942270">
    <ele>209.2</ele>
    <time>2024-06-08T12:05:53Z</time>
    <extensions>
     <gpxtpx:TrackPointExtension>
      <gpxtpx:atemp>37</gpxtpx:atemp>
     </gpxtpx:TrackPointExtension>
    </extensions>
   </trkpt>
   <trkpt lat="48.3475590" lon="16.1939460">
    <ele>209.2</ele>
    <time>2024-06-08T12:05:59Z</time>
    <extensions>
     <gpxtpx:TrackPointExtension>
      <gpxtpx:atemp>37</gpxtpx:atemp>
     </gpxtpx:TrackPointExtension>
    </extensions>
   </trkpt>
   <trkpt lat="48.3474560" lon="16.1934250">
    <ele>209.4</ele>
    <time>2024-06-08T12:06:08Z</time>
    <extensions>
     <gpxtpx:TrackPointExtension>
      <gpxtpx:atemp>37</gpxtpx:atemp>
     </gpxtpx:TrackPointExtension>
    </extensions>
   </trkpt>
   <trkpt lat="48.3473380" lon="16.1928540">
    <ele>209.6</ele>
    <time>2024-06-08T12:06:17Z</time>
    <extensions>
     <gpxtpx:TrackPointExtension>
      <gpxtpx:atemp>37</gpxtpx:atemp>
     </gpxtpx:TrackPointExtension>
    </extensions>
   </trkpt>
   <trkpt lat="48.3472000" lon="16.1921850">
    <ele>209.2</ele>
    <time>2024-06-08T12:06:26Z</time>
    <extensions>
     <gpxtpx:TrackPointExtension>
      <gpxtpx:atemp>37</gpxtpx:atemp>
     </gpxtpx:TrackPointExtension>
    </extensions>
   </trkpt>
   <trkpt lat="48.3470360" lon="16.1913540">
    <ele>209.2</ele>
    <time>2024-06-08T12:06:37Z</time>
    <extensions>
     <gpxtpx:TrackPointExtension>
      <gpxtpx:atemp>37</gpxtpx:atemp>
     </gpxtpx:TrackPointExtension>
    </extensions>
   </trkpt>
   <trkpt lat="48.3470210" lon="16.1912840">
    <ele>209.2</ele>
    <time>2024-06-08T12:06:38Z</time>
    <extensions>
     <gpxtpx:TrackPointExtension>
      <gpxtpx:atemp>37</gpxtpx:atemp>
     </gpxtpx:TrackPointExtension>
    </extensions>
   </trkpt>
   <trkpt lat="48.3468520" lon="16.1904870">
    <ele>209.8</ele>
    <time>2024-06-08T12:06:49Z</time>
    <extensions>
     <gpxtpx:TrackPointExtension>
      <gpxtpx:atemp>37</gpxtpx:atemp>
     </gpxtpx:TrackPointExtension>
    </extensions>
   </trkpt>
   <trkpt lat="48.3466800" lon="16.1896470">
    <ele>209.4</ele>
    <time>2024-06-08T12:07:00Z</time>
    <extensions>
     <gpxtpx:TrackPointExtension>
      <gpxtpx:atemp>36</gpxtpx:atemp>
     </gpxtpx:TrackPointExtension>
    </extensions>
   </trkpt>
   <trkpt lat="48.3465390" lon="16.1889540">
    <ele>209.2</ele>
    <time>2024-06-08T12:07:09Z</time>
    <extensions>
     <gpxtpx:TrackPointExtension>
      <gpxtpx:atemp>36</gpxtpx:atemp>
     </gpxtpx:TrackPointExtension>
    </extensions>
   </trkpt>
   <trkpt lat="48.3464040" lon="16.1883420">
    <ele>209.4</ele>
    <time>2024-06-08T12:07:17Z</time>
    <extensions>
     <gpxtpx:TrackPointExtension>
      <gpxtpx:atemp>36</gpxtpx:atemp>
     </gpxtpx:TrackPointExtension>
    </extensions>
   </trkpt>
   <trkpt lat="48.3463560" lon="16.1881140">
    <ele>209.6</ele>
    <time>2024-06-08T12:07:20Z</time>
    <extensions>
     <gpxtpx:TrackPointExtension>
      <gpxtpx:atemp>36</gpxtpx:atemp>
     </gpxtpx:TrackPointExtension>
    </extensions>
   </trkpt>
   <trkpt lat="48.3461890" lon="16.1872710">
    <ele>209.8</ele>
    <time>2024-06-08T12:07:31Z</time>
    <extensions>
     <gpxtpx:TrackPointExtension>
      <gpxtpx:atemp>36</gpxtpx:atemp>
     </gpxtpx:TrackPointExtension>
    </extensions>
   </trkpt>
   <trkpt lat="48.3460500" lon="16.1865930">
    <ele>209.6</ele>
    <time>2024-06-08T12:07:40Z</time>
    <extensions>
     <gpxtpx:TrackPointExtension>
      <gpxtpx:atemp>36</gpxtpx:atemp>
     </gpxtpx:TrackPointExtension>
    </extensions>
   </trkpt>
   <trkpt lat="48.3460000" lon="16.1863690">
    <ele>209.6</ele>
    <time>2024-06-08T12:07:43Z</time>
    <extensions>
     <gpxtpx:TrackPointExtension>
      <gpxtpx:atemp>36</gpxtpx:atemp>
     </gpxtpx:TrackPointExtension>
    </extensions>
   </trkpt>
   <trkpt lat="48.3458720" lon="16.1857710">
    <ele>209.4</ele>
    <time>2024-06-08T12:07:51Z</time>
    <extensions>
     <gpxtpx:TrackPointExtension>
      <gpxtpx:atemp>35</gpxtpx:atemp>
     </gpxtpx:TrackPointExtension>
    </extensions>
   </trkpt>
   <trkpt lat="48.3457030" lon="16.1849370">
    <ele>208.8</ele>
    <time>2024-06-08T12:08:02Z</time>
    <extensions>
     <gpxtpx:TrackPointExtension>
      <gpxtpx:atemp>35</gpxtpx:atemp>
     </gpxtpx:TrackPointExtension>
    </extensions>
   </trkpt>
   <trkpt lat="48.3455520" lon="16.1841910">
    <ele>209.0</ele>
    <time>2024-06-08T12:08:12Z</time>
    <extensions>
     <gpxtpx:TrackPointExtension>
      <gpxtpx:atemp>35</gpxtpx:atemp>
     </gpxtpx:TrackPointExtension>
    </extensions>
   </trkpt>
   <trkpt lat="48.3454750" lon="16.1838420">
    <ele>209.0</ele>
    <time>2024-06-08T12:08:17Z</time>
    <extensions>
     <gpxtpx:TrackPointExtension>
      <gpxtpx:atemp>35</gpxtpx:atemp>
     </gpxtpx:TrackPointExtension>
    </extensions>
   </trkpt>
   <trkpt lat="48.3453380" lon="16.1832560">
    <ele>209.2</ele>
    <time>2024-06-08T12:08:25Z</time>
    <extensions>
     <gpxtpx:TrackPointExtension>
      <gpxtpx:atemp>35</gpxtpx:atemp>
     </gpxtpx:TrackPointExtension>
    </extensions>
   </trkpt>
   <trkpt lat="48.3451470" lon="16.1824460">
    <ele>209.2</ele>
    <time>2024-06-08T12:08:36Z</time>
    <extensions>
     <gpxtpx:TrackPointExtension>
      <gpxtpx:atemp>35</gpxtpx:atemp>
     </gpxtpx:TrackPointExtension>
    </extensions>
   </trkpt>
   <trkpt lat="48.3449500" lon="16.1816710">
    <ele>209.2</ele>
    <time>2024-06-08T12:08:47Z</time>
    <extensions>
     <gpxtpx:TrackPointExtension>
      <gpxtpx:atemp>35</gpxtpx:atemp>
     </gpxtpx:TrackPointExtension>
    </extensions>
   </trkpt>
   <trkpt lat="48.3449150" lon="16.1815300">
    <ele>209.2</ele>
    <time>2024-06-08T12:08:49Z</time>
    <extensions>
     <gpxtpx:TrackPointExtension>
      <gpxtpx:atemp>35</gpxtpx:atemp>
     </gpxtpx:TrackPointExtension>
    </extensions>
   </trkpt>
   <trkpt lat="48.3447140" lon="16.1807730">
    <ele>209.6</ele>
    <time>2024-06-08T12:09:00Z</time>
    <extensions>
     <gpxtpx:TrackPointExtension>
      <gpxtpx:atemp>35</gpxtpx:atemp>
     </gpxtpx:TrackPointExtension>
    </extensions>
   </trkpt>
   <trkpt lat="48.3445050" lon="16.1799760">
    <ele>209.4</ele>
    <time>2024-06-08T12:09:11Z</time>
    <extensions>
     <gpxtpx:TrackPointExtension>
      <gpxtpx:atemp>35</gpxtpx:atemp>
     </gpxtpx:TrackPointExtension>
    </extensions>
   </trkpt>
   <trkpt lat="48.3443290" lon="16.1793070">
    <ele>209.4</ele>
    <time>2024-06-08T12:09:21Z</time>
    <extensions>
     <gpxtpx:TrackPointExtension>
      <gpxtpx:atemp>35</gpxtpx:atemp>
     </gpxtpx:TrackPointExtension>
    </extensions>
   </trkpt>
   <trkpt lat="48.3442000" lon="16.1788280">
    <ele>209.6</ele>
    <time>2024-06-08T12:09:28Z</time>
    <extensions>
     <gpxtpx:TrackPointExtension>
      <gpxtpx:atemp>35</gpxtpx:atemp>
     </gpxtpx:TrackPointExtension>
    </extensions>
   </trkpt>
   <trkpt lat="48.3440930" lon="16.1784170">
    <ele>209.6</ele>
    <time>2024-06-08T12:09:34Z</time>
    <extensions>
     <gpxtpx:TrackPointExtension>
      <gpxtpx:atemp>35</gpxtpx:atemp>
     </gpxtpx:TrackPointExtension>
    </extensions>
   </trkpt>
   <trkpt lat="48.3439500" lon="16.1778790">
    <ele>209.2</ele>
    <time>2024-06-08T12:09:42Z</time>
    <extensions>
     <gpxtpx:TrackPointExtension>
      <gpxtpx:atemp>35</gpxtpx:atemp>
     </gpxtpx:TrackPointExtension>
    </extensions>
   </trkpt>
   <trkpt lat="48.3437820" lon="16.1772460">
    <ele>209.2</ele>
    <time>2024-06-08T12:09:51Z</time>
    <extensions>
     <gpxtpx:TrackPointExtension>
      <gpxtpx:atemp>34</gpxtpx:atemp>
     </gpxtpx:TrackPointExtension>
    </extensions>
   </trkpt>
   <trkpt lat="48.3436260" lon="16.1766550">
    <ele>209.4</ele>
    <time>2024-06-08T12:10:00Z</time>
    <extensions>
     <gpxtpx:TrackPointExtension>
      <gpxtpx:atemp>34</gpxtpx:atemp>
     </gpxtpx:TrackPointExtension>
    </extensions>
   </trkpt>
   <trkpt lat="48.3434470" lon="16.1759910">
    <ele>209.8</ele>
    <time>2024-06-08T12:10:10Z</time>
    <extensions>
     <gpxtpx:TrackPointExtension>
      <gpxtpx:atemp>34</gpxtpx:atemp>
     </gpxtpx:TrackPointExtension>
    </extensions>
   </trkpt>
   <trkpt lat="48.3432710" lon="16.1753340">
    <ele>209.8</ele>
    <time>2024-06-08T12:10:20Z</time>
    <extensions>
     <gpxtpx:TrackPointExtension>
      <gpxtpx:atemp>34</gpxtpx:atemp>
     </gpxtpx:TrackPointExtension>
    </extensions>
   </trkpt>
   <trkpt lat="48.3430960" lon="16.1746640">
    <ele>209.6</ele>
    <time>2024-06-08T12:10:30Z</time>
    <extensions>
     <gpxtpx:TrackPointExtension>
      <gpxtpx:atemp>34</gpxtpx:atemp>
     </gpxtpx:TrackPointExtension>
    </extensions>
   </trkpt>
   <trkpt lat="48.3429490" lon="16.1740940">
    <ele>209.4</ele>
    <time>2024-06-08T12:10:38Z</time>
    <extensions>
     <gpxtpx:TrackPointExtension>
      <gpxtpx:atemp>34</gpxtpx:atemp>
     </gpxtpx:TrackPointExtension>
    </extensions>
   </trkpt>
   <trkpt lat="48.3427440" lon="16.1733200">
    <ele>209.4</ele>
    <time>2024-06-08T12:10:49Z</time>
    <extensions>
     <gpxtpx:TrackPointExtension>
      <gpxtpx:atemp>34</gpxtpx:atemp>
     </gpxtpx:TrackPointExtension>
    </extensions>
   </trkpt>
   <trkpt lat="48.3425930" lon="16.1727530">
    <ele>209.8</ele>
    <time>2024-06-08T12:10:57Z</time>
    <extensions>
     <gpxtpx:TrackPointExtension>
      <gpxtpx:atemp>34</gpxtpx:atemp>
     </gpxtpx:TrackPointExtension>
    </extensions>
   </trkpt>
   <trkpt lat="48.3425620" lon="16.1726260">
    <ele>209.8</ele>
    <time>2024-06-08T12:10:59Z</time>
    <extensions>
     <gpxtpx:TrackPointExtension>
      <gpxtpx:atemp>34</gpxtpx:atemp>
     </gpxtpx:TrackPointExtension>
    </extensions>
   </trkpt>
   <trkpt lat="48.3424040" lon="16.1719270">
    <ele>209.8</ele>
    <time>2024-06-08T12:11:09Z</time>
    <extensions>
     <gpxtpx:TrackPointExtension>
      <gpxtpx:atemp>34</gpxtpx:atemp>
     </gpxtpx:TrackPointExtension>
    </extensions>
   </trkpt>
   <trkpt lat="48.3422230" lon="16.1711180">
    <ele>209.6</ele>
    <time>2024-06-08T12:11:21Z</time>
    <extensions>
     <gpxtpx:TrackPointExtension>
      <gpxtpx:atemp>34</gpxtpx:atemp>
     </gpxtpx:TrackPointExtension>
    </extensions>
   </trkpt>
   <trkpt lat="48.3420880" lon="16.1704550">
    <ele>209.4</ele>
    <time>2024-06-08T12:11:31Z</time>
    <extensions>
     <gpxtpx:TrackPointExtension>
      <gpxtpx:atemp>34</gpxtpx:atemp>
     </gpxtpx:TrackPointExtension>
    </extensions>
   </trkpt>
   <trkpt lat="48.3419710" lon="16.1698370">
    <ele>210.0</ele>
    <time>2024-06-08T12:11:41Z</time>
    <extensions>
     <gpxtpx:TrackPointExtension>
      <gpxtpx:atemp>34</gpxtpx:atemp>
     </gpxtpx:TrackPointExtension>
    </extensions>
   </trkpt>
   <trkpt lat="48.3419440" lon="16.1696990">
    <ele>210.0</ele>
    <time>2024-06-08T12:11:43Z</time>
    <extensions>
     <gpxtpx:TrackPointExtension>
      <gpxtpx:atemp>34</gpxtpx:atemp>
     </gpxtpx:TrackPointExtension>
    </extensions>
   </trkpt>
   <trkpt lat="48.3418490" lon="16.1691840">
    <ele>210.2</ele>
    <time>2024-06-08T12:11:51Z</time>
    <extensions>
     <gpxtpx:TrackPointExtension>
      <gpxtpx:atemp>34</gpxtpx:atemp>
     </gpxtpx:TrackPointExtension>
    </extensions>
   </trkpt>
   <trkpt lat="48.3417170" lon="16.1683960">
    <ele>210.2</ele>
    <time>2024-06-08T12:12:03Z</time>
    <extensions>
     <gpxtpx:TrackPointExtension>
      <gpxtpx:atemp>34</gpxtpx:atemp>
     </gpxtpx:TrackPointExtension>
    </extensions>
   </trkpt>
   <trkpt lat="48.3416070" lon="16.1677230">
    <ele>209.6</ele>
    <time>2024-06-08T12:12:13Z</time>
    <extensions>
     <gpxtpx:TrackPointExtension>
      <gpxtpx:atemp>34</gpxtpx:atemp>
     </gpxtpx:TrackPointExtension>
    </extensions>
   </trkpt>
   <trkpt lat="48.3415440" lon="16.1673210">
    <ele>209.4</ele>
    <time>2024-06-08T12:12:19Z</time>
    <extensions>
     <gpxtpx:TrackPointExtension>
      <gpxtpx:atemp>34</gpxtpx:atemp>
     </gpxtpx:TrackPointExtension>
    </extensions>
   </trkpt>
   <trkpt lat="48.3415100" lon="16.1670660">
    <ele>209.4</ele>
    <time>2024-06-08T12:12:23Z</time>
    <extensions>
     <gpxtpx:TrackPointExtension>
      <gpxtpx:atemp>34</gpxtpx:atemp>
     </gpxtpx:TrackPointExtension>
    </extensions>
   </trkpt>
   <trkpt lat="48.3414070" lon="16.1662350">
    <ele>209.4</ele>
    <time>2024-06-08T12:12:35Z</time>
    <extensions>
     <gpxtpx:TrackPointExtension>
      <gpxtpx:atemp>34</gpxtpx:atemp>
     </gpxtpx:TrackPointExtension>
    </extensions>
   </trkpt>
   <trkpt lat="48.3413610" lon="16.1657530">
    <ele>209.4</ele>
    <time>2024-06-08T12:12:42Z</time>
    <extensions>
     <gpxtpx:TrackPointExtension>
      <gpxtpx:atemp>34</gpxtpx:atemp>
     </gpxtpx:TrackPointExtension>
    </extensions>
   </trkpt>
   <trkpt lat="48.3413160" lon="16.1651430">
    <ele>209.6</ele>
    <time>2024-06-08T12:12:51Z</time>
    <extensions>
     <gpxtpx:TrackPointExtension>
      <gpxtpx:atemp>34</gpxtpx:atemp>
     </gpxtpx:TrackPointExtension>
    </extensions>
   </trkpt>
   <trkpt lat="48.3412870" lon="16.1645080">
    <ele>209.6</ele>
    <time>2024-06-08T12:13:00Z</time>
    <extensions>
     <gpxtpx:TrackPointExtension>
      <gpxtpx:atemp>34</gpxtpx:atemp>
     </gpxtpx:TrackPointExtension>
    </extensions>
   </trkpt>
   <trkpt lat="48.3412730" lon="16.1638330">
    <ele>209.6</ele>
    <time>2024-06-08T12:13:10Z</time>
    <extensions>
     <gpxtpx:TrackPointExtension>
      <gpxtpx:atemp>34</gpxtpx:atemp>
     </gpxtpx:TrackPointExtension>
    </extensions>
   </trkpt>
   <trkpt lat="48.3412740" lon="16.1629850">
    <ele>209.8</ele>
    <time>2024-06-08T12:13:22Z</time>
    <extensions>
     <gpxtpx:TrackPointExtension>
      <gpxtpx:atemp>34</gpxtpx:atemp>
     </gpxtpx:TrackPointExtension>
    </extensions>
   </trkpt>
   <trkpt lat="48.3412830" lon="16.1622410">
    <ele>209.8</ele>
    <time>2024-06-08T12:13:32Z</time>
    <extensions>
     <gpxtpx:TrackPointExtension>
      <gpxtpx:atemp>34</gpxtpx:atemp>
     </gpxtpx:TrackPointExtension>
    </extensions>
   </trkpt>
   <trkpt lat="48.3412890" lon="16.1614080">
    <ele>209.6</ele>
    <time>2024-06-08T12:13:43Z</time>
    <extensions>
     <gpxtpx:TrackPointExtension>
      <gpxtpx:atemp>34</gpxtpx:atemp>
     </gpxtpx:TrackPointExtension>
    </extensions>
   </trkpt>
   <trkpt lat="48.3412910" lon="16.1612630">
    <ele>209.6</ele>
    <time>2024-06-08T12:13:45Z</time>
    <extensions>
     <gpxtpx:TrackPointExtension>
      <gpxtpx:atemp>34</gpxtpx:atemp>
     </gpxtpx:TrackPointExtension>
    </extensions>
   </trkpt>
   <trkpt lat="48.3412940" lon="16.1606580">
    <ele>209.4</ele>
    <time>2024-06-08T12:13:53Z</time>
    <extensions>
     <gpxtpx:TrackPointExtension>
      <gpxtpx:atemp>34</gpxtpx:atemp>
     </gpxtpx:TrackPointExtension>
    </extensions>
   </trkpt>
   <trkpt lat="48.3413040" lon="16.1599040">
    <ele>209.4</ele>
    <time>2024-06-08T12:14:03Z</time>
    <extensions>
     <gpxtpx:TrackPointExtension>
      <gpxtpx:atemp>34</gpxtpx:atemp>
     </gpxtpx:TrackPointExtension>
    </extensions>
   </trkpt>
   <trkpt lat="48.3413110" lon="16.1592100">
    <ele>209.6</ele>
    <time>2024-06-08T12:14:12Z</time>
    <extensions>
     <gpxtpx:TrackPointExtension>
      <gpxtpx:atemp>34</gpxtpx:atemp>
     </gpxtpx:TrackPointExtension>
    </extensions>
   </trkpt>
   <trkpt lat="48.3413210" lon="16.1583520">
    <ele>209.6</ele>
    <time>2024-06-08T12:14:23Z</time>
    <extensions>
     <gpxtpx:TrackPointExtension>
      <gpxtpx:atemp>34</gpxtpx:atemp>
     </gpxtpx:TrackPointExtension>
    </extensions>
   </trkpt>
   <trkpt lat="48.3413210" lon="16.1582770">
    <ele>209.6</ele>
    <time>2024-06-08T12:14:24Z</time>
    <extensions>
     <gpxtpx:TrackPointExtension>
      <gpxtpx:atemp>34</gpxtpx:atemp>
     </gpxtpx:TrackPointExtension>
    </extensions>
   </trkpt>
   <trkpt lat="48.3413080" lon="16.1578310">
    <ele>209.6</ele>
    <time>2024-06-08T12:14:30Z</time>
    <extensions>
     <gpxtpx:TrackPointExtension>
      <gpxtpx:atemp>34</gpxtpx:atemp>
     </gpxtpx:TrackPointExtension>
    </extensions>
   </trkpt>
   <trkpt lat="48.3412910" lon="16.1577420">
    <ele>209.6</ele>
    <time>2024-06-08T12:14:31Z</time>
    <extensions>
     <gpxtpx:TrackPointExtension>
      <gpxtpx:atemp>34</gpxtpx:atemp>
     </gpxtpx:TrackPointExtension>
    </extensions>
   </trkpt>
   <trkpt lat="48.3412710" lon="16.1576740">
    <ele>209.6</ele>
    <time>2024-06-08T12:14:32Z</time>
    <extensions>
     <gpxtpx:TrackPointExtension>
      <gpxtpx:atemp>34</gpxtpx:atemp>
     </gpxtpx:TrackPointExtension>
    </extensions>
   </trkpt>
   <trkpt lat="48.3411790" lon="16.1574980">
    <ele>209.6</ele>
    <time>2024-06-08T12:14:35Z</time>
    <extensions>
     <gpxtpx:TrackPointExtension>
      <gpxtpx:atemp>34</gpxtpx:atemp>
     </gpxtpx:TrackPointExtension>
    </extensions>
   </trkpt>
   <trkpt lat="48.3408220" lon="16.1570040">
    <ele>209.8</ele>
    <time>2024-06-08T12:14:45Z</time>
    <extensions>
     <gpxtpx:TrackPointExtension>
      <gpxtpx:atemp>34</gpxtpx:atemp>
     </gpxtpx:TrackPointExtension>
    </extensions>
   </trkpt>
   <trkpt lat="48.3404930" lon="16.1565530">
    <ele>209.8</ele>
    <time>2024-06-08T12:14:54Z</time>
    <extensions>
     <gpxtpx:TrackPointExtension>
      <gpxtpx:atemp>34</gpxtpx:atemp>
     </gpxtpx:TrackPointExtension>
    </extensions>
   </trkpt>
   <trkpt lat="48.3404010" lon="16.1563770">
    <ele>209.8</ele>
    <time>2024-06-08T12:14:57Z</time>
    <extensions>
     <gpxtpx:TrackPointExtension>
      <gpxtpx:atemp>34</gpxtpx:atemp>
     </gpxtpx:TrackPointExtension>
    </extensions>
   </trkpt>
   <trkpt lat="48.3403480" lon="16.1562210">
    <ele>209.8</ele>
    <time>2024-06-08T12:14:59Z</time>
    <extensions>
     <gpxtpx:TrackPointExtension>
      <gpxtpx:atemp>34</gpxtpx:atemp>
     </gpxtpx:TrackPointExtension>
    </extensions>
   </trkpt>
   <trkpt lat="48.3403350" lon="16.1561640">
    <ele>209.8</ele>
    <time>2024-06-08T12:15:00Z</time>
    <extensions>
     <gpxtpx:TrackPointExtension>
      <gpxtpx:atemp>34</gpxtpx:atemp>
     </gpxtpx:TrackPointExtension>
    </extensions>
   </trkpt>
   <trkpt lat="48.3402540" lon="16.1555910">
    <ele>209.8</ele>
    <time>2024-06-08T12:15:08Z</time>
    <extensions>
     <gpxtpx:TrackPointExtension>
      <gpxtpx:atemp>34</gpxtpx:atemp>
     </gpxtpx:TrackPointExtension>
    </extensions>
   </trkpt>
   <trkpt lat="48.3401550" lon="16.1549530">
    <ele>210.0</ele>
    <time>2024-06-08T12:15:17Z</time>
    <extensions>
     <gpxtpx:TrackPointExtension>
      <gpxtpx:atemp>34</gpxtpx:atemp>
     </gpxtpx:TrackPointExtension>
    </extensions>
   </trkpt>
   <trkpt lat="48.3400630" lon="16.1542710">
    <ele>210.2</ele>
    <time>2024-06-08T12:15:26Z</time>
    <extensions>
     <gpxtpx:TrackPointExtension>
      <gpxtpx:atemp>34</gpxtpx:atemp>
     </gpxtpx:TrackPointExtension>
    </extensions>
   </trkpt>
   <trkpt lat="48.3399540" lon="16.1534770">
    <ele>210.4</ele>
    <time>2024-06-08T12:15:36Z</time>
    <extensions>
     <gpxtpx:TrackPointExtension>
      <gpxtpx:atemp>34</gpxtpx:atemp>
     </gpxtpx:TrackPointExtension>
    </extensions>
   </trkpt>
   <trkpt lat="48.3399260" lon="16.1532430">
    <ele>210.4</ele>
    <time>2024-06-08T12:15:39Z</time>
    <extensions>
     <gpxtpx:TrackPointExtension>
      <gpxtpx:atemp>34</gpxtpx:atemp>
     </gpxtpx:TrackPointExtension>
    </extensions>
   </trkpt>
   <trkpt lat="48.3398620" lon="16.1526610">
    <ele>210.6</ele>
    <time>2024-06-08T12:15:47Z</time>
    <extensions>
     <gpxtpx:TrackPointExtension>
      <gpxtpx:atemp>34</gpxtpx:atemp>
     </gpxtpx:TrackPointExtension>
    </extensions>
   </trkpt>
   <trkpt lat="48.3397740" lon="16.1517940">
    <ele>210.6</ele>
    <time>2024-06-08T12:15:58Z</time>
    <extensions>
     <gpxtpx:TrackPointExtension>
      <gpxtpx:atemp>34</gpxtpx:atemp>
     </gpxtpx:TrackPointExtension>
    </extensions>
   </trkpt>
   <trkpt lat="48.3397070" lon="16.1511450">
    <ele>210.6</ele>
    <time>2024-06-08T12:16:07Z</time>
    <extensions>
     <gpxtpx:TrackPointExtension>
      <gpxtpx:atemp>34</gpxtpx:atemp>
     </gpxtpx:TrackPointExtension>
    </extensions>
   </trkpt>
   <trkpt lat="48.3396220" lon="16.1503000">
    <ele>210.6</ele>
    <time>2024-06-08T12:16:18Z</time>
    <extensions>
     <gpxtpx:TrackPointExtension>
      <gpxtpx:atemp>34</gpxtpx:atemp>
     </gpxtpx:TrackPointExtension>
    </extensions>
   </trkpt>
   <trkpt lat="48.3396100" lon="16.1501690">
    <ele>210.6</ele>
    <time>2024-06-08T12:16:20Z</time>
    <extensions>
     <gpxtpx:TrackPointExtension>
      <gpxtpx:atemp>34</gpxtpx:atemp>
     </gpxtpx:TrackPointExtension>
    </extensions>
   </trkpt>
   <trkpt lat="48.3395890" lon="16.1499910">
    <ele>210.8</ele>
    <time>2024-06-08T12:16:23Z</time>
    <extensions>
     <gpxtpx:TrackPointExtension>
      <gpxtpx:atemp>34</gpxtpx:atemp>
     </gpxtpx:TrackPointExtension>
    </extensions>
   </trkpt>
   <trkpt lat="48.3395310" lon="16.1494920">
    <ele>211.2</ele>
    <time>2024-06-08T12:16:31Z</time>
    <extensions>
     <gpxtpx:TrackPointExtension>
      <gpxtpx:atemp>34</gpxtpx:atemp>
     </gpxtpx:TrackPointExtension>
    </extensions>
   </trkpt>
   <trkpt lat="48.3394940" lon="16.1490550">
    <ele>211.2</ele>
    <time>2024-06-08T12:16:38Z</time>
    <extensions>
     <gpxtpx:TrackPointExtension>
      <gpxtpx:atemp>34</gpxtpx:atemp>
     </gpxtpx:TrackPointExtension>
    </extensions>
   </trkpt>
   <trkpt lat="48.3394220" lon="16.1483730">
    <ele>211.2</ele>
    <time>2024-06-08T12:16:48Z</time>
    <extensions>
     <gpxtpx:TrackPointExtension>
      <gpxtpx:atemp>34</gpxtpx:atemp>
     </gpxtpx:TrackPointExtension>
    </extensions>
   </trkpt>
   <trkpt lat="48.3393720" lon="16.1478940">
    <ele>211.4</ele>
    <time>2024-06-08T12:16:55Z</time>
    <extensions>
     <gpxtpx:TrackPointExtension>
      <gpxtpx:atemp>34</gpxtpx:atemp>
     </gpxtpx:TrackPointExtension>
    </extensions>
   </trkpt>
   <trkpt lat="48.3393180" lon="16.1474310">
    <ele>211.6</ele>
    <time>2024-06-08T12:17:02Z</time>
    <extensions>
     <gpxtpx:TrackPointExtension>
      <gpxtpx:atemp>34</gpxtpx:atemp>
     </gpxtpx:TrackPointExtension>
    </extensions>
   </trkpt>
   <trkpt lat="48.3392550" lon="16.1467900">
    <ele>211.2</ele>
    <time>2024-06-08T12:17:11Z</time>
    <extensions>
     <gpxtpx:TrackPointExtension>
      <gpxtpx:atemp>34</gpxtpx:atemp>
     </gpxtpx:TrackPointExtension>
    </extensions>
   </trkpt>
   <trkpt lat="48.3392120" lon="16.1461580">
    <ele>211.4</ele>
    <time>2024-06-08T12:17:20Z</time>
    <extensions>
     <gpxtpx:TrackPointExtension>
      <gpxtpx:atemp>34</gpxtpx:atemp>
     </gpxtpx:TrackPointExtension>
    </extensions>
   </trkpt>
   <trkpt lat="48.3392530" lon="16.1455330">
    <ele>211.4</ele>
    <time>2024-06-08T12:17:28Z</time>
    <extensions>
     <gpxtpx:TrackPointExtension>
      <gpxtpx:atemp>34</gpxtpx:atemp>
     </gpxtpx:TrackPointExtension>
    </extensions>
   </trkpt>
   <trkpt lat="48.3392650" lon="16.1452190">
    <ele>211.4</ele>
    <time>2024-06-08T12:17:32Z</time>
    <extensions>
     <gpxtpx:TrackPointExtension>
      <gpxtpx:atemp>34</gpxtpx:atemp>
     </gpxtpx:TrackPointExtension>
    </extensions>
   </trkpt>
   <trkpt lat="48.3392500" lon="16.1449760">
    <ele>211.4</ele>
    <time>2024-06-08T12:17:35Z</time>
    <extensions>
     <gpxtpx:TrackPointExtension>
      <gpxtpx:atemp>34</gpxtpx:atemp>
     </gpxtpx:TrackPointExtension>
    </extensions>
   </trkpt>
   <trkpt lat="48.3391910" lon="16.1443540">
    <ele>211.4</ele>
    <time>2024-06-08T12:17:43Z</time>
    <extensions>
     <gpxtpx:TrackPointExtension>
      <gpxtpx:atemp>34</gpxtpx:atemp>
     </gpxtpx:TrackPointExtension>
    </extensions>
   </trkpt>
   <trkpt lat="48.3390640" lon="16.1436250">
    <ele>211.4</ele>
    <time>2024-06-08T12:17:53Z</time>
    <extensions>
     <gpxtpx:TrackPointExtension>
      <gpxtpx:atemp>34</gpxtpx:atemp>
     </gpxtpx:TrackPointExtension>
    </extensions>
   </trkpt>
   <trkpt lat="48.3389420" lon="16.1432030">
    <ele>211.6</ele>
    <time>2024-06-08T12:18:00Z</time>
    <extensions>
     <gpxtpx:TrackPointExtension>
      <gpxtpx:atemp>34</gpxtpx:atemp>
     </gpxtpx:TrackPointExtension>
    </extensions>
   </trkpt>
   <trkpt lat="48.3388220" lon="16.1427430">
    <ele>211.6</ele>
    <time>2024-06-08T12:18:07Z</time>
    <extensions>
     <gpxtpx:TrackPointExtension>
      <gpxtpx:atemp>34</gpxtpx:atemp>
     </gpxtpx:TrackPointExtension>
    </extensions>
   </trkpt>
   <trkpt lat="48.3388120" lon="16.1426710">
    <ele>211.6</ele>
    <time>2024-06-08T12:18:08Z</time>
    <extensions>
     <gpxtpx:TrackPointExtension>
      <gpxtpx:atemp>34</gpxtpx:atemp>
     </gpxtpx:TrackPointExtension>
    </extensions>
   </trkpt>
   <trkpt lat="48.3387190" lon="16.1418810">
    <ele>211.4</ele>
    <time>2024-06-08T12:18:19Z</time>
    <extensions>
     <gpxtpx:TrackPointExtension>
      <gpxtpx:atemp>34</gpxtpx:atemp>
     </gpxtpx:TrackPointExtension>
    </extensions>
   </trkpt>
   <trkpt lat="48.3386510" lon="16.1412410">
    <ele>211.4</ele>
    <time>2024-06-08T12:18:28Z</time>
    <extensions>
     <gpxtpx:TrackPointExtension>
      <gpxtpx:atemp>34</gpxtpx:atemp>
     </gpxtpx:TrackPointExtension>
    </extensions>
   </trkpt>
   <trkpt lat="48.3385810" lon="16.1405660">
    <ele>211.2</ele>
    <time>2024-06-08T12:18:37Z</time>
    <extensions>
     <gpxtpx:TrackPointExtension>
      <gpxtpx:atemp>34</gpxtpx:atemp>
     </gpxtpx:TrackPointExtension>
    </extensions>
   </trkpt>
   <trkpt lat="48.3385020" lon="16.1398170">
    <ele>211.4</ele>
    <time>2024-06-08T12:18:47Z</time>
    <extensions>
     <gpxtpx:TrackPointExtension>
      <gpxtpx:atemp>34</gpxtpx:atemp>
     </gpxtpx:TrackPointExtension>
    </extensions>
   </trkpt>
   <trkpt lat="48.3384250" lon="16.1390860">
    <ele>211.6</ele>
    <time>2024-06-08T12:18:57Z</time>
    <extensions>
     <gpxtpx:TrackPointExtension>
      <gpxtpx:atemp>34</gpxtpx:atemp>
     </gpxtpx:TrackPointExtension>
    </extensions>
   </trkpt>
   <trkpt lat="48.3383910" lon="16.1386500">
    <ele>211.6</ele>
    <time>2024-06-08T12:19:03Z</time>
    <extensions>
     <gpxtpx:TrackPointExtension>
      <gpxtpx:atemp>34</gpxtpx:atemp>
     </gpxtpx:TrackPointExtension>
    </extensions>
   </trkpt>
   <trkpt lat="48.3383910" lon="16.1385710">
    <ele>211.6</ele>
    <time>2024-06-08T12:19:04Z</time>
    <extensions>
     <gpxtpx:TrackPointExtension>
      <gpxtpx:atemp>34</gpxtpx:atemp>
     </gpxtpx:TrackPointExtension>
    </extensions>
   </trkpt>
   <trkpt lat="48.3383930" lon="16.1384900">
    <ele>211.6</ele>
    <time>2024-06-08T12:19:05Z</time>
    <extensions>
     <gpxtpx:TrackPointExtension>
      <gpxtpx:atemp>34</gpxtpx:atemp>
     </gpxtpx:TrackPointExtension>
    </extensions>
   </trkpt>
   <trkpt lat="48.3384090" lon="16.1383370">
    <ele>211.6</ele>
    <time>2024-06-08T12:19:07Z</time>
    <extensions>
     <gpxtpx:TrackPointExtension>
      <gpxtpx:atemp>34</gpxtpx:atemp>
     </gpxtpx:TrackPointExtension>
    </extensions>
   </trkpt>
   <trkpt lat="48.3384360" lon="16.1381970">
    <ele>211.6</ele>
    <time>2024-06-08T12:19:09Z</time>
    <extensions>
     <gpxtpx:TrackPointExtension>
      <gpxtpx:atemp>34</gpxtpx:atemp>
     </gpxtpx:TrackPointExtension>
    </extensions>
   </trkpt>
   <trkpt lat="48.3384460" lon="16.1381450">
    <ele>211.6</ele>
    <time>2024-06-08T12:19:10Z</time>
    <extensions>
     <gpxtpx:TrackPointExtension>
      <gpxtpx:atemp>34</gpxtpx:atemp>
     </gpxtpx:TrackPointExtension>
    </extensions>
   </trkpt>
   <trkpt lat="48.3384520" lon="16.1381040">
    <ele>211.6</ele>
    <time>2024-06-08T12:19:12Z</time>
    <extensions>
     <gpxtpx:TrackPointExtension>
      <gpxtpx:atemp>34</gpxtpx:atemp>
     </gpxtpx:TrackPointExtension>
    </extensions>
   </trkpt>
   <trkpt lat="48.3384460" lon="16.1381130">
    <ele>211.6</ele>
    <time>2024-06-08T12:19:15Z</time>
    <extensions>
     <gpxtpx:TrackPointExtension>
      <gpxtpx:atemp>34</gpxtpx:atemp>
     </gpxtpx:TrackPointExtension>
    </extensions>
   </trkpt>
   <trkpt lat="48.3384630" lon="16.1380520">
    <ele>211.6</ele>
    <time>2024-06-08T12:19:46Z</time>
    <extensions>
     <gpxtpx:TrackPointExtension>
      <gpxtpx:atemp>34</gpxtpx:atemp>
     </gpxtpx:TrackPointExtension>
    </extensions>
   </trkpt>
   <trkpt lat="48.3384810" lon="16.1379780">
    <ele>211.6</ele>
    <time>2024-06-08T12:19:48Z</time>
    <extensions>
     <gpxtpx:TrackPointExtension>
      <gpxtpx:atemp>34</gpxtpx:atemp>
     </gpxtpx:TrackPointExtension>
    </extensions>
   </trkpt>
   <trkpt lat="48.3385160" lon="16.1377640">
    <ele>211.8</ele>
    <time>2024-06-08T12:19:53Z</time>
    <extensions>
     <gpxtpx:TrackPointExtension>
      <gpxtpx:atemp>34</gpxtpx:atemp>
     </gpxtpx:TrackPointExtension>
    </extensions>
   </trkpt>
   <trkpt lat="48.3385290" lon="16.1377130">
    <ele>211.8</ele>
    <time>2024-06-08T12:19:54Z</time>
    <extensions>
     <gpxtpx:TrackPointExtension>
      <gpxtpx:atemp>34</gpxtpx:atemp>
     </gpxtpx:TrackPointExtension>
    </extensions>
   </trkpt>
   <trkpt lat="48.3385720" lon="16.1375680">
    <ele>211.8</ele>
    <time>2024-06-08T12:19:56Z</time>
    <extensions>
     <gpxtpx:TrackPointExtension>
      <gpxtpx:atemp>34</gpxtpx:atemp>
     </gpxtpx:TrackPointExtension>
    </extensions>
   </trkpt>
   <trkpt lat="48.3385930" lon="16.1374710">
    <ele>211.8</ele>
    <time>2024-06-08T12:19:57Z</time>
    <extensions>
     <gpxtpx:TrackPointExtension>
      <gpxtpx:atemp>34</gpxtpx:atemp>
     </gpxtpx:TrackPointExtension>
    </extensions>
   </trkpt>
   <trkpt lat="48.3387540" lon="16.1367890">
    <ele>211.6</ele>
    <time>2024-06-08T12:20:05Z</time>
    <extensions>
     <gpxtpx:TrackPointExtension>
      <gpxtpx:atemp>34</gpxtpx:atemp>
     </gpxtpx:TrackPointExtension>
    </extensions>
   </trkpt>
   <trkpt lat="48.3388440" lon="16.1363560">
    <ele>211.4</ele>
    <time>2024-06-08T12:20:10Z</time>
    <extensions>
     <gpxtpx:TrackPointExtension>
      <gpxtpx:atemp>34</gpxtpx:atemp>
     </gpxtpx:TrackPointExtension>
    </extensions>
   </trkpt>
   <trkpt lat="48.3388480" lon="16.1361800">
    <ele>211.2</ele>
    <time>2024-06-08T12:20:12Z</time>
    <extensions>
     <gpxtpx:TrackPointExtension>
      <gpxtpx:atemp>34</gpxtpx:atemp>
     </gpxtpx:TrackPointExtension>
    </extensions>
   </trkpt>
   <trkpt lat="48.3388400" lon="16.1360900">
    <ele>211.2</ele>
    <time>2024-06-08T12:20:13Z</time>
    <extensions>
     <gpxtpx:TrackPointExtension>
      <gpxtpx:atemp>34</gpxtpx:atemp>
     </gpxtpx:TrackPointExtension>
    </extensions>
   </trkpt>
   <trkpt lat="48.3387980" lon="16.1359180">
    <ele>211.2</ele>
    <time>2024-06-08T12:20:15Z</time>
    <extensions>
     <gpxtpx:TrackPointExtension>
      <gpxtpx:atemp>34</gpxtpx:atemp>
     </gpxtpx:TrackPointExtension>
    </extensions>
   </trkpt>
   <trkpt lat="48.3387660" lon="16.1358430">
    <ele>211.2</ele>
    <time>2024-06-08T12:20:16Z</time>
    <extensions>
     <gpxtpx:TrackPointExtension>
      <gpxtpx:atemp>34</gpxtpx:atemp>
     </gpxtpx:TrackPointExtension>
    </extensions>
   </trkpt>
   <trkpt lat="48.3387290" lon="16.1357770">
    <ele>211.2</ele>
    <time>2024-06-08T12:20:17Z</time>
    <extensions>
     <gpxtpx:TrackPointExtension>
      <gpxtpx:atemp>34</gpxtpx:atemp>
     </gpxtpx:TrackPointExtension>
    </extensions>
   </trkpt>
   <trkpt lat="48.3385280" lon="16.1354790">
    <ele>211.0</ele>
    <time>2024-06-08T12:20:22Z</time>
    <extensions>
     <gpxtpx:TrackPointExtension>
      <gpxtpx:atemp>34</gpxtpx:atemp>
     </gpxtpx:TrackPointExtension>
    </extensions>
   </trkpt>
   <trkpt lat="48.3381400" lon="16.1349150">
    <ele>211.2</ele>
    <time>2024-06-08T12:20:32Z</time>
    <extensions>
     <gpxtpx:TrackPointExtension>
      <gpxtpx:atemp>34</gpxtpx:atemp>
     </gpxtpx:TrackPointExtension>
    </extensions>
   </trkpt>
   <trkpt lat="48.3380820" lon="16.1347850">
    <ele>211.2</ele>
    <time>2024-06-08T12:20:34Z</time>
    <extensions>
     <gpxtpx:TrackPointExtension>
      <gpxtpx:atemp>34</gpxtpx:atemp>
     </gpxtpx:TrackPointExtension>
    </extensions>
   </trkpt>
   <trkpt lat="48.3380220" lon="16.1345660">
    <ele>211.4</ele>
    <time>2024-06-08T12:20:37Z</time>
    <extensions>
     <gpxtpx:TrackPointExtension>
      <gpxtpx:atemp>34</gpxtpx:atemp>
     </gpxtpx:TrackPointExtension>
    </extensions>
   </trkpt>
   <trkpt lat="48.3379690" lon="16.1340870">
    <ele>211.6</ele>
    <time>2024-06-08T12:20:43Z</time>
    <extensions>
     <gpxtpx:TrackPointExtension>
      <gpxtpx:atemp>34</gpxtpx:atemp>
     </gpxtpx:TrackPointExtension>
    </extensions>
   </trkpt>
   <trkpt lat="48.3379100" lon="16.1332710">
    <ele>212.0</ele>
    <time>2024-06-08T12:20:53Z</time>
    <extensions>
     <gpxtpx:TrackPointExtension>
      <gpxtpx:atemp>34</gpxtpx:atemp>
     </gpxtpx:TrackPointExtension>
    </extensions>
   </trkpt>
   <trkpt lat="48.3379040" lon="16.1331900">
    <ele>212.0</ele>
    <time>2024-06-08T12:20:54Z</time>
    <extensions>
     <gpxtpx:TrackPointExtension>
      <gpxtpx:atemp>34</gpxtpx:atemp>
     </gpxtpx:TrackPointExtension>
    </extensions>
   </trkpt>
   <trkpt lat="48.3378430" lon="16.1324470">
    <ele>212.2</ele>
    <time>2024-06-08T12:21:03Z</time>
    <extensions>
     <gpxtpx:TrackPointExtension>
      <gpxtpx:atemp>34</gpxtpx:atemp>
     </gpxtpx:TrackPointExtension>
    </extensions>
   </trkpt>
   <trkpt lat="48.3377810" lon="16.1316380">
    <ele>212.0</ele>
    <time>2024-06-08T12:21:13Z</time>
    <extensions>
     <gpxtpx:TrackPointExtension>
      <gpxtpx:atemp>34</gpxtpx:atemp>
     </gpxtpx:TrackPointExtension>
    </extensions>
   </trkpt>
   <trkpt lat="48.3377760" lon="16.1315590">
    <ele>212.0</ele>
    <time>2024-06-08T12:21:14Z</time>
    <extensions>
     <gpxtpx:TrackPointExtension>
      <gpxtpx:atemp>34</gpxtpx:atemp>
     </gpxtpx:TrackPointExtension>
    </extensions>
   </trkpt>
   <trkpt lat="48.3377200" lon="16.1306940">
    <ele>212.2</ele>
    <time>2024-06-08T12:21:25Z</time>
    <extensions>
     <gpxtpx:TrackPointExtension>
      <gpxtpx:atemp>34</gpxtpx:atemp>
     </gpxtpx:TrackPointExtension>
    </extensions>
   </trkpt>
   <trkpt lat="48.3376610" lon="16.1298490">
    <ele>212.2</ele>
    <time>2024-06-08T12:21:36Z</time>
    <extensions>
     <gpxtpx:TrackPointExtension>
      <gpxtpx:atemp>34</gpxtpx:atemp>
     </gpxtpx:TrackPointExtension>
    </extensions>
   </trkpt>
   <trkpt lat="48.3376050" lon="16.1291880">
    <ele>212.4</ele>
    <time>2024-06-08T12:21:45Z</time>
    <extensions>
     <gpxtpx:TrackPointExtension>
      <gpxtpx:atemp>34</gpxtpx:atemp>
     </gpxtpx:TrackPointExtension>
    </extensions>
   </trkpt>
   <trkpt lat="48.3375460" lon="16.1283800">
    <ele>212.4</ele>
    <time>2024-06-08T12:21:56Z</time>
    <extensions>
     <gpxtpx:TrackPointExtension>
      <gpxtpx:atemp>34</gpxtpx:atemp>
     </gpxtpx:TrackPointExtension>
    </extensions>
   </trkpt>
   <trkpt lat="48.3375340" lon="16.1282280">
    <ele>212.4</ele>
    <time>2024-06-08T12:21:58Z</time>
    <extensions>
     <gpxtpx:TrackPointExtension>
      <gpxtpx:atemp>34</gpxtpx:atemp>
     </gpxtpx:TrackPointExtension>
    </extensions>
   </trkpt>
   <trkpt lat="48.3374690" lon="16.1274500">
    <ele>212.6</ele>
    <time>2024-06-08T12:22:08Z</time>
    <extensions>
     <gpxtpx:TrackPointExtension>
      <gpxtpx:atemp>34</gpxtpx:atemp>
     </gpxtpx:TrackPointExtension>
    </extensions>
   </trkpt>
   <trkpt lat="48.3374020" lon="16.1265840">
    <ele>213.0</ele>
    <time>2024-06-08T12:22:19Z</time>
    <extensions>
     <gpxtpx:TrackPointExtension>
      <gpxtpx:atemp>34</gpxtpx:atemp>
     </gpxtpx:TrackPointExtension>
    </extensions>
   </trkpt>
   <trkpt lat="48.3373960" lon="16.1265080">
    <ele>213.0</ele>
    <time>2024-06-08T12:22:20Z</time>
    <extensions>
     <gpxtpx:TrackPointExtension>
      <gpxtpx:atemp>34</gpxtpx:atemp>
     </gpxtpx:TrackPointExtension>
    </extensions>
   </trkpt>
   <trkpt lat="48.3373420" lon="16.1257890">
    <ele>212.8</ele>
    <time>2024-06-08T12:22:29Z</time>
    <extensions>
     <gpxtpx:TrackPointExtension>
      <gpxtpx:atemp>34</gpxtpx:atemp>
     </gpxtpx:TrackPointExtension>
    </extensions>
   </trkpt>
   <trkpt lat="48.3372760" lon="16.1250600">
    <ele>212.8</ele>
    <time>2024-06-08T12:22:37Z</time>
    <extensions>
     <gpxtpx:TrackPointExtension>
      <gpxtpx:atemp>34</gpxtpx:atemp>
     </gpxtpx:TrackPointExtension>
    </extensions>
   </trkpt>
   <trkpt lat="48.3372650" lon="16.1249700">
    <ele>212.8</ele>
    <time>2024-06-08T12:22:38Z</time>
    <extensions>
     <gpxtpx:TrackPointExtension>
      <gpxtpx:atemp>34</gpxtpx:atemp>
     </gpxtpx:TrackPointExtension>
    </extensions>
   </trkpt>
   <trkpt lat="48.3372200" lon="16.1244310">
    <ele>212.4</ele>
    <time>2024-06-08T12:22:44Z</time>
    <extensions>
     <gpxtpx:TrackPointExtension>
      <gpxtpx:atemp>34</gpxtpx:atemp>
     </gpxtpx:TrackPointExtension>
    </extensions>
   </trkpt>
   <trkpt lat="48.3371500" lon="16.1236170">
    <ele>212.4</ele>
    <time>2024-06-08T12:22:53Z</time>
    <extensions>
     <gpxtpx:TrackPointExtension>
      <gpxtpx:atemp>33</gpxtpx:atemp>
     </gpxtpx:TrackPointExtension>
    </extensions>
   </trkpt>
   <trkpt lat="48.3371190" lon="16.1233620">
    <ele>212.4</ele>
    <time>2024-06-08T12:22:56Z</time>
    <extensions>
     <gpxtpx:TrackPointExtension>
      <gpxtpx:atemp>33</gpxtpx:atemp>
     </gpxtpx:TrackPointExtension>
    </extensions>
   </trkpt>
   <trkpt lat="48.3370500" lon="16.1225520">
    <ele>212.4</ele>
    <time>2024-06-08T12:23:05Z</time>
    <extensions>
     <gpxtpx:TrackPointExtension>
      <gpxtpx:atemp>33</gpxtpx:atemp>
     </gpxtpx:TrackPointExtension>
    </extensions>
   </trkpt>
   <trkpt lat="48.3370200" lon="16.1222030">
    <ele>212.2</ele>
    <time>2024-06-08T12:23:09Z</time>
    <extensions>
     <gpxtpx:TrackPointExtension>
      <gpxtpx:atemp>33</gpxtpx:atemp>
     </gpxtpx:TrackPointExtension>
    </extensions>
   </trkpt>
   <trkpt lat="48.3369560" lon="16.1214830">
    <ele>212.2</ele>
    <time>2024-06-08T12:23:18Z</time>
    <extensions>
     <gpxtpx:TrackPointExtension>
      <gpxtpx:atemp>33</gpxtpx:atemp>
     </gpxtpx:TrackPointExtension>
    </extensions>
   </trkpt>
   <trkpt lat="48.3368990" lon="16.1206660">
    <ele>212.0</ele>
    <time>2024-06-08T12:23:27Z</time>
    <extensions>
     <gpxtpx:TrackPointExtension>
      <gpxtpx:atemp>33</gpxtpx:atemp>
     </gpxtpx:TrackPointExtension>
    </extensions>
   </trkpt>
   <trkpt lat="48.3368320" lon="16.1198980">
    <ele>212.0</ele>
    <time>2024-06-08T12:23:36Z</time>
    <extensions>
     <gpxtpx:TrackPointExtension>
      <gpxtpx:atemp>33</gpxtpx:atemp>
     </gpxtpx:TrackPointExtension>
    </extensions>
   </trkpt>
   <trkpt lat="48.3368160" lon="16.1197280">
    <ele>212.0</ele>
    <time>2024-06-08T12:23:38Z</time>
    <extensions>
     <gpxtpx:TrackPointExtension>
      <gpxtpx:atemp>33</gpxtpx:atemp>
     </gpxtpx:TrackPointExtension>
    </extensions>
   </trkpt>
   <trkpt lat="48.3367960" lon="16.1192930">
    <ele>212.4</ele>
    <time>2024-06-08T12:23:43Z</time>
    <extensions>
     <gpxtpx:TrackPointExtension>
      <gpxtpx:atemp>33</gpxtpx:atemp>
     </gpxtpx:TrackPointExtension>
    </extensions>
   </trkpt>
   <trkpt lat="48.3367340" lon="16.1184230">
    <ele>212.4</ele>
    <time>2024-06-08T12:23:53Z</time>
    <extensions>
     <gpxtpx:TrackPointExtension>
      <gpxtpx:atemp>33</gpxtpx:atemp>
     </gpxtpx:TrackPointExtension>
    </extensions>
   </trkpt>
   <trkpt lat="48.3367180" lon="16.1181630">
    <ele>212.4</ele>
    <time>2024-06-08T12:23:56Z</time>
    <extensions>
     <gpxtpx:TrackPointExtension>
      <gpxtpx:atemp>33</gpxtpx:atemp>
     </gpxtpx:TrackPointExtension>
    </extensions>
   </trkpt>
   <trkpt lat="48.3366790" lon="16.1176430">
    <ele>212.4</ele>
    <time>2024-06-08T12:24:02Z</time>
    <extensions>
     <gpxtpx:TrackPointExtension>
      <gpxtpx:atemp>33</gpxtpx:atemp>
     </gpxtpx:TrackPointExtension>
    </extensions>
   </trkpt>
   <trkpt lat="48.3366040" lon="16.1167580">
    <ele>212.2</ele>
    <time>2024-06-08T12:24:12Z</time>
    <extensions>
     <gpxtpx:TrackPointExtension>
      <gpxtpx:atemp>33</gpxtpx:atemp>
     </gpxtpx:TrackPointExtension>
    </extensions>
   </trkpt>
   <trkpt lat="48.3365960" lon="16.1166780">
    <ele>212.2</ele>
    <time>2024-06-08T12:24:13Z</time>
    <extensions>
     <gpxtpx:TrackPointExtension>
      <gpxtpx:atemp>33</gpxtpx:atemp>
     </gpxtpx:TrackPointExtension>
    </extensions>
   </trkpt>
   <trkpt lat="48.3365360" lon="16.1159340">
    <ele>212.0</ele>
    <time>2024-06-08T12:24:22Z</time>
    <extensions>
     <gpxtpx:TrackPointExtension>
      <gpxtpx:atemp>33</gpxtpx:atemp>
     </gpxtpx:TrackPointExtension>
    </extensions>
   </trkpt>
   <trkpt lat="48.3364870" lon="16.1153560">
    <ele>212.0</ele>
    <time>2024-06-08T12:24:28Z</time>
    <extensions>
     <gpxtpx:TrackPointExtension>
      <gpxtpx:atemp>33</gpxtpx:atemp>
     </gpxtpx:TrackPointExtension>
    </extensions>
   </trkpt>
   <trkpt lat="48.3364300" lon="16.1146430">
    <ele>212.2</ele>
    <time>2024-06-08T12:24:35Z</time>
    <extensions>
     <gpxtpx:TrackPointExtension>
      <gpxtpx:atemp>33</gpxtpx:atemp>
     </gpxtpx:TrackPointExtension>
    </extensions>
   </trkpt>
   <trkpt lat="48.3363960" lon="16.1141390">
    <ele>212.2</ele>
    <time>2024-06-08T12:24:41Z</time>
    <extensions>
     <gpxtpx:TrackPointExtension>
      <gpxtpx:atemp>33</gpxtpx:atemp>
     </gpxtpx:TrackPointExtension>
    </extensions>
   </trkpt>
   <trkpt lat="48.3363250" lon="16.1132580">
    <ele>212.2</ele>
    <time>2024-06-08T12:24:50Z</time>
    <extensions>
     <gpxtpx:TrackPointExtension>
      <gpxtpx:atemp>33</gpxtpx:atemp>
     </gpxtpx:TrackPointExtension>
    </extensions>
   </trkpt>
   <trkpt lat="48.3362680" lon="16.1125710">
    <ele>212.4</ele>
    <time>2024-06-08T12:24:58Z</time>
    <extensions>
     <gpxtpx:TrackPointExtension>
      <gpxtpx:atemp>33</gpxtpx:atemp>
     </gpxtpx:TrackPointExtension>
    </extensions>
   </trkpt>
   <trkpt lat="48.3362250" lon="16.1119720">
    <ele>212.6</ele>
    <time>2024-06-08T12:25:06Z</time>
    <extensions>
     <gpxtpx:TrackPointExtension>
      <gpxtpx:atemp>33</gpxtpx:atemp>
     </gpxtpx:TrackPointExtension>
    </extensions>
   </trkpt>
   <trkpt lat="48.3361830" lon="16.1114340">
    <ele>212.8</ele>
    <time>2024-06-08T12:25:13Z</time>
    <extensions>
     <gpxtpx:TrackPointExtension>
      <gpxtpx:atemp>33</gpxtpx:atemp>
     </gpxtpx:TrackPointExtension>
    </extensions>
   </trkpt>
   <trkpt lat="48.3361220" lon="16.1107240">
    <ele>212.8</ele>
    <time>2024-06-08T12:25:22Z</time>
    <extensions>
     <gpxtpx:TrackPointExtension>
      <gpxtpx:atemp>33</gpxtpx:atemp>
     </gpxtpx:TrackPointExtension>
    </extensions>
   </trkpt>
   <trkpt lat="48.3360750" lon="16.1101100">
    <ele>212.6</ele>
    <time>2024-06-08T12:25:31Z</time>
    <extensions>
     <gpxtpx:TrackPointExtension>
      <gpxtpx:atemp>33</gpxtpx:atemp>
     </gpxtpx:TrackPointExtension>
    </extensions>
   </trkpt>
   <trkpt lat="48.3360070" lon="16.1094440">
    <ele>212.6</ele>
    <time>2024-06-08T12:25:41Z</time>
    <extensions>
     <gpxtpx:TrackPointExtension>
      <gpxtpx:atemp>33</gpxtpx:atemp>
     </gpxtpx:TrackPointExtension>
    </extensions>
   </trkpt>
   <trkpt lat="48.3359870" lon="16.1090290">
    <ele>212.6</ele>
    <time>2024-06-08T12:25:46Z</time>
    <extensions>
     <gpxtpx:TrackPointExtension>
      <gpxtpx:atemp>33</gpxtpx:atemp>
     </gpxtpx:TrackPointExtension>
    </extensions>
   </trkpt>
   <trkpt lat="48.3359390" lon="16.1084180">
    <ele>212.6</ele>
    <time>2024-06-08T12:25:53Z</time>
    <extensions>
     <gpxtpx:TrackPointExtension>
      <gpxtpx:atemp>33</gpxtpx:atemp>
     </gpxtpx:TrackPointExtension>
    </extensions>
   </trkpt>
   <trkpt lat="48.3359020" lon="16.1078800">
    <ele>212.6</ele>
    <time>2024-06-08T12:26:00Z</time>
    <extensions>
     <gpxtpx:TrackPointExtension>
      <gpxtpx:atemp>33</gpxtpx:atemp>
     </gpxtpx:TrackPointExtension>
    </extensions>
   </trkpt>
   <trkpt lat="48.3358660" lon="16.1074400">
    <ele>212.8</ele>
    <time>2024-06-08T12:26:06Z</time>
    <extensions>
     <gpxtpx:TrackPointExtension>
      <gpxtpx:atemp>33</gpxtpx:atemp>
     </gpxtpx:TrackPointExtension>
    </extensions>
   </trkpt>
   <trkpt lat="48.3358110" lon="16.1067180">
    <ele>213.0</ele>
    <time>2024-06-08T12:26:16Z</time>
    <extensions>
     <gpxtpx:TrackPointExtension>
      <gpxtpx:atemp>33</gpxtpx:atemp>
     </gpxtpx:TrackPointExtension>
    </extensions>
   </trkpt>
   <trkpt lat="48.3357680" lon="16.1059180">
    <ele>213.2</ele>
    <time>2024-06-08T12:26:27Z</time>
    <extensions>
     <gpxtpx:TrackPointExtension>
      <gpxtpx:atemp>33</gpxtpx:atemp>
     </gpxtpx:TrackPointExtension>
    </extensions>
   </trkpt>
   <trkpt lat="48.3357500" lon="16.1054420">
    <ele>213.2</ele>
    <time>2024-06-08T12:26:33Z</time>
    <extensions>
     <gpxtpx:TrackPointExtension>
      <gpxtpx:atemp>33</gpxtpx:atemp>
     </gpxtpx:TrackPointExtension>
    </extensions>
   </trkpt>
   <trkpt lat="48.3357410" lon="16.1053020">
    <ele>213.2</ele>
    <time>2024-06-08T12:26:35Z</time>
    <extensions>
     <gpxtpx:TrackPointExtension>
      <gpxtpx:atemp>33</gpxtpx:atemp>
     </gpxtpx:TrackPointExtension>
    </extensions>
   </trkpt>
   <trkpt lat="48.3357120" lon="16.1046570">
    <ele>213.2</ele>
    <time>2024-06-08T12:26:43Z</time>
    <extensions>
     <gpxtpx:TrackPointExtension>
      <gpxtpx:atemp>33</gpxtpx:atemp>
     </gpxtpx:TrackPointExtension>
    </extensions>
   </trkpt>
   <trkpt lat="48.3356920" lon="16.1039280">
    <ele>213.2</ele>
    <time>2024-06-08T12:26:53Z</time>
    <extensions>
     <gpxtpx:TrackPointExtension>
      <gpxtpx:atemp>33</gpxtpx:atemp>
     </gpxtpx:TrackPointExtension>
    </extensions>
   </trkpt>
   <trkpt lat="48.3356810" lon="16.1032440">
    <ele>213.4</ele>
    <time>2024-06-08T12:27:02Z</time>
    <extensions>
     <gpxtpx:TrackPointExtension>
      <gpxtpx:atemp>33</gpxtpx:atemp>
     </gpxtpx:TrackPointExtension>
    </extensions>
   </trkpt>
   <trkpt lat="48.3356920" lon="16.1026230">
    <ele>213.4</ele>
    <time>2024-06-08T12:27:10Z</time>
    <extensions>
     <gpxtpx:TrackPointExtension>
      <gpxtpx:atemp>33</gpxtpx:atemp>
     </gpxtpx:TrackPointExtension>
    </extensions>
   </trkpt>
   <trkpt lat="48.3357050" lon="16.1017900">
    <ele>213.4</ele>
    <time>2024-06-08T12:27:20Z</time>
    <extensions>
     <gpxtpx:TrackPointExtension>
      <gpxtpx:atemp>33</gpxtpx:atemp>
     </gpxtpx:TrackPointExtension>
    </extensions>
   </trkpt>
   <trkpt lat="48.3357060" lon="16.1017060">
    <ele>213.4</ele>
    <time>2024-06-08T12:27:21Z</time>
    <extensions>
     <gpxtpx:TrackPointExtension>
      <gpxtpx:atemp>33</gpxtpx:atemp>
     </gpxtpx:TrackPointExtension>
    </extensions>
   </trkpt>
   <trkpt lat="48.3357240" lon="16.1008940">
    <ele>213.4</ele>
    <time>2024-06-08T12:27:31Z</time>
    <extensions>
     <gpxtpx:TrackPointExtension>
      <gpxtpx:atemp>33</gpxtpx:atemp>
     </gpxtpx:TrackPointExtension>
    </extensions>
   </trkpt>
   <trkpt lat="48.3357260" lon="16.1008130">
    <ele>213.4</ele>
    <time>2024-06-08T12:27:32Z</time>
    <extensions>
     <gpxtpx:TrackPointExtension>
      <gpxtpx:atemp>33</gpxtpx:atemp>
     </gpxtpx:TrackPointExtension>
    </extensions>
   </trkpt>
   <trkpt lat="48.3357520" lon="16.1000620">
    <ele>213.8</ele>
    <time>2024-06-08T12:27:41Z</time>
    <extensions>
     <gpxtpx:TrackPointExtension>
      <gpxtpx:atemp>33</gpxtpx:atemp>
     </gpxtpx:TrackPointExtension>
    </extensions>
   </trkpt>
   <trkpt lat="48.3357720" lon="16.0994620">
    <ele>213.6</ele>
    <time>2024-06-08T12:27:48Z</time>
    <extensions>
     <gpxtpx:TrackPointExtension>
      <gpxtpx:atemp>33</gpxtpx:atemp>
     </gpxtpx:TrackPointExtension>
    </extensions>
   </trkpt>
   <trkpt lat="48.3358030" lon="16.0988070">
    <ele>213.6</ele>
    <time>2024-06-08T12:27:56Z</time>
    <extensions>
     <gpxtpx:TrackPointExtension>
      <gpxtpx:atemp>33</gpxtpx:atemp>
     </gpxtpx:TrackPointExtension>
    </extensions>
   </trkpt>
   <trkpt lat="48.3358430" lon="16.0980360">
    <ele>213.4</ele>
    <time>2024-06-08T12:28:05Z</time>
    <extensions>
     <gpxtpx:TrackPointExtension>
      <gpxtpx:atemp>33</gpxtpx:atemp>
     </gpxtpx:TrackPointExtension>
    </extensions>
   </trkpt>
   <trkpt lat="48.3358880" lon="16.0973490">
    <ele>213.6</ele>
    <time>2024-06-08T12:28:13Z</time>
    <extensions>
     <gpxtpx:TrackPointExtension>
      <gpxtpx:atemp>33</gpxtpx:atemp>
     </gpxtpx:TrackPointExtension>
    </extensions>
   </trkpt>
   <trkpt lat="48.3359350" lon="16.0965540">
    <ele>213.6</ele>
    <time>2024-06-08T12:28:22Z</time>
    <extensions>
     <gpxtpx:TrackPointExtension>
      <gpxtpx:atemp>33</gpxtpx:atemp>
     </gpxtpx:TrackPointExtension>
    </extensions>
   </trkpt>
   <trkpt lat="48.3359850" lon="16.0957580">
    <ele>213.8</ele>
    <time>2024-06-08T12:28:31Z</time>
    <extensions>
     <gpxtpx:TrackPointExtension>
      <gpxtpx:atemp>33</gpxtpx:atemp>
     </gpxtpx:TrackPointExtension>
    </extensions>
   </trkpt>
   <trkpt lat="48.3360340" lon="16.0949100">
    <ele>214.2</ele>
    <time>2024-06-08T12:28:41Z</time>
    <extensions>
     <gpxtpx:TrackPointExtension>
      <gpxtpx:atemp>33</gpxtpx:atemp>
     </gpxtpx:TrackPointExtension>
    </extensions>
   </trkpt>
   <trkpt lat="48.3360740" lon="16.0942310">
    <ele>214.4</ele>
    <time>2024-06-08T12:28:49Z</time>
    <extensions>
     <gpxtpx:TrackPointExtension>
      <gpxtpx:atemp>33</gpxtpx:atemp>
     </gpxtpx:TrackPointExtension>
    </extensions>
   </trkpt>
   <trkpt lat="48.3361240" lon="16.0934220">
    <ele>214.4</ele>
    <time>2024-06-08T12:28:59Z</time>
    <extensions>
     <gpxtpx:TrackPointExtension>
      <gpxtpx:atemp>33</gpxtpx:atemp>
     </gpxtpx:TrackPointExtension>
    </extensions>
   </trkpt>
   <trkpt lat="48.3361340" lon="16.0932570">
    <ele>214.4</ele>
    <time>2024-06-08T12:29:01Z</time>
    <extensions>
     <gpxtpx:TrackPointExtension>
      <gpxtpx:atemp>33</gpxtpx:atemp>
     </gpxtpx:TrackPointExtension>
    </extensions>
   </trkpt>
   <trkpt lat="48.3361900" lon="16.0924320">
    <ele>214.0</ele>
    <time>2024-06-08T12:29:11Z</time>
    <extensions>
     <gpxtpx:TrackPointExtension>
      <gpxtpx:atemp>33</gpxtpx:atemp>
     </gpxtpx:TrackPointExtension>
    </extensions>
   </trkpt>
   <trkpt lat="48.3362010" lon="16.0922730">
    <ele>214.0</ele>
    <time>2024-06-08T12:29:13Z</time>
    <extensions>
     <gpxtpx:TrackPointExtension>
      <gpxtpx:atemp>33</gpxtpx:atemp>
     </gpxtpx:TrackPointExtension>
    </extensions>
   </trkpt>
   <trkpt lat="48.3362580" lon="16.0914680">
    <ele>214.0</ele>
    <time>2024-06-08T12:29:23Z</time>
    <extensions>
     <gpxtpx:TrackPointExtension>
      <gpxtpx:atemp>33</gpxtpx:atemp>
     </gpxtpx:TrackPointExtension>
    </extensions>
   </trkpt>
   <trkpt lat="48.3362640" lon="16.0913930">
    <ele>214.0</ele>
    <time>2024-06-08T12:29:24Z</time>
    <extensions>
     <gpxtpx:TrackPointExtension>
      <gpxtpx:atemp>33</gpxtpx:atemp>
     </gpxtpx:TrackPointExtension>
    </extensions>
   </trkpt>
   <trkpt lat="48.3363240" lon="16.0907640">
    <ele>214.2</ele>
    <time>2024-06-08T12:29:32Z</time>
    <extensions>
     <gpxtpx:TrackPointExtension>
      <gpxtpx:atemp>33</gpxtpx:atemp>
     </gpxtpx:TrackPointExtension>
    </extensions>
   </trkpt>
   <trkpt lat="48.3363900" lon="16.0900670">
    <ele>214.2</ele>
    <time>2024-06-08T12:29:40Z</time>
    <extensions>
     <gpxtpx:TrackPointExtension>
      <gpxtpx:atemp>33</gpxtpx:atemp>
     </gpxtpx:TrackPointExtension>
    </extensions>
   </trkpt>
   <trkpt lat="48.3364670" lon="16.0892390">
    <ele>214.2</ele>
    <time>2024-06-08T12:29:50Z</time>
    <extensions>
     <gpxtpx:TrackPointExtension>
      <gpxtpx:atemp>33</gpxtpx:atemp>
     </gpxtpx:TrackPointExtension>
    </extensions>
   </trkpt>
   <trkpt lat="48.3365480" lon="16.0884290">
    <ele>214.2</ele>
    <time>2024-06-08T12:30:00Z</time>
    <extensions>
     <gpxtpx:TrackPointExtension>
      <gpxtpx:atemp>33</gpxtpx:atemp>
     </gpxtpx:TrackPointExtension>
    </extensions>
   </trkpt>
   <trkpt lat="48.3365570" lon="16.0883440">
    <ele>214.2</ele>
    <time>2024-06-08T12:30:01Z</time>
    <extensions>
     <gpxtpx:TrackPointExtension>
      <gpxtpx:atemp>33</gpxtpx:atemp>
     </gpxtpx:TrackPointExtension>
    </extensions>
   </trkpt>
   <trkpt lat="48.3366480" lon="16.0875250">
    <ele>214.2</ele>
    <time>2024-06-08T12:30:11Z</time>
    <extensions>
     <gpxtpx:TrackPointExtension>
      <gpxtpx:atemp>33</gpxtpx:atemp>
     </gpxtpx:TrackPointExtension>
    </extensions>
   </trkpt>
   <trkpt lat="48.3366560" lon="16.0874410">
    <ele>214.0</ele>
    <time>2024-06-08T12:30:12Z</time>
    <extensions>
     <gpxtpx:TrackPointExtension>
      <gpxtpx:atemp>33</gpxtpx:atemp>
     </gpxtpx:TrackPointExtension>
    </extensions>
   </trkpt>
   <trkpt lat="48.3367200" lon="16.0867850">
    <ele>214.2</ele>
    <time>2024-06-08T12:30:20Z</time>
    <extensions>
     <gpxtpx:TrackPointExtension>
      <gpxtpx:atemp>33</gpxtpx:atemp>
     </gpxtpx:TrackPointExtension>
    </extensions>
   </trkpt>
   <trkpt lat="48.3368000" lon="16.0859480">
    <ele>214.2</ele>
    <time>2024-06-08T12:30:30Z</time>
    <extensions>
     <gpxtpx:TrackPointExtension>
      <gpxtpx:atemp>33</gpxtpx:atemp>
     </gpxtpx:TrackPointExtension>
    </extensions>
   </trkpt>
   <trkpt lat="48.3368090" lon="16.0858640">
    <ele>214.2</ele>
    <time>2024-06-08T12:30:31Z</time>
    <extensions>
     <gpxtpx:TrackPointExtension>
      <gpxtpx:atemp>33</gpxtpx:atemp>
     </gpxtpx:TrackPointExtension>
    </extensions>
   </trkpt>
   <trkpt lat="48.3369040" lon="16.0850200">
    <ele>214.4</ele>
    <time>2024-06-08T12:30:41Z</time>
    <extensions>
     <gpxtpx:TrackPointExtension>
      <gpxtpx:atemp>33</gpxtpx:atemp>
     </gpxtpx:TrackPointExtension>
    </extensions>
   </trkpt>
   <trkpt lat="48.3369960" lon="16.0843770">
    <ele>214.6</ele>
    <time>2024-06-08T12:30:49Z</time>
    <extensions>
     <gpxtpx:TrackPointExtension>
      <gpxtpx:atemp>33</gpxtpx:atemp>
     </gpxtpx:TrackPointExtension>
    </extensions>
   </trkpt>
   <trkpt lat="48.3371320" lon="16.0836540">
    <ele>214.6</ele>
    <time>2024-06-08T12:30:58Z</time>
    <extensions>
     <gpxtpx:TrackPointExtension>
      <gpxtpx:atemp>33</gpxtpx:atemp>
     </gpxtpx:TrackPointExtension>
    </extensions>
   </trkpt>
   <trkpt lat="48.3373110" lon="16.0828740">
    <ele>214.4</ele>
    <time>2024-06-08T12:31:08Z</time>
    <extensions>
     <gpxtpx:TrackPointExtension>
      <gpxtpx:atemp>33</gpxtpx:atemp>
     </gpxtpx:TrackPointExtension>
    </extensions>
   </trkpt>
   <trkpt lat="48.3373290" lon="16.0827950">
    <ele>214.4</ele>
    <time>2024-06-08T12:31:09Z</time>
    <extensions>
     <gpxtpx:TrackPointExtension>
      <gpxtpx:atemp>33</gpxtpx:atemp>
     </gpxtpx:TrackPointExtension>
    </extensions>
   </trkpt>
   <trkpt lat="48.3375180" lon="16.0819650">
    <ele>214.4</ele>
    <time>2024-06-08T12:31:19Z</time>
    <extensions>
     <gpxtpx:TrackPointExtension>
      <gpxtpx:atemp>33</gpxtpx:atemp>
     </gpxtpx:TrackPointExtension>
    </extensions>
   </trkpt>
   <trkpt lat="48.3375360" lon="16.0818880">
    <ele>214.4</ele>
    <time>2024-06-08T12:31:20Z</time>
    <extensions>
     <gpxtpx:TrackPointExtension>
      <gpxtpx:atemp>33</gpxtpx:atemp>
     </gpxtpx:TrackPointExtension>
    </extensions>
   </trkpt>
   <trkpt lat="48.3376980" lon="16.0811750">
    <ele>214.4</ele>
    <time>2024-06-08T12:31:29Z</time>
    <extensions>
     <gpxtpx:TrackPointExtension>
      <gpxtpx:atemp>33</gpxtpx:atemp>
     </gpxtpx:TrackPointExtension>
    </extensions>
   </trkpt>
   <trkpt lat="48.3378400" lon="16.0803720">
    <ele>214.6</ele>
    <time>2024-06-08T12:31:39Z</time>
    <extensions>
     <gpxtpx:TrackPointExtension>
      <gpxtpx:atemp>33</gpxtpx:atemp>
     </gpxtpx:TrackPointExtension>
    </extensions>
   </trkpt>
   <trkpt lat="48.3378530" lon="16.0802820">
    <ele>214.6</ele>
    <time>2024-06-08T12:31:40Z</time>
    <extensions>
     <gpxtpx:TrackPointExtension>
      <gpxtpx:atemp>33</gpxtpx:atemp>
     </gpxtpx:TrackPointExtension>
    </extensions>
   </trkpt>
   <trkpt lat="48.3379550" lon="16.0795510">
    <ele>214.6</ele>
    <time>2024-06-08T12:31:49Z</time>
    <extensions>
     <gpxtpx:TrackPointExtension>
      <gpxtpx:atemp>33</gpxtpx:atemp>
     </gpxtpx:TrackPointExtension>
    </extensions>
   </trkpt>
   <trkpt lat="48.3380300" lon="16.0789890">
    <ele>214.4</ele>
    <time>2024-06-08T12:31:56Z</time>
    <extensions>
     <gpxtpx:TrackPointExtension>
      <gpxtpx:atemp>33</gpxtpx:atemp>
     </gpxtpx:TrackPointExtension>
    </extensions>
   </trkpt>
   <trkpt lat="48.3381340" lon="16.0782440">
    <ele>214.6</ele>
    <time>2024-06-08T12:32:06Z</time>
    <extensions>
     <gpxtpx:TrackPointExtension>
      <gpxtpx:atemp>33</gpxtpx:atemp>
     </gpxtpx:TrackPointExtension>
    </extensions>
   </trkpt>
   <trkpt lat="48.3381720" lon="16.0776510">
    <ele>214.6</ele>
    <time>2024-06-08T12:32:14Z</time>
    <extensions>
     <gpxtpx:TrackPointExtension>
      <gpxtpx:atemp>33</gpxtpx:atemp>
     </gpxtpx:TrackPointExtension>
    </extensions>
   </trkpt>
   <trkpt lat="48.3381620" lon="16.0775750">
    <ele>214.6</ele>
    <time>2024-06-08T12:32:15Z</time>
    <extensions>
     <gpxtpx:TrackPointExtension>
      <gpxtpx:atemp>33</gpxtpx:atemp>
     </gpxtpx:TrackPointExtension>
    </extensions>
   </trkpt>
   <trkpt lat="48.3381360" lon="16.0774230">
    <ele>214.6</ele>
    <time>2024-06-08T12:32:17Z</time>
    <extensions>
     <gpxtpx:TrackPointExtension>
      <gpxtpx:atemp>33</gpxtpx:atemp>
     </gpxtpx:TrackPointExtension>
    </extensions>
   </trkpt>
   <trkpt lat="48.3380810" lon="16.0772110">
    <ele>214.6</ele>
    <time>2024-06-08T12:32:20Z</time>
    <extensions>
     <gpxtpx:TrackPointExtension>
      <gpxtpx:atemp>33</gpxtpx:atemp>
     </gpxtpx:TrackPointExtension>
    </extensions>
   </trkpt>
   <trkpt lat="48.3380560" lon="16.0771460">
    <ele>214.6</ele>
    <time>2024-06-08T12:32:21Z</time>
    <extensions>
     <gpxtpx:TrackPointExtension>
      <gpxtpx:atemp>33</gpxtpx:atemp>
     </gpxtpx:TrackPointExtension>
    </extensions>
   </trkpt>
   <trkpt lat="48.3377460" lon="16.0764650">
    <ele>214.4</ele>
    <time>2024-06-08T12:32:32Z</time>
    <extensions>
     <gpxtpx:TrackPointExtension>
      <gpxtpx:atemp>33</gpxtpx:atemp>
     </gpxtpx:TrackPointExtension>
    </extensions>
   </trkpt>
   <trkpt lat="48.3375150" lon="16.0758710">
    <ele>214.4</ele>
    <time>2024-06-08T12:32:41Z</time>
    <extensions>
     <gpxtpx:TrackPointExtension>
      <gpxtpx:atemp>33</gpxtpx:atemp>
     </gpxtpx:TrackPointExtension>
    </extensions>
   </trkpt>
   <trkpt lat="48.3374770" lon="16.0756580">
    <ele>214.6</ele>
    <time>2024-06-08T12:32:44Z</time>
    <extensions>
     <gpxtpx:TrackPointExtension>
      <gpxtpx:atemp>33</gpxtpx:atemp>
     </gpxtpx:TrackPointExtension>
    </extensions>
   </trkpt>
   <trkpt lat="48.3374680" lon="16.0754530">
    <ele>214.6</ele>
    <time>2024-06-08T12:32:47Z</time>
    <extensions>
     <gpxtpx:TrackPointExtension>
      <gpxtpx:atemp>33</gpxtpx:atemp>
     </gpxtpx:TrackPointExtension>
    </extensions>
   </trkpt>
   <trkpt lat="48.3374750" lon="16.0749960">
    <ele>214.8</ele>
    <time>2024-06-08T12:32:53Z</time>
    <extensions>
     <gpxtpx:TrackPointExtension>
      <gpxtpx:atemp>33</gpxtpx:atemp>
     </gpxtpx:TrackPointExtension>
    </extensions>
   </trkpt>
   <trkpt lat="48.3374740" lon="16.0748350">
    <ele>214.8</ele>
    <time>2024-06-08T12:32:55Z</time>
    <extensions>
     <gpxtpx:TrackPointExtension>
      <gpxtpx:atemp>33</gpxtpx:atemp>
     </gpxtpx:TrackPointExtension>
    </extensions>
   </trkpt>
   <trkpt lat="48.3374940" lon="16.0741750">
    <ele>215.0</ele>
    <time>2024-06-08T12:33:04Z</time>
    <extensions>
     <gpxtpx:TrackPointExtension>
      <gpxtpx:atemp>33</gpxtpx:atemp>
     </gpxtpx:TrackPointExtension>
    </extensions>
   </trkpt>
   <trkpt lat="48.3375150" lon="16.0734570">
    <ele>215.2</ele>
    <time>2024-06-08T12:33:13Z</time>
    <extensions>
     <gpxtpx:TrackPointExtension>
      <gpxtpx:atemp>33</gpxtpx:atemp>
     </gpxtpx:TrackPointExtension>
    </extensions>
   </trkpt>
   <trkpt lat="48.3375220" lon="16.0728470">
    <ele>215.4</ele>
    <time>2024-06-08T12:33:21Z</time>
    <extensions>
     <gpxtpx:TrackPointExtension>
      <gpxtpx:atemp>33</gpxtpx:atemp>
     </gpxtpx:TrackPointExtension>
    </extensions>
   </trkpt>
   <trkpt lat="48.3375360" lon="16.0720830">
    <ele>215.4</ele>
    <time>2024-06-08T12:33:31Z</time>
    <extensions>
     <gpxtpx:TrackPointExtension>
      <gpxtpx:atemp>33</gpxtpx:atemp>
     </gpxtpx:TrackPointExtension>
    </extensions>
   </trkpt>
   <trkpt lat="48.3375360" lon="16.0718660">
    <ele>215.4</ele>
    <time>2024-06-08T12:33:34Z</time>
    <extensions>
     <gpxtpx:TrackPointExtension>
      <gpxtpx:atemp>33</gpxtpx:atemp>
     </gpxtpx:TrackPointExtension>
    </extensions>
   </trkpt>
   <trkpt lat="48.3375400" lon="16.0716320">
    <ele>215.2</ele>
    <time>2024-06-08T12:33:37Z</time>
    <extensions>
     <gpxtpx:TrackPointExtension>
      <gpxtpx:atemp>33</gpxtpx:atemp>
     </gpxtpx:TrackPointExtension>
    </extensions>
   </trkpt>
   <trkpt lat="48.3375470" lon="16.0710380">
    <ele>215.2</ele>
    <time>2024-06-08T12:33:45Z</time>
    <extensions>
     <gpxtpx:TrackPointExtension>
      <gpxtpx:atemp>33</gpxtpx:atemp>
     </gpxtpx:TrackPointExtension>
    </extensions>
   </trkpt>
   <trkpt lat="48.3375490" lon="16.0703240">
    <ele>215.2</ele>
    <time>2024-06-08T12:33:55Z</time>
    <extensions>
     <gpxtpx:TrackPointExtension>
      <gpxtpx:atemp>33</gpxtpx:atemp>
     </gpxtpx:TrackPointExtension>
    </extensions>
   </trkpt>
   <trkpt lat="48.3375530" lon="16.0696990">
    <ele>215.2</ele>
    <time>2024-06-08T12:34:04Z</time>
    <extensions>
     <gpxtpx:TrackPointExtension>
      <gpxtpx:atemp>33</gpxtpx:atemp>
     </gpxtpx:TrackPointExtension>
    </extensions>
   </trkpt>
   <trkpt lat="48.3375540" lon="16.0691260">
    <ele>215.2</ele>
    <time>2024-06-08T12:34:12Z</time>
    <extensions>
     <gpxtpx:TrackPointExtension>
      <gpxtpx:atemp>33</gpxtpx:atemp>
     </gpxtpx:TrackPointExtension>
    </extensions>
   </trkpt>
   <trkpt lat="48.3375630" lon="16.0685680">
    <ele>215.4</ele>
    <time>2024-06-08T12:34:20Z</time>
    <extensions>
     <gpxtpx:TrackPointExtension>
      <gpxtpx:atemp>33</gpxtpx:atemp>
     </gpxtpx:TrackPointExtension>
    </extensions>
   </trkpt>
   <trkpt lat="48.3375630" lon="16.0685020">
    <ele>215.6</ele>
    <time>2024-06-08T12:34:21Z</time>
    <extensions>
     <gpxtpx:TrackPointExtension>
      <gpxtpx:atemp>33</gpxtpx:atemp>
     </gpxtpx:TrackPointExtension>
    </extensions>
   </trkpt>
   <trkpt lat="48.3375610" lon="16.0680420">
    <ele>215.8</ele>
    <time>2024-06-08T12:34:28Z</time>
    <extensions>
     <gpxtpx:TrackPointExtension>
      <gpxtpx:atemp>33</gpxtpx:atemp>
     </gpxtpx:TrackPointExtension>
    </extensions>
   </trkpt>
   <trkpt lat="48.3375530" lon="16.0674800">
    <ele>215.8</ele>
    <time>2024-06-08T12:34:36Z</time>
    <extensions>
     <gpxtpx:TrackPointExtension>
      <gpxtpx:atemp>33</gpxtpx:atemp>
     </gpxtpx:TrackPointExtension>
    </extensions>
   </trkpt>
   <trkpt lat="48.3375370" lon="16.0668460">
    <ele>216.0</ele>
    <time>2024-06-08T12:34:45Z</time>
    <extensions>
     <gpxtpx:TrackPointExtension>
      <gpxtpx:atemp>33</gpxtpx:atemp>
     </gpxtpx:TrackPointExtension>
    </extensions>
   </trkpt>
   <trkpt lat="48.3375130" lon="16.0663070">
    <ele>216.0</ele>
    <time>2024-06-08T12:34:53Z</time>
    <extensions>
     <gpxtpx:TrackPointExtension>
      <gpxtpx:atemp>33</gpxtpx:atemp>
     </gpxtpx:TrackPointExtension>
    </extensions>
   </trkpt>
   <trkpt lat="48.3375100" lon="16.0662400">
    <ele>216.0</ele>
    <time>2024-06-08T12:34:54Z</time>
    <extensions>
     <gpxtpx:TrackPointExtension>
      <gpxtpx:atemp>33</gpxtpx:atemp>
     </gpxtpx:TrackPointExtension>
    </extensions>
   </trkpt>
   <trkpt lat="48.3374940" lon="16.0658340">
    <ele>215.8</ele>
    <time>2024-06-08T12:35:00Z</time>
    <extensions>
     <gpxtpx:TrackPointExtension>
      <gpxtpx:atemp>33</gpxtpx:atemp>
     </gpxtpx:TrackPointExtension>
    </extensions>
   </trkpt>
   <trkpt lat="48.3374440" lon="16.0651270">
    <ele>215.8</ele>
    <time>2024-06-08T12:35:11Z</time>
    <extensions>
     <gpxtpx:TrackPointExtension>
      <gpxtpx:atemp>33</gpxtpx:atemp>
     </gpxtpx:TrackPointExtension>
    </extensions>
   </trkpt>
   <trkpt lat="48.3374230" lon="16.0646870">
    <ele>215.8</ele>
    <time>2024-06-08T12:35:19Z</time>
    <extensions>
     <gpxtpx:TrackPointExtension>
      <gpxtpx:atemp>33</gpxtpx:atemp>
     </gpxtpx:TrackPointExtension>
    </extensions>
   </trkpt>
   <trkpt lat="48.3373880" lon="16.0642440">
    <ele>216.2</ele>
    <time>2024-06-08T12:35:26Z</time>
    <extensions>
     <gpxtpx:TrackPointExtension>
      <gpxtpx:atemp>33</gpxtpx:atemp>
     </gpxtpx:TrackPointExtension>
    </extensions>
   </trkpt>
   <trkpt lat="48.3373320" lon="16.0636540">
    <ele>216.2</ele>
    <time>2024-06-08T12:35:35Z</time>
    <extensions>
     <gpxtpx:TrackPointExtension>
      <gpxtpx:atemp>33</gpxtpx:atemp>
     </gpxtpx:TrackPointExtension>
    </extensions>
   </trkpt>
   <trkpt lat="48.3372870" lon="16.0630900">
    <ele>216.2</ele>
    <time>2024-06-08T12:35:45Z</time>
    <extensions>
     <gpxtpx:TrackPointExtension>
      <gpxtpx:atemp>33</gpxtpx:atemp>
     </gpxtpx:TrackPointExtension>
    </extensions>
   </trkpt>
   <trkpt lat="48.3373040" lon="16.0630450">
    <ele>216.2</ele>
    <time>2024-06-08T12:35:46Z</time>
    <extensions>
     <gpxtpx:TrackPointExtension>
      <gpxtpx:atemp>33</gpxtpx:atemp>
     </gpxtpx:TrackPointExtension>
    </extensions>
   </trkpt>
   <trkpt lat="48.3373690" lon="16.0629770">
    <ele>216.2</ele>
    <time>2024-06-08T12:35:48Z</time>
    <extensions>
     <gpxtpx:TrackPointExtension>
      <gpxtpx:atemp>33</gpxtpx:atemp>
     </gpxtpx:TrackPointExtension>
    </extensions>
   </trkpt>
   <trkpt lat="48.3374110" lon="16.0629580">
    <ele>216.2</ele>
    <time>2024-06-08T12:35:49Z</time>
    <extensions>
     <gpxtpx:TrackPointExtension>
      <gpxtpx:atemp>33</gpxtpx:atemp>
     </gpxtpx:TrackPointExtension>
    </extensions>
   </trkpt>
   <trkpt lat="48.3375540" lon="16.0629390">
    <ele>216.2</ele>
    <time>2024-06-08T12:35:52Z</time>
    <extensions>
     <gpxtpx:TrackPointExtension>
      <gpxtpx:atemp>33</gpxtpx:atemp>
     </gpxtpx:TrackPointExtension>
    </extensions>
   </trkpt>
   <trkpt lat="48.3378780" lon="16.0628950">
    <ele>216.4</ele>
    <time>2024-06-08T12:35:59Z</time>
    <extensions>
     <gpxtpx:TrackPointExtension>
      <gpxtpx:atemp>33</gpxtpx:atemp>
     </gpxtpx:TrackPointExtension>
    </extensions>
   </trkpt>
   <trkpt lat="48.3379610" lon="16.0628950">
    <ele>216.4</ele>
    <time>2024-06-08T12:36:01Z</time>
    <extensions>
     <gpxtpx:TrackPointExtension>
      <gpxtpx:atemp>33</gpxtpx:atemp>
     </gpxtpx:TrackPointExtension>
    </extensions>
   </trkpt>
   <trkpt lat="48.3381360" lon="16.0628700">
    <ele>216.4</ele>
    <time>2024-06-08T12:36:05Z</time>
    <extensions>
     <gpxtpx:TrackPointExtension>
      <gpxtpx:atemp>33</gpxtpx:atemp>
     </gpxtpx:TrackPointExtension>
    </extensions>
   </trkpt>
   <trkpt lat="48.3385270" lon="16.0627940">
    <ele>216.4</ele>
    <time>2024-06-08T12:36:13Z</time>
    <extensions>
     <gpxtpx:TrackPointExtension>
      <gpxtpx:atemp>33</gpxtpx:atemp>
     </gpxtpx:TrackPointExtension>
    </extensions>
   </trkpt>
   <trkpt lat="48.3386240" lon="16.0627790">
    <ele>216.4</ele>
    <time>2024-06-08T12:36:15Z</time>
    <extensions>
     <gpxtpx:TrackPointExtension>
      <gpxtpx:atemp>33</gpxtpx:atemp>
     </gpxtpx:TrackPointExtension>
    </extensions>
   </trkpt>
   <trkpt lat="48.3388260" lon="16.0627370">
    <ele>216.4</ele>
    <time>2024-06-08T12:36:19Z</time>
    <extensions>
     <gpxtpx:TrackPointExtension>
      <gpxtpx:atemp>33</gpxtpx:atemp>
     </gpxtpx:TrackPointExtension>
    </extensions>
   </trkpt>
   <trkpt lat="48.3391890" lon="16.0626570">
    <ele>216.4</ele>
    <time>2024-06-08T12:36:27Z</time>
    <extensions>
     <gpxtpx:TrackPointExtension>
      <gpxtpx:atemp>33</gpxtpx:atemp>
     </gpxtpx:TrackPointExtension>
    </extensions>
   </trkpt>
   <trkpt lat="48.3395110" lon="16.0624740">
    <ele>216.4</ele>
    <time>2024-06-08T12:36:34Z</time>
    <extensions>
     <gpxtpx:TrackPointExtension>
      <gpxtpx:atemp>33</gpxtpx:atemp>
     </gpxtpx:TrackPointExtension>
    </extensions>
   </trkpt>
   <trkpt lat="48.3395930" lon="16.0623830">
    <ele>216.4</ele>
    <time>2024-06-08T12:36:36Z</time>
    <extensions>
     <gpxtpx:TrackPointExtension>
      <gpxtpx:atemp>33</gpxtpx:atemp>
     </gpxtpx:TrackPointExtension>
    </extensions>
   </trkpt>
   <trkpt lat="48.3397210" lon="16.0621760">
    <ele>216.4</ele>
    <time>2024-06-08T12:36:40Z</time>
    <extensions>
     <gpxtpx:TrackPointExtension>
      <gpxtpx:atemp>33</gpxtpx:atemp>
     </gpxtpx:TrackPointExtension>
    </extensions>
   </trkpt>
   <trkpt lat="48.3397480" lon="16.0621240">
    <ele>216.4</ele>
    <time>2024-06-08T12:36:41Z</time>
    <extensions>
     <gpxtpx:TrackPointExtension>
      <gpxtpx:atemp>33</gpxtpx:atemp>
     </gpxtpx:TrackPointExtension>
    </extensions>
   </trkpt>
   <trkpt lat="48.3398570" lon="16.0618770">
    <ele>216.4</ele>
    <time>2024-06-08T12:36:46Z</time>
    <extensions>
     <gpxtpx:TrackPointExtension>
      <gpxtpx:atemp>33</gpxtpx:atemp>
     </gpxtpx:TrackPointExtension>
    </extensions>
   </trkpt>
   <trkpt lat="48.3399680" lon="16.0617020">
    <ele>216.6</ele>
    <time>2024-06-08T12:36:51Z</time>
    <extensions>
     <gpxtpx:TrackPointExtension>
      <gpxtpx:atemp>33</gpxtpx:atemp>
     </gpxtpx:TrackPointExtension>
    </extensions>
   </trkpt>
   <trkpt lat="48.3400140" lon="16.0616290">
    <ele>216.8</ele>
    <time>2024-06-08T12:36:54Z</time>
    <extensions>
     <gpxtpx:TrackPointExtension>
      <gpxtpx:atemp>33</gpxtpx:atemp>
     </gpxtpx:TrackPointExtension>
    </extensions>
   </trkpt>
   <trkpt lat="48.3400180" lon="16.0615940">
    <ele>217.0</ele>
    <time>2024-06-08T12:36:55Z</time>
    <extensions>
     <gpxtpx:TrackPointExtension>
      <gpxtpx:atemp>33</gpxtpx:atemp>
     </gpxtpx:TrackPointExtension>
    </extensions>
   </trkpt>
   <trkpt lat="48.3400800" lon="16.0614000">
    <ele>216.8</ele>
    <time>2024-06-08T12:37:00Z</time>
    <extensions>
     <gpxtpx:TrackPointExtension>
      <gpxtpx:atemp>33</gpxtpx:atemp>
     </gpxtpx:TrackPointExtension>
    </extensions>
   </trkpt>
   <trkpt lat="48.3401680" lon="16.0611750">
    <ele>216.8</ele>
    <time>2024-06-08T12:37:07Z</time>
    <extensions>
     <gpxtpx:TrackPointExtension>
      <gpxtpx:atemp>33</gpxtpx:atemp>
     </gpxtpx:TrackPointExtension>
    </extensions>
   </trkpt>
   <trkpt lat="48.3402780" lon="16.0609500">
    <ele>216.4</ele>
    <time>2024-06-08T12:37:12Z</time>
    <extensions>
     <gpxtpx:TrackPointExtension>
      <gpxtpx:atemp>33</gpxtpx:atemp>
     </gpxtpx:TrackPointExtension>
    </extensions>
   </trkpt>
   <trkpt lat="48.3402970" lon="16.0608890">
    <ele>216.4</ele>
    <time>2024-06-08T12:37:13Z</time>
    <extensions>
     <gpxtpx:TrackPointExtension>
      <gpxtpx:atemp>33</gpxtpx:atemp>
     </gpxtpx:TrackPointExtension>
    </extensions>
   </trkpt>
   <trkpt lat="48.3403180" lon="16.0607650">
    <ele>216.6</ele>
    <time>2024-06-08T12:37:15Z</time>
    <extensions>
     <gpxtpx:TrackPointExtension>
      <gpxtpx:atemp>33</gpxtpx:atemp>
     </gpxtpx:TrackPointExtension>
    </extensions>
   </trkpt>
   <trkpt lat="48.3403190" lon="16.0607020">
    <ele>216.6</ele>
    <time>2024-06-08T12:37:16Z</time>
    <extensions>
     <gpxtpx:TrackPointExtension>
      <gpxtpx:atemp>33</gpxtpx:atemp>
     </gpxtpx:TrackPointExtension>
    </extensions>
   </trkpt>
   <trkpt lat="48.3403110" lon="16.0604500">
    <ele>216.4</ele>
    <time>2024-06-08T12:37:20Z</time>
    <extensions>
     <gpxtpx:TrackPointExtension>
      <gpxtpx:atemp>33</gpxtpx:atemp>
     </gpxtpx:TrackPointExtension>
    </extensions>
   </trkpt>
   <trkpt lat="48.3402920" lon="16.0603060">
    <ele>216.4</ele>
    <time>2024-06-08T12:37:22Z</time>
    <extensions>
     <gpxtpx:TrackPointExtension>
      <gpxtpx:atemp>33</gpxtpx:atemp>
     </gpxtpx:TrackPointExtension>
    </extensions>
   </trkpt>
   <trkpt lat="48.3402220" lon="16.0599740">
    <ele>216.4</ele>
    <time>2024-06-08T12:37:29Z</time>
    <extensions>
     <gpxtpx:TrackPointExtension>
      <gpxtpx:atemp>33</gpxtpx:atemp>
     </gpxtpx:TrackPointExtension>
    </extensions>
   </trkpt>
   <trkpt lat="48.3402460" lon="16.0597830">
    <ele>217.2</ele>
    <time>2024-06-08T12:37:34Z</time>
    <extensions>
     <gpxtpx:TrackPointExtension>
      <gpxtpx:atemp>33</gpxtpx:atemp>
     </gpxtpx:TrackPointExtension>
    </extensions>
   </trkpt>
   <trkpt lat="48.3402440" lon="16.0596690">
    <ele>217.4</ele>
    <time>2024-06-08T12:37:36Z</time>
    <extensions>
     <gpxtpx:TrackPointExtension>
      <gpxtpx:atemp>33</gpxtpx:atemp>
     </gpxtpx:TrackPointExtension>
    </extensions>
   </trkpt>
   <trkpt lat="48.3402220" lon="16.0596130">
    <ele>217.4</ele>
    <time>2024-06-08T12:37:37Z</time>
    <extensions>
     <gpxtpx:TrackPointExtension>
      <gpxtpx:atemp>33</gpxtpx:atemp>
     </gpxtpx:TrackPointExtension>
    </extensions>
   </trkpt>
   <trkpt lat="48.3401930" lon="16.0595620">
    <ele>217.4</ele>
    <time>2024-06-08T12:37:38Z</time>
    <extensions>
     <gpxtpx:TrackPointExtension>
      <gpxtpx:atemp>33</gpxtpx:atemp>
     </gpxtpx:TrackPointExtension>
    </extensions>
   </trkpt>
   <trkpt lat="48.3400630" lon="16.0594620">
    <ele>217.6</ele>
    <time>2024-06-08T12:37:41Z</time>
    <extensions>
     <gpxtpx:TrackPointExtension>
      <gpxtpx:atemp>33</gpxtpx:atemp>
     </gpxtpx:TrackPointExtension>
    </extensions>
   </trkpt>
   <trkpt lat="48.3399480" lon="16.0593630">
    <ele>217.6</ele>
    <time>2024-06-08T12:37:44Z</time>
    <extensions>
     <gpxtpx:TrackPointExtension>
      <gpxtpx:atemp>33</gpxtpx:atemp>
     </gpxtpx:TrackPointExtension>
    </extensions>
   </trkpt>
   <trkpt lat="48.3398760" lon="16.0592920">
    <ele>217.6</ele>
    <time>2024-06-08T12:37:46Z</time>
    <extensions>
     <gpxtpx:TrackPointExtension>
      <gpxtpx:atemp>33</gpxtpx:atemp>
     </gpxtpx:TrackPointExtension>
    </extensions>
   </trkpt>
   <trkpt lat="48.3397980" lon="16.0592380">
    <ele>217.6</ele>
    <time>2024-06-08T12:37:48Z</time>
    <extensions>
     <gpxtpx:TrackPointExtension>
      <gpxtpx:atemp>33</gpxtpx:atemp>
     </gpxtpx:TrackPointExtension>
    </extensions>
   </trkpt>
   <trkpt lat="48.3397180" lon="16.0591980">
    <ele>217.8</ele>
    <time>2024-06-08T12:37:50Z</time>
    <extensions>
     <gpxtpx:TrackPointExtension>
      <gpxtpx:atemp>33</gpxtpx:atemp>
     </gpxtpx:TrackPointExtension>
    </extensions>
   </trkpt>
   <trkpt lat="48.3396730" lon="16.0591860">
    <ele>217.8</ele>
    <time>2024-06-08T12:37:51Z</time>
    <extensions>
     <gpxtpx:TrackPointExtension>
      <gpxtpx:atemp>33</gpxtpx:atemp>
     </gpxtpx:TrackPointExtension>
    </extensions>
   </trkpt>
   <trkpt lat="48.3394730" lon="16.0591600">
    <ele>218.2</ele>
    <time>2024-06-08T12:37:56Z</time>
    <extensions>
     <gpxtpx:TrackPointExtension>
      <gpxtpx:atemp>33</gpxtpx:atemp>
     </gpxtpx:TrackPointExtension>
    </extensions>
   </trkpt>
   <trkpt lat="48.3394020" lon="16.0591640">
    <ele>218.4</ele>
    <time>2024-06-08T12:37:58Z</time>
    <extensions>
     <gpxtpx:TrackPointExtension>
      <gpxtpx:atemp>33</gpxtpx:atemp>
     </gpxtpx:TrackPointExtension>
    </extensions>
   </trkpt>
   <trkpt lat="48.3392520" lon="16.0591680">
    <ele>219.4</ele>
    <time>2024-06-08T12:38:02Z</time>
    <extensions>
     <gpxtpx:TrackPointExtension>
      <gpxtpx:atemp>33</gpxtpx:atemp>
     </gpxtpx:TrackPointExtension>
    </extensions>
   </trkpt>
   <trkpt lat="48.3390100" lon="16.0591670">
    <ele>220.2</ele>
    <time>2024-06-08T12:38:08Z</time>
    <extensions>
     <gpxtpx:TrackPointExtension>
      <gpxtpx:atemp>33</gpxtpx:atemp>
     </gpxtpx:TrackPointExtension>
    </extensions>
   </trkpt>
   <trkpt lat="48.3389280" lon="16.0591630">
    <ele>220.4</ele>
    <time>2024-06-08T12:38:10Z</time>
    <extensions>
     <gpxtpx:TrackPointExtension>
      <gpxtpx:atemp>33</gpxtpx:atemp>
     </gpxtpx:TrackPointExtension>
    </extensions>
   </trkpt>
   <trkpt lat="48.3385800" lon="16.0591490">
    <ele>221.0</ele>
    <time>2024-06-08T12:38:18Z</time>
    <extensions>
     <gpxtpx:TrackPointExtension>
      <gpxtpx:atemp>33</gpxtpx:atemp>
     </gpxtpx:TrackPointExtension>
    </extensions>
   </trkpt>
   <trkpt lat="48.3382760" lon="16.0591410">
    <ele>221.2</ele>
    <time>2024-06-08T12:38:25Z</time>
    <extensions>
     <gpxtpx:TrackPointExtension>
      <gpxtpx:atemp>33</gpxtpx:atemp>
     </gpxtpx:TrackPointExtension>
    </extensions>
   </trkpt>
   <trkpt lat="48.3379000" lon="16.0591250">
    <ele>221.4</ele>
    <time>2024-06-08T12:38:34Z</time>
    <extensions>
     <gpxtpx:TrackPointExtension>
      <gpxtpx:atemp>34</gpxtpx:atemp>
     </gpxtpx:TrackPointExtension>
    </extensions>
   </trkpt>
   <trkpt lat="48.3377730" lon="16.0591190">
    <ele>221.8</ele>
    <time>2024-06-08T12:38:37Z</time>
    <extensions>
     <gpxtpx:TrackPointExtension>
      <gpxtpx:atemp>34</gpxtpx:atemp>
     </gpxtpx:TrackPointExtension>
    </extensions>
   </trkpt>
   <trkpt lat="48.3376910" lon="16.0591170">
    <ele>222.0</ele>
    <time>2024-06-08T12:38:39Z</time>
    <extensions>
     <gpxtpx:TrackPointExtension>
      <gpxtpx:atemp>34</gpxtpx:atemp>
     </gpxtpx:TrackPointExtension>
    </extensions>
   </trkpt>
   <trkpt lat="48.3373630" lon="16.0591150">
    <ele>222.2</ele>
    <time>2024-06-08T12:38:47Z</time>
    <extensions>
     <gpxtpx:TrackPointExtension>
      <gpxtpx:atemp>34</gpxtpx:atemp>
     </gpxtpx:TrackPointExtension>
    </extensions>
   </trkpt>
   <trkpt lat="48.3372830" lon="16.0591100">
    <ele>222.2</ele>
    <time>2024-06-08T12:38:49Z</time>
    <extensions>
     <gpxtpx:TrackPointExtension>
      <gpxtpx:atemp>34</gpxtpx:atemp>
     </gpxtpx:TrackPointExtension>
    </extensions>
   </trkpt>
   <trkpt lat="48.3371170" lon="16.0590980">
    <ele>222.4</ele>
    <time>2024-06-08T12:38:53Z</time>
    <extensions>
     <gpxtpx:TrackPointExtension>
      <gpxtpx:atemp>34</gpxtpx:atemp>
     </gpxtpx:TrackPointExtension>
    </extensions>
   </trkpt>
   <trkpt lat="48.3368710" lon="16.0590870">
    <ele>222.6</ele>
    <time>2024-06-08T12:38:59Z</time>
    <extensions>
     <gpxtpx:TrackPointExtension>
      <gpxtpx:atemp>34</gpxtpx:atemp>
     </gpxtpx:TrackPointExtension>
    </extensions>
   </trkpt>
   <trkpt lat="48.3367820" lon="16.0590910">
    <ele>222.8</ele>
    <time>2024-06-08T12:39:01Z</time>
    <extensions>
     <gpxtpx:TrackPointExtension>
      <gpxtpx:atemp>34</gpxtpx:atemp>
     </gpxtpx:TrackPointExtension>
    </extensions>
   </trkpt>
   <trkpt lat="48.3365450" lon="16.0590730">
    <ele>223.2</ele>
    <time>2024-06-08T12:39:06Z</time>
    <extensions>
     <gpxtpx:TrackPointExtension>
      <gpxtpx:atemp>34</gpxtpx:atemp>
     </gpxtpx:TrackPointExtension>
    </extensions>
   </trkpt>
   <trkpt lat="48.3361730" lon="16.0590230">
    <ele>223.6</ele>
    <time>2024-06-08T12:39:14Z</time>
    <extensions>
     <gpxtpx:TrackPointExtension>
      <gpxtpx:atemp>34</gpxtpx:atemp>
     </gpxtpx:TrackPointExtension>
    </extensions>
   </trkpt>
   <trkpt lat="48.3358480" lon="16.0590190">
    <ele>224.0</ele>
    <time>2024-06-08T12:39:21Z</time>
    <extensions>
     <gpxtpx:TrackPointExtension>
      <gpxtpx:atemp>34</gpxtpx:atemp>
     </gpxtpx:TrackPointExtension>
    </extensions>
   </trkpt>
   <trkpt lat="48.3356200" lon="16.0590260">
    <ele>224.0</ele>
    <time>2024-06-08T12:39:26Z</time>
    <extensions>
     <gpxtpx:TrackPointExtension>
      <gpxtpx:atemp>34</gpxtpx:atemp>
     </gpxtpx:TrackPointExtension>
    </extensions>
   </trkpt>
   <trkpt lat="48.3355280" lon="16.0590400">
    <ele>224.0</ele>
    <time>2024-06-08T12:39:28Z</time>
    <extensions>
     <gpxtpx:TrackPointExtension>
      <gpxtpx:atemp>34</gpxtpx:atemp>
     </gpxtpx:TrackPointExtension>
    </extensions>
   </trkpt>
   <trkpt lat="48.3352260" lon="16.0590320">
    <ele>223.8</ele>
    <time>2024-06-08T12:39:34Z</time>
    <extensions>
     <gpxtpx:TrackPointExtension>
      <gpxtpx:atemp>34</gpxtpx:atemp>
     </gpxtpx:TrackPointExtension>
    </extensions>
   </trkpt>
   <trkpt lat="48.3351850" lon="16.0590340">
    <ele>223.8</ele>
    <time>2024-06-08T12:39:35Z</time>
    <extensions>
     <gpxtpx:TrackPointExtension>
      <gpxtpx:atemp>34</gpxtpx:atemp>
     </gpxtpx:TrackPointExtension>
    </extensions>
   </trkpt>
   <trkpt lat="48.3351350" lon="16.0590380">
    <ele>223.8</ele>
    <time>2024-06-08T12:39:36Z</time>
    <extensions>
     <gpxtpx:TrackPointExtension>
      <gpxtpx:atemp>34</gpxtpx:atemp>
     </gpxtpx:TrackPointExtension>
    </extensions>
   </trkpt>
   <trkpt lat="48.3350260" lon="16.0590290">
    <ele>223.8</ele>
    <time>2024-06-08T12:39:38Z</time>
    <extensions>
     <gpxtpx:TrackPointExtension>
      <gpxtpx:atemp>34</gpxtpx:atemp>
     </gpxtpx:TrackPointExtension>
    </extensions>
   </trkpt>
   <trkpt lat="48.3349720" lon="16.0590240">
    <ele>223.8</ele>
    <time>2024-06-08T12:39:39Z</time>
    <extensions>
     <gpxtpx:TrackPointExtension>
      <gpxtpx:atemp>33</gpxtpx:atemp>
     </gpxtpx:TrackPointExtension>
    </extensions>
   </trkpt>
   <trkpt lat="48.3348030" lon="16.0590150">
    <ele>223.8</ele>
    <time>2024-06-08T12:39:42Z</time>
    <extensions>
     <gpxtpx:TrackPointExtension>
      <gpxtpx:atemp>33</gpxtpx:atemp>
     </gpxtpx:TrackPointExtension>
    </extensions>
   </trkpt>
   <trkpt lat="48.3346870" lon="16.0590220">
    <ele>223.6</ele>
    <time>2024-06-08T12:39:44Z</time>
    <extensions>
     <gpxtpx:TrackPointExtension>
      <gpxtpx:atemp>33</gpxtpx:atemp>
     </gpxtpx:TrackPointExtension>
    </extensions>
   </trkpt>
   <trkpt lat="48.3346260" lon="16.0590220">
    <ele>223.6</ele>
    <time>2024-06-08T12:39:45Z</time>
    <extensions>
     <gpxtpx:TrackPointExtension>
      <gpxtpx:atemp>33</gpxtpx:atemp>
     </gpxtpx:TrackPointExtension>
    </extensions>
   </trkpt>
   <trkpt lat="48.3341720" lon="16.0589980">
    <ele>223.8</ele>
    <time>2024-06-08T12:39:52Z</time>
    <extensions>
     <gpxtpx:TrackPointExtension>
      <gpxtpx:atemp>33</gpxtpx:atemp>
     </gpxtpx:TrackPointExtension>
    </extensions>
   </trkpt>
   <trkpt lat="48.3336900" lon="16.0589660">
    <ele>223.8</ele>
    <time>2024-06-08T12:40:00Z</time>
    <extensions>
     <gpxtpx:TrackPointExtension>
      <gpxtpx:atemp>33</gpxtpx:atemp>
     </gpxtpx:TrackPointExtension>
    </extensions>
   </trkpt>
   <trkpt lat="48.3336210" lon="16.0589670">
    <ele>223.8</ele>
    <time>2024-06-08T12:40:01Z</time>
    <extensions>
     <gpxtpx:TrackPointExtension>
      <gpxtpx:atemp>33</gpxtpx:atemp>
     </gpxtpx:TrackPointExtension>
    </extensions>
   </trkpt>
   <trkpt lat="48.3334680" lon="16.0589630">
    <ele>223.6</ele>
    <time>2024-06-08T12:40:04Z</time>
    <extensions>
     <gpxtpx:TrackPointExtension>
      <gpxtpx:atemp>33</gpxtpx:atemp>
     </gpxtpx:TrackPointExtension>
    </extensions>
   </trkpt>
   <trkpt lat="48.3334120" lon="16.0589560">
    <ele>223.6</ele>
    <time>2024-06-08T12:40:05Z</time>
    <extensions>
     <gpxtpx:TrackPointExtension>
      <gpxtpx:atemp>33</gpxtpx:atemp>
     </gpxtpx:TrackPointExtension>
    </extensions>
   </trkpt>
   <trkpt lat="48.3333520" lon="16.0589490">
    <ele>223.6</ele>
    <time>2024-06-08T12:40:06Z</time>
    <extensions>
     <gpxtpx:TrackPointExtension>
      <gpxtpx:atemp>33</gpxtpx:atemp>
     </gpxtpx:TrackPointExtension>
    </extensions>
   </trkpt>
   <trkpt lat="48.3328540" lon="16.0589270">
    <ele>222.8</ele>
    <time>2024-06-08T12:40:14Z</time>
    <extensions>
     <gpxtpx:TrackPointExtension>
      <gpxtpx:atemp>33</gpxtpx:atemp>
     </gpxtpx:TrackPointExtension>
    </extensions>
   </trkpt>
   <trkpt lat="48.3327320" lon="16.0589200">
    <ele>222.2</ele>
    <time>2024-06-08T12:40:16Z</time>
    <extensions>
     <gpxtpx:TrackPointExtension>
      <gpxtpx:atemp>33</gpxtpx:atemp>
     </gpxtpx:TrackPointExtension>
    </extensions>
   </trkpt>
   <trkpt lat="48.3324280" lon="16.0589030">
    <ele>221.0</ele>
    <time>2024-06-08T12:40:21Z</time>
    <extensions>
     <gpxtpx:TrackPointExtension>
      <gpxtpx:atemp>33</gpxtpx:atemp>
     </gpxtpx:TrackPointExtension>
    </extensions>
   </trkpt>
   <trkpt lat="48.3323530" lon="16.0588970">
    <ele>220.6</ele>
    <time>2024-06-08T12:40:22Z</time>
    <extensions>
     <gpxtpx:TrackPointExtension>
      <gpxtpx:atemp>33</gpxtpx:atemp>
     </gpxtpx:TrackPointExtension>
    </extensions>
   </trkpt>
   <trkpt lat="48.3321810" lon="16.0589160">
    <ele>219.4</ele>
    <time>2024-06-08T12:40:25Z</time>
    <extensions>
     <gpxtpx:TrackPointExtension>
      <gpxtpx:atemp>33</gpxtpx:atemp>
     </gpxtpx:TrackPointExtension>
    </extensions>
   </trkpt>
   <trkpt lat="48.3321300" lon="16.0589220">
    <ele>219.0</ele>
    <time>2024-06-08T12:40:26Z</time>
    <extensions>
     <gpxtpx:TrackPointExtension>
      <gpxtpx:atemp>33</gpxtpx:atemp>
     </gpxtpx:TrackPointExtension>
    </extensions>
   </trkpt>
   <trkpt lat="48.3320870" lon="16.0589190">
    <ele>218.8</ele>
    <time>2024-06-08T12:40:27Z</time>
    <extensions>
     <gpxtpx:TrackPointExtension>
      <gpxtpx:atemp>33</gpxtpx:atemp>
     </gpxtpx:TrackPointExtension>
    </extensions>
   </trkpt>
   <trkpt lat="48.3320390" lon="16.0589050">
    <ele>218.4</ele>
    <time>2024-06-08T12:40:28Z</time>
    <extensions>
     <gpxtpx:TrackPointExtension>
      <gpxtpx:atemp>33</gpxtpx:atemp>
     </gpxtpx:TrackPointExtension>
    </extensions>
   </trkpt>
   <trkpt lat="48.3320070" lon="16.0588880">
    <ele>218.0</ele>
    <time>2024-06-08T12:40:29Z</time>
    <extensions>
     <gpxtpx:TrackPointExtension>
      <gpxtpx:atemp>33</gpxtpx:atemp>
     </gpxtpx:TrackPointExtension>
    </extensions>
   </trkpt>
   <trkpt lat="48.3319880" lon="16.0588610">
    <ele>217.0</ele>
    <time>2024-06-08T12:40:31Z</time>
    <extensions>
     <gpxtpx:TrackPointExtension>
      <gpxtpx:atemp>33</gpxtpx:atemp>
     </gpxtpx:TrackPointExtension>
    </extensions>
   </trkpt>
   <trkpt lat="48.3319900" lon="16.0588410">
    <ele>216.6</ele>
    <time>2024-06-08T12:40:32Z</time>
    <extensions>
     <gpxtpx:TrackPointExtension>
      <gpxtpx:atemp>33</gpxtpx:atemp>
     </gpxtpx:TrackPointExtension>
    </extensions>
   </trkpt>
   <trkpt lat="48.3319910" lon="16.0588360">
    <ele>216.2</ele>
    <time>2024-06-08T12:40:35Z</time>
    <extensions>
     <gpxtpx:TrackPointExtension>
      <gpxtpx:atemp>33</gpxtpx:atemp>
     </gpxtpx:TrackPointExtension>
    </extensions>
   </trkpt>
   <trkpt lat="48.3319590" lon="16.0587810">
    <ele>216.0</ele>
    <time>2024-06-08T12:40:54Z</time>
    <extensions>
     <gpxtpx:TrackPointExtension>
      <gpxtpx:atemp>33</gpxtpx:atemp>
     </gpxtpx:TrackPointExtension>
    </extensions>
   </trkpt>
   <trkpt lat="48.3319430" lon="16.0587210">
    <ele>216.0</ele>
    <time>2024-06-08T12:40:56Z</time>
    <extensions>
     <gpxtpx:TrackPointExtension>
      <gpxtpx:atemp>33</gpxtpx:atemp>
     </gpxtpx:TrackPointExtension>
    </extensions>
   </trkpt>
   <trkpt lat="48.3319310" lon="16.0586900">
    <ele>216.0</ele>
    <time>2024-06-08T12:40:57Z</time>
    <extensions>
     <gpxtpx:TrackPointExtension>
      <gpxtpx:atemp>33</gpxtpx:atemp>
     </gpxtpx:TrackPointExtension>
    </extensions>
   </trkpt>
   <trkpt lat="48.3319130" lon="16.0586800">
    <ele>216.0</ele>
    <time>2024-06-08T12:40:58Z</time>
    <extensions>
     <gpxtpx:TrackPointExtension>
      <gpxtpx:atemp>33</gpxtpx:atemp>
     </gpxtpx:TrackPointExtension>
    </extensions>
   </trkpt>
   <trkpt lat="48.3318700" lon="16.0586570">
    <ele>216.0</ele>
    <time>2024-06-08T12:41:00Z</time>
    <extensions>
     <gpxtpx:TrackPointExtension>
      <gpxtpx:atemp>33</gpxtpx:atemp>
     </gpxtpx:TrackPointExtension>
    </extensions>
   </trkpt>
   <trkpt lat="48.3318120" lon="16.0583950">
    <ele>215.6</ele>
    <time>2024-06-08T12:41:05Z</time>
    <extensions>
     <gpxtpx:TrackPointExtension>
      <gpxtpx:atemp>33</gpxtpx:atemp>
     </gpxtpx:TrackPointExtension>
    </extensions>
   </trkpt>
   <trkpt lat="48.3318060" lon="16.0583340">
    <ele>215.6</ele>
    <time>2024-06-08T12:41:06Z</time>
    <extensions>
     <gpxtpx:TrackPointExtension>
      <gpxtpx:atemp>33</gpxtpx:atemp>
     </gpxtpx:TrackPointExtension>
    </extensions>
   </trkpt>
   <trkpt lat="48.3317990" lon="16.0582610">
    <ele>215.6</ele>
    <time>2024-06-08T12:41:07Z</time>
    <extensions>
     <gpxtpx:TrackPointExtension>
      <gpxtpx:atemp>33</gpxtpx:atemp>
     </gpxtpx:TrackPointExtension>
    </extensions>
   </trkpt>
   <trkpt lat="48.3317900" lon="16.0581070">
    <ele>215.6</ele>
    <time>2024-06-08T12:41:09Z</time>
    <extensions>
     <gpxtpx:TrackPointExtension>
      <gpxtpx:atemp>33</gpxtpx:atemp>
     </gpxtpx:TrackPointExtension>
    </extensions>
   </trkpt>
   <trkpt lat="48.3317920" lon="16.0580340">
    <ele>215.6</ele>
    <time>2024-06-08T12:41:10Z</time>
    <extensions>
     <gpxtpx:TrackPointExtension>
      <gpxtpx:atemp>33</gpxtpx:atemp>
     </gpxtpx:TrackPointExtension>
    </extensions>
   </trkpt>
   <trkpt lat="48.3317810" lon="16.0577650">
    <ele>215.6</ele>
    <time>2024-06-08T12:41:14Z</time>
    <extensions>
     <gpxtpx:TrackPointExtension>
      <gpxtpx:atemp>33</gpxtpx:atemp>
     </gpxtpx:TrackPointExtension>
    </extensions>
   </trkpt>
   <trkpt lat="48.3317140" lon="16.0572870">
    <ele>215.8</ele>
    <time>2024-06-08T12:41:21Z</time>
    <extensions>
     <gpxtpx:TrackPointExtension>
      <gpxtpx:atemp>33</gpxtpx:atemp>
     </gpxtpx:TrackPointExtension>
    </extensions>
   </trkpt>
   <trkpt lat="48.3316750" lon="16.0570820">
    <ele>216.0</ele>
    <time>2024-06-08T12:41:25Z</time>
    <extensions>
     <gpxtpx:TrackPointExtension>
      <gpxtpx:atemp>33</gpxtpx:atemp>
     </gpxtpx:TrackPointExtension>
    </extensions>
   </trkpt>
   <trkpt lat="48.3316700" lon="16.0570240">
    <ele>216.2</ele>
    <time>2024-06-08T12:41:26Z</time>
    <extensions>
     <gpxtpx:TrackPointExtension>
      <gpxtpx:atemp>33</gpxtpx:atemp>
     </gpxtpx:TrackPointExtension>
    </extensions>
   </trkpt>
   <trkpt lat="48.3316370" lon="16.0567280">
    <ele>216.8</ele>
    <time>2024-06-08T12:41:31Z</time>
    <extensions>
     <gpxtpx:TrackPointExtension>
      <gpxtpx:atemp>33</gpxtpx:atemp>
     </gpxtpx:TrackPointExtension>
    </extensions>
   </trkpt>
   <trkpt lat="48.3316330" lon="16.0565820">
    <ele>217.0</ele>
    <time>2024-06-08T12:41:33Z</time>
    <extensions>
     <gpxtpx:TrackPointExtension>
      <gpxtpx:atemp>33</gpxtpx:atemp>
     </gpxtpx:TrackPointExtension>
    </extensions>
   </trkpt>
   <trkpt lat="48.3316360" lon="16.0562360">
    <ele>217.2</ele>
    <time>2024-06-08T12:41:38Z</time>
    <extensions>
     <gpxtpx:TrackPointExtension>
      <gpxtpx:atemp>33</gpxtpx:atemp>
     </gpxtpx:TrackPointExtension>
    </extensions>
   </trkpt>
   <trkpt lat="48.3316400" lon="16.0560790">
    <ele>217.2</ele>
    <time>2024-06-08T12:41:40Z</time>
    <extensions>
     <gpxtpx:TrackPointExtension>
      <gpxtpx:atemp>33</gpxtpx:atemp>
     </gpxtpx:TrackPointExtension>
    </extensions>
   </trkpt>
   <trkpt lat="48.3316400" lon="16.0559270">
    <ele>217.2</ele>
    <time>2024-06-08T12:41:42Z</time>
    <extensions>
     <gpxtpx:TrackPointExtension>
      <gpxtpx:atemp>33</gpxtpx:atemp>
     </gpxtpx:TrackPointExtension>
    </extensions>
   </trkpt>
   <trkpt lat="48.3316340" lon="16.0556270">
    <ele>217.2</ele>
    <time>2024-06-08T12:41:46Z</time>
    <extensions>
     <gpxtpx:TrackPointExtension>
      <gpxtpx:atemp>33</gpxtpx:atemp>
     </gpxtpx:TrackPointExtension>
    </extensions>
   </trkpt>
   <trkpt lat="48.3316220" lon="16.0551310">
    <ele>217.2</ele>
    <time>2024-06-08T12:41:54Z</time>
    <extensions>
     <gpxtpx:TrackPointExtension>
      <gpxtpx:atemp>33</gpxtpx:atemp>
     </gpxtpx:TrackPointExtension>
    </extensions>
   </trkpt>
   <trkpt lat="48.3316090" lon="16.0548400">
    <ele>217.4</ele>
    <time>2024-06-08T12:42:00Z</time>
    <extensions>
     <gpxtpx:TrackPointExtension>
      <gpxtpx:atemp>33</gpxtpx:atemp>
     </gpxtpx:TrackPointExtension>
    </extensions>
   </trkpt>
   <trkpt lat="48.3315830" lon="16.0546140">
    <ele>217.6</ele>
    <time>2024-06-08T12:42:06Z</time>
    <extensions>
     <gpxtpx:TrackPointExtension>
      <gpxtpx:atemp>33</gpxtpx:atemp>
     </gpxtpx:TrackPointExtension>
    </extensions>
   </trkpt>
   <trkpt lat="48.3315490" lon="16.0542290">
    <ele>217.6</ele>
    <time>2024-06-08T12:42:15Z</time>
    <extensions>
     <gpxtpx:TrackPointExtension>
      <gpxtpx:atemp>33</gpxtpx:atemp>
     </gpxtpx:TrackPointExtension>
    </extensions>
   </trkpt>
   <trkpt lat="48.3314930" lon="16.0538230">
    <ele>217.2</ele>
    <time>2024-06-08T12:42:23Z</time>
    <extensions>
     <gpxtpx:TrackPointExtension>
      <gpxtpx:atemp>33</gpxtpx:atemp>
     </gpxtpx:TrackPointExtension>
    </extensions>
   </trkpt>
   <trkpt lat="48.3314830" lon="16.0535860">
    <ele>217.0</ele>
    <time>2024-06-08T12:42:29Z</time>
    <extensions>
     <gpxtpx:TrackPointExtension>
      <gpxtpx:atemp>33</gpxtpx:atemp>
     </gpxtpx:TrackPointExtension>
    </extensions>
   </trkpt>
   <trkpt lat="48.3314800" lon="16.0535270">
    <ele>217.0</ele>
    <time>2024-06-08T12:42:31Z</time>
    <extensions>
     <gpxtpx:TrackPointExtension>
      <gpxtpx:atemp>33</gpxtpx:atemp>
     </gpxtpx:TrackPointExtension>
    </extensions>
   </trkpt>
   <trkpt lat="48.3314620" lon="16.0534960">
    <ele>217.0</ele>
    <time>2024-06-08T12:42:33Z</time>
    <extensions>
     <gpxtpx:TrackPointExtension>
      <gpxtpx:atemp>33</gpxtpx:atemp>
     </gpxtpx:TrackPointExtension>
    </extensions>
   </trkpt>
   <trkpt lat="48.3314470" lon="16.0534980">
    <ele>217.0</ele>
    <time>2024-06-08T12:42:34Z</time>
    <extensions>
     <gpxtpx:TrackPointExtension>
      <gpxtpx:atemp>33</gpxtpx:atemp>
     </gpxtpx:TrackPointExtension>
    </extensions>
   </trkpt>
   <trkpt lat="48.3312990" lon="16.0535010">
    <ele>217.6</ele>
    <time>2024-06-08T12:42:40Z</time>
    <extensions>
     <gpxtpx:TrackPointExtension>
      <gpxtpx:atemp>34</gpxtpx:atemp>
     </gpxtpx:TrackPointExtension>
    </extensions>
   </trkpt>
   <trkpt lat="48.3312540" lon="16.0534940">
    <ele>217.8</ele>
    <time>2024-06-08T12:42:42Z</time>
    <extensions>
     <gpxtpx:TrackPointExtension>
      <gpxtpx:atemp>34</gpxtpx:atemp>
     </gpxtpx:TrackPointExtension>
    </extensions>
   </trkpt>
   <trkpt lat="48.3312330" lon="16.0533810">
    <ele>217.8</ele>
    <time>2024-06-08T12:42:46Z</time>
    <extensions>
     <gpxtpx:TrackPointExtension>
      <gpxtpx:atemp>34</gpxtpx:atemp>
     </gpxtpx:TrackPointExtension>
    </extensions>
   </trkpt>
   <trkpt lat="48.3311880" lon="16.0532810">
    <ele>217.8</ele>
    <time>2024-06-08T12:42:51Z</time>
    <extensions>
     <gpxtpx:TrackPointExtension>
      <gpxtpx:atemp>34</gpxtpx:atemp>
     </gpxtpx:TrackPointExtension>
    </extensions>
   </trkpt>
   <trkpt lat="48.3311840" lon="16.0532730">
    <ele>218.0</ele>
    <time>2024-06-08T12:42:54Z</time>
    <extensions>
     <gpxtpx:TrackPointExtension>
      <gpxtpx:atemp>34</gpxtpx:atemp>
     </gpxtpx:TrackPointExtension>
    </extensions>
   </trkpt>
   <trkpt lat="48.3310350" lon="16.0532430">
    <ele>217.6</ele>
    <time>2024-06-08T12:45:02Z</time>
    <extensions>
     <gpxtpx:TrackPointExtension>
      <gpxtpx:atemp>35</gpxtpx:atemp>
     </gpxtpx:TrackPointExtension>
    </extensions>
   </trkpt>
   <trkpt lat="48.3310260" lon="16.0532260">
    <ele>217.6</ele>
    <time>2024-06-08T12:45:03Z</time>
    <extensions>
     <gpxtpx:TrackPointExtension>
      <gpxtpx:atemp>35</gpxtpx:atemp>
     </gpxtpx:TrackPointExtension>
    </extensions>
   </trkpt>
   <trkpt lat="48.3310250" lon="16.0531660">
    <ele>217.6</ele>
    <time>2024-06-08T12:45:06Z</time>
    <extensions>
     <gpxtpx:TrackPointExtension>
      <gpxtpx:atemp>36</gpxtpx:atemp>
     </gpxtpx:TrackPointExtension>
    </extensions>
   </trkpt>
   <trkpt lat="48.3310290" lon="16.0531370">
    <ele>217.6</ele>
    <time>2024-06-08T12:45:08Z</time>
    <extensions>
     <gpxtpx:TrackPointExtension>
      <gpxtpx:atemp>36</gpxtpx:atemp>
     </gpxtpx:TrackPointExtension>
    </extensions>
   </trkpt>
   <trkpt lat="48.3310310" lon="16.0531280">
    <ele>217.6</ele>
    <time>2024-06-08T12:45:11Z</time>
    <extensions>
     <gpxtpx:TrackPointExtension>
      <gpxtpx:atemp>36</gpxtpx:atemp>
     </gpxtpx:TrackPointExtension>
    </extensions>
   </trkpt>
   <trkpt lat="48.3310550" lon="16.0530400">
    <ele>217.8</ele>
    <time>2024-06-08T12:45:18Z</time>
    <extensions>
     <gpxtpx:TrackPointExtension>
      <gpxtpx:atemp>36</gpxtpx:atemp>
     </gpxtpx:TrackPointExtension>
    </extensions>
   </trkpt>
   <trkpt lat="48.3310680" lon="16.0529370">
    <ele>217.8</ele>
    <time>2024-06-08T12:45:22Z</time>
    <extensions>
     <gpxtpx:TrackPointExtension>
      <gpxtpx:atemp>36</gpxtpx:atemp>
     </gpxtpx:TrackPointExtension>
    </extensions>
   </trkpt>
   <trkpt lat="48.3310750" lon="16.0528720">
    <ele>217.8</ele>
    <time>2024-06-08T12:45:24Z</time>
    <extensions>
     <gpxtpx:TrackPointExtension>
      <gpxtpx:atemp>36</gpxtpx:atemp>
     </gpxtpx:TrackPointExtension>
    </extensions>
   </trkpt>
   <trkpt lat="48.3310840" lon="16.0526820">
    <ele>217.8</ele>
    <time>2024-06-08T12:45:28Z</time>
    <extensions>
     <gpxtpx:TrackPointExtension>
      <gpxtpx:atemp>36</gpxtpx:atemp>
     </gpxtpx:TrackPointExtension>
    </extensions>
   </trkpt>
   <trkpt lat="48.3310850" lon="16.0523840">
    <ele>217.6</ele>
    <time>2024-06-08T12:45:33Z</time>
    <extensions>
     <gpxtpx:TrackPointExtension>
      <gpxtpx:atemp>36</gpxtpx:atemp>
     </gpxtpx:TrackPointExtension>
    </extensions>
   </trkpt>
   <trkpt lat="48.3310800" lon="16.0520510">
    <ele>217.0</ele>
    <time>2024-06-08T12:45:39Z</time>
    <extensions>
     <gpxtpx:TrackPointExtension>
      <gpxtpx:atemp>36</gpxtpx:atemp>
     </gpxtpx:TrackPointExtension>
    </extensions>
   </trkpt>
   <trkpt lat="48.3310730" lon="16.0519920">
    <ele>217.0</ele>
    <time>2024-06-08T12:45:40Z</time>
    <extensions>
     <gpxtpx:TrackPointExtension>
      <gpxtpx:atemp>36</gpxtpx:atemp>
     </gpxtpx:TrackPointExtension>
    </extensions>
   </trkpt>
   <trkpt lat="48.3310420" lon="16.0515870">
    <ele>216.6</ele>
    <time>2024-06-08T12:45:48Z</time>
    <extensions>
     <gpxtpx:TrackPointExtension>
      <gpxtpx:atemp>36</gpxtpx:atemp>
     </gpxtpx:TrackPointExtension>
    </extensions>
   </trkpt>
   <trkpt lat="48.3311060" lon="16.0513920">
    <ele>216.6</ele>
    <time>2024-06-08T12:45:53Z</time>
    <extensions>
     <gpxtpx:TrackPointExtension>
      <gpxtpx:atemp>36</gpxtpx:atemp>
     </gpxtpx:TrackPointExtension>
    </extensions>
   </trkpt>
   <trkpt lat="48.3311420" lon="16.0512820">
    <ele>216.8</ele>
    <time>2024-06-08T12:45:56Z</time>
    <extensions>
     <gpxtpx:TrackPointExtension>
      <gpxtpx:atemp>36</gpxtpx:atemp>
     </gpxtpx:TrackPointExtension>
    </extensions>
   </trkpt>
   <trkpt lat="48.3311700" lon="16.0511830">
    <ele>216.8</ele>
    <time>2024-06-08T12:45:59Z</time>
    <extensions>
     <gpxtpx:TrackPointExtension>
      <gpxtpx:atemp>36</gpxtpx:atemp>
     </gpxtpx:TrackPointExtension>
    </extensions>
   </trkpt>
   <trkpt lat="48.3311860" lon="16.0509000">
    <ele>216.8</ele>
    <time>2024-06-08T12:46:07Z</time>
    <extensions>
     <gpxtpx:TrackPointExtension>
      <gpxtpx:atemp>36</gpxtpx:atemp>
     </gpxtpx:TrackPointExtension>
    </extensions>
   </trkpt>
   <trkpt lat="48.3311560" lon="16.0506820">
    <ele>216.6</ele>
    <time>2024-06-08T12:46:14Z</time>
    <extensions>
     <gpxtpx:TrackPointExtension>
      <gpxtpx:atemp>36</gpxtpx:atemp>
     </gpxtpx:TrackPointExtension>
    </extensions>
   </trkpt>
   <trkpt lat="48.3311370" lon="16.0506570">
    <ele>216.6</ele>
    <time>2024-06-08T12:46:16Z</time>
    <extensions>
     <gpxtpx:TrackPointExtension>
      <gpxtpx:atemp>36</gpxtpx:atemp>
     </gpxtpx:TrackPointExtension>
    </extensions>
   </trkpt>
   <trkpt lat="48.3311330" lon="16.0506570">
    <ele>216.6</ele>
    <time>2024-06-08T12:46:18Z</time>
    <extensions>
     <gpxtpx:TrackPointExtension>
      <gpxtpx:atemp>36</gpxtpx:atemp>
     </gpxtpx:TrackPointExtension>
    </extensions>
   </trkpt>
   <trkpt lat="48.3311330" lon="16.0506570">
    <ele>216.6</ele>
    <time>2024-06-08T12:46:19Z</time>
    <extensions>
     <gpxtpx:TrackPointExtension>
      <gpxtpx:atemp>36</gpxtpx:atemp>
     </gpxtpx:TrackPointExtension>
    </extensions>
   </trkpt>
   <trkpt lat="48.3311390" lon="16.0505800">
    <ele>216.6</ele>
    <time>2024-06-08T12:46:38Z</time>
    <extensions>
     <gpxtpx:TrackPointExtension>
      <gpxtpx:atemp>37</gpxtpx:atemp>
     </gpxtpx:TrackPointExtension>
    </extensions>
   </trkpt>
   <trkpt lat="48.3311520" lon="16.0504960">
    <ele>216.6</ele>
    <time>2024-06-08T12:46:41Z</time>
    <extensions>
     <gpxtpx:TrackPointExtension>
      <gpxtpx:atemp>37</gpxtpx:atemp>
     </gpxtpx:TrackPointExtension>
    </extensions>
   </trkpt>
   <trkpt lat="48.3311920" lon="16.0503880">
    <ele>216.4</ele>
    <time>2024-06-08T12:46:46Z</time>
    <extensions>
     <gpxtpx:TrackPointExtension>
      <gpxtpx:atemp>37</gpxtpx:atemp>
     </gpxtpx:TrackPointExtension>
    </extensions>
   </trkpt>
   <trkpt lat="48.3311880" lon="16.0503760">
    <ele>216.4</ele>
    <time>2024-06-08T12:46:47Z</time>
    <extensions>
     <gpxtpx:TrackPointExtension>
      <gpxtpx:atemp>37</gpxtpx:atemp>
     </gpxtpx:TrackPointExtension>
    </extensions>
   </trkpt>
   <trkpt lat="48.3311850" lon="16.0503720">
    <ele>216.4</ele>
    <time>2024-06-08T12:46:49Z</time>
    <extensions>
     <gpxtpx:TrackPointExtension>
      <gpxtpx:atemp>37</gpxtpx:atemp>
     </gpxtpx:TrackPointExtension>
    </extensions>
   </trkpt>
   <trkpt lat="48.3311260" lon="16.0503410">
    <ele>216.8</ele>
    <time>2024-06-08T12:52:15Z</time>
    <extensions>
     <gpxtpx:TrackPointExtension>
      <gpxtpx:atemp>36</gpxtpx:atemp>
     </gpxtpx:TrackPointExtension>
    </extensions>
   </trkpt>
   <trkpt lat="48.3311230" lon="16.0503250">
    <ele>216.8</ele>
    <time>2024-06-08T12:52:16Z</time>
    <extensions>
     <gpxtpx:TrackPointExtension>
      <gpxtpx:atemp>36</gpxtpx:atemp>
     </gpxtpx:TrackPointExtension>
    </extensions>
   </trkpt>
   <trkpt lat="48.3311130" lon="16.0501790">
    <ele>217.0</ele>
    <time>2024-06-08T12:52:22Z</time>
    <extensions>
     <gpxtpx:TrackPointExtension>
      <gpxtpx:atemp>36</gpxtpx:atemp>
     </gpxtpx:TrackPointExtension>
    </extensions>
   </trkpt>
   <trkpt lat="48.3311270" lon="16.0501030">
    <ele>216.8</ele>
    <time>2024-06-08T12:52:25Z</time>
    <extensions>
     <gpxtpx:TrackPointExtension>
      <gpxtpx:atemp>36</gpxtpx:atemp>
     </gpxtpx:TrackPointExtension>
    </extensions>
   </trkpt>
   <trkpt lat="48.3311420" lon="16.0500730">
    <ele>216.8</ele>
    <time>2024-06-08T12:52:27Z</time>
    <extensions>
     <gpxtpx:TrackPointExtension>
      <gpxtpx:atemp>36</gpxtpx:atemp>
     </gpxtpx:TrackPointExtension>
    </extensions>
   </trkpt>
   <trkpt lat="48.3311950" lon="16.0500190">
    <ele>217.0</ele>
    <time>2024-06-08T12:52:34Z</time>
    <extensions>
     <gpxtpx:TrackPointExtension>
      <gpxtpx:atemp>36</gpxtpx:atemp>
     </gpxtpx:TrackPointExtension>
    </extensions>
   </trkpt>
   <trkpt lat="48.3312010" lon="16.0500160">
    <ele>217.0</ele>
    <time>2024-06-08T12:52:35Z</time>
    <extensions>
     <gpxtpx:TrackPointExtension>
      <gpxtpx:atemp>36</gpxtpx:atemp>
     </gpxtpx:TrackPointExtension>
    </extensions>
   </trkpt>
   <trkpt lat="48.3312070" lon="16.0500130">
    <ele>217.2</ele>
    <time>2024-06-08T12:52:36Z</time>
    <extensions>
     <gpxtpx:TrackPointExtension>
      <gpxtpx:atemp>36</gpxtpx:atemp>
     </gpxtpx:TrackPointExtension>
    </extensions>
   </trkpt>
   <trkpt lat="48.3312160" lon="16.0500000">
    <ele>217.6</ele>
    <time>2024-06-08T12:52:38Z</time>
    <extensions>
     <gpxtpx:TrackPointExtension>
      <gpxtpx:atemp>36</gpxtpx:atemp>
     </gpxtpx:TrackPointExtension>
    </extensions>
   </trkpt>
   <trkpt lat="48.3312320" lon="16.0499930">
    <ele>218.0</ele>
    <time>2024-06-08T12:52:41Z</time>
    <extensions>
     <gpxtpx:TrackPointExtension>
      <gpxtpx:atemp>36</gpxtpx:atemp>
     </gpxtpx:TrackPointExtension>
    </extensions>
   </trkpt>
   <trkpt lat="48.3312870" lon="16.0499730">
    <ele>218.0</ele>
    <time>2024-06-08T12:52:47Z</time>
    <extensions>
     <gpxtpx:TrackPointExtension>
      <gpxtpx:atemp>36</gpxtpx:atemp>
     </gpxtpx:TrackPointExtension>
    </extensions>
   </trkpt>
   <trkpt lat="48.3312950" lon="16.0499660">
    <ele>218.0</ele>
    <time>2024-06-08T12:52:48Z</time>
    <extensions>
     <gpxtpx:TrackPointExtension>
      <gpxtpx:atemp>36</gpxtpx:atemp>
     </gpxtpx:TrackPointExtension>
    </extensions>
   </trkpt>
   <trkpt lat="48.3313460" lon="16.0499150">
    <ele>218.2</ele>
    <time>2024-06-08T12:52:52Z</time>
    <extensions>
     <gpxtpx:TrackPointExtension>
      <gpxtpx:atemp>36</gpxtpx:atemp>
     </gpxtpx:TrackPointExtension>
    </extensions>
   </trkpt>
   <trkpt lat="48.3313870" lon="16.0498900">
    <ele>218.2</ele>
    <time>2024-06-08T12:52:55Z</time>
    <extensions>
     <gpxtpx:TrackPointExtension>
      <gpxtpx:atemp>36</gpxtpx:atemp>
     </gpxtpx:TrackPointExtension>
    </extensions>
   </trkpt>
   <trkpt lat="48.3314140" lon="16.0498650">
    <ele>218.4</ele>
    <time>2024-06-08T12:52:58Z</time>
    <extensions>
     <gpxtpx:TrackPointExtension>
      <gpxtpx:atemp>36</gpxtpx:atemp>
     </gpxtpx:TrackPointExtension>
    </extensions>
   </trkpt>
   <trkpt lat="48.3315190" lon="16.0497690">
    <ele>218.4</ele>
    <time>2024-06-08T12:53:06Z</time>
    <extensions>
     <gpxtpx:TrackPointExtension>
      <gpxtpx:atemp>36</gpxtpx:atemp>
     </gpxtpx:TrackPointExtension>
    </extensions>
   </trkpt>
   <trkpt lat="48.3316380" lon="16.0496870">
    <ele>218.4</ele>
    <time>2024-06-08T12:53:13Z</time>
    <extensions>
     <gpxtpx:TrackPointExtension>
      <gpxtpx:atemp>36</gpxtpx:atemp>
     </gpxtpx:TrackPointExtension>
    </extensions>
   </trkpt>
   <trkpt lat="48.3317430" lon="16.0495710">
    <ele>218.6</ele>
    <time>2024-06-08T12:53:20Z</time>
    <extensions>
     <gpxtpx:TrackPointExtension>
      <gpxtpx:atemp>36</gpxtpx:atemp>
     </gpxtpx:TrackPointExtension>
    </extensions>
   </trkpt>
   <trkpt lat="48.3317430" lon="16.0495710">
    <ele>218.6</ele>
    <time>2024-06-08T12:53:22Z</time>
    <extensions>
     <gpxtpx:TrackPointExtension>
      <gpxtpx:atemp>36</gpxtpx:atemp>
     </gpxtpx:TrackPointExtension>
    </extensions>
   </trkpt>
   <trkpt lat="48.3317000" lon="16.0496350">
    <ele>219.2</ele>
    <time>2024-06-08T12:54:12Z</time>
    <extensions>
     <gpxtpx:TrackPointExtension>
      <gpxtpx:atemp>36</gpxtpx:atemp>
     </gpxtpx:TrackPointExtension>
    </extensions>
   </trkpt>
   <trkpt lat="48.3316790" lon="16.0496390">
    <ele>219.2</ele>
    <time>2024-06-08T12:54:13Z</time>
    <extensions>
     <gpxtpx:TrackPointExtension>
      <gpxtpx:atemp>36</gpxtpx:atemp>
     </gpxtpx:TrackPointExtension>
    </extensions>
   </trkpt>
   <trkpt lat="48.3315220" lon="16.0497360">
    <ele>219.0</ele>
    <time>2024-06-08T12:54:18Z</time>
    <extensions>
     <gpxtpx:TrackPointExtension>
      <gpxtpx:atemp>36</gpxtpx:atemp>
     </gpxtpx:TrackPointExtension>
    </extensions>
   </trkpt>
   <trkpt lat="48.3313830" lon="16.0498080">
    <ele>218.4</ele>
    <time>2024-06-08T12:54:22Z</time>
    <extensions>
     <gpxtpx:TrackPointExtension>
      <gpxtpx:atemp>36</gpxtpx:atemp>
     </gpxtpx:TrackPointExtension>
    </extensions>
   </trkpt>
   <trkpt lat="48.3311580" lon="16.0499660">
    <ele>218.0</ele>
    <time>2024-06-08T12:54:29Z</time>
    <extensions>
     <gpxtpx:TrackPointExtension>
      <gpxtpx:atemp>36</gpxtpx:atemp>
     </gpxtpx:TrackPointExtension>
    </extensions>
   </trkpt>
   <trkpt lat="48.3310380" lon="16.0500750">
    <ele>217.6</ele>
    <time>2024-06-08T12:54:34Z</time>
    <extensions>
     <gpxtpx:TrackPointExtension>
      <gpxtpx:atemp>36</gpxtpx:atemp>
     </gpxtpx:TrackPointExtension>
    </extensions>
   </trkpt>
   <trkpt lat="48.3310210" lon="16.0501460">
    <ele>217.6</ele>
    <time>2024-06-08T12:54:36Z</time>
    <extensions>
     <gpxtpx:TrackPointExtension>
      <gpxtpx:atemp>36</gpxtpx:atemp>
     </gpxtpx:TrackPointExtension>
    </extensions>
   </trkpt>
   <trkpt lat="48.3310300" lon="16.0502070">
    <ele>217.4</ele>
    <time>2024-06-08T12:54:38Z</time>
    <extensions>
     <gpxtpx:TrackPointExtension>
      <gpxtpx:atemp>36</gpxtpx:atemp>
     </gpxtpx:TrackPointExtension>
    </extensions>
   </trkpt>
   <trkpt lat="48.3310470" lon="16.0502240">
    <ele>217.4</ele>
    <time>2024-06-08T12:54:39Z</time>
    <extensions>
     <gpxtpx:TrackPointExtension>
      <gpxtpx:atemp>36</gpxtpx:atemp>
     </gpxtpx:TrackPointExtension>
    </extensions>
   </trkpt>
   <trkpt lat="48.3310640" lon="16.0502220">
    <ele>217.4</ele>
    <time>2024-06-08T12:54:40Z</time>
    <extensions>
     <gpxtpx:TrackPointExtension>
      <gpxtpx:atemp>36</gpxtpx:atemp>
     </gpxtpx:TrackPointExtension>
    </extensions>
   </trkpt>
   <trkpt lat="48.3310750" lon="16.0502040">
    <ele>217.4</ele>
    <time>2024-06-08T12:54:41Z</time>
    <extensions>
     <gpxtpx:TrackPointExtension>
      <gpxtpx:atemp>36</gpxtpx:atemp>
     </gpxtpx:TrackPointExtension>
    </extensions>
   </trkpt>
   <trkpt lat="48.3310930" lon="16.0500720">
    <ele>217.4</ele>
    <time>2024-06-08T12:54:45Z</time>
    <extensions>
     <gpxtpx:TrackPointExtension>
      <gpxtpx:atemp>36</gpxtpx:atemp>
     </gpxtpx:TrackPointExtension>
    </extensions>
   </trkpt>
   <trkpt lat="48.3312110" lon="16.0499390">
    <ele>217.4</ele>
    <time>2024-06-08T12:54:49Z</time>
    <extensions>
     <gpxtpx:TrackPointExtension>
      <gpxtpx:atemp>35</gpxtpx:atemp>
     </gpxtpx:TrackPointExtension>
    </extensions>
   </trkpt>
   <trkpt lat="48.3312400" lon="16.0499110">
    <ele>217.4</ele>
    <time>2024-06-08T12:54:50Z</time>
    <extensions>
     <gpxtpx:TrackPointExtension>
      <gpxtpx:atemp>35</gpxtpx:atemp>
     </gpxtpx:TrackPointExtension>
    </extensions>
   </trkpt>
   <trkpt lat="48.3314300" lon="16.0498000">
    <ele>217.6</ele>
    <time>2024-06-08T12:54:55Z</time>
    <extensions>
     <gpxtpx:TrackPointExtension>
      <gpxtpx:atemp>35</gpxtpx:atemp>
     </gpxtpx:TrackPointExtension>
    </extensions>
   </trkpt>
   <trkpt lat="48.3316040" lon="16.0496390">
    <ele>217.8</ele>
    <time>2024-06-08T12:55:00Z</time>
    <extensions>
     <gpxtpx:TrackPointExtension>
      <gpxtpx:atemp>35</gpxtpx:atemp>
     </gpxtpx:TrackPointExtension>
    </extensions>
   </trkpt>
   <trkpt lat="48.3316390" lon="16.0496120">
    <ele>218.0</ele>
    <time>2024-06-08T12:55:01Z</time>
    <extensions>
     <gpxtpx:TrackPointExtension>
      <gpxtpx:atemp>35</gpxtpx:atemp>
     </gpxtpx:TrackPointExtension>
    </extensions>
   </trkpt>
   <trkpt lat="48.3317840" lon="16.0495400">
    <ele>218.6</ele>
    <time>2024-06-08T12:55:05Z</time>
    <extensions>
     <gpxtpx:TrackPointExtension>
      <gpxtpx:atemp>35</gpxtpx:atemp>
     </gpxtpx:TrackPointExtension>
    </extensions>
   </trkpt>
   <trkpt lat="48.3319680" lon="16.0494250">
    <ele>218.4</ele>
    <time>2024-06-08T12:55:12Z</time>
    <extensions>
     <gpxtpx:TrackPointExtension>
      <gpxtpx:atemp>35</gpxtpx:atemp>
     </gpxtpx:TrackPointExtension>
    </extensions>
   </trkpt>
   <trkpt lat="48.3319720" lon="16.0494210">
    <ele>218.6</ele>
    <time>2024-06-08T12:55:14Z</time>
    <extensions>
     <gpxtpx:TrackPointExtension>
      <gpxtpx:atemp>35</gpxtpx:atemp>
     </gpxtpx:TrackPointExtension>
    </extensions>
   </trkpt>
   <trkpt lat="48.3320110" lon="16.0494080">
    <ele>218.8</ele>
    <time>2024-06-08T12:56:37Z</time>
    <extensions>
     <gpxtpx:TrackPointExtension>
      <gpxtpx:atemp>36</gpxtpx:atemp>
     </gpxtpx:TrackPointExtension>
    </extensions>
   </trkpt>
   <trkpt lat="48.3320830" lon="16.0493210">
    <ele>218.8</ele>
    <time>2024-06-08T12:56:40Z</time>
    <extensions>
     <gpxtpx:TrackPointExtension>
      <gpxtpx:atemp>36</gpxtpx:atemp>
     </gpxtpx:TrackPointExtension>
    </extensions>
   </trkpt>
   <trkpt lat="48.3321090" lon="16.0492990">
    <ele>218.8</ele>
    <time>2024-06-08T12:56:41Z</time>
    <extensions>
     <gpxtpx:TrackPointExtension>
      <gpxtpx:atemp>36</gpxtpx:atemp>
     </gpxtpx:TrackPointExtension>
    </extensions>
   </trkpt>
   <trkpt lat="48.3322720" lon="16.0491690">
    <ele>218.6</ele>
    <time>2024-06-08T12:56:46Z</time>
    <extensions>
     <gpxtpx:TrackPointExtension>
      <gpxtpx:atemp>36</gpxtpx:atemp>
     </gpxtpx:TrackPointExtension>
    </extensions>
   </trkpt>
   <trkpt lat="48.3325200" lon="16.0490650">
    <ele>218.2</ele>
    <time>2024-06-08T12:56:53Z</time>
    <extensions>
     <gpxtpx:TrackPointExtension>
      <gpxtpx:atemp>36</gpxtpx:atemp>
     </gpxtpx:TrackPointExtension>
    </extensions>
   </trkpt>
   <trkpt lat="48.3328430" lon="16.0489180">
    <ele>217.8</ele>
    <time>2024-06-08T12:57:01Z</time>
    <extensions>
     <gpxtpx:TrackPointExtension>
      <gpxtpx:atemp>35</gpxtpx:atemp>
     </gpxtpx:TrackPointExtension>
    </extensions>
   </trkpt>
   <trkpt lat="48.3329330" lon="16.0489150">
    <ele>217.8</ele>
    <time>2024-06-08T12:57:03Z</time>
    <extensions>
     <gpxtpx:TrackPointExtension>
      <gpxtpx:atemp>35</gpxtpx:atemp>
     </gpxtpx:TrackPointExtension>
    </extensions>
   </trkpt>
   <trkpt lat="48.3329690" lon="16.0488880">
    <ele>217.8</ele>
    <time>2024-06-08T12:57:04Z</time>
    <extensions>
     <gpxtpx:TrackPointExtension>
      <gpxtpx:atemp>35</gpxtpx:atemp>
     </gpxtpx:TrackPointExtension>
    </extensions>
   </trkpt>
   <trkpt lat="48.3329980" lon="16.0488450">
    <ele>217.8</ele>
    <time>2024-06-08T12:57:05Z</time>
    <extensions>
     <gpxtpx:TrackPointExtension>
      <gpxtpx:atemp>35</gpxtpx:atemp>
     </gpxtpx:TrackPointExtension>
    </extensions>
   </trkpt>
   <trkpt lat="48.3330900" lon="16.0486840">
    <ele>217.8</ele>
    <time>2024-06-08T12:57:08Z</time>
    <extensions>
     <gpxtpx:TrackPointExtension>
      <gpxtpx:atemp>35</gpxtpx:atemp>
     </gpxtpx:TrackPointExtension>
    </extensions>
   </trkpt>
   <trkpt lat="48.3331270" lon="16.0486350">
    <ele>217.8</ele>
    <time>2024-06-08T12:57:09Z</time>
    <extensions>
     <gpxtpx:TrackPointExtension>
      <gpxtpx:atemp>35</gpxtpx:atemp>
     </gpxtpx:TrackPointExtension>
    </extensions>
   </trkpt>
   <trkpt lat="48.3332500" lon="16.0484690">
    <ele>217.8</ele>
    <time>2024-06-08T12:57:14Z</time>
    <extensions>
     <gpxtpx:TrackPointExtension>
      <gpxtpx:atemp>35</gpxtpx:atemp>
     </gpxtpx:TrackPointExtension>
    </extensions>
   </trkpt>
   <trkpt lat="48.3333800" lon="16.0483180">
    <ele>218.0</ele>
    <time>2024-06-08T12:57:19Z</time>
    <extensions>
     <gpxtpx:TrackPointExtension>
      <gpxtpx:atemp>35</gpxtpx:atemp>
     </gpxtpx:TrackPointExtension>
    </extensions>
   </trkpt>
   <trkpt lat="48.3334680" lon="16.0482730">
    <ele>218.0</ele>
    <time>2024-06-08T12:57:21Z</time>
    <extensions>
     <gpxtpx:TrackPointExtension>
      <gpxtpx:atemp>35</gpxtpx:atemp>
     </gpxtpx:TrackPointExtension>
    </extensions>
   </trkpt>
   <trkpt lat="48.3335470" lon="16.0482630">
    <ele>218.0</ele>
    <time>2024-06-08T12:57:23Z</time>
    <extensions>
     <gpxtpx:TrackPointExtension>
      <gpxtpx:atemp>35</gpxtpx:atemp>
     </gpxtpx:TrackPointExtension>
    </extensions>
   </trkpt>
   <trkpt lat="48.3336740" lon="16.0482770">
    <ele>218.0</ele>
    <time>2024-06-08T12:57:27Z</time>
    <extensions>
     <gpxtpx:TrackPointExtension>
      <gpxtpx:atemp>35</gpxtpx:atemp>
     </gpxtpx:TrackPointExtension>
    </extensions>
   </trkpt>
   <trkpt lat="48.3337040" lon="16.0482570">
    <ele>217.6</ele>
    <time>2024-06-08T12:57:31Z</time>
    <extensions>
     <gpxtpx:TrackPointExtension>
      <gpxtpx:atemp>35</gpxtpx:atemp>
     </gpxtpx:TrackPointExtension>
    </extensions>
   </trkpt>
   <trkpt lat="48.3337220" lon="16.0481690">
    <ele>217.0</ele>
    <time>2024-06-08T12:58:38Z</time>
    <extensions>
     <gpxtpx:TrackPointExtension>
      <gpxtpx:atemp>36</gpxtpx:atemp>
     </gpxtpx:TrackPointExtension>
    </extensions>
   </trkpt>
   <trkpt lat="48.3337250" lon="16.0481320">
    <ele>217.0</ele>
    <time>2024-06-08T12:58:41Z</time>
    <extensions>
     <gpxtpx:TrackPointExtension>
      <gpxtpx:atemp>36</gpxtpx:atemp>
     </gpxtpx:TrackPointExtension>
    </extensions>
   </trkpt>
   <trkpt lat="48.3337370" lon="16.0481090">
    <ele>217.2</ele>
    <time>2024-06-08T12:58:45Z</time>
    <extensions>
     <gpxtpx:TrackPointExtension>
      <gpxtpx:atemp>36</gpxtpx:atemp>
     </gpxtpx:TrackPointExtension>
    </extensions>
   </trkpt>
   <trkpt lat="48.3338430" lon="16.0479980">
    <ele>217.6</ele>
    <time>2024-06-08T13:00:57Z</time>
    <extensions>
     <gpxtpx:TrackPointExtension>
      <gpxtpx:atemp>35</gpxtpx:atemp>
     </gpxtpx:TrackPointExtension>
    </extensions>
   </trkpt>
   <trkpt lat="48.3338720" lon="16.0479650">
    <ele>217.4</ele>
    <time>2024-06-08T13:01:00Z</time>
    <extensions>
     <gpxtpx:TrackPointExtension>
      <gpxtpx:atemp>36</gpxtpx:atemp>
     </gpxtpx:TrackPointExtension>
    </extensions>
   </trkpt>
   <trkpt lat="48.3338730" lon="16.0479600">
    <ele>217.4</ele>
    <time>2024-06-08T13:01:01Z</time>
    <extensions>
     <gpxtpx:TrackPointExtension>
      <gpxtpx:atemp>36</gpxtpx:atemp>
     </gpxtpx:TrackPointExtension>
    </extensions>
   </trkpt>
   <trkpt lat="48.3338590" lon="16.0479490">
    <ele>217.4</ele>
    <time>2024-06-08T13:01:03Z</time>
    <extensions>
     <gpxtpx:TrackPointExtension>
      <gpxtpx:atemp>35</gpxtpx:atemp>
     </gpxtpx:TrackPointExtension>
    </extensions>
   </trkpt>
   <trkpt lat="48.3338670" lon="16.0479630">
    <ele>217.4</ele>
    <time>2024-06-08T13:01:05Z</time>
    <extensions>
     <gpxtpx:TrackPointExtension>
      <gpxtpx:atemp>35</gpxtpx:atemp>
     </gpxtpx:TrackPointExtension>
    </extensions>
   </trkpt>
   <trkpt lat="48.3338820" lon="16.0479740">
    <ele>217.4</ele>
    <time>2024-06-08T13:01:09Z</time>
    <extensions>
     <gpxtpx:TrackPointExtension>
      <gpxtpx:atemp>35</gpxtpx:atemp>
     </gpxtpx:TrackPointExtension>
    </extensions>
   </trkpt>
   <trkpt lat="48.3338100" lon="16.0479710">
    <ele>217.4</ele>
    <time>2024-06-08T13:01:19Z</time>
    <extensions>
     <gpxtpx:TrackPointExtension>
      <gpxtpx:atemp>35</gpxtpx:atemp>
     </gpxtpx:TrackPointExtension>
    </extensions>
   </trkpt>
   <trkpt lat="48.3337810" lon="16.0479770">
    <ele>217.4</ele>
    <time>2024-06-08T13:01:22Z</time>
    <extensions>
     <gpxtpx:TrackPointExtension>
      <gpxtpx:atemp>35</gpxtpx:atemp>
     </gpxtpx:TrackPointExtension>
    </extensions>
   </trkpt>
   <trkpt lat="48.3338400" lon="16.0479790">
    <ele>217.4</ele>
    <time>2024-06-08T13:01:23Z</time>
    <extensions>
     <gpxtpx:TrackPointExtension>
      <gpxtpx:atemp>35</gpxtpx:atemp>
     </gpxtpx:TrackPointExtension>
    </extensions>
   </trkpt>
   <trkpt lat="48.3337870" lon="16.0480110">
    <ele>217.4</ele>
    <time>2024-06-08T13:01:25Z</time>
    <extensions>
     <gpxtpx:TrackPointExtension>
      <gpxtpx:atemp>35</gpxtpx:atemp>
     </gpxtpx:TrackPointExtension>
    </extensions>
   </trkpt>
   <trkpt lat="48.3337250" lon="16.0480360">
    <ele>217.4</ele>
    <time>2024-06-08T13:01:26Z</time>
    <extensions>
     <gpxtpx:TrackPointExtension>
      <gpxtpx:atemp>35</gpxtpx:atemp>
     </gpxtpx:TrackPointExtension>
    </extensions>
   </trkpt>
   <trkpt lat="48.3336670" lon="16.0480460">
    <ele>217.4</ele>
    <time>2024-06-08T13:01:30Z</time>
    <extensions>
     <gpxtpx:TrackPointExtension>
      <gpxtpx:atemp>35</gpxtpx:atemp>
     </gpxtpx:TrackPointExtension>
    </extensions>
   </trkpt>
   <trkpt lat="48.3336590" lon="16.0480470">
    <ele>217.2</ele>
    <time>2024-06-08T13:01:52Z</time>
    <extensions>
     <gpxtpx:TrackPointExtension>
      <gpxtpx:atemp>35</gpxtpx:atemp>
     </gpxtpx:TrackPointExtension>
    </extensions>
   </trkpt>
   <trkpt lat="48.3336510" lon="16.0480470">
    <ele>217.2</ele>
    <time>2024-06-08T13:01:54Z</time>
    <extensions>
     <gpxtpx:TrackPointExtension>
      <gpxtpx:atemp>35</gpxtpx:atemp>
     </gpxtpx:TrackPointExtension>
    </extensions>
   </trkpt>
   <trkpt lat="48.3336440" lon="16.0480480">
    <ele>217.2</ele>
    <time>2024-06-08T13:01:59Z</time>
    <extensions>
     <gpxtpx:TrackPointExtension>
      <gpxtpx:atemp>35</gpxtpx:atemp>
     </gpxtpx:TrackPointExtension>
    </extensions>
   </trkpt>
   <trkpt lat="48.3336360" lon="16.0480490">
    <ele>217.4</ele>
    <time>2024-06-08T13:02:04Z</time>
    <extensions>
     <gpxtpx:TrackPointExtension>
      <gpxtpx:atemp>35</gpxtpx:atemp>
     </gpxtpx:TrackPointExtension>
    </extensions>
   </trkpt>
   <trkpt lat="48.3336280" lon="16.0480490">
    <ele>217.4</ele>
    <time>2024-06-08T13:02:06Z</time>
    <extensions>
     <gpxtpx:TrackPointExtension>
      <gpxtpx:atemp>35</gpxtpx:atemp>
     </gpxtpx:TrackPointExtension>
    </extensions>
   </trkpt>
   <trkpt lat="48.3336200" lon="16.0480500">
    <ele>217.4</ele>
    <time>2024-06-08T13:02:09Z</time>
    <extensions>
     <gpxtpx:TrackPointExtension>
      <gpxtpx:atemp>35</gpxtpx:atemp>
     </gpxtpx:TrackPointExtension>
    </extensions>
   </trkpt>
   <trkpt lat="48.3336120" lon="16.0480500">
    <ele>217.4</ele>
    <time>2024-06-08T13:02:12Z</time>
    <extensions>
     <gpxtpx:TrackPointExtension>
      <gpxtpx:atemp>35</gpxtpx:atemp>
     </gpxtpx:TrackPointExtension>
    </extensions>
   </trkpt>
   <trkpt lat="48.3336040" lon="16.0480510">
    <ele>218.0</ele>
    <time>2024-06-08T13:02:43Z</time>
    <extensions>
     <gpxtpx:TrackPointExtension>
      <gpxtpx:atemp>35</gpxtpx:atemp>
     </gpxtpx:TrackPointExtension>
    </extensions>
   </trkpt>
   <trkpt lat="48.3335970" lon="16.0480520">
    <ele>218.0</ele>
    <time>2024-06-08T13:02:44Z</time>
    <extensions>
     <gpxtpx:TrackPointExtension>
      <gpxtpx:atemp>35</gpxtpx:atemp>
     </gpxtpx:TrackPointExtension>
    </extensions>
   </trkpt>
   <trkpt lat="48.3335890" lon="16.0480520">
    <ele>218.0</ele>
    <time>2024-06-08T13:02:46Z</time>
    <extensions>
     <gpxtpx:TrackPointExtension>
      <gpxtpx:atemp>35</gpxtpx:atemp>
     </gpxtpx:TrackPointExtension>
    </extensions>
   </trkpt>
   <trkpt lat="48.3335810" lon="16.0480530">
    <ele>217.8</ele>
    <time>2024-06-08T13:03:38Z</time>
    <extensions>
     <gpxtpx:TrackPointExtension>
      <gpxtpx:atemp>35</gpxtpx:atemp>
     </gpxtpx:TrackPointExtension>
    </extensions>
   </trkpt>
   <trkpt lat="48.3335730" lon="16.0480540">
    <ele>217.8</ele>
    <time>2024-06-08T13:03:39Z</time>
    <extensions>
     <gpxtpx:TrackPointExtension>
      <gpxtpx:atemp>35</gpxtpx:atemp>
     </gpxtpx:TrackPointExtension>
    </extensions>
   </trkpt>
   <trkpt lat="48.3334790" lon="16.0480700">
    <ele>217.8</ele>
    <time>2024-06-08T13:03:40Z</time>
    <extensions>
     <gpxtpx:TrackPointExtension>
      <gpxtpx:atemp>35</gpxtpx:atemp>
     </gpxtpx:TrackPointExtension>
    </extensions>
   </trkpt>
   <trkpt lat="48.3334310" lon="16.0480260">
    <ele>217.6</ele>
    <time>2024-06-08T13:03:42Z</time>
    <extensions>
     <gpxtpx:TrackPointExtension>
      <gpxtpx:atemp>35</gpxtpx:atemp>
     </gpxtpx:TrackPointExtension>
    </extensions>
   </trkpt>
   <trkpt lat="48.3334260" lon="16.0480230">
    <ele>217.6</ele>
    <time>2024-06-08T13:03:44Z</time>
    <extensions>
     <gpxtpx:TrackPointExtension>
      <gpxtpx:atemp>35</gpxtpx:atemp>
     </gpxtpx:TrackPointExtension>
    </extensions>
   </trkpt>
   <trkpt lat="48.3338990" lon="16.0479600">
    <ele>217.4</ele>
    <time>2024-06-08T13:04:44Z</time>
    <extensions>
     <gpxtpx:TrackPointExtension>
      <gpxtpx:atemp>34</gpxtpx:atemp>
     </gpxtpx:TrackPointExtension>
    </extensions>
   </trkpt>
   <trkpt lat="48.3339080" lon="16.0479400">
    <ele>217.4</ele>
    <time>2024-06-08T13:04:45Z</time>
    <extensions>
     <gpxtpx:TrackPointExtension>
      <gpxtpx:atemp>34</gpxtpx:atemp>
     </gpxtpx:TrackPointExtension>
    </extensions>
   </trkpt>
   <trkpt lat="48.3339830" lon="16.0477790">
    <ele>217.4</ele>
    <time>2024-06-08T13:04:48Z</time>
    <extensions>
     <gpxtpx:TrackPointExtension>
      <gpxtpx:atemp>34</gpxtpx:atemp>
     </gpxtpx:TrackPointExtension>
    </extensions>
   </trkpt>
   <trkpt lat="48.3338320" lon="16.0478960">
    <ele>217.4</ele>
    <time>2024-06-08T13:04:52Z</time>
    <extensions>
     <gpxtpx:TrackPointExtension>
      <gpxtpx:atemp>34</gpxtpx:atemp>
     </gpxtpx:TrackPointExtension>
    </extensions>
   </trkpt>
   <trkpt lat="48.3337600" lon="16.0479150">
    <ele>217.4</ele>
    <time>2024-06-08T13:04:53Z</time>
    <extensions>
     <gpxtpx:TrackPointExtension>
      <gpxtpx:atemp>34</gpxtpx:atemp>
     </gpxtpx:TrackPointExtension>
    </extensions>
   </trkpt>
   <trkpt lat="48.3337870" lon="16.0478750">
    <ele>217.4</ele>
    <time>2024-06-08T13:04:58Z</time>
    <extensions>
     <gpxtpx:TrackPointExtension>
      <gpxtpx:atemp>34</gpxtpx:atemp>
     </gpxtpx:TrackPointExtension>
    </extensions>
   </trkpt>
   <trkpt lat="48.3337550" lon="16.0480020">
    <ele>217.4</ele>
    <time>2024-06-08T13:05:01Z</time>
    <extensions>
     <gpxtpx:TrackPointExtension>
      <gpxtpx:atemp>34</gpxtpx:atemp>
     </gpxtpx:TrackPointExtension>
    </extensions>
   </trkpt>
   <trkpt lat="48.3336560" lon="16.0481330">
    <ele>217.6</ele>
    <time>2024-06-08T13:05:04Z</time>
    <extensions>
     <gpxtpx:TrackPointExtension>
      <gpxtpx:atemp>34</gpxtpx:atemp>
     </gpxtpx:TrackPointExtension>
    </extensions>
   </trkpt>
   <trkpt lat="48.3336380" lon="16.0481410">
    <ele>217.6</ele>
    <time>2024-06-08T13:05:06Z</time>
    <extensions>
     <gpxtpx:TrackPointExtension>
      <gpxtpx:atemp>34</gpxtpx:atemp>
     </gpxtpx:TrackPointExtension>
    </extensions>
   </trkpt>
   <trkpt lat="48.3336640" lon="16.0480450">
    <ele>217.6</ele>
    <time>2024-06-08T13:05:07Z</time>
    <extensions>
     <gpxtpx:TrackPointExtension>
      <gpxtpx:atemp>34</gpxtpx:atemp>
     </gpxtpx:TrackPointExtension>
    </extensions>
   </trkpt>
   <trkpt lat="48.3337260" lon="16.0477820">
    <ele>217.6</ele>
    <time>2024-06-08T13:05:10Z</time>
    <extensions>
     <gpxtpx:TrackPointExtension>
      <gpxtpx:atemp>34</gpxtpx:atemp>
     </gpxtpx:TrackPointExtension>
    </extensions>
   </trkpt>
   <trkpt lat="48.3336920" lon="16.0477890">
    <ele>217.6</ele>
    <time>2024-06-08T13:05:11Z</time>
    <extensions>
     <gpxtpx:TrackPointExtension>
      <gpxtpx:atemp>34</gpxtpx:atemp>
     </gpxtpx:TrackPointExtension>
    </extensions>
   </trkpt>
   <trkpt lat="48.3336760" lon="16.0478340">
    <ele>217.6</ele>
    <time>2024-06-08T13:05:15Z</time>
    <extensions>
     <gpxtpx:TrackPointExtension>
      <gpxtpx:atemp>34</gpxtpx:atemp>
     </gpxtpx:TrackPointExtension>
    </extensions>
   </trkpt>
   <trkpt lat="48.3336740" lon="16.0478650">
    <ele>217.6</ele>
    <time>2024-06-08T13:05:17Z</time>
    <extensions>
     <gpxtpx:TrackPointExtension>
      <gpxtpx:atemp>34</gpxtpx:atemp>
     </gpxtpx:TrackPointExtension>
    </extensions>
   </trkpt>
   <trkpt lat="48.3335310" lon="16.0478800">
    <ele>217.6</ele>
    <time>2024-06-08T13:05:18Z</time>
    <extensions>
     <gpxtpx:TrackPointExtension>
      <gpxtpx:atemp>34</gpxtpx:atemp>
     </gpxtpx:TrackPointExtension>
    </extensions>
   </trkpt>
   <trkpt lat="48.3335410" lon="16.0479140">
    <ele>217.6</ele>
    <time>2024-06-08T13:05:19Z</time>
    <extensions>
     <gpxtpx:TrackPointExtension>
      <gpxtpx:atemp>34</gpxtpx:atemp>
     </gpxtpx:TrackPointExtension>
    </extensions>
   </trkpt>
   <trkpt lat="48.3335430" lon="16.0479240">
    <ele>217.6</ele>
    <time>2024-06-08T13:05:21Z</time>
    <extensions>
     <gpxtpx:TrackPointExtension>
      <gpxtpx:atemp>34</gpxtpx:atemp>
     </gpxtpx:TrackPointExtension>
    </extensions>
   </trkpt>
   <trkpt lat="48.3335350" lon="16.0479230">
    <ele>217.6</ele>
    <time>2024-06-08T13:05:22Z</time>
    <extensions>
     <gpxtpx:TrackPointExtension>
      <gpxtpx:atemp>34</gpxtpx:atemp>
     </gpxtpx:TrackPointExtension>
    </extensions>
   </trkpt>
   <trkpt lat="48.3336630" lon="16.0479690">
    <ele>217.6</ele>
    <time>2024-06-08T13:05:25Z</time>
    <extensions>
     <gpxtpx:TrackPointExtension>
      <gpxtpx:atemp>34</gpxtpx:atemp>
     </gpxtpx:TrackPointExtension>
    </extensions>
   </trkpt>
   <trkpt lat="48.3336880" lon="16.0479430">
    <ele>217.6</ele>
    <time>2024-06-08T13:05:26Z</time>
    <extensions>
     <gpxtpx:TrackPointExtension>
      <gpxtpx:atemp>34</gpxtpx:atemp>
     </gpxtpx:TrackPointExtension>
    </extensions>
   </trkpt>
   <trkpt lat="48.3336880" lon="16.0478960">
    <ele>217.6</ele>
    <time>2024-06-08T13:05:30Z</time>
    <extensions>
     <gpxtpx:TrackPointExtension>
      <gpxtpx:atemp>34</gpxtpx:atemp>
     </gpxtpx:TrackPointExtension>
    </extensions>
   </trkpt>
   <trkpt lat="48.3337000" lon="16.0479090">
    <ele>217.6</ele>
    <time>2024-06-08T13:05:31Z</time>
    <extensions>
     <gpxtpx:TrackPointExtension>
      <gpxtpx:atemp>34</gpxtpx:atemp>
     </gpxtpx:TrackPointExtension>
    </extensions>
   </trkpt>
   <trkpt lat="48.3338710" lon="16.0479790">
    <ele>217.6</ele>
    <time>2024-06-08T13:05:39Z</time>
    <extensions>
     <gpxtpx:TrackPointExtension>
      <gpxtpx:atemp>34</gpxtpx:atemp>
     </gpxtpx:TrackPointExtension>
    </extensions>
   </trkpt>
   <trkpt lat="48.3338650" lon="16.0479770">
    <ele>217.4</ele>
    <time>2024-06-08T13:05:43Z</time>
    <extensions>
     <gpxtpx:TrackPointExtension>
      <gpxtpx:atemp>34</gpxtpx:atemp>
     </gpxtpx:TrackPointExtension>
    </extensions>
   </trkpt>
   <trkpt lat="48.3338890" lon="16.0479460">
    <ele>217.4</ele>
    <time>2024-06-08T13:05:45Z</time>
    <extensions>
     <gpxtpx:TrackPointExtension>
      <gpxtpx:atemp>34</gpxtpx:atemp>
     </gpxtpx:TrackPointExtension>
    </extensions>
   </trkpt>
   <trkpt lat="48.3338690" lon="16.0479300">
    <ele>217.4</ele>
    <time>2024-06-08T13:05:46Z</time>
    <extensions>
     <gpxtpx:TrackPointExtension>
      <gpxtpx:atemp>34</gpxtpx:atemp>
     </gpxtpx:TrackPointExtension>
    </extensions>
   </trkpt>
   <trkpt lat="48.3338160" lon="16.0478960">
    <ele>217.4</ele>
    <time>2024-06-08T13:05:48Z</time>
    <extensions>
     <gpxtpx:TrackPointExtension>
      <gpxtpx:atemp>34</gpxtpx:atemp>
     </gpxtpx:TrackPointExtension>
    </extensions>
   </trkpt>
   <trkpt lat="48.3338060" lon="16.0478890">
    <ele>217.4</ele>
    <time>2024-06-08T13:05:50Z</time>
    <extensions>
     <gpxtpx:TrackPointExtension>
      <gpxtpx:atemp>34</gpxtpx:atemp>
     </gpxtpx:TrackPointExtension>
    </extensions>
   </trkpt>
   <trkpt lat="48.3337990" lon="16.0478880">
    <ele>217.4</ele>
    <time>2024-06-08T13:05:52Z</time>
    <extensions>
     <gpxtpx:TrackPointExtension>
      <gpxtpx:atemp>34</gpxtpx:atemp>
     </gpxtpx:TrackPointExtension>
    </extensions>
   </trkpt>
   <trkpt lat="48.3338320" lon="16.0479190">
    <ele>217.8</ele>
    <time>2024-06-08T13:05:56Z</time>
    <extensions>
     <gpxtpx:TrackPointExtension>
      <gpxtpx:atemp>34</gpxtpx:atemp>
     </gpxtpx:TrackPointExtension>
    </extensions>
   </trkpt>
   <trkpt lat="48.3338350" lon="16.0479250">
    <ele>217.8</ele>
    <time>2024-06-08T13:05:59Z</time>
    <extensions>
     <gpxtpx:TrackPointExtension>
      <gpxtpx:atemp>34</gpxtpx:atemp>
     </gpxtpx:TrackPointExtension>
    </extensions>
   </trkpt>
   <trkpt lat="48.3338460" lon="16.0479290">
    <ele>217.8</ele>
    <time>2024-06-08T13:06:01Z</time>
    <extensions>
     <gpxtpx:TrackPointExtension>
      <gpxtpx:atemp>34</gpxtpx:atemp>
     </gpxtpx:TrackPointExtension>
    </extensions>
   </trkpt>
   <trkpt lat="48.3338450" lon="16.0479290">
    <ele>217.8</ele>
    <time>2024-06-08T13:06:02Z</time>
    <extensions>
     <gpxtpx:TrackPointExtension>
      <gpxtpx:atemp>34</gpxtpx:atemp>
     </gpxtpx:TrackPointExtension>
    </extensions>
   </trkpt>
   <trkpt lat="48.3338420" lon="16.0479290">
    <ele>217.8</ele>
    <time>2024-06-08T13:06:04Z</time>
    <extensions>
     <gpxtpx:TrackPointExtension>
      <gpxtpx:atemp>34</gpxtpx:atemp>
     </gpxtpx:TrackPointExtension>
    </extensions>
   </trkpt>
   <trkpt lat="48.3339600" lon="16.0479740">
    <ele>217.8</ele>
    <time>2024-06-08T13:06:08Z</time>
    <extensions>
     <gpxtpx:TrackPointExtension>
      <gpxtpx:atemp>34</gpxtpx:atemp>
     </gpxtpx:TrackPointExtension>
    </extensions>
   </trkpt>
   <trkpt lat="48.3340230" lon="16.0479830">
    <ele>217.8</ele>
    <time>2024-06-08T13:06:12Z</time>
    <extensions>
     <gpxtpx:TrackPointExtension>
      <gpxtpx:atemp>34</gpxtpx:atemp>
     </gpxtpx:TrackPointExtension>
    </extensions>
   </trkpt>
   <trkpt lat="48.3340400" lon="16.0479960">
    <ele>217.8</ele>
    <time>2024-06-08T13:06:15Z</time>
    <extensions>
     <gpxtpx:TrackPointExtension>
      <gpxtpx:atemp>34</gpxtpx:atemp>
     </gpxtpx:TrackPointExtension>
    </extensions>
   </trkpt>
   <trkpt lat="48.3340250" lon="16.0479950">
    <ele>217.8</ele>
    <time>2024-06-08T13:06:16Z</time>
    <extensions>
     <gpxtpx:TrackPointExtension>
      <gpxtpx:atemp>34</gpxtpx:atemp>
     </gpxtpx:TrackPointExtension>
    </extensions>
   </trkpt>
   <trkpt lat="48.3339980" lon="16.0479820">
    <ele>217.8</ele>
    <time>2024-06-08T13:06:20Z</time>
    <extensions>
     <gpxtpx:TrackPointExtension>
      <gpxtpx:atemp>34</gpxtpx:atemp>
     </gpxtpx:TrackPointExtension>
    </extensions>
   </trkpt>
   <trkpt lat="48.3339960" lon="16.0479830">
    <ele>217.8</ele>
    <time>2024-06-08T13:06:21Z</time>
    <extensions>
     <gpxtpx:TrackPointExtension>
      <gpxtpx:atemp>34</gpxtpx:atemp>
     </gpxtpx:TrackPointExtension>
    </extensions>
   </trkpt>
   <trkpt lat="48.3340100" lon="16.0479980">
    <ele>217.6</ele>
    <time>2024-06-08T13:06:23Z</time>
    <extensions>
     <gpxtpx:TrackPointExtension>
      <gpxtpx:atemp>34</gpxtpx:atemp>
     </gpxtpx:TrackPointExtension>
    </extensions>
   </trkpt>
   <trkpt lat="48.3340130" lon="16.0479940">
    <ele>217.6</ele>
    <time>2024-06-08T13:06:24Z</time>
    <extensions>
     <gpxtpx:TrackPointExtension>
      <gpxtpx:atemp>34</gpxtpx:atemp>
     </gpxtpx:TrackPointExtension>
    </extensions>
   </trkpt>
   <trkpt lat="48.3340040" lon="16.0480210">
    <ele>217.6</ele>
    <time>2024-06-08T13:06:26Z</time>
    <extensions>
     <gpxtpx:TrackPointExtension>
      <gpxtpx:atemp>34</gpxtpx:atemp>
     </gpxtpx:TrackPointExtension>
    </extensions>
   </trkpt>
   <trkpt lat="48.3340000" lon="16.0480290">
    <ele>217.4</ele>
    <time>2024-06-08T13:06:28Z</time>
    <extensions>
     <gpxtpx:TrackPointExtension>
      <gpxtpx:atemp>34</gpxtpx:atemp>
     </gpxtpx:TrackPointExtension>
    </extensions>
   </trkpt>
   <trkpt lat="48.3340040" lon="16.0480400">
    <ele>217.4</ele>
    <time>2024-06-08T13:06:30Z</time>
    <extensions>
     <gpxtpx:TrackPointExtension>
      <gpxtpx:atemp>34</gpxtpx:atemp>
     </gpxtpx:TrackPointExtension>
    </extensions>
   </trkpt>
   <trkpt lat="48.3340140" lon="16.0480530">
    <ele>217.4</ele>
    <time>2024-06-08T13:06:34Z</time>
    <extensions>
     <gpxtpx:TrackPointExtension>
      <gpxtpx:atemp>34</gpxtpx:atemp>
     </gpxtpx:TrackPointExtension>
    </extensions>
   </trkpt>
   <trkpt lat="48.3340030" lon="16.0480510">
    <ele>217.4</ele>
    <time>2024-06-08T13:06:35Z</time>
    <extensions>
     <gpxtpx:TrackPointExtension>
      <gpxtpx:atemp>34</gpxtpx:atemp>
     </gpxtpx:TrackPointExtension>
    </extensions>
   </trkpt>
   <trkpt lat="48.3339630" lon="16.0480310">
    <ele>217.2</ele>
    <time>2024-06-08T13:06:40Z</time>
    <extensions>
     <gpxtpx:TrackPointExtension>
      <gpxtpx:atemp>34</gpxtpx:atemp>
     </gpxtpx:TrackPointExtension>
    </extensions>
   </trkpt>
   <trkpt lat="48.3340820" lon="16.0480590">
    <ele>217.2</ele>
    <time>2024-06-08T13:06:42Z</time>
    <extensions>
     <gpxtpx:TrackPointExtension>
      <gpxtpx:atemp>34</gpxtpx:atemp>
     </gpxtpx:TrackPointExtension>
    </extensions>
   </trkpt>
   <trkpt lat="48.3341040" lon="16.0480800">
    <ele>217.2</ele>
    <time>2024-06-08T13:06:43Z</time>
    <extensions>
     <gpxtpx:TrackPointExtension>
      <gpxtpx:atemp>34</gpxtpx:atemp>
     </gpxtpx:TrackPointExtension>
    </extensions>
   </trkpt>
   <trkpt lat="48.3341240" lon="16.0480180">
    <ele>217.4</ele>
    <time>2024-06-08T13:06:50Z</time>
    <extensions>
     <gpxtpx:TrackPointExtension>
      <gpxtpx:atemp>34</gpxtpx:atemp>
     </gpxtpx:TrackPointExtension>
    </extensions>
   </trkpt>
   <trkpt lat="48.3340370" lon="16.0479500">
    <ele>217.4</ele>
    <time>2024-06-08T13:06:52Z</time>
    <extensions>
     <gpxtpx:TrackPointExtension>
      <gpxtpx:atemp>34</gpxtpx:atemp>
     </gpxtpx:TrackPointExtension>
    </extensions>
   </trkpt>
   <trkpt lat="48.3339820" lon="16.0479330">
    <ele>217.4</ele>
    <time>2024-06-08T13:06:53Z</time>
    <extensions>
     <gpxtpx:TrackPointExtension>
      <gpxtpx:atemp>34</gpxtpx:atemp>
     </gpxtpx:TrackPointExtension>
    </extensions>
   </trkpt>
   <trkpt lat="48.3338410" lon="16.0479130">
    <ele>217.4</ele>
    <time>2024-06-08T13:06:57Z</time>
    <extensions>
     <gpxtpx:TrackPointExtension>
      <gpxtpx:atemp>34</gpxtpx:atemp>
     </gpxtpx:TrackPointExtension>
    </extensions>
   </trkpt>
   <trkpt lat="48.3338100" lon="16.0479180">
    <ele>217.4</ele>
    <time>2024-06-08T13:06:58Z</time>
    <extensions>
     <gpxtpx:TrackPointExtension>
      <gpxtpx:atemp>34</gpxtpx:atemp>
     </gpxtpx:TrackPointExtension>
    </extensions>
   </trkpt>
   <trkpt lat="48.3337730" lon="16.0479130">
    <ele>217.6</ele>
    <time>2024-06-08T13:07:00Z</time>
    <extensions>
     <gpxtpx:TrackPointExtension>
      <gpxtpx:atemp>34</gpxtpx:atemp>
     </gpxtpx:TrackPointExtension>
    </extensions>
   </trkpt>
   <trkpt lat="48.3338410" lon="16.0480140">
    <ele>217.6</ele>
    <time>2024-06-08T13:07:02Z</time>
    <extensions>
     <gpxtpx:TrackPointExtension>
      <gpxtpx:atemp>34</gpxtpx:atemp>
     </gpxtpx:TrackPointExtension>
    </extensions>
   </trkpt>
   <trkpt lat="48.3338530" lon="16.0481060">
    <ele>217.6</ele>
    <time>2024-06-08T13:07:06Z</time>
    <extensions>
     <gpxtpx:TrackPointExtension>
      <gpxtpx:atemp>34</gpxtpx:atemp>
     </gpxtpx:TrackPointExtension>
    </extensions>
   </trkpt>
   <trkpt lat="48.3338630" lon="16.0481060">
    <ele>217.6</ele>
    <time>2024-06-08T13:07:07Z</time>
    <extensions>
     <gpxtpx:TrackPointExtension>
      <gpxtpx:atemp>34</gpxtpx:atemp>
     </gpxtpx:TrackPointExtension>
    </extensions>
   </trkpt>
   <trkpt lat="48.3337790" lon="16.0480490">
    <ele>217.6</ele>
    <time>2024-06-08T13:07:10Z</time>
    <extensions>
     <gpxtpx:TrackPointExtension>
      <gpxtpx:atemp>34</gpxtpx:atemp>
     </gpxtpx:TrackPointExtension>
    </extensions>
   </trkpt>
   <trkpt lat="48.3338120" lon="16.0480030">
    <ele>217.6</ele>
    <time>2024-06-08T13:07:11Z</time>
    <extensions>
     <gpxtpx:TrackPointExtension>
      <gpxtpx:atemp>34</gpxtpx:atemp>
     </gpxtpx:TrackPointExtension>
    </extensions>
   </trkpt>
   <trkpt lat="48.3337940" lon="16.0479540">
    <ele>217.6</ele>
    <time>2024-06-08T13:07:13Z</time>
    <extensions>
     <gpxtpx:TrackPointExtension>
      <gpxtpx:atemp>34</gpxtpx:atemp>
     </gpxtpx:TrackPointExtension>
    </extensions>
   </trkpt>
   <trkpt lat="48.3337970" lon="16.0479710">
    <ele>217.6</ele>
    <time>2024-06-08T13:07:14Z</time>
    <extensions>
     <gpxtpx:TrackPointExtension>
      <gpxtpx:atemp>34</gpxtpx:atemp>
     </gpxtpx:TrackPointExtension>
    </extensions>
   </trkpt>
   <trkpt lat="48.3337910" lon="16.0479840">
    <ele>217.6</ele>
    <time>2024-06-08T13:07:15Z</time>
    <extensions>
     <gpxtpx:TrackPointExtension>
      <gpxtpx:atemp>34</gpxtpx:atemp>
     </gpxtpx:TrackPointExtension>
    </extensions>
   </trkpt>
   <trkpt lat="48.3336940" lon="16.0479630">
    <ele>217.6</ele>
    <time>2024-06-08T13:07:17Z</time>
    <extensions>
     <gpxtpx:TrackPointExtension>
      <gpxtpx:atemp>34</gpxtpx:atemp>
     </gpxtpx:TrackPointExtension>
    </extensions>
   </trkpt>
   <trkpt lat="48.3336520" lon="16.0479480">
    <ele>217.6</ele>
    <time>2024-06-08T13:07:20Z</time>
    <extensions>
     <gpxtpx:TrackPointExtension>
      <gpxtpx:atemp>34</gpxtpx:atemp>
     </gpxtpx:TrackPointExtension>
    </extensions>
   </trkpt>
   <trkpt lat="48.3336510" lon="16.0479730">
    <ele>217.6</ele>
    <time>2024-06-08T13:07:22Z</time>
    <extensions>
     <gpxtpx:TrackPointExtension>
      <gpxtpx:atemp>34</gpxtpx:atemp>
     </gpxtpx:TrackPointExtension>
    </extensions>
   </trkpt>
   <trkpt lat="48.3336510" lon="16.0479780">
    <ele>217.6</ele>
    <time>2024-06-08T13:07:23Z</time>
    <extensions>
     <gpxtpx:TrackPointExtension>
      <gpxtpx:atemp>34</gpxtpx:atemp>
     </gpxtpx:TrackPointExtension>
    </extensions>
   </trkpt>
   <trkpt lat="48.3336560" lon="16.0479710">
    <ele>217.6</ele>
    <time>2024-06-08T13:07:24Z</time>
    <extensions>
     <gpxtpx:TrackPointExtension>
      <gpxtpx:atemp>34</gpxtpx:atemp>
     </gpxtpx:TrackPointExtension>
    </extensions>
   </trkpt>
   <trkpt lat="48.3337020" lon="16.0479740">
    <ele>217.6</ele>
    <time>2024-06-08T13:07:26Z</time>
    <extensions>
     <gpxtpx:TrackPointExtension>
      <gpxtpx:atemp>34</gpxtpx:atemp>
     </gpxtpx:TrackPointExtension>
    </extensions>
   </trkpt>
   <trkpt lat="48.3337050" lon="16.0479670">
    <ele>217.6</ele>
    <time>2024-06-08T13:07:28Z</time>
    <extensions>
     <gpxtpx:TrackPointExtension>
      <gpxtpx:atemp>34</gpxtpx:atemp>
     </gpxtpx:TrackPointExtension>
    </extensions>
   </trkpt>
   <trkpt lat="48.3337000" lon="16.0479510">
    <ele>217.6</ele>
    <time>2024-06-08T13:07:29Z</time>
    <extensions>
     <gpxtpx:TrackPointExtension>
      <gpxtpx:atemp>34</gpxtpx:atemp>
     </gpxtpx:TrackPointExtension>
    </extensions>
   </trkpt>
   <trkpt lat="48.3337260" lon="16.0479200">
    <ele>217.6</ele>
    <time>2024-06-08T13:07:32Z</time>
    <extensions>
     <gpxtpx:TrackPointExtension>
      <gpxtpx:atemp>34</gpxtpx:atemp>
     </gpxtpx:TrackPointExtension>
    </extensions>
   </trkpt>
   <trkpt lat="48.3337320" lon="16.0479400">
    <ele>217.6</ele>
    <time>2024-06-08T13:07:36Z</time>
    <extensions>
     <gpxtpx:TrackPointExtension>
      <gpxtpx:atemp>34</gpxtpx:atemp>
     </gpxtpx:TrackPointExtension>
    </extensions>
   </trkpt>
   <trkpt lat="48.3337850" lon="16.0480000">
    <ele>217.6</ele>
    <time>2024-06-08T13:07:40Z</time>
    <extensions>
     <gpxtpx:TrackPointExtension>
      <gpxtpx:atemp>34</gpxtpx:atemp>
     </gpxtpx:TrackPointExtension>
    </extensions>
   </trkpt>
   <trkpt lat="48.3337810" lon="16.0480000">
    <ele>217.6</ele>
    <time>2024-06-08T13:07:41Z</time>
    <extensions>
     <gpxtpx:TrackPointExtension>
      <gpxtpx:atemp>34</gpxtpx:atemp>
     </gpxtpx:TrackPointExtension>
    </extensions>
   </trkpt>
   <trkpt lat="48.3337980" lon="16.0480120">
    <ele>217.6</ele>
    <time>2024-06-08T13:07:42Z</time>
    <extensions>
     <gpxtpx:TrackPointExtension>
      <gpxtpx:atemp>34</gpxtpx:atemp>
     </gpxtpx:TrackPointExtension>
    </extensions>
   </trkpt>
   <trkpt lat="48.3338280" lon="16.0480360">
    <ele>217.6</ele>
    <time>2024-06-08T13:07:45Z</time>
    <extensions>
     <gpxtpx:TrackPointExtension>
      <gpxtpx:atemp>34</gpxtpx:atemp>
     </gpxtpx:TrackPointExtension>
    </extensions>
   </trkpt>
   <trkpt lat="48.3338270" lon="16.0480150">
    <ele>217.6</ele>
    <time>2024-06-08T13:07:49Z</time>
    <extensions>
     <gpxtpx:TrackPointExtension>
      <gpxtpx:atemp>34</gpxtpx:atemp>
     </gpxtpx:TrackPointExtension>
    </extensions>
   </trkpt>
   <trkpt lat="48.3339960" lon="16.0479860">
    <ele>217.8</ele>
    <time>2024-06-08T13:07:54Z</time>
    <extensions>
     <gpxtpx:TrackPointExtension>
      <gpxtpx:atemp>34</gpxtpx:atemp>
     </gpxtpx:TrackPointExtension>
    </extensions>
   </trkpt>
   <trkpt lat="48.3340850" lon="16.0479780">
    <ele>218.0</ele>
    <time>2024-06-08T13:07:58Z</time>
    <extensions>
     <gpxtpx:TrackPointExtension>
      <gpxtpx:atemp>34</gpxtpx:atemp>
     </gpxtpx:TrackPointExtension>
    </extensions>
   </trkpt>
   <trkpt lat="48.3340720" lon="16.0479670">
    <ele>218.0</ele>
    <time>2024-06-08T13:08:05Z</time>
    <extensions>
     <gpxtpx:TrackPointExtension>
      <gpxtpx:atemp>34</gpxtpx:atemp>
     </gpxtpx:TrackPointExtension>
    </extensions>
   </trkpt>
   <trkpt lat="48.3340750" lon="16.0479780">
    <ele>218.0</ele>
    <time>2024-06-08T13:08:07Z</time>
    <extensions>
     <gpxtpx:TrackPointExtension>
      <gpxtpx:atemp>34</gpxtpx:atemp>
     </gpxtpx:TrackPointExtension>
    </extensions>
   </trkpt>
   <trkpt lat="48.3340580" lon="16.0479830">
    <ele>218.0</ele>
    <time>2024-06-08T13:08:09Z</time>
    <extensions>
     <gpxtpx:TrackPointExtension>
      <gpxtpx:atemp>34</gpxtpx:atemp>
     </gpxtpx:TrackPointExtension>
    </extensions>
   </trkpt>
   <trkpt lat="48.3340330" lon="16.0479790">
    <ele>218.0</ele>
    <time>2024-06-08T13:08:11Z</time>
    <extensions>
     <gpxtpx:TrackPointExtension>
      <gpxtpx:atemp>34</gpxtpx:atemp>
     </gpxtpx:TrackPointExtension>
    </extensions>
   </trkpt>
   <trkpt lat="48.3340300" lon="16.0479740">
    <ele>218.0</ele>
    <time>2024-06-08T13:08:12Z</time>
    <extensions>
     <gpxtpx:TrackPointExtension>
      <gpxtpx:atemp>34</gpxtpx:atemp>
     </gpxtpx:TrackPointExtension>
    </extensions>
   </trkpt>
   <trkpt lat="48.3340140" lon="16.0479690">
    <ele>218.0</ele>
    <time>2024-06-08T13:08:14Z</time>
    <extensions>
     <gpxtpx:TrackPointExtension>
      <gpxtpx:atemp>34</gpxtpx:atemp>
     </gpxtpx:TrackPointExtension>
    </extensions>
   </trkpt>
   <trkpt lat="48.3338920" lon="16.0479650">
    <ele>218.0</ele>
    <time>2024-06-08T13:08:18Z</time>
    <extensions>
     <gpxtpx:TrackPointExtension>
      <gpxtpx:atemp>34</gpxtpx:atemp>
     </gpxtpx:TrackPointExtension>
    </extensions>
   </trkpt>
   <trkpt lat="48.3335380" lon="16.0479820">
    <ele>217.8</ele>
    <time>2024-06-08T13:08:28Z</time>
    <extensions>
     <gpxtpx:TrackPointExtension>
      <gpxtpx:atemp>34</gpxtpx:atemp>
     </gpxtpx:TrackPointExtension>
    </extensions>
   </trkpt>
   <trkpt lat="48.3335340" lon="16.0479800">
    <ele>217.8</ele>
    <time>2024-06-08T13:08:29Z</time>
    <extensions>
     <gpxtpx:TrackPointExtension>
      <gpxtpx:atemp>34</gpxtpx:atemp>
     </gpxtpx:TrackPointExtension>
    </extensions>
   </trkpt>
   <trkpt lat="48.3337390" lon="16.0479570">
    <ele>217.6</ele>
    <time>2024-06-08T13:08:39Z</time>
    <extensions>
     <gpxtpx:TrackPointExtension>
      <gpxtpx:atemp>34</gpxtpx:atemp>
     </gpxtpx:TrackPointExtension>
    </extensions>
   </trkpt>
   <trkpt lat="48.3337620" lon="16.0479500">
    <ele>217.6</ele>
    <time>2024-06-08T13:08:41Z</time>
    <extensions>
     <gpxtpx:TrackPointExtension>
      <gpxtpx:atemp>34</gpxtpx:atemp>
     </gpxtpx:TrackPointExtension>
    </extensions>
   </trkpt>
   <trkpt lat="48.3338080" lon="16.0479270">
    <ele>217.6</ele>
    <time>2024-06-08T13:08:44Z</time>
    <extensions>
     <gpxtpx:TrackPointExtension>
      <gpxtpx:atemp>34</gpxtpx:atemp>
     </gpxtpx:TrackPointExtension>
    </extensions>
   </trkpt>
   <trkpt lat="48.3339660" lon="16.0480040">
    <ele>217.6</ele>
    <time>2024-06-08T13:08:49Z</time>
    <extensions>
     <gpxtpx:TrackPointExtension>
      <gpxtpx:atemp>34</gpxtpx:atemp>
     </gpxtpx:TrackPointExtension>
    </extensions>
   </trkpt>
   <trkpt lat="48.3340380" lon="16.0480070">
    <ele>217.6</ele>
    <time>2024-06-08T13:08:54Z</time>
    <extensions>
     <gpxtpx:TrackPointExtension>
      <gpxtpx:atemp>34</gpxtpx:atemp>
     </gpxtpx:TrackPointExtension>
    </extensions>
   </trkpt>
   <trkpt lat="48.3339700" lon="16.0479460">
    <ele>217.6</ele>
    <time>2024-06-08T13:08:58Z</time>
    <extensions>
     <gpxtpx:TrackPointExtension>
      <gpxtpx:atemp>34</gpxtpx:atemp>
     </gpxtpx:TrackPointExtension>
    </extensions>
   </trkpt>
   <trkpt lat="48.3339280" lon="16.0479320">
    <ele>217.6</ele>
    <time>2024-06-08T13:08:59Z</time>
    <extensions>
     <gpxtpx:TrackPointExtension>
      <gpxtpx:atemp>34</gpxtpx:atemp>
     </gpxtpx:TrackPointExtension>
    </extensions>
   </trkpt>
   <trkpt lat="48.3338670" lon="16.0479220">
    <ele>217.6</ele>
    <time>2024-06-08T13:09:03Z</time>
    <extensions>
     <gpxtpx:TrackPointExtension>
      <gpxtpx:atemp>34</gpxtpx:atemp>
     </gpxtpx:TrackPointExtension>
    </extensions>
   </trkpt>
   <trkpt lat="48.3338670" lon="16.0479220">
    <ele>217.6</ele>
    <time>2024-06-08T13:09:04Z</time>
    <extensions>
     <gpxtpx:TrackPointExtension>
      <gpxtpx:atemp>34</gpxtpx:atemp>
     </gpxtpx:TrackPointExtension>
    </extensions>
   </trkpt>
   <trkpt lat="48.3338280" lon="16.0479290">
    <ele>217.6</ele>
    <time>2024-06-08T13:09:08Z</time>
    <extensions>
     <gpxtpx:TrackPointExtension>
      <gpxtpx:atemp>34</gpxtpx:atemp>
     </gpxtpx:TrackPointExtension>
    </extensions>
   </trkpt>
   <trkpt lat="48.3338310" lon="16.0479290">
    <ele>217.8</ele>
    <time>2024-06-08T13:09:13Z</time>
    <extensions>
     <gpxtpx:TrackPointExtension>
      <gpxtpx:atemp>34</gpxtpx:atemp>
     </gpxtpx:TrackPointExtension>
    </extensions>
   </trkpt>
   <trkpt lat="48.3338280" lon="16.0479290">
    <ele>218.0</ele>
    <time>2024-06-08T13:09:23Z</time>
    <extensions>
     <gpxtpx:TrackPointExtension>
      <gpxtpx:atemp>34</gpxtpx:atemp>
     </gpxtpx:TrackPointExtension>
    </extensions>
   </trkpt>
   <trkpt lat="48.3337480" lon="16.0479260">
    <ele>218.0</ele>
    <time>2024-06-08T13:09:28Z</time>
    <extensions>
     <gpxtpx:TrackPointExtension>
      <gpxtpx:atemp>34</gpxtpx:atemp>
     </gpxtpx:TrackPointExtension>
    </extensions>
   </trkpt>
   <trkpt lat="48.3337480" lon="16.0479260">
    <ele>218.0</ele>
    <time>2024-06-08T13:09:34Z</time>
    <extensions>
     <gpxtpx:TrackPointExtension>
      <gpxtpx:atemp>34</gpxtpx:atemp>
     </gpxtpx:TrackPointExtension>
    </extensions>
   </trkpt>
   <trkpt lat="48.3337150" lon="16.0479120">
    <ele>218.2</ele>
    <time>2024-06-08T13:09:50Z</time>
    <extensions>
     <gpxtpx:TrackPointExtension>
      <gpxtpx:atemp>34</gpxtpx:atemp>
     </gpxtpx:TrackPointExtension>
    </extensions>
   </trkpt>
   <trkpt lat="48.3337150" lon="16.0479120">
    <ele>218.2</ele>
    <time>2024-06-08T13:09:53Z</time>
    <extensions>
     <gpxtpx:TrackPointExtension>
      <gpxtpx:atemp>34</gpxtpx:atemp>
     </gpxtpx:TrackPointExtension>
    </extensions>
   </trkpt>
   <trkpt lat="48.3337580" lon="16.0479100">
    <ele>218.4</ele>
    <time>2024-06-08T13:10:02Z</time>
    <extensions>
     <gpxtpx:TrackPointExtension>
      <gpxtpx:atemp>34</gpxtpx:atemp>
     </gpxtpx:TrackPointExtension>
    </extensions>
   </trkpt>
   <trkpt lat="48.3337650" lon="16.0479100">
    <ele>218.6</ele>
    <time>2024-06-08T13:10:06Z</time>
    <extensions>
     <gpxtpx:TrackPointExtension>
      <gpxtpx:atemp>34</gpxtpx:atemp>
     </gpxtpx:TrackPointExtension>
    </extensions>
   </trkpt>
   <trkpt lat="48.3337960" lon="16.0480840">
    <ele>223.4</ele>
    <time>2024-06-08T13:50:40Z</time>
    <extensions>
     <gpxtpx:TrackPointExtension>
      <gpxtpx:atemp>30</gpxtpx:atemp>
     </gpxtpx:TrackPointExtension>
    </extensions>
   </trkpt>
   <trkpt lat="48.3338000" lon="16.0481110">
    <ele>223.4</ele>
    <time>2024-06-08T13:50:41Z</time>
    <extensions>
     <gpxtpx:TrackPointExtension>
      <gpxtpx:atemp>31</gpxtpx:atemp>
     </gpxtpx:TrackPointExtension>
    </extensions>
   </trkpt>
   <trkpt lat="48.3337620" lon="16.0481760">
    <ele>223.4</ele>
    <time>2024-06-08T13:50:50Z</time>
    <extensions>
     <gpxtpx:TrackPointExtension>
      <gpxtpx:atemp>31</gpxtpx:atemp>
     </gpxtpx:TrackPointExtension>
    </extensions>
   </trkpt>
   <trkpt lat="48.3337410" lon="16.0482420">
    <ele>223.4</ele>
    <time>2024-06-08T13:50:52Z</time>
    <extensions>
     <gpxtpx:TrackPointExtension>
      <gpxtpx:atemp>31</gpxtpx:atemp>
     </gpxtpx:TrackPointExtension>
    </extensions>
   </trkpt>
   <trkpt lat="48.3336650" lon="16.0483600">
    <ele>223.2</ele>
    <time>2024-06-08T13:50:56Z</time>
    <extensions>
     <gpxtpx:TrackPointExtension>
      <gpxtpx:atemp>31</gpxtpx:atemp>
     </gpxtpx:TrackPointExtension>
    </extensions>
   </trkpt>
   <trkpt lat="48.3336100" lon="16.0483570">
    <ele>222.8</ele>
    <time>2024-06-08T13:51:00Z</time>
    <extensions>
     <gpxtpx:TrackPointExtension>
      <gpxtpx:atemp>31</gpxtpx:atemp>
     </gpxtpx:TrackPointExtension>
    </extensions>
   </trkpt>
   <trkpt lat="48.3335700" lon="16.0483530">
    <ele>223.6</ele>
    <time>2024-06-08T13:54:06Z</time>
    <extensions>
     <gpxtpx:TrackPointExtension>
      <gpxtpx:atemp>30</gpxtpx:atemp>
     </gpxtpx:TrackPointExtension>
    </extensions>
   </trkpt>
   <trkpt lat="48.3335030" lon="16.0483340">
    <ele>223.4</ele>
    <time>2024-06-08T13:54:09Z</time>
    <extensions>
     <gpxtpx:TrackPointExtension>
      <gpxtpx:atemp>30</gpxtpx:atemp>
     </gpxtpx:TrackPointExtension>
    </extensions>
   </trkpt>
   <trkpt lat="48.3334010" lon="16.0482900">
    <ele>223.4</ele>
    <time>2024-06-08T13:54:12Z</time>
    <extensions>
     <gpxtpx:TrackPointExtension>
      <gpxtpx:atemp>30</gpxtpx:atemp>
     </gpxtpx:TrackPointExtension>
    </extensions>
   </trkpt>
   <trkpt lat="48.3333650" lon="16.0482980">
    <ele>223.2</ele>
    <time>2024-06-08T13:54:13Z</time>
    <extensions>
     <gpxtpx:TrackPointExtension>
      <gpxtpx:atemp>30</gpxtpx:atemp>
     </gpxtpx:TrackPointExtension>
    </extensions>
   </trkpt>
   <trkpt lat="48.3333060" lon="16.0483350">
    <ele>223.2</ele>
    <time>2024-06-08T13:54:15Z</time>
    <extensions>
     <gpxtpx:TrackPointExtension>
      <gpxtpx:atemp>30</gpxtpx:atemp>
     </gpxtpx:TrackPointExtension>
    </extensions>
   </trkpt>
   <trkpt lat="48.3332590" lon="16.0483130">
    <ele>223.2</ele>
    <time>2024-06-08T13:54:17Z</time>
    <extensions>
     <gpxtpx:TrackPointExtension>
      <gpxtpx:atemp>30</gpxtpx:atemp>
     </gpxtpx:TrackPointExtension>
    </extensions>
   </trkpt>
   <trkpt lat="48.3332560" lon="16.0481740">
    <ele>223.2</ele>
    <time>2024-06-08T13:54:21Z</time>
    <extensions>
     <gpxtpx:TrackPointExtension>
      <gpxtpx:atemp>30</gpxtpx:atemp>
     </gpxtpx:TrackPointExtension>
    </extensions>
   </trkpt>
   <trkpt lat="48.3332740" lon="16.0479280">
    <ele>224.6</ele>
    <time>2024-06-08T13:54:26Z</time>
    <extensions>
     <gpxtpx:TrackPointExtension>
      <gpxtpx:atemp>30</gpxtpx:atemp>
     </gpxtpx:TrackPointExtension>
    </extensions>
   </trkpt>
   <trkpt lat="48.3332870" lon="16.0477530">
    <ele>224.8</ele>
    <time>2024-06-08T13:54:29Z</time>
    <extensions>
     <gpxtpx:TrackPointExtension>
      <gpxtpx:atemp>30</gpxtpx:atemp>
     </gpxtpx:TrackPointExtension>
    </extensions>
   </trkpt>
   <trkpt lat="48.3332910" lon="16.0473870">
    <ele>225.0</ele>
    <time>2024-06-08T13:54:36Z</time>
    <extensions>
     <gpxtpx:TrackPointExtension>
      <gpxtpx:atemp>30</gpxtpx:atemp>
     </gpxtpx:TrackPointExtension>
    </extensions>
   </trkpt>
   <trkpt lat="48.3332580" lon="16.0470350">
    <ele>225.0</ele>
    <time>2024-06-08T13:54:42Z</time>
    <extensions>
     <gpxtpx:TrackPointExtension>
      <gpxtpx:atemp>30</gpxtpx:atemp>
     </gpxtpx:TrackPointExtension>
    </extensions>
   </trkpt>
   <trkpt lat="48.3331700" lon="16.0465750">
    <ele>225.0</ele>
    <time>2024-06-08T13:54:50Z</time>
    <extensions>
     <gpxtpx:TrackPointExtension>
      <gpxtpx:atemp>30</gpxtpx:atemp>
     </gpxtpx:TrackPointExtension>
    </extensions>
   </trkpt>
   <trkpt lat="48.3330980" lon="16.0462070">
    <ele>225.0</ele>
    <time>2024-06-08T13:54:57Z</time>
    <extensions>
     <gpxtpx:TrackPointExtension>
      <gpxtpx:atemp>30</gpxtpx:atemp>
     </gpxtpx:TrackPointExtension>
    </extensions>
   </trkpt>
   <trkpt lat="48.3330780" lon="16.0458850">
    <ele>225.2</ele>
    <time>2024-06-08T13:55:03Z</time>
    <extensions>
     <gpxtpx:TrackPointExtension>
      <gpxtpx:atemp>30</gpxtpx:atemp>
     </gpxtpx:TrackPointExtension>
    </extensions>
   </trkpt>
   <trkpt lat="48.3331830" lon="16.0455820">
    <ele>225.4</ele>
    <time>2024-06-08T13:55:09Z</time>
    <extensions>
     <gpxtpx:TrackPointExtension>
      <gpxtpx:atemp>30</gpxtpx:atemp>
     </gpxtpx:TrackPointExtension>
    </extensions>
   </trkpt>
   <trkpt lat="48.3333360" lon="16.0453750">
    <ele>225.6</ele>
    <time>2024-06-08T13:55:13Z</time>
    <extensions>
     <gpxtpx:TrackPointExtension>
      <gpxtpx:atemp>30</gpxtpx:atemp>
     </gpxtpx:TrackPointExtension>
    </extensions>
   </trkpt>
   <trkpt lat="48.3334070" lon="16.0452670">
    <ele>225.6</ele>
    <time>2024-06-08T13:55:15Z</time>
    <extensions>
     <gpxtpx:TrackPointExtension>
      <gpxtpx:atemp>30</gpxtpx:atemp>
     </gpxtpx:TrackPointExtension>
    </extensions>
   </trkpt>
   <trkpt lat="48.3334680" lon="16.0451400">
    <ele>225.6</ele>
    <time>2024-06-08T13:55:17Z</time>
    <extensions>
     <gpxtpx:TrackPointExtension>
      <gpxtpx:atemp>30</gpxtpx:atemp>
     </gpxtpx:TrackPointExtension>
    </extensions>
   </trkpt>
   <trkpt lat="48.3335080" lon="16.0450070">
    <ele>225.4</ele>
    <time>2024-06-08T13:55:19Z</time>
    <extensions>
     <gpxtpx:TrackPointExtension>
      <gpxtpx:atemp>30</gpxtpx:atemp>
     </gpxtpx:TrackPointExtension>
    </extensions>
   </trkpt>
   <trkpt lat="48.3335250" lon="16.0449140">
    <ele>225.4</ele>
    <time>2024-06-08T13:55:20Z</time>
    <extensions>
     <gpxtpx:TrackPointExtension>
      <gpxtpx:atemp>30</gpxtpx:atemp>
     </gpxtpx:TrackPointExtension>
    </extensions>
   </trkpt>
   <trkpt lat="48.3335320" lon="16.0448510">
    <ele>225.4</ele>
    <time>2024-06-08T13:55:21Z</time>
    <extensions>
     <gpxtpx:TrackPointExtension>
      <gpxtpx:atemp>30</gpxtpx:atemp>
     </gpxtpx:TrackPointExtension>
    </extensions>
   </trkpt>
   <trkpt lat="48.3335460" lon="16.0444660">
    <ele>225.0</ele>
    <time>2024-06-08T13:55:26Z</time>
    <extensions>
     <gpxtpx:TrackPointExtension>
      <gpxtpx:atemp>30</gpxtpx:atemp>
     </gpxtpx:TrackPointExtension>
    </extensions>
   </trkpt>
   <trkpt lat="48.3335280" lon="16.0438100">
    <ele>225.0</ele>
    <time>2024-06-08T13:55:35Z</time>
    <extensions>
     <gpxtpx:TrackPointExtension>
      <gpxtpx:atemp>30</gpxtpx:atemp>
     </gpxtpx:TrackPointExtension>
    </extensions>
   </trkpt>
   <trkpt lat="48.3335000" lon="16.0429730">
    <ele>225.0</ele>
    <time>2024-06-08T13:55:46Z</time>
    <extensions>
     <gpxtpx:TrackPointExtension>
      <gpxtpx:atemp>30</gpxtpx:atemp>
     </gpxtpx:TrackPointExtension>
    </extensions>
   </trkpt>
   <trkpt lat="48.3334910" lon="16.0423450">
    <ele>225.0</ele>
    <time>2024-06-08T13:55:54Z</time>
    <extensions>
     <gpxtpx:TrackPointExtension>
      <gpxtpx:atemp>30</gpxtpx:atemp>
     </gpxtpx:TrackPointExtension>
    </extensions>
   </trkpt>
   <trkpt lat="48.3334770" lon="16.0414720">
    <ele>225.0</ele>
    <time>2024-06-08T13:56:05Z</time>
    <extensions>
     <gpxtpx:TrackPointExtension>
      <gpxtpx:atemp>30</gpxtpx:atemp>
     </gpxtpx:TrackPointExtension>
    </extensions>
   </trkpt>
   <trkpt lat="48.3334670" lon="16.0406190">
    <ele>225.2</ele>
    <time>2024-06-08T13:56:16Z</time>
    <extensions>
     <gpxtpx:TrackPointExtension>
      <gpxtpx:atemp>30</gpxtpx:atemp>
     </gpxtpx:TrackPointExtension>
    </extensions>
   </trkpt>
   <trkpt lat="48.3334570" lon="16.0398970">
    <ele>225.6</ele>
    <time>2024-06-08T13:56:26Z</time>
    <extensions>
     <gpxtpx:TrackPointExtension>
      <gpxtpx:atemp>30</gpxtpx:atemp>
     </gpxtpx:TrackPointExtension>
    </extensions>
   </trkpt>
   <trkpt lat="48.3334490" lon="16.0391540">
    <ele>225.8</ele>
    <time>2024-06-08T13:56:36Z</time>
    <extensions>
     <gpxtpx:TrackPointExtension>
      <gpxtpx:atemp>30</gpxtpx:atemp>
     </gpxtpx:TrackPointExtension>
    </extensions>
   </trkpt>
   <trkpt lat="48.3334330" lon="16.0384050">
    <ele>225.6</ele>
    <time>2024-06-08T13:56:46Z</time>
    <extensions>
     <gpxtpx:TrackPointExtension>
      <gpxtpx:atemp>31</gpxtpx:atemp>
     </gpxtpx:TrackPointExtension>
    </extensions>
   </trkpt>
   <trkpt lat="48.3334220" lon="16.0378330">
    <ele>225.6</ele>
    <time>2024-06-08T13:56:54Z</time>
    <extensions>
     <gpxtpx:TrackPointExtension>
      <gpxtpx:atemp>31</gpxtpx:atemp>
     </gpxtpx:TrackPointExtension>
    </extensions>
   </trkpt>
   <trkpt lat="48.3334280" lon="16.0374490">
    <ele>225.8</ele>
    <time>2024-06-08T13:56:59Z</time>
    <extensions>
     <gpxtpx:TrackPointExtension>
      <gpxtpx:atemp>31</gpxtpx:atemp>
     </gpxtpx:TrackPointExtension>
    </extensions>
   </trkpt>
   <trkpt lat="48.3334490" lon="16.0372260">
    <ele>226.0</ele>
    <time>2024-06-08T13:57:02Z</time>
    <extensions>
     <gpxtpx:TrackPointExtension>
      <gpxtpx:atemp>31</gpxtpx:atemp>
     </gpxtpx:TrackPointExtension>
    </extensions>
   </trkpt>
   <trkpt lat="48.3335050" lon="16.0367420">
    <ele>226.0</ele>
    <time>2024-06-08T13:57:08Z</time>
    <extensions>
     <gpxtpx:TrackPointExtension>
      <gpxtpx:atemp>31</gpxtpx:atemp>
     </gpxtpx:TrackPointExtension>
    </extensions>
   </trkpt>
   <trkpt lat="48.3335040" lon="16.0361570">
    <ele>225.8</ele>
    <time>2024-06-08T13:57:14Z</time>
    <extensions>
     <gpxtpx:TrackPointExtension>
      <gpxtpx:atemp>31</gpxtpx:atemp>
     </gpxtpx:TrackPointExtension>
    </extensions>
   </trkpt>
   <trkpt lat="48.3334960" lon="16.0358780">
    <ele>224.6</ele>
    <time>2024-06-08T13:57:17Z</time>
    <extensions>
     <gpxtpx:TrackPointExtension>
      <gpxtpx:atemp>31</gpxtpx:atemp>
     </gpxtpx:TrackPointExtension>
    </extensions>
   </trkpt>
   <trkpt lat="48.3334850" lon="16.0350530">
    <ele>223.8</ele>
    <time>2024-06-08T13:57:26Z</time>
    <extensions>
     <gpxtpx:TrackPointExtension>
      <gpxtpx:atemp>31</gpxtpx:atemp>
     </gpxtpx:TrackPointExtension>
    </extensions>
   </trkpt>
   <trkpt lat="48.3334820" lon="16.0349640">
    <ele>223.8</ele>
    <time>2024-06-08T13:57:27Z</time>
    <extensions>
     <gpxtpx:TrackPointExtension>
      <gpxtpx:atemp>31</gpxtpx:atemp>
     </gpxtpx:TrackPointExtension>
    </extensions>
   </trkpt>
   <trkpt lat="48.3334590" lon="16.0340910">
    <ele>224.0</ele>
    <time>2024-06-08T13:57:37Z</time>
    <extensions>
     <gpxtpx:TrackPointExtension>
      <gpxtpx:atemp>31</gpxtpx:atemp>
     </gpxtpx:TrackPointExtension>
    </extensions>
   </trkpt>
   <trkpt lat="48.3334480" lon="16.0333830">
    <ele>224.4</ele>
    <time>2024-06-08T13:57:45Z</time>
    <extensions>
     <gpxtpx:TrackPointExtension>
      <gpxtpx:atemp>31</gpxtpx:atemp>
     </gpxtpx:TrackPointExtension>
    </extensions>
   </trkpt>
   <trkpt lat="48.3334340" lon="16.0326190">
    <ele>224.4</ele>
    <time>2024-06-08T13:57:54Z</time>
    <extensions>
     <gpxtpx:TrackPointExtension>
      <gpxtpx:atemp>31</gpxtpx:atemp>
     </gpxtpx:TrackPointExtension>
    </extensions>
   </trkpt>
   <trkpt lat="48.3334210" lon="16.0318670">
    <ele>224.6</ele>
    <time>2024-06-08T13:58:03Z</time>
    <extensions>
     <gpxtpx:TrackPointExtension>
      <gpxtpx:atemp>31</gpxtpx:atemp>
     </gpxtpx:TrackPointExtension>
    </extensions>
   </trkpt>
   <trkpt lat="48.3334000" lon="16.0314690">
    <ele>224.8</ele>
    <time>2024-06-08T13:58:08Z</time>
    <extensions>
     <gpxtpx:TrackPointExtension>
      <gpxtpx:atemp>31</gpxtpx:atemp>
     </gpxtpx:TrackPointExtension>
    </extensions>
   </trkpt>
   <trkpt lat="48.3333610" lon="16.0313450">
    <ele>224.8</ele>
    <time>2024-06-08T13:58:10Z</time>
    <extensions>
     <gpxtpx:TrackPointExtension>
      <gpxtpx:atemp>31</gpxtpx:atemp>
     </gpxtpx:TrackPointExtension>
    </extensions>
   </trkpt>
   <trkpt lat="48.3332430" lon="16.0311080">
    <ele>224.6</ele>
    <time>2024-06-08T13:58:14Z</time>
    <extensions>
     <gpxtpx:TrackPointExtension>
      <gpxtpx:atemp>31</gpxtpx:atemp>
     </gpxtpx:TrackPointExtension>
    </extensions>
   </trkpt>
   <trkpt lat="48.3331610" lon="16.0310140">
    <ele>224.6</ele>
    <time>2024-06-08T13:58:16Z</time>
    <extensions>
     <gpxtpx:TrackPointExtension>
      <gpxtpx:atemp>31</gpxtpx:atemp>
     </gpxtpx:TrackPointExtension>
    </extensions>
   </trkpt>
   <trkpt lat="48.3327560" lon="16.0306940">
    <ele>223.8</ele>
    <time>2024-06-08T13:58:25Z</time>
    <extensions>
     <gpxtpx:TrackPointExtension>
      <gpxtpx:atemp>31</gpxtpx:atemp>
     </gpxtpx:TrackPointExtension>
    </extensions>
   </trkpt>
   <trkpt lat="48.3323100" lon="16.0304170">
    <ele>223.6</ele>
    <time>2024-06-08T13:58:34Z</time>
    <extensions>
     <gpxtpx:TrackPointExtension>
      <gpxtpx:atemp>31</gpxtpx:atemp>
     </gpxtpx:TrackPointExtension>
    </extensions>
   </trkpt>
   <trkpt lat="48.3318080" lon="16.0301890">
    <ele>223.6</ele>
    <time>2024-06-08T13:58:44Z</time>
    <extensions>
     <gpxtpx:TrackPointExtension>
      <gpxtpx:atemp>31</gpxtpx:atemp>
     </gpxtpx:TrackPointExtension>
    </extensions>
   </trkpt>
   <trkpt lat="48.3317570" lon="16.0301750">
    <ele>223.4</ele>
    <time>2024-06-08T13:58:45Z</time>
    <extensions>
     <gpxtpx:TrackPointExtension>
      <gpxtpx:atemp>31</gpxtpx:atemp>
     </gpxtpx:TrackPointExtension>
    </extensions>
   </trkpt>
   <trkpt lat="48.3313050" lon="16.0300490">
    <ele>223.2</ele>
    <time>2024-06-08T13:58:54Z</time>
    <extensions>
     <gpxtpx:TrackPointExtension>
      <gpxtpx:atemp>31</gpxtpx:atemp>
     </gpxtpx:TrackPointExtension>
    </extensions>
   </trkpt>
   <trkpt lat="48.3308050" lon="16.0299880">
    <ele>223.4</ele>
    <time>2024-06-08T13:59:04Z</time>
    <extensions>
     <gpxtpx:TrackPointExtension>
      <gpxtpx:atemp>31</gpxtpx:atemp>
     </gpxtpx:TrackPointExtension>
    </extensions>
   </trkpt>
   <trkpt lat="48.3302860" lon="16.0299900">
    <ele>223.6</ele>
    <time>2024-06-08T13:59:14Z</time>
    <extensions>
     <gpxtpx:TrackPointExtension>
      <gpxtpx:atemp>31</gpxtpx:atemp>
     </gpxtpx:TrackPointExtension>
    </extensions>
   </trkpt>
   <trkpt lat="48.3298280" lon="16.0300180">
    <ele>223.6</ele>
    <time>2024-06-08T13:59:23Z</time>
    <extensions>
     <gpxtpx:TrackPointExtension>
      <gpxtpx:atemp>31</gpxtpx:atemp>
     </gpxtpx:TrackPointExtension>
    </extensions>
   </trkpt>
   <trkpt lat="48.3294370" lon="16.0300240">
    <ele>223.6</ele>
    <time>2024-06-08T13:59:31Z</time>
    <extensions>
     <gpxtpx:TrackPointExtension>
      <gpxtpx:atemp>31</gpxtpx:atemp>
     </gpxtpx:TrackPointExtension>
    </extensions>
   </trkpt>
   <trkpt lat="48.3289080" lon="16.0299650">
    <ele>224.2</ele>
    <time>2024-06-08T13:59:42Z</time>
    <extensions>
     <gpxtpx:TrackPointExtension>
      <gpxtpx:atemp>31</gpxtpx:atemp>
     </gpxtpx:TrackPointExtension>
    </extensions>
   </trkpt>
   <trkpt lat="48.3285110" lon="16.0298740">
    <ele>224.2</ele>
    <time>2024-06-08T13:59:50Z</time>
    <extensions>
     <gpxtpx:TrackPointExtension>
      <gpxtpx:atemp>31</gpxtpx:atemp>
     </gpxtpx:TrackPointExtension>
    </extensions>
   </trkpt>
   <trkpt lat="48.3284260" lon="16.0298500">
    <ele>224.2</ele>
    <time>2024-06-08T13:59:52Z</time>
    <extensions>
     <gpxtpx:TrackPointExtension>
      <gpxtpx:atemp>31</gpxtpx:atemp>
     </gpxtpx:TrackPointExtension>
    </extensions>
   </trkpt>
   <trkpt lat="48.3280980" lon="16.0297410">
    <ele>224.0</ele>
    <time>2024-06-08T13:59:59Z</time>
    <extensions>
     <gpxtpx:TrackPointExtension>
      <gpxtpx:atemp>31</gpxtpx:atemp>
     </gpxtpx:TrackPointExtension>
    </extensions>
   </trkpt>
   <trkpt lat="48.3276240" lon="16.0295450">
    <ele>224.2</ele>
    <time>2024-06-08T14:00:09Z</time>
    <extensions>
     <gpxtpx:TrackPointExtension>
      <gpxtpx:atemp>32</gpxtpx:atemp>
     </gpxtpx:TrackPointExtension>
    </extensions>
   </trkpt>
   <trkpt lat="48.3272020" lon="16.0293620">
    <ele>224.4</ele>
    <time>2024-06-08T14:00:18Z</time>
    <extensions>
     <gpxtpx:TrackPointExtension>
      <gpxtpx:atemp>32</gpxtpx:atemp>
     </gpxtpx:TrackPointExtension>
    </extensions>
   </trkpt>
   <trkpt lat="48.3270820" lon="16.0292870">
    <ele>224.2</ele>
    <time>2024-06-08T14:00:21Z</time>
    <extensions>
     <gpxtpx:TrackPointExtension>
      <gpxtpx:atemp>32</gpxtpx:atemp>
     </gpxtpx:TrackPointExtension>
    </extensions>
   </trkpt>
   <trkpt lat="48.3269200" lon="16.0291370">
    <ele>224.2</ele>
    <time>2024-06-08T14:00:25Z</time>
    <extensions>
     <gpxtpx:TrackPointExtension>
      <gpxtpx:atemp>32</gpxtpx:atemp>
     </gpxtpx:TrackPointExtension>
    </extensions>
   </trkpt>
   <trkpt lat="48.3267530" lon="16.0290110">
    <ele>224.2</ele>
    <time>2024-06-08T14:00:29Z</time>
    <extensions>
     <gpxtpx:TrackPointExtension>
      <gpxtpx:atemp>32</gpxtpx:atemp>
     </gpxtpx:TrackPointExtension>
    </extensions>
   </trkpt>
   <trkpt lat="48.3266340" lon="16.0289390">
    <ele>224.4</ele>
    <time>2024-06-08T14:00:32Z</time>
    <extensions>
     <gpxtpx:TrackPointExtension>
      <gpxtpx:atemp>32</gpxtpx:atemp>
     </gpxtpx:TrackPointExtension>
    </extensions>
   </trkpt>
   <trkpt lat="48.3265650" lon="16.0289170">
    <ele>224.4</ele>
    <time>2024-06-08T14:00:34Z</time>
    <extensions>
     <gpxtpx:TrackPointExtension>
      <gpxtpx:atemp>32</gpxtpx:atemp>
     </gpxtpx:TrackPointExtension>
    </extensions>
   </trkpt>
   <trkpt lat="48.3263720" lon="16.0288260">
    <ele>224.6</ele>
    <time>2024-06-08T14:00:41Z</time>
    <extensions>
     <gpxtpx:TrackPointExtension>
      <gpxtpx:atemp>32</gpxtpx:atemp>
     </gpxtpx:TrackPointExtension>
    </extensions>
   </trkpt>
   <trkpt lat="48.3263550" lon="16.0287810">
    <ele>225.4</ele>
    <time>2024-06-08T14:00:43Z</time>
    <extensions>
     <gpxtpx:TrackPointExtension>
      <gpxtpx:atemp>32</gpxtpx:atemp>
     </gpxtpx:TrackPointExtension>
    </extensions>
   </trkpt>
   <trkpt lat="48.3263780" lon="16.0287250">
    <ele>226.0</ele>
    <time>2024-06-08T14:00:45Z</time>
    <extensions>
     <gpxtpx:TrackPointExtension>
      <gpxtpx:atemp>32</gpxtpx:atemp>
     </gpxtpx:TrackPointExtension>
    </extensions>
   </trkpt>
   <trkpt lat="48.3263940" lon="16.0286960">
    <ele>226.4</ele>
    <time>2024-06-08T14:00:46Z</time>
    <extensions>
     <gpxtpx:TrackPointExtension>
      <gpxtpx:atemp>32</gpxtpx:atemp>
     </gpxtpx:TrackPointExtension>
    </extensions>
   </trkpt>
   <trkpt lat="48.3265030" lon="16.0285200">
    <ele>227.4</ele>
    <time>2024-06-08T14:00:51Z</time>
    <extensions>
     <gpxtpx:TrackPointExtension>
      <gpxtpx:atemp>32</gpxtpx:atemp>
     </gpxtpx:TrackPointExtension>
    </extensions>
   </trkpt>
   <trkpt lat="48.3265270" lon="16.0284810">
    <ele>227.4</ele>
    <time>2024-06-08T14:00:52Z</time>
    <extensions>
     <gpxtpx:TrackPointExtension>
      <gpxtpx:atemp>32</gpxtpx:atemp>
     </gpxtpx:TrackPointExtension>
    </extensions>
   </trkpt>
   <trkpt lat="48.3266460" lon="16.0282780">
    <ele>227.6</ele>
    <time>2024-06-08T14:00:57Z</time>
    <extensions>
     <gpxtpx:TrackPointExtension>
      <gpxtpx:atemp>32</gpxtpx:atemp>
     </gpxtpx:TrackPointExtension>
    </extensions>
   </trkpt>
   <trkpt lat="48.3267250" lon="16.0281940">
    <ele>227.6</ele>
    <time>2024-06-08T14:01:00Z</time>
    <extensions>
     <gpxtpx:TrackPointExtension>
      <gpxtpx:atemp>32</gpxtpx:atemp>
     </gpxtpx:TrackPointExtension>
    </extensions>
   </trkpt>
   <trkpt lat="48.3267570" lon="16.0281970">
    <ele>227.6</ele>
    <time>2024-06-08T14:01:01Z</time>
    <extensions>
     <gpxtpx:TrackPointExtension>
      <gpxtpx:atemp>32</gpxtpx:atemp>
     </gpxtpx:TrackPointExtension>
    </extensions>
   </trkpt>
   <trkpt lat="48.3269520" lon="16.0283190">
    <ele>227.6</ele>
    <time>2024-06-08T14:01:06Z</time>
    <extensions>
     <gpxtpx:TrackPointExtension>
      <gpxtpx:atemp>32</gpxtpx:atemp>
     </gpxtpx:TrackPointExtension>
    </extensions>
   </trkpt>
   <trkpt lat="48.3272550" lon="16.0285180">
    <ele>226.8</ele>
    <time>2024-06-08T14:01:13Z</time>
    <extensions>
     <gpxtpx:TrackPointExtension>
      <gpxtpx:atemp>32</gpxtpx:atemp>
     </gpxtpx:TrackPointExtension>
    </extensions>
   </trkpt>
   <trkpt lat="48.3275230" lon="16.0286840">
    <ele>226.6</ele>
    <time>2024-06-08T14:01:19Z</time>
    <extensions>
     <gpxtpx:TrackPointExtension>
      <gpxtpx:atemp>32</gpxtpx:atemp>
     </gpxtpx:TrackPointExtension>
    </extensions>
   </trkpt>
   <trkpt lat="48.3276630" lon="16.0287610">
    <ele>226.2</ele>
    <time>2024-06-08T14:01:22Z</time>
    <extensions>
     <gpxtpx:TrackPointExtension>
      <gpxtpx:atemp>32</gpxtpx:atemp>
     </gpxtpx:TrackPointExtension>
    </extensions>
   </trkpt>
   <trkpt lat="48.3280980" lon="16.0289620">
    <ele>226.6</ele>
    <time>2024-06-08T14:01:31Z</time>
    <extensions>
     <gpxtpx:TrackPointExtension>
      <gpxtpx:atemp>32</gpxtpx:atemp>
     </gpxtpx:TrackPointExtension>
    </extensions>
   </trkpt>
   <trkpt lat="48.3286570" lon="16.0291440">
    <ele>226.6</ele>
    <time>2024-06-08T14:01:42Z</time>
    <extensions>
     <gpxtpx:TrackPointExtension>
      <gpxtpx:atemp>32</gpxtpx:atemp>
     </gpxtpx:TrackPointExtension>
    </extensions>
   </trkpt>
   <trkpt lat="48.3291260" lon="16.0292330">
    <ele>226.4</ele>
    <time>2024-06-08T14:01:51Z</time>
    <extensions>
     <gpxtpx:TrackPointExtension>
      <gpxtpx:atemp>32</gpxtpx:atemp>
     </gpxtpx:TrackPointExtension>
    </extensions>
   </trkpt>
   <trkpt lat="48.3296590" lon="16.0292630">
    <ele>226.2</ele>
    <time>2024-06-08T14:02:01Z</time>
    <extensions>
     <gpxtpx:TrackPointExtension>
      <gpxtpx:atemp>32</gpxtpx:atemp>
     </gpxtpx:TrackPointExtension>
    </extensions>
   </trkpt>
   <trkpt lat="48.3301390" lon="16.0292320">
    <ele>226.2</ele>
    <time>2024-06-08T14:02:10Z</time>
    <extensions>
     <gpxtpx:TrackPointExtension>
      <gpxtpx:atemp>32</gpxtpx:atemp>
     </gpxtpx:TrackPointExtension>
    </extensions>
   </trkpt>
   <trkpt lat="48.3306870" lon="16.0292010">
    <ele>226.4</ele>
    <time>2024-06-08T14:02:20Z</time>
    <extensions>
     <gpxtpx:TrackPointExtension>
      <gpxtpx:atemp>32</gpxtpx:atemp>
     </gpxtpx:TrackPointExtension>
    </extensions>
   </trkpt>
   <trkpt lat="48.3307960" lon="16.0292070">
    <ele>226.4</ele>
    <time>2024-06-08T14:02:22Z</time>
    <extensions>
     <gpxtpx:TrackPointExtension>
      <gpxtpx:atemp>32</gpxtpx:atemp>
     </gpxtpx:TrackPointExtension>
    </extensions>
   </trkpt>
   <trkpt lat="48.3313520" lon="16.0292740">
    <ele>226.2</ele>
    <time>2024-06-08T14:02:32Z</time>
    <extensions>
     <gpxtpx:TrackPointExtension>
      <gpxtpx:atemp>32</gpxtpx:atemp>
     </gpxtpx:TrackPointExtension>
    </extensions>
   </trkpt>
   <trkpt lat="48.3318970" lon="16.0294300">
    <ele>226.2</ele>
    <time>2024-06-08T14:02:42Z</time>
    <extensions>
     <gpxtpx:TrackPointExtension>
      <gpxtpx:atemp>32</gpxtpx:atemp>
     </gpxtpx:TrackPointExtension>
    </extensions>
   </trkpt>
   <trkpt lat="48.3319520" lon="16.0294490">
    <ele>226.2</ele>
    <time>2024-06-08T14:02:43Z</time>
    <extensions>
     <gpxtpx:TrackPointExtension>
      <gpxtpx:atemp>32</gpxtpx:atemp>
     </gpxtpx:TrackPointExtension>
    </extensions>
   </trkpt>
   <trkpt lat="48.3324710" lon="16.0296760">
    <ele>226.2</ele>
    <time>2024-06-08T14:02:53Z</time>
    <extensions>
     <gpxtpx:TrackPointExtension>
      <gpxtpx:atemp>32</gpxtpx:atemp>
     </gpxtpx:TrackPointExtension>
    </extensions>
   </trkpt>
   <trkpt lat="48.3325200" lon="16.0297020">
    <ele>226.2</ele>
    <time>2024-06-08T14:02:54Z</time>
    <extensions>
     <gpxtpx:TrackPointExtension>
      <gpxtpx:atemp>32</gpxtpx:atemp>
     </gpxtpx:TrackPointExtension>
    </extensions>
   </trkpt>
   <trkpt lat="48.3330690" lon="16.0300200">
    <ele>226.6</ele>
    <time>2024-06-08T14:03:05Z</time>
    <extensions>
     <gpxtpx:TrackPointExtension>
      <gpxtpx:atemp>32</gpxtpx:atemp>
     </gpxtpx:TrackPointExtension>
    </extensions>
   </trkpt>
   <trkpt lat="48.3331760" lon="16.0300040">
    <ele>226.6</ele>
    <time>2024-06-08T14:03:07Z</time>
    <extensions>
     <gpxtpx:TrackPointExtension>
      <gpxtpx:atemp>32</gpxtpx:atemp>
     </gpxtpx:TrackPointExtension>
    </extensions>
   </trkpt>
   <trkpt lat="48.3332220" lon="16.0299610">
    <ele>226.6</ele>
    <time>2024-06-08T14:03:08Z</time>
    <extensions>
     <gpxtpx:TrackPointExtension>
      <gpxtpx:atemp>32</gpxtpx:atemp>
     </gpxtpx:TrackPointExtension>
    </extensions>
   </trkpt>
   <trkpt lat="48.3332590" lon="16.0299050">
    <ele>226.6</ele>
    <time>2024-06-08T14:03:09Z</time>
    <extensions>
     <gpxtpx:TrackPointExtension>
      <gpxtpx:atemp>32</gpxtpx:atemp>
     </gpxtpx:TrackPointExtension>
    </extensions>
   </trkpt>
   <trkpt lat="48.3332940" lon="16.0297550">
    <ele>226.6</ele>
    <time>2024-06-08T14:03:11Z</time>
    <extensions>
     <gpxtpx:TrackPointExtension>
      <gpxtpx:atemp>32</gpxtpx:atemp>
     </gpxtpx:TrackPointExtension>
    </extensions>
   </trkpt>
   <trkpt lat="48.3332780" lon="16.0293440">
    <ele>226.6</ele>
    <time>2024-06-08T14:03:16Z</time>
    <extensions>
     <gpxtpx:TrackPointExtension>
      <gpxtpx:atemp>32</gpxtpx:atemp>
     </gpxtpx:TrackPointExtension>
    </extensions>
   </trkpt>
   <trkpt lat="48.3332630" lon="16.0286390">
    <ele>226.6</ele>
    <time>2024-06-08T14:03:25Z</time>
    <extensions>
     <gpxtpx:TrackPointExtension>
      <gpxtpx:atemp>32</gpxtpx:atemp>
     </gpxtpx:TrackPointExtension>
    </extensions>
   </trkpt>
   <trkpt lat="48.3332470" lon="16.0280100">
    <ele>226.8</ele>
    <time>2024-06-08T14:03:34Z</time>
    <extensions>
     <gpxtpx:TrackPointExtension>
      <gpxtpx:atemp>32</gpxtpx:atemp>
     </gpxtpx:TrackPointExtension>
    </extensions>
   </trkpt>
   <trkpt lat="48.3332430" lon="16.0279040">
    <ele>227.0</ele>
    <time>2024-06-08T14:03:37Z</time>
    <extensions>
     <gpxtpx:TrackPointExtension>
      <gpxtpx:atemp>32</gpxtpx:atemp>
     </gpxtpx:TrackPointExtension>
    </extensions>
   </trkpt>
   <trkpt lat="48.3332540" lon="16.0278930">
    <ele>227.0</ele>
    <time>2024-06-08T14:03:38Z</time>
    <extensions>
     <gpxtpx:TrackPointExtension>
      <gpxtpx:atemp>32</gpxtpx:atemp>
     </gpxtpx:TrackPointExtension>
    </extensions>
   </trkpt>
   <trkpt lat="48.3333100" lon="16.0279520">
    <ele>227.0</ele>
    <time>2024-06-08T14:03:42Z</time>
    <extensions>
     <gpxtpx:TrackPointExtension>
      <gpxtpx:atemp>32</gpxtpx:atemp>
     </gpxtpx:TrackPointExtension>
    </extensions>
   </trkpt>
   <trkpt lat="48.3333410" lon="16.0279070">
    <ele>227.0</ele>
    <time>2024-06-08T14:03:45Z</time>
    <extensions>
     <gpxtpx:TrackPointExtension>
      <gpxtpx:atemp>32</gpxtpx:atemp>
     </gpxtpx:TrackPointExtension>
    </extensions>
   </trkpt>
   <trkpt lat="48.3333300" lon="16.0277030">
    <ele>226.4</ele>
    <time>2024-06-08T14:03:49Z</time>
    <extensions>
     <gpxtpx:TrackPointExtension>
      <gpxtpx:atemp>32</gpxtpx:atemp>
     </gpxtpx:TrackPointExtension>
    </extensions>
   </trkpt>
   <trkpt lat="48.3333270" lon="16.0275020">
    <ele>225.6</ele>
    <time>2024-06-08T14:03:52Z</time>
    <extensions>
     <gpxtpx:TrackPointExtension>
      <gpxtpx:atemp>32</gpxtpx:atemp>
     </gpxtpx:TrackPointExtension>
    </extensions>
   </trkpt>
   <trkpt lat="48.3333240" lon="16.0274300">
    <ele>225.4</ele>
    <time>2024-06-08T14:03:53Z</time>
    <extensions>
     <gpxtpx:TrackPointExtension>
      <gpxtpx:atemp>32</gpxtpx:atemp>
     </gpxtpx:TrackPointExtension>
    </extensions>
   </trkpt>
   <trkpt lat="48.3333200" lon="16.0272890">
    <ele>225.0</ele>
    <time>2024-06-08T14:03:55Z</time>
    <extensions>
     <gpxtpx:TrackPointExtension>
      <gpxtpx:atemp>32</gpxtpx:atemp>
     </gpxtpx:TrackPointExtension>
    </extensions>
   </trkpt>
   <trkpt lat="48.3333330" lon="16.0267440">
    <ele>224.6</ele>
    <time>2024-06-08T14:04:02Z</time>
    <extensions>
     <gpxtpx:TrackPointExtension>
      <gpxtpx:atemp>32</gpxtpx:atemp>
     </gpxtpx:TrackPointExtension>
    </extensions>
   </trkpt>
   <trkpt lat="48.3333500" lon="16.0261610">
    <ele>224.4</ele>
    <time>2024-06-08T14:04:09Z</time>
    <extensions>
     <gpxtpx:TrackPointExtension>
      <gpxtpx:atemp>32</gpxtpx:atemp>
     </gpxtpx:TrackPointExtension>
    </extensions>
   </trkpt>
   <trkpt lat="48.3333890" lon="16.0253710">
    <ele>224.4</ele>
    <time>2024-06-08T14:04:18Z</time>
    <extensions>
     <gpxtpx:TrackPointExtension>
      <gpxtpx:atemp>32</gpxtpx:atemp>
     </gpxtpx:TrackPointExtension>
    </extensions>
   </trkpt>
   <trkpt lat="48.3333960" lon="16.0252850">
    <ele>224.4</ele>
    <time>2024-06-08T14:04:19Z</time>
    <extensions>
     <gpxtpx:TrackPointExtension>
      <gpxtpx:atemp>32</gpxtpx:atemp>
     </gpxtpx:TrackPointExtension>
    </extensions>
   </trkpt>
   <trkpt lat="48.3334520" lon="16.0245340">
    <ele>224.0</ele>
    <time>2024-06-08T14:04:28Z</time>
    <extensions>
     <gpxtpx:TrackPointExtension>
      <gpxtpx:atemp>32</gpxtpx:atemp>
     </gpxtpx:TrackPointExtension>
    </extensions>
   </trkpt>
   <trkpt lat="48.3335540" lon="16.0236860">
    <ele>224.0</ele>
    <time>2024-06-08T14:04:38Z</time>
    <extensions>
     <gpxtpx:TrackPointExtension>
      <gpxtpx:atemp>32</gpxtpx:atemp>
     </gpxtpx:TrackPointExtension>
    </extensions>
   </trkpt>
   <trkpt lat="48.3336410" lon="16.0230120">
    <ele>224.0</ele>
    <time>2024-06-08T14:04:46Z</time>
    <extensions>
     <gpxtpx:TrackPointExtension>
      <gpxtpx:atemp>32</gpxtpx:atemp>
     </gpxtpx:TrackPointExtension>
    </extensions>
   </trkpt>
   <trkpt lat="48.3336780" lon="16.0224750">
    <ele>223.8</ele>
    <time>2024-06-08T14:04:53Z</time>
    <extensions>
     <gpxtpx:TrackPointExtension>
      <gpxtpx:atemp>32</gpxtpx:atemp>
     </gpxtpx:TrackPointExtension>
    </extensions>
   </trkpt>
   <trkpt lat="48.3336830" lon="16.0222090">
    <ele>224.0</ele>
    <time>2024-06-08T14:04:58Z</time>
    <extensions>
     <gpxtpx:TrackPointExtension>
      <gpxtpx:atemp>32</gpxtpx:atemp>
     </gpxtpx:TrackPointExtension>
    </extensions>
   </trkpt>
   <trkpt lat="48.3337540" lon="16.0219500">
    <ele>225.6</ele>
    <time>2024-06-08T14:05:03Z</time>
    <extensions>
     <gpxtpx:TrackPointExtension>
      <gpxtpx:atemp>32</gpxtpx:atemp>
     </gpxtpx:TrackPointExtension>
    </extensions>
   </trkpt>
   <trkpt lat="48.3337800" lon="16.0218720">
    <ele>225.6</ele>
    <time>2024-06-08T14:05:04Z</time>
    <extensions>
     <gpxtpx:TrackPointExtension>
      <gpxtpx:atemp>32</gpxtpx:atemp>
     </gpxtpx:TrackPointExtension>
    </extensions>
   </trkpt>
   <trkpt lat="48.3338890" lon="16.0214110">
    <ele>225.8</ele>
    <time>2024-06-08T14:05:09Z</time>
    <extensions>
     <gpxtpx:TrackPointExtension>
      <gpxtpx:atemp>32</gpxtpx:atemp>
     </gpxtpx:TrackPointExtension>
    </extensions>
   </trkpt>
   <trkpt lat="48.3339950" lon="16.0208770">
    <ele>224.4</ele>
    <time>2024-06-08T14:05:15Z</time>
    <extensions>
     <gpxtpx:TrackPointExtension>
      <gpxtpx:atemp>32</gpxtpx:atemp>
     </gpxtpx:TrackPointExtension>
    </extensions>
   </trkpt>
   <trkpt lat="48.3340490" lon="16.0206110">
    <ele>224.2</ele>
    <time>2024-06-08T14:05:18Z</time>
    <extensions>
     <gpxtpx:TrackPointExtension>
      <gpxtpx:atemp>32</gpxtpx:atemp>
     </gpxtpx:TrackPointExtension>
    </extensions>
   </trkpt>
   <trkpt lat="48.3342250" lon="16.0198450">
    <ele>224.0</ele>
    <time>2024-06-08T14:05:27Z</time>
    <extensions>
     <gpxtpx:TrackPointExtension>
      <gpxtpx:atemp>32</gpxtpx:atemp>
     </gpxtpx:TrackPointExtension>
    </extensions>
   </trkpt>
   <trkpt lat="48.3342480" lon="16.0197580">
    <ele>224.0</ele>
    <time>2024-06-08T14:05:28Z</time>
    <extensions>
     <gpxtpx:TrackPointExtension>
      <gpxtpx:atemp>32</gpxtpx:atemp>
     </gpxtpx:TrackPointExtension>
    </extensions>
   </trkpt>
   <trkpt lat="48.3344090" lon="16.0190880">
    <ele>223.8</ele>
    <time>2024-06-08T14:05:36Z</time>
    <extensions>
     <gpxtpx:TrackPointExtension>
      <gpxtpx:atemp>32</gpxtpx:atemp>
     </gpxtpx:TrackPointExtension>
    </extensions>
   </trkpt>
   <trkpt lat="48.3344290" lon="16.0190050">
    <ele>223.8</ele>
    <time>2024-06-08T14:05:37Z</time>
    <extensions>
     <gpxtpx:TrackPointExtension>
      <gpxtpx:atemp>32</gpxtpx:atemp>
     </gpxtpx:TrackPointExtension>
    </extensions>
   </trkpt>
   <trkpt lat="48.3346220" lon="16.0183390">
    <ele>223.8</ele>
    <time>2024-06-08T14:05:45Z</time>
    <extensions>
     <gpxtpx:TrackPointExtension>
      <gpxtpx:atemp>33</gpxtpx:atemp>
     </gpxtpx:TrackPointExtension>
    </extensions>
   </trkpt>
   <trkpt lat="48.3347940" lon="16.0177500">
    <ele>223.8</ele>
    <time>2024-06-08T14:05:52Z</time>
    <extensions>
     <gpxtpx:TrackPointExtension>
      <gpxtpx:atemp>33</gpxtpx:atemp>
     </gpxtpx:TrackPointExtension>
    </extensions>
   </trkpt>
   <trkpt lat="48.3350580" lon="16.0169440">
    <ele>223.8</ele>
    <time>2024-06-08T14:06:02Z</time>
    <extensions>
     <gpxtpx:TrackPointExtension>
      <gpxtpx:atemp>33</gpxtpx:atemp>
     </gpxtpx:TrackPointExtension>
    </extensions>
   </trkpt>
   <trkpt lat="48.3353350" lon="16.0162020">
    <ele>224.4</ele>
    <time>2024-06-08T14:06:11Z</time>
    <extensions>
     <gpxtpx:TrackPointExtension>
      <gpxtpx:atemp>33</gpxtpx:atemp>
     </gpxtpx:TrackPointExtension>
    </extensions>
   </trkpt>
   <trkpt lat="48.3353660" lon="16.0161190">
    <ele>224.6</ele>
    <time>2024-06-08T14:06:12Z</time>
    <extensions>
     <gpxtpx:TrackPointExtension>
      <gpxtpx:atemp>33</gpxtpx:atemp>
     </gpxtpx:TrackPointExtension>
    </extensions>
   </trkpt>
   <trkpt lat="48.3356280" lon="16.0154720">
    <ele>224.4</ele>
    <time>2024-06-08T14:06:20Z</time>
    <extensions>
     <gpxtpx:TrackPointExtension>
      <gpxtpx:atemp>33</gpxtpx:atemp>
     </gpxtpx:TrackPointExtension>
    </extensions>
   </trkpt>
   <trkpt lat="48.3359170" lon="16.0147840">
    <ele>224.0</ele>
    <time>2024-06-08T14:06:29Z</time>
    <extensions>
     <gpxtpx:TrackPointExtension>
      <gpxtpx:atemp>32</gpxtpx:atemp>
     </gpxtpx:TrackPointExtension>
    </extensions>
   </trkpt>
   <trkpt lat="48.3362360" lon="16.0141250">
    <ele>224.0</ele>
    <time>2024-06-08T14:06:38Z</time>
    <extensions>
     <gpxtpx:TrackPointExtension>
      <gpxtpx:atemp>32</gpxtpx:atemp>
     </gpxtpx:TrackPointExtension>
    </extensions>
   </trkpt>
   <trkpt lat="48.3362710" lon="16.0140530">
    <ele>224.0</ele>
    <time>2024-06-08T14:06:39Z</time>
    <extensions>
     <gpxtpx:TrackPointExtension>
      <gpxtpx:atemp>32</gpxtpx:atemp>
     </gpxtpx:TrackPointExtension>
    </extensions>
   </trkpt>
   <trkpt lat="48.3365920" lon="16.0133950">
    <ele>224.0</ele>
    <time>2024-06-08T14:06:48Z</time>
    <extensions>
     <gpxtpx:TrackPointExtension>
      <gpxtpx:atemp>32</gpxtpx:atemp>
     </gpxtpx:TrackPointExtension>
    </extensions>
   </trkpt>
   <trkpt lat="48.3369080" lon="16.0127520">
    <ele>223.8</ele>
    <time>2024-06-08T14:06:57Z</time>
    <extensions>
     <gpxtpx:TrackPointExtension>
      <gpxtpx:atemp>32</gpxtpx:atemp>
     </gpxtpx:TrackPointExtension>
    </extensions>
   </trkpt>
   <trkpt lat="48.3372630" lon="16.0120420">
    <ele>224.0</ele>
    <time>2024-06-08T14:07:07Z</time>
    <extensions>
     <gpxtpx:TrackPointExtension>
      <gpxtpx:atemp>32</gpxtpx:atemp>
     </gpxtpx:TrackPointExtension>
    </extensions>
   </trkpt>
   <trkpt lat="48.3376050" lon="16.0113230">
    <ele>224.2</ele>
    <time>2024-06-08T14:07:17Z</time>
    <extensions>
     <gpxtpx:TrackPointExtension>
      <gpxtpx:atemp>32</gpxtpx:atemp>
     </gpxtpx:TrackPointExtension>
    </extensions>
   </trkpt>
   <trkpt lat="48.3379320" lon="16.0106540">
    <ele>224.6</ele>
    <time>2024-06-08T14:07:26Z</time>
    <extensions>
     <gpxtpx:TrackPointExtension>
      <gpxtpx:atemp>32</gpxtpx:atemp>
     </gpxtpx:TrackPointExtension>
    </extensions>
   </trkpt>
   <trkpt lat="48.3382920" lon="16.0099480">
    <ele>224.6</ele>
    <time>2024-06-08T14:07:36Z</time>
    <extensions>
     <gpxtpx:TrackPointExtension>
      <gpxtpx:atemp>32</gpxtpx:atemp>
     </gpxtpx:TrackPointExtension>
    </extensions>
   </trkpt>
   <trkpt lat="48.3386800" lon="16.0092920">
    <ele>224.8</ele>
    <time>2024-06-08T14:07:46Z</time>
    <extensions>
     <gpxtpx:TrackPointExtension>
      <gpxtpx:atemp>32</gpxtpx:atemp>
     </gpxtpx:TrackPointExtension>
    </extensions>
   </trkpt>
   <trkpt lat="48.3387540" lon="16.0091560">
    <ele>224.8</ele>
    <time>2024-06-08T14:07:48Z</time>
    <extensions>
     <gpxtpx:TrackPointExtension>
      <gpxtpx:atemp>32</gpxtpx:atemp>
     </gpxtpx:TrackPointExtension>
    </extensions>
   </trkpt>
   <trkpt lat="48.3390210" lon="16.0085690">
    <ele>224.8</ele>
    <time>2024-06-08T14:07:56Z</time>
    <extensions>
     <gpxtpx:TrackPointExtension>
      <gpxtpx:atemp>32</gpxtpx:atemp>
     </gpxtpx:TrackPointExtension>
    </extensions>
   </trkpt>
   <trkpt lat="48.3393070" lon="16.0078610">
    <ele>224.8</ele>
    <time>2024-06-08T14:08:05Z</time>
    <extensions>
     <gpxtpx:TrackPointExtension>
      <gpxtpx:atemp>32</gpxtpx:atemp>
     </gpxtpx:TrackPointExtension>
    </extensions>
   </trkpt>
   <trkpt lat="48.3395260" lon="16.0072290">
    <ele>225.0</ele>
    <time>2024-06-08T14:08:13Z</time>
    <extensions>
     <gpxtpx:TrackPointExtension>
      <gpxtpx:atemp>32</gpxtpx:atemp>
     </gpxtpx:TrackPointExtension>
    </extensions>
   </trkpt>
   <trkpt lat="48.3397660" lon="16.0064920">
    <ele>225.2</ele>
    <time>2024-06-08T14:08:22Z</time>
    <extensions>
     <gpxtpx:TrackPointExtension>
      <gpxtpx:atemp>32</gpxtpx:atemp>
     </gpxtpx:TrackPointExtension>
    </extensions>
   </trkpt>
   <trkpt lat="48.3397900" lon="16.0064110">
    <ele>225.2</ele>
    <time>2024-06-08T14:08:23Z</time>
    <extensions>
     <gpxtpx:TrackPointExtension>
      <gpxtpx:atemp>32</gpxtpx:atemp>
     </gpxtpx:TrackPointExtension>
    </extensions>
   </trkpt>
   <trkpt lat="48.3400050" lon="16.0055760">
    <ele>225.4</ele>
    <time>2024-06-08T14:08:33Z</time>
    <extensions>
     <gpxtpx:TrackPointExtension>
      <gpxtpx:atemp>32</gpxtpx:atemp>
     </gpxtpx:TrackPointExtension>
    </extensions>
   </trkpt>
   <trkpt lat="48.3400410" lon="16.0054000">
    <ele>225.4</ele>
    <time>2024-06-08T14:08:35Z</time>
    <extensions>
     <gpxtpx:TrackPointExtension>
      <gpxtpx:atemp>32</gpxtpx:atemp>
     </gpxtpx:TrackPointExtension>
    </extensions>
   </trkpt>
   <trkpt lat="48.3401840" lon="16.0046690">
    <ele>225.4</ele>
    <time>2024-06-08T14:08:43Z</time>
    <extensions>
     <gpxtpx:TrackPointExtension>
      <gpxtpx:atemp>32</gpxtpx:atemp>
     </gpxtpx:TrackPointExtension>
    </extensions>
   </trkpt>
   <trkpt lat="48.3402000" lon="16.0045730">
    <ele>225.6</ele>
    <time>2024-06-08T14:08:44Z</time>
    <extensions>
     <gpxtpx:TrackPointExtension>
      <gpxtpx:atemp>32</gpxtpx:atemp>
     </gpxtpx:TrackPointExtension>
    </extensions>
   </trkpt>
   <trkpt lat="48.3403320" lon="16.0037250">
    <ele>225.6</ele>
    <time>2024-06-08T14:08:53Z</time>
    <extensions>
     <gpxtpx:TrackPointExtension>
      <gpxtpx:atemp>32</gpxtpx:atemp>
     </gpxtpx:TrackPointExtension>
    </extensions>
   </trkpt>
   <trkpt lat="48.3403670" lon="16.0034450">
    <ele>225.8</ele>
    <time>2024-06-08T14:08:56Z</time>
    <extensions>
     <gpxtpx:TrackPointExtension>
      <gpxtpx:atemp>32</gpxtpx:atemp>
     </gpxtpx:TrackPointExtension>
    </extensions>
   </trkpt>
   <trkpt lat="48.3404330" lon="16.0027160">
    <ele>225.8</ele>
    <time>2024-06-08T14:09:04Z</time>
    <extensions>
     <gpxtpx:TrackPointExtension>
      <gpxtpx:atemp>32</gpxtpx:atemp>
     </gpxtpx:TrackPointExtension>
    </extensions>
   </trkpt>
   <trkpt lat="48.3404740" lon="16.0023520">
    <ele>225.8</ele>
    <time>2024-06-08T14:09:08Z</time>
    <extensions>
     <gpxtpx:TrackPointExtension>
      <gpxtpx:atemp>32</gpxtpx:atemp>
     </gpxtpx:TrackPointExtension>
    </extensions>
   </trkpt>
   <trkpt lat="48.3405200" lon="16.0020870">
    <ele>225.8</ele>
    <time>2024-06-08T14:09:11Z</time>
    <extensions>
     <gpxtpx:TrackPointExtension>
      <gpxtpx:atemp>32</gpxtpx:atemp>
     </gpxtpx:TrackPointExtension>
    </extensions>
   </trkpt>
   <trkpt lat="48.3406080" lon="16.0012870">
    <ele>225.8</ele>
    <time>2024-06-08T14:09:20Z</time>
    <extensions>
     <gpxtpx:TrackPointExtension>
      <gpxtpx:atemp>32</gpxtpx:atemp>
     </gpxtpx:TrackPointExtension>
    </extensions>
   </trkpt>
   <trkpt lat="48.3406960" lon="16.0004530">
    <ele>226.0</ele>
    <time>2024-06-08T14:09:29Z</time>
    <extensions>
     <gpxtpx:TrackPointExtension>
      <gpxtpx:atemp>32</gpxtpx:atemp>
     </gpxtpx:TrackPointExtension>
    </extensions>
   </trkpt>
   <trkpt lat="48.3407250" lon="16.0001730">
    <ele>226.0</ele>
    <time>2024-06-08T14:09:32Z</time>
    <extensions>
     <gpxtpx:TrackPointExtension>
      <gpxtpx:atemp>32</gpxtpx:atemp>
     </gpxtpx:TrackPointExtension>
    </extensions>
   </trkpt>
   <trkpt lat="48.3407830" lon="15.9993530">
    <ele>226.0</ele>
    <time>2024-06-08T14:09:41Z</time>
    <extensions>
     <gpxtpx:TrackPointExtension>
      <gpxtpx:atemp>32</gpxtpx:atemp>
     </gpxtpx:TrackPointExtension>
    </extensions>
   </trkpt>
   <trkpt lat="48.3407990" lon="15.9990820">
    <ele>225.6</ele>
    <time>2024-06-08T14:09:44Z</time>
    <extensions>
     <gpxtpx:TrackPointExtension>
      <gpxtpx:atemp>32</gpxtpx:atemp>
     </gpxtpx:TrackPointExtension>
    </extensions>
   </trkpt>
   <trkpt lat="48.3408500" lon="15.9981970">
    <ele>225.4</ele>
    <time>2024-06-08T14:09:54Z</time>
    <extensions>
     <gpxtpx:TrackPointExtension>
      <gpxtpx:atemp>32</gpxtpx:atemp>
     </gpxtpx:TrackPointExtension>
    </extensions>
   </trkpt>
   <trkpt lat="48.3408650" lon="15.9973110">
    <ele>225.6</ele>
    <time>2024-06-08T14:10:04Z</time>
    <extensions>
     <gpxtpx:TrackPointExtension>
      <gpxtpx:atemp>32</gpxtpx:atemp>
     </gpxtpx:TrackPointExtension>
    </extensions>
   </trkpt>
   <trkpt lat="48.3408650" lon="15.9972260">
    <ele>225.6</ele>
    <time>2024-06-08T14:10:05Z</time>
    <extensions>
     <gpxtpx:TrackPointExtension>
      <gpxtpx:atemp>32</gpxtpx:atemp>
     </gpxtpx:TrackPointExtension>
    </extensions>
   </trkpt>
   <trkpt lat="48.3408490" lon="15.9965600">
    <ele>225.4</ele>
    <time>2024-06-08T14:10:13Z</time>
    <extensions>
     <gpxtpx:TrackPointExtension>
      <gpxtpx:atemp>32</gpxtpx:atemp>
     </gpxtpx:TrackPointExtension>
    </extensions>
   </trkpt>
   <trkpt lat="48.3408180" lon="15.9959340">
    <ele>225.4</ele>
    <time>2024-06-08T14:10:21Z</time>
    <extensions>
     <gpxtpx:TrackPointExtension>
      <gpxtpx:atemp>32</gpxtpx:atemp>
     </gpxtpx:TrackPointExtension>
    </extensions>
   </trkpt>
   <trkpt lat="48.3407600" lon="15.9952140">
    <ele>225.6</ele>
    <time>2024-06-08T14:10:30Z</time>
    <extensions>
     <gpxtpx:TrackPointExtension>
      <gpxtpx:atemp>32</gpxtpx:atemp>
     </gpxtpx:TrackPointExtension>
    </extensions>
   </trkpt>
   <trkpt lat="48.3406710" lon="15.9944610">
    <ele>225.6</ele>
    <time>2024-06-08T14:10:40Z</time>
    <extensions>
     <gpxtpx:TrackPointExtension>
      <gpxtpx:atemp>32</gpxtpx:atemp>
     </gpxtpx:TrackPointExtension>
    </extensions>
   </trkpt>
   <trkpt lat="48.3405140" lon="15.9936420">
    <ele>225.8</ele>
    <time>2024-06-08T14:10:51Z</time>
    <extensions>
     <gpxtpx:TrackPointExtension>
      <gpxtpx:atemp>32</gpxtpx:atemp>
     </gpxtpx:TrackPointExtension>
    </extensions>
   </trkpt>
   <trkpt lat="48.3403570" lon="15.9931290">
    <ele>226.2</ele>
    <time>2024-06-08T14:10:58Z</time>
    <extensions>
     <gpxtpx:TrackPointExtension>
      <gpxtpx:atemp>32</gpxtpx:atemp>
     </gpxtpx:TrackPointExtension>
    </extensions>
   </trkpt>
   <trkpt lat="48.3401420" lon="15.9924250">
    <ele>226.0</ele>
    <time>2024-06-08T14:11:08Z</time>
    <extensions>
     <gpxtpx:TrackPointExtension>
      <gpxtpx:atemp>32</gpxtpx:atemp>
     </gpxtpx:TrackPointExtension>
    </extensions>
   </trkpt>
   <trkpt lat="48.3400590" lon="15.9918140">
    <ele>226.2</ele>
    <time>2024-06-08T14:11:16Z</time>
    <extensions>
     <gpxtpx:TrackPointExtension>
      <gpxtpx:atemp>32</gpxtpx:atemp>
     </gpxtpx:TrackPointExtension>
    </extensions>
   </trkpt>
   <trkpt lat="48.3400040" lon="15.9909360">
    <ele>226.2</ele>
    <time>2024-06-08T14:11:27Z</time>
    <extensions>
     <gpxtpx:TrackPointExtension>
      <gpxtpx:atemp>32</gpxtpx:atemp>
     </gpxtpx:TrackPointExtension>
    </extensions>
   </trkpt>
   <trkpt lat="48.3399460" lon="15.9900800">
    <ele>225.8</ele>
    <time>2024-06-08T14:11:37Z</time>
    <extensions>
     <gpxtpx:TrackPointExtension>
      <gpxtpx:atemp>32</gpxtpx:atemp>
     </gpxtpx:TrackPointExtension>
    </extensions>
   </trkpt>
   <trkpt lat="48.3398720" lon="15.9892870">
    <ele>225.8</ele>
    <time>2024-06-08T14:11:47Z</time>
    <extensions>
     <gpxtpx:TrackPointExtension>
      <gpxtpx:atemp>32</gpxtpx:atemp>
     </gpxtpx:TrackPointExtension>
    </extensions>
   </trkpt>
   <trkpt lat="48.3398100" lon="15.9884880">
    <ele>226.0</ele>
    <time>2024-06-08T14:11:57Z</time>
    <extensions>
     <gpxtpx:TrackPointExtension>
      <gpxtpx:atemp>32</gpxtpx:atemp>
     </gpxtpx:TrackPointExtension>
    </extensions>
   </trkpt>
   <trkpt lat="48.3397620" lon="15.9878320">
    <ele>226.0</ele>
    <time>2024-06-08T14:12:05Z</time>
    <extensions>
     <gpxtpx:TrackPointExtension>
      <gpxtpx:atemp>32</gpxtpx:atemp>
     </gpxtpx:TrackPointExtension>
    </extensions>
   </trkpt>
   <trkpt lat="48.3397180" lon="15.9872100">
    <ele>226.0</ele>
    <time>2024-06-08T14:12:13Z</time>
    <extensions>
     <gpxtpx:TrackPointExtension>
      <gpxtpx:atemp>32</gpxtpx:atemp>
     </gpxtpx:TrackPointExtension>
    </extensions>
   </trkpt>
   <trkpt lat="48.3396560" lon="15.9864950">
    <ele>226.0</ele>
    <time>2024-06-08T14:12:22Z</time>
    <extensions>
     <gpxtpx:TrackPointExtension>
      <gpxtpx:atemp>32</gpxtpx:atemp>
     </gpxtpx:TrackPointExtension>
    </extensions>
   </trkpt>
   <trkpt lat="48.3396000" lon="15.9856810">
    <ele>226.4</ele>
    <time>2024-06-08T14:12:32Z</time>
    <extensions>
     <gpxtpx:TrackPointExtension>
      <gpxtpx:atemp>32</gpxtpx:atemp>
     </gpxtpx:TrackPointExtension>
    </extensions>
   </trkpt>
   <trkpt lat="48.3395940" lon="15.9855980">
    <ele>226.4</ele>
    <time>2024-06-08T14:12:33Z</time>
    <extensions>
     <gpxtpx:TrackPointExtension>
      <gpxtpx:atemp>32</gpxtpx:atemp>
     </gpxtpx:TrackPointExtension>
    </extensions>
   </trkpt>
   <trkpt lat="48.3395220" lon="15.9847200">
    <ele>226.2</ele>
    <time>2024-06-08T14:12:44Z</time>
    <extensions>
     <gpxtpx:TrackPointExtension>
      <gpxtpx:atemp>32</gpxtpx:atemp>
     </gpxtpx:TrackPointExtension>
    </extensions>
   </trkpt>
   <trkpt lat="48.3395150" lon="15.9846420">
    <ele>226.2</ele>
    <time>2024-06-08T14:12:45Z</time>
    <extensions>
     <gpxtpx:TrackPointExtension>
      <gpxtpx:atemp>32</gpxtpx:atemp>
     </gpxtpx:TrackPointExtension>
    </extensions>
   </trkpt>
   <trkpt lat="48.3394630" lon="15.9840030">
    <ele>226.2</ele>
    <time>2024-06-08T14:12:53Z</time>
    <extensions>
     <gpxtpx:TrackPointExtension>
      <gpxtpx:atemp>32</gpxtpx:atemp>
     </gpxtpx:TrackPointExtension>
    </extensions>
   </trkpt>
   <trkpt lat="48.3394000" lon="15.9832940">
    <ele>226.2</ele>
    <time>2024-06-08T14:13:02Z</time>
    <extensions>
     <gpxtpx:TrackPointExtension>
      <gpxtpx:atemp>32</gpxtpx:atemp>
     </gpxtpx:TrackPointExtension>
    </extensions>
   </trkpt>
   <trkpt lat="48.3393450" lon="15.9826190">
    <ele>226.2</ele>
    <time>2024-06-08T14:13:11Z</time>
    <extensions>
     <gpxtpx:TrackPointExtension>
      <gpxtpx:atemp>32</gpxtpx:atemp>
     </gpxtpx:TrackPointExtension>
    </extensions>
   </trkpt>
   <trkpt lat="48.3392960" lon="15.9820350">
    <ele>226.6</ele>
    <time>2024-06-08T14:13:19Z</time>
    <extensions>
     <gpxtpx:TrackPointExtension>
      <gpxtpx:atemp>32</gpxtpx:atemp>
     </gpxtpx:TrackPointExtension>
    </extensions>
   </trkpt>
   <trkpt lat="48.3392620" lon="15.9815860">
    <ele>226.6</ele>
    <time>2024-06-08T14:13:25Z</time>
    <extensions>
     <gpxtpx:TrackPointExtension>
      <gpxtpx:atemp>32</gpxtpx:atemp>
     </gpxtpx:TrackPointExtension>
    </extensions>
   </trkpt>
   <trkpt lat="48.3392070" lon="15.9808500">
    <ele>226.8</ele>
    <time>2024-06-08T14:13:35Z</time>
    <extensions>
     <gpxtpx:TrackPointExtension>
      <gpxtpx:atemp>32</gpxtpx:atemp>
     </gpxtpx:TrackPointExtension>
    </extensions>
   </trkpt>
   <trkpt lat="48.3391570" lon="15.9801070">
    <ele>226.8</ele>
    <time>2024-06-08T14:13:45Z</time>
    <extensions>
     <gpxtpx:TrackPointExtension>
      <gpxtpx:atemp>33</gpxtpx:atemp>
     </gpxtpx:TrackPointExtension>
    </extensions>
   </trkpt>
   <trkpt lat="48.3390940" lon="15.9794300">
    <ele>226.8</ele>
    <time>2024-06-08T14:13:54Z</time>
    <extensions>
     <gpxtpx:TrackPointExtension>
      <gpxtpx:atemp>32</gpxtpx:atemp>
     </gpxtpx:TrackPointExtension>
    </extensions>
   </trkpt>
   <trkpt lat="48.3390180" lon="15.9785780">
    <ele>226.8</ele>
    <time>2024-06-08T14:14:05Z</time>
    <extensions>
     <gpxtpx:TrackPointExtension>
      <gpxtpx:atemp>32</gpxtpx:atemp>
     </gpxtpx:TrackPointExtension>
    </extensions>
   </trkpt>
   <trkpt lat="48.3389780" lon="15.9779760">
    <ele>227.2</ele>
    <time>2024-06-08T14:14:13Z</time>
    <extensions>
     <gpxtpx:TrackPointExtension>
      <gpxtpx:atemp>32</gpxtpx:atemp>
     </gpxtpx:TrackPointExtension>
    </extensions>
   </trkpt>
   <trkpt lat="48.3389760" lon="15.9778250">
    <ele>227.4</ele>
    <time>2024-06-08T14:14:15Z</time>
    <extensions>
     <gpxtpx:TrackPointExtension>
      <gpxtpx:atemp>32</gpxtpx:atemp>
     </gpxtpx:TrackPointExtension>
    </extensions>
   </trkpt>
   <trkpt lat="48.3389680" lon="15.9774530">
    <ele>227.4</ele>
    <time>2024-06-08T14:14:20Z</time>
    <extensions>
     <gpxtpx:TrackPointExtension>
      <gpxtpx:atemp>32</gpxtpx:atemp>
     </gpxtpx:TrackPointExtension>
    </extensions>
   </trkpt>
   <trkpt lat="48.3389430" lon="15.9767510">
    <ele>227.4</ele>
    <time>2024-06-08T14:14:29Z</time>
    <extensions>
     <gpxtpx:TrackPointExtension>
      <gpxtpx:atemp>32</gpxtpx:atemp>
     </gpxtpx:TrackPointExtension>
    </extensions>
   </trkpt>
   <trkpt lat="48.3389180" lon="15.9762830">
    <ele>227.4</ele>
    <time>2024-06-08T14:14:35Z</time>
    <extensions>
     <gpxtpx:TrackPointExtension>
      <gpxtpx:atemp>32</gpxtpx:atemp>
     </gpxtpx:TrackPointExtension>
    </extensions>
   </trkpt>
   <trkpt lat="48.3389140" lon="15.9762020">
    <ele>227.4</ele>
    <time>2024-06-08T14:14:36Z</time>
    <extensions>
     <gpxtpx:TrackPointExtension>
      <gpxtpx:atemp>32</gpxtpx:atemp>
     </gpxtpx:TrackPointExtension>
    </extensions>
   </trkpt>
   <trkpt lat="48.3388930" lon="15.9758140">
    <ele>227.6</ele>
    <time>2024-06-08T14:14:41Z</time>
    <extensions>
     <gpxtpx:TrackPointExtension>
      <gpxtpx:atemp>32</gpxtpx:atemp>
     </gpxtpx:TrackPointExtension>
    </extensions>
   </trkpt>
   <trkpt lat="48.3388760" lon="15.9753330">
    <ele>227.6</ele>
    <time>2024-06-08T14:14:47Z</time>
    <extensions>
     <gpxtpx:TrackPointExtension>
      <gpxtpx:atemp>32</gpxtpx:atemp>
     </gpxtpx:TrackPointExtension>
    </extensions>
   </trkpt>
   <trkpt lat="48.3388520" lon="15.9747720">
    <ele>227.6</ele>
    <time>2024-06-08T14:14:54Z</time>
    <extensions>
     <gpxtpx:TrackPointExtension>
      <gpxtpx:atemp>32</gpxtpx:atemp>
     </gpxtpx:TrackPointExtension>
    </extensions>
   </trkpt>
   <trkpt lat="48.3388260" lon="15.9740100">
    <ele>227.4</ele>
    <time>2024-06-08T14:15:03Z</time>
    <extensions>
     <gpxtpx:TrackPointExtension>
      <gpxtpx:atemp>32</gpxtpx:atemp>
     </gpxtpx:TrackPointExtension>
    </extensions>
   </trkpt>
   <trkpt lat="48.3388170" lon="15.9738380">
    <ele>227.2</ele>
    <time>2024-06-08T14:15:05Z</time>
    <extensions>
     <gpxtpx:TrackPointExtension>
      <gpxtpx:atemp>32</gpxtpx:atemp>
     </gpxtpx:TrackPointExtension>
    </extensions>
   </trkpt>
   <trkpt lat="48.3387920" lon="15.9731810">
    <ele>227.2</ele>
    <time>2024-06-08T14:15:13Z</time>
    <extensions>
     <gpxtpx:TrackPointExtension>
      <gpxtpx:atemp>32</gpxtpx:atemp>
     </gpxtpx:TrackPointExtension>
    </extensions>
   </trkpt>
   <trkpt lat="48.3387610" lon="15.9726330">
    <ele>227.4</ele>
    <time>2024-06-08T14:15:20Z</time>
    <extensions>
     <gpxtpx:TrackPointExtension>
      <gpxtpx:atemp>32</gpxtpx:atemp>
     </gpxtpx:TrackPointExtension>
    </extensions>
   </trkpt>
   <trkpt lat="48.3387390" lon="15.9719080">
    <ele>227.4</ele>
    <time>2024-06-08T14:15:29Z</time>
    <extensions>
     <gpxtpx:TrackPointExtension>
      <gpxtpx:atemp>32</gpxtpx:atemp>
     </gpxtpx:TrackPointExtension>
    </extensions>
   </trkpt>
   <trkpt lat="48.3387050" lon="15.9713890">
    <ele>227.4</ele>
    <time>2024-06-08T14:15:36Z</time>
    <extensions>
     <gpxtpx:TrackPointExtension>
      <gpxtpx:atemp>32</gpxtpx:atemp>
     </gpxtpx:TrackPointExtension>
    </extensions>
   </trkpt>
   <trkpt lat="48.3386930" lon="15.9707780">
    <ele>227.4</ele>
    <time>2024-06-08T14:15:44Z</time>
    <extensions>
     <gpxtpx:TrackPointExtension>
      <gpxtpx:atemp>32</gpxtpx:atemp>
     </gpxtpx:TrackPointExtension>
    </extensions>
   </trkpt>
   <trkpt lat="48.3386400" lon="15.9700680">
    <ele>227.2</ele>
    <time>2024-06-08T14:15:53Z</time>
    <extensions>
     <gpxtpx:TrackPointExtension>
      <gpxtpx:atemp>31</gpxtpx:atemp>
     </gpxtpx:TrackPointExtension>
    </extensions>
   </trkpt>
   <trkpt lat="48.3386200" lon="15.9695110">
    <ele>227.2</ele>
    <time>2024-06-08T14:16:00Z</time>
    <extensions>
     <gpxtpx:TrackPointExtension>
      <gpxtpx:atemp>31</gpxtpx:atemp>
     </gpxtpx:TrackPointExtension>
    </extensions>
   </trkpt>
   <trkpt lat="48.3385850" lon="15.9686940">
    <ele>227.0</ele>
    <time>2024-06-08T14:16:10Z</time>
    <extensions>
     <gpxtpx:TrackPointExtension>
      <gpxtpx:atemp>31</gpxtpx:atemp>
     </gpxtpx:TrackPointExtension>
    </extensions>
   </trkpt>
   <trkpt lat="48.3385540" lon="15.9679220">
    <ele>227.2</ele>
    <time>2024-06-08T14:16:20Z</time>
    <extensions>
     <gpxtpx:TrackPointExtension>
      <gpxtpx:atemp>31</gpxtpx:atemp>
     </gpxtpx:TrackPointExtension>
    </extensions>
   </trkpt>
   <trkpt lat="48.3385420" lon="15.9676400">
    <ele>227.2</ele>
    <time>2024-06-08T14:16:24Z</time>
    <extensions>
     <gpxtpx:TrackPointExtension>
      <gpxtpx:atemp>31</gpxtpx:atemp>
     </gpxtpx:TrackPointExtension>
    </extensions>
   </trkpt>
   <trkpt lat="48.3385260" lon="15.9674340">
    <ele>227.4</ele>
    <time>2024-06-08T14:16:27Z</time>
    <extensions>
     <gpxtpx:TrackPointExtension>
      <gpxtpx:atemp>31</gpxtpx:atemp>
     </gpxtpx:TrackPointExtension>
    </extensions>
   </trkpt>
   <trkpt lat="48.3385260" lon="15.9673620">
    <ele>227.4</ele>
    <time>2024-06-08T14:16:28Z</time>
    <extensions>
     <gpxtpx:TrackPointExtension>
      <gpxtpx:atemp>31</gpxtpx:atemp>
     </gpxtpx:TrackPointExtension>
    </extensions>
   </trkpt>
   <trkpt lat="48.3385050" lon="15.9669470">
    <ele>227.8</ele>
    <time>2024-06-08T14:16:34Z</time>
    <extensions>
     <gpxtpx:TrackPointExtension>
      <gpxtpx:atemp>31</gpxtpx:atemp>
     </gpxtpx:TrackPointExtension>
    </extensions>
   </trkpt>
   <trkpt lat="48.3384910" lon="15.9665050">
    <ele>228.0</ele>
    <time>2024-06-08T14:16:40Z</time>
    <extensions>
     <gpxtpx:TrackPointExtension>
      <gpxtpx:atemp>31</gpxtpx:atemp>
     </gpxtpx:TrackPointExtension>
    </extensions>
   </trkpt>
   <trkpt lat="48.3384920" lon="15.9663690">
    <ele>228.0</ele>
    <time>2024-06-08T14:16:42Z</time>
    <extensions>
     <gpxtpx:TrackPointExtension>
      <gpxtpx:atemp>31</gpxtpx:atemp>
     </gpxtpx:TrackPointExtension>
    </extensions>
   </trkpt>
   <trkpt lat="48.3384730" lon="15.9658630">
    <ele>228.0</ele>
    <time>2024-06-08T14:16:49Z</time>
    <extensions>
     <gpxtpx:TrackPointExtension>
      <gpxtpx:atemp>31</gpxtpx:atemp>
     </gpxtpx:TrackPointExtension>
    </extensions>
   </trkpt>
   <trkpt lat="48.3384740" lon="15.9656280">
    <ele>228.0</ele>
    <time>2024-06-08T14:16:52Z</time>
    <extensions>
     <gpxtpx:TrackPointExtension>
      <gpxtpx:atemp>31</gpxtpx:atemp>
     </gpxtpx:TrackPointExtension>
    </extensions>
   </trkpt>
   <trkpt lat="48.3384650" lon="15.9654740">
    <ele>228.0</ele>
    <time>2024-06-08T14:16:54Z</time>
    <extensions>
     <gpxtpx:TrackPointExtension>
      <gpxtpx:atemp>31</gpxtpx:atemp>
     </gpxtpx:TrackPointExtension>
    </extensions>
   </trkpt>
   <trkpt lat="48.3384610" lon="15.9653130">
    <ele>228.0</ele>
    <time>2024-06-08T14:16:56Z</time>
    <extensions>
     <gpxtpx:TrackPointExtension>
      <gpxtpx:atemp>31</gpxtpx:atemp>
     </gpxtpx:TrackPointExtension>
    </extensions>
   </trkpt>
   <trkpt lat="48.3384420" lon="15.9647210">
    <ele>228.0</ele>
    <time>2024-06-08T14:17:04Z</time>
    <extensions>
     <gpxtpx:TrackPointExtension>
      <gpxtpx:atemp>31</gpxtpx:atemp>
     </gpxtpx:TrackPointExtension>
    </extensions>
   </trkpt>
   <trkpt lat="48.3384200" lon="15.9641250">
    <ele>228.2</ele>
    <time>2024-06-08T14:17:12Z</time>
    <extensions>
     <gpxtpx:TrackPointExtension>
      <gpxtpx:atemp>31</gpxtpx:atemp>
     </gpxtpx:TrackPointExtension>
    </extensions>
   </trkpt>
   <trkpt lat="48.3384020" lon="15.9633090">
    <ele>228.2</ele>
    <time>2024-06-08T14:17:23Z</time>
    <extensions>
     <gpxtpx:TrackPointExtension>
      <gpxtpx:atemp>31</gpxtpx:atemp>
     </gpxtpx:TrackPointExtension>
    </extensions>
   </trkpt>
   <trkpt lat="48.3383780" lon="15.9626180">
    <ele>228.2</ele>
    <time>2024-06-08T14:17:32Z</time>
    <extensions>
     <gpxtpx:TrackPointExtension>
      <gpxtpx:atemp>31</gpxtpx:atemp>
     </gpxtpx:TrackPointExtension>
    </extensions>
   </trkpt>
   <trkpt lat="48.3383440" lon="15.9619670">
    <ele>228.2</ele>
    <time>2024-06-08T14:17:41Z</time>
    <extensions>
     <gpxtpx:TrackPointExtension>
      <gpxtpx:atemp>31</gpxtpx:atemp>
     </gpxtpx:TrackPointExtension>
    </extensions>
   </trkpt>
   <trkpt lat="48.3383360" lon="15.9612930">
    <ele>228.2</ele>
    <time>2024-06-08T14:17:50Z</time>
    <extensions>
     <gpxtpx:TrackPointExtension>
      <gpxtpx:atemp>31</gpxtpx:atemp>
     </gpxtpx:TrackPointExtension>
    </extensions>
   </trkpt>
   <trkpt lat="48.3383200" lon="15.9607250">
    <ele>228.2</ele>
    <time>2024-06-08T14:17:58Z</time>
    <extensions>
     <gpxtpx:TrackPointExtension>
      <gpxtpx:atemp>31</gpxtpx:atemp>
     </gpxtpx:TrackPointExtension>
    </extensions>
   </trkpt>
   <trkpt lat="48.3383090" lon="15.9602320">
    <ele>228.2</ele>
    <time>2024-06-08T14:18:05Z</time>
    <extensions>
     <gpxtpx:TrackPointExtension>
      <gpxtpx:atemp>31</gpxtpx:atemp>
     </gpxtpx:TrackPointExtension>
    </extensions>
   </trkpt>
   <trkpt lat="48.3382990" lon="15.9599500">
    <ele>228.2</ele>
    <time>2024-06-08T14:18:09Z</time>
    <extensions>
     <gpxtpx:TrackPointExtension>
      <gpxtpx:atemp>30</gpxtpx:atemp>
     </gpxtpx:TrackPointExtension>
    </extensions>
   </trkpt>
   <trkpt lat="48.3382990" lon="15.9597510">
    <ele>228.2</ele>
    <time>2024-06-08T14:18:12Z</time>
    <extensions>
     <gpxtpx:TrackPointExtension>
      <gpxtpx:atemp>31</gpxtpx:atemp>
     </gpxtpx:TrackPointExtension>
    </extensions>
   </trkpt>
   <trkpt lat="48.3382900" lon="15.9591450">
    <ele>228.2</ele>
    <time>2024-06-08T14:18:21Z</time>
    <extensions>
     <gpxtpx:TrackPointExtension>
      <gpxtpx:atemp>30</gpxtpx:atemp>
     </gpxtpx:TrackPointExtension>
    </extensions>
   </trkpt>
   <trkpt lat="48.3382650" lon="15.9585050">
    <ele>228.2</ele>
    <time>2024-06-08T14:18:31Z</time>
    <extensions>
     <gpxtpx:TrackPointExtension>
      <gpxtpx:atemp>31</gpxtpx:atemp>
     </gpxtpx:TrackPointExtension>
    </extensions>
   </trkpt>
   <trkpt lat="48.3382450" lon="15.9581020">
    <ele>228.0</ele>
    <time>2024-06-08T14:18:37Z</time>
    <extensions>
     <gpxtpx:TrackPointExtension>
      <gpxtpx:atemp>31</gpxtpx:atemp>
     </gpxtpx:TrackPointExtension>
    </extensions>
   </trkpt>
   <trkpt lat="48.3382340" lon="15.9577160">
    <ele>228.0</ele>
    <time>2024-06-08T14:18:42Z</time>
    <extensions>
     <gpxtpx:TrackPointExtension>
      <gpxtpx:atemp>31</gpxtpx:atemp>
     </gpxtpx:TrackPointExtension>
    </extensions>
   </trkpt>
   <trkpt lat="48.3382080" lon="15.9569450">
    <ele>228.2</ele>
    <time>2024-06-08T14:18:53Z</time>
    <extensions>
     <gpxtpx:TrackPointExtension>
      <gpxtpx:atemp>31</gpxtpx:atemp>
     </gpxtpx:TrackPointExtension>
    </extensions>
   </trkpt>
   <trkpt lat="48.3382080" lon="15.9564330">
    <ele>228.2</ele>
    <time>2024-06-08T14:19:01Z</time>
    <extensions>
     <gpxtpx:TrackPointExtension>
      <gpxtpx:atemp>31</gpxtpx:atemp>
     </gpxtpx:TrackPointExtension>
    </extensions>
   </trkpt>
   <trkpt lat="48.3381980" lon="15.9561480">
    <ele>228.4</ele>
    <time>2024-06-08T14:19:06Z</time>
    <extensions>
     <gpxtpx:TrackPointExtension>
      <gpxtpx:atemp>31</gpxtpx:atemp>
     </gpxtpx:TrackPointExtension>
    </extensions>
   </trkpt>
   <trkpt lat="48.3381840" lon="15.9560030">
    <ele>228.4</ele>
    <time>2024-06-08T14:19:09Z</time>
    <extensions>
     <gpxtpx:TrackPointExtension>
      <gpxtpx:atemp>31</gpxtpx:atemp>
     </gpxtpx:TrackPointExtension>
    </extensions>
   </trkpt>
   <trkpt lat="48.3381870" lon="15.9557510">
    <ele>228.6</ele>
    <time>2024-06-08T14:19:15Z</time>
    <extensions>
     <gpxtpx:TrackPointExtension>
      <gpxtpx:atemp>31</gpxtpx:atemp>
     </gpxtpx:TrackPointExtension>
    </extensions>
   </trkpt>
   <trkpt lat="48.3381910" lon="15.9555210">
    <ele>228.6</ele>
    <time>2024-06-08T14:19:21Z</time>
    <extensions>
     <gpxtpx:TrackPointExtension>
      <gpxtpx:atemp>31</gpxtpx:atemp>
     </gpxtpx:TrackPointExtension>
    </extensions>
   </trkpt>
   <trkpt lat="48.3381940" lon="15.9552480">
    <ele>228.8</ele>
    <time>2024-06-08T14:19:28Z</time>
    <extensions>
     <gpxtpx:TrackPointExtension>
      <gpxtpx:atemp>31</gpxtpx:atemp>
     </gpxtpx:TrackPointExtension>
    </extensions>
   </trkpt>
   <trkpt lat="48.3381950" lon="15.9551220">
    <ele>228.8</ele>
    <time>2024-06-08T14:19:33Z</time>
    <extensions>
     <gpxtpx:TrackPointExtension>
      <gpxtpx:atemp>31</gpxtpx:atemp>
     </gpxtpx:TrackPointExtension>
    </extensions>
   </trkpt>
   <trkpt lat="48.3382030" lon="15.9551200">
    <ele>228.8</ele>
    <time>2024-06-08T14:19:34Z</time>
    <extensions>
     <gpxtpx:TrackPointExtension>
      <gpxtpx:atemp>31</gpxtpx:atemp>
     </gpxtpx:TrackPointExtension>
    </extensions>
   </trkpt>
   <trkpt lat="48.3382080" lon="15.9551400">
    <ele>229.0</ele>
    <time>2024-06-08T14:19:37Z</time>
    <extensions>
     <gpxtpx:TrackPointExtension>
      <gpxtpx:atemp>31</gpxtpx:atemp>
     </gpxtpx:TrackPointExtension>
    </extensions>
   </trkpt>
   <trkpt lat="48.3382060" lon="15.9551430">
    <ele>229.0</ele>
    <time>2024-06-08T14:19:39Z</time>
    <extensions>
     <gpxtpx:TrackPointExtension>
      <gpxtpx:atemp>31</gpxtpx:atemp>
     </gpxtpx:TrackPointExtension>
    </extensions>
   </trkpt>
   <trkpt lat="48.3382040" lon="15.9552190">
    <ele>228.6</ele>
    <time>2024-06-08T14:20:17Z</time>
    <extensions>
     <gpxtpx:TrackPointExtension>
      <gpxtpx:atemp>31</gpxtpx:atemp>
     </gpxtpx:TrackPointExtension>
    </extensions>
   </trkpt>
   <trkpt lat="48.3382050" lon="15.9552890">
    <ele>228.6</ele>
    <time>2024-06-08T14:20:19Z</time>
    <extensions>
     <gpxtpx:TrackPointExtension>
      <gpxtpx:atemp>31</gpxtpx:atemp>
     </gpxtpx:TrackPointExtension>
    </extensions>
   </trkpt>
   <trkpt lat="48.3382160" lon="15.9555810">
    <ele>228.8</ele>
    <time>2024-06-08T14:20:25Z</time>
    <extensions>
     <gpxtpx:TrackPointExtension>
      <gpxtpx:atemp>31</gpxtpx:atemp>
     </gpxtpx:TrackPointExtension>
    </extensions>
   </trkpt>
   <trkpt lat="48.3382220" lon="15.9561250">
    <ele>228.4</ele>
    <time>2024-06-08T14:20:33Z</time>
    <extensions>
     <gpxtpx:TrackPointExtension>
      <gpxtpx:atemp>31</gpxtpx:atemp>
     </gpxtpx:TrackPointExtension>
    </extensions>
   </trkpt>
   <trkpt lat="48.3382270" lon="15.9567980">
    <ele>228.2</ele>
    <time>2024-06-08T14:20:42Z</time>
    <extensions>
     <gpxtpx:TrackPointExtension>
      <gpxtpx:atemp>31</gpxtpx:atemp>
     </gpxtpx:TrackPointExtension>
    </extensions>
   </trkpt>
   <trkpt lat="48.3382310" lon="15.9568600">
    <ele>228.2</ele>
    <time>2024-06-08T14:20:43Z</time>
    <extensions>
     <gpxtpx:TrackPointExtension>
      <gpxtpx:atemp>31</gpxtpx:atemp>
     </gpxtpx:TrackPointExtension>
    </extensions>
   </trkpt>
   <trkpt lat="48.3382330" lon="15.9569660">
    <ele>228.0</ele>
    <time>2024-06-08T14:20:46Z</time>
    <extensions>
     <gpxtpx:TrackPointExtension>
      <gpxtpx:atemp>31</gpxtpx:atemp>
     </gpxtpx:TrackPointExtension>
    </extensions>
   </trkpt>
   <trkpt lat="48.3382320" lon="15.9569960">
    <ele>228.0</ele>
    <time>2024-06-08T14:20:50Z</time>
    <extensions>
     <gpxtpx:TrackPointExtension>
      <gpxtpx:atemp>31</gpxtpx:atemp>
     </gpxtpx:TrackPointExtension>
    </extensions>
   </trkpt>
   <trkpt lat="48.3382360" lon="15.9570580">
    <ele>228.0</ele>
    <time>2024-06-08T14:20:53Z</time>
    <extensions>
     <gpxtpx:TrackPointExtension>
      <gpxtpx:atemp>31</gpxtpx:atemp>
     </gpxtpx:TrackPointExtension>
    </extensions>
   </trkpt>
   <trkpt lat="48.3382380" lon="15.9572610">
    <ele>228.2</ele>
    <time>2024-06-08T14:20:58Z</time>
    <extensions>
     <gpxtpx:TrackPointExtension>
      <gpxtpx:atemp>31</gpxtpx:atemp>
     </gpxtpx:TrackPointExtension>
    </extensions>
   </trkpt>
   <trkpt lat="48.3382430" lon="15.9575220">
    <ele>228.4</ele>
    <time>2024-06-08T14:21:02Z</time>
    <extensions>
     <gpxtpx:TrackPointExtension>
      <gpxtpx:atemp>31</gpxtpx:atemp>
     </gpxtpx:TrackPointExtension>
    </extensions>
   </trkpt>
   <trkpt lat="48.3382430" lon="15.9575880">
    <ele>228.4</ele>
    <time>2024-06-08T14:21:03Z</time>
    <extensions>
     <gpxtpx:TrackPointExtension>
      <gpxtpx:atemp>31</gpxtpx:atemp>
     </gpxtpx:TrackPointExtension>
    </extensions>
   </trkpt>
   <trkpt lat="48.3382660" lon="15.9584390">
    <ele>228.0</ele>
    <time>2024-06-08T14:21:16Z</time>
    <extensions>
     <gpxtpx:TrackPointExtension>
      <gpxtpx:atemp>31</gpxtpx:atemp>
     </gpxtpx:TrackPointExtension>
    </extensions>
   </trkpt>
   <trkpt lat="48.3382670" lon="15.9586870">
    <ele>228.2</ele>
    <time>2024-06-08T14:21:22Z</time>
    <extensions>
     <gpxtpx:TrackPointExtension>
      <gpxtpx:atemp>31</gpxtpx:atemp>
     </gpxtpx:TrackPointExtension>
    </extensions>
   </trkpt>
   <trkpt lat="48.3382680" lon="15.9589670">
    <ele>228.8</ele>
    <time>2024-06-08T14:21:29Z</time>
    <extensions>
     <gpxtpx:TrackPointExtension>
      <gpxtpx:atemp>31</gpxtpx:atemp>
     </gpxtpx:TrackPointExtension>
    </extensions>
   </trkpt>
   <trkpt lat="48.3382810" lon="15.9594070">
    <ele>228.8</ele>
    <time>2024-06-08T14:21:36Z</time>
    <extensions>
     <gpxtpx:TrackPointExtension>
      <gpxtpx:atemp>31</gpxtpx:atemp>
     </gpxtpx:TrackPointExtension>
    </extensions>
   </trkpt>
   <trkpt lat="48.3382970" lon="15.9600260">
    <ele>228.4</ele>
    <time>2024-06-08T14:21:45Z</time>
    <extensions>
     <gpxtpx:TrackPointExtension>
      <gpxtpx:atemp>31</gpxtpx:atemp>
     </gpxtpx:TrackPointExtension>
    </extensions>
   </trkpt>
   <trkpt lat="48.3383210" lon="15.9607840">
    <ele>228.2</ele>
    <time>2024-06-08T14:21:55Z</time>
    <extensions>
     <gpxtpx:TrackPointExtension>
      <gpxtpx:atemp>31</gpxtpx:atemp>
     </gpxtpx:TrackPointExtension>
    </extensions>
   </trkpt>
   <trkpt lat="48.3383540" lon="15.9614910">
    <ele>228.2</ele>
    <time>2024-06-08T14:22:05Z</time>
    <extensions>
     <gpxtpx:TrackPointExtension>
      <gpxtpx:atemp>31</gpxtpx:atemp>
     </gpxtpx:TrackPointExtension>
    </extensions>
   </trkpt>
   <trkpt lat="48.3383640" lon="15.9623060">
    <ele>228.2</ele>
    <time>2024-06-08T14:22:16Z</time>
    <extensions>
     <gpxtpx:TrackPointExtension>
      <gpxtpx:atemp>31</gpxtpx:atemp>
     </gpxtpx:TrackPointExtension>
    </extensions>
   </trkpt>
   <trkpt lat="48.3383690" lon="15.9623820">
    <ele>228.2</ele>
    <time>2024-06-08T14:22:17Z</time>
    <extensions>
     <gpxtpx:TrackPointExtension>
      <gpxtpx:atemp>31</gpxtpx:atemp>
     </gpxtpx:TrackPointExtension>
    </extensions>
   </trkpt>
   <trkpt lat="48.3383920" lon="15.9631120">
    <ele>228.2</ele>
    <time>2024-06-08T14:22:27Z</time>
    <extensions>
     <gpxtpx:TrackPointExtension>
      <gpxtpx:atemp>31</gpxtpx:atemp>
     </gpxtpx:TrackPointExtension>
    </extensions>
   </trkpt>
   <trkpt lat="48.3384060" lon="15.9636860">
    <ele>228.0</ele>
    <time>2024-06-08T14:22:35Z</time>
    <extensions>
     <gpxtpx:TrackPointExtension>
      <gpxtpx:atemp>31</gpxtpx:atemp>
     </gpxtpx:TrackPointExtension>
    </extensions>
   </trkpt>
   <trkpt lat="48.3384290" lon="15.9644090">
    <ele>228.0</ele>
    <time>2024-06-08T14:22:45Z</time>
    <extensions>
     <gpxtpx:TrackPointExtension>
      <gpxtpx:atemp>31</gpxtpx:atemp>
     </gpxtpx:TrackPointExtension>
    </extensions>
   </trkpt>
   <trkpt lat="48.3384500" lon="15.9650510">
    <ele>228.0</ele>
    <time>2024-06-08T14:22:54Z</time>
    <extensions>
     <gpxtpx:TrackPointExtension>
      <gpxtpx:atemp>31</gpxtpx:atemp>
     </gpxtpx:TrackPointExtension>
    </extensions>
   </trkpt>
   <trkpt lat="48.3384700" lon="15.9657710">
    <ele>228.2</ele>
    <time>2024-06-08T14:23:04Z</time>
    <extensions>
     <gpxtpx:TrackPointExtension>
      <gpxtpx:atemp>31</gpxtpx:atemp>
     </gpxtpx:TrackPointExtension>
    </extensions>
   </trkpt>
   <trkpt lat="48.3384900" lon="15.9664990">
    <ele>228.2</ele>
    <time>2024-06-08T14:23:14Z</time>
    <extensions>
     <gpxtpx:TrackPointExtension>
      <gpxtpx:atemp>31</gpxtpx:atemp>
     </gpxtpx:TrackPointExtension>
    </extensions>
   </trkpt>
   <trkpt lat="48.3385150" lon="15.9672610">
    <ele>228.0</ele>
    <time>2024-06-08T14:23:24Z</time>
    <extensions>
     <gpxtpx:TrackPointExtension>
      <gpxtpx:atemp>31</gpxtpx:atemp>
     </gpxtpx:TrackPointExtension>
    </extensions>
   </trkpt>
   <trkpt lat="48.3385270" lon="15.9674750">
    <ele>228.0</ele>
    <time>2024-06-08T14:23:27Z</time>
    <extensions>
     <gpxtpx:TrackPointExtension>
      <gpxtpx:atemp>31</gpxtpx:atemp>
     </gpxtpx:TrackPointExtension>
    </extensions>
   </trkpt>
   <trkpt lat="48.3385370" lon="15.9677640">
    <ele>227.8</ele>
    <time>2024-06-08T14:23:31Z</time>
    <extensions>
     <gpxtpx:TrackPointExtension>
      <gpxtpx:atemp>31</gpxtpx:atemp>
     </gpxtpx:TrackPointExtension>
    </extensions>
   </trkpt>
   <trkpt lat="48.3385760" lon="15.9684400">
    <ele>227.6</ele>
    <time>2024-06-08T14:23:40Z</time>
    <extensions>
     <gpxtpx:TrackPointExtension>
      <gpxtpx:atemp>31</gpxtpx:atemp>
     </gpxtpx:TrackPointExtension>
    </extensions>
   </trkpt>
   <trkpt lat="48.3386060" lon="15.9692680">
    <ele>227.6</ele>
    <time>2024-06-08T14:23:51Z</time>
    <extensions>
     <gpxtpx:TrackPointExtension>
      <gpxtpx:atemp>31</gpxtpx:atemp>
     </gpxtpx:TrackPointExtension>
    </extensions>
   </trkpt>
   <trkpt lat="48.3386080" lon="15.9693440">
    <ele>227.6</ele>
    <time>2024-06-08T14:23:52Z</time>
    <extensions>
     <gpxtpx:TrackPointExtension>
      <gpxtpx:atemp>31</gpxtpx:atemp>
     </gpxtpx:TrackPointExtension>
    </extensions>
   </trkpt>
   <trkpt lat="48.3386380" lon="15.9700570">
    <ele>228.0</ele>
    <time>2024-06-08T14:24:02Z</time>
    <extensions>
     <gpxtpx:TrackPointExtension>
      <gpxtpx:atemp>31</gpxtpx:atemp>
     </gpxtpx:TrackPointExtension>
    </extensions>
   </trkpt>
   <trkpt lat="48.3386860" lon="15.9707180">
    <ele>228.0</ele>
    <time>2024-06-08T14:24:12Z</time>
    <extensions>
     <gpxtpx:TrackPointExtension>
      <gpxtpx:atemp>31</gpxtpx:atemp>
     </gpxtpx:TrackPointExtension>
    </extensions>
   </trkpt>
   <trkpt lat="48.3387060" lon="15.9710990">
    <ele>227.8</ele>
    <time>2024-06-08T14:24:19Z</time>
    <extensions>
     <gpxtpx:TrackPointExtension>
      <gpxtpx:atemp>31</gpxtpx:atemp>
     </gpxtpx:TrackPointExtension>
    </extensions>
   </trkpt>
   <trkpt lat="48.3387090" lon="15.9712640">
    <ele>228.2</ele>
    <time>2024-06-08T14:24:24Z</time>
    <extensions>
     <gpxtpx:TrackPointExtension>
      <gpxtpx:atemp>31</gpxtpx:atemp>
     </gpxtpx:TrackPointExtension>
    </extensions>
   </trkpt>
   <trkpt lat="48.3387090" lon="15.9712640">
    <ele>228.4</ele>
    <time>2024-06-08T14:24:26Z</time>
    <extensions>
     <gpxtpx:TrackPointExtension>
      <gpxtpx:atemp>31</gpxtpx:atemp>
     </gpxtpx:TrackPointExtension>
    </extensions>
   </trkpt>
   <trkpt lat="48.3386740" lon="15.9712470">
    <ele>228.2</ele>
    <time>2024-06-08T14:24:48Z</time>
    <extensions>
     <gpxtpx:TrackPointExtension>
      <gpxtpx:atemp>31</gpxtpx:atemp>
     </gpxtpx:TrackPointExtension>
    </extensions>
   </trkpt>
   <trkpt lat="48.3386600" lon="15.9712400">
    <ele>228.2</ele>
    <time>2024-06-08T14:24:49Z</time>
    <extensions>
     <gpxtpx:TrackPointExtension>
      <gpxtpx:atemp>32</gpxtpx:atemp>
     </gpxtpx:TrackPointExtension>
    </extensions>
   </trkpt>
   <trkpt lat="48.3385810" lon="15.9712180">
    <ele>228.2</ele>
    <time>2024-06-08T14:24:57Z</time>
    <extensions>
     <gpxtpx:TrackPointExtension>
      <gpxtpx:atemp>32</gpxtpx:atemp>
     </gpxtpx:TrackPointExtension>
    </extensions>
   </trkpt>
   <trkpt lat="48.3385520" lon="15.9712030">
    <ele>229.4</ele>
    <time>2024-06-08T14:25:02Z</time>
    <extensions>
     <gpxtpx:TrackPointExtension>
      <gpxtpx:atemp>32</gpxtpx:atemp>
     </gpxtpx:TrackPointExtension>
    </extensions>
   </trkpt>
   <trkpt lat="48.3385490" lon="15.9711890">
    <ele>230.0</ele>
    <time>2024-06-08T14:25:04Z</time>
    <extensions>
     <gpxtpx:TrackPointExtension>
      <gpxtpx:atemp>32</gpxtpx:atemp>
     </gpxtpx:TrackPointExtension>
    </extensions>
   </trkpt>
   <trkpt lat="48.3385490" lon="15.9711890">
    <ele>230.2</ele>
    <time>2024-06-08T14:25:05Z</time>
    <extensions>
     <gpxtpx:TrackPointExtension>
      <gpxtpx:atemp>32</gpxtpx:atemp>
     </gpxtpx:TrackPointExtension>
    </extensions>
   </trkpt>
   <trkpt lat="48.3385510" lon="15.9711330">
    <ele>231.4</ele>
    <time>2024-06-08T14:25:34Z</time>
    <extensions>
     <gpxtpx:TrackPointExtension>
      <gpxtpx:atemp>32</gpxtpx:atemp>
     </gpxtpx:TrackPointExtension>
    </extensions>
   </trkpt>
   <trkpt lat="48.3385500" lon="15.9710600">
    <ele>231.2</ele>
    <time>2024-06-08T14:25:36Z</time>
    <extensions>
     <gpxtpx:TrackPointExtension>
      <gpxtpx:atemp>32</gpxtpx:atemp>
     </gpxtpx:TrackPointExtension>
    </extensions>
   </trkpt>
   <trkpt lat="48.3385400" lon="15.9707930">
    <ele>231.2</ele>
    <time>2024-06-08T14:25:42Z</time>
    <extensions>
     <gpxtpx:TrackPointExtension>
      <gpxtpx:atemp>32</gpxtpx:atemp>
     </gpxtpx:TrackPointExtension>
    </extensions>
   </trkpt>
   <trkpt lat="48.3385100" lon="15.9706460">
    <ele>231.4</ele>
    <time>2024-06-08T14:25:47Z</time>
    <extensions>
     <gpxtpx:TrackPointExtension>
      <gpxtpx:atemp>32</gpxtpx:atemp>
     </gpxtpx:TrackPointExtension>
    </extensions>
   </trkpt>
   <trkpt lat="48.3384360" lon="15.9702990">
    <ele>231.0</ele>
    <time>2024-06-08T14:25:54Z</time>
    <extensions>
     <gpxtpx:TrackPointExtension>
      <gpxtpx:atemp>32</gpxtpx:atemp>
     </gpxtpx:TrackPointExtension>
    </extensions>
   </trkpt>
   <trkpt lat="48.3384000" lon="15.9700770">
    <ele>230.2</ele>
    <time>2024-06-08T14:25:59Z</time>
    <extensions>
     <gpxtpx:TrackPointExtension>
      <gpxtpx:atemp>32</gpxtpx:atemp>
     </gpxtpx:TrackPointExtension>
    </extensions>
   </trkpt>
   <trkpt lat="48.3383940" lon="15.9700230">
    <ele>229.4</ele>
    <time>2024-06-08T14:26:01Z</time>
    <extensions>
     <gpxtpx:TrackPointExtension>
      <gpxtpx:atemp>32</gpxtpx:atemp>
     </gpxtpx:TrackPointExtension>
    </extensions>
   </trkpt>
   <trkpt lat="48.3383930" lon="15.9700130">
    <ele>229.2</ele>
    <time>2024-06-08T14:26:02Z</time>
    <extensions>
     <gpxtpx:TrackPointExtension>
      <gpxtpx:atemp>32</gpxtpx:atemp>
     </gpxtpx:TrackPointExtension>
    </extensions>
   </trkpt>
   <trkpt lat="48.3383930" lon="15.9700130">
    <ele>229.0</ele>
    <time>2024-06-08T14:26:04Z</time>
    <extensions>
     <gpxtpx:TrackPointExtension>
      <gpxtpx:atemp>32</gpxtpx:atemp>
     </gpxtpx:TrackPointExtension>
    </extensions>
   </trkpt>
   <trkpt lat="48.3383820" lon="15.9699220">
    <ele>228.8</ele>
    <time>2024-06-08T14:27:23Z</time>
    <extensions>
     <gpxtpx:TrackPointExtension>
      <gpxtpx:atemp>33</gpxtpx:atemp>
     </gpxtpx:TrackPointExtension>
    </extensions>
   </trkpt>
   <trkpt lat="48.3383740" lon="15.9697020">
    <ele>229.0</ele>
    <time>2024-06-08T14:27:28Z</time>
    <extensions>
     <gpxtpx:TrackPointExtension>
      <gpxtpx:atemp>33</gpxtpx:atemp>
     </gpxtpx:TrackPointExtension>
    </extensions>
   </trkpt>
   <trkpt lat="48.3383180" lon="15.9693440">
    <ele>229.2</ele>
    <time>2024-06-08T14:27:36Z</time>
    <extensions>
     <gpxtpx:TrackPointExtension>
      <gpxtpx:atemp>33</gpxtpx:atemp>
     </gpxtpx:TrackPointExtension>
    </extensions>
   </trkpt>
   <trkpt lat="48.3382640" lon="15.9692370">
    <ele>229.4</ele>
    <time>2024-06-08T14:27:41Z</time>
    <extensions>
     <gpxtpx:TrackPointExtension>
      <gpxtpx:atemp>33</gpxtpx:atemp>
     </gpxtpx:TrackPointExtension>
    </extensions>
   </trkpt>
   <trkpt lat="48.3382270" lon="15.9691880">
    <ele>229.4</ele>
    <time>2024-06-08T14:27:46Z</time>
    <extensions>
     <gpxtpx:TrackPointExtension>
      <gpxtpx:atemp>33</gpxtpx:atemp>
     </gpxtpx:TrackPointExtension>
    </extensions>
   </trkpt>
   <trkpt lat="48.3381760" lon="15.9691670">
    <ele>229.2</ele>
    <time>2024-06-08T14:28:22Z</time>
    <extensions>
     <gpxtpx:TrackPointExtension>
      <gpxtpx:atemp>33</gpxtpx:atemp>
     </gpxtpx:TrackPointExtension>
    </extensions>
   </trkpt>
   <trkpt lat="48.3381260" lon="15.9691630">
    <ele>229.2</ele>
    <time>2024-06-08T14:28:24Z</time>
    <extensions>
     <gpxtpx:TrackPointExtension>
      <gpxtpx:atemp>33</gpxtpx:atemp>
     </gpxtpx:TrackPointExtension>
    </extensions>
   </trkpt>
   <trkpt lat="48.3379900" lon="15.9692000">
    <ele>229.0</ele>
    <time>2024-06-08T14:28:29Z</time>
    <extensions>
     <gpxtpx:TrackPointExtension>
      <gpxtpx:atemp>33</gpxtpx:atemp>
     </gpxtpx:TrackPointExtension>
    </extensions>
   </trkpt>
   <trkpt lat="48.3378950" lon="15.9693080">
    <ele>228.8</ele>
    <time>2024-06-08T14:28:32Z</time>
    <extensions>
     <gpxtpx:TrackPointExtension>
      <gpxtpx:atemp>33</gpxtpx:atemp>
     </gpxtpx:TrackPointExtension>
    </extensions>
   </trkpt>
   <trkpt lat="48.3378380" lon="15.9694100">
    <ele>228.6</ele>
    <time>2024-06-08T14:28:34Z</time>
    <extensions>
     <gpxtpx:TrackPointExtension>
      <gpxtpx:atemp>33</gpxtpx:atemp>
     </gpxtpx:TrackPointExtension>
    </extensions>
   </trkpt>
   <trkpt lat="48.3377090" lon="15.9696850">
    <ele>228.2</ele>
    <time>2024-06-08T14:28:40Z</time>
    <extensions>
     <gpxtpx:TrackPointExtension>
      <gpxtpx:atemp>33</gpxtpx:atemp>
     </gpxtpx:TrackPointExtension>
    </extensions>
   </trkpt>
   <trkpt lat="48.3376250" lon="15.9697620">
    <ele>228.2</ele>
    <time>2024-06-08T14:28:43Z</time>
    <extensions>
     <gpxtpx:TrackPointExtension>
      <gpxtpx:atemp>33</gpxtpx:atemp>
     </gpxtpx:TrackPointExtension>
    </extensions>
   </trkpt>
   <trkpt lat="48.3375900" lon="15.9697740">
    <ele>228.2</ele>
    <time>2024-06-08T14:28:44Z</time>
    <extensions>
     <gpxtpx:TrackPointExtension>
      <gpxtpx:atemp>34</gpxtpx:atemp>
     </gpxtpx:TrackPointExtension>
    </extensions>
   </trkpt>
   <trkpt lat="48.3373350" lon="15.9698120">
    <ele>228.0</ele>
    <time>2024-06-08T14:28:50Z</time>
    <extensions>
     <gpxtpx:TrackPointExtension>
      <gpxtpx:atemp>33</gpxtpx:atemp>
     </gpxtpx:TrackPointExtension>
    </extensions>
   </trkpt>
   <trkpt lat="48.3372910" lon="15.9698220">
    <ele>228.0</ele>
    <time>2024-06-08T14:28:51Z</time>
    <extensions>
     <gpxtpx:TrackPointExtension>
      <gpxtpx:atemp>34</gpxtpx:atemp>
     </gpxtpx:TrackPointExtension>
    </extensions>
   </trkpt>
   <trkpt lat="48.3370420" lon="15.9698960">
    <ele>228.0</ele>
    <time>2024-06-08T14:28:56Z</time>
    <extensions>
     <gpxtpx:TrackPointExtension>
      <gpxtpx:atemp>34</gpxtpx:atemp>
     </gpxtpx:TrackPointExtension>
    </extensions>
   </trkpt>
   <trkpt lat="48.3367210" lon="15.9699530">
    <ele>228.0</ele>
    <time>2024-06-08T14:29:03Z</time>
    <extensions>
     <gpxtpx:TrackPointExtension>
      <gpxtpx:atemp>34</gpxtpx:atemp>
     </gpxtpx:TrackPointExtension>
    </extensions>
   </trkpt>
   <trkpt lat="48.3363620" lon="15.9700510">
    <ele>227.8</ele>
    <time>2024-06-08T14:29:11Z</time>
    <extensions>
     <gpxtpx:TrackPointExtension>
      <gpxtpx:atemp>33</gpxtpx:atemp>
     </gpxtpx:TrackPointExtension>
    </extensions>
   </trkpt>
   <trkpt lat="48.3361280" lon="15.9701010">
    <ele>228.0</ele>
    <time>2024-06-08T14:29:16Z</time>
    <extensions>
     <gpxtpx:TrackPointExtension>
      <gpxtpx:atemp>33</gpxtpx:atemp>
     </gpxtpx:TrackPointExtension>
    </extensions>
   </trkpt>
   <trkpt lat="48.3360520" lon="15.9700900">
    <ele>228.0</ele>
    <time>2024-06-08T14:29:18Z</time>
    <extensions>
     <gpxtpx:TrackPointExtension>
      <gpxtpx:atemp>33</gpxtpx:atemp>
     </gpxtpx:TrackPointExtension>
    </extensions>
   </trkpt>
   <trkpt lat="48.3359840" lon="15.9700280">
    <ele>228.2</ele>
    <time>2024-06-08T14:29:22Z</time>
    <extensions>
     <gpxtpx:TrackPointExtension>
      <gpxtpx:atemp>33</gpxtpx:atemp>
     </gpxtpx:TrackPointExtension>
    </extensions>
   </trkpt>
   <trkpt lat="48.3359840" lon="15.9700280">
    <ele>228.2</ele>
    <time>2024-06-08T14:29:24Z</time>
    <extensions>
     <gpxtpx:TrackPointExtension>
      <gpxtpx:atemp>33</gpxtpx:atemp>
     </gpxtpx:TrackPointExtension>
    </extensions>
   </trkpt>
   <trkpt lat="48.3359680" lon="15.9699470">
    <ele>228.6</ele>
    <time>2024-06-08T14:29:39Z</time>
    <extensions>
     <gpxtpx:TrackPointExtension>
      <gpxtpx:atemp>33</gpxtpx:atemp>
     </gpxtpx:TrackPointExtension>
    </extensions>
   </trkpt>
   <trkpt lat="48.3359660" lon="15.9699080">
    <ele>228.6</ele>
    <time>2024-06-08T14:29:40Z</time>
    <extensions>
     <gpxtpx:TrackPointExtension>
      <gpxtpx:atemp>33</gpxtpx:atemp>
     </gpxtpx:TrackPointExtension>
    </extensions>
   </trkpt>
   <trkpt lat="48.3359940" lon="15.9697010">
    <ele>228.6</ele>
    <time>2024-06-08T14:29:44Z</time>
    <extensions>
     <gpxtpx:TrackPointExtension>
      <gpxtpx:atemp>34</gpxtpx:atemp>
     </gpxtpx:TrackPointExtension>
    </extensions>
   </trkpt>
   <trkpt lat="48.3359970" lon="15.9696390">
    <ele>228.8</ele>
    <time>2024-06-08T14:29:45Z</time>
    <extensions>
     <gpxtpx:TrackPointExtension>
      <gpxtpx:atemp>33</gpxtpx:atemp>
     </gpxtpx:TrackPointExtension>
    </extensions>
   </trkpt>
   <trkpt lat="48.3360300" lon="15.9694410">
    <ele>228.8</ele>
    <time>2024-06-08T14:29:49Z</time>
    <extensions>
     <gpxtpx:TrackPointExtension>
      <gpxtpx:atemp>33</gpxtpx:atemp>
     </gpxtpx:TrackPointExtension>
    </extensions>
   </trkpt>
   <trkpt lat="48.3360610" lon="15.9691680">
    <ele>228.6</ele>
    <time>2024-06-08T14:29:55Z</time>
    <extensions>
     <gpxtpx:TrackPointExtension>
      <gpxtpx:atemp>33</gpxtpx:atemp>
     </gpxtpx:TrackPointExtension>
    </extensions>
   </trkpt>
   <trkpt lat="48.3361030" lon="15.9688580">
    <ele>228.6</ele>
    <time>2024-06-08T14:30:01Z</time>
    <extensions>
     <gpxtpx:TrackPointExtension>
      <gpxtpx:atemp>33</gpxtpx:atemp>
     </gpxtpx:TrackPointExtension>
    </extensions>
   </trkpt>
   <trkpt lat="48.3360920" lon="15.9684940">
    <ele>228.4</ele>
    <time>2024-06-08T14:30:07Z</time>
    <extensions>
     <gpxtpx:TrackPointExtension>
      <gpxtpx:atemp>33</gpxtpx:atemp>
     </gpxtpx:TrackPointExtension>
    </extensions>
   </trkpt>
   <trkpt lat="48.3360650" lon="15.9682120">
    <ele>228.4</ele>
    <time>2024-06-08T14:30:12Z</time>
    <extensions>
     <gpxtpx:TrackPointExtension>
      <gpxtpx:atemp>33</gpxtpx:atemp>
     </gpxtpx:TrackPointExtension>
    </extensions>
   </trkpt>
   <trkpt lat="48.3358830" lon="15.9680100">
    <ele>228.4</ele>
    <time>2024-06-08T14:30:15Z</time>
    <extensions>
     <gpxtpx:TrackPointExtension>
      <gpxtpx:atemp>33</gpxtpx:atemp>
     </gpxtpx:TrackPointExtension>
    </extensions>
   </trkpt>
   <trkpt lat="48.3356910" lon="15.9680040">
    <ele>228.2</ele>
    <time>2024-06-08T14:30:20Z</time>
    <extensions>
     <gpxtpx:TrackPointExtension>
      <gpxtpx:atemp>33</gpxtpx:atemp>
     </gpxtpx:TrackPointExtension>
    </extensions>
   </trkpt>
   <trkpt lat="48.3353550" lon="15.9679670">
    <ele>227.6</ele>
    <time>2024-06-08T14:30:26Z</time>
    <extensions>
     <gpxtpx:TrackPointExtension>
      <gpxtpx:atemp>33</gpxtpx:atemp>
     </gpxtpx:TrackPointExtension>
    </extensions>
   </trkpt>
   <trkpt lat="48.3352920" lon="15.9679820">
    <ele>227.6</ele>
    <time>2024-06-08T14:30:28Z</time>
    <extensions>
     <gpxtpx:TrackPointExtension>
      <gpxtpx:atemp>33</gpxtpx:atemp>
     </gpxtpx:TrackPointExtension>
    </extensions>
   </trkpt>
   <trkpt lat="48.3351750" lon="15.9679700">
    <ele>227.6</ele>
    <time>2024-06-08T14:30:31Z</time>
    <extensions>
     <gpxtpx:TrackPointExtension>
      <gpxtpx:atemp>33</gpxtpx:atemp>
     </gpxtpx:TrackPointExtension>
    </extensions>
   </trkpt>
   <trkpt lat="48.3350470" lon="15.9679780">
    <ele>227.6</ele>
    <time>2024-06-08T14:30:34Z</time>
    <extensions>
     <gpxtpx:TrackPointExtension>
      <gpxtpx:atemp>33</gpxtpx:atemp>
     </gpxtpx:TrackPointExtension>
    </extensions>
   </trkpt>
   <trkpt lat="48.3349390" lon="15.9680020">
    <ele>227.6</ele>
    <time>2024-06-08T14:30:37Z</time>
    <extensions>
     <gpxtpx:TrackPointExtension>
      <gpxtpx:atemp>33</gpxtpx:atemp>
     </gpxtpx:TrackPointExtension>
    </extensions>
   </trkpt>
   <trkpt lat="48.3348030" lon="15.9680610">
    <ele>227.8</ele>
    <time>2024-06-08T14:30:41Z</time>
    <extensions>
     <gpxtpx:TrackPointExtension>
      <gpxtpx:atemp>32</gpxtpx:atemp>
     </gpxtpx:TrackPointExtension>
    </extensions>
   </trkpt>
   <trkpt lat="48.3345430" lon="15.9682320">
    <ele>228.2</ele>
    <time>2024-06-08T14:30:47Z</time>
    <extensions>
     <gpxtpx:TrackPointExtension>
      <gpxtpx:atemp>32</gpxtpx:atemp>
     </gpxtpx:TrackPointExtension>
    </extensions>
   </trkpt>
   <trkpt lat="48.3344940" lon="15.9685520">
    <ele>228.8</ele>
    <time>2024-06-08T14:30:53Z</time>
    <extensions>
     <gpxtpx:TrackPointExtension>
      <gpxtpx:atemp>32</gpxtpx:atemp>
     </gpxtpx:TrackPointExtension>
    </extensions>
   </trkpt>
   <trkpt lat="48.3344880" lon="15.9685950">
    <ele>229.0</ele>
    <time>2024-06-08T14:30:54Z</time>
    <extensions>
     <gpxtpx:TrackPointExtension>
      <gpxtpx:atemp>32</gpxtpx:atemp>
     </gpxtpx:TrackPointExtension>
    </extensions>
   </trkpt>
   <trkpt lat="48.3344800" lon="15.9686440">
    <ele>229.2</ele>
    <time>2024-06-08T14:30:55Z</time>
    <extensions>
     <gpxtpx:TrackPointExtension>
      <gpxtpx:atemp>32</gpxtpx:atemp>
     </gpxtpx:TrackPointExtension>
    </extensions>
   </trkpt>
   <trkpt lat="48.3344610" lon="15.9688400">
    <ele>229.6</ele>
    <time>2024-06-08T14:30:59Z</time>
    <extensions>
     <gpxtpx:TrackPointExtension>
      <gpxtpx:atemp>32</gpxtpx:atemp>
     </gpxtpx:TrackPointExtension>
    </extensions>
   </trkpt>
   <trkpt lat="48.3344030" lon="15.9691590">
    <ele>229.8</ele>
    <time>2024-06-08T14:31:05Z</time>
    <extensions>
     <gpxtpx:TrackPointExtension>
      <gpxtpx:atemp>32</gpxtpx:atemp>
     </gpxtpx:TrackPointExtension>
    </extensions>
   </trkpt>
   <trkpt lat="48.3342910" lon="15.9693170">
    <ele>230.0</ele>
    <time>2024-06-08T14:31:10Z</time>
    <extensions>
     <gpxtpx:TrackPointExtension>
      <gpxtpx:atemp>32</gpxtpx:atemp>
     </gpxtpx:TrackPointExtension>
    </extensions>
   </trkpt>
   <trkpt lat="48.3342580" lon="15.9693380">
    <ele>229.8</ele>
    <time>2024-06-08T14:31:11Z</time>
    <extensions>
     <gpxtpx:TrackPointExtension>
      <gpxtpx:atemp>32</gpxtpx:atemp>
     </gpxtpx:TrackPointExtension>
    </extensions>
   </trkpt>
   <trkpt lat="48.3340980" lon="15.9693920">
    <ele>230.0</ele>
    <time>2024-06-08T14:31:15Z</time>
    <extensions>
     <gpxtpx:TrackPointExtension>
      <gpxtpx:atemp>32</gpxtpx:atemp>
     </gpxtpx:TrackPointExtension>
    </extensions>
   </trkpt>
   <trkpt lat="48.3339540" lon="15.9694450">
    <ele>229.6</ele>
    <time>2024-06-08T14:31:19Z</time>
    <extensions>
     <gpxtpx:TrackPointExtension>
      <gpxtpx:atemp>32</gpxtpx:atemp>
     </gpxtpx:TrackPointExtension>
    </extensions>
   </trkpt>
   <trkpt lat="48.3339190" lon="15.9694590">
    <ele>229.4</ele>
    <time>2024-06-08T14:31:20Z</time>
    <extensions>
     <gpxtpx:TrackPointExtension>
      <gpxtpx:atemp>32</gpxtpx:atemp>
     </gpxtpx:TrackPointExtension>
    </extensions>
   </trkpt>
   <trkpt lat="48.3337800" lon="15.9695560">
    <ele>229.2</ele>
    <time>2024-06-08T14:31:24Z</time>
    <extensions>
     <gpxtpx:TrackPointExtension>
      <gpxtpx:atemp>32</gpxtpx:atemp>
     </gpxtpx:TrackPointExtension>
    </extensions>
   </trkpt>
   <trkpt lat="48.3335290" lon="15.9696380">
    <ele>229.2</ele>
    <time>2024-06-08T14:31:29Z</time>
    <extensions>
     <gpxtpx:TrackPointExtension>
      <gpxtpx:atemp>31</gpxtpx:atemp>
     </gpxtpx:TrackPointExtension>
    </extensions>
   </trkpt>
   <trkpt lat="48.3332430" lon="15.9697390">
    <ele>228.8</ele>
    <time>2024-06-08T14:31:35Z</time>
    <extensions>
     <gpxtpx:TrackPointExtension>
      <gpxtpx:atemp>31</gpxtpx:atemp>
     </gpxtpx:TrackPointExtension>
    </extensions>
   </trkpt>
   <trkpt lat="48.3328770" lon="15.9697750">
    <ele>228.8</ele>
    <time>2024-06-08T14:31:42Z</time>
    <extensions>
     <gpxtpx:TrackPointExtension>
      <gpxtpx:atemp>31</gpxtpx:atemp>
     </gpxtpx:TrackPointExtension>
    </extensions>
   </trkpt>
   <trkpt lat="48.3327800" lon="15.9697860">
    <ele>228.8</ele>
    <time>2024-06-08T14:31:44Z</time>
    <extensions>
     <gpxtpx:TrackPointExtension>
      <gpxtpx:atemp>31</gpxtpx:atemp>
     </gpxtpx:TrackPointExtension>
    </extensions>
   </trkpt>
   <trkpt lat="48.3327300" lon="15.9697990">
    <ele>228.6</ele>
    <time>2024-06-08T14:31:45Z</time>
    <extensions>
     <gpxtpx:TrackPointExtension>
      <gpxtpx:atemp>31</gpxtpx:atemp>
     </gpxtpx:TrackPointExtension>
    </extensions>
   </trkpt>
   <trkpt lat="48.3326020" lon="15.9698470">
    <ele>228.6</ele>
    <time>2024-06-08T14:31:48Z</time>
    <extensions>
     <gpxtpx:TrackPointExtension>
      <gpxtpx:atemp>31</gpxtpx:atemp>
     </gpxtpx:TrackPointExtension>
    </extensions>
   </trkpt>
   <trkpt lat="48.3325590" lon="15.9698620">
    <ele>228.6</ele>
    <time>2024-06-08T14:31:49Z</time>
    <extensions>
     <gpxtpx:TrackPointExtension>
      <gpxtpx:atemp>31</gpxtpx:atemp>
     </gpxtpx:TrackPointExtension>
    </extensions>
   </trkpt>
   <trkpt lat="48.3324130" lon="15.9699510">
    <ele>228.8</ele>
    <time>2024-06-08T14:31:53Z</time>
    <extensions>
     <gpxtpx:TrackPointExtension>
      <gpxtpx:atemp>31</gpxtpx:atemp>
     </gpxtpx:TrackPointExtension>
    </extensions>
   </trkpt>
   <trkpt lat="48.3322380" lon="15.9702150">
    <ele>229.2</ele>
    <time>2024-06-08T14:31:59Z</time>
    <extensions>
     <gpxtpx:TrackPointExtension>
      <gpxtpx:atemp>31</gpxtpx:atemp>
     </gpxtpx:TrackPointExtension>
    </extensions>
   </trkpt>
   <trkpt lat="48.3322090" lon="15.9705120">
    <ele>229.4</ele>
    <time>2024-06-08T14:32:04Z</time>
    <extensions>
     <gpxtpx:TrackPointExtension>
      <gpxtpx:atemp>31</gpxtpx:atemp>
     </gpxtpx:TrackPointExtension>
    </extensions>
   </trkpt>
   <trkpt lat="48.3322670" lon="15.9707670">
    <ele>229.6</ele>
    <time>2024-06-08T14:32:08Z</time>
    <extensions>
     <gpxtpx:TrackPointExtension>
      <gpxtpx:atemp>31</gpxtpx:atemp>
     </gpxtpx:TrackPointExtension>
    </extensions>
   </trkpt>
   <trkpt lat="48.3324130" lon="15.9712900">
    <ele>229.6</ele>
    <time>2024-06-08T14:32:16Z</time>
    <extensions>
     <gpxtpx:TrackPointExtension>
      <gpxtpx:atemp>31</gpxtpx:atemp>
     </gpxtpx:TrackPointExtension>
    </extensions>
   </trkpt>
   <trkpt lat="48.3324490" lon="15.9714160">
    <ele>229.6</ele>
    <time>2024-06-08T14:32:18Z</time>
    <extensions>
     <gpxtpx:TrackPointExtension>
      <gpxtpx:atemp>31</gpxtpx:atemp>
     </gpxtpx:TrackPointExtension>
    </extensions>
   </trkpt>
   <trkpt lat="48.3324670" lon="15.9714860">
    <ele>229.6</ele>
    <time>2024-06-08T14:32:19Z</time>
    <extensions>
     <gpxtpx:TrackPointExtension>
      <gpxtpx:atemp>31</gpxtpx:atemp>
     </gpxtpx:TrackPointExtension>
    </extensions>
   </trkpt>
   <trkpt lat="48.3325300" lon="15.9717590">
    <ele>229.4</ele>
    <time>2024-06-08T14:32:23Z</time>
    <extensions>
     <gpxtpx:TrackPointExtension>
      <gpxtpx:atemp>31</gpxtpx:atemp>
     </gpxtpx:TrackPointExtension>
    </extensions>
   </trkpt>
   <trkpt lat="48.3325430" lon="15.9718300">
    <ele>229.4</ele>
    <time>2024-06-08T14:32:24Z</time>
    <extensions>
     <gpxtpx:TrackPointExtension>
      <gpxtpx:atemp>31</gpxtpx:atemp>
     </gpxtpx:TrackPointExtension>
    </extensions>
   </trkpt>
   <trkpt lat="48.3325860" lon="15.9721270">
    <ele>229.4</ele>
    <time>2024-06-08T14:32:29Z</time>
    <extensions>
     <gpxtpx:TrackPointExtension>
      <gpxtpx:atemp>30</gpxtpx:atemp>
     </gpxtpx:TrackPointExtension>
    </extensions>
   </trkpt>
   <trkpt lat="48.3325440" lon="15.9722660">
    <ele>229.4</ele>
    <time>2024-06-08T14:32:33Z</time>
    <extensions>
     <gpxtpx:TrackPointExtension>
      <gpxtpx:atemp>30</gpxtpx:atemp>
     </gpxtpx:TrackPointExtension>
    </extensions>
   </trkpt>
   <trkpt lat="48.3324110" lon="15.9723970">
    <ele>229.4</ele>
    <time>2024-06-08T14:32:38Z</time>
    <extensions>
     <gpxtpx:TrackPointExtension>
      <gpxtpx:atemp>30</gpxtpx:atemp>
     </gpxtpx:TrackPointExtension>
    </extensions>
   </trkpt>
   <trkpt lat="48.3322450" lon="15.9725950">
    <ele>229.4</ele>
    <time>2024-06-08T14:32:43Z</time>
    <extensions>
     <gpxtpx:TrackPointExtension>
      <gpxtpx:atemp>30</gpxtpx:atemp>
     </gpxtpx:TrackPointExtension>
    </extensions>
   </trkpt>
   <trkpt lat="48.3321610" lon="15.9728620">
    <ele>229.0</ele>
    <time>2024-06-08T14:32:47Z</time>
    <extensions>
     <gpxtpx:TrackPointExtension>
      <gpxtpx:atemp>30</gpxtpx:atemp>
     </gpxtpx:TrackPointExtension>
    </extensions>
   </trkpt>
   <trkpt lat="48.3321620" lon="15.9729330">
    <ele>228.8</ele>
    <time>2024-06-08T14:32:48Z</time>
    <extensions>
     <gpxtpx:TrackPointExtension>
      <gpxtpx:atemp>30</gpxtpx:atemp>
     </gpxtpx:TrackPointExtension>
    </extensions>
   </trkpt>
   <trkpt lat="48.3321830" lon="15.9730860">
    <ele>228.4</ele>
    <time>2024-06-08T14:32:50Z</time>
    <extensions>
     <gpxtpx:TrackPointExtension>
      <gpxtpx:atemp>30</gpxtpx:atemp>
     </gpxtpx:TrackPointExtension>
    </extensions>
   </trkpt>
   <trkpt lat="48.3321890" lon="15.9732420">
    <ele>228.4</ele>
    <time>2024-06-08T14:32:53Z</time>
    <extensions>
     <gpxtpx:TrackPointExtension>
      <gpxtpx:atemp>30</gpxtpx:atemp>
     </gpxtpx:TrackPointExtension>
    </extensions>
   </trkpt>
   <trkpt lat="48.3321700" lon="15.9732700">
    <ele>228.4</ele>
    <time>2024-06-08T14:32:54Z</time>
    <extensions>
     <gpxtpx:TrackPointExtension>
      <gpxtpx:atemp>30</gpxtpx:atemp>
     </gpxtpx:TrackPointExtension>
    </extensions>
   </trkpt>
   <trkpt lat="48.3320570" lon="15.9734090">
    <ele>228.4</ele>
    <time>2024-06-08T14:32:58Z</time>
    <extensions>
     <gpxtpx:TrackPointExtension>
      <gpxtpx:atemp>30</gpxtpx:atemp>
     </gpxtpx:TrackPointExtension>
    </extensions>
   </trkpt>
   <trkpt lat="48.3319550" lon="15.9734520">
    <ele>228.2</ele>
    <time>2024-06-08T14:33:01Z</time>
    <extensions>
     <gpxtpx:TrackPointExtension>
      <gpxtpx:atemp>30</gpxtpx:atemp>
     </gpxtpx:TrackPointExtension>
    </extensions>
   </trkpt>
   <trkpt lat="48.3319180" lon="15.9734400">
    <ele>228.2</ele>
    <time>2024-06-08T14:33:02Z</time>
    <extensions>
     <gpxtpx:TrackPointExtension>
      <gpxtpx:atemp>30</gpxtpx:atemp>
     </gpxtpx:TrackPointExtension>
    </extensions>
   </trkpt>
   <trkpt lat="48.3317790" lon="15.9733930">
    <ele>228.0</ele>
    <time>2024-06-08T14:33:07Z</time>
    <extensions>
     <gpxtpx:TrackPointExtension>
      <gpxtpx:atemp>30</gpxtpx:atemp>
     </gpxtpx:TrackPointExtension>
    </extensions>
   </trkpt>
   <trkpt lat="48.3316210" lon="15.9735720">
    <ele>228.0</ele>
    <time>2024-06-08T14:33:12Z</time>
    <extensions>
     <gpxtpx:TrackPointExtension>
      <gpxtpx:atemp>30</gpxtpx:atemp>
     </gpxtpx:TrackPointExtension>
    </extensions>
   </trkpt>
   <trkpt lat="48.3314550" lon="15.9738020">
    <ele>228.0</ele>
    <time>2024-06-08T14:33:17Z</time>
    <extensions>
     <gpxtpx:TrackPointExtension>
      <gpxtpx:atemp>30</gpxtpx:atemp>
     </gpxtpx:TrackPointExtension>
    </extensions>
   </trkpt>
   <trkpt lat="48.3314270" lon="15.9738240">
    <ele>228.0</ele>
    <time>2024-06-08T14:33:18Z</time>
    <extensions>
     <gpxtpx:TrackPointExtension>
      <gpxtpx:atemp>30</gpxtpx:atemp>
     </gpxtpx:TrackPointExtension>
    </extensions>
   </trkpt>
   <trkpt lat="48.3314040" lon="15.9738270">
    <ele>228.0</ele>
    <time>2024-06-08T14:33:19Z</time>
    <extensions>
     <gpxtpx:TrackPointExtension>
      <gpxtpx:atemp>30</gpxtpx:atemp>
     </gpxtpx:TrackPointExtension>
    </extensions>
   </trkpt>
   <trkpt lat="48.3313780" lon="15.9737810">
    <ele>228.0</ele>
    <time>2024-06-08T14:33:21Z</time>
    <extensions>
     <gpxtpx:TrackPointExtension>
      <gpxtpx:atemp>30</gpxtpx:atemp>
     </gpxtpx:TrackPointExtension>
    </extensions>
   </trkpt>
   <trkpt lat="48.3313770" lon="15.9737670">
    <ele>228.0</ele>
    <time>2024-06-08T14:33:24Z</time>
    <extensions>
     <gpxtpx:TrackPointExtension>
      <gpxtpx:atemp>30</gpxtpx:atemp>
     </gpxtpx:TrackPointExtension>
    </extensions>
   </trkpt>
   <trkpt lat="48.3313910" lon="15.9736500">
    <ele>229.0</ele>
    <time>2024-06-08T14:34:13Z</time>
    <extensions>
     <gpxtpx:TrackPointExtension>
      <gpxtpx:atemp>30</gpxtpx:atemp>
     </gpxtpx:TrackPointExtension>
    </extensions>
   </trkpt>
   <trkpt lat="48.3313900" lon="15.9734850">
    <ele>229.0</ele>
    <time>2024-06-08T14:34:18Z</time>
    <extensions>
     <gpxtpx:TrackPointExtension>
      <gpxtpx:atemp>30</gpxtpx:atemp>
     </gpxtpx:TrackPointExtension>
    </extensions>
   </trkpt>
   <trkpt lat="48.3313750" lon="15.9734470">
    <ele>229.0</ele>
    <time>2024-06-08T14:34:19Z</time>
    <extensions>
     <gpxtpx:TrackPointExtension>
      <gpxtpx:atemp>30</gpxtpx:atemp>
     </gpxtpx:TrackPointExtension>
    </extensions>
   </trkpt>
   <trkpt lat="48.3312510" lon="15.9733150">
    <ele>229.0</ele>
    <time>2024-06-08T14:34:23Z</time>
    <extensions>
     <gpxtpx:TrackPointExtension>
      <gpxtpx:atemp>30</gpxtpx:atemp>
     </gpxtpx:TrackPointExtension>
    </extensions>
   </trkpt>
   <trkpt lat="48.3309550" lon="15.9731330">
    <ele>229.0</ele>
    <time>2024-06-08T14:34:30Z</time>
    <extensions>
     <gpxtpx:TrackPointExtension>
      <gpxtpx:atemp>30</gpxtpx:atemp>
     </gpxtpx:TrackPointExtension>
    </extensions>
   </trkpt>
   <trkpt lat="48.3305940" lon="15.9729620">
    <ele>228.8</ele>
    <time>2024-06-08T14:34:39Z</time>
    <extensions>
     <gpxtpx:TrackPointExtension>
      <gpxtpx:atemp>30</gpxtpx:atemp>
     </gpxtpx:TrackPointExtension>
    </extensions>
   </trkpt>
   <trkpt lat="48.3302080" lon="15.9728010">
    <ele>229.0</ele>
    <time>2024-06-08T14:34:49Z</time>
    <extensions>
     <gpxtpx:TrackPointExtension>
      <gpxtpx:atemp>30</gpxtpx:atemp>
     </gpxtpx:TrackPointExtension>
    </extensions>
   </trkpt>
   <trkpt lat="48.3299920" lon="15.9726860">
    <ele>229.4</ele>
    <time>2024-06-08T14:34:55Z</time>
    <extensions>
     <gpxtpx:TrackPointExtension>
      <gpxtpx:atemp>30</gpxtpx:atemp>
     </gpxtpx:TrackPointExtension>
    </extensions>
   </trkpt>
   <trkpt lat="48.3296980" lon="15.9724870">
    <ele>229.4</ele>
    <time>2024-06-08T14:35:03Z</time>
    <extensions>
     <gpxtpx:TrackPointExtension>
      <gpxtpx:atemp>30</gpxtpx:atemp>
     </gpxtpx:TrackPointExtension>
    </extensions>
   </trkpt>
   <trkpt lat="48.3295520" lon="15.9724020">
    <ele>229.6</ele>
    <time>2024-06-08T14:35:07Z</time>
    <extensions>
     <gpxtpx:TrackPointExtension>
      <gpxtpx:atemp>30</gpxtpx:atemp>
     </gpxtpx:TrackPointExtension>
    </extensions>
   </trkpt>
   <trkpt lat="48.3294420" lon="15.9723580">
    <ele>230.0</ele>
    <time>2024-06-08T14:35:10Z</time>
    <extensions>
     <gpxtpx:TrackPointExtension>
      <gpxtpx:atemp>30</gpxtpx:atemp>
     </gpxtpx:TrackPointExtension>
    </extensions>
   </trkpt>
   <trkpt lat="48.3291720" lon="15.9722020">
    <ele>230.4</ele>
    <time>2024-06-08T14:35:18Z</time>
    <extensions>
     <gpxtpx:TrackPointExtension>
      <gpxtpx:atemp>31</gpxtpx:atemp>
     </gpxtpx:TrackPointExtension>
    </extensions>
   </trkpt>
   <trkpt lat="48.3291430" lon="15.9721150">
    <ele>230.2</ele>
    <time>2024-06-08T14:35:20Z</time>
    <extensions>
     <gpxtpx:TrackPointExtension>
      <gpxtpx:atemp>31</gpxtpx:atemp>
     </gpxtpx:TrackPointExtension>
    </extensions>
   </trkpt>
   <trkpt lat="48.3291430" lon="15.9720570">
    <ele>230.4</ele>
    <time>2024-06-08T14:35:21Z</time>
    <extensions>
     <gpxtpx:TrackPointExtension>
      <gpxtpx:atemp>31</gpxtpx:atemp>
     </gpxtpx:TrackPointExtension>
    </extensions>
   </trkpt>
   <trkpt lat="48.3291320" lon="15.9718190">
    <ele>230.6</ele>
    <time>2024-06-08T14:35:25Z</time>
    <extensions>
     <gpxtpx:TrackPointExtension>
      <gpxtpx:atemp>31</gpxtpx:atemp>
     </gpxtpx:TrackPointExtension>
    </extensions>
   </trkpt>
   <trkpt lat="48.3290220" lon="15.9717080">
    <ele>230.6</ele>
    <time>2024-06-08T14:35:28Z</time>
    <extensions>
     <gpxtpx:TrackPointExtension>
      <gpxtpx:atemp>31</gpxtpx:atemp>
     </gpxtpx:TrackPointExtension>
    </extensions>
   </trkpt>
   <trkpt lat="48.3289790" lon="15.9716860">
    <ele>230.6</ele>
    <time>2024-06-08T14:35:29Z</time>
    <extensions>
     <gpxtpx:TrackPointExtension>
      <gpxtpx:atemp>31</gpxtpx:atemp>
     </gpxtpx:TrackPointExtension>
    </extensions>
   </trkpt>
   <trkpt lat="48.3289380" lon="15.9716640">
    <ele>230.6</ele>
    <time>2024-06-08T14:35:30Z</time>
    <extensions>
     <gpxtpx:TrackPointExtension>
      <gpxtpx:atemp>31</gpxtpx:atemp>
     </gpxtpx:TrackPointExtension>
    </extensions>
   </trkpt>
   <trkpt lat="48.3288150" lon="15.9716080">
    <ele>230.6</ele>
    <time>2024-06-08T14:35:33Z</time>
    <extensions>
     <gpxtpx:TrackPointExtension>
      <gpxtpx:atemp>31</gpxtpx:atemp>
     </gpxtpx:TrackPointExtension>
    </extensions>
   </trkpt>
   <trkpt lat="48.3287730" lon="15.9716020">
    <ele>230.6</ele>
    <time>2024-06-08T14:35:34Z</time>
    <extensions>
     <gpxtpx:TrackPointExtension>
      <gpxtpx:atemp>31</gpxtpx:atemp>
     </gpxtpx:TrackPointExtension>
    </extensions>
   </trkpt>
   <trkpt lat="48.3287300" lon="15.9716060">
    <ele>230.2</ele>
    <time>2024-06-08T14:35:35Z</time>
    <extensions>
     <gpxtpx:TrackPointExtension>
      <gpxtpx:atemp>31</gpxtpx:atemp>
     </gpxtpx:TrackPointExtension>
    </extensions>
   </trkpt>
   <trkpt lat="48.3286490" lon="15.9716410">
    <ele>229.8</ele>
    <time>2024-06-08T14:35:37Z</time>
    <extensions>
     <gpxtpx:TrackPointExtension>
      <gpxtpx:atemp>31</gpxtpx:atemp>
     </gpxtpx:TrackPointExtension>
    </extensions>
   </trkpt>
   <trkpt lat="48.3286150" lon="15.9716790">
    <ele>229.6</ele>
    <time>2024-06-08T14:35:38Z</time>
    <extensions>
     <gpxtpx:TrackPointExtension>
      <gpxtpx:atemp>31</gpxtpx:atemp>
     </gpxtpx:TrackPointExtension>
    </extensions>
   </trkpt>
   <trkpt lat="48.3283660" lon="15.9720590">
    <ele>229.2</ele>
    <time>2024-06-08T14:35:47Z</time>
    <extensions>
     <gpxtpx:TrackPointExtension>
      <gpxtpx:atemp>31</gpxtpx:atemp>
     </gpxtpx:TrackPointExtension>
    </extensions>
   </trkpt>
   <trkpt lat="48.3282280" lon="15.9721680">
    <ele>229.2</ele>
    <time>2024-06-08T14:35:52Z</time>
    <extensions>
     <gpxtpx:TrackPointExtension>
      <gpxtpx:atemp>31</gpxtpx:atemp>
     </gpxtpx:TrackPointExtension>
    </extensions>
   </trkpt>
   <trkpt lat="48.3281440" lon="15.9720310">
    <ele>229.2</ele>
    <time>2024-06-08T14:35:56Z</time>
    <extensions>
     <gpxtpx:TrackPointExtension>
      <gpxtpx:atemp>31</gpxtpx:atemp>
     </gpxtpx:TrackPointExtension>
    </extensions>
   </trkpt>
   <trkpt lat="48.3279900" lon="15.9717690">
    <ele>231.2</ele>
    <time>2024-06-08T14:36:02Z</time>
    <extensions>
     <gpxtpx:TrackPointExtension>
      <gpxtpx:atemp>31</gpxtpx:atemp>
     </gpxtpx:TrackPointExtension>
    </extensions>
   </trkpt>
   <trkpt lat="48.3279150" lon="15.9716470">
    <ele>231.6</ele>
    <time>2024-06-08T14:36:05Z</time>
    <extensions>
     <gpxtpx:TrackPointExtension>
      <gpxtpx:atemp>31</gpxtpx:atemp>
     </gpxtpx:TrackPointExtension>
    </extensions>
   </trkpt>
   <trkpt lat="48.3278880" lon="15.9716060">
    <ele>231.6</ele>
    <time>2024-06-08T14:36:06Z</time>
    <extensions>
     <gpxtpx:TrackPointExtension>
      <gpxtpx:atemp>31</gpxtpx:atemp>
     </gpxtpx:TrackPointExtension>
    </extensions>
   </trkpt>
   <trkpt lat="48.3276400" lon="15.9712600">
    <ele>231.8</ele>
    <time>2024-06-08T14:36:15Z</time>
    <extensions>
     <gpxtpx:TrackPointExtension>
      <gpxtpx:atemp>31</gpxtpx:atemp>
     </gpxtpx:TrackPointExtension>
    </extensions>
   </trkpt>
   <trkpt lat="48.3273110" lon="15.9709980">
    <ele>231.8</ele>
    <time>2024-06-08T14:36:24Z</time>
    <extensions>
     <gpxtpx:TrackPointExtension>
      <gpxtpx:atemp>31</gpxtpx:atemp>
     </gpxtpx:TrackPointExtension>
    </extensions>
   </trkpt>
   <trkpt lat="48.3269940" lon="15.9708470">
    <ele>231.0</ele>
    <time>2024-06-08T14:36:31Z</time>
    <extensions>
     <gpxtpx:TrackPointExtension>
      <gpxtpx:atemp>31</gpxtpx:atemp>
     </gpxtpx:TrackPointExtension>
    </extensions>
   </trkpt>
   <trkpt lat="48.3268070" lon="15.9707560">
    <ele>230.0</ele>
    <time>2024-06-08T14:36:35Z</time>
    <extensions>
     <gpxtpx:TrackPointExtension>
      <gpxtpx:atemp>31</gpxtpx:atemp>
     </gpxtpx:TrackPointExtension>
    </extensions>
   </trkpt>
   <trkpt lat="48.3266270" lon="15.9706900">
    <ele>229.6</ele>
    <time>2024-06-08T14:36:39Z</time>
    <extensions>
     <gpxtpx:TrackPointExtension>
      <gpxtpx:atemp>31</gpxtpx:atemp>
     </gpxtpx:TrackPointExtension>
    </extensions>
   </trkpt>
   <trkpt lat="48.3263500" lon="15.9706480">
    <ele>229.4</ele>
    <time>2024-06-08T14:36:46Z</time>
    <extensions>
     <gpxtpx:TrackPointExtension>
      <gpxtpx:atemp>31</gpxtpx:atemp>
     </gpxtpx:TrackPointExtension>
    </extensions>
   </trkpt>
   <trkpt lat="48.3260860" lon="15.9706150">
    <ele>230.4</ele>
    <time>2024-06-08T14:36:54Z</time>
    <extensions>
     <gpxtpx:TrackPointExtension>
      <gpxtpx:atemp>31</gpxtpx:atemp>
     </gpxtpx:TrackPointExtension>
    </extensions>
   </trkpt>
   <trkpt lat="48.3260370" lon="15.9704670">
    <ele>230.6</ele>
    <time>2024-06-08T14:36:58Z</time>
    <extensions>
     <gpxtpx:TrackPointExtension>
      <gpxtpx:atemp>31</gpxtpx:atemp>
     </gpxtpx:TrackPointExtension>
    </extensions>
   </trkpt>
   <trkpt lat="48.3260720" lon="15.9702530">
    <ele>231.2</ele>
    <time>2024-06-08T14:37:02Z</time>
    <extensions>
     <gpxtpx:TrackPointExtension>
      <gpxtpx:atemp>31</gpxtpx:atemp>
     </gpxtpx:TrackPointExtension>
    </extensions>
   </trkpt>
   <trkpt lat="48.3260830" lon="15.9701940">
    <ele>231.6</ele>
    <time>2024-06-08T14:37:03Z</time>
    <extensions>
     <gpxtpx:TrackPointExtension>
      <gpxtpx:atemp>31</gpxtpx:atemp>
     </gpxtpx:TrackPointExtension>
    </extensions>
   </trkpt>
   <trkpt lat="48.3261050" lon="15.9700720">
    <ele>232.4</ele>
    <time>2024-06-08T14:37:05Z</time>
    <extensions>
     <gpxtpx:TrackPointExtension>
      <gpxtpx:atemp>31</gpxtpx:atemp>
     </gpxtpx:TrackPointExtension>
    </extensions>
   </trkpt>
   <trkpt lat="48.3261680" lon="15.9697570">
    <ele>232.8</ele>
    <time>2024-06-08T14:37:10Z</time>
    <extensions>
     <gpxtpx:TrackPointExtension>
      <gpxtpx:atemp>31</gpxtpx:atemp>
     </gpxtpx:TrackPointExtension>
    </extensions>
   </trkpt>
   <trkpt lat="48.3263090" lon="15.9691190">
    <ele>232.8</ele>
    <time>2024-06-08T14:37:20Z</time>
    <extensions>
     <gpxtpx:TrackPointExtension>
      <gpxtpx:atemp>31</gpxtpx:atemp>
     </gpxtpx:TrackPointExtension>
    </extensions>
   </trkpt>
   <trkpt lat="48.3264670" lon="15.9684440">
    <ele>232.6</ele>
    <time>2024-06-08T14:37:30Z</time>
    <extensions>
     <gpxtpx:TrackPointExtension>
      <gpxtpx:atemp>31</gpxtpx:atemp>
     </gpxtpx:TrackPointExtension>
    </extensions>
   </trkpt>
   <trkpt lat="48.3266370" lon="15.9676330">
    <ele>232.4</ele>
    <time>2024-06-08T14:37:41Z</time>
    <extensions>
     <gpxtpx:TrackPointExtension>
      <gpxtpx:atemp>31</gpxtpx:atemp>
     </gpxtpx:TrackPointExtension>
    </extensions>
   </trkpt>
   <trkpt lat="48.3266700" lon="15.9674780">
    <ele>232.4</ele>
    <time>2024-06-08T14:37:43Z</time>
    <extensions>
     <gpxtpx:TrackPointExtension>
      <gpxtpx:atemp>31</gpxtpx:atemp>
     </gpxtpx:TrackPointExtension>
    </extensions>
   </trkpt>
   <trkpt lat="48.3267340" lon="15.9671550">
    <ele>232.4</ele>
    <time>2024-06-08T14:37:47Z</time>
    <extensions>
     <gpxtpx:TrackPointExtension>
      <gpxtpx:atemp>31</gpxtpx:atemp>
     </gpxtpx:TrackPointExtension>
    </extensions>
   </trkpt>
   <trkpt lat="48.3268650" lon="15.9663690">
    <ele>232.6</ele>
    <time>2024-06-08T14:37:57Z</time>
    <extensions>
     <gpxtpx:TrackPointExtension>
      <gpxtpx:atemp>31</gpxtpx:atemp>
     </gpxtpx:TrackPointExtension>
    </extensions>
   </trkpt>
   <trkpt lat="48.3268930" lon="15.9662220">
    <ele>232.6</ele>
    <time>2024-06-08T14:37:59Z</time>
    <extensions>
     <gpxtpx:TrackPointExtension>
      <gpxtpx:atemp>31</gpxtpx:atemp>
     </gpxtpx:TrackPointExtension>
    </extensions>
   </trkpt>
   <trkpt lat="48.3270350" lon="15.9654070">
    <ele>232.8</ele>
    <time>2024-06-08T14:38:10Z</time>
    <extensions>
     <gpxtpx:TrackPointExtension>
      <gpxtpx:atemp>31</gpxtpx:atemp>
     </gpxtpx:TrackPointExtension>
    </extensions>
   </trkpt>
   <trkpt lat="48.3271780" lon="15.9645870">
    <ele>233.2</ele>
    <time>2024-06-08T14:38:21Z</time>
    <extensions>
     <gpxtpx:TrackPointExtension>
      <gpxtpx:atemp>31</gpxtpx:atemp>
     </gpxtpx:TrackPointExtension>
    </extensions>
   </trkpt>
   <trkpt lat="48.3272110" lon="15.9644320">
    <ele>233.2</ele>
    <time>2024-06-08T14:38:23Z</time>
    <extensions>
     <gpxtpx:TrackPointExtension>
      <gpxtpx:atemp>31</gpxtpx:atemp>
     </gpxtpx:TrackPointExtension>
    </extensions>
   </trkpt>
   <trkpt lat="48.3273860" lon="15.9636340">
    <ele>232.8</ele>
    <time>2024-06-08T14:38:33Z</time>
    <extensions>
     <gpxtpx:TrackPointExtension>
      <gpxtpx:atemp>31</gpxtpx:atemp>
     </gpxtpx:TrackPointExtension>
    </extensions>
   </trkpt>
   <trkpt lat="48.3274010" lon="15.9635520">
    <ele>232.8</ele>
    <time>2024-06-08T14:38:34Z</time>
    <extensions>
     <gpxtpx:TrackPointExtension>
      <gpxtpx:atemp>31</gpxtpx:atemp>
     </gpxtpx:TrackPointExtension>
    </extensions>
   </trkpt>
   <trkpt lat="48.3275790" lon="15.9627500">
    <ele>232.6</ele>
    <time>2024-06-08T14:38:44Z</time>
    <extensions>
     <gpxtpx:TrackPointExtension>
      <gpxtpx:atemp>31</gpxtpx:atemp>
     </gpxtpx:TrackPointExtension>
    </extensions>
   </trkpt>
   <trkpt lat="48.3277220" lon="15.9620340">
    <ele>232.6</ele>
    <time>2024-06-08T14:38:53Z</time>
    <extensions>
     <gpxtpx:TrackPointExtension>
      <gpxtpx:atemp>31</gpxtpx:atemp>
     </gpxtpx:TrackPointExtension>
    </extensions>
   </trkpt>
   <trkpt lat="48.3278550" lon="15.9612280">
    <ele>232.4</ele>
    <time>2024-06-08T14:39:03Z</time>
    <extensions>
     <gpxtpx:TrackPointExtension>
      <gpxtpx:atemp>31</gpxtpx:atemp>
     </gpxtpx:TrackPointExtension>
    </extensions>
   </trkpt>
   <trkpt lat="48.3278670" lon="15.9611480">
    <ele>232.4</ele>
    <time>2024-06-08T14:39:04Z</time>
    <extensions>
     <gpxtpx:TrackPointExtension>
      <gpxtpx:atemp>31</gpxtpx:atemp>
     </gpxtpx:TrackPointExtension>
    </extensions>
   </trkpt>
   <trkpt lat="48.3279590" lon="15.9602860">
    <ele>232.6</ele>
    <time>2024-06-08T14:39:15Z</time>
    <extensions>
     <gpxtpx:TrackPointExtension>
      <gpxtpx:atemp>31</gpxtpx:atemp>
     </gpxtpx:TrackPointExtension>
    </extensions>
   </trkpt>
   <trkpt lat="48.3280210" lon="15.9594680">
    <ele>232.6</ele>
    <time>2024-06-08T14:39:26Z</time>
    <extensions>
     <gpxtpx:TrackPointExtension>
      <gpxtpx:atemp>31</gpxtpx:atemp>
     </gpxtpx:TrackPointExtension>
    </extensions>
   </trkpt>
   <trkpt lat="48.3280280" lon="15.9593940">
    <ele>232.8</ele>
    <time>2024-06-08T14:39:27Z</time>
    <extensions>
     <gpxtpx:TrackPointExtension>
      <gpxtpx:atemp>31</gpxtpx:atemp>
     </gpxtpx:TrackPointExtension>
    </extensions>
   </trkpt>
   <trkpt lat="48.3280720" lon="15.9588030">
    <ele>233.0</ele>
    <time>2024-06-08T14:39:35Z</time>
    <extensions>
     <gpxtpx:TrackPointExtension>
      <gpxtpx:atemp>31</gpxtpx:atemp>
     </gpxtpx:TrackPointExtension>
    </extensions>
   </trkpt>
   <trkpt lat="48.3281220" lon="15.9580290">
    <ele>233.0</ele>
    <time>2024-06-08T14:39:45Z</time>
    <extensions>
     <gpxtpx:TrackPointExtension>
      <gpxtpx:atemp>31</gpxtpx:atemp>
     </gpxtpx:TrackPointExtension>
    </extensions>
   </trkpt>
   <trkpt lat="48.3281950" lon="15.9572470">
    <ele>233.4</ele>
    <time>2024-06-08T14:39:56Z</time>
    <extensions>
     <gpxtpx:TrackPointExtension>
      <gpxtpx:atemp>31</gpxtpx:atemp>
     </gpxtpx:TrackPointExtension>
    </extensions>
   </trkpt>
   <trkpt lat="48.3282170" lon="15.9570830">
    <ele>233.4</ele>
    <time>2024-06-08T14:40:00Z</time>
    <extensions>
     <gpxtpx:TrackPointExtension>
      <gpxtpx:atemp>31</gpxtpx:atemp>
     </gpxtpx:TrackPointExtension>
    </extensions>
   </trkpt>
   <trkpt lat="48.3282170" lon="15.9570830">
    <ele>233.4</ele>
    <time>2024-06-08T14:40:01Z</time>
    <extensions>
     <gpxtpx:TrackPointExtension>
      <gpxtpx:atemp>31</gpxtpx:atemp>
     </gpxtpx:TrackPointExtension>
    </extensions>
   </trkpt>
   <trkpt lat="48.3282170" lon="15.9570250">
    <ele>234.0</ele>
    <time>2024-06-08T14:40:26Z</time>
    <extensions>
     <gpxtpx:TrackPointExtension>
      <gpxtpx:atemp>32</gpxtpx:atemp>
     </gpxtpx:TrackPointExtension>
    </extensions>
   </trkpt>
   <trkpt lat="48.3282160" lon="15.9569620">
    <ele>234.0</ele>
    <time>2024-06-08T14:40:28Z</time>
    <extensions>
     <gpxtpx:TrackPointExtension>
      <gpxtpx:atemp>32</gpxtpx:atemp>
     </gpxtpx:TrackPointExtension>
    </extensions>
   </trkpt>
   <trkpt lat="48.3282380" lon="15.9566630">
    <ele>234.0</ele>
    <time>2024-06-08T14:40:34Z</time>
    <extensions>
     <gpxtpx:TrackPointExtension>
      <gpxtpx:atemp>32</gpxtpx:atemp>
     </gpxtpx:TrackPointExtension>
    </extensions>
   </trkpt>
   <trkpt lat="48.3282830" lon="15.9561280">
    <ele>233.8</ele>
    <time>2024-06-08T14:40:41Z</time>
    <extensions>
     <gpxtpx:TrackPointExtension>
      <gpxtpx:atemp>32</gpxtpx:atemp>
     </gpxtpx:TrackPointExtension>
    </extensions>
   </trkpt>
   <trkpt lat="48.3283460" lon="15.9557840">
    <ele>233.8</ele>
    <time>2024-06-08T14:40:45Z</time>
    <extensions>
     <gpxtpx:TrackPointExtension>
      <gpxtpx:atemp>32</gpxtpx:atemp>
     </gpxtpx:TrackPointExtension>
    </extensions>
   </trkpt>
   <trkpt lat="48.3283960" lon="15.9556360">
    <ele>233.8</ele>
    <time>2024-06-08T14:40:47Z</time>
    <extensions>
     <gpxtpx:TrackPointExtension>
      <gpxtpx:atemp>32</gpxtpx:atemp>
     </gpxtpx:TrackPointExtension>
    </extensions>
   </trkpt>
   <trkpt lat="48.3285380" lon="15.9554680">
    <ele>233.6</ele>
    <time>2024-06-08T14:40:50Z</time>
    <extensions>
     <gpxtpx:TrackPointExtension>
      <gpxtpx:atemp>32</gpxtpx:atemp>
     </gpxtpx:TrackPointExtension>
    </extensions>
   </trkpt>
   <trkpt lat="48.3286030" lon="15.9553280">
    <ele>233.6</ele>
    <time>2024-06-08T14:40:52Z</time>
    <extensions>
     <gpxtpx:TrackPointExtension>
      <gpxtpx:atemp>32</gpxtpx:atemp>
     </gpxtpx:TrackPointExtension>
    </extensions>
   </trkpt>
   <trkpt lat="48.3286110" lon="15.9552450">
    <ele>233.4</ele>
    <time>2024-06-08T14:40:53Z</time>
    <extensions>
     <gpxtpx:TrackPointExtension>
      <gpxtpx:atemp>32</gpxtpx:atemp>
     </gpxtpx:TrackPointExtension>
    </extensions>
   </trkpt>
   <trkpt lat="48.3286060" lon="15.9551600">
    <ele>233.2</ele>
    <time>2024-06-08T14:40:54Z</time>
    <extensions>
     <gpxtpx:TrackPointExtension>
      <gpxtpx:atemp>32</gpxtpx:atemp>
     </gpxtpx:TrackPointExtension>
    </extensions>
   </trkpt>
   <trkpt lat="48.3285460" lon="15.9550240">
    <ele>233.0</ele>
    <time>2024-06-08T14:40:56Z</time>
    <extensions>
     <gpxtpx:TrackPointExtension>
      <gpxtpx:atemp>32</gpxtpx:atemp>
     </gpxtpx:TrackPointExtension>
    </extensions>
   </trkpt>
   <trkpt lat="48.3284640" lon="15.9549270">
    <ele>233.2</ele>
    <time>2024-06-08T14:40:58Z</time>
    <extensions>
     <gpxtpx:TrackPointExtension>
      <gpxtpx:atemp>32</gpxtpx:atemp>
     </gpxtpx:TrackPointExtension>
    </extensions>
   </trkpt>
   <trkpt lat="48.3284100" lon="15.9547850">
    <ele>233.0</ele>
    <time>2024-06-08T14:41:00Z</time>
    <extensions>
     <gpxtpx:TrackPointExtension>
      <gpxtpx:atemp>32</gpxtpx:atemp>
     </gpxtpx:TrackPointExtension>
    </extensions>
   </trkpt>
   <trkpt lat="48.3283870" lon="15.9546290">
    <ele>233.0</ele>
    <time>2024-06-08T14:41:02Z</time>
    <extensions>
     <gpxtpx:TrackPointExtension>
      <gpxtpx:atemp>32</gpxtpx:atemp>
     </gpxtpx:TrackPointExtension>
    </extensions>
   </trkpt>
   <trkpt lat="48.3283870" lon="15.9543850">
    <ele>233.0</ele>
    <time>2024-06-08T14:41:05Z</time>
    <extensions>
     <gpxtpx:TrackPointExtension>
      <gpxtpx:atemp>32</gpxtpx:atemp>
     </gpxtpx:TrackPointExtension>
    </extensions>
   </trkpt>
   <trkpt lat="48.3284170" lon="15.9535480">
    <ele>233.0</ele>
    <time>2024-06-08T14:41:15Z</time>
    <extensions>
     <gpxtpx:TrackPointExtension>
      <gpxtpx:atemp>32</gpxtpx:atemp>
     </gpxtpx:TrackPointExtension>
    </extensions>
   </trkpt>
   <trkpt lat="48.3284410" lon="15.9528710">
    <ele>232.8</ele>
    <time>2024-06-08T14:41:23Z</time>
    <extensions>
     <gpxtpx:TrackPointExtension>
      <gpxtpx:atemp>32</gpxtpx:atemp>
     </gpxtpx:TrackPointExtension>
    </extensions>
   </trkpt>
   <trkpt lat="48.3284570" lon="15.9521550">
    <ele>232.6</ele>
    <time>2024-06-08T14:41:32Z</time>
    <extensions>
     <gpxtpx:TrackPointExtension>
      <gpxtpx:atemp>32</gpxtpx:atemp>
     </gpxtpx:TrackPointExtension>
    </extensions>
   </trkpt>
   <trkpt lat="48.3284780" lon="15.9512960">
    <ele>232.6</ele>
    <time>2024-06-08T14:41:43Z</time>
    <extensions>
     <gpxtpx:TrackPointExtension>
      <gpxtpx:atemp>32</gpxtpx:atemp>
     </gpxtpx:TrackPointExtension>
    </extensions>
   </trkpt>
   <trkpt lat="48.3284810" lon="15.9512230">
    <ele>232.6</ele>
    <time>2024-06-08T14:41:44Z</time>
    <extensions>
     <gpxtpx:TrackPointExtension>
      <gpxtpx:atemp>32</gpxtpx:atemp>
     </gpxtpx:TrackPointExtension>
    </extensions>
   </trkpt>
   <trkpt lat="48.3285120" lon="15.9505470">
    <ele>232.6</ele>
    <time>2024-06-08T14:41:53Z</time>
    <extensions>
     <gpxtpx:TrackPointExtension>
      <gpxtpx:atemp>32</gpxtpx:atemp>
     </gpxtpx:TrackPointExtension>
    </extensions>
   </trkpt>
   <trkpt lat="48.3285390" lon="15.9499450">
    <ele>232.6</ele>
    <time>2024-06-08T14:42:01Z</time>
    <extensions>
     <gpxtpx:TrackPointExtension>
      <gpxtpx:atemp>32</gpxtpx:atemp>
     </gpxtpx:TrackPointExtension>
    </extensions>
   </trkpt>
   <trkpt lat="48.3285890" lon="15.9493070">
    <ele>232.6</ele>
    <time>2024-06-08T14:42:09Z</time>
    <extensions>
     <gpxtpx:TrackPointExtension>
      <gpxtpx:atemp>32</gpxtpx:atemp>
     </gpxtpx:TrackPointExtension>
    </extensions>
   </trkpt>
   <trkpt lat="48.3286600" lon="15.9486970">
    <ele>232.6</ele>
    <time>2024-06-08T14:42:17Z</time>
    <extensions>
     <gpxtpx:TrackPointExtension>
      <gpxtpx:atemp>32</gpxtpx:atemp>
     </gpxtpx:TrackPointExtension>
    </extensions>
   </trkpt>
   <trkpt lat="48.3287920" lon="15.9481270">
    <ele>232.6</ele>
    <time>2024-06-08T14:42:25Z</time>
    <extensions>
     <gpxtpx:TrackPointExtension>
      <gpxtpx:atemp>32</gpxtpx:atemp>
     </gpxtpx:TrackPointExtension>
    </extensions>
   </trkpt>
   <trkpt lat="48.3290310" lon="15.9475110">
    <ele>232.4</ele>
    <time>2024-06-08T14:42:34Z</time>
    <extensions>
     <gpxtpx:TrackPointExtension>
      <gpxtpx:atemp>32</gpxtpx:atemp>
     </gpxtpx:TrackPointExtension>
    </extensions>
   </trkpt>
   <trkpt lat="48.3290750" lon="15.9474470">
    <ele>232.4</ele>
    <time>2024-06-08T14:42:35Z</time>
    <extensions>
     <gpxtpx:TrackPointExtension>
      <gpxtpx:atemp>32</gpxtpx:atemp>
     </gpxtpx:TrackPointExtension>
    </extensions>
   </trkpt>
   <trkpt lat="48.3291510" lon="15.9473690">
    <ele>232.4</ele>
    <time>2024-06-08T14:42:37Z</time>
    <extensions>
     <gpxtpx:TrackPointExtension>
      <gpxtpx:atemp>32</gpxtpx:atemp>
     </gpxtpx:TrackPointExtension>
    </extensions>
   </trkpt>
   <trkpt lat="48.3292380" lon="15.9473040">
    <ele>232.6</ele>
    <time>2024-06-08T14:42:39Z</time>
    <extensions>
     <gpxtpx:TrackPointExtension>
      <gpxtpx:atemp>32</gpxtpx:atemp>
     </gpxtpx:TrackPointExtension>
    </extensions>
   </trkpt>
   <trkpt lat="48.3293850" lon="15.9472410">
    <ele>232.6</ele>
    <time>2024-06-08T14:42:42Z</time>
    <extensions>
     <gpxtpx:TrackPointExtension>
      <gpxtpx:atemp>32</gpxtpx:atemp>
     </gpxtpx:TrackPointExtension>
    </extensions>
   </trkpt>
   <trkpt lat="48.3294920" lon="15.9472170">
    <ele>232.6</ele>
    <time>2024-06-08T14:42:44Z</time>
    <extensions>
     <gpxtpx:TrackPointExtension>
      <gpxtpx:atemp>32</gpxtpx:atemp>
     </gpxtpx:TrackPointExtension>
    </extensions>
   </trkpt>
   <trkpt lat="48.3298420" lon="15.9471480">
    <ele>232.8</ele>
    <time>2024-06-08T14:42:50Z</time>
    <extensions>
     <gpxtpx:TrackPointExtension>
      <gpxtpx:atemp>32</gpxtpx:atemp>
     </gpxtpx:TrackPointExtension>
    </extensions>
   </trkpt>
   <trkpt lat="48.3302310" lon="15.9470640">
    <ele>232.6</ele>
    <time>2024-06-08T14:42:57Z</time>
    <extensions>
     <gpxtpx:TrackPointExtension>
      <gpxtpx:atemp>32</gpxtpx:atemp>
     </gpxtpx:TrackPointExtension>
    </extensions>
   </trkpt>
   <trkpt lat="48.3306570" lon="15.9469490">
    <ele>232.2</ele>
    <time>2024-06-08T14:43:05Z</time>
    <extensions>
     <gpxtpx:TrackPointExtension>
      <gpxtpx:atemp>32</gpxtpx:atemp>
     </gpxtpx:TrackPointExtension>
    </extensions>
   </trkpt>
   <trkpt lat="48.3308920" lon="15.9468090">
    <ele>232.4</ele>
    <time>2024-06-08T14:43:10Z</time>
    <extensions>
     <gpxtpx:TrackPointExtension>
      <gpxtpx:atemp>32</gpxtpx:atemp>
     </gpxtpx:TrackPointExtension>
    </extensions>
   </trkpt>
   <trkpt lat="48.3309750" lon="15.9467200">
    <ele>232.4</ele>
    <time>2024-06-08T14:43:12Z</time>
    <extensions>
     <gpxtpx:TrackPointExtension>
      <gpxtpx:atemp>32</gpxtpx:atemp>
     </gpxtpx:TrackPointExtension>
    </extensions>
   </trkpt>
   <trkpt lat="48.3312190" lon="15.9463720">
    <ele>232.4</ele>
    <time>2024-06-08T14:43:19Z</time>
    <extensions>
     <gpxtpx:TrackPointExtension>
      <gpxtpx:atemp>32</gpxtpx:atemp>
     </gpxtpx:TrackPointExtension>
    </extensions>
   </trkpt>
   <trkpt lat="48.3314760" lon="15.9459400">
    <ele>232.8</ele>
    <time>2024-06-08T14:43:27Z</time>
    <extensions>
     <gpxtpx:TrackPointExtension>
      <gpxtpx:atemp>32</gpxtpx:atemp>
     </gpxtpx:TrackPointExtension>
    </extensions>
   </trkpt>
   <trkpt lat="48.3315370" lon="15.9458380">
    <ele>232.8</ele>
    <time>2024-06-08T14:43:29Z</time>
    <extensions>
     <gpxtpx:TrackPointExtension>
      <gpxtpx:atemp>32</gpxtpx:atemp>
     </gpxtpx:TrackPointExtension>
    </extensions>
   </trkpt>
   <trkpt lat="48.3317430" lon="15.9455290">
    <ele>233.0</ele>
    <time>2024-06-08T14:43:35Z</time>
    <extensions>
     <gpxtpx:TrackPointExtension>
      <gpxtpx:atemp>32</gpxtpx:atemp>
     </gpxtpx:TrackPointExtension>
    </extensions>
   </trkpt>
   <trkpt lat="48.3317820" lon="15.9455150">
    <ele>233.0</ele>
    <time>2024-06-08T14:43:36Z</time>
    <extensions>
     <gpxtpx:TrackPointExtension>
      <gpxtpx:atemp>32</gpxtpx:atemp>
     </gpxtpx:TrackPointExtension>
    </extensions>
   </trkpt>
   <trkpt lat="48.3319120" lon="15.9454830">
    <ele>233.0</ele>
    <time>2024-06-08T14:43:39Z</time>
    <extensions>
     <gpxtpx:TrackPointExtension>
      <gpxtpx:atemp>32</gpxtpx:atemp>
     </gpxtpx:TrackPointExtension>
    </extensions>
   </trkpt>
   <trkpt lat="48.3320030" lon="15.9453910">
    <ele>233.0</ele>
    <time>2024-06-08T14:43:41Z</time>
    <extensions>
     <gpxtpx:TrackPointExtension>
      <gpxtpx:atemp>32</gpxtpx:atemp>
     </gpxtpx:TrackPointExtension>
    </extensions>
   </trkpt>
   <trkpt lat="48.3320750" lon="15.9451710">
    <ele>233.0</ele>
    <time>2024-06-08T14:43:44Z</time>
    <extensions>
     <gpxtpx:TrackPointExtension>
      <gpxtpx:atemp>32</gpxtpx:atemp>
     </gpxtpx:TrackPointExtension>
    </extensions>
   </trkpt>
   <trkpt lat="48.3321950" lon="15.9448210">
    <ele>233.2</ele>
    <time>2024-06-08T14:43:49Z</time>
    <extensions>
     <gpxtpx:TrackPointExtension>
      <gpxtpx:atemp>32</gpxtpx:atemp>
     </gpxtpx:TrackPointExtension>
    </extensions>
   </trkpt>
   <trkpt lat="48.3322270" lon="15.9447600">
    <ele>233.2</ele>
    <time>2024-06-08T14:43:50Z</time>
    <extensions>
     <gpxtpx:TrackPointExtension>
      <gpxtpx:atemp>32</gpxtpx:atemp>
     </gpxtpx:TrackPointExtension>
    </extensions>
   </trkpt>
   <trkpt lat="48.3326100" lon="15.9441950">
    <ele>233.4</ele>
    <time>2024-06-08T14:44:00Z</time>
    <extensions>
     <gpxtpx:TrackPointExtension>
      <gpxtpx:atemp>32</gpxtpx:atemp>
     </gpxtpx:TrackPointExtension>
    </extensions>
   </trkpt>
   <trkpt lat="48.3330490" lon="15.9436420">
    <ele>233.6</ele>
    <time>2024-06-08T14:44:10Z</time>
    <extensions>
     <gpxtpx:TrackPointExtension>
      <gpxtpx:atemp>32</gpxtpx:atemp>
     </gpxtpx:TrackPointExtension>
    </extensions>
   </trkpt>
   <trkpt lat="48.3331340" lon="15.9435250">
    <ele>233.6</ele>
    <time>2024-06-08T14:44:12Z</time>
    <extensions>
     <gpxtpx:TrackPointExtension>
      <gpxtpx:atemp>32</gpxtpx:atemp>
     </gpxtpx:TrackPointExtension>
    </extensions>
   </trkpt>
   <trkpt lat="48.3333500" lon="15.9432420">
    <ele>233.8</ele>
    <time>2024-06-08T14:44:18Z</time>
    <extensions>
     <gpxtpx:TrackPointExtension>
      <gpxtpx:atemp>32</gpxtpx:atemp>
     </gpxtpx:TrackPointExtension>
    </extensions>
   </trkpt>
   <trkpt lat="48.3334110" lon="15.9431710">
    <ele>233.8</ele>
    <time>2024-06-08T14:44:20Z</time>
    <extensions>
     <gpxtpx:TrackPointExtension>
      <gpxtpx:atemp>32</gpxtpx:atemp>
     </gpxtpx:TrackPointExtension>
    </extensions>
   </trkpt>
   <trkpt lat="48.3334780" lon="15.9430620">
    <ele>233.8</ele>
    <time>2024-06-08T14:44:22Z</time>
    <extensions>
     <gpxtpx:TrackPointExtension>
      <gpxtpx:atemp>32</gpxtpx:atemp>
     </gpxtpx:TrackPointExtension>
    </extensions>
   </trkpt>
   <trkpt lat="48.3337910" lon="15.9426040">
    <ele>233.8</ele>
    <time>2024-06-08T14:44:30Z</time>
    <extensions>
     <gpxtpx:TrackPointExtension>
      <gpxtpx:atemp>32</gpxtpx:atemp>
     </gpxtpx:TrackPointExtension>
    </extensions>
   </trkpt>
   <trkpt lat="48.3342100" lon="15.9419990">
    <ele>233.8</ele>
    <time>2024-06-08T14:44:40Z</time>
    <extensions>
     <gpxtpx:TrackPointExtension>
      <gpxtpx:atemp>32</gpxtpx:atemp>
     </gpxtpx:TrackPointExtension>
    </extensions>
   </trkpt>
   <trkpt lat="48.3345550" lon="15.9415380">
    <ele>233.4</ele>
    <time>2024-06-08T14:44:48Z</time>
    <extensions>
     <gpxtpx:TrackPointExtension>
      <gpxtpx:atemp>32</gpxtpx:atemp>
     </gpxtpx:TrackPointExtension>
    </extensions>
   </trkpt>
   <trkpt lat="48.3348790" lon="15.9411760">
    <ele>233.0</ele>
    <time>2024-06-08T14:44:55Z</time>
    <extensions>
     <gpxtpx:TrackPointExtension>
      <gpxtpx:atemp>32</gpxtpx:atemp>
     </gpxtpx:TrackPointExtension>
    </extensions>
   </trkpt>
   <trkpt lat="48.3352190" lon="15.9408510">
    <ele>233.0</ele>
    <time>2024-06-08T14:45:02Z</time>
    <extensions>
     <gpxtpx:TrackPointExtension>
      <gpxtpx:atemp>32</gpxtpx:atemp>
     </gpxtpx:TrackPointExtension>
    </extensions>
   </trkpt>
   <trkpt lat="48.3355180" lon="15.9405710">
    <ele>233.4</ele>
    <time>2024-06-08T14:45:09Z</time>
    <extensions>
     <gpxtpx:TrackPointExtension>
      <gpxtpx:atemp>32</gpxtpx:atemp>
     </gpxtpx:TrackPointExtension>
    </extensions>
   </trkpt>
   <trkpt lat="48.3357240" lon="15.9403840">
    <ele>233.8</ele>
    <time>2024-06-08T14:45:15Z</time>
    <extensions>
     <gpxtpx:TrackPointExtension>
      <gpxtpx:atemp>32</gpxtpx:atemp>
     </gpxtpx:TrackPointExtension>
    </extensions>
   </trkpt>
   <trkpt lat="48.3357530" lon="15.9403640">
    <ele>234.4</ele>
    <time>2024-06-08T14:45:19Z</time>
    <extensions>
     <gpxtpx:TrackPointExtension>
      <gpxtpx:atemp>32</gpxtpx:atemp>
     </gpxtpx:TrackPointExtension>
    </extensions>
   </trkpt>
   <trkpt lat="48.3357690" lon="15.9403220">
    <ele>235.0</ele>
    <time>2024-06-08T14:45:41Z</time>
    <extensions>
     <gpxtpx:TrackPointExtension>
      <gpxtpx:atemp>32</gpxtpx:atemp>
     </gpxtpx:TrackPointExtension>
    </extensions>
   </trkpt>
   <trkpt lat="48.3358160" lon="15.9402580">
    <ele>235.0</ele>
    <time>2024-06-08T14:45:44Z</time>
    <extensions>
     <gpxtpx:TrackPointExtension>
      <gpxtpx:atemp>32</gpxtpx:atemp>
     </gpxtpx:TrackPointExtension>
    </extensions>
   </trkpt>
   <trkpt lat="48.3359300" lon="15.9401390">
    <ele>235.2</ele>
    <time>2024-06-08T14:45:50Z</time>
    <extensions>
     <gpxtpx:TrackPointExtension>
      <gpxtpx:atemp>32</gpxtpx:atemp>
     </gpxtpx:TrackPointExtension>
    </extensions>
   </trkpt>
   <trkpt lat="48.3360330" lon="15.9400520">
    <ele>235.4</ele>
    <time>2024-06-08T14:45:53Z</time>
    <extensions>
     <gpxtpx:TrackPointExtension>
      <gpxtpx:atemp>32</gpxtpx:atemp>
     </gpxtpx:TrackPointExtension>
    </extensions>
   </trkpt>
   <trkpt lat="48.3361060" lon="15.9399810">
    <ele>235.6</ele>
    <time>2024-06-08T14:45:55Z</time>
    <extensions>
     <gpxtpx:TrackPointExtension>
      <gpxtpx:atemp>32</gpxtpx:atemp>
     </gpxtpx:TrackPointExtension>
    </extensions>
   </trkpt>
   <trkpt lat="48.3361450" lon="15.9399450">
    <ele>235.6</ele>
    <time>2024-06-08T14:45:56Z</time>
    <extensions>
     <gpxtpx:TrackPointExtension>
      <gpxtpx:atemp>32</gpxtpx:atemp>
     </gpxtpx:TrackPointExtension>
    </extensions>
   </trkpt>
   <trkpt lat="48.3363480" lon="15.9397520">
    <ele>235.6</ele>
    <time>2024-06-08T14:46:01Z</time>
    <extensions>
     <gpxtpx:TrackPointExtension>
      <gpxtpx:atemp>32</gpxtpx:atemp>
     </gpxtpx:TrackPointExtension>
    </extensions>
   </trkpt>
   <trkpt lat="48.3366990" lon="15.9394020">
    <ele>235.4</ele>
    <time>2024-06-08T14:46:10Z</time>
    <extensions>
     <gpxtpx:TrackPointExtension>
      <gpxtpx:atemp>32</gpxtpx:atemp>
     </gpxtpx:TrackPointExtension>
    </extensions>
   </trkpt>
   <trkpt lat="48.3367780" lon="15.9394020">
    <ele>235.4</ele>
    <time>2024-06-08T14:46:12Z</time>
    <extensions>
     <gpxtpx:TrackPointExtension>
      <gpxtpx:atemp>32</gpxtpx:atemp>
     </gpxtpx:TrackPointExtension>
    </extensions>
   </trkpt>
   <trkpt lat="48.3368160" lon="15.9394330">
    <ele>235.4</ele>
    <time>2024-06-08T14:46:13Z</time>
    <extensions>
     <gpxtpx:TrackPointExtension>
      <gpxtpx:atemp>32</gpxtpx:atemp>
     </gpxtpx:TrackPointExtension>
    </extensions>
   </trkpt>
   <trkpt lat="48.3370150" lon="15.9396480">
    <ele>235.0</ele>
    <time>2024-06-08T14:46:18Z</time>
    <extensions>
     <gpxtpx:TrackPointExtension>
      <gpxtpx:atemp>32</gpxtpx:atemp>
     </gpxtpx:TrackPointExtension>
    </extensions>
   </trkpt>
   <trkpt lat="48.3371650" lon="15.9397880">
    <ele>235.0</ele>
    <time>2024-06-08T14:46:22Z</time>
    <extensions>
     <gpxtpx:TrackPointExtension>
      <gpxtpx:atemp>32</gpxtpx:atemp>
     </gpxtpx:TrackPointExtension>
    </extensions>
   </trkpt>
   <trkpt lat="48.3373560" lon="15.9399700">
    <ele>235.0</ele>
    <time>2024-06-08T14:46:29Z</time>
    <extensions>
     <gpxtpx:TrackPointExtension>
      <gpxtpx:atemp>32</gpxtpx:atemp>
     </gpxtpx:TrackPointExtension>
    </extensions>
   </trkpt>
   <trkpt lat="48.3375960" lon="15.9400970">
    <ele>234.8</ele>
    <time>2024-06-08T14:46:37Z</time>
    <extensions>
     <gpxtpx:TrackPointExtension>
      <gpxtpx:atemp>32</gpxtpx:atemp>
     </gpxtpx:TrackPointExtension>
    </extensions>
   </trkpt>
   <trkpt lat="48.3378570" lon="15.9401790">
    <ele>234.6</ele>
    <time>2024-06-08T14:46:45Z</time>
    <extensions>
     <gpxtpx:TrackPointExtension>
      <gpxtpx:atemp>32</gpxtpx:atemp>
     </gpxtpx:TrackPointExtension>
    </extensions>
   </trkpt>
   <trkpt lat="48.3380550" lon="15.9402510">
    <ele>234.2</ele>
    <time>2024-06-08T14:46:51Z</time>
    <extensions>
     <gpxtpx:TrackPointExtension>
      <gpxtpx:atemp>32</gpxtpx:atemp>
     </gpxtpx:TrackPointExtension>
    </extensions>
   </trkpt>
   <trkpt lat="48.3382730" lon="15.9403850">
    <ele>233.8</ele>
    <time>2024-06-08T14:46:56Z</time>
    <extensions>
     <gpxtpx:TrackPointExtension>
      <gpxtpx:atemp>32</gpxtpx:atemp>
     </gpxtpx:TrackPointExtension>
    </extensions>
   </trkpt>
   <trkpt lat="48.3383640" lon="15.9403920">
    <ele>233.8</ele>
    <time>2024-06-08T14:46:58Z</time>
    <extensions>
     <gpxtpx:TrackPointExtension>
      <gpxtpx:atemp>32</gpxtpx:atemp>
     </gpxtpx:TrackPointExtension>
    </extensions>
   </trkpt>
   <trkpt lat="48.3384070" lon="15.9403710">
    <ele>233.8</ele>
    <time>2024-06-08T14:46:59Z</time>
    <extensions>
     <gpxtpx:TrackPointExtension>
      <gpxtpx:atemp>32</gpxtpx:atemp>
     </gpxtpx:TrackPointExtension>
    </extensions>
   </trkpt>
   <trkpt lat="48.3384440" lon="15.9403410">
    <ele>233.8</ele>
    <time>2024-06-08T14:47:00Z</time>
    <extensions>
     <gpxtpx:TrackPointExtension>
      <gpxtpx:atemp>32</gpxtpx:atemp>
     </gpxtpx:TrackPointExtension>
    </extensions>
   </trkpt>
   <trkpt lat="48.3385090" lon="15.9402520">
    <ele>233.8</ele>
    <time>2024-06-08T14:47:02Z</time>
    <extensions>
     <gpxtpx:TrackPointExtension>
      <gpxtpx:atemp>32</gpxtpx:atemp>
     </gpxtpx:TrackPointExtension>
    </extensions>
   </trkpt>
   <trkpt lat="48.3385330" lon="15.9401950">
    <ele>233.6</ele>
    <time>2024-06-08T14:47:03Z</time>
    <extensions>
     <gpxtpx:TrackPointExtension>
      <gpxtpx:atemp>32</gpxtpx:atemp>
     </gpxtpx:TrackPointExtension>
    </extensions>
   </trkpt>
   <trkpt lat="48.3385500" lon="15.9401290">
    <ele>233.6</ele>
    <time>2024-06-08T14:47:04Z</time>
    <extensions>
     <gpxtpx:TrackPointExtension>
      <gpxtpx:atemp>32</gpxtpx:atemp>
     </gpxtpx:TrackPointExtension>
    </extensions>
   </trkpt>
   <trkpt lat="48.3386550" lon="15.9397780">
    <ele>233.6</ele>
    <time>2024-06-08T14:47:09Z</time>
    <extensions>
     <gpxtpx:TrackPointExtension>
      <gpxtpx:atemp>32</gpxtpx:atemp>
     </gpxtpx:TrackPointExtension>
    </extensions>
   </trkpt>
   <trkpt lat="48.3388220" lon="15.9392820">
    <ele>233.4</ele>
    <time>2024-06-08T14:47:16Z</time>
    <extensions>
     <gpxtpx:TrackPointExtension>
      <gpxtpx:atemp>32</gpxtpx:atemp>
     </gpxtpx:TrackPointExtension>
    </extensions>
   </trkpt>
   <trkpt lat="48.3388440" lon="15.9392120">
    <ele>233.4</ele>
    <time>2024-06-08T14:47:17Z</time>
    <extensions>
     <gpxtpx:TrackPointExtension>
      <gpxtpx:atemp>32</gpxtpx:atemp>
     </gpxtpx:TrackPointExtension>
    </extensions>
   </trkpt>
   <trkpt lat="48.3390140" lon="15.9386830">
    <ele>233.2</ele>
    <time>2024-06-08T14:47:25Z</time>
    <extensions>
     <gpxtpx:TrackPointExtension>
      <gpxtpx:atemp>32</gpxtpx:atemp>
     </gpxtpx:TrackPointExtension>
    </extensions>
   </trkpt>
   <trkpt lat="48.3391640" lon="15.9381910">
    <ele>233.8</ele>
    <time>2024-06-08T14:47:33Z</time>
    <extensions>
     <gpxtpx:TrackPointExtension>
      <gpxtpx:atemp>32</gpxtpx:atemp>
     </gpxtpx:TrackPointExtension>
    </extensions>
   </trkpt>
   <trkpt lat="48.3393510" lon="15.9376560">
    <ele>233.8</ele>
    <time>2024-06-08T14:47:41Z</time>
    <extensions>
     <gpxtpx:TrackPointExtension>
      <gpxtpx:atemp>32</gpxtpx:atemp>
     </gpxtpx:TrackPointExtension>
    </extensions>
   </trkpt>
   <trkpt lat="48.3395170" lon="15.9371080">
    <ele>233.8</ele>
    <time>2024-06-08T14:47:49Z</time>
    <extensions>
     <gpxtpx:TrackPointExtension>
      <gpxtpx:atemp>32</gpxtpx:atemp>
     </gpxtpx:TrackPointExtension>
    </extensions>
   </trkpt>
   <trkpt lat="48.3396660" lon="15.9365380">
    <ele>233.6</ele>
    <time>2024-06-08T14:47:57Z</time>
    <extensions>
     <gpxtpx:TrackPointExtension>
      <gpxtpx:atemp>32</gpxtpx:atemp>
     </gpxtpx:TrackPointExtension>
    </extensions>
   </trkpt>
   <trkpt lat="48.3396850" lon="15.9364680">
    <ele>233.6</ele>
    <time>2024-06-08T14:47:58Z</time>
    <extensions>
     <gpxtpx:TrackPointExtension>
      <gpxtpx:atemp>32</gpxtpx:atemp>
     </gpxtpx:TrackPointExtension>
    </extensions>
   </trkpt>
   <trkpt lat="48.3397630" lon="15.9361340">
    <ele>233.6</ele>
    <time>2024-06-08T14:48:03Z</time>
    <extensions>
     <gpxtpx:TrackPointExtension>
      <gpxtpx:atemp>32</gpxtpx:atemp>
     </gpxtpx:TrackPointExtension>
    </extensions>
   </trkpt>
   <trkpt lat="48.3398660" lon="15.9355020">
    <ele>233.4</ele>
    <time>2024-06-08T14:48:12Z</time>
    <extensions>
     <gpxtpx:TrackPointExtension>
      <gpxtpx:atemp>32</gpxtpx:atemp>
     </gpxtpx:TrackPointExtension>
    </extensions>
   </trkpt>
   <trkpt lat="48.3399590" lon="15.9348250">
    <ele>233.2</ele>
    <time>2024-06-08T14:48:22Z</time>
    <extensions>
     <gpxtpx:TrackPointExtension>
      <gpxtpx:atemp>32</gpxtpx:atemp>
     </gpxtpx:TrackPointExtension>
    </extensions>
   </trkpt>
   <trkpt lat="48.3401210" lon="15.9342070">
    <ele>233.2</ele>
    <time>2024-06-08T14:48:31Z</time>
    <extensions>
     <gpxtpx:TrackPointExtension>
      <gpxtpx:atemp>32</gpxtpx:atemp>
     </gpxtpx:TrackPointExtension>
    </extensions>
   </trkpt>
   <trkpt lat="48.3401590" lon="15.9340780">
    <ele>233.2</ele>
    <time>2024-06-08T14:48:33Z</time>
    <extensions>
     <gpxtpx:TrackPointExtension>
      <gpxtpx:atemp>32</gpxtpx:atemp>
     </gpxtpx:TrackPointExtension>
    </extensions>
   </trkpt>
   <trkpt lat="48.3402270" lon="15.9338980">
    <ele>233.4</ele>
    <time>2024-06-08T14:48:36Z</time>
    <extensions>
     <gpxtpx:TrackPointExtension>
      <gpxtpx:atemp>32</gpxtpx:atemp>
     </gpxtpx:TrackPointExtension>
    </extensions>
   </trkpt>
   <trkpt lat="48.3403100" lon="15.9336100">
    <ele>233.4</ele>
    <time>2024-06-08T14:48:41Z</time>
    <extensions>
     <gpxtpx:TrackPointExtension>
      <gpxtpx:atemp>32</gpxtpx:atemp>
     </gpxtpx:TrackPointExtension>
    </extensions>
   </trkpt>
   <trkpt lat="48.3403450" lon="15.9334880">
    <ele>233.6</ele>
    <time>2024-06-08T14:48:43Z</time>
    <extensions>
     <gpxtpx:TrackPointExtension>
      <gpxtpx:atemp>32</gpxtpx:atemp>
     </gpxtpx:TrackPointExtension>
    </extensions>
   </trkpt>
   <trkpt lat="48.3404800" lon="15.9329400">
    <ele>233.8</ele>
    <time>2024-06-08T14:48:51Z</time>
    <extensions>
     <gpxtpx:TrackPointExtension>
      <gpxtpx:atemp>32</gpxtpx:atemp>
     </gpxtpx:TrackPointExtension>
    </extensions>
   </trkpt>
   <trkpt lat="48.3406400" lon="15.9323670">
    <ele>233.2</ele>
    <time>2024-06-08T14:48:59Z</time>
    <extensions>
     <gpxtpx:TrackPointExtension>
      <gpxtpx:atemp>32</gpxtpx:atemp>
     </gpxtpx:TrackPointExtension>
    </extensions>
   </trkpt>
   <trkpt lat="48.3407850" lon="15.9318080">
    <ele>233.2</ele>
    <time>2024-06-08T14:49:07Z</time>
    <extensions>
     <gpxtpx:TrackPointExtension>
      <gpxtpx:atemp>32</gpxtpx:atemp>
     </gpxtpx:TrackPointExtension>
    </extensions>
   </trkpt>
   <trkpt lat="48.3408000" lon="15.9317560">
    <ele>233.2</ele>
    <time>2024-06-08T14:49:08Z</time>
    <extensions>
     <gpxtpx:TrackPointExtension>
      <gpxtpx:atemp>32</gpxtpx:atemp>
     </gpxtpx:TrackPointExtension>
    </extensions>
   </trkpt>
   <trkpt lat="48.3408890" lon="15.9313880">
    <ele>233.2</ele>
    <time>2024-06-08T14:49:13Z</time>
    <extensions>
     <gpxtpx:TrackPointExtension>
      <gpxtpx:atemp>32</gpxtpx:atemp>
     </gpxtpx:TrackPointExtension>
    </extensions>
   </trkpt>
   <trkpt lat="48.3409330" lon="15.9312460">
    <ele>233.4</ele>
    <time>2024-06-08T14:49:15Z</time>
    <extensions>
     <gpxtpx:TrackPointExtension>
      <gpxtpx:atemp>32</gpxtpx:atemp>
     </gpxtpx:TrackPointExtension>
    </extensions>
   </trkpt>
   <trkpt lat="48.3410250" lon="15.9309610">
    <ele>233.6</ele>
    <time>2024-06-08T14:49:19Z</time>
    <extensions>
     <gpxtpx:TrackPointExtension>
      <gpxtpx:atemp>32</gpxtpx:atemp>
     </gpxtpx:TrackPointExtension>
    </extensions>
   </trkpt>
   <trkpt lat="48.3410810" lon="15.9307370">
    <ele>233.8</ele>
    <time>2024-06-08T14:49:22Z</time>
    <extensions>
     <gpxtpx:TrackPointExtension>
      <gpxtpx:atemp>32</gpxtpx:atemp>
     </gpxtpx:TrackPointExtension>
    </extensions>
   </trkpt>
   <trkpt lat="48.3412420" lon="15.9302930">
    <ele>233.6</ele>
    <time>2024-06-08T14:49:29Z</time>
    <extensions>
     <gpxtpx:TrackPointExtension>
      <gpxtpx:atemp>32</gpxtpx:atemp>
     </gpxtpx:TrackPointExtension>
    </extensions>
   </trkpt>
   <trkpt lat="48.3413420" lon="15.9299670">
    <ele>233.6</ele>
    <time>2024-06-08T14:49:34Z</time>
    <extensions>
     <gpxtpx:TrackPointExtension>
      <gpxtpx:atemp>32</gpxtpx:atemp>
     </gpxtpx:TrackPointExtension>
    </extensions>
   </trkpt>
   <trkpt lat="48.3413840" lon="15.9298480">
    <ele>233.6</ele>
    <time>2024-06-08T14:49:36Z</time>
    <extensions>
     <gpxtpx:TrackPointExtension>
      <gpxtpx:atemp>32</gpxtpx:atemp>
     </gpxtpx:TrackPointExtension>
    </extensions>
   </trkpt>
   <trkpt lat="48.3414130" lon="15.9297710">
    <ele>233.6</ele>
    <time>2024-06-08T14:49:37Z</time>
    <extensions>
     <gpxtpx:TrackPointExtension>
      <gpxtpx:atemp>32</gpxtpx:atemp>
     </gpxtpx:TrackPointExtension>
    </extensions>
   </trkpt>
   <trkpt lat="48.3415310" lon="15.9294170">
    <ele>233.6</ele>
    <time>2024-06-08T14:49:42Z</time>
    <extensions>
     <gpxtpx:TrackPointExtension>
      <gpxtpx:atemp>32</gpxtpx:atemp>
     </gpxtpx:TrackPointExtension>
    </extensions>
   </trkpt>
   <trkpt lat="48.3415560" lon="15.9293450">
    <ele>233.6</ele>
    <time>2024-06-08T14:49:43Z</time>
    <extensions>
     <gpxtpx:TrackPointExtension>
      <gpxtpx:atemp>32</gpxtpx:atemp>
     </gpxtpx:TrackPointExtension>
    </extensions>
   </trkpt>
   <trkpt lat="48.3416820" lon="15.9289640">
    <ele>233.6</ele>
    <time>2024-06-08T14:49:48Z</time>
    <extensions>
     <gpxtpx:TrackPointExtension>
      <gpxtpx:atemp>32</gpxtpx:atemp>
     </gpxtpx:TrackPointExtension>
    </extensions>
   </trkpt>
   <trkpt lat="48.3417220" lon="15.9288170">
    <ele>233.6</ele>
    <time>2024-06-08T14:49:50Z</time>
    <extensions>
     <gpxtpx:TrackPointExtension>
      <gpxtpx:atemp>32</gpxtpx:atemp>
     </gpxtpx:TrackPointExtension>
    </extensions>
   </trkpt>
   <trkpt lat="48.3417730" lon="15.9285780">
    <ele>233.4</ele>
    <time>2024-06-08T14:49:53Z</time>
    <extensions>
     <gpxtpx:TrackPointExtension>
      <gpxtpx:atemp>32</gpxtpx:atemp>
     </gpxtpx:TrackPointExtension>
    </extensions>
   </trkpt>
   <trkpt lat="48.3418710" lon="15.9280500">
    <ele>233.4</ele>
    <time>2024-06-08T14:50:00Z</time>
    <extensions>
     <gpxtpx:TrackPointExtension>
      <gpxtpx:atemp>32</gpxtpx:atemp>
     </gpxtpx:TrackPointExtension>
    </extensions>
   </trkpt>
   <trkpt lat="48.3419810" lon="15.9275100">
    <ele>233.2</ele>
    <time>2024-06-08T14:50:07Z</time>
    <extensions>
     <gpxtpx:TrackPointExtension>
      <gpxtpx:atemp>32</gpxtpx:atemp>
     </gpxtpx:TrackPointExtension>
    </extensions>
   </trkpt>
   <trkpt lat="48.3420510" lon="15.9274020">
    <ele>233.2</ele>
    <time>2024-06-08T14:50:09Z</time>
    <extensions>
     <gpxtpx:TrackPointExtension>
      <gpxtpx:atemp>32</gpxtpx:atemp>
     </gpxtpx:TrackPointExtension>
    </extensions>
   </trkpt>
   <trkpt lat="48.3421050" lon="15.9273430">
    <ele>233.2</ele>
    <time>2024-06-08T14:50:10Z</time>
    <extensions>
     <gpxtpx:TrackPointExtension>
      <gpxtpx:atemp>32</gpxtpx:atemp>
     </gpxtpx:TrackPointExtension>
    </extensions>
   </trkpt>
   <trkpt lat="48.3424150" lon="15.9270170">
    <ele>233.2</ele>
    <time>2024-06-08T14:50:15Z</time>
    <extensions>
     <gpxtpx:TrackPointExtension>
      <gpxtpx:atemp>32</gpxtpx:atemp>
     </gpxtpx:TrackPointExtension>
    </extensions>
   </trkpt>
   <trkpt lat="48.3425250" lon="15.9268920">
    <ele>233.0</ele>
    <time>2024-06-08T14:50:17Z</time>
    <extensions>
     <gpxtpx:TrackPointExtension>
      <gpxtpx:atemp>32</gpxtpx:atemp>
     </gpxtpx:TrackPointExtension>
    </extensions>
   </trkpt>
   <trkpt lat="48.3427340" lon="15.9266610">
    <ele>232.2</ele>
    <time>2024-06-08T14:50:21Z</time>
    <extensions>
     <gpxtpx:TrackPointExtension>
      <gpxtpx:atemp>32</gpxtpx:atemp>
     </gpxtpx:TrackPointExtension>
    </extensions>
   </trkpt>
   <trkpt lat="48.3427860" lon="15.9266090">
    <ele>232.2</ele>
    <time>2024-06-08T14:50:22Z</time>
    <extensions>
     <gpxtpx:TrackPointExtension>
      <gpxtpx:atemp>32</gpxtpx:atemp>
     </gpxtpx:TrackPointExtension>
    </extensions>
   </trkpt>
   <trkpt lat="48.3430880" lon="15.9263010">
    <ele>232.0</ele>
    <time>2024-06-08T14:50:28Z</time>
    <extensions>
     <gpxtpx:TrackPointExtension>
      <gpxtpx:atemp>32</gpxtpx:atemp>
     </gpxtpx:TrackPointExtension>
    </extensions>
   </trkpt>
   <trkpt lat="48.3432520" lon="15.9260830">
    <ele>232.0</ele>
    <time>2024-06-08T14:50:32Z</time>
    <extensions>
     <gpxtpx:TrackPointExtension>
      <gpxtpx:atemp>32</gpxtpx:atemp>
     </gpxtpx:TrackPointExtension>
    </extensions>
   </trkpt>
   <trkpt lat="48.3432800" lon="15.9260440">
    <ele>232.0</ele>
    <time>2024-06-08T14:50:33Z</time>
    <extensions>
     <gpxtpx:TrackPointExtension>
      <gpxtpx:atemp>31</gpxtpx:atemp>
     </gpxtpx:TrackPointExtension>
    </extensions>
   </trkpt>
   <trkpt lat="48.3433570" lon="15.9259290">
    <ele>232.0</ele>
    <time>2024-06-08T14:50:35Z</time>
    <extensions>
     <gpxtpx:TrackPointExtension>
      <gpxtpx:atemp>31</gpxtpx:atemp>
     </gpxtpx:TrackPointExtension>
    </extensions>
   </trkpt>
   <trkpt lat="48.3434300" lon="15.9257490">
    <ele>232.0</ele>
    <time>2024-06-08T14:50:38Z</time>
    <extensions>
     <gpxtpx:TrackPointExtension>
      <gpxtpx:atemp>31</gpxtpx:atemp>
     </gpxtpx:TrackPointExtension>
    </extensions>
   </trkpt>
   <trkpt lat="48.3434820" lon="15.9256290">
    <ele>232.2</ele>
    <time>2024-06-08T14:50:40Z</time>
    <extensions>
     <gpxtpx:TrackPointExtension>
      <gpxtpx:atemp>31</gpxtpx:atemp>
     </gpxtpx:TrackPointExtension>
    </extensions>
   </trkpt>
   <trkpt lat="48.3435390" lon="15.9254620">
    <ele>232.4</ele>
    <time>2024-06-08T14:50:42Z</time>
    <extensions>
     <gpxtpx:TrackPointExtension>
      <gpxtpx:atemp>31</gpxtpx:atemp>
     </gpxtpx:TrackPointExtension>
    </extensions>
   </trkpt>
   <trkpt lat="48.3435880" lon="15.9253190">
    <ele>232.6</ele>
    <time>2024-06-08T14:50:44Z</time>
    <extensions>
     <gpxtpx:TrackPointExtension>
      <gpxtpx:atemp>31</gpxtpx:atemp>
     </gpxtpx:TrackPointExtension>
    </extensions>
   </trkpt>
   <trkpt lat="48.3436380" lon="15.9250850">
    <ele>232.6</ele>
    <time>2024-06-08T14:50:47Z</time>
    <extensions>
     <gpxtpx:TrackPointExtension>
      <gpxtpx:atemp>31</gpxtpx:atemp>
     </gpxtpx:TrackPointExtension>
    </extensions>
   </trkpt>
   <trkpt lat="48.3436710" lon="15.9248990">
    <ele>232.6</ele>
    <time>2024-06-08T14:50:49Z</time>
    <extensions>
     <gpxtpx:TrackPointExtension>
      <gpxtpx:atemp>31</gpxtpx:atemp>
     </gpxtpx:TrackPointExtension>
    </extensions>
   </trkpt>
   <trkpt lat="48.3436840" lon="15.9248320">
    <ele>232.6</ele>
    <time>2024-06-08T14:50:50Z</time>
    <extensions>
     <gpxtpx:TrackPointExtension>
      <gpxtpx:atemp>31</gpxtpx:atemp>
     </gpxtpx:TrackPointExtension>
    </extensions>
   </trkpt>
   <trkpt lat="48.3437170" lon="15.9246740">
    <ele>232.6</ele>
    <time>2024-06-08T14:50:52Z</time>
    <extensions>
     <gpxtpx:TrackPointExtension>
      <gpxtpx:atemp>31</gpxtpx:atemp>
     </gpxtpx:TrackPointExtension>
    </extensions>
   </trkpt>
   <trkpt lat="48.3437410" lon="15.9245980">
    <ele>232.6</ele>
    <time>2024-06-08T14:50:53Z</time>
    <extensions>
     <gpxtpx:TrackPointExtension>
      <gpxtpx:atemp>31</gpxtpx:atemp>
     </gpxtpx:TrackPointExtension>
    </extensions>
   </trkpt>
   <trkpt lat="48.3437510" lon="15.9245190">
    <ele>232.6</ele>
    <time>2024-06-08T14:50:54Z</time>
    <extensions>
     <gpxtpx:TrackPointExtension>
      <gpxtpx:atemp>31</gpxtpx:atemp>
     </gpxtpx:TrackPointExtension>
    </extensions>
   </trkpt>
   <trkpt lat="48.3437810" lon="15.9243810">
    <ele>232.6</ele>
    <time>2024-06-08T14:50:56Z</time>
    <extensions>
     <gpxtpx:TrackPointExtension>
      <gpxtpx:atemp>31</gpxtpx:atemp>
     </gpxtpx:TrackPointExtension>
    </extensions>
   </trkpt>
   <trkpt lat="48.3438170" lon="15.9242250">
    <ele>232.6</ele>
    <time>2024-06-08T14:50:58Z</time>
    <extensions>
     <gpxtpx:TrackPointExtension>
      <gpxtpx:atemp>31</gpxtpx:atemp>
     </gpxtpx:TrackPointExtension>
    </extensions>
   </trkpt>
   <trkpt lat="48.3439050" lon="15.9238880">
    <ele>232.6</ele>
    <time>2024-06-08T14:51:03Z</time>
    <extensions>
     <gpxtpx:TrackPointExtension>
      <gpxtpx:atemp>31</gpxtpx:atemp>
     </gpxtpx:TrackPointExtension>
    </extensions>
   </trkpt>
   <trkpt lat="48.3439350" lon="15.9237670">
    <ele>232.6</ele>
    <time>2024-06-08T14:51:05Z</time>
    <extensions>
     <gpxtpx:TrackPointExtension>
      <gpxtpx:atemp>31</gpxtpx:atemp>
     </gpxtpx:TrackPointExtension>
    </extensions>
   </trkpt>
   <trkpt lat="48.3439800" lon="15.9235440">
    <ele>232.8</ele>
    <time>2024-06-08T14:51:10Z</time>
    <extensions>
     <gpxtpx:TrackPointExtension>
      <gpxtpx:atemp>31</gpxtpx:atemp>
     </gpxtpx:TrackPointExtension>
    </extensions>
   </trkpt>
   <trkpt lat="48.3439960" lon="15.9235170">
    <ele>233.0</ele>
    <time>2024-06-08T14:51:11Z</time>
    <extensions>
     <gpxtpx:TrackPointExtension>
      <gpxtpx:atemp>31</gpxtpx:atemp>
     </gpxtpx:TrackPointExtension>
    </extensions>
   </trkpt>
   <trkpt lat="48.3440370" lon="15.9234900">
    <ele>233.0</ele>
    <time>2024-06-08T14:51:13Z</time>
    <extensions>
     <gpxtpx:TrackPointExtension>
      <gpxtpx:atemp>31</gpxtpx:atemp>
     </gpxtpx:TrackPointExtension>
    </extensions>
   </trkpt>
   <trkpt lat="48.3440890" lon="15.9234900">
    <ele>232.8</ele>
    <time>2024-06-08T14:51:15Z</time>
    <extensions>
     <gpxtpx:TrackPointExtension>
      <gpxtpx:atemp>31</gpxtpx:atemp>
     </gpxtpx:TrackPointExtension>
    </extensions>
   </trkpt>
   <trkpt lat="48.3441420" lon="15.9235220">
    <ele>233.0</ele>
    <time>2024-06-08T14:51:17Z</time>
    <extensions>
     <gpxtpx:TrackPointExtension>
      <gpxtpx:atemp>31</gpxtpx:atemp>
     </gpxtpx:TrackPointExtension>
    </extensions>
   </trkpt>
   <trkpt lat="48.3443710" lon="15.9236590">
    <ele>232.6</ele>
    <time>2024-06-08T14:51:23Z</time>
    <extensions>
     <gpxtpx:TrackPointExtension>
      <gpxtpx:atemp>31</gpxtpx:atemp>
     </gpxtpx:TrackPointExtension>
    </extensions>
   </trkpt>
   <trkpt lat="48.3446500" lon="15.9238490">
    <ele>232.0</ele>
    <time>2024-06-08T14:51:30Z</time>
    <extensions>
     <gpxtpx:TrackPointExtension>
      <gpxtpx:atemp>31</gpxtpx:atemp>
     </gpxtpx:TrackPointExtension>
    </extensions>
   </trkpt>
   <trkpt lat="48.3447870" lon="15.9239410">
    <ele>231.8</ele>
    <time>2024-06-08T14:51:33Z</time>
    <extensions>
     <gpxtpx:TrackPointExtension>
      <gpxtpx:atemp>31</gpxtpx:atemp>
     </gpxtpx:TrackPointExtension>
    </extensions>
   </trkpt>
   <trkpt lat="48.3448420" lon="15.9239760">
    <ele>231.8</ele>
    <time>2024-06-08T14:51:34Z</time>
    <extensions>
     <gpxtpx:TrackPointExtension>
      <gpxtpx:atemp>31</gpxtpx:atemp>
     </gpxtpx:TrackPointExtension>
    </extensions>
   </trkpt>
   <trkpt lat="48.3449320" lon="15.9240250">
    <ele>231.6</ele>
    <time>2024-06-08T14:51:36Z</time>
    <extensions>
     <gpxtpx:TrackPointExtension>
      <gpxtpx:atemp>31</gpxtpx:atemp>
     </gpxtpx:TrackPointExtension>
    </extensions>
   </trkpt>
   <trkpt lat="48.3449880" lon="15.9240620">
    <ele>231.6</ele>
    <time>2024-06-08T14:51:37Z</time>
    <extensions>
     <gpxtpx:TrackPointExtension>
      <gpxtpx:atemp>31</gpxtpx:atemp>
     </gpxtpx:TrackPointExtension>
    </extensions>
   </trkpt>
   <trkpt lat="48.3450820" lon="15.9241210">
    <ele>231.4</ele>
    <time>2024-06-08T14:51:39Z</time>
    <extensions>
     <gpxtpx:TrackPointExtension>
      <gpxtpx:atemp>31</gpxtpx:atemp>
     </gpxtpx:TrackPointExtension>
    </extensions>
   </trkpt>
   <trkpt lat="48.3451840" lon="15.9241370">
    <ele>231.4</ele>
    <time>2024-06-08T14:51:41Z</time>
    <extensions>
     <gpxtpx:TrackPointExtension>
      <gpxtpx:atemp>31</gpxtpx:atemp>
     </gpxtpx:TrackPointExtension>
    </extensions>
   </trkpt>
   <trkpt lat="48.3452350" lon="15.9240270">
    <ele>231.4</ele>
    <time>2024-06-08T14:51:43Z</time>
    <extensions>
     <gpxtpx:TrackPointExtension>
      <gpxtpx:atemp>31</gpxtpx:atemp>
     </gpxtpx:TrackPointExtension>
    </extensions>
   </trkpt>
   <trkpt lat="48.3452820" lon="15.9238330">
    <ele>231.4</ele>
    <time>2024-06-08T14:51:46Z</time>
    <extensions>
     <gpxtpx:TrackPointExtension>
      <gpxtpx:atemp>31</gpxtpx:atemp>
     </gpxtpx:TrackPointExtension>
    </extensions>
   </trkpt>
   <trkpt lat="48.3453140" lon="15.9236550">
    <ele>231.4</ele>
    <time>2024-06-08T14:51:49Z</time>
    <extensions>
     <gpxtpx:TrackPointExtension>
      <gpxtpx:atemp>30</gpxtpx:atemp>
     </gpxtpx:TrackPointExtension>
    </extensions>
   </trkpt>
   <trkpt lat="48.3454220" lon="15.9232370">
    <ele>231.6</ele>
    <time>2024-06-08T14:51:55Z</time>
    <extensions>
     <gpxtpx:TrackPointExtension>
      <gpxtpx:atemp>30</gpxtpx:atemp>
     </gpxtpx:TrackPointExtension>
    </extensions>
   </trkpt>
   <trkpt lat="48.3454430" lon="15.9231660">
    <ele>231.6</ele>
    <time>2024-06-08T14:51:56Z</time>
    <extensions>
     <gpxtpx:TrackPointExtension>
      <gpxtpx:atemp>30</gpxtpx:atemp>
     </gpxtpx:TrackPointExtension>
    </extensions>
   </trkpt>
   <trkpt lat="48.3455690" lon="15.9226750">
    <ele>231.8</ele>
    <time>2024-06-08T14:52:03Z</time>
    <extensions>
     <gpxtpx:TrackPointExtension>
      <gpxtpx:atemp>30</gpxtpx:atemp>
     </gpxtpx:TrackPointExtension>
    </extensions>
   </trkpt>
   <trkpt lat="48.3456480" lon="15.9223410">
    <ele>232.0</ele>
    <time>2024-06-08T14:52:08Z</time>
    <extensions>
     <gpxtpx:TrackPointExtension>
      <gpxtpx:atemp>30</gpxtpx:atemp>
     </gpxtpx:TrackPointExtension>
    </extensions>
   </trkpt>
   <trkpt lat="48.3456700" lon="15.9222050">
    <ele>232.2</ele>
    <time>2024-06-08T14:52:10Z</time>
    <extensions>
     <gpxtpx:TrackPointExtension>
      <gpxtpx:atemp>30</gpxtpx:atemp>
     </gpxtpx:TrackPointExtension>
    </extensions>
   </trkpt>
   <trkpt lat="48.3456910" lon="15.9221280">
    <ele>232.2</ele>
    <time>2024-06-08T14:52:11Z</time>
    <extensions>
     <gpxtpx:TrackPointExtension>
      <gpxtpx:atemp>30</gpxtpx:atemp>
     </gpxtpx:TrackPointExtension>
    </extensions>
   </trkpt>
   <trkpt lat="48.3457150" lon="15.9220620">
    <ele>232.2</ele>
    <time>2024-06-08T14:52:12Z</time>
    <extensions>
     <gpxtpx:TrackPointExtension>
      <gpxtpx:atemp>30</gpxtpx:atemp>
     </gpxtpx:TrackPointExtension>
    </extensions>
   </trkpt>
   <trkpt lat="48.3457910" lon="15.9217240">
    <ele>232.2</ele>
    <time>2024-06-08T14:52:17Z</time>
    <extensions>
     <gpxtpx:TrackPointExtension>
      <gpxtpx:atemp>30</gpxtpx:atemp>
     </gpxtpx:TrackPointExtension>
    </extensions>
   </trkpt>
   <trkpt lat="48.3458440" lon="15.9215100">
    <ele>232.2</ele>
    <time>2024-06-08T14:52:20Z</time>
    <extensions>
     <gpxtpx:TrackPointExtension>
      <gpxtpx:atemp>30</gpxtpx:atemp>
     </gpxtpx:TrackPointExtension>
    </extensions>
   </trkpt>
   <trkpt lat="48.3459230" lon="15.9211540">
    <ele>232.2</ele>
    <time>2024-06-08T14:52:25Z</time>
    <extensions>
     <gpxtpx:TrackPointExtension>
      <gpxtpx:atemp>30</gpxtpx:atemp>
     </gpxtpx:TrackPointExtension>
    </extensions>
   </trkpt>
   <trkpt lat="48.3460500" lon="15.9206130">
    <ele>232.0</ele>
    <time>2024-06-08T14:52:32Z</time>
    <extensions>
     <gpxtpx:TrackPointExtension>
      <gpxtpx:atemp>30</gpxtpx:atemp>
     </gpxtpx:TrackPointExtension>
    </extensions>
   </trkpt>
   <trkpt lat="48.3461640" lon="15.9201470">
    <ele>232.2</ele>
    <time>2024-06-08T14:52:38Z</time>
    <extensions>
     <gpxtpx:TrackPointExtension>
      <gpxtpx:atemp>30</gpxtpx:atemp>
     </gpxtpx:TrackPointExtension>
    </extensions>
   </trkpt>
   <trkpt lat="48.3461930" lon="15.9199950">
    <ele>232.2</ele>
    <time>2024-06-08T14:52:40Z</time>
    <extensions>
     <gpxtpx:TrackPointExtension>
      <gpxtpx:atemp>30</gpxtpx:atemp>
     </gpxtpx:TrackPointExtension>
    </extensions>
   </trkpt>
   <trkpt lat="48.3462040" lon="15.9199130">
    <ele>232.2</ele>
    <time>2024-06-08T14:52:41Z</time>
    <extensions>
     <gpxtpx:TrackPointExtension>
      <gpxtpx:atemp>30</gpxtpx:atemp>
     </gpxtpx:TrackPointExtension>
    </extensions>
   </trkpt>
   <trkpt lat="48.3463230" lon="15.9192670">
    <ele>232.2</ele>
    <time>2024-06-08T14:52:49Z</time>
    <extensions>
     <gpxtpx:TrackPointExtension>
      <gpxtpx:atemp>29</gpxtpx:atemp>
     </gpxtpx:TrackPointExtension>
    </extensions>
   </trkpt>
   <trkpt lat="48.3464000" lon="15.9188320">
    <ele>232.6</ele>
    <time>2024-06-08T14:52:55Z</time>
    <extensions>
     <gpxtpx:TrackPointExtension>
      <gpxtpx:atemp>29</gpxtpx:atemp>
     </gpxtpx:TrackPointExtension>
    </extensions>
   </trkpt>
   <trkpt lat="48.3464120" lon="15.9186790">
    <ele>232.6</ele>
    <time>2024-06-08T14:52:57Z</time>
    <extensions>
     <gpxtpx:TrackPointExtension>
      <gpxtpx:atemp>29</gpxtpx:atemp>
     </gpxtpx:TrackPointExtension>
    </extensions>
   </trkpt>
   <trkpt lat="48.3464770" lon="15.9182980">
    <ele>232.6</ele>
    <time>2024-06-08T14:53:02Z</time>
    <extensions>
     <gpxtpx:TrackPointExtension>
      <gpxtpx:atemp>29</gpxtpx:atemp>
     </gpxtpx:TrackPointExtension>
    </extensions>
   </trkpt>
   <trkpt lat="48.3465640" lon="15.9177910">
    <ele>232.4</ele>
    <time>2024-06-08T14:53:08Z</time>
    <extensions>
     <gpxtpx:TrackPointExtension>
      <gpxtpx:atemp>29</gpxtpx:atemp>
     </gpxtpx:TrackPointExtension>
    </extensions>
   </trkpt>
   <trkpt lat="48.3465800" lon="15.9175330">
    <ele>232.2</ele>
    <time>2024-06-08T14:53:11Z</time>
    <extensions>
     <gpxtpx:TrackPointExtension>
      <gpxtpx:atemp>29</gpxtpx:atemp>
     </gpxtpx:TrackPointExtension>
    </extensions>
   </trkpt>
   <trkpt lat="48.3465890" lon="15.9173750">
    <ele>232.2</ele>
    <time>2024-06-08T14:53:13Z</time>
    <extensions>
     <gpxtpx:TrackPointExtension>
      <gpxtpx:atemp>29</gpxtpx:atemp>
     </gpxtpx:TrackPointExtension>
    </extensions>
   </trkpt>
   <trkpt lat="48.3465930" lon="15.9172330">
    <ele>232.2</ele>
    <time>2024-06-08T14:53:15Z</time>
    <extensions>
     <gpxtpx:TrackPointExtension>
      <gpxtpx:atemp>29</gpxtpx:atemp>
     </gpxtpx:TrackPointExtension>
    </extensions>
   </trkpt>
   <trkpt lat="48.3466490" lon="15.9167700">
    <ele>232.2</ele>
    <time>2024-06-08T14:53:21Z</time>
    <extensions>
     <gpxtpx:TrackPointExtension>
      <gpxtpx:atemp>29</gpxtpx:atemp>
     </gpxtpx:TrackPointExtension>
    </extensions>
   </trkpt>
   <trkpt lat="48.3467050" lon="15.9163370">
    <ele>232.4</ele>
    <time>2024-06-08T14:53:27Z</time>
    <extensions>
     <gpxtpx:TrackPointExtension>
      <gpxtpx:atemp>29</gpxtpx:atemp>
     </gpxtpx:TrackPointExtension>
    </extensions>
   </trkpt>
   <trkpt lat="48.3467170" lon="15.9162490">
    <ele>232.4</ele>
    <time>2024-06-08T14:53:28Z</time>
    <extensions>
     <gpxtpx:TrackPointExtension>
      <gpxtpx:atemp>29</gpxtpx:atemp>
     </gpxtpx:TrackPointExtension>
    </extensions>
   </trkpt>
   <trkpt lat="48.3467470" lon="15.9157760">
    <ele>232.6</ele>
    <time>2024-06-08T14:53:34Z</time>
    <extensions>
     <gpxtpx:TrackPointExtension>
      <gpxtpx:atemp>29</gpxtpx:atemp>
     </gpxtpx:TrackPointExtension>
    </extensions>
   </trkpt>
   <trkpt lat="48.3467610" lon="15.9156410">
    <ele>232.6</ele>
    <time>2024-06-08T14:53:36Z</time>
    <extensions>
     <gpxtpx:TrackPointExtension>
      <gpxtpx:atemp>29</gpxtpx:atemp>
     </gpxtpx:TrackPointExtension>
    </extensions>
   </trkpt>
   <trkpt lat="48.3468140" lon="15.9151570">
    <ele>232.4</ele>
    <time>2024-06-08T14:53:42Z</time>
    <extensions>
     <gpxtpx:TrackPointExtension>
      <gpxtpx:atemp>29</gpxtpx:atemp>
     </gpxtpx:TrackPointExtension>
    </extensions>
   </trkpt>
   <trkpt lat="48.3468970" lon="15.9144810">
    <ele>232.4</ele>
    <time>2024-06-08T14:53:50Z</time>
    <extensions>
     <gpxtpx:TrackPointExtension>
      <gpxtpx:atemp>28</gpxtpx:atemp>
     </gpxtpx:TrackPointExtension>
    </extensions>
   </trkpt>
   <trkpt lat="48.3469680" lon="15.9138540">
    <ele>232.4</ele>
    <time>2024-06-08T14:53:58Z</time>
    <extensions>
     <gpxtpx:TrackPointExtension>
      <gpxtpx:atemp>28</gpxtpx:atemp>
     </gpxtpx:TrackPointExtension>
    </extensions>
   </trkpt>
   <trkpt lat="48.3469810" lon="15.9137790">
    <ele>232.4</ele>
    <time>2024-06-08T14:53:59Z</time>
    <extensions>
     <gpxtpx:TrackPointExtension>
      <gpxtpx:atemp>28</gpxtpx:atemp>
     </gpxtpx:TrackPointExtension>
    </extensions>
   </trkpt>
   <trkpt lat="48.3469990" lon="15.9136190">
    <ele>232.4</ele>
    <time>2024-06-08T14:54:01Z</time>
    <extensions>
     <gpxtpx:TrackPointExtension>
      <gpxtpx:atemp>28</gpxtpx:atemp>
     </gpxtpx:TrackPointExtension>
    </extensions>
   </trkpt>
   <trkpt lat="48.3470060" lon="15.9134570">
    <ele>232.4</ele>
    <time>2024-06-08T14:54:03Z</time>
    <extensions>
     <gpxtpx:TrackPointExtension>
      <gpxtpx:atemp>28</gpxtpx:atemp>
     </gpxtpx:TrackPointExtension>
    </extensions>
   </trkpt>
   <trkpt lat="48.3470190" lon="15.9129000">
    <ele>232.6</ele>
    <time>2024-06-08T14:54:11Z</time>
    <extensions>
     <gpxtpx:TrackPointExtension>
      <gpxtpx:atemp>28</gpxtpx:atemp>
     </gpxtpx:TrackPointExtension>
    </extensions>
   </trkpt>
   <trkpt lat="48.3470320" lon="15.9125730">
    <ele>232.6</ele>
    <time>2024-06-08T14:54:17Z</time>
    <extensions>
     <gpxtpx:TrackPointExtension>
      <gpxtpx:atemp>28</gpxtpx:atemp>
     </gpxtpx:TrackPointExtension>
    </extensions>
   </trkpt>
   <trkpt lat="48.3469910" lon="15.9123420">
    <ele>232.6</ele>
    <time>2024-06-08T14:54:21Z</time>
    <extensions>
     <gpxtpx:TrackPointExtension>
      <gpxtpx:atemp>28</gpxtpx:atemp>
     </gpxtpx:TrackPointExtension>
    </extensions>
   </trkpt>
   <trkpt lat="48.3469800" lon="15.9122640">
    <ele>232.6</ele>
    <time>2024-06-08T14:54:22Z</time>
    <extensions>
     <gpxtpx:TrackPointExtension>
      <gpxtpx:atemp>28</gpxtpx:atemp>
     </gpxtpx:TrackPointExtension>
    </extensions>
   </trkpt>
   <trkpt lat="48.3469650" lon="15.9119690">
    <ele>232.6</ele>
    <time>2024-06-08T14:54:26Z</time>
    <extensions>
     <gpxtpx:TrackPointExtension>
      <gpxtpx:atemp>28</gpxtpx:atemp>
     </gpxtpx:TrackPointExtension>
    </extensions>
   </trkpt>
   <trkpt lat="48.3469830" lon="15.9118700">
    <ele>232.6</ele>
    <time>2024-06-08T14:54:28Z</time>
    <extensions>
     <gpxtpx:TrackPointExtension>
      <gpxtpx:atemp>28</gpxtpx:atemp>
     </gpxtpx:TrackPointExtension>
    </extensions>
   </trkpt>
   <trkpt lat="48.3471240" lon="15.9115940">
    <ele>232.4</ele>
    <time>2024-06-08T14:54:35Z</time>
    <extensions>
     <gpxtpx:TrackPointExtension>
      <gpxtpx:atemp>28</gpxtpx:atemp>
     </gpxtpx:TrackPointExtension>
    </extensions>
   </trkpt>
   <trkpt lat="48.3472610" lon="15.9112870">
    <ele>232.6</ele>
    <time>2024-06-08T14:54:44Z</time>
    <extensions>
     <gpxtpx:TrackPointExtension>
      <gpxtpx:atemp>28</gpxtpx:atemp>
     </gpxtpx:TrackPointExtension>
    </extensions>
   </trkpt>
   <trkpt lat="48.3473490" lon="15.9110240">
    <ele>232.6</ele>
    <time>2024-06-08T14:54:52Z</time>
    <extensions>
     <gpxtpx:TrackPointExtension>
      <gpxtpx:atemp>28</gpxtpx:atemp>
     </gpxtpx:TrackPointExtension>
    </extensions>
   </trkpt>
   <trkpt lat="48.3473830" lon="15.9109400">
    <ele>233.0</ele>
    <time>2024-06-08T14:54:56Z</time>
    <extensions>
     <gpxtpx:TrackPointExtension>
      <gpxtpx:atemp>28</gpxtpx:atemp>
     </gpxtpx:TrackPointExtension>
    </extensions>
   </trkpt>
   <trkpt lat="48.3473930" lon="15.9109350">
    <ele>233.0</ele>
    <time>2024-06-08T14:54:57Z</time>
    <extensions>
     <gpxtpx:TrackPointExtension>
      <gpxtpx:atemp>28</gpxtpx:atemp>
     </gpxtpx:TrackPointExtension>
    </extensions>
   </trkpt>
   <trkpt lat="48.3474210" lon="15.9109370">
    <ele>233.0</ele>
    <time>2024-06-08T14:55:02Z</time>
    <extensions>
     <gpxtpx:TrackPointExtension>
      <gpxtpx:atemp>28</gpxtpx:atemp>
     </gpxtpx:TrackPointExtension>
    </extensions>
   </trkpt>
   <trkpt lat="48.3474000" lon="15.9108210">
    <ele>232.8</ele>
    <time>2024-06-08T14:57:29Z</time>
    <extensions>
     <gpxtpx:TrackPointExtension>
      <gpxtpx:atemp>30</gpxtpx:atemp>
     </gpxtpx:TrackPointExtension>
    </extensions>
   </trkpt>
   <trkpt lat="48.3474270" lon="15.9107330">
    <ele>233.0</ele>
    <time>2024-06-08T14:57:32Z</time>
    <extensions>
     <gpxtpx:TrackPointExtension>
      <gpxtpx:atemp>30</gpxtpx:atemp>
     </gpxtpx:TrackPointExtension>
    </extensions>
   </trkpt>
   <trkpt lat="48.3474910" lon="15.9105720">
    <ele>233.0</ele>
    <time>2024-06-08T14:57:37Z</time>
    <extensions>
     <gpxtpx:TrackPointExtension>
      <gpxtpx:atemp>30</gpxtpx:atemp>
     </gpxtpx:TrackPointExtension>
    </extensions>
   </trkpt>
   <trkpt lat="48.3475080" lon="15.9105500">
    <ele>233.2</ele>
    <time>2024-06-08T14:57:39Z</time>
    <extensions>
     <gpxtpx:TrackPointExtension>
      <gpxtpx:atemp>30</gpxtpx:atemp>
     </gpxtpx:TrackPointExtension>
    </extensions>
   </trkpt>
   <trkpt lat="48.3475080" lon="15.9105500">
    <ele>233.4</ele>
    <time>2024-06-08T14:57:41Z</time>
    <extensions>
     <gpxtpx:TrackPointExtension>
      <gpxtpx:atemp>30</gpxtpx:atemp>
     </gpxtpx:TrackPointExtension>
    </extensions>
   </trkpt>
   <trkpt lat="48.3475250" lon="15.9104930">
    <ele>233.8</ele>
    <time>2024-06-08T14:58:02Z</time>
    <extensions>
     <gpxtpx:TrackPointExtension>
      <gpxtpx:atemp>31</gpxtpx:atemp>
     </gpxtpx:TrackPointExtension>
    </extensions>
   </trkpt>
   <trkpt lat="48.3475380" lon="15.9104440">
    <ele>233.8</ele>
    <time>2024-06-08T14:58:04Z</time>
    <extensions>
     <gpxtpx:TrackPointExtension>
      <gpxtpx:atemp>31</gpxtpx:atemp>
     </gpxtpx:TrackPointExtension>
    </extensions>
   </trkpt>
   <trkpt lat="48.3475500" lon="15.9104160">
    <ele>233.8</ele>
    <time>2024-06-08T14:58:05Z</time>
    <extensions>
     <gpxtpx:TrackPointExtension>
      <gpxtpx:atemp>31</gpxtpx:atemp>
     </gpxtpx:TrackPointExtension>
    </extensions>
   </trkpt>
   <trkpt lat="48.3476060" lon="15.9102700">
    <ele>233.8</ele>
    <time>2024-06-08T14:58:09Z</time>
    <extensions>
     <gpxtpx:TrackPointExtension>
      <gpxtpx:atemp>31</gpxtpx:atemp>
     </gpxtpx:TrackPointExtension>
    </extensions>
   </trkpt>
   <trkpt lat="48.3477260" lon="15.9099700">
    <ele>233.6</ele>
    <time>2024-06-08T14:58:16Z</time>
    <extensions>
     <gpxtpx:TrackPointExtension>
      <gpxtpx:atemp>30</gpxtpx:atemp>
     </gpxtpx:TrackPointExtension>
    </extensions>
   </trkpt>
   <trkpt lat="48.3478680" lon="15.9096120">
    <ele>233.6</ele>
    <time>2024-06-08T14:58:23Z</time>
    <extensions>
     <gpxtpx:TrackPointExtension>
      <gpxtpx:atemp>30</gpxtpx:atemp>
     </gpxtpx:TrackPointExtension>
    </extensions>
   </trkpt>
   <trkpt lat="48.3480750" lon="15.9091030">
    <ele>233.4</ele>
    <time>2024-06-08T14:58:32Z</time>
    <extensions>
     <gpxtpx:TrackPointExtension>
      <gpxtpx:atemp>30</gpxtpx:atemp>
     </gpxtpx:TrackPointExtension>
    </extensions>
   </trkpt>
   <trkpt lat="48.3480960" lon="15.9090520">
    <ele>233.4</ele>
    <time>2024-06-08T14:58:33Z</time>
    <extensions>
     <gpxtpx:TrackPointExtension>
      <gpxtpx:atemp>30</gpxtpx:atemp>
     </gpxtpx:TrackPointExtension>
    </extensions>
   </trkpt>
   <trkpt lat="48.3482080" lon="15.9087690">
    <ele>233.4</ele>
    <time>2024-06-08T14:58:38Z</time>
    <extensions>
     <gpxtpx:TrackPointExtension>
      <gpxtpx:atemp>30</gpxtpx:atemp>
     </gpxtpx:TrackPointExtension>
    </extensions>
   </trkpt>
   <trkpt lat="48.3482540" lon="15.9086450">
    <ele>233.4</ele>
    <time>2024-06-08T14:58:40Z</time>
    <extensions>
     <gpxtpx:TrackPointExtension>
      <gpxtpx:atemp>30</gpxtpx:atemp>
     </gpxtpx:TrackPointExtension>
    </extensions>
   </trkpt>
   <trkpt lat="48.3484030" lon="15.9082680">
    <ele>233.4</ele>
    <time>2024-06-08T14:58:46Z</time>
    <extensions>
     <gpxtpx:TrackPointExtension>
      <gpxtpx:atemp>30</gpxtpx:atemp>
     </gpxtpx:TrackPointExtension>
    </extensions>
   </trkpt>
   <trkpt lat="48.3484700" lon="15.9080900">
    <ele>233.4</ele>
    <time>2024-06-08T14:58:49Z</time>
    <extensions>
     <gpxtpx:TrackPointExtension>
      <gpxtpx:atemp>30</gpxtpx:atemp>
     </gpxtpx:TrackPointExtension>
    </extensions>
   </trkpt>
   <trkpt lat="48.3485400" lon="15.9078980">
    <ele>233.4</ele>
    <time>2024-06-08T14:58:52Z</time>
    <extensions>
     <gpxtpx:TrackPointExtension>
      <gpxtpx:atemp>30</gpxtpx:atemp>
     </gpxtpx:TrackPointExtension>
    </extensions>
   </trkpt>
   <trkpt lat="48.3486900" lon="15.9075550">
    <ele>233.6</ele>
    <time>2024-06-08T14:58:58Z</time>
    <extensions>
     <gpxtpx:TrackPointExtension>
      <gpxtpx:atemp>30</gpxtpx:atemp>
     </gpxtpx:TrackPointExtension>
    </extensions>
   </trkpt>
   <trkpt lat="48.3487520" lon="15.9073860">
    <ele>233.6</ele>
    <time>2024-06-08T14:59:01Z</time>
    <extensions>
     <gpxtpx:TrackPointExtension>
      <gpxtpx:atemp>30</gpxtpx:atemp>
     </gpxtpx:TrackPointExtension>
    </extensions>
   </trkpt>
   <trkpt lat="48.3488880" lon="15.9069460">
    <ele>233.8</ele>
    <time>2024-06-08T14:59:08Z</time>
    <extensions>
     <gpxtpx:TrackPointExtension>
      <gpxtpx:atemp>30</gpxtpx:atemp>
     </gpxtpx:TrackPointExtension>
    </extensions>
   </trkpt>
   <trkpt lat="48.3490120" lon="15.9065680">
    <ele>233.8</ele>
    <time>2024-06-08T14:59:15Z</time>
    <extensions>
     <gpxtpx:TrackPointExtension>
      <gpxtpx:atemp>30</gpxtpx:atemp>
     </gpxtpx:TrackPointExtension>
    </extensions>
   </trkpt>
   <trkpt lat="48.3490440" lon="15.9064570">
    <ele>233.8</ele>
    <time>2024-06-08T14:59:17Z</time>
    <extensions>
     <gpxtpx:TrackPointExtension>
      <gpxtpx:atemp>30</gpxtpx:atemp>
     </gpxtpx:TrackPointExtension>
    </extensions>
   </trkpt>
   <trkpt lat="48.3491490" lon="15.9060880">
    <ele>233.8</ele>
    <time>2024-06-08T14:59:23Z</time>
    <extensions>
     <gpxtpx:TrackPointExtension>
      <gpxtpx:atemp>30</gpxtpx:atemp>
     </gpxtpx:TrackPointExtension>
    </extensions>
   </trkpt>
   <trkpt lat="48.3492980" lon="15.9055210">
    <ele>233.8</ele>
    <time>2024-06-08T14:59:31Z</time>
    <extensions>
     <gpxtpx:TrackPointExtension>
      <gpxtpx:atemp>30</gpxtpx:atemp>
     </gpxtpx:TrackPointExtension>
    </extensions>
   </trkpt>
   <trkpt lat="48.3494810" lon="15.9049160">
    <ele>234.0</ele>
    <time>2024-06-08T14:59:41Z</time>
    <extensions>
     <gpxtpx:TrackPointExtension>
      <gpxtpx:atemp>29</gpxtpx:atemp>
     </gpxtpx:TrackPointExtension>
    </extensions>
   </trkpt>
   <trkpt lat="48.3495570" lon="15.9046600">
    <ele>234.2</ele>
    <time>2024-06-08T14:59:46Z</time>
    <extensions>
     <gpxtpx:TrackPointExtension>
      <gpxtpx:atemp>29</gpxtpx:atemp>
     </gpxtpx:TrackPointExtension>
    </extensions>
   </trkpt>
   <trkpt lat="48.3495650" lon="15.9046120">
    <ele>234.4</ele>
    <time>2024-06-08T14:59:47Z</time>
    <extensions>
     <gpxtpx:TrackPointExtension>
      <gpxtpx:atemp>29</gpxtpx:atemp>
     </gpxtpx:TrackPointExtension>
    </extensions>
   </trkpt>
   <trkpt lat="48.3495910" lon="15.9044850">
    <ele>234.4</ele>
    <time>2024-06-08T14:59:51Z</time>
    <extensions>
     <gpxtpx:TrackPointExtension>
      <gpxtpx:atemp>29</gpxtpx:atemp>
     </gpxtpx:TrackPointExtension>
    </extensions>
   </trkpt>
   <trkpt lat="48.3495950" lon="15.9044780">
    <ele>234.6</ele>
    <time>2024-06-08T14:59:54Z</time>
    <extensions>
     <gpxtpx:TrackPointExtension>
      <gpxtpx:atemp>29</gpxtpx:atemp>
     </gpxtpx:TrackPointExtension>
    </extensions>
   </trkpt>
   <trkpt lat="48.3495250" lon="15.9044670">
    <ele>238.8</ele>
    <time>2024-06-08T15:30:49Z</time>
    <extensions>
     <gpxtpx:TrackPointExtension>
      <gpxtpx:atemp>36</gpxtpx:atemp>
     </gpxtpx:TrackPointExtension>
    </extensions>
   </trkpt>
   <trkpt lat="48.3494140" lon="15.9045370">
    <ele>238.8</ele>
    <time>2024-06-08T15:30:55Z</time>
    <extensions>
     <gpxtpx:TrackPointExtension>
      <gpxtpx:atemp>36</gpxtpx:atemp>
     </gpxtpx:TrackPointExtension>
    </extensions>
   </trkpt>
   <trkpt lat="48.3492070" lon="15.9046470">
    <ele>238.2</ele>
    <time>2024-06-08T15:31:02Z</time>
    <extensions>
     <gpxtpx:TrackPointExtension>
      <gpxtpx:atemp>36</gpxtpx:atemp>
     </gpxtpx:TrackPointExtension>
    </extensions>
   </trkpt>
   <trkpt lat="48.3490100" lon="15.9047530">
    <ele>238.2</ele>
    <time>2024-06-08T15:31:08Z</time>
    <extensions>
     <gpxtpx:TrackPointExtension>
      <gpxtpx:atemp>36</gpxtpx:atemp>
     </gpxtpx:TrackPointExtension>
    </extensions>
   </trkpt>
   <trkpt lat="48.3489710" lon="15.9047790">
    <ele>238.2</ele>
    <time>2024-06-08T15:31:10Z</time>
    <extensions>
     <gpxtpx:TrackPointExtension>
      <gpxtpx:atemp>36</gpxtpx:atemp>
     </gpxtpx:TrackPointExtension>
    </extensions>
   </trkpt>
   <trkpt lat="48.3489510" lon="15.9047790">
    <ele>238.2</ele>
    <time>2024-06-08T15:31:11Z</time>
    <extensions>
     <gpxtpx:TrackPointExtension>
      <gpxtpx:atemp>36</gpxtpx:atemp>
     </gpxtpx:TrackPointExtension>
    </extensions>
   </trkpt>
   <trkpt lat="48.3489100" lon="15.9047930">
    <ele>238.0</ele>
    <time>2024-06-08T15:31:13Z</time>
    <extensions>
     <gpxtpx:TrackPointExtension>
      <gpxtpx:atemp>35</gpxtpx:atemp>
     </gpxtpx:TrackPointExtension>
    </extensions>
   </trkpt>
   <trkpt lat="48.3488070" lon="15.9048570">
    <ele>238.0</ele>
    <time>2024-06-08T15:31:19Z</time>
    <extensions>
     <gpxtpx:TrackPointExtension>
      <gpxtpx:atemp>35</gpxtpx:atemp>
     </gpxtpx:TrackPointExtension>
    </extensions>
   </trkpt>
   <trkpt lat="48.3488030" lon="15.9048750">
    <ele>237.8</ele>
    <time>2024-06-08T15:31:20Z</time>
    <extensions>
     <gpxtpx:TrackPointExtension>
      <gpxtpx:atemp>35</gpxtpx:atemp>
     </gpxtpx:TrackPointExtension>
    </extensions>
   </trkpt>
   <trkpt lat="48.3488030" lon="15.9049030">
    <ele>237.6</ele>
    <time>2024-06-08T15:31:22Z</time>
    <extensions>
     <gpxtpx:TrackPointExtension>
      <gpxtpx:atemp>35</gpxtpx:atemp>
     </gpxtpx:TrackPointExtension>
    </extensions>
   </trkpt>
   <trkpt lat="48.3487900" lon="15.9049110">
    <ele>237.4</ele>
    <time>2024-06-08T15:31:24Z</time>
    <extensions>
     <gpxtpx:TrackPointExtension>
      <gpxtpx:atemp>35</gpxtpx:atemp>
     </gpxtpx:TrackPointExtension>
    </extensions>
   </trkpt>
   <trkpt lat="48.3487860" lon="15.9049110">
    <ele>237.4</ele>
    <time>2024-06-08T15:31:27Z</time>
    <extensions>
     <gpxtpx:TrackPointExtension>
      <gpxtpx:atemp>35</gpxtpx:atemp>
     </gpxtpx:TrackPointExtension>
    </extensions>
   </trkpt>
   <trkpt lat="48.3486540" lon="15.9049770">
    <ele>237.2</ele>
    <time>2024-06-08T15:31:41Z</time>
    <extensions>
     <gpxtpx:TrackPointExtension>
      <gpxtpx:atemp>35</gpxtpx:atemp>
     </gpxtpx:TrackPointExtension>
    </extensions>
   </trkpt>
   <trkpt lat="48.3486380" lon="15.9050010">
    <ele>237.2</ele>
    <time>2024-06-08T15:31:42Z</time>
    <extensions>
     <gpxtpx:TrackPointExtension>
      <gpxtpx:atemp>35</gpxtpx:atemp>
     </gpxtpx:TrackPointExtension>
    </extensions>
   </trkpt>
   <trkpt lat="48.3485370" lon="15.9051000">
    <ele>237.4</ele>
    <time>2024-06-08T15:31:47Z</time>
    <extensions>
     <gpxtpx:TrackPointExtension>
      <gpxtpx:atemp>35</gpxtpx:atemp>
     </gpxtpx:TrackPointExtension>
    </extensions>
   </trkpt>
   <trkpt lat="48.3483960" lon="15.9052550">
    <ele>238.2</ele>
    <time>2024-06-08T15:31:55Z</time>
    <extensions>
     <gpxtpx:TrackPointExtension>
      <gpxtpx:atemp>35</gpxtpx:atemp>
     </gpxtpx:TrackPointExtension>
    </extensions>
   </trkpt>
   <trkpt lat="48.3482640" lon="15.9053920">
    <ele>238.2</ele>
    <time>2024-06-08T15:32:00Z</time>
    <extensions>
     <gpxtpx:TrackPointExtension>
      <gpxtpx:atemp>35</gpxtpx:atemp>
     </gpxtpx:TrackPointExtension>
    </extensions>
   </trkpt>
   <trkpt lat="48.3480750" lon="15.9055990">
    <ele>238.0</ele>
    <time>2024-06-08T15:32:07Z</time>
    <extensions>
     <gpxtpx:TrackPointExtension>
      <gpxtpx:atemp>35</gpxtpx:atemp>
     </gpxtpx:TrackPointExtension>
    </extensions>
   </trkpt>
   <trkpt lat="48.3479870" lon="15.9057420">
    <ele>238.0</ele>
    <time>2024-06-08T15:32:11Z</time>
    <extensions>
     <gpxtpx:TrackPointExtension>
      <gpxtpx:atemp>34</gpxtpx:atemp>
     </gpxtpx:TrackPointExtension>
    </extensions>
   </trkpt>
   <trkpt lat="48.3479560" lon="15.9057870">
    <ele>238.0</ele>
    <time>2024-06-08T15:32:12Z</time>
    <extensions>
     <gpxtpx:TrackPointExtension>
      <gpxtpx:atemp>34</gpxtpx:atemp>
     </gpxtpx:TrackPointExtension>
    </extensions>
   </trkpt>
   <trkpt lat="48.3477430" lon="15.9060890">
    <ele>237.8</ele>
    <time>2024-06-08T15:32:18Z</time>
    <extensions>
     <gpxtpx:TrackPointExtension>
      <gpxtpx:atemp>34</gpxtpx:atemp>
     </gpxtpx:TrackPointExtension>
    </extensions>
   </trkpt>
   <trkpt lat="48.3474390" lon="15.9066050">
    <ele>237.8</ele>
    <time>2024-06-08T15:32:27Z</time>
    <extensions>
     <gpxtpx:TrackPointExtension>
      <gpxtpx:atemp>34</gpxtpx:atemp>
     </gpxtpx:TrackPointExtension>
    </extensions>
   </trkpt>
   <trkpt lat="48.3473800" lon="15.9067270">
    <ele>237.8</ele>
    <time>2024-06-08T15:32:29Z</time>
    <extensions>
     <gpxtpx:TrackPointExtension>
      <gpxtpx:atemp>34</gpxtpx:atemp>
     </gpxtpx:TrackPointExtension>
    </extensions>
   </trkpt>
   <trkpt lat="48.3472640" lon="15.9068810">
    <ele>237.8</ele>
    <time>2024-06-08T15:32:32Z</time>
    <extensions>
     <gpxtpx:TrackPointExtension>
      <gpxtpx:atemp>34</gpxtpx:atemp>
     </gpxtpx:TrackPointExtension>
    </extensions>
   </trkpt>
   <trkpt lat="48.3470600" lon="15.9072350">
    <ele>237.6</ele>
    <time>2024-06-08T15:32:38Z</time>
    <extensions>
     <gpxtpx:TrackPointExtension>
      <gpxtpx:atemp>34</gpxtpx:atemp>
     </gpxtpx:TrackPointExtension>
    </extensions>
   </trkpt>
   <trkpt lat="48.3470070" lon="15.9073640">
    <ele>237.6</ele>
    <time>2024-06-08T15:32:40Z</time>
    <extensions>
     <gpxtpx:TrackPointExtension>
      <gpxtpx:atemp>34</gpxtpx:atemp>
     </gpxtpx:TrackPointExtension>
    </extensions>
   </trkpt>
   <trkpt lat="48.3468860" lon="15.9076830">
    <ele>237.8</ele>
    <time>2024-06-08T15:32:45Z</time>
    <extensions>
     <gpxtpx:TrackPointExtension>
      <gpxtpx:atemp>34</gpxtpx:atemp>
     </gpxtpx:TrackPointExtension>
    </extensions>
   </trkpt>
   <trkpt lat="48.3468110" lon="15.9078600">
    <ele>238.0</ele>
    <time>2024-06-08T15:32:48Z</time>
    <extensions>
     <gpxtpx:TrackPointExtension>
      <gpxtpx:atemp>34</gpxtpx:atemp>
     </gpxtpx:TrackPointExtension>
    </extensions>
   </trkpt>
   <trkpt lat="48.3466260" lon="15.9082570">
    <ele>238.2</ele>
    <time>2024-06-08T15:32:56Z</time>
    <extensions>
     <gpxtpx:TrackPointExtension>
      <gpxtpx:atemp>34</gpxtpx:atemp>
     </gpxtpx:TrackPointExtension>
    </extensions>
   </trkpt>
   <trkpt lat="48.3465360" lon="15.9084300">
    <ele>238.8</ele>
    <time>2024-06-08T15:33:01Z</time>
    <extensions>
     <gpxtpx:TrackPointExtension>
      <gpxtpx:atemp>34</gpxtpx:atemp>
     </gpxtpx:TrackPointExtension>
    </extensions>
   </trkpt>
   <trkpt lat="48.3464760" lon="15.9087380">
    <ele>239.0</ele>
    <time>2024-06-08T15:33:06Z</time>
    <extensions>
     <gpxtpx:TrackPointExtension>
      <gpxtpx:atemp>33</gpxtpx:atemp>
     </gpxtpx:TrackPointExtension>
    </extensions>
   </trkpt>
   <trkpt lat="48.3463950" lon="15.9090800">
    <ele>238.8</ele>
    <time>2024-06-08T15:33:11Z</time>
    <extensions>
     <gpxtpx:TrackPointExtension>
      <gpxtpx:atemp>33</gpxtpx:atemp>
     </gpxtpx:TrackPointExtension>
    </extensions>
   </trkpt>
   <trkpt lat="48.3463610" lon="15.9092210">
    <ele>238.6</ele>
    <time>2024-06-08T15:33:13Z</time>
    <extensions>
     <gpxtpx:TrackPointExtension>
      <gpxtpx:atemp>33</gpxtpx:atemp>
     </gpxtpx:TrackPointExtension>
    </extensions>
   </trkpt>
   <trkpt lat="48.3462180" lon="15.9098610">
    <ele>238.4</ele>
    <time>2024-06-08T15:33:22Z</time>
    <extensions>
     <gpxtpx:TrackPointExtension>
      <gpxtpx:atemp>33</gpxtpx:atemp>
     </gpxtpx:TrackPointExtension>
    </extensions>
   </trkpt>
   <trkpt lat="48.3461490" lon="15.9102100">
    <ele>238.6</ele>
    <time>2024-06-08T15:33:27Z</time>
    <extensions>
     <gpxtpx:TrackPointExtension>
      <gpxtpx:atemp>33</gpxtpx:atemp>
     </gpxtpx:TrackPointExtension>
    </extensions>
   </trkpt>
   <trkpt lat="48.3461290" lon="15.9103340">
    <ele>238.6</ele>
    <time>2024-06-08T15:33:29Z</time>
    <extensions>
     <gpxtpx:TrackPointExtension>
      <gpxtpx:atemp>33</gpxtpx:atemp>
     </gpxtpx:TrackPointExtension>
    </extensions>
   </trkpt>
   <trkpt lat="48.3461120" lon="15.9103850">
    <ele>238.8</ele>
    <time>2024-06-08T15:33:30Z</time>
    <extensions>
     <gpxtpx:TrackPointExtension>
      <gpxtpx:atemp>33</gpxtpx:atemp>
     </gpxtpx:TrackPointExtension>
    </extensions>
   </trkpt>
   <trkpt lat="48.3460320" lon="15.9104780">
    <ele>239.2</ele>
    <time>2024-06-08T15:33:33Z</time>
    <extensions>
     <gpxtpx:TrackPointExtension>
      <gpxtpx:atemp>33</gpxtpx:atemp>
     </gpxtpx:TrackPointExtension>
    </extensions>
   </trkpt>
   <trkpt lat="48.3459970" lon="15.9104810">
    <ele>239.0</ele>
    <time>2024-06-08T15:33:34Z</time>
    <extensions>
     <gpxtpx:TrackPointExtension>
      <gpxtpx:atemp>33</gpxtpx:atemp>
     </gpxtpx:TrackPointExtension>
    </extensions>
   </trkpt>
   <trkpt lat="48.3458900" lon="15.9104590">
    <ele>239.2</ele>
    <time>2024-06-08T15:33:37Z</time>
    <extensions>
     <gpxtpx:TrackPointExtension>
      <gpxtpx:atemp>33</gpxtpx:atemp>
     </gpxtpx:TrackPointExtension>
    </extensions>
   </trkpt>
   <trkpt lat="48.3457490" lon="15.9104400">
    <ele>239.4</ele>
    <time>2024-06-08T15:33:41Z</time>
    <extensions>
     <gpxtpx:TrackPointExtension>
      <gpxtpx:atemp>33</gpxtpx:atemp>
     </gpxtpx:TrackPointExtension>
    </extensions>
   </trkpt>
   <trkpt lat="48.3454130" lon="15.9104110">
    <ele>239.8</ele>
    <time>2024-06-08T15:33:50Z</time>
    <extensions>
     <gpxtpx:TrackPointExtension>
      <gpxtpx:atemp>33</gpxtpx:atemp>
     </gpxtpx:TrackPointExtension>
    </extensions>
   </trkpt>
   <trkpt lat="48.3450890" lon="15.9103710">
    <ele>240.0</ele>
    <time>2024-06-08T15:33:58Z</time>
    <extensions>
     <gpxtpx:TrackPointExtension>
      <gpxtpx:atemp>32</gpxtpx:atemp>
     </gpxtpx:TrackPointExtension>
    </extensions>
   </trkpt>
   <trkpt lat="48.3450480" lon="15.9103660">
    <ele>240.0</ele>
    <time>2024-06-08T15:33:59Z</time>
    <extensions>
     <gpxtpx:TrackPointExtension>
      <gpxtpx:atemp>32</gpxtpx:atemp>
     </gpxtpx:TrackPointExtension>
    </extensions>
   </trkpt>
   <trkpt lat="48.3447990" lon="15.9103460">
    <ele>240.2</ele>
    <time>2024-06-08T15:34:06Z</time>
    <extensions>
     <gpxtpx:TrackPointExtension>
      <gpxtpx:atemp>32</gpxtpx:atemp>
     </gpxtpx:TrackPointExtension>
    </extensions>
   </trkpt>
   <trkpt lat="48.3446400" lon="15.9103190">
    <ele>240.0</ele>
    <time>2024-06-08T15:34:11Z</time>
    <extensions>
     <gpxtpx:TrackPointExtension>
      <gpxtpx:atemp>32</gpxtpx:atemp>
     </gpxtpx:TrackPointExtension>
    </extensions>
   </trkpt>
   <trkpt lat="48.3443480" lon="15.9103120">
    <ele>240.0</ele>
    <time>2024-06-08T15:34:18Z</time>
    <extensions>
     <gpxtpx:TrackPointExtension>
      <gpxtpx:atemp>32</gpxtpx:atemp>
     </gpxtpx:TrackPointExtension>
    </extensions>
   </trkpt>
   <trkpt lat="48.3443030" lon="15.9103190">
    <ele>240.0</ele>
    <time>2024-06-08T15:34:19Z</time>
    <extensions>
     <gpxtpx:TrackPointExtension>
      <gpxtpx:atemp>32</gpxtpx:atemp>
     </gpxtpx:TrackPointExtension>
    </extensions>
   </trkpt>
   <trkpt lat="48.3440830" lon="15.9103810">
    <ele>239.8</ele>
    <time>2024-06-08T15:34:24Z</time>
    <extensions>
     <gpxtpx:TrackPointExtension>
      <gpxtpx:atemp>32</gpxtpx:atemp>
     </gpxtpx:TrackPointExtension>
    </extensions>
   </trkpt>
   <trkpt lat="48.3438050" lon="15.9104660">
    <ele>239.6</ele>
    <time>2024-06-08T15:34:30Z</time>
    <extensions>
     <gpxtpx:TrackPointExtension>
      <gpxtpx:atemp>32</gpxtpx:atemp>
     </gpxtpx:TrackPointExtension>
    </extensions>
   </trkpt>
   <trkpt lat="48.3437600" lon="15.9104750">
    <ele>239.6</ele>
    <time>2024-06-08T15:34:31Z</time>
    <extensions>
     <gpxtpx:TrackPointExtension>
      <gpxtpx:atemp>32</gpxtpx:atemp>
     </gpxtpx:TrackPointExtension>
    </extensions>
   </trkpt>
   <trkpt lat="48.3432510" lon="15.9105100">
    <ele>239.6</ele>
    <time>2024-06-08T15:34:42Z</time>
    <extensions>
     <gpxtpx:TrackPointExtension>
      <gpxtpx:atemp>32</gpxtpx:atemp>
     </gpxtpx:TrackPointExtension>
    </extensions>
   </trkpt>
   <trkpt lat="48.3428490" lon="15.9104900">
    <ele>239.8</ele>
    <time>2024-06-08T15:34:51Z</time>
    <extensions>
     <gpxtpx:TrackPointExtension>
      <gpxtpx:atemp>31</gpxtpx:atemp>
     </gpxtpx:TrackPointExtension>
    </extensions>
   </trkpt>
   <trkpt lat="48.3428100" lon="15.9104830">
    <ele>239.8</ele>
    <time>2024-06-08T15:34:52Z</time>
    <extensions>
     <gpxtpx:TrackPointExtension>
      <gpxtpx:atemp>31</gpxtpx:atemp>
     </gpxtpx:TrackPointExtension>
    </extensions>
   </trkpt>
   <trkpt lat="48.3427370" lon="15.9105210">
    <ele>240.0</ele>
    <time>2024-06-08T15:34:54Z</time>
    <extensions>
     <gpxtpx:TrackPointExtension>
      <gpxtpx:atemp>31</gpxtpx:atemp>
     </gpxtpx:TrackPointExtension>
    </extensions>
   </trkpt>
   <trkpt lat="48.3427100" lon="15.9105680">
    <ele>240.0</ele>
    <time>2024-06-08T15:34:55Z</time>
    <extensions>
     <gpxtpx:TrackPointExtension>
      <gpxtpx:atemp>31</gpxtpx:atemp>
     </gpxtpx:TrackPointExtension>
    </extensions>
   </trkpt>
   <trkpt lat="48.3426970" lon="15.9106330">
    <ele>240.2</ele>
    <time>2024-06-08T15:34:56Z</time>
    <extensions>
     <gpxtpx:TrackPointExtension>
      <gpxtpx:atemp>31</gpxtpx:atemp>
     </gpxtpx:TrackPointExtension>
    </extensions>
   </trkpt>
   <trkpt lat="48.3426880" lon="15.9108450">
    <ele>240.4</ele>
    <time>2024-06-08T15:34:59Z</time>
    <extensions>
     <gpxtpx:TrackPointExtension>
      <gpxtpx:atemp>31</gpxtpx:atemp>
     </gpxtpx:TrackPointExtension>
    </extensions>
   </trkpt>
   <trkpt lat="48.3426470" lon="15.9113690">
    <ele>240.8</ele>
    <time>2024-06-08T15:35:06Z</time>
    <extensions>
     <gpxtpx:TrackPointExtension>
      <gpxtpx:atemp>31</gpxtpx:atemp>
     </gpxtpx:TrackPointExtension>
    </extensions>
   </trkpt>
   <trkpt lat="48.3426150" lon="15.9117590">
    <ele>240.8</ele>
    <time>2024-06-08T15:35:11Z</time>
    <extensions>
     <gpxtpx:TrackPointExtension>
      <gpxtpx:atemp>31</gpxtpx:atemp>
     </gpxtpx:TrackPointExtension>
    </extensions>
   </trkpt>
   <trkpt lat="48.3425730" lon="15.9122080">
    <ele>240.6</ele>
    <time>2024-06-08T15:35:17Z</time>
    <extensions>
     <gpxtpx:TrackPointExtension>
      <gpxtpx:atemp>31</gpxtpx:atemp>
     </gpxtpx:TrackPointExtension>
    </extensions>
   </trkpt>
   <trkpt lat="48.3425270" lon="15.9127730">
    <ele>240.2</ele>
    <time>2024-06-08T15:35:25Z</time>
    <extensions>
     <gpxtpx:TrackPointExtension>
      <gpxtpx:atemp>31</gpxtpx:atemp>
     </gpxtpx:TrackPointExtension>
    </extensions>
   </trkpt>
   <trkpt lat="48.3424690" lon="15.9135540">
    <ele>239.8</ele>
    <time>2024-06-08T15:35:36Z</time>
    <extensions>
     <gpxtpx:TrackPointExtension>
      <gpxtpx:atemp>31</gpxtpx:atemp>
     </gpxtpx:TrackPointExtension>
    </extensions>
   </trkpt>
   <trkpt lat="48.3424100" lon="15.9143730">
    <ele>239.6</ele>
    <time>2024-06-08T15:35:47Z</time>
    <extensions>
     <gpxtpx:TrackPointExtension>
      <gpxtpx:atemp>31</gpxtpx:atemp>
     </gpxtpx:TrackPointExtension>
    </extensions>
   </trkpt>
   <trkpt lat="48.3424060" lon="15.9144400">
    <ele>239.6</ele>
    <time>2024-06-08T15:35:48Z</time>
    <extensions>
     <gpxtpx:TrackPointExtension>
      <gpxtpx:atemp>31</gpxtpx:atemp>
     </gpxtpx:TrackPointExtension>
    </extensions>
   </trkpt>
   <trkpt lat="48.3423910" lon="15.9145610">
    <ele>239.6</ele>
    <time>2024-06-08T15:35:50Z</time>
    <extensions>
     <gpxtpx:TrackPointExtension>
      <gpxtpx:atemp>31</gpxtpx:atemp>
     </gpxtpx:TrackPointExtension>
    </extensions>
   </trkpt>
   <trkpt lat="48.3423660" lon="15.9148480">
    <ele>239.6</ele>
    <time>2024-06-08T15:35:55Z</time>
    <extensions>
     <gpxtpx:TrackPointExtension>
      <gpxtpx:atemp>31</gpxtpx:atemp>
     </gpxtpx:TrackPointExtension>
    </extensions>
   </trkpt>
   <trkpt lat="48.3423250" lon="15.9153570">
    <ele>240.0</ele>
    <time>2024-06-08T15:36:02Z</time>
    <extensions>
     <gpxtpx:TrackPointExtension>
      <gpxtpx:atemp>31</gpxtpx:atemp>
     </gpxtpx:TrackPointExtension>
    </extensions>
   </trkpt>
   <trkpt lat="48.3422900" lon="15.9157940">
    <ele>239.8</ele>
    <time>2024-06-08T15:36:07Z</time>
    <extensions>
     <gpxtpx:TrackPointExtension>
      <gpxtpx:atemp>31</gpxtpx:atemp>
     </gpxtpx:TrackPointExtension>
    </extensions>
   </trkpt>
   <trkpt lat="48.3422430" lon="15.9163960">
    <ele>239.4</ele>
    <time>2024-06-08T15:36:14Z</time>
    <extensions>
     <gpxtpx:TrackPointExtension>
      <gpxtpx:atemp>31</gpxtpx:atemp>
     </gpxtpx:TrackPointExtension>
    </extensions>
   </trkpt>
   <trkpt lat="48.3421830" lon="15.9172030">
    <ele>239.4</ele>
    <time>2024-06-08T15:36:24Z</time>
    <extensions>
     <gpxtpx:TrackPointExtension>
      <gpxtpx:atemp>30</gpxtpx:atemp>
     </gpxtpx:TrackPointExtension>
    </extensions>
   </trkpt>
   <trkpt lat="48.3421350" lon="15.9177640">
    <ele>239.4</ele>
    <time>2024-06-08T15:36:32Z</time>
    <extensions>
     <gpxtpx:TrackPointExtension>
      <gpxtpx:atemp>30</gpxtpx:atemp>
     </gpxtpx:TrackPointExtension>
    </extensions>
   </trkpt>
   <trkpt lat="48.3421100" lon="15.9180630">
    <ele>239.4</ele>
    <time>2024-06-08T15:36:38Z</time>
    <extensions>
     <gpxtpx:TrackPointExtension>
      <gpxtpx:atemp>30</gpxtpx:atemp>
     </gpxtpx:TrackPointExtension>
    </extensions>
   </trkpt>
   <trkpt lat="48.3420920" lon="15.9182820">
    <ele>239.6</ele>
    <time>2024-06-08T15:36:42Z</time>
    <extensions>
     <gpxtpx:TrackPointExtension>
      <gpxtpx:atemp>30</gpxtpx:atemp>
     </gpxtpx:TrackPointExtension>
    </extensions>
   </trkpt>
   <trkpt lat="48.3420750" lon="15.9184620">
    <ele>239.4</ele>
    <time>2024-06-08T15:36:45Z</time>
    <extensions>
     <gpxtpx:TrackPointExtension>
      <gpxtpx:atemp>30</gpxtpx:atemp>
     </gpxtpx:TrackPointExtension>
    </extensions>
   </trkpt>
   <trkpt lat="48.3420330" lon="15.9188640">
    <ele>239.2</ele>
    <time>2024-06-08T15:36:51Z</time>
    <extensions>
     <gpxtpx:TrackPointExtension>
      <gpxtpx:atemp>30</gpxtpx:atemp>
     </gpxtpx:TrackPointExtension>
    </extensions>
   </trkpt>
   <trkpt lat="48.3420130" lon="15.9189820">
    <ele>239.2</ele>
    <time>2024-06-08T15:36:53Z</time>
    <extensions>
     <gpxtpx:TrackPointExtension>
      <gpxtpx:atemp>30</gpxtpx:atemp>
     </gpxtpx:TrackPointExtension>
    </extensions>
   </trkpt>
   <trkpt lat="48.3419770" lon="15.9190760">
    <ele>239.2</ele>
    <time>2024-06-08T15:36:55Z</time>
    <extensions>
     <gpxtpx:TrackPointExtension>
      <gpxtpx:atemp>30</gpxtpx:atemp>
     </gpxtpx:TrackPointExtension>
    </extensions>
   </trkpt>
   <trkpt lat="48.3419490" lon="15.9191000">
    <ele>239.2</ele>
    <time>2024-06-08T15:36:56Z</time>
    <extensions>
     <gpxtpx:TrackPointExtension>
      <gpxtpx:atemp>30</gpxtpx:atemp>
     </gpxtpx:TrackPointExtension>
    </extensions>
   </trkpt>
   <trkpt lat="48.3418950" lon="15.9191120">
    <ele>239.2</ele>
    <time>2024-06-08T15:37:00Z</time>
    <extensions>
     <gpxtpx:TrackPointExtension>
      <gpxtpx:atemp>30</gpxtpx:atemp>
     </gpxtpx:TrackPointExtension>
    </extensions>
   </trkpt>
   <trkpt lat="48.3418950" lon="15.9191120">
    <ele>239.2</ele>
    <time>2024-06-08T15:37:01Z</time>
    <extensions>
     <gpxtpx:TrackPointExtension>
      <gpxtpx:atemp>30</gpxtpx:atemp>
     </gpxtpx:TrackPointExtension>
    </extensions>
   </trkpt>
   <trkpt lat="48.3418970" lon="15.9191910">
    <ele>242.2</ele>
    <time>2024-06-08T15:56:11Z</time>
    <extensions>
     <gpxtpx:TrackPointExtension>
      <gpxtpx:atemp>30</gpxtpx:atemp>
     </gpxtpx:TrackPointExtension>
    </extensions>
   </trkpt>
   <trkpt lat="48.3418970" lon="15.9191910">
    <ele>242.2</ele>
    <time>2024-06-08T15:56:12Z</time>
    <extensions>
     <gpxtpx:TrackPointExtension>
      <gpxtpx:atemp>30</gpxtpx:atemp>
     </gpxtpx:TrackPointExtension>
    </extensions>
   </trkpt>
   <trkpt lat="48.3419160" lon="15.9192050">
    <ele>242.8</ele>
    <time>2024-06-08T15:56:46Z</time>
    <extensions>
     <gpxtpx:TrackPointExtension>
      <gpxtpx:atemp>30</gpxtpx:atemp>
     </gpxtpx:TrackPointExtension>
    </extensions>
   </trkpt>
   <trkpt lat="48.3419260" lon="15.9192130">
    <ele>242.8</ele>
    <time>2024-06-08T15:56:48Z</time>
    <extensions>
     <gpxtpx:TrackPointExtension>
      <gpxtpx:atemp>30</gpxtpx:atemp>
     </gpxtpx:TrackPointExtension>
    </extensions>
   </trkpt>
   <trkpt lat="48.3419270" lon="15.9192480">
    <ele>242.8</ele>
    <time>2024-06-08T15:56:53Z</time>
    <extensions>
     <gpxtpx:TrackPointExtension>
      <gpxtpx:atemp>30</gpxtpx:atemp>
     </gpxtpx:TrackPointExtension>
    </extensions>
   </trkpt>
   <trkpt lat="48.3419880" lon="15.9192670">
    <ele>242.8</ele>
    <time>2024-06-08T15:58:14Z</time>
    <extensions>
     <gpxtpx:TrackPointExtension>
      <gpxtpx:atemp>30</gpxtpx:atemp>
     </gpxtpx:TrackPointExtension>
    </extensions>
   </trkpt>
   <trkpt lat="48.3420480" lon="15.9191550">
    <ele>243.0</ele>
    <time>2024-06-08T15:58:18Z</time>
    <extensions>
     <gpxtpx:TrackPointExtension>
      <gpxtpx:atemp>30</gpxtpx:atemp>
     </gpxtpx:TrackPointExtension>
    </extensions>
   </trkpt>
   <trkpt lat="48.3420890" lon="15.9188310">
    <ele>243.2</ele>
    <time>2024-06-08T15:58:24Z</time>
    <extensions>
     <gpxtpx:TrackPointExtension>
      <gpxtpx:atemp>30</gpxtpx:atemp>
     </gpxtpx:TrackPointExtension>
    </extensions>
   </trkpt>
   <trkpt lat="48.3421040" lon="15.9187020">
    <ele>243.4</ele>
    <time>2024-06-08T15:58:26Z</time>
    <extensions>
     <gpxtpx:TrackPointExtension>
      <gpxtpx:atemp>30</gpxtpx:atemp>
     </gpxtpx:TrackPointExtension>
    </extensions>
   </trkpt>
   <trkpt lat="48.3421180" lon="15.9184820">
    <ele>243.6</ele>
    <time>2024-06-08T15:58:29Z</time>
    <extensions>
     <gpxtpx:TrackPointExtension>
      <gpxtpx:atemp>30</gpxtpx:atemp>
     </gpxtpx:TrackPointExtension>
    </extensions>
   </trkpt>
   <trkpt lat="48.3421880" lon="15.9176950">
    <ele>243.6</ele>
    <time>2024-06-08T15:58:39Z</time>
    <extensions>
     <gpxtpx:TrackPointExtension>
      <gpxtpx:atemp>30</gpxtpx:atemp>
     </gpxtpx:TrackPointExtension>
    </extensions>
   </trkpt>
   <trkpt lat="48.3422550" lon="15.9169590">
    <ele>243.6</ele>
    <time>2024-06-08T15:58:48Z</time>
    <extensions>
     <gpxtpx:TrackPointExtension>
      <gpxtpx:atemp>30</gpxtpx:atemp>
     </gpxtpx:TrackPointExtension>
    </extensions>
   </trkpt>
   <trkpt lat="48.3423170" lon="15.9161290">
    <ele>243.4</ele>
    <time>2024-06-08T15:58:58Z</time>
    <extensions>
     <gpxtpx:TrackPointExtension>
      <gpxtpx:atemp>30</gpxtpx:atemp>
     </gpxtpx:TrackPointExtension>
    </extensions>
   </trkpt>
   <trkpt lat="48.3423330" lon="15.9159610">
    <ele>243.4</ele>
    <time>2024-06-08T15:59:00Z</time>
    <extensions>
     <gpxtpx:TrackPointExtension>
      <gpxtpx:atemp>30</gpxtpx:atemp>
     </gpxtpx:TrackPointExtension>
    </extensions>
   </trkpt>
   <trkpt lat="48.3423880" lon="15.9152850">
    <ele>243.6</ele>
    <time>2024-06-08T15:59:08Z</time>
    <extensions>
     <gpxtpx:TrackPointExtension>
      <gpxtpx:atemp>30</gpxtpx:atemp>
     </gpxtpx:TrackPointExtension>
    </extensions>
   </trkpt>
   <trkpt lat="48.3424510" lon="15.9144540">
    <ele>243.6</ele>
    <time>2024-06-08T15:59:18Z</time>
    <extensions>
     <gpxtpx:TrackPointExtension>
      <gpxtpx:atemp>30</gpxtpx:atemp>
     </gpxtpx:TrackPointExtension>
    </extensions>
   </trkpt>
   <trkpt lat="48.3424580" lon="15.9143670">
    <ele>243.6</ele>
    <time>2024-06-08T15:59:19Z</time>
    <extensions>
     <gpxtpx:TrackPointExtension>
      <gpxtpx:atemp>30</gpxtpx:atemp>
     </gpxtpx:TrackPointExtension>
    </extensions>
   </trkpt>
   <trkpt lat="48.3425210" lon="15.9135850">
    <ele>243.8</ele>
    <time>2024-06-08T15:59:28Z</time>
    <extensions>
     <gpxtpx:TrackPointExtension>
      <gpxtpx:atemp>30</gpxtpx:atemp>
     </gpxtpx:TrackPointExtension>
    </extensions>
   </trkpt>
   <trkpt lat="48.3425650" lon="15.9130390">
    <ele>243.8</ele>
    <time>2024-06-08T15:59:35Z</time>
    <extensions>
     <gpxtpx:TrackPointExtension>
      <gpxtpx:atemp>30</gpxtpx:atemp>
     </gpxtpx:TrackPointExtension>
    </extensions>
   </trkpt>
   <trkpt lat="48.3426450" lon="15.9121940">
    <ele>244.2</ele>
    <time>2024-06-08T15:59:45Z</time>
    <extensions>
     <gpxtpx:TrackPointExtension>
      <gpxtpx:atemp>30</gpxtpx:atemp>
     </gpxtpx:TrackPointExtension>
    </extensions>
   </trkpt>
   <trkpt lat="48.3427080" lon="15.9114330">
    <ele>244.4</ele>
    <time>2024-06-08T15:59:54Z</time>
    <extensions>
     <gpxtpx:TrackPointExtension>
      <gpxtpx:atemp>30</gpxtpx:atemp>
     </gpxtpx:TrackPointExtension>
    </extensions>
   </trkpt>
   <trkpt lat="48.3427200" lon="15.9112790">
    <ele>244.4</ele>
    <time>2024-06-08T15:59:56Z</time>
    <extensions>
     <gpxtpx:TrackPointExtension>
      <gpxtpx:atemp>30</gpxtpx:atemp>
     </gpxtpx:TrackPointExtension>
    </extensions>
   </trkpt>
   <trkpt lat="48.3427250" lon="15.9112050">
    <ele>244.4</ele>
    <time>2024-06-08T15:59:57Z</time>
    <extensions>
     <gpxtpx:TrackPointExtension>
      <gpxtpx:atemp>30</gpxtpx:atemp>
     </gpxtpx:TrackPointExtension>
    </extensions>
   </trkpt>
   <trkpt lat="48.3427860" lon="15.9108390">
    <ele>244.4</ele>
    <time>2024-06-08T16:00:02Z</time>
    <extensions>
     <gpxtpx:TrackPointExtension>
      <gpxtpx:atemp>30</gpxtpx:atemp>
     </gpxtpx:TrackPointExtension>
    </extensions>
   </trkpt>
   <trkpt lat="48.3428310" lon="15.9107110">
    <ele>244.6</ele>
    <time>2024-06-08T16:00:04Z</time>
    <extensions>
     <gpxtpx:TrackPointExtension>
      <gpxtpx:atemp>30</gpxtpx:atemp>
     </gpxtpx:TrackPointExtension>
    </extensions>
   </trkpt>
   <trkpt lat="48.3428950" lon="15.9106100">
    <ele>244.6</ele>
    <time>2024-06-08T16:00:06Z</time>
    <extensions>
     <gpxtpx:TrackPointExtension>
      <gpxtpx:atemp>30</gpxtpx:atemp>
     </gpxtpx:TrackPointExtension>
    </extensions>
   </trkpt>
   <trkpt lat="48.3429730" lon="15.9105550">
    <ele>244.6</ele>
    <time>2024-06-08T16:00:08Z</time>
    <extensions>
     <gpxtpx:TrackPointExtension>
      <gpxtpx:atemp>30</gpxtpx:atemp>
     </gpxtpx:TrackPointExtension>
    </extensions>
   </trkpt>
   <trkpt lat="48.3430710" lon="15.9105490">
    <ele>244.6</ele>
    <time>2024-06-08T16:00:10Z</time>
    <extensions>
     <gpxtpx:TrackPointExtension>
      <gpxtpx:atemp>30</gpxtpx:atemp>
     </gpxtpx:TrackPointExtension>
    </extensions>
   </trkpt>
   <trkpt lat="48.3433940" lon="15.9105320">
    <ele>244.6</ele>
    <time>2024-06-08T16:00:16Z</time>
    <extensions>
     <gpxtpx:TrackPointExtension>
      <gpxtpx:atemp>30</gpxtpx:atemp>
     </gpxtpx:TrackPointExtension>
    </extensions>
   </trkpt>
   <trkpt lat="48.3437260" lon="15.9104990">
    <ele>244.4</ele>
    <time>2024-06-08T16:00:22Z</time>
    <extensions>
     <gpxtpx:TrackPointExtension>
      <gpxtpx:atemp>30</gpxtpx:atemp>
     </gpxtpx:TrackPointExtension>
    </extensions>
   </trkpt>
   <trkpt lat="48.3440590" lon="15.9104190">
    <ele>244.0</ele>
    <time>2024-06-08T16:00:28Z</time>
    <extensions>
     <gpxtpx:TrackPointExtension>
      <gpxtpx:atemp>30</gpxtpx:atemp>
     </gpxtpx:TrackPointExtension>
    </extensions>
   </trkpt>
   <trkpt lat="48.3444010" lon="15.9103490">
    <ele>243.8</ele>
    <time>2024-06-08T16:00:34Z</time>
    <extensions>
     <gpxtpx:TrackPointExtension>
      <gpxtpx:atemp>30</gpxtpx:atemp>
     </gpxtpx:TrackPointExtension>
    </extensions>
   </trkpt>
   <trkpt lat="48.3447020" lon="15.9103680">
    <ele>243.6</ele>
    <time>2024-06-08T16:00:39Z</time>
    <extensions>
     <gpxtpx:TrackPointExtension>
      <gpxtpx:atemp>30</gpxtpx:atemp>
     </gpxtpx:TrackPointExtension>
    </extensions>
   </trkpt>
   <trkpt lat="48.3449380" lon="15.9103910">
    <ele>243.6</ele>
    <time>2024-06-08T16:00:43Z</time>
    <extensions>
     <gpxtpx:TrackPointExtension>
      <gpxtpx:atemp>30</gpxtpx:atemp>
     </gpxtpx:TrackPointExtension>
    </extensions>
   </trkpt>
   <trkpt lat="48.3450010" lon="15.9103980">
    <ele>243.6</ele>
    <time>2024-06-08T16:00:44Z</time>
    <extensions>
     <gpxtpx:TrackPointExtension>
      <gpxtpx:atemp>30</gpxtpx:atemp>
     </gpxtpx:TrackPointExtension>
    </extensions>
   </trkpt>
   <trkpt lat="48.3452880" lon="15.9104230">
    <ele>243.8</ele>
    <time>2024-06-08T16:00:49Z</time>
    <extensions>
     <gpxtpx:TrackPointExtension>
      <gpxtpx:atemp>30</gpxtpx:atemp>
     </gpxtpx:TrackPointExtension>
    </extensions>
   </trkpt>
   <trkpt lat="48.3457680" lon="15.9104240">
    <ele>244.0</ele>
    <time>2024-06-08T16:00:58Z</time>
    <extensions>
     <gpxtpx:TrackPointExtension>
      <gpxtpx:atemp>30</gpxtpx:atemp>
     </gpxtpx:TrackPointExtension>
    </extensions>
   </trkpt>
   <trkpt lat="48.3459170" lon="15.9104660">
    <ele>243.8</ele>
    <time>2024-06-08T16:01:01Z</time>
    <extensions>
     <gpxtpx:TrackPointExtension>
      <gpxtpx:atemp>30</gpxtpx:atemp>
     </gpxtpx:TrackPointExtension>
    </extensions>
   </trkpt>
   <trkpt lat="48.3459580" lon="15.9105120">
    <ele>243.8</ele>
    <time>2024-06-08T16:01:02Z</time>
    <extensions>
     <gpxtpx:TrackPointExtension>
      <gpxtpx:atemp>30</gpxtpx:atemp>
     </gpxtpx:TrackPointExtension>
    </extensions>
   </trkpt>
   <trkpt lat="48.3460410" lon="15.9105990">
    <ele>243.8</ele>
    <time>2024-06-08T16:01:04Z</time>
    <extensions>
     <gpxtpx:TrackPointExtension>
      <gpxtpx:atemp>30</gpxtpx:atemp>
     </gpxtpx:TrackPointExtension>
    </extensions>
   </trkpt>
   <trkpt lat="48.3461270" lon="15.9105850">
    <ele>243.6</ele>
    <time>2024-06-08T16:01:06Z</time>
    <extensions>
     <gpxtpx:TrackPointExtension>
      <gpxtpx:atemp>30</gpxtpx:atemp>
     </gpxtpx:TrackPointExtension>
    </extensions>
   </trkpt>
   <trkpt lat="48.3461650" lon="15.9104580">
    <ele>243.4</ele>
    <time>2024-06-08T16:01:08Z</time>
    <extensions>
     <gpxtpx:TrackPointExtension>
      <gpxtpx:atemp>30</gpxtpx:atemp>
     </gpxtpx:TrackPointExtension>
    </extensions>
   </trkpt>
   <trkpt lat="48.3461720" lon="15.9103850">
    <ele>243.4</ele>
    <time>2024-06-08T16:01:09Z</time>
    <extensions>
     <gpxtpx:TrackPointExtension>
      <gpxtpx:atemp>30</gpxtpx:atemp>
     </gpxtpx:TrackPointExtension>
    </extensions>
   </trkpt>
   <trkpt lat="48.3461870" lon="15.9101510">
    <ele>243.2</ele>
    <time>2024-06-08T16:01:12Z</time>
    <extensions>
     <gpxtpx:TrackPointExtension>
      <gpxtpx:atemp>30</gpxtpx:atemp>
     </gpxtpx:TrackPointExtension>
    </extensions>
   </trkpt>
   <trkpt lat="48.3462330" lon="15.9099120">
    <ele>243.0</ele>
    <time>2024-06-08T16:01:15Z</time>
    <extensions>
     <gpxtpx:TrackPointExtension>
      <gpxtpx:atemp>30</gpxtpx:atemp>
     </gpxtpx:TrackPointExtension>
    </extensions>
   </trkpt>
   <trkpt lat="48.3464080" lon="15.9091520">
    <ele>242.8</ele>
    <time>2024-06-08T16:01:24Z</time>
    <extensions>
     <gpxtpx:TrackPointExtension>
      <gpxtpx:atemp>30</gpxtpx:atemp>
     </gpxtpx:TrackPointExtension>
    </extensions>
   </trkpt>
   <trkpt lat="48.3465870" lon="15.9084000">
    <ele>243.0</ele>
    <time>2024-06-08T16:01:33Z</time>
    <extensions>
     <gpxtpx:TrackPointExtension>
      <gpxtpx:atemp>30</gpxtpx:atemp>
     </gpxtpx:TrackPointExtension>
    </extensions>
   </trkpt>
   <trkpt lat="48.3467460" lon="15.9080710">
    <ele>243.0</ele>
    <time>2024-06-08T16:01:38Z</time>
    <extensions>
     <gpxtpx:TrackPointExtension>
      <gpxtpx:atemp>30</gpxtpx:atemp>
     </gpxtpx:TrackPointExtension>
    </extensions>
   </trkpt>
   <trkpt lat="48.3469100" lon="15.9076540">
    <ele>242.8</ele>
    <time>2024-06-08T16:01:43Z</time>
    <extensions>
     <gpxtpx:TrackPointExtension>
      <gpxtpx:atemp>30</gpxtpx:atemp>
     </gpxtpx:TrackPointExtension>
    </extensions>
   </trkpt>
   <trkpt lat="48.3469820" lon="15.9074790">
    <ele>242.6</ele>
    <time>2024-06-08T16:01:45Z</time>
    <extensions>
     <gpxtpx:TrackPointExtension>
      <gpxtpx:atemp>30</gpxtpx:atemp>
     </gpxtpx:TrackPointExtension>
    </extensions>
   </trkpt>
   <trkpt lat="48.3471450" lon="15.9071450">
    <ele>242.0</ele>
    <time>2024-06-08T16:01:49Z</time>
    <extensions>
     <gpxtpx:TrackPointExtension>
      <gpxtpx:atemp>30</gpxtpx:atemp>
     </gpxtpx:TrackPointExtension>
    </extensions>
   </trkpt>
   <trkpt lat="48.3473170" lon="15.9068430">
    <ele>241.6</ele>
    <time>2024-06-08T16:01:53Z</time>
    <extensions>
     <gpxtpx:TrackPointExtension>
      <gpxtpx:atemp>30</gpxtpx:atemp>
     </gpxtpx:TrackPointExtension>
    </extensions>
   </trkpt>
   <trkpt lat="48.3474860" lon="15.9065680">
    <ele>241.4</ele>
    <time>2024-06-08T16:01:57Z</time>
    <extensions>
     <gpxtpx:TrackPointExtension>
      <gpxtpx:atemp>30</gpxtpx:atemp>
     </gpxtpx:TrackPointExtension>
    </extensions>
   </trkpt>
   <trkpt lat="48.3478250" lon="15.9060360">
    <ele>241.2</ele>
    <time>2024-06-08T16:02:05Z</time>
    <extensions>
     <gpxtpx:TrackPointExtension>
      <gpxtpx:atemp>30</gpxtpx:atemp>
     </gpxtpx:TrackPointExtension>
    </extensions>
   </trkpt>
   <trkpt lat="48.3481260" lon="15.9055790">
    <ele>241.2</ele>
    <time>2024-06-08T16:02:12Z</time>
    <extensions>
     <gpxtpx:TrackPointExtension>
      <gpxtpx:atemp>30</gpxtpx:atemp>
     </gpxtpx:TrackPointExtension>
    </extensions>
   </trkpt>
   <trkpt lat="48.3483900" lon="15.9052640">
    <ele>241.2</ele>
    <time>2024-06-08T16:02:18Z</time>
    <extensions>
     <gpxtpx:TrackPointExtension>
      <gpxtpx:atemp>30</gpxtpx:atemp>
     </gpxtpx:TrackPointExtension>
    </extensions>
   </trkpt>
   <trkpt lat="48.3488830" lon="15.9048350">
    <ele>241.0</ele>
    <time>2024-06-08T16:02:27Z</time>
    <extensions>
     <gpxtpx:TrackPointExtension>
      <gpxtpx:atemp>30</gpxtpx:atemp>
     </gpxtpx:TrackPointExtension>
    </extensions>
   </trkpt>
   <trkpt lat="48.3491950" lon="15.9046750">
    <ele>240.6</ele>
    <time>2024-06-08T16:02:33Z</time>
    <extensions>
     <gpxtpx:TrackPointExtension>
      <gpxtpx:atemp>30</gpxtpx:atemp>
     </gpxtpx:TrackPointExtension>
    </extensions>
   </trkpt>
   <trkpt lat="48.3494560" lon="15.9045440">
    <ele>240.6</ele>
    <time>2024-06-08T16:02:39Z</time>
    <extensions>
     <gpxtpx:TrackPointExtension>
      <gpxtpx:atemp>30</gpxtpx:atemp>
     </gpxtpx:TrackPointExtension>
    </extensions>
   </trkpt>
   <trkpt lat="48.3494990" lon="15.9045150">
    <ele>240.6</ele>
    <time>2024-06-08T16:02:40Z</time>
    <extensions>
     <gpxtpx:TrackPointExtension>
      <gpxtpx:atemp>30</gpxtpx:atemp>
     </gpxtpx:TrackPointExtension>
    </extensions>
   </trkpt>
   <trkpt lat="48.3495850" lon="15.9044130">
    <ele>240.8</ele>
    <time>2024-06-08T16:02:42Z</time>
    <extensions>
     <gpxtpx:TrackPointExtension>
      <gpxtpx:atemp>30</gpxtpx:atemp>
     </gpxtpx:TrackPointExtension>
    </extensions>
   </trkpt>
   <trkpt lat="48.3496170" lon="15.9043470">
    <ele>241.0</ele>
    <time>2024-06-08T16:02:43Z</time>
    <extensions>
     <gpxtpx:TrackPointExtension>
      <gpxtpx:atemp>30</gpxtpx:atemp>
     </gpxtpx:TrackPointExtension>
    </extensions>
   </trkpt>
   <trkpt lat="48.3496440" lon="15.9042760">
    <ele>241.2</ele>
    <time>2024-06-08T16:02:44Z</time>
    <extensions>
     <gpxtpx:TrackPointExtension>
      <gpxtpx:atemp>30</gpxtpx:atemp>
     </gpxtpx:TrackPointExtension>
    </extensions>
   </trkpt>
   <trkpt lat="48.3497230" lon="15.9038960">
    <ele>241.8</ele>
    <time>2024-06-08T16:02:49Z</time>
    <extensions>
     <gpxtpx:TrackPointExtension>
      <gpxtpx:atemp>30</gpxtpx:atemp>
     </gpxtpx:TrackPointExtension>
    </extensions>
   </trkpt>
   <trkpt lat="48.3498480" lon="15.9032720">
    <ele>242.2</ele>
    <time>2024-06-08T16:02:57Z</time>
    <extensions>
     <gpxtpx:TrackPointExtension>
      <gpxtpx:atemp>30</gpxtpx:atemp>
     </gpxtpx:TrackPointExtension>
    </extensions>
   </trkpt>
   <trkpt lat="48.3499720" lon="15.9025680">
    <ele>242.4</ele>
    <time>2024-06-08T16:03:06Z</time>
    <extensions>
     <gpxtpx:TrackPointExtension>
      <gpxtpx:atemp>30</gpxtpx:atemp>
     </gpxtpx:TrackPointExtension>
    </extensions>
   </trkpt>
   <trkpt lat="48.3500000" lon="15.9024100">
    <ele>242.2</ele>
    <time>2024-06-08T16:03:08Z</time>
    <extensions>
     <gpxtpx:TrackPointExtension>
      <gpxtpx:atemp>30</gpxtpx:atemp>
     </gpxtpx:TrackPointExtension>
    </extensions>
   </trkpt>
   <trkpt lat="48.3501390" lon="15.9017960">
    <ele>241.6</ele>
    <time>2024-06-08T16:03:16Z</time>
    <extensions>
     <gpxtpx:TrackPointExtension>
      <gpxtpx:atemp>30</gpxtpx:atemp>
     </gpxtpx:TrackPointExtension>
    </extensions>
   </trkpt>
   <trkpt lat="48.3503870" lon="15.9009960">
    <ele>241.8</ele>
    <time>2024-06-08T16:03:27Z</time>
    <extensions>
     <gpxtpx:TrackPointExtension>
      <gpxtpx:atemp>29</gpxtpx:atemp>
     </gpxtpx:TrackPointExtension>
    </extensions>
   </trkpt>
   <trkpt lat="48.3504110" lon="15.9009220">
    <ele>242.0</ele>
    <time>2024-06-08T16:03:28Z</time>
    <extensions>
     <gpxtpx:TrackPointExtension>
      <gpxtpx:atemp>29</gpxtpx:atemp>
     </gpxtpx:TrackPointExtension>
    </extensions>
   </trkpt>
   <trkpt lat="48.3506450" lon="15.9001810">
    <ele>242.0</ele>
    <time>2024-06-08T16:03:38Z</time>
    <extensions>
     <gpxtpx:TrackPointExtension>
      <gpxtpx:atemp>29</gpxtpx:atemp>
     </gpxtpx:TrackPointExtension>
    </extensions>
   </trkpt>
   <trkpt lat="48.3506660" lon="15.9001030">
    <ele>242.0</ele>
    <time>2024-06-08T16:03:39Z</time>
    <extensions>
     <gpxtpx:TrackPointExtension>
      <gpxtpx:atemp>29</gpxtpx:atemp>
     </gpxtpx:TrackPointExtension>
    </extensions>
   </trkpt>
   <trkpt lat="48.3508180" lon="15.8995610">
    <ele>242.2</ele>
    <time>2024-06-08T16:03:46Z</time>
    <extensions>
     <gpxtpx:TrackPointExtension>
      <gpxtpx:atemp>29</gpxtpx:atemp>
     </gpxtpx:TrackPointExtension>
    </extensions>
   </trkpt>
   <trkpt lat="48.3508370" lon="15.8994790">
    <ele>242.2</ele>
    <time>2024-06-08T16:03:47Z</time>
    <extensions>
     <gpxtpx:TrackPointExtension>
      <gpxtpx:atemp>29</gpxtpx:atemp>
     </gpxtpx:TrackPointExtension>
    </extensions>
   </trkpt>
   <trkpt lat="48.3509740" lon="15.8989210">
    <ele>242.2</ele>
    <time>2024-06-08T16:03:54Z</time>
    <extensions>
     <gpxtpx:TrackPointExtension>
      <gpxtpx:atemp>29</gpxtpx:atemp>
     </gpxtpx:TrackPointExtension>
    </extensions>
   </trkpt>
   <trkpt lat="48.3511490" lon="15.8981070">
    <ele>242.2</ele>
    <time>2024-06-08T16:04:04Z</time>
    <extensions>
     <gpxtpx:TrackPointExtension>
      <gpxtpx:atemp>29</gpxtpx:atemp>
     </gpxtpx:TrackPointExtension>
    </extensions>
   </trkpt>
   <trkpt lat="48.3511670" lon="15.8980280">
    <ele>242.2</ele>
    <time>2024-06-08T16:04:05Z</time>
    <extensions>
     <gpxtpx:TrackPointExtension>
      <gpxtpx:atemp>29</gpxtpx:atemp>
     </gpxtpx:TrackPointExtension>
    </extensions>
   </trkpt>
   <trkpt lat="48.3513090" lon="15.8973840">
    <ele>242.0</ele>
    <time>2024-06-08T16:04:13Z</time>
    <extensions>
     <gpxtpx:TrackPointExtension>
      <gpxtpx:atemp>29</gpxtpx:atemp>
     </gpxtpx:TrackPointExtension>
    </extensions>
   </trkpt>
   <trkpt lat="48.3514730" lon="15.8965640">
    <ele>241.8</ele>
    <time>2024-06-08T16:04:23Z</time>
    <extensions>
     <gpxtpx:TrackPointExtension>
      <gpxtpx:atemp>29</gpxtpx:atemp>
     </gpxtpx:TrackPointExtension>
    </extensions>
   </trkpt>
   <trkpt lat="48.3514870" lon="15.8964770">
    <ele>241.8</ele>
    <time>2024-06-08T16:04:24Z</time>
    <extensions>
     <gpxtpx:TrackPointExtension>
      <gpxtpx:atemp>29</gpxtpx:atemp>
     </gpxtpx:TrackPointExtension>
    </extensions>
   </trkpt>
   <trkpt lat="48.3516120" lon="15.8958210">
    <ele>241.8</ele>
    <time>2024-06-08T16:04:32Z</time>
    <extensions>
     <gpxtpx:TrackPointExtension>
      <gpxtpx:atemp>29</gpxtpx:atemp>
     </gpxtpx:TrackPointExtension>
    </extensions>
   </trkpt>
   <trkpt lat="48.3517180" lon="15.8953350">
    <ele>242.0</ele>
    <time>2024-06-08T16:04:38Z</time>
    <extensions>
     <gpxtpx:TrackPointExtension>
      <gpxtpx:atemp>29</gpxtpx:atemp>
     </gpxtpx:TrackPointExtension>
    </extensions>
   </trkpt>
   <trkpt lat="48.3518100" lon="15.8948210">
    <ele>241.8</ele>
    <time>2024-06-08T16:04:44Z</time>
    <extensions>
     <gpxtpx:TrackPointExtension>
      <gpxtpx:atemp>28</gpxtpx:atemp>
     </gpxtpx:TrackPointExtension>
    </extensions>
   </trkpt>
   <trkpt lat="48.3518600" lon="15.8945140">
    <ele>241.8</ele>
    <time>2024-06-08T16:04:48Z</time>
    <extensions>
     <gpxtpx:TrackPointExtension>
      <gpxtpx:atemp>28</gpxtpx:atemp>
     </gpxtpx:TrackPointExtension>
    </extensions>
   </trkpt>
   <trkpt lat="48.3519210" lon="15.8942880">
    <ele>241.8</ele>
    <time>2024-06-08T16:04:51Z</time>
    <extensions>
     <gpxtpx:TrackPointExtension>
      <gpxtpx:atemp>28</gpxtpx:atemp>
     </gpxtpx:TrackPointExtension>
    </extensions>
   </trkpt>
   <trkpt lat="48.3520260" lon="15.8937140">
    <ele>241.8</ele>
    <time>2024-06-08T16:04:58Z</time>
    <extensions>
     <gpxtpx:TrackPointExtension>
      <gpxtpx:atemp>28</gpxtpx:atemp>
     </gpxtpx:TrackPointExtension>
    </extensions>
   </trkpt>
   <trkpt lat="48.3520610" lon="15.8935470">
    <ele>241.8</ele>
    <time>2024-06-08T16:05:00Z</time>
    <extensions>
     <gpxtpx:TrackPointExtension>
      <gpxtpx:atemp>28</gpxtpx:atemp>
     </gpxtpx:TrackPointExtension>
    </extensions>
   </trkpt>
   <trkpt lat="48.3521280" lon="15.8932070">
    <ele>241.8</ele>
    <time>2024-06-08T16:05:04Z</time>
    <extensions>
     <gpxtpx:TrackPointExtension>
      <gpxtpx:atemp>28</gpxtpx:atemp>
     </gpxtpx:TrackPointExtension>
    </extensions>
   </trkpt>
   <trkpt lat="48.3522080" lon="15.8928690">
    <ele>241.8</ele>
    <time>2024-06-08T16:05:08Z</time>
    <extensions>
     <gpxtpx:TrackPointExtension>
      <gpxtpx:atemp>28</gpxtpx:atemp>
     </gpxtpx:TrackPointExtension>
    </extensions>
   </trkpt>
   <trkpt lat="48.3523780" lon="15.8922360">
    <ele>241.8</ele>
    <time>2024-06-08T16:05:16Z</time>
    <extensions>
     <gpxtpx:TrackPointExtension>
      <gpxtpx:atemp>28</gpxtpx:atemp>
     </gpxtpx:TrackPointExtension>
    </extensions>
   </trkpt>
   <trkpt lat="48.3524010" lon="15.8921590">
    <ele>241.6</ele>
    <time>2024-06-08T16:05:17Z</time>
    <extensions>
     <gpxtpx:TrackPointExtension>
      <gpxtpx:atemp>28</gpxtpx:atemp>
     </gpxtpx:TrackPointExtension>
    </extensions>
   </trkpt>
   <trkpt lat="48.3525840" lon="15.8916430">
    <ele>241.6</ele>
    <time>2024-06-08T16:05:24Z</time>
    <extensions>
     <gpxtpx:TrackPointExtension>
      <gpxtpx:atemp>28</gpxtpx:atemp>
     </gpxtpx:TrackPointExtension>
    </extensions>
   </trkpt>
   <trkpt lat="48.3529050" lon="15.8909640">
    <ele>241.8</ele>
    <time>2024-06-08T16:05:34Z</time>
    <extensions>
     <gpxtpx:TrackPointExtension>
      <gpxtpx:atemp>28</gpxtpx:atemp>
     </gpxtpx:TrackPointExtension>
    </extensions>
   </trkpt>
   <trkpt lat="48.3529410" lon="15.8908980">
    <ele>241.8</ele>
    <time>2024-06-08T16:05:35Z</time>
    <extensions>
     <gpxtpx:TrackPointExtension>
      <gpxtpx:atemp>28</gpxtpx:atemp>
     </gpxtpx:TrackPointExtension>
    </extensions>
   </trkpt>
   <trkpt lat="48.3533030" lon="15.8902520">
    <ele>242.0</ele>
    <time>2024-06-08T16:05:45Z</time>
    <extensions>
     <gpxtpx:TrackPointExtension>
      <gpxtpx:atemp>28</gpxtpx:atemp>
     </gpxtpx:TrackPointExtension>
    </extensions>
   </trkpt>
   <trkpt lat="48.3533390" lon="15.8901870">
    <ele>242.0</ele>
    <time>2024-06-08T16:05:46Z</time>
    <extensions>
     <gpxtpx:TrackPointExtension>
      <gpxtpx:atemp>28</gpxtpx:atemp>
     </gpxtpx:TrackPointExtension>
    </extensions>
   </trkpt>
   <trkpt lat="48.3534850" lon="15.8899340">
    <ele>242.0</ele>
    <time>2024-06-08T16:05:50Z</time>
    <extensions>
     <gpxtpx:TrackPointExtension>
      <gpxtpx:atemp>28</gpxtpx:atemp>
     </gpxtpx:TrackPointExtension>
    </extensions>
   </trkpt>
   <trkpt lat="48.3535850" lon="15.8897310">
    <ele>242.2</ele>
    <time>2024-06-08T16:05:53Z</time>
    <extensions>
     <gpxtpx:TrackPointExtension>
      <gpxtpx:atemp>28</gpxtpx:atemp>
     </gpxtpx:TrackPointExtension>
    </extensions>
   </trkpt>
   <trkpt lat="48.3538910" lon="15.8892000">
    <ele>242.0</ele>
    <time>2024-06-08T16:06:01Z</time>
    <extensions>
     <gpxtpx:TrackPointExtension>
      <gpxtpx:atemp>28</gpxtpx:atemp>
     </gpxtpx:TrackPointExtension>
    </extensions>
   </trkpt>
   <trkpt lat="48.3540270" lon="15.8889470">
    <ele>241.8</ele>
    <time>2024-06-08T16:06:05Z</time>
    <extensions>
     <gpxtpx:TrackPointExtension>
      <gpxtpx:atemp>28</gpxtpx:atemp>
     </gpxtpx:TrackPointExtension>
    </extensions>
   </trkpt>
   <trkpt lat="48.3540560" lon="15.8887990">
    <ele>241.8</ele>
    <time>2024-06-08T16:06:07Z</time>
    <extensions>
     <gpxtpx:TrackPointExtension>
      <gpxtpx:atemp>28</gpxtpx:atemp>
     </gpxtpx:TrackPointExtension>
    </extensions>
   </trkpt>
   <trkpt lat="48.3540610" lon="15.8887260">
    <ele>241.8</ele>
    <time>2024-06-08T16:06:08Z</time>
    <extensions>
     <gpxtpx:TrackPointExtension>
      <gpxtpx:atemp>28</gpxtpx:atemp>
     </gpxtpx:TrackPointExtension>
    </extensions>
   </trkpt>
   <trkpt lat="48.3540330" lon="15.8885820">
    <ele>241.8</ele>
    <time>2024-06-08T16:06:10Z</time>
    <extensions>
     <gpxtpx:TrackPointExtension>
      <gpxtpx:atemp>28</gpxtpx:atemp>
     </gpxtpx:TrackPointExtension>
    </extensions>
   </trkpt>
   <trkpt lat="48.3539090" lon="15.8882880">
    <ele>242.0</ele>
    <time>2024-06-08T16:06:15Z</time>
    <extensions>
     <gpxtpx:TrackPointExtension>
      <gpxtpx:atemp>28</gpxtpx:atemp>
     </gpxtpx:TrackPointExtension>
    </extensions>
   </trkpt>
   <trkpt lat="48.3538850" lon="15.8882380">
    <ele>242.0</ele>
    <time>2024-06-08T16:06:16Z</time>
    <extensions>
     <gpxtpx:TrackPointExtension>
      <gpxtpx:atemp>28</gpxtpx:atemp>
     </gpxtpx:TrackPointExtension>
    </extensions>
   </trkpt>
   <trkpt lat="48.3538440" lon="15.8880570">
    <ele>242.6</ele>
    <time>2024-06-08T16:06:20Z</time>
    <extensions>
     <gpxtpx:TrackPointExtension>
      <gpxtpx:atemp>28</gpxtpx:atemp>
     </gpxtpx:TrackPointExtension>
    </extensions>
   </trkpt>
   <trkpt lat="48.3539150" lon="15.8879370">
    <ele>243.2</ele>
    <time>2024-06-08T16:06:23Z</time>
    <extensions>
     <gpxtpx:TrackPointExtension>
      <gpxtpx:atemp>28</gpxtpx:atemp>
     </gpxtpx:TrackPointExtension>
    </extensions>
   </trkpt>
   <trkpt lat="48.3539420" lon="15.8879010">
    <ele>243.6</ele>
    <time>2024-06-08T16:06:24Z</time>
    <extensions>
     <gpxtpx:TrackPointExtension>
      <gpxtpx:atemp>28</gpxtpx:atemp>
     </gpxtpx:TrackPointExtension>
    </extensions>
   </trkpt>
   <trkpt lat="48.3541390" lon="15.8875770">
    <ele>244.0</ele>
    <time>2024-06-08T16:06:31Z</time>
    <extensions>
     <gpxtpx:TrackPointExtension>
      <gpxtpx:atemp>28</gpxtpx:atemp>
     </gpxtpx:TrackPointExtension>
    </extensions>
   </trkpt>
   <trkpt lat="48.3543660" lon="15.8872090">
    <ele>244.0</ele>
    <time>2024-06-08T16:06:39Z</time>
    <extensions>
     <gpxtpx:TrackPointExtension>
      <gpxtpx:atemp>28</gpxtpx:atemp>
     </gpxtpx:TrackPointExtension>
    </extensions>
   </trkpt>
   <trkpt lat="48.3544030" lon="15.8871670">
    <ele>244.0</ele>
    <time>2024-06-08T16:06:40Z</time>
    <extensions>
     <gpxtpx:TrackPointExtension>
      <gpxtpx:atemp>28</gpxtpx:atemp>
     </gpxtpx:TrackPointExtension>
    </extensions>
   </trkpt>
   <trkpt lat="48.3545760" lon="15.8870440">
    <ele>244.0</ele>
    <time>2024-06-08T16:06:44Z</time>
    <extensions>
     <gpxtpx:TrackPointExtension>
      <gpxtpx:atemp>28</gpxtpx:atemp>
     </gpxtpx:TrackPointExtension>
    </extensions>
   </trkpt>
   <trkpt lat="48.3549240" lon="15.8868640">
    <ele>243.8</ele>
    <time>2024-06-08T16:06:51Z</time>
    <extensions>
     <gpxtpx:TrackPointExtension>
      <gpxtpx:atemp>28</gpxtpx:atemp>
     </gpxtpx:TrackPointExtension>
    </extensions>
   </trkpt>
   <trkpt lat="48.3552590" lon="15.8866030">
    <ele>243.2</ele>
    <time>2024-06-08T16:06:58Z</time>
    <extensions>
     <gpxtpx:TrackPointExtension>
      <gpxtpx:atemp>28</gpxtpx:atemp>
     </gpxtpx:TrackPointExtension>
    </extensions>
   </trkpt>
   <trkpt lat="48.3553430" lon="15.8864950">
    <ele>243.0</ele>
    <time>2024-06-08T16:07:00Z</time>
    <extensions>
     <gpxtpx:TrackPointExtension>
      <gpxtpx:atemp>28</gpxtpx:atemp>
     </gpxtpx:TrackPointExtension>
    </extensions>
   </trkpt>
   <trkpt lat="48.3556150" lon="15.8860630">
    <ele>242.6</ele>
    <time>2024-06-08T16:07:07Z</time>
    <extensions>
     <gpxtpx:TrackPointExtension>
      <gpxtpx:atemp>28</gpxtpx:atemp>
     </gpxtpx:TrackPointExtension>
    </extensions>
   </trkpt>
   <trkpt lat="48.3556520" lon="15.8859980">
    <ele>242.4</ele>
    <time>2024-06-08T16:07:08Z</time>
    <extensions>
     <gpxtpx:TrackPointExtension>
      <gpxtpx:atemp>28</gpxtpx:atemp>
     </gpxtpx:TrackPointExtension>
    </extensions>
   </trkpt>
   <trkpt lat="48.3559060" lon="15.8855750">
    <ele>241.8</ele>
    <time>2024-06-08T16:07:15Z</time>
    <extensions>
     <gpxtpx:TrackPointExtension>
      <gpxtpx:atemp>28</gpxtpx:atemp>
     </gpxtpx:TrackPointExtension>
    </extensions>
   </trkpt>
   <trkpt lat="48.3561070" lon="15.8852510">
    <ele>241.8</ele>
    <time>2024-06-08T16:07:21Z</time>
    <extensions>
     <gpxtpx:TrackPointExtension>
      <gpxtpx:atemp>28</gpxtpx:atemp>
     </gpxtpx:TrackPointExtension>
    </extensions>
   </trkpt>
   <trkpt lat="48.3564780" lon="15.8846370">
    <ele>242.6</ele>
    <time>2024-06-08T16:07:31Z</time>
    <extensions>
     <gpxtpx:TrackPointExtension>
      <gpxtpx:atemp>28</gpxtpx:atemp>
     </gpxtpx:TrackPointExtension>
    </extensions>
   </trkpt>
   <trkpt lat="48.3568060" lon="15.8841080">
    <ele>242.6</ele>
    <time>2024-06-08T16:07:40Z</time>
    <extensions>
     <gpxtpx:TrackPointExtension>
      <gpxtpx:atemp>28</gpxtpx:atemp>
     </gpxtpx:TrackPointExtension>
    </extensions>
   </trkpt>
   <trkpt lat="48.3571370" lon="15.8835740">
    <ele>242.4</ele>
    <time>2024-06-08T16:07:49Z</time>
    <extensions>
     <gpxtpx:TrackPointExtension>
      <gpxtpx:atemp>28</gpxtpx:atemp>
     </gpxtpx:TrackPointExtension>
    </extensions>
   </trkpt>
   <trkpt lat="48.3573410" lon="15.8831540">
    <ele>242.2</ele>
    <time>2024-06-08T16:07:56Z</time>
    <extensions>
     <gpxtpx:TrackPointExtension>
      <gpxtpx:atemp>28</gpxtpx:atemp>
     </gpxtpx:TrackPointExtension>
    </extensions>
   </trkpt>
   <trkpt lat="48.3574910" lon="15.8826660">
    <ele>242.2</ele>
    <time>2024-06-08T16:08:03Z</time>
    <extensions>
     <gpxtpx:TrackPointExtension>
      <gpxtpx:atemp>28</gpxtpx:atemp>
     </gpxtpx:TrackPointExtension>
    </extensions>
   </trkpt>
   <trkpt lat="48.3575770" lon="15.8822070">
    <ele>242.4</ele>
    <time>2024-06-08T16:08:10Z</time>
    <extensions>
     <gpxtpx:TrackPointExtension>
      <gpxtpx:atemp>28</gpxtpx:atemp>
     </gpxtpx:TrackPointExtension>
    </extensions>
   </trkpt>
   <trkpt lat="48.3577070" lon="15.8817500">
    <ele>242.6</ele>
    <time>2024-06-08T16:08:17Z</time>
    <extensions>
     <gpxtpx:TrackPointExtension>
      <gpxtpx:atemp>28</gpxtpx:atemp>
     </gpxtpx:TrackPointExtension>
    </extensions>
   </trkpt>
   <trkpt lat="48.3578390" lon="15.8813800">
    <ele>242.6</ele>
    <time>2024-06-08T16:08:22Z</time>
    <extensions>
     <gpxtpx:TrackPointExtension>
      <gpxtpx:atemp>28</gpxtpx:atemp>
     </gpxtpx:TrackPointExtension>
    </extensions>
   </trkpt>
   <trkpt lat="48.3578620" lon="15.8813040">
    <ele>242.6</ele>
    <time>2024-06-08T16:08:23Z</time>
    <extensions>
     <gpxtpx:TrackPointExtension>
      <gpxtpx:atemp>28</gpxtpx:atemp>
     </gpxtpx:TrackPointExtension>
    </extensions>
   </trkpt>
   <trkpt lat="48.3579410" lon="15.8809460">
    <ele>242.4</ele>
    <time>2024-06-08T16:08:28Z</time>
    <extensions>
     <gpxtpx:TrackPointExtension>
      <gpxtpx:atemp>28</gpxtpx:atemp>
     </gpxtpx:TrackPointExtension>
    </extensions>
   </trkpt>
   <trkpt lat="48.3579830" lon="15.8808360">
    <ele>242.2</ele>
    <time>2024-06-08T16:08:30Z</time>
    <extensions>
     <gpxtpx:TrackPointExtension>
      <gpxtpx:atemp>28</gpxtpx:atemp>
     </gpxtpx:TrackPointExtension>
    </extensions>
   </trkpt>
   <trkpt lat="48.3580790" lon="15.8806670">
    <ele>242.2</ele>
    <time>2024-06-08T16:08:33Z</time>
    <extensions>
     <gpxtpx:TrackPointExtension>
      <gpxtpx:atemp>28</gpxtpx:atemp>
     </gpxtpx:TrackPointExtension>
    </extensions>
   </trkpt>
   <trkpt lat="48.3581590" lon="15.8805350">
    <ele>242.2</ele>
    <time>2024-06-08T16:08:35Z</time>
    <extensions>
     <gpxtpx:TrackPointExtension>
      <gpxtpx:atemp>28</gpxtpx:atemp>
     </gpxtpx:TrackPointExtension>
    </extensions>
   </trkpt>
   <trkpt lat="48.3582160" lon="15.8804840">
    <ele>242.2</ele>
    <time>2024-06-08T16:08:36Z</time>
    <extensions>
     <gpxtpx:TrackPointExtension>
      <gpxtpx:atemp>28</gpxtpx:atemp>
     </gpxtpx:TrackPointExtension>
    </extensions>
   </trkpt>
   <trkpt lat="48.3582800" lon="15.8804450">
    <ele>242.2</ele>
    <time>2024-06-08T16:08:37Z</time>
    <extensions>
     <gpxtpx:TrackPointExtension>
      <gpxtpx:atemp>28</gpxtpx:atemp>
     </gpxtpx:TrackPointExtension>
    </extensions>
   </trkpt>
   <trkpt lat="48.3584750" lon="15.8803460">
    <ele>242.0</ele>
    <time>2024-06-08T16:08:40Z</time>
    <extensions>
     <gpxtpx:TrackPointExtension>
      <gpxtpx:atemp>28</gpxtpx:atemp>
     </gpxtpx:TrackPointExtension>
    </extensions>
   </trkpt>
   <trkpt lat="48.3585870" lon="15.8802510">
    <ele>241.4</ele>
    <time>2024-06-08T16:08:42Z</time>
    <extensions>
     <gpxtpx:TrackPointExtension>
      <gpxtpx:atemp>28</gpxtpx:atemp>
     </gpxtpx:TrackPointExtension>
    </extensions>
   </trkpt>
   <trkpt lat="48.3587080" lon="15.8800710">
    <ele>240.4</ele>
    <time>2024-06-08T16:08:45Z</time>
    <extensions>
     <gpxtpx:TrackPointExtension>
      <gpxtpx:atemp>28</gpxtpx:atemp>
     </gpxtpx:TrackPointExtension>
    </extensions>
   </trkpt>
   <trkpt lat="48.3587420" lon="15.8800220">
    <ele>240.4</ele>
    <time>2024-06-08T16:08:46Z</time>
    <extensions>
     <gpxtpx:TrackPointExtension>
      <gpxtpx:atemp>28</gpxtpx:atemp>
     </gpxtpx:TrackPointExtension>
    </extensions>
   </trkpt>
   <trkpt lat="48.3588050" lon="15.8799280">
    <ele>240.4</ele>
    <time>2024-06-08T16:08:49Z</time>
    <extensions>
     <gpxtpx:TrackPointExtension>
      <gpxtpx:atemp>28</gpxtpx:atemp>
     </gpxtpx:TrackPointExtension>
    </extensions>
   </trkpt>
   <trkpt lat="48.3588710" lon="15.8798600">
    <ele>240.6</ele>
    <time>2024-06-08T16:08:54Z</time>
    <extensions>
     <gpxtpx:TrackPointExtension>
      <gpxtpx:atemp>28</gpxtpx:atemp>
     </gpxtpx:TrackPointExtension>
    </extensions>
   </trkpt>
   <trkpt lat="48.3590170" lon="15.8797780">
    <ele>240.8</ele>
    <time>2024-06-08T16:09:00Z</time>
    <extensions>
     <gpxtpx:TrackPointExtension>
      <gpxtpx:atemp>28</gpxtpx:atemp>
     </gpxtpx:TrackPointExtension>
    </extensions>
   </trkpt>
   <trkpt lat="48.3591680" lon="15.8797060">
    <ele>241.0</ele>
    <time>2024-06-08T16:09:06Z</time>
    <extensions>
     <gpxtpx:TrackPointExtension>
      <gpxtpx:atemp>28</gpxtpx:atemp>
     </gpxtpx:TrackPointExtension>
    </extensions>
   </trkpt>
   <trkpt lat="48.3593250" lon="15.8797170">
    <ele>240.8</ele>
    <time>2024-06-08T16:09:10Z</time>
    <extensions>
     <gpxtpx:TrackPointExtension>
      <gpxtpx:atemp>28</gpxtpx:atemp>
     </gpxtpx:TrackPointExtension>
    </extensions>
   </trkpt>
   <trkpt lat="48.3594870" lon="15.8797680">
    <ele>240.6</ele>
    <time>2024-06-08T16:09:15Z</time>
    <extensions>
     <gpxtpx:TrackPointExtension>
      <gpxtpx:atemp>28</gpxtpx:atemp>
     </gpxtpx:TrackPointExtension>
    </extensions>
   </trkpt>
   <trkpt lat="48.3597700" lon="15.8796990">
    <ele>241.2</ele>
    <time>2024-06-08T16:09:22Z</time>
    <extensions>
     <gpxtpx:TrackPointExtension>
      <gpxtpx:atemp>28</gpxtpx:atemp>
     </gpxtpx:TrackPointExtension>
    </extensions>
   </trkpt>
   <trkpt lat="48.3600430" lon="15.8796830">
    <ele>241.4</ele>
    <time>2024-06-08T16:09:28Z</time>
    <extensions>
     <gpxtpx:TrackPointExtension>
      <gpxtpx:atemp>28</gpxtpx:atemp>
     </gpxtpx:TrackPointExtension>
    </extensions>
   </trkpt>
   <trkpt lat="48.3603120" lon="15.8796860">
    <ele>241.6</ele>
    <time>2024-06-08T16:09:33Z</time>
    <extensions>
     <gpxtpx:TrackPointExtension>
      <gpxtpx:atemp>27</gpxtpx:atemp>
     </gpxtpx:TrackPointExtension>
    </extensions>
   </trkpt>
   <trkpt lat="48.3606300" lon="15.8797150">
    <ele>241.6</ele>
    <time>2024-06-08T16:09:39Z</time>
    <extensions>
     <gpxtpx:TrackPointExtension>
      <gpxtpx:atemp>27</gpxtpx:atemp>
     </gpxtpx:TrackPointExtension>
    </extensions>
   </trkpt>
   <trkpt lat="48.3608290" lon="15.8796670">
    <ele>241.8</ele>
    <time>2024-06-08T16:09:44Z</time>
    <extensions>
     <gpxtpx:TrackPointExtension>
      <gpxtpx:atemp>27</gpxtpx:atemp>
     </gpxtpx:TrackPointExtension>
    </extensions>
   </trkpt>
   <trkpt lat="48.3609080" lon="15.8795750">
    <ele>241.8</ele>
    <time>2024-06-08T16:09:49Z</time>
    <extensions>
     <gpxtpx:TrackPointExtension>
      <gpxtpx:atemp>27</gpxtpx:atemp>
     </gpxtpx:TrackPointExtension>
    </extensions>
   </trkpt>
   <trkpt lat="48.3609350" lon="15.8794850">
    <ele>241.8</ele>
    <time>2024-06-08T16:09:53Z</time>
    <extensions>
     <gpxtpx:TrackPointExtension>
      <gpxtpx:atemp>27</gpxtpx:atemp>
     </gpxtpx:TrackPointExtension>
    </extensions>
   </trkpt>
   <trkpt lat="48.3609630" lon="15.8793820">
    <ele>241.8</ele>
    <time>2024-06-08T16:09:56Z</time>
    <extensions>
     <gpxtpx:TrackPointExtension>
      <gpxtpx:atemp>27</gpxtpx:atemp>
     </gpxtpx:TrackPointExtension>
    </extensions>
   </trkpt>
   <trkpt lat="48.3610280" lon="15.8790350">
    <ele>241.6</ele>
    <time>2024-06-08T16:10:04Z</time>
    <extensions>
     <gpxtpx:TrackPointExtension>
      <gpxtpx:atemp>27</gpxtpx:atemp>
     </gpxtpx:TrackPointExtension>
    </extensions>
   </trkpt>
   <trkpt lat="48.3610930" lon="15.8786860">
    <ele>241.8</ele>
    <time>2024-06-08T16:10:10Z</time>
    <extensions>
     <gpxtpx:TrackPointExtension>
      <gpxtpx:atemp>27</gpxtpx:atemp>
     </gpxtpx:TrackPointExtension>
    </extensions>
   </trkpt>
   <trkpt lat="48.3611230" lon="15.8785540">
    <ele>241.8</ele>
    <time>2024-06-08T16:10:12Z</time>
    <extensions>
     <gpxtpx:TrackPointExtension>
      <gpxtpx:atemp>27</gpxtpx:atemp>
     </gpxtpx:TrackPointExtension>
    </extensions>
   </trkpt>
   <trkpt lat="48.3611470" lon="15.8783520">
    <ele>241.8</ele>
    <time>2024-06-08T16:10:15Z</time>
    <extensions>
     <gpxtpx:TrackPointExtension>
      <gpxtpx:atemp>27</gpxtpx:atemp>
     </gpxtpx:TrackPointExtension>
    </extensions>
   </trkpt>
   <trkpt lat="48.3612380" lon="15.8778480">
    <ele>241.8</ele>
    <time>2024-06-08T16:10:22Z</time>
    <extensions>
     <gpxtpx:TrackPointExtension>
      <gpxtpx:atemp>27</gpxtpx:atemp>
     </gpxtpx:TrackPointExtension>
    </extensions>
   </trkpt>
   <trkpt lat="48.3613250" lon="15.8772260">
    <ele>241.8</ele>
    <time>2024-06-08T16:10:30Z</time>
    <extensions>
     <gpxtpx:TrackPointExtension>
      <gpxtpx:atemp>27</gpxtpx:atemp>
     </gpxtpx:TrackPointExtension>
    </extensions>
   </trkpt>
   <trkpt lat="48.3613350" lon="15.8771410">
    <ele>241.6</ele>
    <time>2024-06-08T16:10:31Z</time>
    <extensions>
     <gpxtpx:TrackPointExtension>
      <gpxtpx:atemp>27</gpxtpx:atemp>
     </gpxtpx:TrackPointExtension>
    </extensions>
   </trkpt>
   <trkpt lat="48.3613450" lon="15.8770590">
    <ele>241.6</ele>
    <time>2024-06-08T16:10:32Z</time>
    <extensions>
     <gpxtpx:TrackPointExtension>
      <gpxtpx:atemp>27</gpxtpx:atemp>
     </gpxtpx:TrackPointExtension>
    </extensions>
   </trkpt>
   <trkpt lat="48.3614060" lon="15.8767440">
    <ele>241.6</ele>
    <time>2024-06-08T16:10:36Z</time>
    <extensions>
     <gpxtpx:TrackPointExtension>
      <gpxtpx:atemp>27</gpxtpx:atemp>
     </gpxtpx:TrackPointExtension>
    </extensions>
   </trkpt>
   <trkpt lat="48.3614450" lon="15.8765990">
    <ele>241.6</ele>
    <time>2024-06-08T16:10:38Z</time>
    <extensions>
     <gpxtpx:TrackPointExtension>
      <gpxtpx:atemp>27</gpxtpx:atemp>
     </gpxtpx:TrackPointExtension>
    </extensions>
   </trkpt>
   <trkpt lat="48.3615340" lon="15.8762180">
    <ele>241.4</ele>
    <time>2024-06-08T16:10:43Z</time>
    <extensions>
     <gpxtpx:TrackPointExtension>
      <gpxtpx:atemp>27</gpxtpx:atemp>
     </gpxtpx:TrackPointExtension>
    </extensions>
   </trkpt>
   <trkpt lat="48.3615970" lon="15.8759920">
    <ele>241.4</ele>
    <time>2024-06-08T16:10:46Z</time>
    <extensions>
     <gpxtpx:TrackPointExtension>
      <gpxtpx:atemp>26</gpxtpx:atemp>
     </gpxtpx:TrackPointExtension>
    </extensions>
   </trkpt>
   <trkpt lat="48.3616780" lon="15.8757590">
    <ele>241.2</ele>
    <time>2024-06-08T16:10:49Z</time>
    <extensions>
     <gpxtpx:TrackPointExtension>
      <gpxtpx:atemp>26</gpxtpx:atemp>
     </gpxtpx:TrackPointExtension>
    </extensions>
   </trkpt>
   <trkpt lat="48.3618790" lon="15.8753860">
    <ele>241.2</ele>
    <time>2024-06-08T16:10:55Z</time>
    <extensions>
     <gpxtpx:TrackPointExtension>
      <gpxtpx:atemp>26</gpxtpx:atemp>
     </gpxtpx:TrackPointExtension>
    </extensions>
   </trkpt>
   <trkpt lat="48.3621320" lon="15.8750190">
    <ele>241.2</ele>
    <time>2024-06-08T16:11:02Z</time>
    <extensions>
     <gpxtpx:TrackPointExtension>
      <gpxtpx:atemp>26</gpxtpx:atemp>
     </gpxtpx:TrackPointExtension>
    </extensions>
   </trkpt>
   <trkpt lat="48.3622940" lon="15.8746250">
    <ele>241.4</ele>
    <time>2024-06-08T16:11:08Z</time>
    <extensions>
     <gpxtpx:TrackPointExtension>
      <gpxtpx:atemp>26</gpxtpx:atemp>
     </gpxtpx:TrackPointExtension>
    </extensions>
   </trkpt>
   <trkpt lat="48.3623460" lon="15.8745000">
    <ele>241.4</ele>
    <time>2024-06-08T16:11:10Z</time>
    <extensions>
     <gpxtpx:TrackPointExtension>
      <gpxtpx:atemp>26</gpxtpx:atemp>
     </gpxtpx:TrackPointExtension>
    </extensions>
   </trkpt>
   <trkpt lat="48.3625750" lon="15.8740970">
    <ele>241.4</ele>
    <time>2024-06-08T16:11:17Z</time>
    <extensions>
     <gpxtpx:TrackPointExtension>
      <gpxtpx:atemp>26</gpxtpx:atemp>
     </gpxtpx:TrackPointExtension>
    </extensions>
   </trkpt>
   <trkpt lat="48.3628550" lon="15.8736480">
    <ele>241.6</ele>
    <time>2024-06-08T16:11:25Z</time>
    <extensions>
     <gpxtpx:TrackPointExtension>
      <gpxtpx:atemp>26</gpxtpx:atemp>
     </gpxtpx:TrackPointExtension>
    </extensions>
   </trkpt>
   <trkpt lat="48.3628770" lon="15.8735860">
    <ele>241.6</ele>
    <time>2024-06-08T16:11:26Z</time>
    <extensions>
     <gpxtpx:TrackPointExtension>
      <gpxtpx:atemp>26</gpxtpx:atemp>
     </gpxtpx:TrackPointExtension>
    </extensions>
   </trkpt>
   <trkpt lat="48.3628960" lon="15.8735250">
    <ele>241.6</ele>
    <time>2024-06-08T16:11:27Z</time>
    <extensions>
     <gpxtpx:TrackPointExtension>
      <gpxtpx:atemp>26</gpxtpx:atemp>
     </gpxtpx:TrackPointExtension>
    </extensions>
   </trkpt>
   <trkpt lat="48.3629160" lon="15.8733950">
    <ele>241.6</ele>
    <time>2024-06-08T16:11:29Z</time>
    <extensions>
     <gpxtpx:TrackPointExtension>
      <gpxtpx:atemp>26</gpxtpx:atemp>
     </gpxtpx:TrackPointExtension>
    </extensions>
   </trkpt>
   <trkpt lat="48.3629160" lon="15.8733300">
    <ele>241.6</ele>
    <time>2024-06-08T16:11:30Z</time>
    <extensions>
     <gpxtpx:TrackPointExtension>
      <gpxtpx:atemp>26</gpxtpx:atemp>
     </gpxtpx:TrackPointExtension>
    </extensions>
   </trkpt>
   <trkpt lat="48.3629060" lon="15.8732660">
    <ele>241.6</ele>
    <time>2024-06-08T16:11:31Z</time>
    <extensions>
     <gpxtpx:TrackPointExtension>
      <gpxtpx:atemp>26</gpxtpx:atemp>
     </gpxtpx:TrackPointExtension>
    </extensions>
   </trkpt>
   <trkpt lat="48.3628720" lon="15.8731450">
    <ele>241.8</ele>
    <time>2024-06-08T16:11:33Z</time>
    <extensions>
     <gpxtpx:TrackPointExtension>
      <gpxtpx:atemp>26</gpxtpx:atemp>
     </gpxtpx:TrackPointExtension>
    </extensions>
   </trkpt>
   <trkpt lat="48.3628490" lon="15.8730840">
    <ele>241.8</ele>
    <time>2024-06-08T16:11:34Z</time>
    <extensions>
     <gpxtpx:TrackPointExtension>
      <gpxtpx:atemp>26</gpxtpx:atemp>
     </gpxtpx:TrackPointExtension>
    </extensions>
   </trkpt>
   <trkpt lat="48.3628260" lon="15.8730240">
    <ele>241.8</ele>
    <time>2024-06-08T16:11:35Z</time>
    <extensions>
     <gpxtpx:TrackPointExtension>
      <gpxtpx:atemp>26</gpxtpx:atemp>
     </gpxtpx:TrackPointExtension>
    </extensions>
   </trkpt>
   <trkpt lat="48.3627980" lon="15.8728920">
    <ele>241.8</ele>
    <time>2024-06-08T16:11:37Z</time>
    <extensions>
     <gpxtpx:TrackPointExtension>
      <gpxtpx:atemp>26</gpxtpx:atemp>
     </gpxtpx:TrackPointExtension>
    </extensions>
   </trkpt>
   <trkpt lat="48.3627970" lon="15.8728220">
    <ele>241.8</ele>
    <time>2024-06-08T16:11:38Z</time>
    <extensions>
     <gpxtpx:TrackPointExtension>
      <gpxtpx:atemp>26</gpxtpx:atemp>
     </gpxtpx:TrackPointExtension>
    </extensions>
   </trkpt>
   <trkpt lat="48.3628040" lon="15.8727530">
    <ele>241.8</ele>
    <time>2024-06-08T16:11:39Z</time>
    <extensions>
     <gpxtpx:TrackPointExtension>
      <gpxtpx:atemp>26</gpxtpx:atemp>
     </gpxtpx:TrackPointExtension>
    </extensions>
   </trkpt>
   <trkpt lat="48.3628600" lon="15.8725080">
    <ele>242.0</ele>
    <time>2024-06-08T16:11:43Z</time>
    <extensions>
     <gpxtpx:TrackPointExtension>
      <gpxtpx:atemp>26</gpxtpx:atemp>
     </gpxtpx:TrackPointExtension>
    </extensions>
   </trkpt>
   <trkpt lat="48.3629130" lon="15.8722580">
    <ele>242.0</ele>
    <time>2024-06-08T16:11:48Z</time>
    <extensions>
     <gpxtpx:TrackPointExtension>
      <gpxtpx:atemp>26</gpxtpx:atemp>
     </gpxtpx:TrackPointExtension>
    </extensions>
   </trkpt>
   <trkpt lat="48.3629970" lon="15.8718780">
    <ele>242.0</ele>
    <time>2024-06-08T16:11:54Z</time>
    <extensions>
     <gpxtpx:TrackPointExtension>
      <gpxtpx:atemp>26</gpxtpx:atemp>
     </gpxtpx:TrackPointExtension>
    </extensions>
   </trkpt>
   <trkpt lat="48.3630650" lon="15.8717560">
    <ele>242.0</ele>
    <time>2024-06-08T16:11:56Z</time>
    <extensions>
     <gpxtpx:TrackPointExtension>
      <gpxtpx:atemp>26</gpxtpx:atemp>
     </gpxtpx:TrackPointExtension>
    </extensions>
   </trkpt>
   <trkpt lat="48.3631110" lon="15.8717210">
    <ele>242.0</ele>
    <time>2024-06-08T16:11:57Z</time>
    <extensions>
     <gpxtpx:TrackPointExtension>
      <gpxtpx:atemp>26</gpxtpx:atemp>
     </gpxtpx:TrackPointExtension>
    </extensions>
   </trkpt>
   <trkpt lat="48.3631580" lon="15.8717010">
    <ele>242.0</ele>
    <time>2024-06-08T16:11:58Z</time>
    <extensions>
     <gpxtpx:TrackPointExtension>
      <gpxtpx:atemp>26</gpxtpx:atemp>
     </gpxtpx:TrackPointExtension>
    </extensions>
   </trkpt>
   <trkpt lat="48.3632420" lon="15.8717250">
    <ele>242.0</ele>
    <time>2024-06-08T16:12:00Z</time>
    <extensions>
     <gpxtpx:TrackPointExtension>
      <gpxtpx:atemp>26</gpxtpx:atemp>
     </gpxtpx:TrackPointExtension>
    </extensions>
   </trkpt>
   <trkpt lat="48.3633110" lon="15.8718200">
    <ele>241.8</ele>
    <time>2024-06-08T16:12:02Z</time>
    <extensions>
     <gpxtpx:TrackPointExtension>
      <gpxtpx:atemp>26</gpxtpx:atemp>
     </gpxtpx:TrackPointExtension>
    </extensions>
   </trkpt>
   <trkpt lat="48.3633390" lon="15.8718860">
    <ele>241.6</ele>
    <time>2024-06-08T16:12:03Z</time>
    <extensions>
     <gpxtpx:TrackPointExtension>
      <gpxtpx:atemp>26</gpxtpx:atemp>
     </gpxtpx:TrackPointExtension>
    </extensions>
   </trkpt>
   <trkpt lat="48.3633680" lon="15.8719550">
    <ele>241.6</ele>
    <time>2024-06-08T16:12:04Z</time>
    <extensions>
     <gpxtpx:TrackPointExtension>
      <gpxtpx:atemp>26</gpxtpx:atemp>
     </gpxtpx:TrackPointExtension>
    </extensions>
   </trkpt>
   <trkpt lat="48.3635230" lon="15.8722850">
    <ele>241.4</ele>
    <time>2024-06-08T16:12:09Z</time>
    <extensions>
     <gpxtpx:TrackPointExtension>
      <gpxtpx:atemp>26</gpxtpx:atemp>
     </gpxtpx:TrackPointExtension>
    </extensions>
   </trkpt>
   <trkpt lat="48.3638320" lon="15.8728390">
    <ele>241.4</ele>
    <time>2024-06-08T16:12:18Z</time>
    <extensions>
     <gpxtpx:TrackPointExtension>
      <gpxtpx:atemp>26</gpxtpx:atemp>
     </gpxtpx:TrackPointExtension>
    </extensions>
   </trkpt>
   <trkpt lat="48.3640560" lon="15.8733720">
    <ele>241.2</ele>
    <time>2024-06-08T16:12:26Z</time>
    <extensions>
     <gpxtpx:TrackPointExtension>
      <gpxtpx:atemp>26</gpxtpx:atemp>
     </gpxtpx:TrackPointExtension>
    </extensions>
   </trkpt>
   <trkpt lat="48.3641790" lon="15.8738660">
    <ele>241.0</ele>
    <time>2024-06-08T16:12:33Z</time>
    <extensions>
     <gpxtpx:TrackPointExtension>
      <gpxtpx:atemp>26</gpxtpx:atemp>
     </gpxtpx:TrackPointExtension>
    </extensions>
   </trkpt>
   <trkpt lat="48.3642660" lon="15.8743580">
    <ele>241.0</ele>
    <time>2024-06-08T16:12:40Z</time>
    <extensions>
     <gpxtpx:TrackPointExtension>
      <gpxtpx:atemp>26</gpxtpx:atemp>
     </gpxtpx:TrackPointExtension>
    </extensions>
   </trkpt>
   <trkpt lat="48.3642820" lon="15.8748150">
    <ele>241.0</ele>
    <time>2024-06-08T16:12:46Z</time>
    <extensions>
     <gpxtpx:TrackPointExtension>
      <gpxtpx:atemp>26</gpxtpx:atemp>
     </gpxtpx:TrackPointExtension>
    </extensions>
   </trkpt>
   <trkpt lat="48.3642800" lon="15.8750380">
    <ele>241.2</ele>
    <time>2024-06-08T16:12:49Z</time>
    <extensions>
     <gpxtpx:TrackPointExtension>
      <gpxtpx:atemp>26</gpxtpx:atemp>
     </gpxtpx:TrackPointExtension>
    </extensions>
   </trkpt>
   <trkpt lat="48.3642840" lon="15.8753670">
    <ele>241.4</ele>
    <time>2024-06-08T16:12:54Z</time>
    <extensions>
     <gpxtpx:TrackPointExtension>
      <gpxtpx:atemp>26</gpxtpx:atemp>
     </gpxtpx:TrackPointExtension>
    </extensions>
   </trkpt>
   <trkpt lat="48.3642930" lon="15.8754230">
    <ele>241.4</ele>
    <time>2024-06-08T16:12:55Z</time>
    <extensions>
     <gpxtpx:TrackPointExtension>
      <gpxtpx:atemp>26</gpxtpx:atemp>
     </gpxtpx:TrackPointExtension>
    </extensions>
   </trkpt>
   <trkpt lat="48.3643080" lon="15.8754750">
    <ele>241.4</ele>
    <time>2024-06-08T16:12:56Z</time>
    <extensions>
     <gpxtpx:TrackPointExtension>
      <gpxtpx:atemp>26</gpxtpx:atemp>
     </gpxtpx:TrackPointExtension>
    </extensions>
   </trkpt>
   <trkpt lat="48.3643600" lon="15.8755620">
    <ele>241.6</ele>
    <time>2024-06-08T16:12:58Z</time>
    <extensions>
     <gpxtpx:TrackPointExtension>
      <gpxtpx:atemp>26</gpxtpx:atemp>
     </gpxtpx:TrackPointExtension>
    </extensions>
   </trkpt>
   <trkpt lat="48.3643950" lon="15.8755860">
    <ele>241.8</ele>
    <time>2024-06-08T16:12:59Z</time>
    <extensions>
     <gpxtpx:TrackPointExtension>
      <gpxtpx:atemp>26</gpxtpx:atemp>
     </gpxtpx:TrackPointExtension>
    </extensions>
   </trkpt>
   <trkpt lat="48.3644320" lon="15.8755900">
    <ele>242.2</ele>
    <time>2024-06-08T16:13:00Z</time>
    <extensions>
     <gpxtpx:TrackPointExtension>
      <gpxtpx:atemp>26</gpxtpx:atemp>
     </gpxtpx:TrackPointExtension>
    </extensions>
   </trkpt>
   <trkpt lat="48.3644700" lon="15.8755750">
    <ele>242.2</ele>
    <time>2024-06-08T16:13:01Z</time>
    <extensions>
     <gpxtpx:TrackPointExtension>
      <gpxtpx:atemp>26</gpxtpx:atemp>
     </gpxtpx:TrackPointExtension>
    </extensions>
   </trkpt>
   <trkpt lat="48.3645100" lon="15.8755430">
    <ele>242.4</ele>
    <time>2024-06-08T16:13:02Z</time>
    <extensions>
     <gpxtpx:TrackPointExtension>
      <gpxtpx:atemp>26</gpxtpx:atemp>
     </gpxtpx:TrackPointExtension>
    </extensions>
   </trkpt>
   <trkpt lat="48.3647720" lon="15.8752340">
    <ele>242.8</ele>
    <time>2024-06-08T16:13:09Z</time>
    <extensions>
     <gpxtpx:TrackPointExtension>
      <gpxtpx:atemp>26</gpxtpx:atemp>
     </gpxtpx:TrackPointExtension>
    </extensions>
   </trkpt>
   <trkpt lat="48.3651010" lon="15.8748750">
    <ele>242.8</ele>
    <time>2024-06-08T16:13:17Z</time>
    <extensions>
     <gpxtpx:TrackPointExtension>
      <gpxtpx:atemp>26</gpxtpx:atemp>
     </gpxtpx:TrackPointExtension>
    </extensions>
   </trkpt>
   <trkpt lat="48.3651350" lon="15.8748210">
    <ele>242.8</ele>
    <time>2024-06-08T16:13:18Z</time>
    <extensions>
     <gpxtpx:TrackPointExtension>
      <gpxtpx:atemp>26</gpxtpx:atemp>
     </gpxtpx:TrackPointExtension>
    </extensions>
   </trkpt>
   <trkpt lat="48.3652630" lon="15.8746580">
    <ele>242.6</ele>
    <time>2024-06-08T16:13:21Z</time>
    <extensions>
     <gpxtpx:TrackPointExtension>
      <gpxtpx:atemp>26</gpxtpx:atemp>
     </gpxtpx:TrackPointExtension>
    </extensions>
   </trkpt>
   <trkpt lat="48.3653730" lon="15.8746090">
    <ele>242.6</ele>
    <time>2024-06-08T16:13:23Z</time>
    <extensions>
     <gpxtpx:TrackPointExtension>
      <gpxtpx:atemp>26</gpxtpx:atemp>
     </gpxtpx:TrackPointExtension>
    </extensions>
   </trkpt>
   <trkpt lat="48.3654700" lon="15.8746890">
    <ele>242.6</ele>
    <time>2024-06-08T16:13:25Z</time>
    <extensions>
     <gpxtpx:TrackPointExtension>
      <gpxtpx:atemp>26</gpxtpx:atemp>
     </gpxtpx:TrackPointExtension>
    </extensions>
   </trkpt>
   <trkpt lat="48.3656260" lon="15.8750180">
    <ele>242.0</ele>
    <time>2024-06-08T16:13:29Z</time>
    <extensions>
     <gpxtpx:TrackPointExtension>
      <gpxtpx:atemp>26</gpxtpx:atemp>
     </gpxtpx:TrackPointExtension>
    </extensions>
   </trkpt>
   <trkpt lat="48.3657020" lon="15.8751800">
    <ele>241.0</ele>
    <time>2024-06-08T16:13:31Z</time>
    <extensions>
     <gpxtpx:TrackPointExtension>
      <gpxtpx:atemp>26</gpxtpx:atemp>
     </gpxtpx:TrackPointExtension>
    </extensions>
   </trkpt>
   <trkpt lat="48.3657360" lon="15.8752450">
    <ele>241.0</ele>
    <time>2024-06-08T16:13:32Z</time>
    <extensions>
     <gpxtpx:TrackPointExtension>
      <gpxtpx:atemp>26</gpxtpx:atemp>
     </gpxtpx:TrackPointExtension>
    </extensions>
   </trkpt>
   <trkpt lat="48.3657960" lon="15.8753530">
    <ele>240.6</ele>
    <time>2024-06-08T16:13:34Z</time>
    <extensions>
     <gpxtpx:TrackPointExtension>
      <gpxtpx:atemp>26</gpxtpx:atemp>
     </gpxtpx:TrackPointExtension>
    </extensions>
   </trkpt>
   <trkpt lat="48.3658190" lon="15.8754080">
    <ele>240.6</ele>
    <time>2024-06-08T16:13:35Z</time>
    <extensions>
     <gpxtpx:TrackPointExtension>
      <gpxtpx:atemp>26</gpxtpx:atemp>
     </gpxtpx:TrackPointExtension>
    </extensions>
   </trkpt>
   <trkpt lat="48.3658920" lon="15.8755660">
    <ele>240.4</ele>
    <time>2024-06-08T16:13:38Z</time>
    <extensions>
     <gpxtpx:TrackPointExtension>
      <gpxtpx:atemp>26</gpxtpx:atemp>
     </gpxtpx:TrackPointExtension>
    </extensions>
   </trkpt>
   <trkpt lat="48.3659220" lon="15.8756100">
    <ele>240.4</ele>
    <time>2024-06-08T16:13:39Z</time>
    <extensions>
     <gpxtpx:TrackPointExtension>
      <gpxtpx:atemp>26</gpxtpx:atemp>
     </gpxtpx:TrackPointExtension>
    </extensions>
   </trkpt>
   <trkpt lat="48.3659590" lon="15.8756460">
    <ele>240.4</ele>
    <time>2024-06-08T16:13:40Z</time>
    <extensions>
     <gpxtpx:TrackPointExtension>
      <gpxtpx:atemp>26</gpxtpx:atemp>
     </gpxtpx:TrackPointExtension>
    </extensions>
   </trkpt>
   <trkpt lat="48.3660470" lon="15.8756870">
    <ele>240.8</ele>
    <time>2024-06-08T16:13:42Z</time>
    <extensions>
     <gpxtpx:TrackPointExtension>
      <gpxtpx:atemp>26</gpxtpx:atemp>
     </gpxtpx:TrackPointExtension>
    </extensions>
   </trkpt>
   <trkpt lat="48.3661450" lon="15.8756520">
    <ele>241.4</ele>
    <time>2024-06-08T16:13:44Z</time>
    <extensions>
     <gpxtpx:TrackPointExtension>
      <gpxtpx:atemp>26</gpxtpx:atemp>
     </gpxtpx:TrackPointExtension>
    </extensions>
   </trkpt>
   <trkpt lat="48.3661910" lon="15.8756100">
    <ele>241.6</ele>
    <time>2024-06-08T16:13:45Z</time>
    <extensions>
     <gpxtpx:TrackPointExtension>
      <gpxtpx:atemp>26</gpxtpx:atemp>
     </gpxtpx:TrackPointExtension>
    </extensions>
   </trkpt>
   <trkpt lat="48.3663600" lon="15.8754510">
    <ele>242.0</ele>
    <time>2024-06-08T16:13:49Z</time>
    <extensions>
     <gpxtpx:TrackPointExtension>
      <gpxtpx:atemp>26</gpxtpx:atemp>
     </gpxtpx:TrackPointExtension>
    </extensions>
   </trkpt>
   <trkpt lat="48.3663990" lon="15.8754090">
    <ele>242.0</ele>
    <time>2024-06-08T16:13:50Z</time>
    <extensions>
     <gpxtpx:TrackPointExtension>
      <gpxtpx:atemp>26</gpxtpx:atemp>
     </gpxtpx:TrackPointExtension>
    </extensions>
   </trkpt>
   <trkpt lat="48.3664420" lon="15.8753610">
    <ele>242.0</ele>
    <time>2024-06-08T16:13:51Z</time>
    <extensions>
     <gpxtpx:TrackPointExtension>
      <gpxtpx:atemp>26</gpxtpx:atemp>
     </gpxtpx:TrackPointExtension>
    </extensions>
   </trkpt>
   <trkpt lat="48.3666510" lon="15.8751270">
    <ele>242.0</ele>
    <time>2024-06-08T16:13:56Z</time>
    <extensions>
     <gpxtpx:TrackPointExtension>
      <gpxtpx:atemp>26</gpxtpx:atemp>
     </gpxtpx:TrackPointExtension>
    </extensions>
   </trkpt>
   <trkpt lat="48.3668700" lon="15.8748840">
    <ele>242.0</ele>
    <time>2024-06-08T16:14:01Z</time>
    <extensions>
     <gpxtpx:TrackPointExtension>
      <gpxtpx:atemp>26</gpxtpx:atemp>
     </gpxtpx:TrackPointExtension>
    </extensions>
   </trkpt>
   <trkpt lat="48.3672570" lon="15.8744270">
    <ele>241.8</ele>
    <time>2024-06-08T16:14:10Z</time>
    <extensions>
     <gpxtpx:TrackPointExtension>
      <gpxtpx:atemp>26</gpxtpx:atemp>
     </gpxtpx:TrackPointExtension>
    </extensions>
   </trkpt>
   <trkpt lat="48.3676070" lon="15.8739770">
    <ele>242.0</ele>
    <time>2024-06-08T16:14:19Z</time>
    <extensions>
     <gpxtpx:TrackPointExtension>
      <gpxtpx:atemp>25</gpxtpx:atemp>
     </gpxtpx:TrackPointExtension>
    </extensions>
   </trkpt>
   <trkpt lat="48.3679330" lon="15.8735430">
    <ele>242.2</ele>
    <time>2024-06-08T16:14:27Z</time>
    <extensions>
     <gpxtpx:TrackPointExtension>
      <gpxtpx:atemp>25</gpxtpx:atemp>
     </gpxtpx:TrackPointExtension>
    </extensions>
   </trkpt>
   <trkpt lat="48.3682670" lon="15.8730830">
    <ele>242.2</ele>
    <time>2024-06-08T16:14:36Z</time>
    <extensions>
     <gpxtpx:TrackPointExtension>
      <gpxtpx:atemp>25</gpxtpx:atemp>
     </gpxtpx:TrackPointExtension>
    </extensions>
   </trkpt>
   <trkpt lat="48.3686550" lon="15.8725040">
    <ele>242.4</ele>
    <time>2024-06-08T16:14:46Z</time>
    <extensions>
     <gpxtpx:TrackPointExtension>
      <gpxtpx:atemp>25</gpxtpx:atemp>
     </gpxtpx:TrackPointExtension>
    </extensions>
   </trkpt>
   <trkpt lat="48.3686900" lon="15.8724490">
    <ele>242.4</ele>
    <time>2024-06-08T16:14:47Z</time>
    <extensions>
     <gpxtpx:TrackPointExtension>
      <gpxtpx:atemp>25</gpxtpx:atemp>
     </gpxtpx:TrackPointExtension>
    </extensions>
   </trkpt>
   <trkpt lat="48.3689590" lon="15.8720420">
    <ele>242.4</ele>
    <time>2024-06-08T16:14:54Z</time>
    <extensions>
     <gpxtpx:TrackPointExtension>
      <gpxtpx:atemp>25</gpxtpx:atemp>
     </gpxtpx:TrackPointExtension>
    </extensions>
   </trkpt>
   <trkpt lat="48.3692750" lon="15.8715390">
    <ele>242.4</ele>
    <time>2024-06-08T16:15:03Z</time>
    <extensions>
     <gpxtpx:TrackPointExtension>
      <gpxtpx:atemp>25</gpxtpx:atemp>
     </gpxtpx:TrackPointExtension>
    </extensions>
   </trkpt>
   <trkpt lat="48.3695670" lon="15.8710730">
    <ele>242.4</ele>
    <time>2024-06-08T16:15:12Z</time>
    <extensions>
     <gpxtpx:TrackPointExtension>
      <gpxtpx:atemp>25</gpxtpx:atemp>
     </gpxtpx:TrackPointExtension>
    </extensions>
   </trkpt>
   <trkpt lat="48.3698370" lon="15.8706150">
    <ele>242.6</ele>
    <time>2024-06-08T16:15:20Z</time>
    <extensions>
     <gpxtpx:TrackPointExtension>
      <gpxtpx:atemp>25</gpxtpx:atemp>
     </gpxtpx:TrackPointExtension>
    </extensions>
   </trkpt>
   <trkpt lat="48.3701080" lon="15.8701440">
    <ele>242.6</ele>
    <time>2024-06-08T16:15:28Z</time>
    <extensions>
     <gpxtpx:TrackPointExtension>
      <gpxtpx:atemp>25</gpxtpx:atemp>
     </gpxtpx:TrackPointExtension>
    </extensions>
   </trkpt>
   <trkpt lat="48.3703420" lon="15.8697310">
    <ele>242.6</ele>
    <time>2024-06-08T16:15:35Z</time>
    <extensions>
     <gpxtpx:TrackPointExtension>
      <gpxtpx:atemp>25</gpxtpx:atemp>
     </gpxtpx:TrackPointExtension>
    </extensions>
   </trkpt>
   <trkpt lat="48.3704040" lon="15.8696140">
    <ele>242.6</ele>
    <time>2024-06-08T16:15:37Z</time>
    <extensions>
     <gpxtpx:TrackPointExtension>
      <gpxtpx:atemp>25</gpxtpx:atemp>
     </gpxtpx:TrackPointExtension>
    </extensions>
   </trkpt>
   <trkpt lat="48.3706960" lon="15.8690290">
    <ele>242.8</ele>
    <time>2024-06-08T16:15:47Z</time>
    <extensions>
     <gpxtpx:TrackPointExtension>
      <gpxtpx:atemp>25</gpxtpx:atemp>
     </gpxtpx:TrackPointExtension>
    </extensions>
   </trkpt>
   <trkpt lat="48.3709620" lon="15.8684500">
    <ele>243.0</ele>
    <time>2024-06-08T16:15:57Z</time>
    <extensions>
     <gpxtpx:TrackPointExtension>
      <gpxtpx:atemp>25</gpxtpx:atemp>
     </gpxtpx:TrackPointExtension>
    </extensions>
   </trkpt>
   <trkpt lat="48.3711690" lon="15.8679210">
    <ele>243.0</ele>
    <time>2024-06-08T16:16:06Z</time>
    <extensions>
     <gpxtpx:TrackPointExtension>
      <gpxtpx:atemp>25</gpxtpx:atemp>
     </gpxtpx:TrackPointExtension>
    </extensions>
   </trkpt>
   <trkpt lat="48.3713340" lon="15.8673830">
    <ele>243.0</ele>
    <time>2024-06-08T16:16:14Z</time>
    <extensions>
     <gpxtpx:TrackPointExtension>
      <gpxtpx:atemp>25</gpxtpx:atemp>
     </gpxtpx:TrackPointExtension>
    </extensions>
   </trkpt>
   <trkpt lat="48.3714720" lon="15.8668350">
    <ele>243.0</ele>
    <time>2024-06-08T16:16:22Z</time>
    <extensions>
     <gpxtpx:TrackPointExtension>
      <gpxtpx:atemp>25</gpxtpx:atemp>
     </gpxtpx:TrackPointExtension>
    </extensions>
   </trkpt>
   <trkpt lat="48.3714840" lon="15.8667650">
    <ele>243.0</ele>
    <time>2024-06-08T16:16:23Z</time>
    <extensions>
     <gpxtpx:TrackPointExtension>
      <gpxtpx:atemp>25</gpxtpx:atemp>
     </gpxtpx:TrackPointExtension>
    </extensions>
   </trkpt>
   <trkpt lat="48.3715950" lon="15.8661440">
    <ele>243.0</ele>
    <time>2024-06-08T16:16:32Z</time>
    <extensions>
     <gpxtpx:TrackPointExtension>
      <gpxtpx:atemp>25</gpxtpx:atemp>
     </gpxtpx:TrackPointExtension>
    </extensions>
   </trkpt>
   <trkpt lat="48.3716470" lon="15.8655200">
    <ele>243.2</ele>
    <time>2024-06-08T16:16:41Z</time>
    <extensions>
     <gpxtpx:TrackPointExtension>
      <gpxtpx:atemp>25</gpxtpx:atemp>
     </gpxtpx:TrackPointExtension>
    </extensions>
   </trkpt>
   <trkpt lat="48.3716360" lon="15.8652370">
    <ele>243.2</ele>
    <time>2024-06-08T16:16:45Z</time>
    <extensions>
     <gpxtpx:TrackPointExtension>
      <gpxtpx:atemp>25</gpxtpx:atemp>
     </gpxtpx:TrackPointExtension>
    </extensions>
   </trkpt>
   <trkpt lat="48.3716100" lon="15.8650220">
    <ele>243.2</ele>
    <time>2024-06-08T16:16:48Z</time>
    <extensions>
     <gpxtpx:TrackPointExtension>
      <gpxtpx:atemp>25</gpxtpx:atemp>
     </gpxtpx:TrackPointExtension>
    </extensions>
   </trkpt>
   <trkpt lat="48.3715180" lon="15.8645700">
    <ele>243.2</ele>
    <time>2024-06-08T16:16:55Z</time>
    <extensions>
     <gpxtpx:TrackPointExtension>
      <gpxtpx:atemp>25</gpxtpx:atemp>
     </gpxtpx:TrackPointExtension>
    </extensions>
   </trkpt>
   <trkpt lat="48.3712970" lon="15.8640020">
    <ele>243.2</ele>
    <time>2024-06-08T16:17:04Z</time>
    <extensions>
     <gpxtpx:TrackPointExtension>
      <gpxtpx:atemp>25</gpxtpx:atemp>
     </gpxtpx:TrackPointExtension>
    </extensions>
   </trkpt>
   <trkpt lat="48.3710830" lon="15.8634150">
    <ele>242.8</ele>
    <time>2024-06-08T16:17:13Z</time>
    <extensions>
     <gpxtpx:TrackPointExtension>
      <gpxtpx:atemp>25</gpxtpx:atemp>
     </gpxtpx:TrackPointExtension>
    </extensions>
   </trkpt>
   <trkpt lat="48.3708070" lon="15.8626900">
    <ele>243.0</ele>
    <time>2024-06-08T16:17:24Z</time>
    <extensions>
     <gpxtpx:TrackPointExtension>
      <gpxtpx:atemp>25</gpxtpx:atemp>
     </gpxtpx:TrackPointExtension>
    </extensions>
   </trkpt>
   <trkpt lat="48.3706350" lon="15.8622310">
    <ele>243.2</ele>
    <time>2024-06-08T16:17:32Z</time>
    <extensions>
     <gpxtpx:TrackPointExtension>
      <gpxtpx:atemp>25</gpxtpx:atemp>
     </gpxtpx:TrackPointExtension>
    </extensions>
   </trkpt>
   <trkpt lat="48.3704840" lon="15.8618060">
    <ele>243.6</ele>
    <time>2024-06-08T16:17:39Z</time>
    <extensions>
     <gpxtpx:TrackPointExtension>
      <gpxtpx:atemp>26</gpxtpx:atemp>
     </gpxtpx:TrackPointExtension>
    </extensions>
   </trkpt>
   <trkpt lat="48.3704390" lon="15.8616950">
    <ele>243.6</ele>
    <time>2024-06-08T16:17:41Z</time>
    <extensions>
     <gpxtpx:TrackPointExtension>
      <gpxtpx:atemp>26</gpxtpx:atemp>
     </gpxtpx:TrackPointExtension>
    </extensions>
   </trkpt>
   <trkpt lat="48.3703160" lon="15.8613520">
    <ele>243.6</ele>
    <time>2024-06-08T16:17:47Z</time>
    <extensions>
     <gpxtpx:TrackPointExtension>
      <gpxtpx:atemp>26</gpxtpx:atemp>
     </gpxtpx:TrackPointExtension>
    </extensions>
   </trkpt>
   <trkpt lat="48.3702780" lon="15.8612550">
    <ele>243.6</ele>
    <time>2024-06-08T16:17:49Z</time>
    <extensions>
     <gpxtpx:TrackPointExtension>
      <gpxtpx:atemp>26</gpxtpx:atemp>
     </gpxtpx:TrackPointExtension>
    </extensions>
   </trkpt>
   <trkpt lat="48.3701480" lon="15.8608640">
    <ele>243.8</ele>
    <time>2024-06-08T16:17:57Z</time>
    <extensions>
     <gpxtpx:TrackPointExtension>
      <gpxtpx:atemp>26</gpxtpx:atemp>
     </gpxtpx:TrackPointExtension>
    </extensions>
   </trkpt>
   <trkpt lat="48.3700390" lon="15.8604910">
    <ele>244.4</ele>
    <time>2024-06-08T16:18:04Z</time>
    <extensions>
     <gpxtpx:TrackPointExtension>
      <gpxtpx:atemp>26</gpxtpx:atemp>
     </gpxtpx:TrackPointExtension>
    </extensions>
   </trkpt>
   <trkpt lat="48.3699360" lon="15.8600780">
    <ele>244.6</ele>
    <time>2024-06-08T16:18:11Z</time>
    <extensions>
     <gpxtpx:TrackPointExtension>
      <gpxtpx:atemp>26</gpxtpx:atemp>
     </gpxtpx:TrackPointExtension>
    </extensions>
   </trkpt>
   <trkpt lat="48.3698860" lon="15.8599020">
    <ele>244.6</ele>
    <time>2024-06-08T16:18:14Z</time>
    <extensions>
     <gpxtpx:TrackPointExtension>
      <gpxtpx:atemp>26</gpxtpx:atemp>
     </gpxtpx:TrackPointExtension>
    </extensions>
   </trkpt>
   <trkpt lat="48.3697520" lon="15.8594040">
    <ele>244.6</ele>
    <time>2024-06-08T16:18:22Z</time>
    <extensions>
     <gpxtpx:TrackPointExtension>
      <gpxtpx:atemp>26</gpxtpx:atemp>
     </gpxtpx:TrackPointExtension>
    </extensions>
   </trkpt>
   <trkpt lat="48.3696220" lon="15.8588450">
    <ele>244.6</ele>
    <time>2024-06-08T16:18:31Z</time>
    <extensions>
     <gpxtpx:TrackPointExtension>
      <gpxtpx:atemp>26</gpxtpx:atemp>
     </gpxtpx:TrackPointExtension>
    </extensions>
   </trkpt>
   <trkpt lat="48.3695370" lon="15.8583770">
    <ele>244.6</ele>
    <time>2024-06-08T16:18:38Z</time>
    <extensions>
     <gpxtpx:TrackPointExtension>
      <gpxtpx:atemp>26</gpxtpx:atemp>
     </gpxtpx:TrackPointExtension>
    </extensions>
   </trkpt>
   <trkpt lat="48.3694440" lon="15.8577880">
    <ele>244.6</ele>
    <time>2024-06-08T16:18:47Z</time>
    <extensions>
     <gpxtpx:TrackPointExtension>
      <gpxtpx:atemp>26</gpxtpx:atemp>
     </gpxtpx:TrackPointExtension>
    </extensions>
   </trkpt>
   <trkpt lat="48.3693490" lon="15.8571790">
    <ele>244.6</ele>
    <time>2024-06-08T16:18:56Z</time>
    <extensions>
     <gpxtpx:TrackPointExtension>
      <gpxtpx:atemp>26</gpxtpx:atemp>
     </gpxtpx:TrackPointExtension>
    </extensions>
   </trkpt>
   <trkpt lat="48.3693420" lon="15.8571160">
    <ele>244.6</ele>
    <time>2024-06-08T16:18:57Z</time>
    <extensions>
     <gpxtpx:TrackPointExtension>
      <gpxtpx:atemp>26</gpxtpx:atemp>
     </gpxtpx:TrackPointExtension>
    </extensions>
   </trkpt>
   <trkpt lat="48.3692670" lon="15.8565050">
    <ele>244.6</ele>
    <time>2024-06-08T16:19:06Z</time>
    <extensions>
     <gpxtpx:TrackPointExtension>
      <gpxtpx:atemp>26</gpxtpx:atemp>
     </gpxtpx:TrackPointExtension>
    </extensions>
   </trkpt>
   <trkpt lat="48.3692160" lon="15.8559840">
    <ele>244.6</ele>
    <time>2024-06-08T16:19:14Z</time>
    <extensions>
     <gpxtpx:TrackPointExtension>
      <gpxtpx:atemp>26</gpxtpx:atemp>
     </gpxtpx:TrackPointExtension>
    </extensions>
   </trkpt>
   <trkpt lat="48.3691730" lon="15.8555500">
    <ele>244.6</ele>
    <time>2024-06-08T16:19:22Z</time>
    <extensions>
     <gpxtpx:TrackPointExtension>
      <gpxtpx:atemp>26</gpxtpx:atemp>
     </gpxtpx:TrackPointExtension>
    </extensions>
   </trkpt>
   <trkpt lat="48.3690840" lon="15.8552500">
    <ele>244.8</ele>
    <time>2024-06-08T16:19:29Z</time>
    <extensions>
     <gpxtpx:TrackPointExtension>
      <gpxtpx:atemp>26</gpxtpx:atemp>
     </gpxtpx:TrackPointExtension>
    </extensions>
   </trkpt>
   <trkpt lat="48.3689490" lon="15.8552020">
    <ele>244.8</ele>
    <time>2024-06-08T16:19:33Z</time>
    <extensions>
     <gpxtpx:TrackPointExtension>
      <gpxtpx:atemp>26</gpxtpx:atemp>
     </gpxtpx:TrackPointExtension>
    </extensions>
   </trkpt>
   <trkpt lat="48.3689230" lon="15.8551990">
    <ele>245.0</ele>
    <time>2024-06-08T16:19:37Z</time>
    <extensions>
     <gpxtpx:TrackPointExtension>
      <gpxtpx:atemp>26</gpxtpx:atemp>
     </gpxtpx:TrackPointExtension>
    </extensions>
   </trkpt>
   <trkpt lat="48.3689230" lon="15.8551990">
    <ele>245.0</ele>
    <time>2024-06-08T16:19:38Z</time>
    <extensions>
     <gpxtpx:TrackPointExtension>
      <gpxtpx:atemp>26</gpxtpx:atemp>
     </gpxtpx:TrackPointExtension>
    </extensions>
   </trkpt>
   <trkpt lat="48.3688620" lon="15.8552090">
    <ele>246.0</ele>
    <time>2024-06-08T16:19:55Z</time>
    <extensions>
     <gpxtpx:TrackPointExtension>
      <gpxtpx:atemp>27</gpxtpx:atemp>
     </gpxtpx:TrackPointExtension>
    </extensions>
   </trkpt>
   <trkpt lat="48.3688100" lon="15.8552040">
    <ele>246.0</ele>
    <time>2024-06-08T16:19:58Z</time>
    <extensions>
     <gpxtpx:TrackPointExtension>
      <gpxtpx:atemp>27</gpxtpx:atemp>
     </gpxtpx:TrackPointExtension>
    </extensions>
   </trkpt>
   <trkpt lat="48.3687370" lon="15.8551950">
    <ele>246.0</ele>
    <time>2024-06-08T16:20:01Z</time>
    <extensions>
     <gpxtpx:TrackPointExtension>
      <gpxtpx:atemp>27</gpxtpx:atemp>
     </gpxtpx:TrackPointExtension>
    </extensions>
   </trkpt>
   <trkpt lat="48.3686790" lon="15.8551590">
    <ele>246.2</ele>
    <time>2024-06-08T16:20:03Z</time>
    <extensions>
     <gpxtpx:TrackPointExtension>
      <gpxtpx:atemp>27</gpxtpx:atemp>
     </gpxtpx:TrackPointExtension>
    </extensions>
   </trkpt>
   <trkpt lat="48.3686380" lon="15.8550920">
    <ele>246.4</ele>
    <time>2024-06-08T16:20:05Z</time>
    <extensions>
     <gpxtpx:TrackPointExtension>
      <gpxtpx:atemp>27</gpxtpx:atemp>
     </gpxtpx:TrackPointExtension>
    </extensions>
   </trkpt>
   <trkpt lat="48.3686460" lon="15.8550150">
    <ele>246.8</ele>
    <time>2024-06-08T16:20:07Z</time>
    <extensions>
     <gpxtpx:TrackPointExtension>
      <gpxtpx:atemp>27</gpxtpx:atemp>
     </gpxtpx:TrackPointExtension>
    </extensions>
   </trkpt>
   <trkpt lat="48.3686610" lon="15.8549860">
    <ele>247.0</ele>
    <time>2024-06-08T16:20:08Z</time>
    <extensions>
     <gpxtpx:TrackPointExtension>
      <gpxtpx:atemp>27</gpxtpx:atemp>
     </gpxtpx:TrackPointExtension>
    </extensions>
   </trkpt>
   <trkpt lat="48.3686850" lon="15.8549650">
    <ele>247.0</ele>
    <time>2024-06-08T16:20:09Z</time>
    <extensions>
     <gpxtpx:TrackPointExtension>
      <gpxtpx:atemp>27</gpxtpx:atemp>
     </gpxtpx:TrackPointExtension>
    </extensions>
   </trkpt>
   <trkpt lat="48.3687060" lon="15.8549540">
    <ele>247.2</ele>
    <time>2024-06-08T16:20:10Z</time>
    <extensions>
     <gpxtpx:TrackPointExtension>
      <gpxtpx:atemp>27</gpxtpx:atemp>
     </gpxtpx:TrackPointExtension>
    </extensions>
   </trkpt>
   <trkpt lat="48.3688400" lon="15.8549320">
    <ele>248.4</ele>
    <time>2024-06-08T16:20:16Z</time>
    <extensions>
     <gpxtpx:TrackPointExtension>
      <gpxtpx:atemp>27</gpxtpx:atemp>
     </gpxtpx:TrackPointExtension>
    </extensions>
   </trkpt>
   <trkpt lat="48.3689270" lon="15.8549240">
    <ele>248.8</ele>
    <time>2024-06-08T16:20:19Z</time>
    <extensions>
     <gpxtpx:TrackPointExtension>
      <gpxtpx:atemp>27</gpxtpx:atemp>
     </gpxtpx:TrackPointExtension>
    </extensions>
   </trkpt>
   <trkpt lat="48.3691520" lon="15.8548940">
    <ele>249.2</ele>
    <time>2024-06-08T16:20:25Z</time>
    <extensions>
     <gpxtpx:TrackPointExtension>
      <gpxtpx:atemp>27</gpxtpx:atemp>
     </gpxtpx:TrackPointExtension>
    </extensions>
   </trkpt>
   <trkpt lat="48.3694390" lon="15.8548690">
    <ele>249.2</ele>
    <time>2024-06-08T16:20:33Z</time>
    <extensions>
     <gpxtpx:TrackPointExtension>
      <gpxtpx:atemp>27</gpxtpx:atemp>
     </gpxtpx:TrackPointExtension>
    </extensions>
   </trkpt>
   <trkpt lat="48.3698630" lon="15.8548370">
    <ele>249.4</ele>
    <time>2024-06-08T16:20:43Z</time>
    <extensions>
     <gpxtpx:TrackPointExtension>
      <gpxtpx:atemp>27</gpxtpx:atemp>
     </gpxtpx:TrackPointExtension>
    </extensions>
   </trkpt>
   <trkpt lat="48.3702420" lon="15.8547870">
    <ele>249.2</ele>
    <time>2024-06-08T16:20:52Z</time>
    <extensions>
     <gpxtpx:TrackPointExtension>
      <gpxtpx:atemp>27</gpxtpx:atemp>
     </gpxtpx:TrackPointExtension>
    </extensions>
   </trkpt>
   <trkpt lat="48.3705390" lon="15.8547200">
    <ele>249.4</ele>
    <time>2024-06-08T16:21:00Z</time>
    <extensions>
     <gpxtpx:TrackPointExtension>
      <gpxtpx:atemp>27</gpxtpx:atemp>
     </gpxtpx:TrackPointExtension>
    </extensions>
   </trkpt>
   <trkpt lat="48.3706530" lon="15.8547230">
    <ele>249.6</ele>
    <time>2024-06-08T16:21:03Z</time>
    <extensions>
     <gpxtpx:TrackPointExtension>
      <gpxtpx:atemp>27</gpxtpx:atemp>
     </gpxtpx:TrackPointExtension>
    </extensions>
   </trkpt>
   <trkpt lat="48.3707630" lon="15.8547150">
    <ele>249.6</ele>
    <time>2024-06-08T16:21:06Z</time>
    <extensions>
     <gpxtpx:TrackPointExtension>
      <gpxtpx:atemp>27</gpxtpx:atemp>
     </gpxtpx:TrackPointExtension>
    </extensions>
   </trkpt>
   <trkpt lat="48.3709330" lon="15.8547100">
    <ele>249.6</ele>
    <time>2024-06-08T16:21:12Z</time>
    <extensions>
     <gpxtpx:TrackPointExtension>
      <gpxtpx:atemp>27</gpxtpx:atemp>
     </gpxtpx:TrackPointExtension>
    </extensions>
   </trkpt>
   <trkpt lat="48.3710780" lon="15.8546960">
    <ele>249.8</ele>
    <time>2024-06-08T16:21:17Z</time>
    <extensions>
     <gpxtpx:TrackPointExtension>
      <gpxtpx:atemp>27</gpxtpx:atemp>
     </gpxtpx:TrackPointExtension>
    </extensions>
   </trkpt>
   <trkpt lat="48.3712820" lon="15.8546370">
    <ele>249.8</ele>
    <time>2024-06-08T16:21:22Z</time>
    <extensions>
     <gpxtpx:TrackPointExtension>
      <gpxtpx:atemp>27</gpxtpx:atemp>
     </gpxtpx:TrackPointExtension>
    </extensions>
   </trkpt>
   <trkpt lat="48.3715430" lon="15.8545400">
    <ele>249.8</ele>
    <time>2024-06-08T16:21:28Z</time>
    <extensions>
     <gpxtpx:TrackPointExtension>
      <gpxtpx:atemp>27</gpxtpx:atemp>
     </gpxtpx:TrackPointExtension>
    </extensions>
   </trkpt>
   <trkpt lat="48.3716740" lon="15.8545060">
    <ele>249.8</ele>
    <time>2024-06-08T16:21:31Z</time>
    <extensions>
     <gpxtpx:TrackPointExtension>
      <gpxtpx:atemp>27</gpxtpx:atemp>
     </gpxtpx:TrackPointExtension>
    </extensions>
   </trkpt>
   <trkpt lat="48.3719890" lon="15.8544580">
    <ele>250.4</ele>
    <time>2024-06-08T16:21:39Z</time>
    <extensions>
     <gpxtpx:TrackPointExtension>
      <gpxtpx:atemp>27</gpxtpx:atemp>
     </gpxtpx:TrackPointExtension>
    </extensions>
   </trkpt>
   <trkpt lat="48.3720580" lon="15.8544520">
    <ele>250.6</ele>
    <time>2024-06-08T16:21:41Z</time>
    <extensions>
     <gpxtpx:TrackPointExtension>
      <gpxtpx:atemp>27</gpxtpx:atemp>
     </gpxtpx:TrackPointExtension>
    </extensions>
   </trkpt>
   <trkpt lat="48.3722150" lon="15.8544540">
    <ele>251.6</ele>
    <time>2024-06-08T16:21:46Z</time>
    <extensions>
     <gpxtpx:TrackPointExtension>
      <gpxtpx:atemp>27</gpxtpx:atemp>
     </gpxtpx:TrackPointExtension>
    </extensions>
   </trkpt>
   <trkpt lat="48.3722450" lon="15.8544550">
    <ele>252.0</ele>
    <time>2024-06-08T16:21:47Z</time>
    <extensions>
     <gpxtpx:TrackPointExtension>
      <gpxtpx:atemp>27</gpxtpx:atemp>
     </gpxtpx:TrackPointExtension>
    </extensions>
   </trkpt>
   <trkpt lat="48.3724060" lon="15.8544740">
    <ele>253.0</ele>
    <time>2024-06-08T16:21:53Z</time>
    <extensions>
     <gpxtpx:TrackPointExtension>
      <gpxtpx:atemp>27</gpxtpx:atemp>
     </gpxtpx:TrackPointExtension>
    </extensions>
   </trkpt>
   <trkpt lat="48.3726130" lon="15.8545310">
    <ele>254.2</ele>
    <time>2024-06-08T16:22:01Z</time>
    <extensions>
     <gpxtpx:TrackPointExtension>
      <gpxtpx:atemp>27</gpxtpx:atemp>
     </gpxtpx:TrackPointExtension>
    </extensions>
   </trkpt>
   <trkpt lat="48.3726720" lon="15.8545460">
    <ele>254.4</ele>
    <time>2024-06-08T16:22:03Z</time>
    <extensions>
     <gpxtpx:TrackPointExtension>
      <gpxtpx:atemp>27</gpxtpx:atemp>
     </gpxtpx:TrackPointExtension>
    </extensions>
   </trkpt>
   <trkpt lat="48.3729080" lon="15.8546570">
    <ele>255.4</ele>
    <time>2024-06-08T16:22:12Z</time>
    <extensions>
     <gpxtpx:TrackPointExtension>
      <gpxtpx:atemp>27</gpxtpx:atemp>
     </gpxtpx:TrackPointExtension>
    </extensions>
   </trkpt>
   <trkpt lat="48.3729310" lon="15.8546800">
    <ele>255.6</ele>
    <time>2024-06-08T16:22:13Z</time>
    <extensions>
     <gpxtpx:TrackPointExtension>
      <gpxtpx:atemp>27</gpxtpx:atemp>
     </gpxtpx:TrackPointExtension>
    </extensions>
   </trkpt>
   <trkpt lat="48.3730910" lon="15.8548030">
    <ele>255.8</ele>
    <time>2024-06-08T16:22:19Z</time>
    <extensions>
     <gpxtpx:TrackPointExtension>
      <gpxtpx:atemp>27</gpxtpx:atemp>
     </gpxtpx:TrackPointExtension>
    </extensions>
   </trkpt>
   <trkpt lat="48.3733010" lon="15.8549500">
    <ele>256.0</ele>
    <time>2024-06-08T16:22:26Z</time>
    <extensions>
     <gpxtpx:TrackPointExtension>
      <gpxtpx:atemp>27</gpxtpx:atemp>
     </gpxtpx:TrackPointExtension>
    </extensions>
   </trkpt>
   <trkpt lat="48.3735870" lon="15.8551720">
    <ele>255.8</ele>
    <time>2024-06-08T16:22:34Z</time>
    <extensions>
     <gpxtpx:TrackPointExtension>
      <gpxtpx:atemp>27</gpxtpx:atemp>
     </gpxtpx:TrackPointExtension>
    </extensions>
   </trkpt>
   <trkpt lat="48.3739280" lon="15.8554150">
    <ele>255.8</ele>
    <time>2024-06-08T16:22:43Z</time>
    <extensions>
     <gpxtpx:TrackPointExtension>
      <gpxtpx:atemp>27</gpxtpx:atemp>
     </gpxtpx:TrackPointExtension>
    </extensions>
   </trkpt>
   <trkpt lat="48.3740010" lon="15.8554690">
    <ele>255.8</ele>
    <time>2024-06-08T16:22:45Z</time>
    <extensions>
     <gpxtpx:TrackPointExtension>
      <gpxtpx:atemp>27</gpxtpx:atemp>
     </gpxtpx:TrackPointExtension>
    </extensions>
   </trkpt>
   <trkpt lat="48.3743340" lon="15.8557210">
    <ele>256.4</ele>
    <time>2024-06-08T16:22:54Z</time>
    <extensions>
     <gpxtpx:TrackPointExtension>
      <gpxtpx:atemp>27</gpxtpx:atemp>
     </gpxtpx:TrackPointExtension>
    </extensions>
   </trkpt>
   <trkpt lat="48.3746490" lon="15.8559770">
    <ele>256.4</ele>
    <time>2024-06-08T16:23:02Z</time>
    <extensions>
     <gpxtpx:TrackPointExtension>
      <gpxtpx:atemp>27</gpxtpx:atemp>
     </gpxtpx:TrackPointExtension>
    </extensions>
   </trkpt>
   <trkpt lat="48.3750330" lon="15.8562620">
    <ele>256.2</ele>
    <time>2024-06-08T16:23:12Z</time>
    <extensions>
     <gpxtpx:TrackPointExtension>
      <gpxtpx:atemp>27</gpxtpx:atemp>
     </gpxtpx:TrackPointExtension>
    </extensions>
   </trkpt>
   <trkpt lat="48.3754220" lon="15.8565560">
    <ele>256.2</ele>
    <time>2024-06-08T16:23:22Z</time>
    <extensions>
     <gpxtpx:TrackPointExtension>
      <gpxtpx:atemp>28</gpxtpx:atemp>
     </gpxtpx:TrackPointExtension>
    </extensions>
   </trkpt>
   <trkpt lat="48.3757450" lon="15.8568070">
    <ele>256.2</ele>
    <time>2024-06-08T16:23:31Z</time>
    <extensions>
     <gpxtpx:TrackPointExtension>
      <gpxtpx:atemp>28</gpxtpx:atemp>
     </gpxtpx:TrackPointExtension>
    </extensions>
   </trkpt>
   <trkpt lat="48.3761280" lon="15.8570960">
    <ele>256.2</ele>
    <time>2024-06-08T16:23:41Z</time>
    <extensions>
     <gpxtpx:TrackPointExtension>
      <gpxtpx:atemp>28</gpxtpx:atemp>
     </gpxtpx:TrackPointExtension>
    </extensions>
   </trkpt>
   <trkpt lat="48.3764940" lon="15.8573640">
    <ele>256.2</ele>
    <time>2024-06-08T16:23:50Z</time>
    <extensions>
     <gpxtpx:TrackPointExtension>
      <gpxtpx:atemp>28</gpxtpx:atemp>
     </gpxtpx:TrackPointExtension>
    </extensions>
   </trkpt>
   <trkpt lat="48.3769780" lon="15.8577330">
    <ele>256.4</ele>
    <time>2024-06-08T16:24:02Z</time>
    <extensions>
     <gpxtpx:TrackPointExtension>
      <gpxtpx:atemp>28</gpxtpx:atemp>
     </gpxtpx:TrackPointExtension>
    </extensions>
   </trkpt>
   <trkpt lat="48.3774220" lon="15.8580660">
    <ele>256.4</ele>
    <time>2024-06-08T16:24:13Z</time>
    <extensions>
     <gpxtpx:TrackPointExtension>
      <gpxtpx:atemp>28</gpxtpx:atemp>
     </gpxtpx:TrackPointExtension>
    </extensions>
   </trkpt>
   <trkpt lat="48.3778640" lon="15.8583870">
    <ele>256.4</ele>
    <time>2024-06-08T16:24:23Z</time>
    <extensions>
     <gpxtpx:TrackPointExtension>
      <gpxtpx:atemp>28</gpxtpx:atemp>
     </gpxtpx:TrackPointExtension>
    </extensions>
   </trkpt>
   <trkpt lat="48.3779130" lon="15.8584020">
    <ele>256.4</ele>
    <time>2024-06-08T16:24:24Z</time>
    <extensions>
     <gpxtpx:TrackPointExtension>
      <gpxtpx:atemp>28</gpxtpx:atemp>
     </gpxtpx:TrackPointExtension>
    </extensions>
   </trkpt>
   <trkpt lat="48.3779630" lon="15.8584090">
    <ele>256.4</ele>
    <time>2024-06-08T16:24:25Z</time>
    <extensions>
     <gpxtpx:TrackPointExtension>
      <gpxtpx:atemp>28</gpxtpx:atemp>
     </gpxtpx:TrackPointExtension>
    </extensions>
   </trkpt>
   <trkpt lat="48.3780590" lon="15.8583900">
    <ele>256.2</ele>
    <time>2024-06-08T16:24:27Z</time>
    <extensions>
     <gpxtpx:TrackPointExtension>
      <gpxtpx:atemp>28</gpxtpx:atemp>
     </gpxtpx:TrackPointExtension>
    </extensions>
   </trkpt>
   <trkpt lat="48.3781820" lon="15.8583120">
    <ele>256.2</ele>
    <time>2024-06-08T16:24:30Z</time>
    <extensions>
     <gpxtpx:TrackPointExtension>
      <gpxtpx:atemp>28</gpxtpx:atemp>
     </gpxtpx:TrackPointExtension>
    </extensions>
   </trkpt>
   <trkpt lat="48.3782120" lon="15.8582700">
    <ele>256.2</ele>
    <time>2024-06-08T16:24:31Z</time>
    <extensions>
     <gpxtpx:TrackPointExtension>
      <gpxtpx:atemp>28</gpxtpx:atemp>
     </gpxtpx:TrackPointExtension>
    </extensions>
   </trkpt>
   <trkpt lat="48.3783090" lon="15.8579970">
    <ele>256.2</ele>
    <time>2024-06-08T16:24:37Z</time>
    <extensions>
     <gpxtpx:TrackPointExtension>
      <gpxtpx:atemp>28</gpxtpx:atemp>
     </gpxtpx:TrackPointExtension>
    </extensions>
   </trkpt>
   <trkpt lat="48.3783620" lon="15.8577020">
    <ele>256.4</ele>
    <time>2024-06-08T16:24:43Z</time>
    <extensions>
     <gpxtpx:TrackPointExtension>
      <gpxtpx:atemp>28</gpxtpx:atemp>
     </gpxtpx:TrackPointExtension>
    </extensions>
   </trkpt>
   <trkpt lat="48.3784880" lon="15.8572380">
    <ele>256.4</ele>
    <time>2024-06-08T16:24:51Z</time>
    <extensions>
     <gpxtpx:TrackPointExtension>
      <gpxtpx:atemp>28</gpxtpx:atemp>
     </gpxtpx:TrackPointExtension>
    </extensions>
   </trkpt>
   <trkpt lat="48.3786300" lon="15.8567630">
    <ele>256.4</ele>
    <time>2024-06-08T16:24:59Z</time>
    <extensions>
     <gpxtpx:TrackPointExtension>
      <gpxtpx:atemp>28</gpxtpx:atemp>
     </gpxtpx:TrackPointExtension>
    </extensions>
   </trkpt>
   <trkpt lat="48.3788110" lon="15.8561380">
    <ele>256.6</ele>
    <time>2024-06-08T16:25:09Z</time>
    <extensions>
     <gpxtpx:TrackPointExtension>
      <gpxtpx:atemp>28</gpxtpx:atemp>
     </gpxtpx:TrackPointExtension>
    </extensions>
   </trkpt>
   <trkpt lat="48.3789640" lon="15.8555900">
    <ele>256.6</ele>
    <time>2024-06-08T16:25:18Z</time>
    <extensions>
     <gpxtpx:TrackPointExtension>
      <gpxtpx:atemp>28</gpxtpx:atemp>
     </gpxtpx:TrackPointExtension>
    </extensions>
   </trkpt>
   <trkpt lat="48.3791270" lon="15.8550040">
    <ele>256.6</ele>
    <time>2024-06-08T16:25:27Z</time>
    <extensions>
     <gpxtpx:TrackPointExtension>
      <gpxtpx:atemp>28</gpxtpx:atemp>
     </gpxtpx:TrackPointExtension>
    </extensions>
   </trkpt>
   <trkpt lat="48.3793010" lon="15.8543820">
    <ele>256.4</ele>
    <time>2024-06-08T16:25:37Z</time>
    <extensions>
     <gpxtpx:TrackPointExtension>
      <gpxtpx:atemp>28</gpxtpx:atemp>
     </gpxtpx:TrackPointExtension>
    </extensions>
   </trkpt>
   <trkpt lat="48.3794720" lon="15.8537750">
    <ele>256.4</ele>
    <time>2024-06-08T16:25:47Z</time>
    <extensions>
     <gpxtpx:TrackPointExtension>
      <gpxtpx:atemp>28</gpxtpx:atemp>
     </gpxtpx:TrackPointExtension>
    </extensions>
   </trkpt>
   <trkpt lat="48.3796490" lon="15.8531390">
    <ele>256.4</ele>
    <time>2024-06-08T16:25:57Z</time>
    <extensions>
     <gpxtpx:TrackPointExtension>
      <gpxtpx:atemp>28</gpxtpx:atemp>
     </gpxtpx:TrackPointExtension>
    </extensions>
   </trkpt>
   <trkpt lat="48.3798130" lon="15.8525540">
    <ele>256.4</ele>
    <time>2024-06-08T16:26:06Z</time>
    <extensions>
     <gpxtpx:TrackPointExtension>
      <gpxtpx:atemp>28</gpxtpx:atemp>
     </gpxtpx:TrackPointExtension>
    </extensions>
   </trkpt>
   <trkpt lat="48.3800170" lon="15.8518270">
    <ele>256.6</ele>
    <time>2024-06-08T16:26:17Z</time>
    <extensions>
     <gpxtpx:TrackPointExtension>
      <gpxtpx:atemp>28</gpxtpx:atemp>
     </gpxtpx:TrackPointExtension>
    </extensions>
   </trkpt>
   <trkpt lat="48.3802110" lon="15.8511280">
    <ele>256.6</ele>
    <time>2024-06-08T16:26:27Z</time>
    <extensions>
     <gpxtpx:TrackPointExtension>
      <gpxtpx:atemp>28</gpxtpx:atemp>
     </gpxtpx:TrackPointExtension>
    </extensions>
   </trkpt>
   <trkpt lat="48.3803960" lon="15.8504620">
    <ele>256.6</ele>
    <time>2024-06-08T16:26:36Z</time>
    <extensions>
     <gpxtpx:TrackPointExtension>
      <gpxtpx:atemp>28</gpxtpx:atemp>
     </gpxtpx:TrackPointExtension>
    </extensions>
   </trkpt>
   <trkpt lat="48.3806030" lon="15.8497560">
    <ele>256.2</ele>
    <time>2024-06-08T16:26:45Z</time>
    <extensions>
     <gpxtpx:TrackPointExtension>
      <gpxtpx:atemp>28</gpxtpx:atemp>
     </gpxtpx:TrackPointExtension>
    </extensions>
   </trkpt>
   <trkpt lat="48.3807880" lon="15.8491230">
    <ele>256.0</ele>
    <time>2024-06-08T16:26:53Z</time>
    <extensions>
     <gpxtpx:TrackPointExtension>
      <gpxtpx:atemp>28</gpxtpx:atemp>
     </gpxtpx:TrackPointExtension>
    </extensions>
   </trkpt>
   <trkpt lat="48.3809180" lon="15.8486710">
    <ele>256.0</ele>
    <time>2024-06-08T16:26:59Z</time>
    <extensions>
     <gpxtpx:TrackPointExtension>
      <gpxtpx:atemp>28</gpxtpx:atemp>
     </gpxtpx:TrackPointExtension>
    </extensions>
   </trkpt>
   <trkpt lat="48.3809580" lon="15.8485240">
    <ele>256.0</ele>
    <time>2024-06-08T16:27:01Z</time>
    <extensions>
     <gpxtpx:TrackPointExtension>
      <gpxtpx:atemp>28</gpxtpx:atemp>
     </gpxtpx:TrackPointExtension>
    </extensions>
   </trkpt>
   <trkpt lat="48.3811340" lon="15.8478450">
    <ele>256.0</ele>
    <time>2024-06-08T16:27:10Z</time>
    <extensions>
     <gpxtpx:TrackPointExtension>
      <gpxtpx:atemp>28</gpxtpx:atemp>
     </gpxtpx:TrackPointExtension>
    </extensions>
   </trkpt>
   <trkpt lat="48.3812260" lon="15.8475330">
    <ele>256.0</ele>
    <time>2024-06-08T16:27:16Z</time>
    <extensions>
     <gpxtpx:TrackPointExtension>
      <gpxtpx:atemp>28</gpxtpx:atemp>
     </gpxtpx:TrackPointExtension>
    </extensions>
   </trkpt>
   <trkpt lat="48.3812320" lon="15.8475240">
    <ele>256.0</ele>
    <time>2024-06-08T16:27:17Z</time>
    <extensions>
     <gpxtpx:TrackPointExtension>
      <gpxtpx:atemp>28</gpxtpx:atemp>
     </gpxtpx:TrackPointExtension>
    </extensions>
   </trkpt>
   <trkpt lat="48.3812350" lon="15.8475220">
    <ele>256.2</ele>
    <time>2024-06-08T16:27:19Z</time>
    <extensions>
     <gpxtpx:TrackPointExtension>
      <gpxtpx:atemp>27</gpxtpx:atemp>
     </gpxtpx:TrackPointExtension>
    </extensions>
   </trkpt>
   <trkpt lat="48.3812370" lon="15.8474480">
    <ele>256.2</ele>
    <time>2024-06-08T16:31:11Z</time>
    <extensions>
     <gpxtpx:TrackPointExtension>
      <gpxtpx:atemp>28</gpxtpx:atemp>
     </gpxtpx:TrackPointExtension>
    </extensions>
   </trkpt>
   <trkpt lat="48.3812530" lon="15.8473860">
    <ele>256.2</ele>
    <time>2024-06-08T16:31:13Z</time>
    <extensions>
     <gpxtpx:TrackPointExtension>
      <gpxtpx:atemp>28</gpxtpx:atemp>
     </gpxtpx:TrackPointExtension>
    </extensions>
   </trkpt>
   <trkpt lat="48.3813220" lon="15.8471010">
    <ele>256.2</ele>
    <time>2024-06-08T16:31:19Z</time>
    <extensions>
     <gpxtpx:TrackPointExtension>
      <gpxtpx:atemp>28</gpxtpx:atemp>
     </gpxtpx:TrackPointExtension>
    </extensions>
   </trkpt>
   <trkpt lat="48.3813640" lon="15.8468670">
    <ele>256.2</ele>
    <time>2024-06-08T16:31:24Z</time>
    <extensions>
     <gpxtpx:TrackPointExtension>
      <gpxtpx:atemp>28</gpxtpx:atemp>
     </gpxtpx:TrackPointExtension>
    </extensions>
   </trkpt>
   <trkpt lat="48.3814740" lon="15.8463460">
    <ele>256.4</ele>
    <time>2024-06-08T16:31:33Z</time>
    <extensions>
     <gpxtpx:TrackPointExtension>
      <gpxtpx:atemp>28</gpxtpx:atemp>
     </gpxtpx:TrackPointExtension>
    </extensions>
   </trkpt>
   <trkpt lat="48.3816040" lon="15.8457060">
    <ele>256.4</ele>
    <time>2024-06-08T16:31:42Z</time>
    <extensions>
     <gpxtpx:TrackPointExtension>
      <gpxtpx:atemp>28</gpxtpx:atemp>
     </gpxtpx:TrackPointExtension>
    </extensions>
   </trkpt>
   <trkpt lat="48.3817440" lon="15.8449900">
    <ele>256.2</ele>
    <time>2024-06-08T16:31:51Z</time>
    <extensions>
     <gpxtpx:TrackPointExtension>
      <gpxtpx:atemp>28</gpxtpx:atemp>
     </gpxtpx:TrackPointExtension>
    </extensions>
   </trkpt>
   <trkpt lat="48.3818860" lon="15.8442060">
    <ele>256.2</ele>
    <time>2024-06-08T16:32:01Z</time>
    <extensions>
     <gpxtpx:TrackPointExtension>
      <gpxtpx:atemp>28</gpxtpx:atemp>
     </gpxtpx:TrackPointExtension>
    </extensions>
   </trkpt>
   <trkpt lat="48.3819940" lon="15.8435140">
    <ele>256.4</ele>
    <time>2024-06-08T16:32:10Z</time>
    <extensions>
     <gpxtpx:TrackPointExtension>
      <gpxtpx:atemp>28</gpxtpx:atemp>
     </gpxtpx:TrackPointExtension>
    </extensions>
   </trkpt>
   <trkpt lat="48.3820760" lon="15.8429680">
    <ele>256.4</ele>
    <time>2024-06-08T16:32:18Z</time>
    <extensions>
     <gpxtpx:TrackPointExtension>
      <gpxtpx:atemp>28</gpxtpx:atemp>
     </gpxtpx:TrackPointExtension>
    </extensions>
   </trkpt>
   <trkpt lat="48.3821610" lon="15.8423460">
    <ele>256.6</ele>
    <time>2024-06-08T16:32:28Z</time>
    <extensions>
     <gpxtpx:TrackPointExtension>
      <gpxtpx:atemp>28</gpxtpx:atemp>
     </gpxtpx:TrackPointExtension>
    </extensions>
   </trkpt>
   <trkpt lat="48.3822390" lon="15.8417720">
    <ele>256.6</ele>
    <time>2024-06-08T16:32:36Z</time>
    <extensions>
     <gpxtpx:TrackPointExtension>
      <gpxtpx:atemp>28</gpxtpx:atemp>
     </gpxtpx:TrackPointExtension>
    </extensions>
   </trkpt>
   <trkpt lat="48.3823350" lon="15.8410120">
    <ele>256.4</ele>
    <time>2024-06-08T16:32:46Z</time>
    <extensions>
     <gpxtpx:TrackPointExtension>
      <gpxtpx:atemp>28</gpxtpx:atemp>
     </gpxtpx:TrackPointExtension>
    </extensions>
   </trkpt>
   <trkpt lat="48.3823930" lon="15.8403910">
    <ele>256.4</ele>
    <time>2024-06-08T16:32:54Z</time>
    <extensions>
     <gpxtpx:TrackPointExtension>
      <gpxtpx:atemp>28</gpxtpx:atemp>
     </gpxtpx:TrackPointExtension>
    </extensions>
   </trkpt>
   <trkpt lat="48.3824440" lon="15.8396920">
    <ele>256.6</ele>
    <time>2024-06-08T16:33:03Z</time>
    <extensions>
     <gpxtpx:TrackPointExtension>
      <gpxtpx:atemp>28</gpxtpx:atemp>
     </gpxtpx:TrackPointExtension>
    </extensions>
   </trkpt>
   <trkpt lat="48.3824940" lon="15.8390140">
    <ele>256.8</ele>
    <time>2024-06-08T16:33:12Z</time>
    <extensions>
     <gpxtpx:TrackPointExtension>
      <gpxtpx:atemp>28</gpxtpx:atemp>
     </gpxtpx:TrackPointExtension>
    </extensions>
   </trkpt>
   <trkpt lat="48.3825370" lon="15.8383220">
    <ele>256.6</ele>
    <time>2024-06-08T16:33:21Z</time>
    <extensions>
     <gpxtpx:TrackPointExtension>
      <gpxtpx:atemp>28</gpxtpx:atemp>
     </gpxtpx:TrackPointExtension>
    </extensions>
   </trkpt>
   <trkpt lat="48.3825840" lon="15.8374800">
    <ele>256.6</ele>
    <time>2024-06-08T16:33:32Z</time>
    <extensions>
     <gpxtpx:TrackPointExtension>
      <gpxtpx:atemp>28</gpxtpx:atemp>
     </gpxtpx:TrackPointExtension>
    </extensions>
   </trkpt>
   <trkpt lat="48.3826260" lon="15.8366440">
    <ele>256.8</ele>
    <time>2024-06-08T16:33:43Z</time>
    <extensions>
     <gpxtpx:TrackPointExtension>
      <gpxtpx:atemp>28</gpxtpx:atemp>
     </gpxtpx:TrackPointExtension>
    </extensions>
   </trkpt>
   <trkpt lat="48.3826340" lon="15.8364080">
    <ele>256.8</ele>
    <time>2024-06-08T16:33:46Z</time>
    <extensions>
     <gpxtpx:TrackPointExtension>
      <gpxtpx:atemp>28</gpxtpx:atemp>
     </gpxtpx:TrackPointExtension>
    </extensions>
   </trkpt>
   <trkpt lat="48.3826560" lon="15.8356690">
    <ele>256.6</ele>
    <time>2024-06-08T16:33:55Z</time>
    <extensions>
     <gpxtpx:TrackPointExtension>
      <gpxtpx:atemp>28</gpxtpx:atemp>
     </gpxtpx:TrackPointExtension>
    </extensions>
   </trkpt>
   <trkpt lat="48.3826760" lon="15.8347860">
    <ele>256.8</ele>
    <time>2024-06-08T16:34:06Z</time>
    <extensions>
     <gpxtpx:TrackPointExtension>
      <gpxtpx:atemp>28</gpxtpx:atemp>
     </gpxtpx:TrackPointExtension>
    </extensions>
   </trkpt>
   <trkpt lat="48.3826770" lon="15.8347070">
    <ele>257.0</ele>
    <time>2024-06-08T16:34:07Z</time>
    <extensions>
     <gpxtpx:TrackPointExtension>
      <gpxtpx:atemp>28</gpxtpx:atemp>
     </gpxtpx:TrackPointExtension>
    </extensions>
   </trkpt>
   <trkpt lat="48.3826800" lon="15.8338280">
    <ele>257.0</ele>
    <time>2024-06-08T16:34:18Z</time>
    <extensions>
     <gpxtpx:TrackPointExtension>
      <gpxtpx:atemp>28</gpxtpx:atemp>
     </gpxtpx:TrackPointExtension>
    </extensions>
   </trkpt>
   <trkpt lat="48.3826800" lon="15.8335870">
    <ele>257.0</ele>
    <time>2024-06-08T16:34:21Z</time>
    <extensions>
     <gpxtpx:TrackPointExtension>
      <gpxtpx:atemp>28</gpxtpx:atemp>
     </gpxtpx:TrackPointExtension>
    </extensions>
   </trkpt>
   <trkpt lat="48.3826780" lon="15.8328710">
    <ele>257.0</ele>
    <time>2024-06-08T16:34:31Z</time>
    <extensions>
     <gpxtpx:TrackPointExtension>
      <gpxtpx:atemp>28</gpxtpx:atemp>
     </gpxtpx:TrackPointExtension>
    </extensions>
   </trkpt>
   <trkpt lat="48.3826630" lon="15.8321070">
    <ele>257.4</ele>
    <time>2024-06-08T16:34:42Z</time>
    <extensions>
     <gpxtpx:TrackPointExtension>
      <gpxtpx:atemp>28</gpxtpx:atemp>
     </gpxtpx:TrackPointExtension>
    </extensions>
   </trkpt>
   <trkpt lat="48.3826520" lon="15.8314760">
    <ele>257.6</ele>
    <time>2024-06-08T16:34:50Z</time>
    <extensions>
     <gpxtpx:TrackPointExtension>
      <gpxtpx:atemp>28</gpxtpx:atemp>
     </gpxtpx:TrackPointExtension>
    </extensions>
   </trkpt>
   <trkpt lat="48.3826310" lon="15.8307530">
    <ele>257.6</ele>
    <time>2024-06-08T16:34:59Z</time>
    <extensions>
     <gpxtpx:TrackPointExtension>
      <gpxtpx:atemp>28</gpxtpx:atemp>
     </gpxtpx:TrackPointExtension>
    </extensions>
   </trkpt>
   <trkpt lat="48.3826150" lon="15.8301800">
    <ele>257.6</ele>
    <time>2024-06-08T16:35:07Z</time>
    <extensions>
     <gpxtpx:TrackPointExtension>
      <gpxtpx:atemp>28</gpxtpx:atemp>
     </gpxtpx:TrackPointExtension>
    </extensions>
   </trkpt>
   <trkpt lat="48.3825760" lon="15.8293650">
    <ele>257.6</ele>
    <time>2024-06-08T16:35:18Z</time>
    <extensions>
     <gpxtpx:TrackPointExtension>
      <gpxtpx:atemp>28</gpxtpx:atemp>
     </gpxtpx:TrackPointExtension>
    </extensions>
   </trkpt>
   <trkpt lat="48.3825320" lon="15.8285970">
    <ele>257.4</ele>
    <time>2024-06-08T16:35:28Z</time>
    <extensions>
     <gpxtpx:TrackPointExtension>
      <gpxtpx:atemp>28</gpxtpx:atemp>
     </gpxtpx:TrackPointExtension>
    </extensions>
   </trkpt>
   <trkpt lat="48.3824950" lon="15.8279530">
    <ele>257.2</ele>
    <time>2024-06-08T16:35:36Z</time>
    <extensions>
     <gpxtpx:TrackPointExtension>
      <gpxtpx:atemp>28</gpxtpx:atemp>
     </gpxtpx:TrackPointExtension>
    </extensions>
   </trkpt>
   <trkpt lat="48.3824460" lon="15.8273380">
    <ele>257.4</ele>
    <time>2024-06-08T16:35:44Z</time>
    <extensions>
     <gpxtpx:TrackPointExtension>
      <gpxtpx:atemp>28</gpxtpx:atemp>
     </gpxtpx:TrackPointExtension>
    </extensions>
   </trkpt>
   <trkpt lat="48.3823820" lon="15.8265830">
    <ele>257.8</ele>
    <time>2024-06-08T16:35:54Z</time>
    <extensions>
     <gpxtpx:TrackPointExtension>
      <gpxtpx:atemp>28</gpxtpx:atemp>
     </gpxtpx:TrackPointExtension>
    </extensions>
   </trkpt>
   <trkpt lat="48.3822990" lon="15.8258530">
    <ele>257.8</ele>
    <time>2024-06-08T16:36:04Z</time>
    <extensions>
     <gpxtpx:TrackPointExtension>
      <gpxtpx:atemp>27</gpxtpx:atemp>
     </gpxtpx:TrackPointExtension>
    </extensions>
   </trkpt>
   <trkpt lat="48.3822120" lon="15.8250850">
    <ele>258.0</ele>
    <time>2024-06-08T16:36:15Z</time>
    <extensions>
     <gpxtpx:TrackPointExtension>
      <gpxtpx:atemp>28</gpxtpx:atemp>
     </gpxtpx:TrackPointExtension>
    </extensions>
   </trkpt>
   <trkpt lat="48.3821370" lon="15.8245420">
    <ele>258.0</ele>
    <time>2024-06-08T16:36:23Z</time>
    <extensions>
     <gpxtpx:TrackPointExtension>
      <gpxtpx:atemp>28</gpxtpx:atemp>
     </gpxtpx:TrackPointExtension>
    </extensions>
   </trkpt>
   <trkpt lat="48.3820180" lon="15.8237070">
    <ele>257.6</ele>
    <time>2024-06-08T16:36:35Z</time>
    <extensions>
     <gpxtpx:TrackPointExtension>
      <gpxtpx:atemp>27</gpxtpx:atemp>
     </gpxtpx:TrackPointExtension>
    </extensions>
   </trkpt>
   <trkpt lat="48.3819310" lon="15.8230900">
    <ele>257.6</ele>
    <time>2024-06-08T16:36:44Z</time>
    <extensions>
     <gpxtpx:TrackPointExtension>
      <gpxtpx:atemp>28</gpxtpx:atemp>
     </gpxtpx:TrackPointExtension>
    </extensions>
   </trkpt>
   <trkpt lat="48.3818370" lon="15.8223620">
    <ele>257.6</ele>
    <time>2024-06-08T16:36:54Z</time>
    <extensions>
     <gpxtpx:TrackPointExtension>
      <gpxtpx:atemp>28</gpxtpx:atemp>
     </gpxtpx:TrackPointExtension>
    </extensions>
   </trkpt>
   <trkpt lat="48.3817200" lon="15.8215680">
    <ele>257.8</ele>
    <time>2024-06-08T16:37:05Z</time>
    <extensions>
     <gpxtpx:TrackPointExtension>
      <gpxtpx:atemp>27</gpxtpx:atemp>
     </gpxtpx:TrackPointExtension>
    </extensions>
   </trkpt>
   <trkpt lat="48.3816190" lon="15.8208240">
    <ele>257.8</ele>
    <time>2024-06-08T16:37:16Z</time>
    <extensions>
     <gpxtpx:TrackPointExtension>
      <gpxtpx:atemp>27</gpxtpx:atemp>
     </gpxtpx:TrackPointExtension>
    </extensions>
   </trkpt>
   <trkpt lat="48.3815380" lon="15.8200670">
    <ele>257.8</ele>
    <time>2024-06-08T16:37:27Z</time>
    <extensions>
     <gpxtpx:TrackPointExtension>
      <gpxtpx:atemp>27</gpxtpx:atemp>
     </gpxtpx:TrackPointExtension>
    </extensions>
   </trkpt>
   <trkpt lat="48.3814700" lon="15.8193180">
    <ele>258.2</ele>
    <time>2024-06-08T16:37:38Z</time>
    <extensions>
     <gpxtpx:TrackPointExtension>
      <gpxtpx:atemp>27</gpxtpx:atemp>
     </gpxtpx:TrackPointExtension>
    </extensions>
   </trkpt>
   <trkpt lat="48.3814120" lon="15.8185980">
    <ele>258.0</ele>
    <time>2024-06-08T16:37:48Z</time>
    <extensions>
     <gpxtpx:TrackPointExtension>
      <gpxtpx:atemp>27</gpxtpx:atemp>
     </gpxtpx:TrackPointExtension>
    </extensions>
   </trkpt>
   <trkpt lat="48.3813730" lon="15.8179280">
    <ele>257.8</ele>
    <time>2024-06-08T16:37:58Z</time>
    <extensions>
     <gpxtpx:TrackPointExtension>
      <gpxtpx:atemp>27</gpxtpx:atemp>
     </gpxtpx:TrackPointExtension>
    </extensions>
   </trkpt>
   <trkpt lat="48.3813460" lon="15.8173910">
    <ele>257.6</ele>
    <time>2024-06-08T16:38:07Z</time>
    <extensions>
     <gpxtpx:TrackPointExtension>
      <gpxtpx:atemp>27</gpxtpx:atemp>
     </gpxtpx:TrackPointExtension>
    </extensions>
   </trkpt>
   <trkpt lat="48.3813360" lon="15.8170690">
    <ele>258.0</ele>
    <time>2024-06-08T16:38:13Z</time>
    <extensions>
     <gpxtpx:TrackPointExtension>
      <gpxtpx:atemp>27</gpxtpx:atemp>
     </gpxtpx:TrackPointExtension>
    </extensions>
   </trkpt>
   <trkpt lat="48.3813210" lon="15.8164810">
    <ele>258.2</ele>
    <time>2024-06-08T16:38:22Z</time>
    <extensions>
     <gpxtpx:TrackPointExtension>
      <gpxtpx:atemp>27</gpxtpx:atemp>
     </gpxtpx:TrackPointExtension>
    </extensions>
   </trkpt>
   <trkpt lat="48.3813080" lon="15.8159360">
    <ele>258.0</ele>
    <time>2024-06-08T16:38:30Z</time>
    <extensions>
     <gpxtpx:TrackPointExtension>
      <gpxtpx:atemp>27</gpxtpx:atemp>
     </gpxtpx:TrackPointExtension>
    </extensions>
   </trkpt>
   <trkpt lat="48.3813090" lon="15.8151690">
    <ele>257.8</ele>
    <time>2024-06-08T16:38:41Z</time>
    <extensions>
     <gpxtpx:TrackPointExtension>
      <gpxtpx:atemp>27</gpxtpx:atemp>
     </gpxtpx:TrackPointExtension>
    </extensions>
   </trkpt>
   <trkpt lat="48.3813100" lon="15.8145370">
    <ele>258.2</ele>
    <time>2024-06-08T16:38:50Z</time>
    <extensions>
     <gpxtpx:TrackPointExtension>
      <gpxtpx:atemp>28</gpxtpx:atemp>
     </gpxtpx:TrackPointExtension>
    </extensions>
   </trkpt>
   <trkpt lat="48.3813330" lon="15.8138200">
    <ele>258.2</ele>
    <time>2024-06-08T16:39:00Z</time>
    <extensions>
     <gpxtpx:TrackPointExtension>
      <gpxtpx:atemp>27</gpxtpx:atemp>
     </gpxtpx:TrackPointExtension>
    </extensions>
   </trkpt>
   <trkpt lat="48.3813780" lon="15.8130310">
    <ele>258.2</ele>
    <time>2024-06-08T16:39:11Z</time>
    <extensions>
     <gpxtpx:TrackPointExtension>
      <gpxtpx:atemp>27</gpxtpx:atemp>
     </gpxtpx:TrackPointExtension>
    </extensions>
   </trkpt>
   <trkpt lat="48.3814240" lon="15.8124560">
    <ele>257.8</ele>
    <time>2024-06-08T16:39:19Z</time>
    <extensions>
     <gpxtpx:TrackPointExtension>
      <gpxtpx:atemp>28</gpxtpx:atemp>
     </gpxtpx:TrackPointExtension>
    </extensions>
   </trkpt>
   <trkpt lat="48.3815220" lon="15.8116230">
    <ele>257.8</ele>
    <time>2024-06-08T16:39:30Z</time>
    <extensions>
     <gpxtpx:TrackPointExtension>
      <gpxtpx:atemp>28</gpxtpx:atemp>
     </gpxtpx:TrackPointExtension>
    </extensions>
   </trkpt>
   <trkpt lat="48.3815590" lon="15.8114000">
    <ele>257.8</ele>
    <time>2024-06-08T16:39:33Z</time>
    <extensions>
     <gpxtpx:TrackPointExtension>
      <gpxtpx:atemp>28</gpxtpx:atemp>
     </gpxtpx:TrackPointExtension>
    </extensions>
   </trkpt>
   <trkpt lat="48.3816600" lon="15.8108100">
    <ele>257.6</ele>
    <time>2024-06-08T16:39:41Z</time>
    <extensions>
     <gpxtpx:TrackPointExtension>
      <gpxtpx:atemp>27</gpxtpx:atemp>
     </gpxtpx:TrackPointExtension>
    </extensions>
   </trkpt>
   <trkpt lat="48.3816710" lon="15.8107360">
    <ele>257.6</ele>
    <time>2024-06-08T16:39:42Z</time>
    <extensions>
     <gpxtpx:TrackPointExtension>
      <gpxtpx:atemp>28</gpxtpx:atemp>
     </gpxtpx:TrackPointExtension>
    </extensions>
   </trkpt>
   <trkpt lat="48.3818100" lon="15.8099000">
    <ele>257.6</ele>
    <time>2024-06-08T16:39:53Z</time>
    <extensions>
     <gpxtpx:TrackPointExtension>
      <gpxtpx:atemp>27</gpxtpx:atemp>
     </gpxtpx:TrackPointExtension>
    </extensions>
   </trkpt>
   <trkpt lat="48.3819120" lon="15.8092450">
    <ele>257.6</ele>
    <time>2024-06-08T16:40:02Z</time>
    <extensions>
     <gpxtpx:TrackPointExtension>
      <gpxtpx:atemp>27</gpxtpx:atemp>
     </gpxtpx:TrackPointExtension>
    </extensions>
   </trkpt>
   <trkpt lat="48.3820470" lon="15.8084070">
    <ele>257.8</ele>
    <time>2024-06-08T16:40:13Z</time>
    <extensions>
     <gpxtpx:TrackPointExtension>
      <gpxtpx:atemp>27</gpxtpx:atemp>
     </gpxtpx:TrackPointExtension>
    </extensions>
   </trkpt>
   <trkpt lat="48.3820610" lon="15.8083270">
    <ele>257.8</ele>
    <time>2024-06-08T16:40:14Z</time>
    <extensions>
     <gpxtpx:TrackPointExtension>
      <gpxtpx:atemp>27</gpxtpx:atemp>
     </gpxtpx:TrackPointExtension>
    </extensions>
   </trkpt>
   <trkpt lat="48.3821970" lon="15.8074860">
    <ele>257.8</ele>
    <time>2024-06-08T16:40:25Z</time>
    <extensions>
     <gpxtpx:TrackPointExtension>
      <gpxtpx:atemp>27</gpxtpx:atemp>
     </gpxtpx:TrackPointExtension>
    </extensions>
   </trkpt>
   <trkpt lat="48.3823100" lon="15.8067230">
    <ele>258.0</ele>
    <time>2024-06-08T16:40:35Z</time>
    <extensions>
     <gpxtpx:TrackPointExtension>
      <gpxtpx:atemp>27</gpxtpx:atemp>
     </gpxtpx:TrackPointExtension>
    </extensions>
   </trkpt>
   <trkpt lat="48.3823480" lon="15.8064890">
    <ele>258.0</ele>
    <time>2024-06-08T16:40:38Z</time>
    <extensions>
     <gpxtpx:TrackPointExtension>
      <gpxtpx:atemp>27</gpxtpx:atemp>
     </gpxtpx:TrackPointExtension>
    </extensions>
   </trkpt>
   <trkpt lat="48.3824150" lon="15.8060920">
    <ele>258.2</ele>
    <time>2024-06-08T16:40:43Z</time>
    <extensions>
     <gpxtpx:TrackPointExtension>
      <gpxtpx:atemp>27</gpxtpx:atemp>
     </gpxtpx:TrackPointExtension>
    </extensions>
   </trkpt>
   <trkpt lat="48.3825290" lon="15.8054090">
    <ele>258.2</ele>
    <time>2024-06-08T16:40:52Z</time>
    <extensions>
     <gpxtpx:TrackPointExtension>
      <gpxtpx:atemp>27</gpxtpx:atemp>
     </gpxtpx:TrackPointExtension>
    </extensions>
   </trkpt>
   <trkpt lat="48.3826600" lon="15.8045980">
    <ele>258.2</ele>
    <time>2024-06-08T16:41:03Z</time>
    <extensions>
     <gpxtpx:TrackPointExtension>
      <gpxtpx:atemp>27</gpxtpx:atemp>
     </gpxtpx:TrackPointExtension>
    </extensions>
   </trkpt>
   <trkpt lat="48.3827880" lon="15.8038250">
    <ele>258.4</ele>
    <time>2024-06-08T16:41:13Z</time>
    <extensions>
     <gpxtpx:TrackPointExtension>
      <gpxtpx:atemp>27</gpxtpx:atemp>
     </gpxtpx:TrackPointExtension>
    </extensions>
   </trkpt>
   <trkpt lat="48.3828920" lon="15.8031270">
    <ele>258.4</ele>
    <time>2024-06-08T16:41:22Z</time>
    <extensions>
     <gpxtpx:TrackPointExtension>
      <gpxtpx:atemp>27</gpxtpx:atemp>
     </gpxtpx:TrackPointExtension>
    </extensions>
   </trkpt>
   <trkpt lat="48.3829940" lon="15.8023280">
    <ele>258.2</ele>
    <time>2024-06-08T16:41:32Z</time>
    <extensions>
     <gpxtpx:TrackPointExtension>
      <gpxtpx:atemp>27</gpxtpx:atemp>
     </gpxtpx:TrackPointExtension>
    </extensions>
   </trkpt>
   <trkpt lat="48.3830090" lon="15.8021830">
    <ele>258.2</ele>
    <time>2024-06-08T16:41:34Z</time>
    <extensions>
     <gpxtpx:TrackPointExtension>
      <gpxtpx:atemp>27</gpxtpx:atemp>
     </gpxtpx:TrackPointExtension>
    </extensions>
   </trkpt>
   <trkpt lat="48.3830620" lon="15.8015540">
    <ele>258.2</ele>
    <time>2024-06-08T16:41:42Z</time>
    <extensions>
     <gpxtpx:TrackPointExtension>
      <gpxtpx:atemp>27</gpxtpx:atemp>
     </gpxtpx:TrackPointExtension>
    </extensions>
   </trkpt>
   <trkpt lat="48.3831190" lon="15.8007830">
    <ele>258.4</ele>
    <time>2024-06-08T16:41:52Z</time>
    <extensions>
     <gpxtpx:TrackPointExtension>
      <gpxtpx:atemp>27</gpxtpx:atemp>
     </gpxtpx:TrackPointExtension>
    </extensions>
   </trkpt>
   <trkpt lat="48.3831480" lon="15.7999570">
    <ele>258.4</ele>
    <time>2024-06-08T16:42:03Z</time>
    <extensions>
     <gpxtpx:TrackPointExtension>
      <gpxtpx:atemp>27</gpxtpx:atemp>
     </gpxtpx:TrackPointExtension>
    </extensions>
   </trkpt>
   <trkpt lat="48.3831680" lon="15.7992300">
    <ele>258.4</ele>
    <time>2024-06-08T16:42:13Z</time>
    <extensions>
     <gpxtpx:TrackPointExtension>
      <gpxtpx:atemp>27</gpxtpx:atemp>
     </gpxtpx:TrackPointExtension>
    </extensions>
   </trkpt>
   <trkpt lat="48.3831730" lon="15.7983480">
    <ele>258.2</ele>
    <time>2024-06-08T16:42:25Z</time>
    <extensions>
     <gpxtpx:TrackPointExtension>
      <gpxtpx:atemp>27</gpxtpx:atemp>
     </gpxtpx:TrackPointExtension>
    </extensions>
   </trkpt>
   <trkpt lat="48.3831790" lon="15.7975700">
    <ele>258.2</ele>
    <time>2024-06-08T16:42:35Z</time>
    <extensions>
     <gpxtpx:TrackPointExtension>
      <gpxtpx:atemp>27</gpxtpx:atemp>
     </gpxtpx:TrackPointExtension>
    </extensions>
   </trkpt>
   <trkpt lat="48.3831930" lon="15.7966950">
    <ele>258.2</ele>
    <time>2024-06-08T16:42:46Z</time>
    <extensions>
     <gpxtpx:TrackPointExtension>
      <gpxtpx:atemp>27</gpxtpx:atemp>
     </gpxtpx:TrackPointExtension>
    </extensions>
   </trkpt>
   <trkpt lat="48.3831780" lon="15.7961450">
    <ele>258.4</ele>
    <time>2024-06-08T16:42:53Z</time>
    <extensions>
     <gpxtpx:TrackPointExtension>
      <gpxtpx:atemp>27</gpxtpx:atemp>
     </gpxtpx:TrackPointExtension>
    </extensions>
   </trkpt>
   <trkpt lat="48.3831590" lon="15.7955090">
    <ele>258.4</ele>
    <time>2024-06-08T16:42:59Z</time>
    <extensions>
     <gpxtpx:TrackPointExtension>
      <gpxtpx:atemp>27</gpxtpx:atemp>
     </gpxtpx:TrackPointExtension>
    </extensions>
   </trkpt>
   <trkpt lat="48.3831140" lon="15.7947380">
    <ele>258.0</ele>
    <time>2024-06-08T16:43:06Z</time>
    <extensions>
     <gpxtpx:TrackPointExtension>
      <gpxtpx:atemp>27</gpxtpx:atemp>
     </gpxtpx:TrackPointExtension>
    </extensions>
   </trkpt>
   <trkpt lat="48.3830800" lon="15.7941620">
    <ele>258.0</ele>
    <time>2024-06-08T16:43:12Z</time>
    <extensions>
     <gpxtpx:TrackPointExtension>
      <gpxtpx:atemp>27</gpxtpx:atemp>
     </gpxtpx:TrackPointExtension>
    </extensions>
   </trkpt>
   <trkpt lat="48.3830320" lon="15.7932840">
    <ele>258.0</ele>
    <time>2024-06-08T16:43:21Z</time>
    <extensions>
     <gpxtpx:TrackPointExtension>
      <gpxtpx:atemp>27</gpxtpx:atemp>
     </gpxtpx:TrackPointExtension>
    </extensions>
   </trkpt>
   <trkpt lat="48.3829950" lon="15.7927770">
    <ele>258.0</ele>
    <time>2024-06-08T16:43:27Z</time>
    <extensions>
     <gpxtpx:TrackPointExtension>
      <gpxtpx:atemp>27</gpxtpx:atemp>
     </gpxtpx:TrackPointExtension>
    </extensions>
   </trkpt>
   <trkpt lat="48.3829340" lon="15.7921420">
    <ele>258.4</ele>
    <time>2024-06-08T16:43:35Z</time>
    <extensions>
     <gpxtpx:TrackPointExtension>
      <gpxtpx:atemp>27</gpxtpx:atemp>
     </gpxtpx:TrackPointExtension>
    </extensions>
   </trkpt>
   <trkpt lat="48.3828900" lon="15.7916720">
    <ele>258.4</ele>
    <time>2024-06-08T16:43:41Z</time>
    <extensions>
     <gpxtpx:TrackPointExtension>
      <gpxtpx:atemp>27</gpxtpx:atemp>
     </gpxtpx:TrackPointExtension>
    </extensions>
   </trkpt>
   <trkpt lat="48.3828700" lon="15.7914500">
    <ele>258.4</ele>
    <time>2024-06-08T16:43:44Z</time>
    <extensions>
     <gpxtpx:TrackPointExtension>
      <gpxtpx:atemp>27</gpxtpx:atemp>
     </gpxtpx:TrackPointExtension>
    </extensions>
   </trkpt>
   <trkpt lat="48.3827770" lon="15.7908030">
    <ele>258.4</ele>
    <time>2024-06-08T16:43:53Z</time>
    <extensions>
     <gpxtpx:TrackPointExtension>
      <gpxtpx:atemp>27</gpxtpx:atemp>
     </gpxtpx:TrackPointExtension>
    </extensions>
   </trkpt>
   <trkpt lat="48.3826840" lon="15.7902400">
    <ele>258.4</ele>
    <time>2024-06-08T16:44:01Z</time>
    <extensions>
     <gpxtpx:TrackPointExtension>
      <gpxtpx:atemp>27</gpxtpx:atemp>
     </gpxtpx:TrackPointExtension>
    </extensions>
   </trkpt>
   <trkpt lat="48.3826710" lon="15.7901690">
    <ele>258.4</ele>
    <time>2024-06-08T16:44:02Z</time>
    <extensions>
     <gpxtpx:TrackPointExtension>
      <gpxtpx:atemp>27</gpxtpx:atemp>
     </gpxtpx:TrackPointExtension>
    </extensions>
   </trkpt>
   <trkpt lat="48.3825440" lon="15.7894560">
    <ele>258.4</ele>
    <time>2024-06-08T16:44:12Z</time>
    <extensions>
     <gpxtpx:TrackPointExtension>
      <gpxtpx:atemp>27</gpxtpx:atemp>
     </gpxtpx:TrackPointExtension>
    </extensions>
   </trkpt>
   <trkpt lat="48.3824560" lon="15.7890580">
    <ele>258.4</ele>
    <time>2024-06-08T16:44:17Z</time>
    <extensions>
     <gpxtpx:TrackPointExtension>
      <gpxtpx:atemp>27</gpxtpx:atemp>
     </gpxtpx:TrackPointExtension>
    </extensions>
   </trkpt>
   <trkpt lat="48.3824170" lon="15.7888750">
    <ele>258.4</ele>
    <time>2024-06-08T16:44:20Z</time>
    <extensions>
     <gpxtpx:TrackPointExtension>
      <gpxtpx:atemp>27</gpxtpx:atemp>
     </gpxtpx:TrackPointExtension>
    </extensions>
   </trkpt>
   <trkpt lat="48.3824020" lon="15.7887620">
    <ele>258.4</ele>
    <time>2024-06-08T16:44:22Z</time>
    <extensions>
     <gpxtpx:TrackPointExtension>
      <gpxtpx:atemp>27</gpxtpx:atemp>
     </gpxtpx:TrackPointExtension>
    </extensions>
   </trkpt>
   <trkpt lat="48.3823920" lon="15.7887050">
    <ele>258.4</ele>
    <time>2024-06-08T16:44:23Z</time>
    <extensions>
     <gpxtpx:TrackPointExtension>
      <gpxtpx:atemp>27</gpxtpx:atemp>
     </gpxtpx:TrackPointExtension>
    </extensions>
   </trkpt>
   <trkpt lat="48.3823240" lon="15.7884120">
    <ele>258.6</ele>
    <time>2024-06-08T16:44:29Z</time>
    <extensions>
     <gpxtpx:TrackPointExtension>
      <gpxtpx:atemp>27</gpxtpx:atemp>
     </gpxtpx:TrackPointExtension>
    </extensions>
   </trkpt>
   <trkpt lat="48.3822490" lon="15.7881310">
    <ele>258.6</ele>
    <time>2024-06-08T16:44:36Z</time>
    <extensions>
     <gpxtpx:TrackPointExtension>
      <gpxtpx:atemp>27</gpxtpx:atemp>
     </gpxtpx:TrackPointExtension>
    </extensions>
   </trkpt>
   <trkpt lat="48.3821570" lon="15.7877630">
    <ele>258.6</ele>
    <time>2024-06-08T16:44:45Z</time>
    <extensions>
     <gpxtpx:TrackPointExtension>
      <gpxtpx:atemp>27</gpxtpx:atemp>
     </gpxtpx:TrackPointExtension>
    </extensions>
   </trkpt>
   <trkpt lat="48.3820790" lon="15.7874360">
    <ele>258.8</ele>
    <time>2024-06-08T16:44:52Z</time>
    <extensions>
     <gpxtpx:TrackPointExtension>
      <gpxtpx:atemp>27</gpxtpx:atemp>
     </gpxtpx:TrackPointExtension>
    </extensions>
   </trkpt>
   <trkpt lat="48.3819730" lon="15.7870280">
    <ele>258.8</ele>
    <time>2024-06-08T16:44:59Z</time>
    <extensions>
     <gpxtpx:TrackPointExtension>
      <gpxtpx:atemp>27</gpxtpx:atemp>
     </gpxtpx:TrackPointExtension>
    </extensions>
   </trkpt>
   <trkpt lat="48.3818280" lon="15.7865510">
    <ele>258.6</ele>
    <time>2024-06-08T16:45:07Z</time>
    <extensions>
     <gpxtpx:TrackPointExtension>
      <gpxtpx:atemp>27</gpxtpx:atemp>
     </gpxtpx:TrackPointExtension>
    </extensions>
   </trkpt>
   <trkpt lat="48.3816570" lon="15.7860130">
    <ele>258.6</ele>
    <time>2024-06-08T16:45:15Z</time>
    <extensions>
     <gpxtpx:TrackPointExtension>
      <gpxtpx:atemp>27</gpxtpx:atemp>
     </gpxtpx:TrackPointExtension>
    </extensions>
   </trkpt>
   <trkpt lat="48.3814910" lon="15.7855330">
    <ele>258.6</ele>
    <time>2024-06-08T16:45:23Z</time>
    <extensions>
     <gpxtpx:TrackPointExtension>
      <gpxtpx:atemp>27</gpxtpx:atemp>
     </gpxtpx:TrackPointExtension>
    </extensions>
   </trkpt>
   <trkpt lat="48.3813190" lon="15.7850330">
    <ele>258.8</ele>
    <time>2024-06-08T16:45:32Z</time>
    <extensions>
     <gpxtpx:TrackPointExtension>
      <gpxtpx:atemp>27</gpxtpx:atemp>
     </gpxtpx:TrackPointExtension>
    </extensions>
   </trkpt>
   <trkpt lat="48.3810850" lon="15.7844420">
    <ele>258.8</ele>
    <time>2024-06-08T16:45:42Z</time>
    <extensions>
     <gpxtpx:TrackPointExtension>
      <gpxtpx:atemp>27</gpxtpx:atemp>
     </gpxtpx:TrackPointExtension>
    </extensions>
   </trkpt>
   <trkpt lat="48.3808070" lon="15.7837770">
    <ele>258.8</ele>
    <time>2024-06-08T16:45:53Z</time>
    <extensions>
     <gpxtpx:TrackPointExtension>
      <gpxtpx:atemp>27</gpxtpx:atemp>
     </gpxtpx:TrackPointExtension>
    </extensions>
   </trkpt>
   <trkpt lat="48.3805500" lon="15.7831890">
    <ele>259.0</ele>
    <time>2024-06-08T16:46:03Z</time>
    <extensions>
     <gpxtpx:TrackPointExtension>
      <gpxtpx:atemp>27</gpxtpx:atemp>
     </gpxtpx:TrackPointExtension>
    </extensions>
   </trkpt>
   <trkpt lat="48.3802900" lon="15.7825900">
    <ele>258.8</ele>
    <time>2024-06-08T16:46:13Z</time>
    <extensions>
     <gpxtpx:TrackPointExtension>
      <gpxtpx:atemp>27</gpxtpx:atemp>
     </gpxtpx:TrackPointExtension>
    </extensions>
   </trkpt>
   <trkpt lat="48.3800790" lon="15.7821210">
    <ele>258.6</ele>
    <time>2024-06-08T16:46:21Z</time>
    <extensions>
     <gpxtpx:TrackPointExtension>
      <gpxtpx:atemp>27</gpxtpx:atemp>
     </gpxtpx:TrackPointExtension>
    </extensions>
   </trkpt>
   <trkpt lat="48.3798970" lon="15.7816950">
    <ele>258.6</ele>
    <time>2024-06-08T16:46:29Z</time>
    <extensions>
     <gpxtpx:TrackPointExtension>
      <gpxtpx:atemp>27</gpxtpx:atemp>
     </gpxtpx:TrackPointExtension>
    </extensions>
   </trkpt>
   <trkpt lat="48.3796340" lon="15.7810770">
    <ele>258.4</ele>
    <time>2024-06-08T16:46:40Z</time>
    <extensions>
     <gpxtpx:TrackPointExtension>
      <gpxtpx:atemp>27</gpxtpx:atemp>
     </gpxtpx:TrackPointExtension>
    </extensions>
   </trkpt>
   <trkpt lat="48.3794180" lon="15.7805790">
    <ele>258.6</ele>
    <time>2024-06-08T16:46:49Z</time>
    <extensions>
     <gpxtpx:TrackPointExtension>
      <gpxtpx:atemp>27</gpxtpx:atemp>
     </gpxtpx:TrackPointExtension>
    </extensions>
   </trkpt>
   <trkpt lat="48.3791920" lon="15.7800130">
    <ele>258.6</ele>
    <time>2024-06-08T16:46:59Z</time>
    <extensions>
     <gpxtpx:TrackPointExtension>
      <gpxtpx:atemp>27</gpxtpx:atemp>
     </gpxtpx:TrackPointExtension>
    </extensions>
   </trkpt>
   <trkpt lat="48.3789530" lon="15.7793820">
    <ele>258.6</ele>
    <time>2024-06-08T16:47:10Z</time>
    <extensions>
     <gpxtpx:TrackPointExtension>
      <gpxtpx:atemp>27</gpxtpx:atemp>
     </gpxtpx:TrackPointExtension>
    </extensions>
   </trkpt>
   <trkpt lat="48.3787760" lon="15.7788980">
    <ele>258.6</ele>
    <time>2024-06-08T16:47:19Z</time>
    <extensions>
     <gpxtpx:TrackPointExtension>
      <gpxtpx:atemp>27</gpxtpx:atemp>
     </gpxtpx:TrackPointExtension>
    </extensions>
   </trkpt>
   <trkpt lat="48.3785730" lon="15.7783150">
    <ele>258.6</ele>
    <time>2024-06-08T16:47:29Z</time>
    <extensions>
     <gpxtpx:TrackPointExtension>
      <gpxtpx:atemp>27</gpxtpx:atemp>
     </gpxtpx:TrackPointExtension>
    </extensions>
   </trkpt>
   <trkpt lat="48.3783840" lon="15.7777460">
    <ele>258.6</ele>
    <time>2024-06-08T16:47:38Z</time>
    <extensions>
     <gpxtpx:TrackPointExtension>
      <gpxtpx:atemp>27</gpxtpx:atemp>
     </gpxtpx:TrackPointExtension>
    </extensions>
   </trkpt>
   <trkpt lat="48.3783440" lon="15.7776240">
    <ele>258.6</ele>
    <time>2024-06-08T16:47:40Z</time>
    <extensions>
     <gpxtpx:TrackPointExtension>
      <gpxtpx:atemp>27</gpxtpx:atemp>
     </gpxtpx:TrackPointExtension>
    </extensions>
   </trkpt>
   <trkpt lat="48.3781410" lon="15.7769720">
    <ele>258.4</ele>
    <time>2024-06-08T16:47:50Z</time>
    <extensions>
     <gpxtpx:TrackPointExtension>
      <gpxtpx:atemp>27</gpxtpx:atemp>
     </gpxtpx:TrackPointExtension>
    </extensions>
   </trkpt>
   <trkpt lat="48.3779370" lon="15.7763340">
    <ele>258.6</ele>
    <time>2024-06-08T16:48:00Z</time>
    <extensions>
     <gpxtpx:TrackPointExtension>
      <gpxtpx:atemp>27</gpxtpx:atemp>
     </gpxtpx:TrackPointExtension>
    </extensions>
   </trkpt>
   <trkpt lat="48.3777500" lon="15.7757200">
    <ele>258.8</ele>
    <time>2024-06-08T16:48:09Z</time>
    <extensions>
     <gpxtpx:TrackPointExtension>
      <gpxtpx:atemp>27</gpxtpx:atemp>
     </gpxtpx:TrackPointExtension>
    </extensions>
   </trkpt>
   <trkpt lat="48.3775740" lon="15.7751430">
    <ele>258.4</ele>
    <time>2024-06-08T16:48:18Z</time>
    <extensions>
     <gpxtpx:TrackPointExtension>
      <gpxtpx:atemp>26</gpxtpx:atemp>
     </gpxtpx:TrackPointExtension>
    </extensions>
   </trkpt>
   <trkpt lat="48.3773830" lon="15.7744340">
    <ele>258.4</ele>
    <time>2024-06-08T16:48:29Z</time>
    <extensions>
     <gpxtpx:TrackPointExtension>
      <gpxtpx:atemp>26</gpxtpx:atemp>
     </gpxtpx:TrackPointExtension>
    </extensions>
   </trkpt>
   <trkpt lat="48.3772600" lon="15.7739840">
    <ele>258.4</ele>
    <time>2024-06-08T16:48:36Z</time>
    <extensions>
     <gpxtpx:TrackPointExtension>
      <gpxtpx:atemp>26</gpxtpx:atemp>
     </gpxtpx:TrackPointExtension>
    </extensions>
   </trkpt>
   <trkpt lat="48.3770630" lon="15.7732280">
    <ele>258.8</ele>
    <time>2024-06-08T16:48:47Z</time>
    <extensions>
     <gpxtpx:TrackPointExtension>
      <gpxtpx:atemp>26</gpxtpx:atemp>
     </gpxtpx:TrackPointExtension>
    </extensions>
   </trkpt>
   <trkpt lat="48.3769100" lon="15.7726250">
    <ele>258.8</ele>
    <time>2024-06-08T16:48:56Z</time>
    <extensions>
     <gpxtpx:TrackPointExtension>
      <gpxtpx:atemp>26</gpxtpx:atemp>
     </gpxtpx:TrackPointExtension>
    </extensions>
   </trkpt>
   <trkpt lat="48.3767470" lon="15.7720000">
    <ele>258.8</ele>
    <time>2024-06-08T16:49:05Z</time>
    <extensions>
     <gpxtpx:TrackPointExtension>
      <gpxtpx:atemp>26</gpxtpx:atemp>
     </gpxtpx:TrackPointExtension>
    </extensions>
   </trkpt>
   <trkpt lat="48.3765520" lon="15.7712480">
    <ele>258.4</ele>
    <time>2024-06-08T16:49:15Z</time>
    <extensions>
     <gpxtpx:TrackPointExtension>
      <gpxtpx:atemp>26</gpxtpx:atemp>
     </gpxtpx:TrackPointExtension>
    </extensions>
   </trkpt>
   <trkpt lat="48.3764010" lon="15.7706610">
    <ele>258.4</ele>
    <time>2024-06-08T16:49:23Z</time>
    <extensions>
     <gpxtpx:TrackPointExtension>
      <gpxtpx:atemp>26</gpxtpx:atemp>
     </gpxtpx:TrackPointExtension>
    </extensions>
   </trkpt>
   <trkpt lat="48.3762600" lon="15.7700940">
    <ele>258.6</ele>
    <time>2024-06-08T16:49:31Z</time>
    <extensions>
     <gpxtpx:TrackPointExtension>
      <gpxtpx:atemp>26</gpxtpx:atemp>
     </gpxtpx:TrackPointExtension>
    </extensions>
   </trkpt>
   <trkpt lat="48.3760740" lon="15.7693610">
    <ele>258.6</ele>
    <time>2024-06-08T16:49:41Z</time>
    <extensions>
     <gpxtpx:TrackPointExtension>
      <gpxtpx:atemp>26</gpxtpx:atemp>
     </gpxtpx:TrackPointExtension>
    </extensions>
   </trkpt>
   <trkpt lat="48.3758990" lon="15.7686310">
    <ele>259.0</ele>
    <time>2024-06-08T16:49:51Z</time>
    <extensions>
     <gpxtpx:TrackPointExtension>
      <gpxtpx:atemp>26</gpxtpx:atemp>
     </gpxtpx:TrackPointExtension>
    </extensions>
   </trkpt>
   <trkpt lat="48.3757520" lon="15.7680060">
    <ele>259.0</ele>
    <time>2024-06-08T16:49:59Z</time>
    <extensions>
     <gpxtpx:TrackPointExtension>
      <gpxtpx:atemp>26</gpxtpx:atemp>
     </gpxtpx:TrackPointExtension>
    </extensions>
   </trkpt>
   <trkpt lat="48.3755880" lon="15.7673100">
    <ele>258.8</ele>
    <time>2024-06-08T16:50:08Z</time>
    <extensions>
     <gpxtpx:TrackPointExtension>
      <gpxtpx:atemp>26</gpxtpx:atemp>
     </gpxtpx:TrackPointExtension>
    </extensions>
   </trkpt>
   <trkpt lat="48.3754220" lon="15.7665720">
    <ele>258.8</ele>
    <time>2024-06-08T16:50:17Z</time>
    <extensions>
     <gpxtpx:TrackPointExtension>
      <gpxtpx:atemp>26</gpxtpx:atemp>
     </gpxtpx:TrackPointExtension>
    </extensions>
   </trkpt>
   <trkpt lat="48.3752540" lon="15.7658020">
    <ele>258.8</ele>
    <time>2024-06-08T16:50:27Z</time>
    <extensions>
     <gpxtpx:TrackPointExtension>
      <gpxtpx:atemp>26</gpxtpx:atemp>
     </gpxtpx:TrackPointExtension>
    </extensions>
   </trkpt>
   <trkpt lat="48.3750910" lon="15.7650360">
    <ele>258.6</ele>
    <time>2024-06-08T16:50:37Z</time>
    <extensions>
     <gpxtpx:TrackPointExtension>
      <gpxtpx:atemp>26</gpxtpx:atemp>
     </gpxtpx:TrackPointExtension>
    </extensions>
   </trkpt>
   <trkpt lat="48.3749760" lon="15.7644480">
    <ele>259.0</ele>
    <time>2024-06-08T16:50:45Z</time>
    <extensions>
     <gpxtpx:TrackPointExtension>
      <gpxtpx:atemp>26</gpxtpx:atemp>
     </gpxtpx:TrackPointExtension>
    </extensions>
   </trkpt>
   <trkpt lat="48.3748550" lon="15.7637940">
    <ele>259.2</ele>
    <time>2024-06-08T16:50:54Z</time>
    <extensions>
     <gpxtpx:TrackPointExtension>
      <gpxtpx:atemp>26</gpxtpx:atemp>
     </gpxtpx:TrackPointExtension>
    </extensions>
   </trkpt>
   <trkpt lat="48.3747840" lon="15.7632980">
    <ele>259.2</ele>
    <time>2024-06-08T16:51:01Z</time>
    <extensions>
     <gpxtpx:TrackPointExtension>
      <gpxtpx:atemp>26</gpxtpx:atemp>
     </gpxtpx:TrackPointExtension>
    </extensions>
   </trkpt>
   <trkpt lat="48.3747080" lon="15.7626000">
    <ele>259.2</ele>
    <time>2024-06-08T16:51:11Z</time>
    <extensions>
     <gpxtpx:TrackPointExtension>
      <gpxtpx:atemp>26</gpxtpx:atemp>
     </gpxtpx:TrackPointExtension>
    </extensions>
   </trkpt>
   <trkpt lat="48.3746680" lon="15.7624100">
    <ele>259.2</ele>
    <time>2024-06-08T16:51:14Z</time>
    <extensions>
     <gpxtpx:TrackPointExtension>
      <gpxtpx:atemp>26</gpxtpx:atemp>
     </gpxtpx:TrackPointExtension>
    </extensions>
   </trkpt>
   <trkpt lat="48.3746500" lon="15.7622760">
    <ele>259.2</ele>
    <time>2024-06-08T16:51:16Z</time>
    <extensions>
     <gpxtpx:TrackPointExtension>
      <gpxtpx:atemp>26</gpxtpx:atemp>
     </gpxtpx:TrackPointExtension>
    </extensions>
   </trkpt>
   <trkpt lat="48.3745710" lon="15.7616110">
    <ele>259.0</ele>
    <time>2024-06-08T16:51:26Z</time>
    <extensions>
     <gpxtpx:TrackPointExtension>
      <gpxtpx:atemp>26</gpxtpx:atemp>
     </gpxtpx:TrackPointExtension>
    </extensions>
   </trkpt>
   <trkpt lat="48.3744950" lon="15.7609900">
    <ele>259.0</ele>
    <time>2024-06-08T16:51:36Z</time>
    <extensions>
     <gpxtpx:TrackPointExtension>
      <gpxtpx:atemp>26</gpxtpx:atemp>
     </gpxtpx:TrackPointExtension>
    </extensions>
   </trkpt>
   <trkpt lat="48.3744150" lon="15.7603430">
    <ele>259.0</ele>
    <time>2024-06-08T16:51:46Z</time>
    <extensions>
     <gpxtpx:TrackPointExtension>
      <gpxtpx:atemp>26</gpxtpx:atemp>
     </gpxtpx:TrackPointExtension>
    </extensions>
   </trkpt>
   <trkpt lat="48.3743750" lon="15.7600160">
    <ele>259.0</ele>
    <time>2024-06-08T16:51:51Z</time>
    <extensions>
     <gpxtpx:TrackPointExtension>
      <gpxtpx:atemp>26</gpxtpx:atemp>
     </gpxtpx:TrackPointExtension>
    </extensions>
   </trkpt>
   <trkpt lat="48.3743620" lon="15.7598810">
    <ele>259.0</ele>
    <time>2024-06-08T16:51:53Z</time>
    <extensions>
     <gpxtpx:TrackPointExtension>
      <gpxtpx:atemp>26</gpxtpx:atemp>
     </gpxtpx:TrackPointExtension>
    </extensions>
   </trkpt>
   <trkpt lat="48.3742800" lon="15.7592530">
    <ele>259.0</ele>
    <time>2024-06-08T16:52:02Z</time>
    <extensions>
     <gpxtpx:TrackPointExtension>
      <gpxtpx:atemp>26</gpxtpx:atemp>
     </gpxtpx:TrackPointExtension>
    </extensions>
   </trkpt>
   <trkpt lat="48.3741990" lon="15.7585510">
    <ele>259.2</ele>
    <time>2024-06-08T16:52:12Z</time>
    <extensions>
     <gpxtpx:TrackPointExtension>
      <gpxtpx:atemp>26</gpxtpx:atemp>
     </gpxtpx:TrackPointExtension>
    </extensions>
   </trkpt>
   <trkpt lat="48.3740940" lon="15.7577230">
    <ele>259.0</ele>
    <time>2024-06-08T16:52:23Z</time>
    <extensions>
     <gpxtpx:TrackPointExtension>
      <gpxtpx:atemp>26</gpxtpx:atemp>
     </gpxtpx:TrackPointExtension>
    </extensions>
   </trkpt>
   <trkpt lat="48.3739960" lon="15.7569900">
    <ele>258.8</ele>
    <time>2024-06-08T16:52:33Z</time>
    <extensions>
     <gpxtpx:TrackPointExtension>
      <gpxtpx:atemp>26</gpxtpx:atemp>
     </gpxtpx:TrackPointExtension>
    </extensions>
   </trkpt>
   <trkpt lat="48.3739330" lon="15.7563970">
    <ele>258.8</ele>
    <time>2024-06-08T16:52:41Z</time>
    <extensions>
     <gpxtpx:TrackPointExtension>
      <gpxtpx:atemp>26</gpxtpx:atemp>
     </gpxtpx:TrackPointExtension>
    </extensions>
   </trkpt>
   <trkpt lat="48.3738650" lon="15.7558140">
    <ele>258.6</ele>
    <time>2024-06-08T16:52:49Z</time>
    <extensions>
     <gpxtpx:TrackPointExtension>
      <gpxtpx:atemp>26</gpxtpx:atemp>
     </gpxtpx:TrackPointExtension>
    </extensions>
   </trkpt>
   <trkpt lat="48.3737790" lon="15.7551350">
    <ele>259.0</ele>
    <time>2024-06-08T16:52:59Z</time>
    <extensions>
     <gpxtpx:TrackPointExtension>
      <gpxtpx:atemp>26</gpxtpx:atemp>
     </gpxtpx:TrackPointExtension>
    </extensions>
   </trkpt>
   <trkpt lat="48.3737080" lon="15.7545020">
    <ele>258.8</ele>
    <time>2024-06-08T16:53:08Z</time>
    <extensions>
     <gpxtpx:TrackPointExtension>
      <gpxtpx:atemp>26</gpxtpx:atemp>
     </gpxtpx:TrackPointExtension>
    </extensions>
   </trkpt>
   <trkpt lat="48.3736240" lon="15.7538030">
    <ele>258.8</ele>
    <time>2024-06-08T16:53:18Z</time>
    <extensions>
     <gpxtpx:TrackPointExtension>
      <gpxtpx:atemp>26</gpxtpx:atemp>
     </gpxtpx:TrackPointExtension>
    </extensions>
   </trkpt>
   <trkpt lat="48.3735470" lon="15.7531690">
    <ele>258.8</ele>
    <time>2024-06-08T16:53:27Z</time>
    <extensions>
     <gpxtpx:TrackPointExtension>
      <gpxtpx:atemp>26</gpxtpx:atemp>
     </gpxtpx:TrackPointExtension>
    </extensions>
   </trkpt>
   <trkpt lat="48.3734890" lon="15.7527700">
    <ele>258.8</ele>
    <time>2024-06-08T16:53:32Z</time>
    <extensions>
     <gpxtpx:TrackPointExtension>
      <gpxtpx:atemp>26</gpxtpx:atemp>
     </gpxtpx:TrackPointExtension>
    </extensions>
   </trkpt>
   <trkpt lat="48.3734420" lon="15.7522690">
    <ele>258.8</ele>
    <time>2024-06-08T16:53:39Z</time>
    <extensions>
     <gpxtpx:TrackPointExtension>
      <gpxtpx:atemp>26</gpxtpx:atemp>
     </gpxtpx:TrackPointExtension>
    </extensions>
   </trkpt>
   <trkpt lat="48.3734330" lon="15.7521990">
    <ele>258.8</ele>
    <time>2024-06-08T16:53:40Z</time>
    <extensions>
     <gpxtpx:TrackPointExtension>
      <gpxtpx:atemp>26</gpxtpx:atemp>
     </gpxtpx:TrackPointExtension>
    </extensions>
   </trkpt>
   <trkpt lat="48.3733690" lon="15.7515290">
    <ele>258.6</ele>
    <time>2024-06-08T16:53:49Z</time>
    <extensions>
     <gpxtpx:TrackPointExtension>
      <gpxtpx:atemp>26</gpxtpx:atemp>
     </gpxtpx:TrackPointExtension>
    </extensions>
   </trkpt>
   <trkpt lat="48.3733210" lon="15.7509260">
    <ele>258.4</ele>
    <time>2024-06-08T16:53:57Z</time>
    <extensions>
     <gpxtpx:TrackPointExtension>
      <gpxtpx:atemp>26</gpxtpx:atemp>
     </gpxtpx:TrackPointExtension>
    </extensions>
   </trkpt>
   <trkpt lat="48.3733180" lon="15.7508560">
    <ele>258.4</ele>
    <time>2024-06-08T16:53:58Z</time>
    <extensions>
     <gpxtpx:TrackPointExtension>
      <gpxtpx:atemp>26</gpxtpx:atemp>
     </gpxtpx:TrackPointExtension>
    </extensions>
   </trkpt>
   <trkpt lat="48.3732740" lon="15.7502000">
    <ele>258.4</ele>
    <time>2024-06-08T16:54:07Z</time>
    <extensions>
     <gpxtpx:TrackPointExtension>
      <gpxtpx:atemp>26</gpxtpx:atemp>
     </gpxtpx:TrackPointExtension>
    </extensions>
   </trkpt>
   <trkpt lat="48.3732520" lon="15.7496580">
    <ele>258.2</ele>
    <time>2024-06-08T16:54:14Z</time>
    <extensions>
     <gpxtpx:TrackPointExtension>
      <gpxtpx:atemp>26</gpxtpx:atemp>
     </gpxtpx:TrackPointExtension>
    </extensions>
   </trkpt>
   <trkpt lat="48.3732330" lon="15.7490070">
    <ele>258.0</ele>
    <time>2024-06-08T16:54:23Z</time>
    <extensions>
     <gpxtpx:TrackPointExtension>
      <gpxtpx:atemp>26</gpxtpx:atemp>
     </gpxtpx:TrackPointExtension>
    </extensions>
   </trkpt>
   <trkpt lat="48.3732360" lon="15.7484220">
    <ele>258.2</ele>
    <time>2024-06-08T16:54:31Z</time>
    <extensions>
     <gpxtpx:TrackPointExtension>
      <gpxtpx:atemp>26</gpxtpx:atemp>
     </gpxtpx:TrackPointExtension>
    </extensions>
   </trkpt>
   <trkpt lat="48.3732500" lon="15.7475990">
    <ele>258.2</ele>
    <time>2024-06-08T16:54:42Z</time>
    <extensions>
     <gpxtpx:TrackPointExtension>
      <gpxtpx:atemp>26</gpxtpx:atemp>
     </gpxtpx:TrackPointExtension>
    </extensions>
   </trkpt>
   <trkpt lat="48.3733010" lon="15.7467980">
    <ele>258.2</ele>
    <time>2024-06-08T16:54:53Z</time>
    <extensions>
     <gpxtpx:TrackPointExtension>
      <gpxtpx:atemp>26</gpxtpx:atemp>
     </gpxtpx:TrackPointExtension>
    </extensions>
   </trkpt>
   <trkpt lat="48.3733840" lon="15.7461240">
    <ele>258.2</ele>
    <time>2024-06-08T16:55:02Z</time>
    <extensions>
     <gpxtpx:TrackPointExtension>
      <gpxtpx:atemp>26</gpxtpx:atemp>
     </gpxtpx:TrackPointExtension>
    </extensions>
   </trkpt>
   <trkpt lat="48.3735020" lon="15.7453870">
    <ele>258.2</ele>
    <time>2024-06-08T16:55:12Z</time>
    <extensions>
     <gpxtpx:TrackPointExtension>
      <gpxtpx:atemp>26</gpxtpx:atemp>
     </gpxtpx:TrackPointExtension>
    </extensions>
   </trkpt>
   <trkpt lat="48.3735600" lon="15.7450960">
    <ele>258.2</ele>
    <time>2024-06-08T16:55:16Z</time>
    <extensions>
     <gpxtpx:TrackPointExtension>
      <gpxtpx:atemp>26</gpxtpx:atemp>
     </gpxtpx:TrackPointExtension>
    </extensions>
   </trkpt>
   <trkpt lat="48.3736910" lon="15.7445080">
    <ele>258.2</ele>
    <time>2024-06-08T16:55:24Z</time>
    <extensions>
     <gpxtpx:TrackPointExtension>
      <gpxtpx:atemp>26</gpxtpx:atemp>
     </gpxtpx:TrackPointExtension>
    </extensions>
   </trkpt>
   <trkpt lat="48.3738860" lon="15.7438300">
    <ele>258.2</ele>
    <time>2024-06-08T16:55:34Z</time>
    <extensions>
     <gpxtpx:TrackPointExtension>
      <gpxtpx:atemp>26</gpxtpx:atemp>
     </gpxtpx:TrackPointExtension>
    </extensions>
   </trkpt>
   <trkpt lat="48.3740590" lon="15.7432870">
    <ele>258.2</ele>
    <time>2024-06-08T16:55:42Z</time>
    <extensions>
     <gpxtpx:TrackPointExtension>
      <gpxtpx:atemp>26</gpxtpx:atemp>
     </gpxtpx:TrackPointExtension>
    </extensions>
   </trkpt>
   <trkpt lat="48.3742630" lon="15.7426460">
    <ele>258.2</ele>
    <time>2024-06-08T16:55:52Z</time>
    <extensions>
     <gpxtpx:TrackPointExtension>
      <gpxtpx:atemp>26</gpxtpx:atemp>
     </gpxtpx:TrackPointExtension>
    </extensions>
   </trkpt>
   <trkpt lat="48.3744540" lon="15.7421700">
    <ele>258.2</ele>
    <time>2024-06-08T16:55:59Z</time>
    <extensions>
     <gpxtpx:TrackPointExtension>
      <gpxtpx:atemp>26</gpxtpx:atemp>
     </gpxtpx:TrackPointExtension>
    </extensions>
   </trkpt>
   <trkpt lat="48.3746760" lon="15.7417010">
    <ele>258.2</ele>
    <time>2024-06-08T16:56:07Z</time>
    <extensions>
     <gpxtpx:TrackPointExtension>
      <gpxtpx:atemp>26</gpxtpx:atemp>
     </gpxtpx:TrackPointExtension>
    </extensions>
   </trkpt>
   <trkpt lat="48.3750090" lon="15.7411290">
    <ele>258.2</ele>
    <time>2024-06-08T16:56:17Z</time>
    <extensions>
     <gpxtpx:TrackPointExtension>
      <gpxtpx:atemp>26</gpxtpx:atemp>
     </gpxtpx:TrackPointExtension>
    </extensions>
   </trkpt>
   <trkpt lat="48.3753150" lon="15.7406950">
    <ele>258.4</ele>
    <time>2024-06-08T16:56:25Z</time>
    <extensions>
     <gpxtpx:TrackPointExtension>
      <gpxtpx:atemp>26</gpxtpx:atemp>
     </gpxtpx:TrackPointExtension>
    </extensions>
   </trkpt>
   <trkpt lat="48.3757440" lon="15.7401940">
    <ele>258.6</ele>
    <time>2024-06-08T16:56:35Z</time>
    <extensions>
     <gpxtpx:TrackPointExtension>
      <gpxtpx:atemp>26</gpxtpx:atemp>
     </gpxtpx:TrackPointExtension>
    </extensions>
   </trkpt>
   <trkpt lat="48.3758240" lon="15.7401010">
    <ele>258.6</ele>
    <time>2024-06-08T16:56:37Z</time>
    <extensions>
     <gpxtpx:TrackPointExtension>
      <gpxtpx:atemp>26</gpxtpx:atemp>
     </gpxtpx:TrackPointExtension>
    </extensions>
   </trkpt>
   <trkpt lat="48.3760280" lon="15.7398850">
    <ele>258.6</ele>
    <time>2024-06-08T16:56:42Z</time>
    <extensions>
     <gpxtpx:TrackPointExtension>
      <gpxtpx:atemp>26</gpxtpx:atemp>
     </gpxtpx:TrackPointExtension>
    </extensions>
   </trkpt>
   <trkpt lat="48.3764380" lon="15.7394440">
    <ele>258.4</ele>
    <time>2024-06-08T16:56:52Z</time>
    <extensions>
     <gpxtpx:TrackPointExtension>
      <gpxtpx:atemp>26</gpxtpx:atemp>
     </gpxtpx:TrackPointExtension>
    </extensions>
   </trkpt>
   <trkpt lat="48.3768670" lon="15.7389580">
    <ele>258.4</ele>
    <time>2024-06-08T16:57:03Z</time>
    <extensions>
     <gpxtpx:TrackPointExtension>
      <gpxtpx:atemp>26</gpxtpx:atemp>
     </gpxtpx:TrackPointExtension>
    </extensions>
   </trkpt>
   <trkpt lat="48.3771920" lon="15.7385150">
    <ele>258.6</ele>
    <time>2024-06-08T16:57:12Z</time>
    <extensions>
     <gpxtpx:TrackPointExtension>
      <gpxtpx:atemp>26</gpxtpx:atemp>
     </gpxtpx:TrackPointExtension>
    </extensions>
   </trkpt>
   <trkpt lat="48.3774940" lon="15.7380510">
    <ele>258.4</ele>
    <time>2024-06-08T16:57:21Z</time>
    <extensions>
     <gpxtpx:TrackPointExtension>
      <gpxtpx:atemp>26</gpxtpx:atemp>
     </gpxtpx:TrackPointExtension>
    </extensions>
   </trkpt>
   <trkpt lat="48.3778040" lon="15.7375560">
    <ele>258.4</ele>
    <time>2024-06-08T16:57:30Z</time>
    <extensions>
     <gpxtpx:TrackPointExtension>
      <gpxtpx:atemp>26</gpxtpx:atemp>
     </gpxtpx:TrackPointExtension>
    </extensions>
   </trkpt>
   <trkpt lat="48.3781680" lon="15.7369930">
    <ele>258.2</ele>
    <time>2024-06-08T16:57:40Z</time>
    <extensions>
     <gpxtpx:TrackPointExtension>
      <gpxtpx:atemp>26</gpxtpx:atemp>
     </gpxtpx:TrackPointExtension>
    </extensions>
   </trkpt>
   <trkpt lat="48.3785050" lon="15.7364600">
    <ele>258.2</ele>
    <time>2024-06-08T16:57:49Z</time>
    <extensions>
     <gpxtpx:TrackPointExtension>
      <gpxtpx:atemp>26</gpxtpx:atemp>
     </gpxtpx:TrackPointExtension>
    </extensions>
   </trkpt>
   <trkpt lat="48.3787240" lon="15.7361170">
    <ele>258.2</ele>
    <time>2024-06-08T16:57:55Z</time>
    <extensions>
     <gpxtpx:TrackPointExtension>
      <gpxtpx:atemp>26</gpxtpx:atemp>
     </gpxtpx:TrackPointExtension>
    </extensions>
   </trkpt>
   <trkpt lat="48.3787610" lon="15.7360670">
    <ele>258.2</ele>
    <time>2024-06-08T16:57:56Z</time>
    <extensions>
     <gpxtpx:TrackPointExtension>
      <gpxtpx:atemp>26</gpxtpx:atemp>
     </gpxtpx:TrackPointExtension>
    </extensions>
   </trkpt>
   <trkpt lat="48.3787990" lon="15.7360150">
    <ele>258.2</ele>
    <time>2024-06-08T16:57:57Z</time>
    <extensions>
     <gpxtpx:TrackPointExtension>
      <gpxtpx:atemp>26</gpxtpx:atemp>
     </gpxtpx:TrackPointExtension>
    </extensions>
   </trkpt>
   <trkpt lat="48.3789740" lon="15.7357490">
    <ele>258.2</ele>
    <time>2024-06-08T16:58:02Z</time>
    <extensions>
     <gpxtpx:TrackPointExtension>
      <gpxtpx:atemp>26</gpxtpx:atemp>
     </gpxtpx:TrackPointExtension>
    </extensions>
   </trkpt>
   <trkpt lat="48.3791900" lon="15.7354170">
    <ele>258.2</ele>
    <time>2024-06-08T16:58:08Z</time>
    <extensions>
     <gpxtpx:TrackPointExtension>
      <gpxtpx:atemp>26</gpxtpx:atemp>
     </gpxtpx:TrackPointExtension>
    </extensions>
   </trkpt>
   <trkpt lat="48.3792590" lon="15.7353140">
    <ele>258.2</ele>
    <time>2024-06-08T16:58:10Z</time>
    <extensions>
     <gpxtpx:TrackPointExtension>
      <gpxtpx:atemp>26</gpxtpx:atemp>
     </gpxtpx:TrackPointExtension>
    </extensions>
   </trkpt>
   <trkpt lat="48.3796790" lon="15.7347040">
    <ele>258.2</ele>
    <time>2024-06-08T16:58:21Z</time>
    <extensions>
     <gpxtpx:TrackPointExtension>
      <gpxtpx:atemp>26</gpxtpx:atemp>
     </gpxtpx:TrackPointExtension>
    </extensions>
   </trkpt>
   <trkpt lat="48.3797180" lon="15.7346480">
    <ele>258.2</ele>
    <time>2024-06-08T16:58:22Z</time>
    <extensions>
     <gpxtpx:TrackPointExtension>
      <gpxtpx:atemp>26</gpxtpx:atemp>
     </gpxtpx:TrackPointExtension>
    </extensions>
   </trkpt>
   <trkpt lat="48.3799370" lon="15.7343150">
    <ele>258.4</ele>
    <time>2024-06-08T16:58:28Z</time>
    <extensions>
     <gpxtpx:TrackPointExtension>
      <gpxtpx:atemp>26</gpxtpx:atemp>
     </gpxtpx:TrackPointExtension>
    </extensions>
   </trkpt>
   <trkpt lat="48.3803200" lon="15.7337320">
    <ele>258.6</ele>
    <time>2024-06-08T16:58:38Z</time>
    <extensions>
     <gpxtpx:TrackPointExtension>
      <gpxtpx:atemp>26</gpxtpx:atemp>
     </gpxtpx:TrackPointExtension>
    </extensions>
   </trkpt>
   <trkpt lat="48.3806370" lon="15.7332100">
    <ele>258.4</ele>
    <time>2024-06-08T16:58:47Z</time>
    <extensions>
     <gpxtpx:TrackPointExtension>
      <gpxtpx:atemp>26</gpxtpx:atemp>
     </gpxtpx:TrackPointExtension>
    </extensions>
   </trkpt>
   <trkpt lat="48.3808440" lon="15.7328460">
    <ele>258.4</ele>
    <time>2024-06-08T16:58:53Z</time>
    <extensions>
     <gpxtpx:TrackPointExtension>
      <gpxtpx:atemp>26</gpxtpx:atemp>
     </gpxtpx:TrackPointExtension>
    </extensions>
   </trkpt>
   <trkpt lat="48.3809740" lon="15.7325920">
    <ele>258.2</ele>
    <time>2024-06-08T16:58:57Z</time>
    <extensions>
     <gpxtpx:TrackPointExtension>
      <gpxtpx:atemp>26</gpxtpx:atemp>
     </gpxtpx:TrackPointExtension>
    </extensions>
   </trkpt>
   <trkpt lat="48.3812730" lon="15.7319670">
    <ele>258.2</ele>
    <time>2024-06-08T16:59:07Z</time>
    <extensions>
     <gpxtpx:TrackPointExtension>
      <gpxtpx:atemp>26</gpxtpx:atemp>
     </gpxtpx:TrackPointExtension>
    </extensions>
   </trkpt>
   <trkpt lat="48.3815050" lon="15.7313980">
    <ele>258.2</ele>
    <time>2024-06-08T16:59:16Z</time>
    <extensions>
     <gpxtpx:TrackPointExtension>
      <gpxtpx:atemp>25</gpxtpx:atemp>
     </gpxtpx:TrackPointExtension>
    </extensions>
   </trkpt>
   <trkpt lat="48.3817230" lon="15.7307910">
    <ele>258.4</ele>
    <time>2024-06-08T16:59:25Z</time>
    <extensions>
     <gpxtpx:TrackPointExtension>
      <gpxtpx:atemp>25</gpxtpx:atemp>
     </gpxtpx:TrackPointExtension>
    </extensions>
   </trkpt>
   <trkpt lat="48.3819020" lon="15.7302500">
    <ele>258.6</ele>
    <time>2024-06-08T16:59:33Z</time>
    <extensions>
     <gpxtpx:TrackPointExtension>
      <gpxtpx:atemp>25</gpxtpx:atemp>
     </gpxtpx:TrackPointExtension>
    </extensions>
   </trkpt>
   <trkpt lat="48.3821670" lon="15.7294990">
    <ele>258.8</ele>
    <time>2024-06-08T16:59:44Z</time>
    <extensions>
     <gpxtpx:TrackPointExtension>
      <gpxtpx:atemp>25</gpxtpx:atemp>
     </gpxtpx:TrackPointExtension>
    </extensions>
   </trkpt>
   <trkpt lat="48.3824360" lon="15.7288430">
    <ele>259.0</ele>
    <time>2024-06-08T16:59:54Z</time>
    <extensions>
     <gpxtpx:TrackPointExtension>
      <gpxtpx:atemp>25</gpxtpx:atemp>
     </gpxtpx:TrackPointExtension>
    </extensions>
   </trkpt>
   <trkpt lat="48.3827190" lon="15.7282360">
    <ele>259.0</ele>
    <time>2024-06-08T17:00:04Z</time>
    <extensions>
     <gpxtpx:TrackPointExtension>
      <gpxtpx:atemp>25</gpxtpx:atemp>
     </gpxtpx:TrackPointExtension>
    </extensions>
   </trkpt>
   <trkpt lat="48.3829290" lon="15.7278120">
    <ele>259.0</ele>
    <time>2024-06-08T17:00:10Z</time>
    <extensions>
     <gpxtpx:TrackPointExtension>
      <gpxtpx:atemp>25</gpxtpx:atemp>
     </gpxtpx:TrackPointExtension>
    </extensions>
   </trkpt>
   <trkpt lat="48.3831720" lon="15.7273450">
    <ele>259.0</ele>
    <time>2024-06-08T17:00:17Z</time>
    <extensions>
     <gpxtpx:TrackPointExtension>
      <gpxtpx:atemp>25</gpxtpx:atemp>
     </gpxtpx:TrackPointExtension>
    </extensions>
   </trkpt>
   <trkpt lat="48.3834630" lon="15.7267860">
    <ele>258.8</ele>
    <time>2024-06-08T17:00:26Z</time>
    <extensions>
     <gpxtpx:TrackPointExtension>
      <gpxtpx:atemp>25</gpxtpx:atemp>
     </gpxtpx:TrackPointExtension>
    </extensions>
   </trkpt>
   <trkpt lat="48.3837710" lon="15.7262490">
    <ele>258.8</ele>
    <time>2024-06-08T17:00:35Z</time>
    <extensions>
     <gpxtpx:TrackPointExtension>
      <gpxtpx:atemp>25</gpxtpx:atemp>
     </gpxtpx:TrackPointExtension>
    </extensions>
   </trkpt>
   <trkpt lat="48.3838370" lon="15.7261330">
    <ele>258.8</ele>
    <time>2024-06-08T17:00:37Z</time>
    <extensions>
     <gpxtpx:TrackPointExtension>
      <gpxtpx:atemp>25</gpxtpx:atemp>
     </gpxtpx:TrackPointExtension>
    </extensions>
   </trkpt>
   <trkpt lat="48.3841450" lon="15.7256140">
    <ele>258.8</ele>
    <time>2024-06-08T17:00:46Z</time>
    <extensions>
     <gpxtpx:TrackPointExtension>
      <gpxtpx:atemp>25</gpxtpx:atemp>
     </gpxtpx:TrackPointExtension>
    </extensions>
   </trkpt>
   <trkpt lat="48.3844100" lon="15.7251510">
    <ele>258.8</ele>
    <time>2024-06-08T17:00:54Z</time>
    <extensions>
     <gpxtpx:TrackPointExtension>
      <gpxtpx:atemp>25</gpxtpx:atemp>
     </gpxtpx:TrackPointExtension>
    </extensions>
   </trkpt>
   <trkpt lat="48.3846900" lon="15.7246740">
    <ele>258.8</ele>
    <time>2024-06-08T17:01:02Z</time>
    <extensions>
     <gpxtpx:TrackPointExtension>
      <gpxtpx:atemp>25</gpxtpx:atemp>
     </gpxtpx:TrackPointExtension>
    </extensions>
   </trkpt>
   <trkpt lat="48.3849660" lon="15.7241930">
    <ele>258.8</ele>
    <time>2024-06-08T17:01:10Z</time>
    <extensions>
     <gpxtpx:TrackPointExtension>
      <gpxtpx:atemp>25</gpxtpx:atemp>
     </gpxtpx:TrackPointExtension>
    </extensions>
   </trkpt>
   <trkpt lat="48.3852080" lon="15.7237740">
    <ele>258.8</ele>
    <time>2024-06-08T17:01:17Z</time>
    <extensions>
     <gpxtpx:TrackPointExtension>
      <gpxtpx:atemp>25</gpxtpx:atemp>
     </gpxtpx:TrackPointExtension>
    </extensions>
   </trkpt>
   <trkpt lat="48.3854860" lon="15.7232970">
    <ele>258.8</ele>
    <time>2024-06-08T17:01:25Z</time>
    <extensions>
     <gpxtpx:TrackPointExtension>
      <gpxtpx:atemp>25</gpxtpx:atemp>
     </gpxtpx:TrackPointExtension>
    </extensions>
   </trkpt>
   <trkpt lat="48.3857900" lon="15.7227900">
    <ele>258.8</ele>
    <time>2024-06-08T17:01:34Z</time>
    <extensions>
     <gpxtpx:TrackPointExtension>
      <gpxtpx:atemp>25</gpxtpx:atemp>
     </gpxtpx:TrackPointExtension>
    </extensions>
   </trkpt>
   <trkpt lat="48.3860460" lon="15.7223430">
    <ele>258.8</ele>
    <time>2024-06-08T17:01:42Z</time>
    <extensions>
     <gpxtpx:TrackPointExtension>
      <gpxtpx:atemp>25</gpxtpx:atemp>
     </gpxtpx:TrackPointExtension>
    </extensions>
   </trkpt>
   <trkpt lat="48.3863270" lon="15.7218380">
    <ele>259.0</ele>
    <time>2024-06-08T17:01:51Z</time>
    <extensions>
     <gpxtpx:TrackPointExtension>
      <gpxtpx:atemp>25</gpxtpx:atemp>
     </gpxtpx:TrackPointExtension>
    </extensions>
   </trkpt>
   <trkpt lat="48.3866050" lon="15.7213180">
    <ele>259.0</ele>
    <time>2024-06-08T17:02:00Z</time>
    <extensions>
     <gpxtpx:TrackPointExtension>
      <gpxtpx:atemp>25</gpxtpx:atemp>
     </gpxtpx:TrackPointExtension>
    </extensions>
   </trkpt>
   <trkpt lat="48.3868710" lon="15.7207690">
    <ele>259.0</ele>
    <time>2024-06-08T17:02:09Z</time>
    <extensions>
     <gpxtpx:TrackPointExtension>
      <gpxtpx:atemp>25</gpxtpx:atemp>
     </gpxtpx:TrackPointExtension>
    </extensions>
   </trkpt>
   <trkpt lat="48.3871140" lon="15.7202240">
    <ele>259.0</ele>
    <time>2024-06-08T17:02:17Z</time>
    <extensions>
     <gpxtpx:TrackPointExtension>
      <gpxtpx:atemp>25</gpxtpx:atemp>
     </gpxtpx:TrackPointExtension>
    </extensions>
   </trkpt>
   <trkpt lat="48.3873350" lon="15.7197110">
    <ele>259.2</ele>
    <time>2024-06-08T17:02:25Z</time>
    <extensions>
     <gpxtpx:TrackPointExtension>
      <gpxtpx:atemp>25</gpxtpx:atemp>
     </gpxtpx:TrackPointExtension>
    </extensions>
   </trkpt>
   <trkpt lat="48.3876220" lon="15.7189790">
    <ele>259.2</ele>
    <time>2024-06-08T17:02:36Z</time>
    <extensions>
     <gpxtpx:TrackPointExtension>
      <gpxtpx:atemp>25</gpxtpx:atemp>
     </gpxtpx:TrackPointExtension>
    </extensions>
   </trkpt>
   <trkpt lat="48.3878160" lon="15.7184530">
    <ele>259.0</ele>
    <time>2024-06-08T17:02:44Z</time>
    <extensions>
     <gpxtpx:TrackPointExtension>
      <gpxtpx:atemp>25</gpxtpx:atemp>
     </gpxtpx:TrackPointExtension>
    </extensions>
   </trkpt>
   <trkpt lat="48.3880270" lon="15.7178160">
    <ele>259.0</ele>
    <time>2024-06-08T17:02:54Z</time>
    <extensions>
     <gpxtpx:TrackPointExtension>
      <gpxtpx:atemp>25</gpxtpx:atemp>
     </gpxtpx:TrackPointExtension>
    </extensions>
   </trkpt>
   <trkpt lat="48.3882190" lon="15.7171580">
    <ele>259.0</ele>
    <time>2024-06-08T17:03:04Z</time>
    <extensions>
     <gpxtpx:TrackPointExtension>
      <gpxtpx:atemp>25</gpxtpx:atemp>
     </gpxtpx:TrackPointExtension>
    </extensions>
   </trkpt>
   <trkpt lat="48.3884100" lon="15.7165170">
    <ele>259.2</ele>
    <time>2024-06-08T17:03:14Z</time>
    <extensions>
     <gpxtpx:TrackPointExtension>
      <gpxtpx:atemp>25</gpxtpx:atemp>
     </gpxtpx:TrackPointExtension>
    </extensions>
   </trkpt>
   <trkpt lat="48.3885920" lon="15.7158650">
    <ele>259.2</ele>
    <time>2024-06-08T17:03:24Z</time>
    <extensions>
     <gpxtpx:TrackPointExtension>
      <gpxtpx:atemp>25</gpxtpx:atemp>
     </gpxtpx:TrackPointExtension>
    </extensions>
   </trkpt>
   <trkpt lat="48.3888070" lon="15.7150960">
    <ele>259.2</ele>
    <time>2024-06-08T17:03:35Z</time>
    <extensions>
     <gpxtpx:TrackPointExtension>
      <gpxtpx:atemp>25</gpxtpx:atemp>
     </gpxtpx:TrackPointExtension>
    </extensions>
   </trkpt>
   <trkpt lat="48.3888240" lon="15.7150300">
    <ele>259.2</ele>
    <time>2024-06-08T17:03:36Z</time>
    <extensions>
     <gpxtpx:TrackPointExtension>
      <gpxtpx:atemp>25</gpxtpx:atemp>
     </gpxtpx:TrackPointExtension>
    </extensions>
   </trkpt>
   <trkpt lat="48.3890040" lon="15.7144220">
    <ele>259.2</ele>
    <time>2024-06-08T17:03:45Z</time>
    <extensions>
     <gpxtpx:TrackPointExtension>
      <gpxtpx:atemp>25</gpxtpx:atemp>
     </gpxtpx:TrackPointExtension>
    </extensions>
   </trkpt>
   <trkpt lat="48.3891680" lon="15.7138490">
    <ele>259.2</ele>
    <time>2024-06-08T17:03:54Z</time>
    <extensions>
     <gpxtpx:TrackPointExtension>
      <gpxtpx:atemp>25</gpxtpx:atemp>
     </gpxtpx:TrackPointExtension>
    </extensions>
   </trkpt>
   <trkpt lat="48.3893120" lon="15.7133640">
    <ele>259.2</ele>
    <time>2024-06-08T17:04:02Z</time>
    <extensions>
     <gpxtpx:TrackPointExtension>
      <gpxtpx:atemp>25</gpxtpx:atemp>
     </gpxtpx:TrackPointExtension>
    </extensions>
   </trkpt>
   <trkpt lat="48.3893710" lon="15.7131740">
    <ele>259.2</ele>
    <time>2024-06-08T17:04:05Z</time>
    <extensions>
     <gpxtpx:TrackPointExtension>
      <gpxtpx:atemp>25</gpxtpx:atemp>
     </gpxtpx:TrackPointExtension>
    </extensions>
   </trkpt>
   <trkpt lat="48.3894820" lon="15.7127920">
    <ele>259.2</ele>
    <time>2024-06-08T17:04:11Z</time>
    <extensions>
     <gpxtpx:TrackPointExtension>
      <gpxtpx:atemp>25</gpxtpx:atemp>
     </gpxtpx:TrackPointExtension>
    </extensions>
   </trkpt>
   <trkpt lat="48.3896690" lon="15.7121370">
    <ele>259.4</ele>
    <time>2024-06-08T17:04:21Z</time>
    <extensions>
     <gpxtpx:TrackPointExtension>
      <gpxtpx:atemp>25</gpxtpx:atemp>
     </gpxtpx:TrackPointExtension>
    </extensions>
   </trkpt>
   <trkpt lat="48.3898440" lon="15.7113970">
    <ele>259.4</ele>
    <time>2024-06-08T17:04:32Z</time>
    <extensions>
     <gpxtpx:TrackPointExtension>
      <gpxtpx:atemp>25</gpxtpx:atemp>
     </gpxtpx:TrackPointExtension>
    </extensions>
   </trkpt>
   <trkpt lat="48.3898530" lon="15.7113310">
    <ele>259.4</ele>
    <time>2024-06-08T17:04:33Z</time>
    <extensions>
     <gpxtpx:TrackPointExtension>
      <gpxtpx:atemp>25</gpxtpx:atemp>
     </gpxtpx:TrackPointExtension>
    </extensions>
   </trkpt>
   <trkpt lat="48.3899260" lon="15.7108020">
    <ele>259.6</ele>
    <time>2024-06-08T17:04:41Z</time>
    <extensions>
     <gpxtpx:TrackPointExtension>
      <gpxtpx:atemp>25</gpxtpx:atemp>
     </gpxtpx:TrackPointExtension>
    </extensions>
   </trkpt>
   <trkpt lat="48.3899750" lon="15.7101840">
    <ele>259.6</ele>
    <time>2024-06-08T17:04:50Z</time>
    <extensions>
     <gpxtpx:TrackPointExtension>
      <gpxtpx:atemp>25</gpxtpx:atemp>
     </gpxtpx:TrackPointExtension>
    </extensions>
   </trkpt>
   <trkpt lat="48.3899920" lon="15.7097080">
    <ele>259.6</ele>
    <time>2024-06-08T17:04:57Z</time>
    <extensions>
     <gpxtpx:TrackPointExtension>
      <gpxtpx:atemp>25</gpxtpx:atemp>
     </gpxtpx:TrackPointExtension>
    </extensions>
   </trkpt>
   <trkpt lat="48.3899820" lon="15.7091300">
    <ele>259.6</ele>
    <time>2024-06-08T17:05:05Z</time>
    <extensions>
     <gpxtpx:TrackPointExtension>
      <gpxtpx:atemp>25</gpxtpx:atemp>
     </gpxtpx:TrackPointExtension>
    </extensions>
   </trkpt>
   <trkpt lat="48.3899570" lon="15.7085480">
    <ele>259.4</ele>
    <time>2024-06-08T17:05:14Z</time>
    <extensions>
     <gpxtpx:TrackPointExtension>
      <gpxtpx:atemp>25</gpxtpx:atemp>
     </gpxtpx:TrackPointExtension>
    </extensions>
   </trkpt>
   <trkpt lat="48.3899480" lon="15.7079110">
    <ele>259.4</ele>
    <time>2024-06-08T17:05:23Z</time>
    <extensions>
     <gpxtpx:TrackPointExtension>
      <gpxtpx:atemp>25</gpxtpx:atemp>
     </gpxtpx:TrackPointExtension>
    </extensions>
   </trkpt>
   <trkpt lat="48.3899780" lon="15.7077760">
    <ele>259.6</ele>
    <time>2024-06-08T17:05:25Z</time>
    <extensions>
     <gpxtpx:TrackPointExtension>
      <gpxtpx:atemp>25</gpxtpx:atemp>
     </gpxtpx:TrackPointExtension>
    </extensions>
   </trkpt>
   <trkpt lat="48.3900330" lon="15.7075850">
    <ele>259.6</ele>
    <time>2024-06-08T17:05:28Z</time>
    <extensions>
     <gpxtpx:TrackPointExtension>
      <gpxtpx:atemp>25</gpxtpx:atemp>
     </gpxtpx:TrackPointExtension>
    </extensions>
   </trkpt>
   <trkpt lat="48.3900650" lon="15.7074570">
    <ele>259.6</ele>
    <time>2024-06-08T17:05:30Z</time>
    <extensions>
     <gpxtpx:TrackPointExtension>
      <gpxtpx:atemp>25</gpxtpx:atemp>
     </gpxtpx:TrackPointExtension>
    </extensions>
   </trkpt>
   <trkpt lat="48.3900850" lon="15.7073190">
    <ele>259.6</ele>
    <time>2024-06-08T17:05:32Z</time>
    <extensions>
     <gpxtpx:TrackPointExtension>
      <gpxtpx:atemp>25</gpxtpx:atemp>
     </gpxtpx:TrackPointExtension>
    </extensions>
   </trkpt>
   <trkpt lat="48.3900890" lon="15.7071800">
    <ele>259.6</ele>
    <time>2024-06-08T17:05:34Z</time>
    <extensions>
     <gpxtpx:TrackPointExtension>
      <gpxtpx:atemp>25</gpxtpx:atemp>
     </gpxtpx:TrackPointExtension>
    </extensions>
   </trkpt>
   <trkpt lat="48.3900820" lon="15.7070450">
    <ele>259.6</ele>
    <time>2024-06-08T17:05:36Z</time>
    <extensions>
     <gpxtpx:TrackPointExtension>
      <gpxtpx:atemp>25</gpxtpx:atemp>
     </gpxtpx:TrackPointExtension>
    </extensions>
   </trkpt>
   <trkpt lat="48.3900530" lon="15.7069150">
    <ele>259.6</ele>
    <time>2024-06-08T17:05:38Z</time>
    <extensions>
     <gpxtpx:TrackPointExtension>
      <gpxtpx:atemp>25</gpxtpx:atemp>
     </gpxtpx:TrackPointExtension>
    </extensions>
   </trkpt>
   <trkpt lat="48.3900290" lon="15.7068550">
    <ele>259.6</ele>
    <time>2024-06-08T17:05:39Z</time>
    <extensions>
     <gpxtpx:TrackPointExtension>
      <gpxtpx:atemp>25</gpxtpx:atemp>
     </gpxtpx:TrackPointExtension>
    </extensions>
   </trkpt>
   <trkpt lat="48.3899240" lon="15.7065500">
    <ele>259.4</ele>
    <time>2024-06-08T17:05:44Z</time>
    <extensions>
     <gpxtpx:TrackPointExtension>
      <gpxtpx:atemp>25</gpxtpx:atemp>
     </gpxtpx:TrackPointExtension>
    </extensions>
   </trkpt>
   <trkpt lat="48.3899070" lon="15.7064230">
    <ele>259.4</ele>
    <time>2024-06-08T17:05:46Z</time>
    <extensions>
     <gpxtpx:TrackPointExtension>
      <gpxtpx:atemp>25</gpxtpx:atemp>
     </gpxtpx:TrackPointExtension>
    </extensions>
   </trkpt>
   <trkpt lat="48.3898990" lon="15.7058630">
    <ele>259.4</ele>
    <time>2024-06-08T17:05:54Z</time>
    <extensions>
     <gpxtpx:TrackPointExtension>
      <gpxtpx:atemp>25</gpxtpx:atemp>
     </gpxtpx:TrackPointExtension>
    </extensions>
   </trkpt>
   <trkpt lat="48.3898870" lon="15.7051680">
    <ele>259.4</ele>
    <time>2024-06-08T17:06:04Z</time>
    <extensions>
     <gpxtpx:TrackPointExtension>
      <gpxtpx:atemp>25</gpxtpx:atemp>
     </gpxtpx:TrackPointExtension>
    </extensions>
   </trkpt>
   <trkpt lat="48.3898740" lon="15.7045620">
    <ele>259.4</ele>
    <time>2024-06-08T17:06:13Z</time>
    <extensions>
     <gpxtpx:TrackPointExtension>
      <gpxtpx:atemp>25</gpxtpx:atemp>
     </gpxtpx:TrackPointExtension>
    </extensions>
   </trkpt>
   <trkpt lat="48.3898650" lon="15.7039060">
    <ele>259.4</ele>
    <time>2024-06-08T17:06:22Z</time>
    <extensions>
     <gpxtpx:TrackPointExtension>
      <gpxtpx:atemp>25</gpxtpx:atemp>
     </gpxtpx:TrackPointExtension>
    </extensions>
   </trkpt>
   <trkpt lat="48.3898510" lon="15.7031460">
    <ele>259.6</ele>
    <time>2024-06-08T17:06:33Z</time>
    <extensions>
     <gpxtpx:TrackPointExtension>
      <gpxtpx:atemp>24</gpxtpx:atemp>
     </gpxtpx:TrackPointExtension>
    </extensions>
   </trkpt>
   <trkpt lat="48.3898440" lon="15.7025120">
    <ele>259.6</ele>
    <time>2024-06-08T17:06:42Z</time>
    <extensions>
     <gpxtpx:TrackPointExtension>
      <gpxtpx:atemp>24</gpxtpx:atemp>
     </gpxtpx:TrackPointExtension>
    </extensions>
   </trkpt>
   <trkpt lat="48.3898310" lon="15.7016740">
    <ele>259.8</ele>
    <time>2024-06-08T17:06:54Z</time>
    <extensions>
     <gpxtpx:TrackPointExtension>
      <gpxtpx:atemp>24</gpxtpx:atemp>
     </gpxtpx:TrackPointExtension>
    </extensions>
   </trkpt>
   <trkpt lat="48.3898300" lon="15.7016020">
    <ele>259.8</ele>
    <time>2024-06-08T17:06:55Z</time>
    <extensions>
     <gpxtpx:TrackPointExtension>
      <gpxtpx:atemp>24</gpxtpx:atemp>
     </gpxtpx:TrackPointExtension>
    </extensions>
   </trkpt>
   <trkpt lat="48.3898070" lon="15.7008730">
    <ele>259.8</ele>
    <time>2024-06-08T17:07:05Z</time>
    <extensions>
     <gpxtpx:TrackPointExtension>
      <gpxtpx:atemp>24</gpxtpx:atemp>
     </gpxtpx:TrackPointExtension>
    </extensions>
   </trkpt>
   <trkpt lat="48.3897880" lon="15.7001440">
    <ele>259.8</ele>
    <time>2024-06-08T17:07:15Z</time>
    <extensions>
     <gpxtpx:TrackPointExtension>
      <gpxtpx:atemp>24</gpxtpx:atemp>
     </gpxtpx:TrackPointExtension>
    </extensions>
   </trkpt>
   <trkpt lat="48.3897740" lon="15.6993210">
    <ele>259.8</ele>
    <time>2024-06-08T17:07:26Z</time>
    <extensions>
     <gpxtpx:TrackPointExtension>
      <gpxtpx:atemp>24</gpxtpx:atemp>
     </gpxtpx:TrackPointExtension>
    </extensions>
   </trkpt>
   <trkpt lat="48.3897610" lon="15.6985250">
    <ele>259.8</ele>
    <time>2024-06-08T17:07:37Z</time>
    <extensions>
     <gpxtpx:TrackPointExtension>
      <gpxtpx:atemp>24</gpxtpx:atemp>
     </gpxtpx:TrackPointExtension>
    </extensions>
   </trkpt>
   <trkpt lat="48.3897490" lon="15.6978780">
    <ele>259.8</ele>
    <time>2024-06-08T17:07:46Z</time>
    <extensions>
     <gpxtpx:TrackPointExtension>
      <gpxtpx:atemp>24</gpxtpx:atemp>
     </gpxtpx:TrackPointExtension>
    </extensions>
   </trkpt>
   <trkpt lat="48.3897380" lon="15.6972370">
    <ele>259.8</ele>
    <time>2024-06-08T17:07:55Z</time>
    <extensions>
     <gpxtpx:TrackPointExtension>
      <gpxtpx:atemp>24</gpxtpx:atemp>
     </gpxtpx:TrackPointExtension>
    </extensions>
   </trkpt>
   <trkpt lat="48.3897270" lon="15.6965220">
    <ele>259.6</ele>
    <time>2024-06-08T17:08:05Z</time>
    <extensions>
     <gpxtpx:TrackPointExtension>
      <gpxtpx:atemp>24</gpxtpx:atemp>
     </gpxtpx:TrackPointExtension>
    </extensions>
   </trkpt>
   <trkpt lat="48.3897090" lon="15.6957590">
    <ele>259.8</ele>
    <time>2024-06-08T17:08:16Z</time>
    <extensions>
     <gpxtpx:TrackPointExtension>
      <gpxtpx:atemp>24</gpxtpx:atemp>
     </gpxtpx:TrackPointExtension>
    </extensions>
   </trkpt>
   <trkpt lat="48.3896430" lon="15.6952150">
    <ele>259.8</ele>
    <time>2024-06-08T17:08:24Z</time>
    <extensions>
     <gpxtpx:TrackPointExtension>
      <gpxtpx:atemp>24</gpxtpx:atemp>
     </gpxtpx:TrackPointExtension>
    </extensions>
   </trkpt>
   <trkpt lat="48.3895250" lon="15.6947770">
    <ele>259.6</ele>
    <time>2024-06-08T17:08:32Z</time>
    <extensions>
     <gpxtpx:TrackPointExtension>
      <gpxtpx:atemp>24</gpxtpx:atemp>
     </gpxtpx:TrackPointExtension>
    </extensions>
   </trkpt>
   <trkpt lat="48.3894390" lon="15.6945120">
    <ele>259.0</ele>
    <time>2024-06-08T17:08:38Z</time>
    <extensions>
     <gpxtpx:TrackPointExtension>
      <gpxtpx:atemp>24</gpxtpx:atemp>
     </gpxtpx:TrackPointExtension>
    </extensions>
   </trkpt>
   <trkpt lat="48.3892850" lon="15.6941390">
    <ele>259.0</ele>
    <time>2024-06-08T17:08:46Z</time>
    <extensions>
     <gpxtpx:TrackPointExtension>
      <gpxtpx:atemp>24</gpxtpx:atemp>
     </gpxtpx:TrackPointExtension>
    </extensions>
   </trkpt>
   <trkpt lat="48.3890860" lon="15.6939380">
    <ele>259.2</ele>
    <time>2024-06-08T17:08:52Z</time>
    <extensions>
     <gpxtpx:TrackPointExtension>
      <gpxtpx:atemp>24</gpxtpx:atemp>
     </gpxtpx:TrackPointExtension>
    </extensions>
   </trkpt>
   <trkpt lat="48.3887520" lon="15.6937790">
    <ele>259.2</ele>
    <time>2024-06-08T17:09:00Z</time>
    <extensions>
     <gpxtpx:TrackPointExtension>
      <gpxtpx:atemp>25</gpxtpx:atemp>
     </gpxtpx:TrackPointExtension>
    </extensions>
   </trkpt>
   <trkpt lat="48.3886830" lon="15.6937020">
    <ele>259.0</ele>
    <time>2024-06-08T17:09:02Z</time>
    <extensions>
     <gpxtpx:TrackPointExtension>
      <gpxtpx:atemp>25</gpxtpx:atemp>
     </gpxtpx:TrackPointExtension>
    </extensions>
   </trkpt>
   <trkpt lat="48.3886050" lon="15.6935750">
    <ele>259.0</ele>
    <time>2024-06-08T17:09:05Z</time>
    <extensions>
     <gpxtpx:TrackPointExtension>
      <gpxtpx:atemp>25</gpxtpx:atemp>
     </gpxtpx:TrackPointExtension>
    </extensions>
   </trkpt>
   <trkpt lat="48.3884920" lon="15.6934250">
    <ele>259.0</ele>
    <time>2024-06-08T17:09:10Z</time>
    <extensions>
     <gpxtpx:TrackPointExtension>
      <gpxtpx:atemp>25</gpxtpx:atemp>
     </gpxtpx:TrackPointExtension>
    </extensions>
   </trkpt>
   <trkpt lat="48.3884900" lon="15.6934220">
    <ele>259.0</ele>
    <time>2024-06-08T17:09:12Z</time>
    <extensions>
     <gpxtpx:TrackPointExtension>
      <gpxtpx:atemp>25</gpxtpx:atemp>
     </gpxtpx:TrackPointExtension>
    </extensions>
   </trkpt>
   <trkpt lat="48.3885380" lon="15.6934250">
    <ele>260.0</ele>
    <time>2024-06-08T17:10:35Z</time>
    <extensions>
     <gpxtpx:TrackPointExtension>
      <gpxtpx:atemp>25</gpxtpx:atemp>
     </gpxtpx:TrackPointExtension>
    </extensions>
   </trkpt>
   <trkpt lat="48.3885800" lon="15.6934070">
    <ele>260.0</ele>
    <time>2024-06-08T17:10:37Z</time>
    <extensions>
     <gpxtpx:TrackPointExtension>
      <gpxtpx:atemp>25</gpxtpx:atemp>
     </gpxtpx:TrackPointExtension>
    </extensions>
   </trkpt>
   <trkpt lat="48.3886240" lon="15.6933310">
    <ele>260.0</ele>
    <time>2024-06-08T17:10:39Z</time>
    <extensions>
     <gpxtpx:TrackPointExtension>
      <gpxtpx:atemp>25</gpxtpx:atemp>
     </gpxtpx:TrackPointExtension>
    </extensions>
   </trkpt>
   <trkpt lat="48.3887340" lon="15.6929930">
    <ele>259.8</ele>
    <time>2024-06-08T17:10:44Z</time>
    <extensions>
     <gpxtpx:TrackPointExtension>
      <gpxtpx:atemp>25</gpxtpx:atemp>
     </gpxtpx:TrackPointExtension>
    </extensions>
   </trkpt>
   <trkpt lat="48.3888590" lon="15.6924140">
    <ele>259.0</ele>
    <time>2024-06-08T17:10:50Z</time>
    <extensions>
     <gpxtpx:TrackPointExtension>
      <gpxtpx:atemp>25</gpxtpx:atemp>
     </gpxtpx:TrackPointExtension>
    </extensions>
   </trkpt>
   <trkpt lat="48.3888920" lon="15.6923190">
    <ele>258.8</ele>
    <time>2024-06-08T17:10:51Z</time>
    <extensions>
     <gpxtpx:TrackPointExtension>
      <gpxtpx:atemp>25</gpxtpx:atemp>
     </gpxtpx:TrackPointExtension>
    </extensions>
   </trkpt>
   <trkpt lat="48.3889700" lon="15.6921500">
    <ele>258.4</ele>
    <time>2024-06-08T17:10:53Z</time>
    <extensions>
     <gpxtpx:TrackPointExtension>
      <gpxtpx:atemp>25</gpxtpx:atemp>
     </gpxtpx:TrackPointExtension>
    </extensions>
   </trkpt>
   <trkpt lat="48.3890180" lon="15.6920830">
    <ele>258.2</ele>
    <time>2024-06-08T17:10:54Z</time>
    <extensions>
     <gpxtpx:TrackPointExtension>
      <gpxtpx:atemp>25</gpxtpx:atemp>
     </gpxtpx:TrackPointExtension>
    </extensions>
   </trkpt>
   <trkpt lat="48.3891330" lon="15.6919740">
    <ele>257.0</ele>
    <time>2024-06-08T17:10:56Z</time>
    <extensions>
     <gpxtpx:TrackPointExtension>
      <gpxtpx:atemp>25</gpxtpx:atemp>
     </gpxtpx:TrackPointExtension>
    </extensions>
   </trkpt>
   <trkpt lat="48.3891850" lon="15.6919400">
    <ele>256.8</ele>
    <time>2024-06-08T17:10:57Z</time>
    <extensions>
     <gpxtpx:TrackPointExtension>
      <gpxtpx:atemp>25</gpxtpx:atemp>
     </gpxtpx:TrackPointExtension>
    </extensions>
   </trkpt>
   <trkpt lat="48.3892310" lon="15.6919120">
    <ele>256.4</ele>
    <time>2024-06-08T17:10:58Z</time>
    <extensions>
     <gpxtpx:TrackPointExtension>
      <gpxtpx:atemp>25</gpxtpx:atemp>
     </gpxtpx:TrackPointExtension>
    </extensions>
   </trkpt>
   <trkpt lat="48.3892870" lon="15.6918880">
    <ele>256.2</ele>
    <time>2024-06-08T17:10:59Z</time>
    <extensions>
     <gpxtpx:TrackPointExtension>
      <gpxtpx:atemp>25</gpxtpx:atemp>
     </gpxtpx:TrackPointExtension>
    </extensions>
   </trkpt>
   <trkpt lat="48.3895630" lon="15.6917720">
    <ele>256.2</ele>
    <time>2024-06-08T17:11:04Z</time>
    <extensions>
     <gpxtpx:TrackPointExtension>
      <gpxtpx:atemp>25</gpxtpx:atemp>
     </gpxtpx:TrackPointExtension>
    </extensions>
   </trkpt>
   <trkpt lat="48.3899280" lon="15.6916200">
    <ele>256.0</ele>
    <time>2024-06-08T17:11:11Z</time>
    <extensions>
     <gpxtpx:TrackPointExtension>
      <gpxtpx:atemp>25</gpxtpx:atemp>
     </gpxtpx:TrackPointExtension>
    </extensions>
   </trkpt>
   <trkpt lat="48.3902400" lon="15.6915580">
    <ele>256.4</ele>
    <time>2024-06-08T17:11:18Z</time>
    <extensions>
     <gpxtpx:TrackPointExtension>
      <gpxtpx:atemp>24</gpxtpx:atemp>
     </gpxtpx:TrackPointExtension>
    </extensions>
   </trkpt>
   <trkpt lat="48.3904650" lon="15.6915340">
    <ele>256.4</ele>
    <time>2024-06-08T17:11:24Z</time>
    <extensions>
     <gpxtpx:TrackPointExtension>
      <gpxtpx:atemp>24</gpxtpx:atemp>
     </gpxtpx:TrackPointExtension>
    </extensions>
   </trkpt>
   <trkpt lat="48.3907370" lon="15.6915010">
    <ele>256.8</ele>
    <time>2024-06-08T17:11:31Z</time>
    <extensions>
     <gpxtpx:TrackPointExtension>
      <gpxtpx:atemp>24</gpxtpx:atemp>
     </gpxtpx:TrackPointExtension>
    </extensions>
   </trkpt>
   <trkpt lat="48.3910230" lon="15.6914120">
    <ele>257.2</ele>
    <time>2024-06-08T17:11:36Z</time>
    <extensions>
     <gpxtpx:TrackPointExtension>
      <gpxtpx:atemp>24</gpxtpx:atemp>
     </gpxtpx:TrackPointExtension>
    </extensions>
   </trkpt>
   <trkpt lat="48.3913950" lon="15.6913270">
    <ele>257.2</ele>
    <time>2024-06-08T17:11:43Z</time>
    <extensions>
     <gpxtpx:TrackPointExtension>
      <gpxtpx:atemp>24</gpxtpx:atemp>
     </gpxtpx:TrackPointExtension>
    </extensions>
   </trkpt>
   <trkpt lat="48.3915600" lon="15.6913000">
    <ele>257.4</ele>
    <time>2024-06-08T17:11:46Z</time>
    <extensions>
     <gpxtpx:TrackPointExtension>
      <gpxtpx:atemp>24</gpxtpx:atemp>
     </gpxtpx:TrackPointExtension>
    </extensions>
   </trkpt>
   <trkpt lat="48.3916510" lon="15.6912640">
    <ele>257.4</ele>
    <time>2024-06-08T17:11:48Z</time>
    <extensions>
     <gpxtpx:TrackPointExtension>
      <gpxtpx:atemp>24</gpxtpx:atemp>
     </gpxtpx:TrackPointExtension>
    </extensions>
   </trkpt>
   <trkpt lat="48.3916910" lon="15.6912220">
    <ele>257.4</ele>
    <time>2024-06-08T17:11:49Z</time>
    <extensions>
     <gpxtpx:TrackPointExtension>
      <gpxtpx:atemp>24</gpxtpx:atemp>
     </gpxtpx:TrackPointExtension>
    </extensions>
   </trkpt>
   <trkpt lat="48.3917260" lon="15.6911620">
    <ele>257.4</ele>
    <time>2024-06-08T17:11:50Z</time>
    <extensions>
     <gpxtpx:TrackPointExtension>
      <gpxtpx:atemp>24</gpxtpx:atemp>
     </gpxtpx:TrackPointExtension>
    </extensions>
   </trkpt>
   <trkpt lat="48.3917830" lon="15.6909560">
    <ele>257.4</ele>
    <time>2024-06-08T17:11:53Z</time>
    <extensions>
     <gpxtpx:TrackPointExtension>
      <gpxtpx:atemp>24</gpxtpx:atemp>
     </gpxtpx:TrackPointExtension>
    </extensions>
   </trkpt>
   <trkpt lat="48.3919240" lon="15.6905440">
    <ele>257.4</ele>
    <time>2024-06-08T17:12:00Z</time>
    <extensions>
     <gpxtpx:TrackPointExtension>
      <gpxtpx:atemp>24</gpxtpx:atemp>
     </gpxtpx:TrackPointExtension>
    </extensions>
   </trkpt>
   <trkpt lat="48.3920780" lon="15.6901630">
    <ele>257.2</ele>
    <time>2024-06-08T17:12:06Z</time>
    <extensions>
     <gpxtpx:TrackPointExtension>
      <gpxtpx:atemp>24</gpxtpx:atemp>
     </gpxtpx:TrackPointExtension>
    </extensions>
   </trkpt>
   <trkpt lat="48.3921030" lon="15.6900320">
    <ele>257.2</ele>
    <time>2024-06-08T17:12:08Z</time>
    <extensions>
     <gpxtpx:TrackPointExtension>
      <gpxtpx:atemp>24</gpxtpx:atemp>
     </gpxtpx:TrackPointExtension>
    </extensions>
   </trkpt>
   <trkpt lat="48.3921730" lon="15.6897630">
    <ele>257.2</ele>
    <time>2024-06-08T17:12:12Z</time>
    <extensions>
     <gpxtpx:TrackPointExtension>
      <gpxtpx:atemp>24</gpxtpx:atemp>
     </gpxtpx:TrackPointExtension>
    </extensions>
   </trkpt>
   <trkpt lat="48.3922450" lon="15.6894920">
    <ele>257.2</ele>
    <time>2024-06-08T17:12:16Z</time>
    <extensions>
     <gpxtpx:TrackPointExtension>
      <gpxtpx:atemp>24</gpxtpx:atemp>
     </gpxtpx:TrackPointExtension>
    </extensions>
   </trkpt>
   <trkpt lat="48.3923070" lon="15.6893670">
    <ele>257.2</ele>
    <time>2024-06-08T17:12:18Z</time>
    <extensions>
     <gpxtpx:TrackPointExtension>
      <gpxtpx:atemp>24</gpxtpx:atemp>
     </gpxtpx:TrackPointExtension>
    </extensions>
   </trkpt>
   <trkpt lat="48.3923430" lon="15.6893130">
    <ele>257.2</ele>
    <time>2024-06-08T17:12:19Z</time>
    <extensions>
     <gpxtpx:TrackPointExtension>
      <gpxtpx:atemp>24</gpxtpx:atemp>
     </gpxtpx:TrackPointExtension>
    </extensions>
   </trkpt>
   <trkpt lat="48.3924880" lon="15.6891660">
    <ele>256.8</ele>
    <time>2024-06-08T17:12:22Z</time>
    <extensions>
     <gpxtpx:TrackPointExtension>
      <gpxtpx:atemp>24</gpxtpx:atemp>
     </gpxtpx:TrackPointExtension>
    </extensions>
   </trkpt>
   <trkpt lat="48.3925880" lon="15.6891260">
    <ele>256.4</ele>
    <time>2024-06-08T17:12:24Z</time>
    <extensions>
     <gpxtpx:TrackPointExtension>
      <gpxtpx:atemp>24</gpxtpx:atemp>
     </gpxtpx:TrackPointExtension>
    </extensions>
   </trkpt>
   <trkpt lat="48.3926670" lon="15.6891130">
    <ele>256.0</ele>
    <time>2024-06-08T17:12:26Z</time>
    <extensions>
     <gpxtpx:TrackPointExtension>
      <gpxtpx:atemp>24</gpxtpx:atemp>
     </gpxtpx:TrackPointExtension>
    </extensions>
   </trkpt>
   <trkpt lat="48.3929160" lon="15.6891720">
    <ele>255.8</ele>
    <time>2024-06-08T17:12:33Z</time>
    <extensions>
     <gpxtpx:TrackPointExtension>
      <gpxtpx:atemp>24</gpxtpx:atemp>
     </gpxtpx:TrackPointExtension>
    </extensions>
   </trkpt>
   <trkpt lat="48.3930190" lon="15.6892160">
    <ele>256.4</ele>
    <time>2024-06-08T17:12:38Z</time>
    <extensions>
     <gpxtpx:TrackPointExtension>
      <gpxtpx:atemp>24</gpxtpx:atemp>
     </gpxtpx:TrackPointExtension>
    </extensions>
   </trkpt>
   <trkpt lat="48.3931440" lon="15.6892350">
    <ele>257.4</ele>
    <time>2024-06-08T17:12:42Z</time>
    <extensions>
     <gpxtpx:TrackPointExtension>
      <gpxtpx:atemp>24</gpxtpx:atemp>
     </gpxtpx:TrackPointExtension>
    </extensions>
   </trkpt>
   <trkpt lat="48.3932640" lon="15.6892550">
    <ele>258.6</ele>
    <time>2024-06-08T17:12:46Z</time>
    <extensions>
     <gpxtpx:TrackPointExtension>
      <gpxtpx:atemp>24</gpxtpx:atemp>
     </gpxtpx:TrackPointExtension>
    </extensions>
   </trkpt>
   <trkpt lat="48.3933650" lon="15.6892800">
    <ele>259.6</ele>
    <time>2024-06-08T17:12:50Z</time>
    <extensions>
     <gpxtpx:TrackPointExtension>
      <gpxtpx:atemp>24</gpxtpx:atemp>
     </gpxtpx:TrackPointExtension>
    </extensions>
   </trkpt>
   <trkpt lat="48.3934130" lon="15.6892940">
    <ele>260.0</ele>
    <time>2024-06-08T17:12:52Z</time>
    <extensions>
     <gpxtpx:TrackPointExtension>
      <gpxtpx:atemp>24</gpxtpx:atemp>
     </gpxtpx:TrackPointExtension>
    </extensions>
   </trkpt>
   <trkpt lat="48.3936030" lon="15.6893160">
    <ele>260.2</ele>
    <time>2024-06-08T17:13:01Z</time>
    <extensions>
     <gpxtpx:TrackPointExtension>
      <gpxtpx:atemp>24</gpxtpx:atemp>
     </gpxtpx:TrackPointExtension>
    </extensions>
   </trkpt>
   <trkpt lat="48.3936700" lon="15.6892780">
    <ele>260.2</ele>
    <time>2024-06-08T17:13:03Z</time>
    <extensions>
     <gpxtpx:TrackPointExtension>
      <gpxtpx:atemp>24</gpxtpx:atemp>
     </gpxtpx:TrackPointExtension>
    </extensions>
   </trkpt>
   <trkpt lat="48.3937230" lon="15.6891800">
    <ele>260.2</ele>
    <time>2024-06-08T17:13:05Z</time>
    <extensions>
     <gpxtpx:TrackPointExtension>
      <gpxtpx:atemp>24</gpxtpx:atemp>
     </gpxtpx:TrackPointExtension>
    </extensions>
   </trkpt>
   <trkpt lat="48.3937910" lon="15.6888190">
    <ele>260.0</ele>
    <time>2024-06-08T17:13:10Z</time>
    <extensions>
     <gpxtpx:TrackPointExtension>
      <gpxtpx:atemp>24</gpxtpx:atemp>
     </gpxtpx:TrackPointExtension>
    </extensions>
   </trkpt>
   <trkpt lat="48.3938530" lon="15.6882400">
    <ele>258.8</ele>
    <time>2024-06-08T17:13:17Z</time>
    <extensions>
     <gpxtpx:TrackPointExtension>
      <gpxtpx:atemp>24</gpxtpx:atemp>
     </gpxtpx:TrackPointExtension>
    </extensions>
   </trkpt>
   <trkpt lat="48.3938990" lon="15.6877570">
    <ele>257.8</ele>
    <time>2024-06-08T17:13:23Z</time>
    <extensions>
     <gpxtpx:TrackPointExtension>
      <gpxtpx:atemp>24</gpxtpx:atemp>
     </gpxtpx:TrackPointExtension>
    </extensions>
   </trkpt>
   <trkpt lat="48.3939360" lon="15.6873690">
    <ele>257.6</ele>
    <time>2024-06-08T17:13:28Z</time>
    <extensions>
     <gpxtpx:TrackPointExtension>
      <gpxtpx:atemp>24</gpxtpx:atemp>
     </gpxtpx:TrackPointExtension>
    </extensions>
   </trkpt>
   <trkpt lat="48.3939800" lon="15.6866290">
    <ele>257.8</ele>
    <time>2024-06-08T17:13:37Z</time>
    <extensions>
     <gpxtpx:TrackPointExtension>
      <gpxtpx:atemp>24</gpxtpx:atemp>
     </gpxtpx:TrackPointExtension>
    </extensions>
   </trkpt>
   <trkpt lat="48.3939960" lon="15.6858930">
    <ele>258.0</ele>
    <time>2024-06-08T17:13:47Z</time>
    <extensions>
     <gpxtpx:TrackPointExtension>
      <gpxtpx:atemp>24</gpxtpx:atemp>
     </gpxtpx:TrackPointExtension>
    </extensions>
   </trkpt>
   <trkpt lat="48.3939800" lon="15.6853260">
    <ele>258.0</ele>
    <time>2024-06-08T17:13:55Z</time>
    <extensions>
     <gpxtpx:TrackPointExtension>
      <gpxtpx:atemp>24</gpxtpx:atemp>
     </gpxtpx:TrackPointExtension>
    </extensions>
   </trkpt>
   <trkpt lat="48.3939450" lon="15.6847120">
    <ele>258.0</ele>
    <time>2024-06-08T17:14:04Z</time>
    <extensions>
     <gpxtpx:TrackPointExtension>
      <gpxtpx:atemp>24</gpxtpx:atemp>
     </gpxtpx:TrackPointExtension>
    </extensions>
   </trkpt>
   <trkpt lat="48.3939100" lon="15.6843590">
    <ele>258.0</ele>
    <time>2024-06-08T17:14:09Z</time>
    <extensions>
     <gpxtpx:TrackPointExtension>
      <gpxtpx:atemp>24</gpxtpx:atemp>
     </gpxtpx:TrackPointExtension>
    </extensions>
   </trkpt>
   <trkpt lat="48.3938940" lon="15.6841560">
    <ele>258.0</ele>
    <time>2024-06-08T17:14:12Z</time>
    <extensions>
     <gpxtpx:TrackPointExtension>
      <gpxtpx:atemp>24</gpxtpx:atemp>
     </gpxtpx:TrackPointExtension>
    </extensions>
   </trkpt>
   <trkpt lat="48.3938680" lon="15.6839320">
    <ele>258.2</ele>
    <time>2024-06-08T17:14:15Z</time>
    <extensions>
     <gpxtpx:TrackPointExtension>
      <gpxtpx:atemp>24</gpxtpx:atemp>
     </gpxtpx:TrackPointExtension>
    </extensions>
   </trkpt>
   <trkpt lat="48.3938390" lon="15.6836410">
    <ele>258.2</ele>
    <time>2024-06-08T17:14:19Z</time>
    <extensions>
     <gpxtpx:TrackPointExtension>
      <gpxtpx:atemp>24</gpxtpx:atemp>
     </gpxtpx:TrackPointExtension>
    </extensions>
   </trkpt>
   <trkpt lat="48.3937980" lon="15.6831440">
    <ele>258.4</ele>
    <time>2024-06-08T17:14:26Z</time>
    <extensions>
     <gpxtpx:TrackPointExtension>
      <gpxtpx:atemp>24</gpxtpx:atemp>
     </gpxtpx:TrackPointExtension>
    </extensions>
   </trkpt>
   <trkpt lat="48.3937660" lon="15.6825390">
    <ele>258.2</ele>
    <time>2024-06-08T17:14:35Z</time>
    <extensions>
     <gpxtpx:TrackPointExtension>
      <gpxtpx:atemp>24</gpxtpx:atemp>
     </gpxtpx:TrackPointExtension>
    </extensions>
   </trkpt>
   <trkpt lat="48.3937490" lon="15.6818170">
    <ele>258.4</ele>
    <time>2024-06-08T17:14:45Z</time>
    <extensions>
     <gpxtpx:TrackPointExtension>
      <gpxtpx:atemp>24</gpxtpx:atemp>
     </gpxtpx:TrackPointExtension>
    </extensions>
   </trkpt>
   <trkpt lat="48.3937640" lon="15.6812270">
    <ele>258.2</ele>
    <time>2024-06-08T17:14:53Z</time>
    <extensions>
     <gpxtpx:TrackPointExtension>
      <gpxtpx:atemp>24</gpxtpx:atemp>
     </gpxtpx:TrackPointExtension>
    </extensions>
   </trkpt>
   <trkpt lat="48.3938040" lon="15.6806660">
    <ele>258.2</ele>
    <time>2024-06-08T17:15:01Z</time>
    <extensions>
     <gpxtpx:TrackPointExtension>
      <gpxtpx:atemp>24</gpxtpx:atemp>
     </gpxtpx:TrackPointExtension>
    </extensions>
   </trkpt>
   <trkpt lat="48.3938630" lon="15.6800330">
    <ele>258.2</ele>
    <time>2024-06-08T17:15:10Z</time>
    <extensions>
     <gpxtpx:TrackPointExtension>
      <gpxtpx:atemp>24</gpxtpx:atemp>
     </gpxtpx:TrackPointExtension>
    </extensions>
   </trkpt>
   <trkpt lat="48.3939370" lon="15.6795360">
    <ele>258.2</ele>
    <time>2024-06-08T17:15:17Z</time>
    <extensions>
     <gpxtpx:TrackPointExtension>
      <gpxtpx:atemp>24</gpxtpx:atemp>
     </gpxtpx:TrackPointExtension>
    </extensions>
   </trkpt>
   <trkpt lat="48.3940340" lon="15.6789960">
    <ele>258.4</ele>
    <time>2024-06-08T17:15:25Z</time>
    <extensions>
     <gpxtpx:TrackPointExtension>
      <gpxtpx:atemp>24</gpxtpx:atemp>
     </gpxtpx:TrackPointExtension>
    </extensions>
   </trkpt>
   <trkpt lat="48.3941800" lon="15.6783310">
    <ele>258.2</ele>
    <time>2024-06-08T17:15:35Z</time>
    <extensions>
     <gpxtpx:TrackPointExtension>
      <gpxtpx:atemp>24</gpxtpx:atemp>
     </gpxtpx:TrackPointExtension>
    </extensions>
   </trkpt>
   <trkpt lat="48.3943580" lon="15.6776480">
    <ele>258.2</ele>
    <time>2024-06-08T17:15:46Z</time>
    <extensions>
     <gpxtpx:TrackPointExtension>
      <gpxtpx:atemp>24</gpxtpx:atemp>
     </gpxtpx:TrackPointExtension>
    </extensions>
   </trkpt>
   <trkpt lat="48.3945530" lon="15.6770250">
    <ele>258.2</ele>
    <time>2024-06-08T17:15:56Z</time>
    <extensions>
     <gpxtpx:TrackPointExtension>
      <gpxtpx:atemp>24</gpxtpx:atemp>
     </gpxtpx:TrackPointExtension>
    </extensions>
   </trkpt>
   <trkpt lat="48.3947760" lon="15.6764660">
    <ele>258.0</ele>
    <time>2024-06-08T17:16:05Z</time>
    <extensions>
     <gpxtpx:TrackPointExtension>
      <gpxtpx:atemp>24</gpxtpx:atemp>
     </gpxtpx:TrackPointExtension>
    </extensions>
   </trkpt>
   <trkpt lat="48.3950050" lon="15.6759540">
    <ele>258.0</ele>
    <time>2024-06-08T17:16:14Z</time>
    <extensions>
     <gpxtpx:TrackPointExtension>
      <gpxtpx:atemp>24</gpxtpx:atemp>
     </gpxtpx:TrackPointExtension>
    </extensions>
   </trkpt>
   <trkpt lat="48.3952800" lon="15.6753730">
    <ele>258.0</ele>
    <time>2024-06-08T17:16:24Z</time>
    <extensions>
     <gpxtpx:TrackPointExtension>
      <gpxtpx:atemp>24</gpxtpx:atemp>
     </gpxtpx:TrackPointExtension>
    </extensions>
   </trkpt>
   <trkpt lat="48.3954780" lon="15.6749280">
    <ele>257.8</ele>
    <time>2024-06-08T17:16:32Z</time>
    <extensions>
     <gpxtpx:TrackPointExtension>
      <gpxtpx:atemp>24</gpxtpx:atemp>
     </gpxtpx:TrackPointExtension>
    </extensions>
   </trkpt>
   <trkpt lat="48.3956860" lon="15.6744860">
    <ele>257.8</ele>
    <time>2024-06-08T17:16:40Z</time>
    <extensions>
     <gpxtpx:TrackPointExtension>
      <gpxtpx:atemp>24</gpxtpx:atemp>
     </gpxtpx:TrackPointExtension>
    </extensions>
   </trkpt>
   <trkpt lat="48.3958730" lon="15.6741020">
    <ele>257.8</ele>
    <time>2024-06-08T17:16:47Z</time>
    <extensions>
     <gpxtpx:TrackPointExtension>
      <gpxtpx:atemp>24</gpxtpx:atemp>
     </gpxtpx:TrackPointExtension>
    </extensions>
   </trkpt>
   <trkpt lat="48.3961630" lon="15.6735000">
    <ele>257.8</ele>
    <time>2024-06-08T17:16:58Z</time>
    <extensions>
     <gpxtpx:TrackPointExtension>
      <gpxtpx:atemp>24</gpxtpx:atemp>
     </gpxtpx:TrackPointExtension>
    </extensions>
   </trkpt>
   <trkpt lat="48.3963620" lon="15.6730410">
    <ele>257.8</ele>
    <time>2024-06-08T17:17:07Z</time>
    <extensions>
     <gpxtpx:TrackPointExtension>
      <gpxtpx:atemp>24</gpxtpx:atemp>
     </gpxtpx:TrackPointExtension>
    </extensions>
   </trkpt>
   <trkpt lat="48.3965700" lon="15.6725480">
    <ele>257.8</ele>
    <time>2024-06-08T17:17:16Z</time>
    <extensions>
     <gpxtpx:TrackPointExtension>
      <gpxtpx:atemp>24</gpxtpx:atemp>
     </gpxtpx:TrackPointExtension>
    </extensions>
   </trkpt>
   <trkpt lat="48.3968360" lon="15.6718770">
    <ele>258.0</ele>
    <time>2024-06-08T17:17:27Z</time>
    <extensions>
     <gpxtpx:TrackPointExtension>
      <gpxtpx:atemp>24</gpxtpx:atemp>
     </gpxtpx:TrackPointExtension>
    </extensions>
   </trkpt>
   <trkpt lat="48.3969900" lon="15.6713900">
    <ele>258.0</ele>
    <time>2024-06-08T17:17:35Z</time>
    <extensions>
     <gpxtpx:TrackPointExtension>
      <gpxtpx:atemp>24</gpxtpx:atemp>
     </gpxtpx:TrackPointExtension>
    </extensions>
   </trkpt>
   <trkpt lat="48.3970690" lon="15.6711230">
    <ele>258.2</ele>
    <time>2024-06-08T17:17:41Z</time>
    <extensions>
     <gpxtpx:TrackPointExtension>
      <gpxtpx:atemp>24</gpxtpx:atemp>
     </gpxtpx:TrackPointExtension>
    </extensions>
   </trkpt>
   <trkpt lat="48.3970870" lon="15.6710540">
    <ele>258.6</ele>
    <time>2024-06-08T17:17:44Z</time>
    <extensions>
     <gpxtpx:TrackPointExtension>
      <gpxtpx:atemp>24</gpxtpx:atemp>
     </gpxtpx:TrackPointExtension>
    </extensions>
   </trkpt>
   <trkpt lat="48.3970750" lon="15.6710190">
    <ele>259.0</ele>
    <time>2024-06-08T17:17:46Z</time>
    <extensions>
     <gpxtpx:TrackPointExtension>
      <gpxtpx:atemp>24</gpxtpx:atemp>
     </gpxtpx:TrackPointExtension>
    </extensions>
   </trkpt>
   <trkpt lat="48.3970310" lon="15.6709710">
    <ele>259.8</ele>
    <time>2024-06-08T17:17:49Z</time>
    <extensions>
     <gpxtpx:TrackPointExtension>
      <gpxtpx:atemp>24</gpxtpx:atemp>
     </gpxtpx:TrackPointExtension>
    </extensions>
   </trkpt>
   <trkpt lat="48.3969970" lon="15.6709480">
    <ele>260.2</ele>
    <time>2024-06-08T17:17:51Z</time>
    <extensions>
     <gpxtpx:TrackPointExtension>
      <gpxtpx:atemp>24</gpxtpx:atemp>
     </gpxtpx:TrackPointExtension>
    </extensions>
   </trkpt>
   <trkpt lat="48.3969700" lon="15.6709140">
    <ele>260.4</ele>
    <time>2024-06-08T17:17:53Z</time>
    <extensions>
     <gpxtpx:TrackPointExtension>
      <gpxtpx:atemp>24</gpxtpx:atemp>
     </gpxtpx:TrackPointExtension>
    </extensions>
   </trkpt>
   <trkpt lat="48.3969130" lon="15.6708780">
    <ele>260.6</ele>
    <time>2024-06-08T17:17:56Z</time>
    <extensions>
     <gpxtpx:TrackPointExtension>
      <gpxtpx:atemp>24</gpxtpx:atemp>
     </gpxtpx:TrackPointExtension>
    </extensions>
   </trkpt>
   <trkpt lat="48.3968910" lon="15.6708650">
    <ele>260.8</ele>
    <time>2024-06-08T17:17:57Z</time>
    <extensions>
     <gpxtpx:TrackPointExtension>
      <gpxtpx:atemp>24</gpxtpx:atemp>
     </gpxtpx:TrackPointExtension>
    </extensions>
   </trkpt>
   <trkpt lat="48.3967630" lon="15.6707770">
    <ele>261.0</ele>
    <time>2024-06-08T17:18:03Z</time>
    <extensions>
     <gpxtpx:TrackPointExtension>
      <gpxtpx:atemp>24</gpxtpx:atemp>
     </gpxtpx:TrackPointExtension>
    </extensions>
   </trkpt>
   <trkpt lat="48.3966360" lon="15.6706320">
    <ele>261.0</ele>
    <time>2024-06-08T17:18:10Z</time>
    <extensions>
     <gpxtpx:TrackPointExtension>
      <gpxtpx:atemp>24</gpxtpx:atemp>
     </gpxtpx:TrackPointExtension>
    </extensions>
   </trkpt>
   <trkpt lat="48.3966510" lon="15.6704140">
    <ele>261.0</ele>
    <time>2024-06-08T17:18:14Z</time>
    <extensions>
     <gpxtpx:TrackPointExtension>
      <gpxtpx:atemp>24</gpxtpx:atemp>
     </gpxtpx:TrackPointExtension>
    </extensions>
   </trkpt>
   <trkpt lat="48.3967680" lon="15.6699800">
    <ele>260.8</ele>
    <time>2024-06-08T17:18:19Z</time>
    <extensions>
     <gpxtpx:TrackPointExtension>
      <gpxtpx:atemp>24</gpxtpx:atemp>
     </gpxtpx:TrackPointExtension>
    </extensions>
   </trkpt>
   <trkpt lat="48.3968580" lon="15.6696550">
    <ele>259.6</ele>
    <time>2024-06-08T17:18:23Z</time>
    <extensions>
     <gpxtpx:TrackPointExtension>
      <gpxtpx:atemp>24</gpxtpx:atemp>
     </gpxtpx:TrackPointExtension>
    </extensions>
   </trkpt>
   <trkpt lat="48.3969200" lon="15.6694270">
    <ele>258.4</ele>
    <time>2024-06-08T17:18:26Z</time>
    <extensions>
     <gpxtpx:TrackPointExtension>
      <gpxtpx:atemp>24</gpxtpx:atemp>
     </gpxtpx:TrackPointExtension>
    </extensions>
   </trkpt>
   <trkpt lat="48.3971060" lon="15.6687100">
    <ele>258.2</ele>
    <time>2024-06-08T17:18:36Z</time>
    <extensions>
     <gpxtpx:TrackPointExtension>
      <gpxtpx:atemp>24</gpxtpx:atemp>
     </gpxtpx:TrackPointExtension>
    </extensions>
   </trkpt>
   <trkpt lat="48.3972360" lon="15.6682250">
    <ele>258.0</ele>
    <time>2024-06-08T17:18:43Z</time>
    <extensions>
     <gpxtpx:TrackPointExtension>
      <gpxtpx:atemp>24</gpxtpx:atemp>
     </gpxtpx:TrackPointExtension>
    </extensions>
   </trkpt>
   <trkpt lat="48.3974000" lon="15.6675350">
    <ele>258.2</ele>
    <time>2024-06-08T17:18:53Z</time>
    <extensions>
     <gpxtpx:TrackPointExtension>
      <gpxtpx:atemp>24</gpxtpx:atemp>
     </gpxtpx:TrackPointExtension>
    </extensions>
   </trkpt>
   <trkpt lat="48.3975590" lon="15.6668060">
    <ele>258.2</ele>
    <time>2024-06-08T17:19:04Z</time>
    <extensions>
     <gpxtpx:TrackPointExtension>
      <gpxtpx:atemp>24</gpxtpx:atemp>
     </gpxtpx:TrackPointExtension>
    </extensions>
   </trkpt>
   <trkpt lat="48.3976760" lon="15.6663100">
    <ele>258.4</ele>
    <time>2024-06-08T17:19:12Z</time>
    <extensions>
     <gpxtpx:TrackPointExtension>
      <gpxtpx:atemp>24</gpxtpx:atemp>
     </gpxtpx:TrackPointExtension>
    </extensions>
   </trkpt>
   <trkpt lat="48.3976930" lon="15.6662510">
    <ele>258.4</ele>
    <time>2024-06-08T17:19:13Z</time>
    <extensions>
     <gpxtpx:TrackPointExtension>
      <gpxtpx:atemp>24</gpxtpx:atemp>
     </gpxtpx:TrackPointExtension>
    </extensions>
   </trkpt>
   <trkpt lat="48.3977680" lon="15.6659440">
    <ele>258.4</ele>
    <time>2024-06-08T17:19:18Z</time>
    <extensions>
     <gpxtpx:TrackPointExtension>
      <gpxtpx:atemp>24</gpxtpx:atemp>
     </gpxtpx:TrackPointExtension>
    </extensions>
   </trkpt>
   <trkpt lat="48.3978940" lon="15.6654530">
    <ele>258.6</ele>
    <time>2024-06-08T17:19:26Z</time>
    <extensions>
     <gpxtpx:TrackPointExtension>
      <gpxtpx:atemp>24</gpxtpx:atemp>
     </gpxtpx:TrackPointExtension>
    </extensions>
   </trkpt>
   <trkpt lat="48.3979160" lon="15.6653310">
    <ele>258.6</ele>
    <time>2024-06-08T17:19:28Z</time>
    <extensions>
     <gpxtpx:TrackPointExtension>
      <gpxtpx:atemp>24</gpxtpx:atemp>
     </gpxtpx:TrackPointExtension>
    </extensions>
   </trkpt>
   <trkpt lat="48.3980010" lon="15.6649570">
    <ele>258.6</ele>
    <time>2024-06-08T17:19:34Z</time>
    <extensions>
     <gpxtpx:TrackPointExtension>
      <gpxtpx:atemp>24</gpxtpx:atemp>
     </gpxtpx:TrackPointExtension>
    </extensions>
   </trkpt>
   <trkpt lat="48.3980340" lon="15.6648300">
    <ele>258.8</ele>
    <time>2024-06-08T17:19:36Z</time>
    <extensions>
     <gpxtpx:TrackPointExtension>
      <gpxtpx:atemp>24</gpxtpx:atemp>
     </gpxtpx:TrackPointExtension>
    </extensions>
   </trkpt>
   <trkpt lat="48.3981260" lon="15.6644050">
    <ele>258.8</ele>
    <time>2024-06-08T17:19:43Z</time>
    <extensions>
     <gpxtpx:TrackPointExtension>
      <gpxtpx:atemp>24</gpxtpx:atemp>
     </gpxtpx:TrackPointExtension>
    </extensions>
   </trkpt>
   <trkpt lat="48.3982570" lon="15.6639560">
    <ele>259.0</ele>
    <time>2024-06-08T17:19:50Z</time>
    <extensions>
     <gpxtpx:TrackPointExtension>
      <gpxtpx:atemp>24</gpxtpx:atemp>
     </gpxtpx:TrackPointExtension>
    </extensions>
   </trkpt>
   <trkpt lat="48.3984480" lon="15.6633020">
    <ele>258.8</ele>
    <time>2024-06-08T17:20:00Z</time>
    <extensions>
     <gpxtpx:TrackPointExtension>
      <gpxtpx:atemp>24</gpxtpx:atemp>
     </gpxtpx:TrackPointExtension>
    </extensions>
   </trkpt>
   <trkpt lat="48.3985430" lon="15.6629710">
    <ele>258.8</ele>
    <time>2024-06-08T17:20:05Z</time>
    <extensions>
     <gpxtpx:TrackPointExtension>
      <gpxtpx:atemp>24</gpxtpx:atemp>
     </gpxtpx:TrackPointExtension>
    </extensions>
   </trkpt>
   <trkpt lat="48.3986680" lon="15.6626180">
    <ele>259.0</ele>
    <time>2024-06-08T17:20:11Z</time>
    <extensions>
     <gpxtpx:TrackPointExtension>
      <gpxtpx:atemp>24</gpxtpx:atemp>
     </gpxtpx:TrackPointExtension>
    </extensions>
   </trkpt>
   <trkpt lat="48.3988150" lon="15.6622490">
    <ele>259.2</ele>
    <time>2024-06-08T17:20:18Z</time>
    <extensions>
     <gpxtpx:TrackPointExtension>
      <gpxtpx:atemp>24</gpxtpx:atemp>
     </gpxtpx:TrackPointExtension>
    </extensions>
   </trkpt>
   <trkpt lat="48.3988780" lon="15.6620780">
    <ele>259.2</ele>
    <time>2024-06-08T17:20:21Z</time>
    <extensions>
     <gpxtpx:TrackPointExtension>
      <gpxtpx:atemp>24</gpxtpx:atemp>
     </gpxtpx:TrackPointExtension>
    </extensions>
   </trkpt>
   <trkpt lat="48.3989920" lon="15.6617880">
    <ele>259.2</ele>
    <time>2024-06-08T17:20:26Z</time>
    <extensions>
     <gpxtpx:TrackPointExtension>
      <gpxtpx:atemp>24</gpxtpx:atemp>
     </gpxtpx:TrackPointExtension>
    </extensions>
   </trkpt>
   <trkpt lat="48.3992070" lon="15.6612650">
    <ele>259.4</ele>
    <time>2024-06-08T17:20:35Z</time>
    <extensions>
     <gpxtpx:TrackPointExtension>
      <gpxtpx:atemp>24</gpxtpx:atemp>
     </gpxtpx:TrackPointExtension>
    </extensions>
   </trkpt>
   <trkpt lat="48.3994640" lon="15.6607180">
    <ele>259.4</ele>
    <time>2024-06-08T17:20:45Z</time>
    <extensions>
     <gpxtpx:TrackPointExtension>
      <gpxtpx:atemp>24</gpxtpx:atemp>
     </gpxtpx:TrackPointExtension>
    </extensions>
   </trkpt>
   <trkpt lat="48.3996910" lon="15.6603040">
    <ele>259.6</ele>
    <time>2024-06-08T17:20:53Z</time>
    <extensions>
     <gpxtpx:TrackPointExtension>
      <gpxtpx:atemp>24</gpxtpx:atemp>
     </gpxtpx:TrackPointExtension>
    </extensions>
   </trkpt>
   <trkpt lat="48.3997210" lon="15.6602610">
    <ele>259.6</ele>
    <time>2024-06-08T17:20:54Z</time>
    <extensions>
     <gpxtpx:TrackPointExtension>
      <gpxtpx:atemp>23</gpxtpx:atemp>
     </gpxtpx:TrackPointExtension>
    </extensions>
   </trkpt>
   <trkpt lat="48.3999170" lon="15.6599390">
    <ele>259.8</ele>
    <time>2024-06-08T17:21:01Z</time>
    <extensions>
     <gpxtpx:TrackPointExtension>
      <gpxtpx:atemp>23</gpxtpx:atemp>
     </gpxtpx:TrackPointExtension>
    </extensions>
   </trkpt>
   <trkpt lat="48.4000370" lon="15.6597440">
    <ele>260.0</ele>
    <time>2024-06-08T17:21:06Z</time>
    <extensions>
     <gpxtpx:TrackPointExtension>
      <gpxtpx:atemp>23</gpxtpx:atemp>
     </gpxtpx:TrackPointExtension>
    </extensions>
   </trkpt>
   <trkpt lat="48.4000660" lon="15.6597020">
    <ele>260.2</ele>
    <time>2024-06-08T17:21:07Z</time>
    <extensions>
     <gpxtpx:TrackPointExtension>
      <gpxtpx:atemp>23</gpxtpx:atemp>
     </gpxtpx:TrackPointExtension>
    </extensions>
   </trkpt>
   <trkpt lat="48.4002510" lon="15.6594070">
    <ele>260.4</ele>
    <time>2024-06-08T17:21:13Z</time>
    <extensions>
     <gpxtpx:TrackPointExtension>
      <gpxtpx:atemp>23</gpxtpx:atemp>
     </gpxtpx:TrackPointExtension>
    </extensions>
   </trkpt>
   <trkpt lat="48.4005180" lon="15.6589880">
    <ele>260.4</ele>
    <time>2024-06-08T17:21:21Z</time>
    <extensions>
     <gpxtpx:TrackPointExtension>
      <gpxtpx:atemp>23</gpxtpx:atemp>
     </gpxtpx:TrackPointExtension>
    </extensions>
   </trkpt>
   <trkpt lat="48.4008120" lon="15.6585730">
    <ele>260.0</ele>
    <time>2024-06-08T17:21:30Z</time>
    <extensions>
     <gpxtpx:TrackPointExtension>
      <gpxtpx:atemp>23</gpxtpx:atemp>
     </gpxtpx:TrackPointExtension>
    </extensions>
   </trkpt>
   <trkpt lat="48.4011360" lon="15.6581110">
    <ele>260.2</ele>
    <time>2024-06-08T17:21:40Z</time>
    <extensions>
     <gpxtpx:TrackPointExtension>
      <gpxtpx:atemp>23</gpxtpx:atemp>
     </gpxtpx:TrackPointExtension>
    </extensions>
   </trkpt>
   <trkpt lat="48.4012720" lon="15.6579260">
    <ele>260.2</ele>
    <time>2024-06-08T17:21:44Z</time>
    <extensions>
     <gpxtpx:TrackPointExtension>
      <gpxtpx:atemp>23</gpxtpx:atemp>
     </gpxtpx:TrackPointExtension>
    </extensions>
   </trkpt>
   <trkpt lat="48.4014370" lon="15.6576950">
    <ele>260.2</ele>
    <time>2024-06-08T17:21:49Z</time>
    <extensions>
     <gpxtpx:TrackPointExtension>
      <gpxtpx:atemp>23</gpxtpx:atemp>
     </gpxtpx:TrackPointExtension>
    </extensions>
   </trkpt>
   <trkpt lat="48.4016500" lon="15.6573960">
    <ele>260.2</ele>
    <time>2024-06-08T17:21:56Z</time>
    <extensions>
     <gpxtpx:TrackPointExtension>
      <gpxtpx:atemp>23</gpxtpx:atemp>
     </gpxtpx:TrackPointExtension>
    </extensions>
   </trkpt>
   <trkpt lat="48.4019130" lon="15.6570270">
    <ele>260.4</ele>
    <time>2024-06-08T17:22:04Z</time>
    <extensions>
     <gpxtpx:TrackPointExtension>
      <gpxtpx:atemp>23</gpxtpx:atemp>
     </gpxtpx:TrackPointExtension>
    </extensions>
   </trkpt>
   <trkpt lat="48.4021280" lon="15.6567140">
    <ele>260.4</ele>
    <time>2024-06-08T17:22:11Z</time>
    <extensions>
     <gpxtpx:TrackPointExtension>
      <gpxtpx:atemp>23</gpxtpx:atemp>
     </gpxtpx:TrackPointExtension>
    </extensions>
   </trkpt>
   <trkpt lat="48.4021570" lon="15.6566670">
    <ele>260.4</ele>
    <time>2024-06-08T17:22:12Z</time>
    <extensions>
     <gpxtpx:TrackPointExtension>
      <gpxtpx:atemp>23</gpxtpx:atemp>
     </gpxtpx:TrackPointExtension>
    </extensions>
   </trkpt>
   <trkpt lat="48.4023880" lon="15.6563420">
    <ele>260.4</ele>
    <time>2024-06-08T17:22:20Z</time>
    <extensions>
     <gpxtpx:TrackPointExtension>
      <gpxtpx:atemp>23</gpxtpx:atemp>
     </gpxtpx:TrackPointExtension>
    </extensions>
   </trkpt>
   <trkpt lat="48.4026420" lon="15.6559620">
    <ele>260.4</ele>
    <time>2024-06-08T17:22:29Z</time>
    <extensions>
     <gpxtpx:TrackPointExtension>
      <gpxtpx:atemp>23</gpxtpx:atemp>
     </gpxtpx:TrackPointExtension>
    </extensions>
   </trkpt>
   <trkpt lat="48.4028810" lon="15.6555780">
    <ele>260.6</ele>
    <time>2024-06-08T17:22:37Z</time>
    <extensions>
     <gpxtpx:TrackPointExtension>
      <gpxtpx:atemp>23</gpxtpx:atemp>
     </gpxtpx:TrackPointExtension>
    </extensions>
   </trkpt>
   <trkpt lat="48.4029770" lon="15.6554360">
    <ele>260.6</ele>
    <time>2024-06-08T17:22:40Z</time>
    <extensions>
     <gpxtpx:TrackPointExtension>
      <gpxtpx:atemp>23</gpxtpx:atemp>
     </gpxtpx:TrackPointExtension>
    </extensions>
   </trkpt>
   <trkpt lat="48.4031220" lon="15.6552420">
    <ele>260.6</ele>
    <time>2024-06-08T17:22:44Z</time>
    <extensions>
     <gpxtpx:TrackPointExtension>
      <gpxtpx:atemp>23</gpxtpx:atemp>
     </gpxtpx:TrackPointExtension>
    </extensions>
   </trkpt>
   <trkpt lat="48.4033010" lon="15.6549880">
    <ele>260.6</ele>
    <time>2024-06-08T17:22:51Z</time>
    <extensions>
     <gpxtpx:TrackPointExtension>
      <gpxtpx:atemp>23</gpxtpx:atemp>
     </gpxtpx:TrackPointExtension>
    </extensions>
   </trkpt>
   <trkpt lat="48.4033570" lon="15.6549180">
    <ele>261.4</ele>
    <time>2024-06-08T17:22:56Z</time>
    <extensions>
     <gpxtpx:TrackPointExtension>
      <gpxtpx:atemp>23</gpxtpx:atemp>
     </gpxtpx:TrackPointExtension>
    </extensions>
   </trkpt>
   <trkpt lat="48.4034040" lon="15.6548440">
    <ele>262.4</ele>
    <time>2024-06-08T17:23:00Z</time>
    <extensions>
     <gpxtpx:TrackPointExtension>
      <gpxtpx:atemp>23</gpxtpx:atemp>
     </gpxtpx:TrackPointExtension>
    </extensions>
   </trkpt>
   <trkpt lat="48.4034380" lon="15.6548270">
    <ele>262.6</ele>
    <time>2024-06-08T17:23:03Z</time>
    <extensions>
     <gpxtpx:TrackPointExtension>
      <gpxtpx:atemp>23</gpxtpx:atemp>
     </gpxtpx:TrackPointExtension>
    </extensions>
   </trkpt>
   <trkpt lat="48.4034380" lon="15.6548270">
    <ele>262.6</ele>
    <time>2024-06-08T17:23:05Z</time>
    <extensions>
     <gpxtpx:TrackPointExtension>
      <gpxtpx:atemp>24</gpxtpx:atemp>
     </gpxtpx:TrackPointExtension>
    </extensions>
   </trkpt>
   <trkpt lat="48.4034690" lon="15.6547750">
    <ele>262.2</ele>
    <time>2024-06-08T17:23:24Z</time>
    <extensions>
     <gpxtpx:TrackPointExtension>
      <gpxtpx:atemp>24</gpxtpx:atemp>
     </gpxtpx:TrackPointExtension>
    </extensions>
   </trkpt>
   <trkpt lat="48.4034820" lon="15.6547400">
    <ele>262.2</ele>
    <time>2024-06-08T17:23:25Z</time>
    <extensions>
     <gpxtpx:TrackPointExtension>
      <gpxtpx:atemp>24</gpxtpx:atemp>
     </gpxtpx:TrackPointExtension>
    </extensions>
   </trkpt>
   <trkpt lat="48.4035770" lon="15.6545460">
    <ele>262.2</ele>
    <time>2024-06-08T17:23:29Z</time>
    <extensions>
     <gpxtpx:TrackPointExtension>
      <gpxtpx:atemp>24</gpxtpx:atemp>
     </gpxtpx:TrackPointExtension>
    </extensions>
   </trkpt>
   <trkpt lat="48.4037600" lon="15.6542010">
    <ele>261.4</ele>
    <time>2024-06-08T17:23:35Z</time>
    <extensions>
     <gpxtpx:TrackPointExtension>
      <gpxtpx:atemp>24</gpxtpx:atemp>
     </gpxtpx:TrackPointExtension>
    </extensions>
   </trkpt>
   <trkpt lat="48.4037910" lon="15.6541410">
    <ele>261.0</ele>
    <time>2024-06-08T17:23:36Z</time>
    <extensions>
     <gpxtpx:TrackPointExtension>
      <gpxtpx:atemp>24</gpxtpx:atemp>
     </gpxtpx:TrackPointExtension>
    </extensions>
   </trkpt>
   <trkpt lat="48.4038830" lon="15.6539580">
    <ele>260.2</ele>
    <time>2024-06-08T17:23:39Z</time>
    <extensions>
     <gpxtpx:TrackPointExtension>
      <gpxtpx:atemp>24</gpxtpx:atemp>
     </gpxtpx:TrackPointExtension>
    </extensions>
   </trkpt>
   <trkpt lat="48.4040710" lon="15.6535740">
    <ele>259.8</ele>
    <time>2024-06-08T17:23:45Z</time>
    <extensions>
     <gpxtpx:TrackPointExtension>
      <gpxtpx:atemp>24</gpxtpx:atemp>
     </gpxtpx:TrackPointExtension>
    </extensions>
   </trkpt>
   <trkpt lat="48.4043490" lon="15.6529950">
    <ele>259.6</ele>
    <time>2024-06-08T17:23:54Z</time>
    <extensions>
     <gpxtpx:TrackPointExtension>
      <gpxtpx:atemp>24</gpxtpx:atemp>
     </gpxtpx:TrackPointExtension>
    </extensions>
   </trkpt>
   <trkpt lat="48.4045860" lon="15.6524460">
    <ele>259.6</ele>
    <time>2024-06-08T17:24:03Z</time>
    <extensions>
     <gpxtpx:TrackPointExtension>
      <gpxtpx:atemp>24</gpxtpx:atemp>
     </gpxtpx:TrackPointExtension>
    </extensions>
   </trkpt>
   <trkpt lat="48.4048370" lon="15.6518510">
    <ele>259.6</ele>
    <time>2024-06-08T17:24:13Z</time>
    <extensions>
     <gpxtpx:TrackPointExtension>
      <gpxtpx:atemp>24</gpxtpx:atemp>
     </gpxtpx:TrackPointExtension>
    </extensions>
   </trkpt>
   <trkpt lat="48.4050110" lon="15.6513930">
    <ele>260.0</ele>
    <time>2024-06-08T17:24:21Z</time>
    <extensions>
     <gpxtpx:TrackPointExtension>
      <gpxtpx:atemp>24</gpxtpx:atemp>
     </gpxtpx:TrackPointExtension>
    </extensions>
   </trkpt>
   <trkpt lat="48.4052490" lon="15.6507660">
    <ele>260.2</ele>
    <time>2024-06-08T17:24:32Z</time>
    <extensions>
     <gpxtpx:TrackPointExtension>
      <gpxtpx:atemp>24</gpxtpx:atemp>
     </gpxtpx:TrackPointExtension>
    </extensions>
   </trkpt>
   <trkpt lat="48.4055250" lon="15.6500620">
    <ele>260.4</ele>
    <time>2024-06-08T17:24:44Z</time>
    <extensions>
     <gpxtpx:TrackPointExtension>
      <gpxtpx:atemp>24</gpxtpx:atemp>
     </gpxtpx:TrackPointExtension>
    </extensions>
   </trkpt>
   <trkpt lat="48.4056990" lon="15.6496100">
    <ele>260.0</ele>
    <time>2024-06-08T17:24:51Z</time>
    <extensions>
     <gpxtpx:TrackPointExtension>
      <gpxtpx:atemp>24</gpxtpx:atemp>
     </gpxtpx:TrackPointExtension>
    </extensions>
   </trkpt>
   <trkpt lat="48.4058940" lon="15.6491100">
    <ele>259.8</ele>
    <time>2024-06-08T17:25:00Z</time>
    <extensions>
     <gpxtpx:TrackPointExtension>
      <gpxtpx:atemp>24</gpxtpx:atemp>
     </gpxtpx:TrackPointExtension>
    </extensions>
   </trkpt>
   <trkpt lat="48.4059160" lon="15.6490540">
    <ele>259.8</ele>
    <time>2024-06-08T17:25:01Z</time>
    <extensions>
     <gpxtpx:TrackPointExtension>
      <gpxtpx:atemp>24</gpxtpx:atemp>
     </gpxtpx:TrackPointExtension>
    </extensions>
   </trkpt>
   <trkpt lat="48.4061900" lon="15.6483430">
    <ele>260.6</ele>
    <time>2024-06-08T17:25:14Z</time>
    <extensions>
     <gpxtpx:TrackPointExtension>
      <gpxtpx:atemp>24</gpxtpx:atemp>
     </gpxtpx:TrackPointExtension>
    </extensions>
   </trkpt>
   <trkpt lat="48.4062120" lon="15.6482860">
    <ele>260.6</ele>
    <time>2024-06-08T17:25:15Z</time>
    <extensions>
     <gpxtpx:TrackPointExtension>
      <gpxtpx:atemp>24</gpxtpx:atemp>
     </gpxtpx:TrackPointExtension>
    </extensions>
   </trkpt>
   <trkpt lat="48.4063650" lon="15.6478580">
    <ele>260.8</ele>
    <time>2024-06-08T17:25:23Z</time>
    <extensions>
     <gpxtpx:TrackPointExtension>
      <gpxtpx:atemp>24</gpxtpx:atemp>
     </gpxtpx:TrackPointExtension>
    </extensions>
   </trkpt>
   <trkpt lat="48.4065840" lon="15.6473120">
    <ele>260.8</ele>
    <time>2024-06-08T17:25:32Z</time>
    <extensions>
     <gpxtpx:TrackPointExtension>
      <gpxtpx:atemp>24</gpxtpx:atemp>
     </gpxtpx:TrackPointExtension>
    </extensions>
   </trkpt>
   <trkpt lat="48.4068500" lon="15.6466210">
    <ele>261.0</ele>
    <time>2024-06-08T17:25:44Z</time>
    <extensions>
     <gpxtpx:TrackPointExtension>
      <gpxtpx:atemp>24</gpxtpx:atemp>
     </gpxtpx:TrackPointExtension>
    </extensions>
   </trkpt>
   <trkpt lat="48.4070400" lon="15.6461120">
    <ele>261.2</ele>
    <time>2024-06-08T17:25:53Z</time>
    <extensions>
     <gpxtpx:TrackPointExtension>
      <gpxtpx:atemp>24</gpxtpx:atemp>
     </gpxtpx:TrackPointExtension>
    </extensions>
   </trkpt>
   <trkpt lat="48.4073290" lon="15.6453760">
    <ele>261.0</ele>
    <time>2024-06-08T17:26:06Z</time>
    <extensions>
     <gpxtpx:TrackPointExtension>
      <gpxtpx:atemp>25</gpxtpx:atemp>
     </gpxtpx:TrackPointExtension>
    </extensions>
   </trkpt>
   <trkpt lat="48.4073510" lon="15.6453190">
    <ele>261.0</ele>
    <time>2024-06-08T17:26:07Z</time>
    <extensions>
     <gpxtpx:TrackPointExtension>
      <gpxtpx:atemp>25</gpxtpx:atemp>
     </gpxtpx:TrackPointExtension>
    </extensions>
   </trkpt>
   <trkpt lat="48.4075940" lon="15.6446880">
    <ele>261.0</ele>
    <time>2024-06-08T17:26:18Z</time>
    <extensions>
     <gpxtpx:TrackPointExtension>
      <gpxtpx:atemp>25</gpxtpx:atemp>
     </gpxtpx:TrackPointExtension>
    </extensions>
   </trkpt>
   <trkpt lat="48.4077440" lon="15.6443100">
    <ele>261.2</ele>
    <time>2024-06-08T17:26:25Z</time>
    <extensions>
     <gpxtpx:TrackPointExtension>
      <gpxtpx:atemp>25</gpxtpx:atemp>
     </gpxtpx:TrackPointExtension>
    </extensions>
   </trkpt>
   <trkpt lat="48.4077890" lon="15.6441980">
    <ele>261.2</ele>
    <time>2024-06-08T17:26:27Z</time>
    <extensions>
     <gpxtpx:TrackPointExtension>
      <gpxtpx:atemp>25</gpxtpx:atemp>
     </gpxtpx:TrackPointExtension>
    </extensions>
   </trkpt>
   <trkpt lat="48.4078310" lon="15.6440930">
    <ele>261.2</ele>
    <time>2024-06-08T17:26:29Z</time>
    <extensions>
     <gpxtpx:TrackPointExtension>
      <gpxtpx:atemp>25</gpxtpx:atemp>
     </gpxtpx:TrackPointExtension>
    </extensions>
   </trkpt>
   <trkpt lat="48.4080400" lon="15.6435680">
    <ele>261.4</ele>
    <time>2024-06-08T17:26:39Z</time>
    <extensions>
     <gpxtpx:TrackPointExtension>
      <gpxtpx:atemp>25</gpxtpx:atemp>
     </gpxtpx:TrackPointExtension>
    </extensions>
   </trkpt>
   <trkpt lat="48.4082200" lon="15.6430950">
    <ele>261.2</ele>
    <time>2024-06-08T17:26:48Z</time>
    <extensions>
     <gpxtpx:TrackPointExtension>
      <gpxtpx:atemp>25</gpxtpx:atemp>
     </gpxtpx:TrackPointExtension>
    </extensions>
   </trkpt>
   <trkpt lat="48.4083500" lon="15.6427450">
    <ele>261.2</ele>
    <time>2024-06-08T17:26:54Z</time>
    <extensions>
     <gpxtpx:TrackPointExtension>
      <gpxtpx:atemp>25</gpxtpx:atemp>
     </gpxtpx:TrackPointExtension>
    </extensions>
   </trkpt>
   <trkpt lat="48.4084240" lon="15.6425880">
    <ele>261.2</ele>
    <time>2024-06-08T17:26:57Z</time>
    <extensions>
     <gpxtpx:TrackPointExtension>
      <gpxtpx:atemp>25</gpxtpx:atemp>
     </gpxtpx:TrackPointExtension>
    </extensions>
   </trkpt>
   <trkpt lat="48.4084470" lon="15.6425410">
    <ele>261.2</ele>
    <time>2024-06-08T17:26:58Z</time>
    <extensions>
     <gpxtpx:TrackPointExtension>
      <gpxtpx:atemp>25</gpxtpx:atemp>
     </gpxtpx:TrackPointExtension>
    </extensions>
   </trkpt>
   <trkpt lat="48.4085480" lon="15.6423960">
    <ele>261.4</ele>
    <time>2024-06-08T17:27:02Z</time>
    <extensions>
     <gpxtpx:TrackPointExtension>
      <gpxtpx:atemp>25</gpxtpx:atemp>
     </gpxtpx:TrackPointExtension>
    </extensions>
   </trkpt>
   <trkpt lat="48.4086520" lon="15.6421590">
    <ele>261.4</ele>
    <time>2024-06-08T17:27:09Z</time>
    <extensions>
     <gpxtpx:TrackPointExtension>
      <gpxtpx:atemp>25</gpxtpx:atemp>
     </gpxtpx:TrackPointExtension>
    </extensions>
   </trkpt>
   <trkpt lat="48.4086650" lon="15.6420750">
    <ele>261.6</ele>
    <time>2024-06-08T17:27:11Z</time>
    <extensions>
     <gpxtpx:TrackPointExtension>
      <gpxtpx:atemp>25</gpxtpx:atemp>
     </gpxtpx:TrackPointExtension>
    </extensions>
   </trkpt>
   <trkpt lat="48.4086660" lon="15.6420020">
    <ele>261.6</ele>
    <time>2024-06-08T17:27:13Z</time>
    <extensions>
     <gpxtpx:TrackPointExtension>
      <gpxtpx:atemp>25</gpxtpx:atemp>
     </gpxtpx:TrackPointExtension>
    </extensions>
   </trkpt>
   <trkpt lat="48.4087300" lon="15.6418150">
    <ele>261.6</ele>
    <time>2024-06-08T17:27:17Z</time>
    <extensions>
     <gpxtpx:TrackPointExtension>
      <gpxtpx:atemp>25</gpxtpx:atemp>
     </gpxtpx:TrackPointExtension>
    </extensions>
   </trkpt>
   <trkpt lat="48.4088860" lon="15.6414380">
    <ele>261.2</ele>
    <time>2024-06-08T17:27:23Z</time>
    <extensions>
     <gpxtpx:TrackPointExtension>
      <gpxtpx:atemp>25</gpxtpx:atemp>
     </gpxtpx:TrackPointExtension>
    </extensions>
   </trkpt>
   <trkpt lat="48.4090390" lon="15.6410480">
    <ele>260.6</ele>
    <time>2024-06-08T17:27:30Z</time>
    <extensions>
     <gpxtpx:TrackPointExtension>
      <gpxtpx:atemp>25</gpxtpx:atemp>
     </gpxtpx:TrackPointExtension>
    </extensions>
   </trkpt>
   <trkpt lat="48.4091210" lon="15.6408370">
    <ele>260.6</ele>
    <time>2024-06-08T17:27:34Z</time>
    <extensions>
     <gpxtpx:TrackPointExtension>
      <gpxtpx:atemp>25</gpxtpx:atemp>
     </gpxtpx:TrackPointExtension>
    </extensions>
   </trkpt>
   <trkpt lat="48.4091750" lon="15.6406730">
    <ele>260.6</ele>
    <time>2024-06-08T17:27:37Z</time>
    <extensions>
     <gpxtpx:TrackPointExtension>
      <gpxtpx:atemp>25</gpxtpx:atemp>
     </gpxtpx:TrackPointExtension>
    </extensions>
   </trkpt>
   <trkpt lat="48.4093130" lon="15.6403420">
    <ele>260.6</ele>
    <time>2024-06-08T17:27:44Z</time>
    <extensions>
     <gpxtpx:TrackPointExtension>
      <gpxtpx:atemp>25</gpxtpx:atemp>
     </gpxtpx:TrackPointExtension>
    </extensions>
   </trkpt>
   <trkpt lat="48.4094610" lon="15.6399460">
    <ele>260.4</ele>
    <time>2024-06-08T17:27:52Z</time>
    <extensions>
     <gpxtpx:TrackPointExtension>
      <gpxtpx:atemp>25</gpxtpx:atemp>
     </gpxtpx:TrackPointExtension>
    </extensions>
   </trkpt>
   <trkpt lat="48.4096030" lon="15.6395390">
    <ele>260.4</ele>
    <time>2024-06-08T17:27:59Z</time>
    <extensions>
     <gpxtpx:TrackPointExtension>
      <gpxtpx:atemp>25</gpxtpx:atemp>
     </gpxtpx:TrackPointExtension>
    </extensions>
   </trkpt>
   <trkpt lat="48.4096330" lon="15.6394360">
    <ele>260.2</ele>
    <time>2024-06-08T17:28:01Z</time>
    <extensions>
     <gpxtpx:TrackPointExtension>
      <gpxtpx:atemp>25</gpxtpx:atemp>
     </gpxtpx:TrackPointExtension>
    </extensions>
   </trkpt>
   <trkpt lat="48.4097860" lon="15.6389540">
    <ele>260.2</ele>
    <time>2024-06-08T17:28:09Z</time>
    <extensions>
     <gpxtpx:TrackPointExtension>
      <gpxtpx:atemp>25</gpxtpx:atemp>
     </gpxtpx:TrackPointExtension>
    </extensions>
   </trkpt>
   <trkpt lat="48.4099370" lon="15.6383950">
    <ele>260.0</ele>
    <time>2024-06-08T17:28:18Z</time>
    <extensions>
     <gpxtpx:TrackPointExtension>
      <gpxtpx:atemp>25</gpxtpx:atemp>
     </gpxtpx:TrackPointExtension>
    </extensions>
   </trkpt>
   <trkpt lat="48.4099920" lon="15.6379480">
    <ele>260.2</ele>
    <time>2024-06-08T17:28:26Z</time>
    <extensions>
     <gpxtpx:TrackPointExtension>
      <gpxtpx:atemp>25</gpxtpx:atemp>
     </gpxtpx:TrackPointExtension>
    </extensions>
   </trkpt>
   <trkpt lat="48.4100150" lon="15.6373980">
    <ele>260.2</ele>
    <time>2024-06-08T17:28:35Z</time>
    <extensions>
     <gpxtpx:TrackPointExtension>
      <gpxtpx:atemp>25</gpxtpx:atemp>
     </gpxtpx:TrackPointExtension>
    </extensions>
   </trkpt>
   <trkpt lat="48.4100180" lon="15.6370160">
    <ele>260.4</ele>
    <time>2024-06-08T17:28:42Z</time>
    <extensions>
     <gpxtpx:TrackPointExtension>
      <gpxtpx:atemp>25</gpxtpx:atemp>
     </gpxtpx:TrackPointExtension>
    </extensions>
   </trkpt>
   <trkpt lat="48.4099710" lon="15.6365860">
    <ele>260.4</ele>
    <time>2024-06-08T17:28:50Z</time>
    <extensions>
     <gpxtpx:TrackPointExtension>
      <gpxtpx:atemp>25</gpxtpx:atemp>
     </gpxtpx:TrackPointExtension>
    </extensions>
   </trkpt>
   <trkpt lat="48.4099340" lon="15.6363120">
    <ele>260.4</ele>
    <time>2024-06-08T17:28:56Z</time>
    <extensions>
     <gpxtpx:TrackPointExtension>
      <gpxtpx:atemp>25</gpxtpx:atemp>
     </gpxtpx:TrackPointExtension>
    </extensions>
   </trkpt>
   <trkpt lat="48.4098800" lon="15.6359440">
    <ele>261.0</ele>
    <time>2024-06-08T17:29:03Z</time>
    <extensions>
     <gpxtpx:TrackPointExtension>
      <gpxtpx:atemp>25</gpxtpx:atemp>
     </gpxtpx:TrackPointExtension>
    </extensions>
   </trkpt>
   <trkpt lat="48.4097480" lon="15.6354950">
    <ele>261.0</ele>
    <time>2024-06-08T17:29:10Z</time>
    <extensions>
     <gpxtpx:TrackPointExtension>
      <gpxtpx:atemp>25</gpxtpx:atemp>
     </gpxtpx:TrackPointExtension>
    </extensions>
   </trkpt>
   <trkpt lat="48.4097100" lon="15.6353790">
    <ele>260.8</ele>
    <time>2024-06-08T17:29:12Z</time>
    <extensions>
     <gpxtpx:TrackPointExtension>
      <gpxtpx:atemp>25</gpxtpx:atemp>
     </gpxtpx:TrackPointExtension>
    </extensions>
   </trkpt>
   <trkpt lat="48.4097090" lon="15.6352710">
    <ele>260.4</ele>
    <time>2024-06-08T17:29:14Z</time>
    <extensions>
     <gpxtpx:TrackPointExtension>
      <gpxtpx:atemp>25</gpxtpx:atemp>
     </gpxtpx:TrackPointExtension>
    </extensions>
   </trkpt>
   <trkpt lat="48.4097290" lon="15.6350600">
    <ele>260.2</ele>
    <time>2024-06-08T17:29:18Z</time>
    <extensions>
     <gpxtpx:TrackPointExtension>
      <gpxtpx:atemp>25</gpxtpx:atemp>
     </gpxtpx:TrackPointExtension>
    </extensions>
   </trkpt>
   <trkpt lat="48.4096850" lon="15.6346820">
    <ele>259.8</ele>
    <time>2024-06-08T17:29:24Z</time>
    <extensions>
     <gpxtpx:TrackPointExtension>
      <gpxtpx:atemp>25</gpxtpx:atemp>
     </gpxtpx:TrackPointExtension>
    </extensions>
   </trkpt>
   <trkpt lat="48.4096660" lon="15.6345300">
    <ele>259.6</ele>
    <time>2024-06-08T17:29:26Z</time>
    <extensions>
     <gpxtpx:TrackPointExtension>
      <gpxtpx:atemp>25</gpxtpx:atemp>
     </gpxtpx:TrackPointExtension>
    </extensions>
   </trkpt>
   <trkpt lat="48.4096570" lon="15.6342150">
    <ele>259.6</ele>
    <time>2024-06-08T17:29:30Z</time>
    <extensions>
     <gpxtpx:TrackPointExtension>
      <gpxtpx:atemp>25</gpxtpx:atemp>
     </gpxtpx:TrackPointExtension>
    </extensions>
   </trkpt>
   <trkpt lat="48.4096590" lon="15.6336350">
    <ele>259.4</ele>
    <time>2024-06-08T17:29:38Z</time>
    <extensions>
     <gpxtpx:TrackPointExtension>
      <gpxtpx:atemp>25</gpxtpx:atemp>
     </gpxtpx:TrackPointExtension>
    </extensions>
   </trkpt>
   <trkpt lat="48.4097100" lon="15.6329030">
    <ele>259.2</ele>
    <time>2024-06-08T17:29:48Z</time>
    <extensions>
     <gpxtpx:TrackPointExtension>
      <gpxtpx:atemp>25</gpxtpx:atemp>
     </gpxtpx:TrackPointExtension>
    </extensions>
   </trkpt>
   <trkpt lat="48.4097400" lon="15.6324050">
    <ele>259.2</ele>
    <time>2024-06-08T17:29:55Z</time>
    <extensions>
     <gpxtpx:TrackPointExtension>
      <gpxtpx:atemp>25</gpxtpx:atemp>
     </gpxtpx:TrackPointExtension>
    </extensions>
   </trkpt>
   <trkpt lat="48.4097600" lon="15.6320890">
    <ele>259.2</ele>
    <time>2024-06-08T17:29:59Z</time>
    <extensions>
     <gpxtpx:TrackPointExtension>
      <gpxtpx:atemp>25</gpxtpx:atemp>
     </gpxtpx:TrackPointExtension>
    </extensions>
   </trkpt>
   <trkpt lat="48.4097670" lon="15.6318650">
    <ele>259.0</ele>
    <time>2024-06-08T17:30:02Z</time>
    <extensions>
     <gpxtpx:TrackPointExtension>
      <gpxtpx:atemp>25</gpxtpx:atemp>
     </gpxtpx:TrackPointExtension>
    </extensions>
   </trkpt>
   <trkpt lat="48.4097780" lon="15.6315760">
    <ele>258.8</ele>
    <time>2024-06-08T17:30:06Z</time>
    <extensions>
     <gpxtpx:TrackPointExtension>
      <gpxtpx:atemp>25</gpxtpx:atemp>
     </gpxtpx:TrackPointExtension>
    </extensions>
   </trkpt>
   <trkpt lat="48.4098370" lon="15.6308510">
    <ele>258.4</ele>
    <time>2024-06-08T17:30:16Z</time>
    <extensions>
     <gpxtpx:TrackPointExtension>
      <gpxtpx:atemp>25</gpxtpx:atemp>
     </gpxtpx:TrackPointExtension>
    </extensions>
   </trkpt>
   <trkpt lat="48.4098870" lon="15.6302730">
    <ele>258.4</ele>
    <time>2024-06-08T17:30:25Z</time>
    <extensions>
     <gpxtpx:TrackPointExtension>
      <gpxtpx:atemp>25</gpxtpx:atemp>
     </gpxtpx:TrackPointExtension>
    </extensions>
   </trkpt>
   <trkpt lat="48.4098990" lon="15.6300340">
    <ele>259.0</ele>
    <time>2024-06-08T17:30:31Z</time>
    <extensions>
     <gpxtpx:TrackPointExtension>
      <gpxtpx:atemp>25</gpxtpx:atemp>
     </gpxtpx:TrackPointExtension>
    </extensions>
   </trkpt>
   <trkpt lat="48.4099000" lon="15.6298420">
    <ele>260.2</ele>
    <time>2024-06-08T17:30:37Z</time>
    <extensions>
     <gpxtpx:TrackPointExtension>
      <gpxtpx:atemp>25</gpxtpx:atemp>
     </gpxtpx:TrackPointExtension>
    </extensions>
   </trkpt>
   <trkpt lat="48.4099020" lon="15.6297740">
    <ele>260.8</ele>
    <time>2024-06-08T17:30:39Z</time>
    <extensions>
     <gpxtpx:TrackPointExtension>
      <gpxtpx:atemp>25</gpxtpx:atemp>
     </gpxtpx:TrackPointExtension>
    </extensions>
   </trkpt>
   <trkpt lat="48.4099460" lon="15.6294810">
    <ele>260.8</ele>
    <time>2024-06-08T17:30:45Z</time>
    <extensions>
     <gpxtpx:TrackPointExtension>
      <gpxtpx:atemp>25</gpxtpx:atemp>
     </gpxtpx:TrackPointExtension>
    </extensions>
   </trkpt>
   <trkpt lat="48.4099740" lon="15.6291520">
    <ele>260.8</ele>
    <time>2024-06-08T17:30:51Z</time>
    <extensions>
     <gpxtpx:TrackPointExtension>
      <gpxtpx:atemp>25</gpxtpx:atemp>
     </gpxtpx:TrackPointExtension>
    </extensions>
   </trkpt>
   <trkpt lat="48.4100180" lon="15.6287040">
    <ele>260.6</ele>
    <time>2024-06-08T17:31:00Z</time>
    <extensions>
     <gpxtpx:TrackPointExtension>
      <gpxtpx:atemp>25</gpxtpx:atemp>
     </gpxtpx:TrackPointExtension>
    </extensions>
   </trkpt>
   <trkpt lat="48.4100390" lon="15.6285330">
    <ele>260.8</ele>
    <time>2024-06-08T17:31:05Z</time>
    <extensions>
     <gpxtpx:TrackPointExtension>
      <gpxtpx:atemp>25</gpxtpx:atemp>
     </gpxtpx:TrackPointExtension>
    </extensions>
   </trkpt>
   <trkpt lat="48.4100850" lon="15.6282390">
    <ele>261.2</ele>
    <time>2024-06-08T17:31:12Z</time>
    <extensions>
     <gpxtpx:TrackPointExtension>
      <gpxtpx:atemp>25</gpxtpx:atemp>
     </gpxtpx:TrackPointExtension>
    </extensions>
   </trkpt>
   <trkpt lat="48.4100820" lon="15.6277130">
    <ele>261.2</ele>
    <time>2024-06-08T17:31:20Z</time>
    <extensions>
     <gpxtpx:TrackPointExtension>
      <gpxtpx:atemp>25</gpxtpx:atemp>
     </gpxtpx:TrackPointExtension>
    </extensions>
   </trkpt>
   <trkpt lat="48.4100620" lon="15.6270900">
    <ele>260.6</ele>
    <time>2024-06-08T17:31:29Z</time>
    <extensions>
     <gpxtpx:TrackPointExtension>
      <gpxtpx:atemp>25</gpxtpx:atemp>
     </gpxtpx:TrackPointExtension>
    </extensions>
   </trkpt>
   <trkpt lat="48.4100330" lon="15.6265000">
    <ele>260.4</ele>
    <time>2024-06-08T17:31:37Z</time>
    <extensions>
     <gpxtpx:TrackPointExtension>
      <gpxtpx:atemp>25</gpxtpx:atemp>
     </gpxtpx:TrackPointExtension>
    </extensions>
   </trkpt>
   <trkpt lat="48.4100070" lon="15.6257500">
    <ele>260.4</ele>
    <time>2024-06-08T17:31:48Z</time>
    <extensions>
     <gpxtpx:TrackPointExtension>
      <gpxtpx:atemp>25</gpxtpx:atemp>
     </gpxtpx:TrackPointExtension>
    </extensions>
   </trkpt>
   <trkpt lat="48.4100470" lon="15.6252140">
    <ele>260.4</ele>
    <time>2024-06-08T17:31:56Z</time>
    <extensions>
     <gpxtpx:TrackPointExtension>
      <gpxtpx:atemp>25</gpxtpx:atemp>
     </gpxtpx:TrackPointExtension>
    </extensions>
   </trkpt>
   <trkpt lat="48.4101000" lon="15.6247880">
    <ele>260.4</ele>
    <time>2024-06-08T17:32:03Z</time>
    <extensions>
     <gpxtpx:TrackPointExtension>
      <gpxtpx:atemp>25</gpxtpx:atemp>
     </gpxtpx:TrackPointExtension>
    </extensions>
   </trkpt>
   <trkpt lat="48.4101860" lon="15.6241850">
    <ele>260.4</ele>
    <time>2024-06-08T17:32:12Z</time>
    <extensions>
     <gpxtpx:TrackPointExtension>
      <gpxtpx:atemp>25</gpxtpx:atemp>
     </gpxtpx:TrackPointExtension>
    </extensions>
   </trkpt>
   <trkpt lat="48.4102550" lon="15.6235830">
    <ele>260.0</ele>
    <time>2024-06-08T17:32:20Z</time>
    <extensions>
     <gpxtpx:TrackPointExtension>
      <gpxtpx:atemp>25</gpxtpx:atemp>
     </gpxtpx:TrackPointExtension>
    </extensions>
   </trkpt>
   <trkpt lat="48.4103220" lon="15.6229760">
    <ele>259.8</ele>
    <time>2024-06-08T17:32:28Z</time>
    <extensions>
     <gpxtpx:TrackPointExtension>
      <gpxtpx:atemp>25</gpxtpx:atemp>
     </gpxtpx:TrackPointExtension>
    </extensions>
   </trkpt>
   <trkpt lat="48.4103390" lon="15.6228150">
    <ele>259.6</ele>
    <time>2024-06-08T17:32:30Z</time>
    <extensions>
     <gpxtpx:TrackPointExtension>
      <gpxtpx:atemp>25</gpxtpx:atemp>
     </gpxtpx:TrackPointExtension>
    </extensions>
   </trkpt>
   <trkpt lat="48.4103820" lon="15.6224000">
    <ele>259.4</ele>
    <time>2024-06-08T17:32:35Z</time>
    <extensions>
     <gpxtpx:TrackPointExtension>
      <gpxtpx:atemp>25</gpxtpx:atemp>
     </gpxtpx:TrackPointExtension>
    </extensions>
   </trkpt>
   <trkpt lat="48.4104740" lon="15.6216360">
    <ele>259.2</ele>
    <time>2024-06-08T17:32:45Z</time>
    <extensions>
     <gpxtpx:TrackPointExtension>
      <gpxtpx:atemp>25</gpxtpx:atemp>
     </gpxtpx:TrackPointExtension>
    </extensions>
   </trkpt>
   <trkpt lat="48.4105560" lon="15.6209260">
    <ele>258.8</ele>
    <time>2024-06-08T17:32:55Z</time>
    <extensions>
     <gpxtpx:TrackPointExtension>
      <gpxtpx:atemp>25</gpxtpx:atemp>
     </gpxtpx:TrackPointExtension>
    </extensions>
   </trkpt>
   <trkpt lat="48.4105770" lon="15.6204990">
    <ele>258.8</ele>
    <time>2024-06-08T17:33:02Z</time>
    <extensions>
     <gpxtpx:TrackPointExtension>
      <gpxtpx:atemp>25</gpxtpx:atemp>
     </gpxtpx:TrackPointExtension>
    </extensions>
   </trkpt>
   <trkpt lat="48.4105860" lon="15.6199470">
    <ele>259.0</ele>
    <time>2024-06-08T17:33:12Z</time>
    <extensions>
     <gpxtpx:TrackPointExtension>
      <gpxtpx:atemp>25</gpxtpx:atemp>
     </gpxtpx:TrackPointExtension>
    </extensions>
   </trkpt>
   <trkpt lat="48.4105760" lon="15.6197230">
    <ele>259.2</ele>
    <time>2024-06-08T17:33:18Z</time>
    <extensions>
     <gpxtpx:TrackPointExtension>
      <gpxtpx:atemp>25</gpxtpx:atemp>
     </gpxtpx:TrackPointExtension>
    </extensions>
   </trkpt>
   <trkpt lat="48.4105640" lon="15.6196140">
    <ele>259.6</ele>
    <time>2024-06-08T17:33:24Z</time>
    <extensions>
     <gpxtpx:TrackPointExtension>
      <gpxtpx:atemp>25</gpxtpx:atemp>
     </gpxtpx:TrackPointExtension>
    </extensions>
   </trkpt>
   <trkpt lat="48.4105640" lon="15.6196140">
    <ele>259.6</ele>
    <time>2024-06-08T17:33:26Z</time>
    <extensions>
     <gpxtpx:TrackPointExtension>
      <gpxtpx:atemp>25</gpxtpx:atemp>
     </gpxtpx:TrackPointExtension>
    </extensions>
   </trkpt>
   <trkpt lat="48.4105490" lon="15.6195470">
    <ele>259.8</ele>
    <time>2024-06-08T17:33:51Z</time>
    <extensions>
     <gpxtpx:TrackPointExtension>
      <gpxtpx:atemp>25</gpxtpx:atemp>
     </gpxtpx:TrackPointExtension>
    </extensions>
   </trkpt>
   <trkpt lat="48.4105470" lon="15.6195120">
    <ele>259.8</ele>
    <time>2024-06-08T17:33:52Z</time>
    <extensions>
     <gpxtpx:TrackPointExtension>
      <gpxtpx:atemp>25</gpxtpx:atemp>
     </gpxtpx:TrackPointExtension>
    </extensions>
   </trkpt>
   <trkpt lat="48.4105110" lon="15.6192620">
    <ele>259.8</ele>
    <time>2024-06-08T17:33:57Z</time>
    <extensions>
     <gpxtpx:TrackPointExtension>
      <gpxtpx:atemp>25</gpxtpx:atemp>
     </gpxtpx:TrackPointExtension>
    </extensions>
   </trkpt>
   <trkpt lat="48.4104380" lon="15.6188540">
    <ele>259.2</ele>
    <time>2024-06-08T17:34:04Z</time>
    <extensions>
     <gpxtpx:TrackPointExtension>
      <gpxtpx:atemp>25</gpxtpx:atemp>
     </gpxtpx:TrackPointExtension>
    </extensions>
   </trkpt>
   <trkpt lat="48.4103480" lon="15.6183800">
    <ele>259.2</ele>
    <time>2024-06-08T17:34:12Z</time>
    <extensions>
     <gpxtpx:TrackPointExtension>
      <gpxtpx:atemp>25</gpxtpx:atemp>
     </gpxtpx:TrackPointExtension>
    </extensions>
   </trkpt>
   <trkpt lat="48.4103130" lon="15.6179280">
    <ele>259.2</ele>
    <time>2024-06-08T17:34:19Z</time>
    <extensions>
     <gpxtpx:TrackPointExtension>
      <gpxtpx:atemp>25</gpxtpx:atemp>
     </gpxtpx:TrackPointExtension>
    </extensions>
   </trkpt>
   <trkpt lat="48.4103270" lon="15.6175270">
    <ele>259.4</ele>
    <time>2024-06-08T17:34:26Z</time>
    <extensions>
     <gpxtpx:TrackPointExtension>
      <gpxtpx:atemp>25</gpxtpx:atemp>
     </gpxtpx:TrackPointExtension>
    </extensions>
   </trkpt>
   <trkpt lat="48.4103570" lon="15.6168640">
    <ele>259.6</ele>
    <time>2024-06-08T17:34:38Z</time>
    <extensions>
     <gpxtpx:TrackPointExtension>
      <gpxtpx:atemp>25</gpxtpx:atemp>
     </gpxtpx:TrackPointExtension>
    </extensions>
   </trkpt>
   <trkpt lat="48.4103690" lon="15.6165540">
    <ele>260.0</ele>
    <time>2024-06-08T17:34:45Z</time>
    <extensions>
     <gpxtpx:TrackPointExtension>
      <gpxtpx:atemp>25</gpxtpx:atemp>
     </gpxtpx:TrackPointExtension>
    </extensions>
   </trkpt>
   <trkpt lat="48.4103730" lon="15.6164730">
    <ele>260.4</ele>
    <time>2024-06-08T17:34:47Z</time>
    <extensions>
     <gpxtpx:TrackPointExtension>
      <gpxtpx:atemp>25</gpxtpx:atemp>
     </gpxtpx:TrackPointExtension>
    </extensions>
   </trkpt>
   <trkpt lat="48.4103710" lon="15.6162620">
    <ele>261.0</ele>
    <time>2024-06-08T17:34:52Z</time>
    <extensions>
     <gpxtpx:TrackPointExtension>
      <gpxtpx:atemp>25</gpxtpx:atemp>
     </gpxtpx:TrackPointExtension>
    </extensions>
   </trkpt>
   <trkpt lat="48.4103930" lon="15.6159210">
    <ele>261.0</ele>
    <time>2024-06-08T17:34:58Z</time>
    <extensions>
     <gpxtpx:TrackPointExtension>
      <gpxtpx:atemp>25</gpxtpx:atemp>
     </gpxtpx:TrackPointExtension>
    </extensions>
   </trkpt>
   <trkpt lat="48.4103910" lon="15.6154200">
    <ele>260.6</ele>
    <time>2024-06-08T17:35:05Z</time>
    <extensions>
     <gpxtpx:TrackPointExtension>
      <gpxtpx:atemp>25</gpxtpx:atemp>
     </gpxtpx:TrackPointExtension>
    </extensions>
   </trkpt>
   <trkpt lat="48.4103810" lon="15.6150680">
    <ele>259.6</ele>
    <time>2024-06-08T17:35:10Z</time>
    <extensions>
     <gpxtpx:TrackPointExtension>
      <gpxtpx:atemp>25</gpxtpx:atemp>
     </gpxtpx:TrackPointExtension>
    </extensions>
   </trkpt>
   <trkpt lat="48.4103840" lon="15.6148980">
    <ele>259.4</ele>
    <time>2024-06-08T17:35:13Z</time>
    <extensions>
     <gpxtpx:TrackPointExtension>
      <gpxtpx:atemp>25</gpxtpx:atemp>
     </gpxtpx:TrackPointExtension>
    </extensions>
   </trkpt>
   <trkpt lat="48.4103850" lon="15.6148090">
    <ele>259.4</ele>
    <time>2024-06-08T17:35:17Z</time>
    <extensions>
     <gpxtpx:TrackPointExtension>
      <gpxtpx:atemp>25</gpxtpx:atemp>
     </gpxtpx:TrackPointExtension>
    </extensions>
   </trkpt>
   <trkpt lat="48.4103850" lon="15.6148090">
    <ele>259.4</ele>
    <time>2024-06-08T17:35:18Z</time>
    <extensions>
     <gpxtpx:TrackPointExtension>
      <gpxtpx:atemp>25</gpxtpx:atemp>
     </gpxtpx:TrackPointExtension>
    </extensions>
   </trkpt>
   <trkpt lat="48.4103850" lon="15.6148090">
    <ele>259.4</ele>
    <time>2024-06-08T17:35:19Z</time>
    <extensions>
     <gpxtpx:TrackPointExtension>
      <gpxtpx:atemp>25</gpxtpx:atemp>
     </gpxtpx:TrackPointExtension>
    </extensions>
   </trkpt>
   <trkpt lat="48.4103740" lon="15.6147270">
    <ele>260.4</ele>
    <time>2024-06-08T17:35:46Z</time>
    <extensions>
     <gpxtpx:TrackPointExtension>
      <gpxtpx:atemp>25</gpxtpx:atemp>
     </gpxtpx:TrackPointExtension>
    </extensions>
   </trkpt>
   <trkpt lat="48.4103730" lon="15.6146860">
    <ele>260.4</ele>
    <time>2024-06-08T17:35:47Z</time>
    <extensions>
     <gpxtpx:TrackPointExtension>
      <gpxtpx:atemp>25</gpxtpx:atemp>
     </gpxtpx:TrackPointExtension>
    </extensions>
   </trkpt>
   <trkpt lat="48.4103570" lon="15.6144410">
    <ele>260.2</ele>
    <time>2024-06-08T17:35:52Z</time>
    <extensions>
     <gpxtpx:TrackPointExtension>
      <gpxtpx:atemp>26</gpxtpx:atemp>
     </gpxtpx:TrackPointExtension>
    </extensions>
   </trkpt>
   <trkpt lat="48.4102820" lon="15.6140360">
    <ele>259.8</ele>
    <time>2024-06-08T17:35:59Z</time>
    <extensions>
     <gpxtpx:TrackPointExtension>
      <gpxtpx:atemp>26</gpxtpx:atemp>
     </gpxtpx:TrackPointExtension>
    </extensions>
   </trkpt>
   <trkpt lat="48.4101460" lon="15.6135390">
    <ele>259.6</ele>
    <time>2024-06-08T17:36:07Z</time>
    <extensions>
     <gpxtpx:TrackPointExtension>
      <gpxtpx:atemp>26</gpxtpx:atemp>
     </gpxtpx:TrackPointExtension>
    </extensions>
   </trkpt>
   <trkpt lat="48.4101310" lon="15.6134750">
    <ele>259.6</ele>
    <time>2024-06-08T17:36:08Z</time>
    <extensions>
     <gpxtpx:TrackPointExtension>
      <gpxtpx:atemp>26</gpxtpx:atemp>
     </gpxtpx:TrackPointExtension>
    </extensions>
   </trkpt>
   <trkpt lat="48.4099910" lon="15.6128810">
    <ele>260.0</ele>
    <time>2024-06-08T17:36:18Z</time>
    <extensions>
     <gpxtpx:TrackPointExtension>
      <gpxtpx:atemp>26</gpxtpx:atemp>
     </gpxtpx:TrackPointExtension>
    </extensions>
   </trkpt>
   <trkpt lat="48.4099590" lon="15.6126960">
    <ele>260.2</ele>
    <time>2024-06-08T17:36:21Z</time>
    <extensions>
     <gpxtpx:TrackPointExtension>
      <gpxtpx:atemp>26</gpxtpx:atemp>
     </gpxtpx:TrackPointExtension>
    </extensions>
   </trkpt>
   <trkpt lat="48.4099220" lon="15.6124020">
    <ele>260.2</ele>
    <time>2024-06-08T17:36:26Z</time>
    <extensions>
     <gpxtpx:TrackPointExtension>
      <gpxtpx:atemp>26</gpxtpx:atemp>
     </gpxtpx:TrackPointExtension>
    </extensions>
   </trkpt>
   <trkpt lat="48.4099130" lon="15.6119190">
    <ele>260.6</ele>
    <time>2024-06-08T17:36:34Z</time>
    <extensions>
     <gpxtpx:TrackPointExtension>
      <gpxtpx:atemp>26</gpxtpx:atemp>
     </gpxtpx:TrackPointExtension>
    </extensions>
   </trkpt>
   <trkpt lat="48.4099420" lon="15.6113620">
    <ele>261.0</ele>
    <time>2024-06-08T17:36:42Z</time>
    <extensions>
     <gpxtpx:TrackPointExtension>
      <gpxtpx:atemp>26</gpxtpx:atemp>
     </gpxtpx:TrackPointExtension>
    </extensions>
   </trkpt>
   <trkpt lat="48.4099620" lon="15.6107330">
    <ele>261.0</ele>
    <time>2024-06-08T17:36:51Z</time>
    <extensions>
     <gpxtpx:TrackPointExtension>
      <gpxtpx:atemp>26</gpxtpx:atemp>
     </gpxtpx:TrackPointExtension>
    </extensions>
   </trkpt>
   <trkpt lat="48.4100210" lon="15.6103330">
    <ele>261.0</ele>
    <time>2024-06-08T17:36:57Z</time>
    <extensions>
     <gpxtpx:TrackPointExtension>
      <gpxtpx:atemp>26</gpxtpx:atemp>
     </gpxtpx:TrackPointExtension>
    </extensions>
   </trkpt>
   <trkpt lat="48.4101400" lon="15.6099230">
    <ele>261.2</ele>
    <time>2024-06-08T17:37:04Z</time>
    <extensions>
     <gpxtpx:TrackPointExtension>
      <gpxtpx:atemp>26</gpxtpx:atemp>
     </gpxtpx:TrackPointExtension>
    </extensions>
   </trkpt>
   <trkpt lat="48.4102330" lon="15.6095600">
    <ele>261.4</ele>
    <time>2024-06-08T17:37:10Z</time>
    <extensions>
     <gpxtpx:TrackPointExtension>
      <gpxtpx:atemp>26</gpxtpx:atemp>
     </gpxtpx:TrackPointExtension>
    </extensions>
   </trkpt>
   <trkpt lat="48.4102830" lon="15.6093900">
    <ele>261.6</ele>
    <time>2024-06-08T17:37:13Z</time>
    <extensions>
     <gpxtpx:TrackPointExtension>
      <gpxtpx:atemp>26</gpxtpx:atemp>
     </gpxtpx:TrackPointExtension>
    </extensions>
   </trkpt>
   <trkpt lat="48.4104390" lon="15.6088360">
    <ele>261.6</ele>
    <time>2024-06-08T17:37:22Z</time>
    <extensions>
     <gpxtpx:TrackPointExtension>
      <gpxtpx:atemp>26</gpxtpx:atemp>
     </gpxtpx:TrackPointExtension>
    </extensions>
   </trkpt>
   <trkpt lat="48.4105380" lon="15.6084380">
    <ele>261.2</ele>
    <time>2024-06-08T17:37:28Z</time>
    <extensions>
     <gpxtpx:TrackPointExtension>
      <gpxtpx:atemp>26</gpxtpx:atemp>
     </gpxtpx:TrackPointExtension>
    </extensions>
   </trkpt>
   <trkpt lat="48.4105630" lon="15.6083680">
    <ele>261.2</ele>
    <time>2024-06-08T17:37:29Z</time>
    <extensions>
     <gpxtpx:TrackPointExtension>
      <gpxtpx:atemp>26</gpxtpx:atemp>
     </gpxtpx:TrackPointExtension>
    </extensions>
   </trkpt>
   <trkpt lat="48.4106790" lon="15.6082040">
    <ele>261.0</ele>
    <time>2024-06-08T17:37:32Z</time>
    <extensions>
     <gpxtpx:TrackPointExtension>
      <gpxtpx:atemp>26</gpxtpx:atemp>
     </gpxtpx:TrackPointExtension>
    </extensions>
   </trkpt>
   <trkpt lat="48.4107480" lon="15.6080830">
    <ele>260.8</ele>
    <time>2024-06-08T17:37:34Z</time>
    <extensions>
     <gpxtpx:TrackPointExtension>
      <gpxtpx:atemp>26</gpxtpx:atemp>
     </gpxtpx:TrackPointExtension>
    </extensions>
   </trkpt>
   <trkpt lat="48.4110240" lon="15.6075910">
    <ele>260.6</ele>
    <time>2024-06-08T17:37:42Z</time>
    <extensions>
     <gpxtpx:TrackPointExtension>
      <gpxtpx:atemp>26</gpxtpx:atemp>
     </gpxtpx:TrackPointExtension>
    </extensions>
   </trkpt>
   <trkpt lat="48.4111220" lon="15.6074220">
    <ele>260.6</ele>
    <time>2024-06-08T17:37:46Z</time>
    <extensions>
     <gpxtpx:TrackPointExtension>
      <gpxtpx:atemp>26</gpxtpx:atemp>
     </gpxtpx:TrackPointExtension>
    </extensions>
   </trkpt>
   <trkpt lat="48.4112350" lon="15.6072040">
    <ele>262.6</ele>
    <time>2024-06-08T17:37:53Z</time>
    <extensions>
     <gpxtpx:TrackPointExtension>
      <gpxtpx:atemp>26</gpxtpx:atemp>
     </gpxtpx:TrackPointExtension>
    </extensions>
   </trkpt>
   <trkpt lat="48.4113120" lon="15.6070600">
    <ele>263.6</ele>
    <time>2024-06-08T17:37:57Z</time>
    <extensions>
     <gpxtpx:TrackPointExtension>
      <gpxtpx:atemp>26</gpxtpx:atemp>
     </gpxtpx:TrackPointExtension>
    </extensions>
   </trkpt>
   <trkpt lat="48.4114260" lon="15.6068650">
    <ele>264.0</ele>
    <time>2024-06-08T17:38:02Z</time>
    <extensions>
     <gpxtpx:TrackPointExtension>
      <gpxtpx:atemp>26</gpxtpx:atemp>
     </gpxtpx:TrackPointExtension>
    </extensions>
   </trkpt>
   <trkpt lat="48.4115240" lon="15.6066920">
    <ele>264.2</ele>
    <time>2024-06-08T17:38:07Z</time>
    <extensions>
     <gpxtpx:TrackPointExtension>
      <gpxtpx:atemp>26</gpxtpx:atemp>
     </gpxtpx:TrackPointExtension>
    </extensions>
   </trkpt>
   <trkpt lat="48.4116260" lon="15.6065110">
    <ele>264.2</ele>
    <time>2024-06-08T17:38:11Z</time>
    <extensions>
     <gpxtpx:TrackPointExtension>
      <gpxtpx:atemp>26</gpxtpx:atemp>
     </gpxtpx:TrackPointExtension>
    </extensions>
   </trkpt>
   <trkpt lat="48.4118200" lon="15.6061800">
    <ele>264.2</ele>
    <time>2024-06-08T17:38:18Z</time>
    <extensions>
     <gpxtpx:TrackPointExtension>
      <gpxtpx:atemp>26</gpxtpx:atemp>
     </gpxtpx:TrackPointExtension>
    </extensions>
   </trkpt>
   <trkpt lat="48.4120280" lon="15.6058510">
    <ele>264.0</ele>
    <time>2024-06-08T17:38:24Z</time>
    <extensions>
     <gpxtpx:TrackPointExtension>
      <gpxtpx:atemp>26</gpxtpx:atemp>
     </gpxtpx:TrackPointExtension>
    </extensions>
   </trkpt>
   <trkpt lat="48.4122500" lon="15.6055670">
    <ele>264.0</ele>
    <time>2024-06-08T17:38:31Z</time>
    <extensions>
     <gpxtpx:TrackPointExtension>
      <gpxtpx:atemp>26</gpxtpx:atemp>
     </gpxtpx:TrackPointExtension>
    </extensions>
   </trkpt>
   <trkpt lat="48.4123430" lon="15.6054230">
    <ele>264.4</ele>
    <time>2024-06-08T17:38:37Z</time>
    <extensions>
     <gpxtpx:TrackPointExtension>
      <gpxtpx:atemp>26</gpxtpx:atemp>
     </gpxtpx:TrackPointExtension>
    </extensions>
   </trkpt>
   <trkpt lat="48.4123480" lon="15.6054170">
    <ele>264.6</ele>
    <time>2024-06-08T17:38:38Z</time>
    <extensions>
     <gpxtpx:TrackPointExtension>
      <gpxtpx:atemp>26</gpxtpx:atemp>
     </gpxtpx:TrackPointExtension>
    </extensions>
   </trkpt>
   <trkpt lat="48.4123600" lon="15.6054130">
    <ele>265.2</ele>
    <time>2024-06-08T17:38:41Z</time>
    <extensions>
     <gpxtpx:TrackPointExtension>
      <gpxtpx:atemp>26</gpxtpx:atemp>
     </gpxtpx:TrackPointExtension>
    </extensions>
   </trkpt>
   <trkpt lat="48.4123600" lon="15.6054130">
    <ele>265.4</ele>
    <time>2024-06-08T17:38:43Z</time>
    <extensions>
     <gpxtpx:TrackPointExtension>
      <gpxtpx:atemp>26</gpxtpx:atemp>
     </gpxtpx:TrackPointExtension>
    </extensions>
   </trkpt>
   <trkpt lat="48.4123670" lon="15.6053990">
    <ele>265.6</ele>
    <time>2024-06-08T17:38:45Z</time>
    <extensions>
     <gpxtpx:TrackPointExtension>
      <gpxtpx:atemp>26</gpxtpx:atemp>
     </gpxtpx:TrackPointExtension>
    </extensions>
   </trkpt>
   <trkpt lat="48.4123740" lon="15.6053860">
    <ele>265.8</ele>
    <time>2024-06-08T17:38:46Z</time>
    <extensions>
     <gpxtpx:TrackPointExtension>
      <gpxtpx:atemp>26</gpxtpx:atemp>
     </gpxtpx:TrackPointExtension>
    </extensions>
   </trkpt>
   <trkpt lat="48.4123970" lon="15.6053540">
    <ele>266.0</ele>
    <time>2024-06-08T17:38:49Z</time>
    <extensions>
     <gpxtpx:TrackPointExtension>
      <gpxtpx:atemp>26</gpxtpx:atemp>
     </gpxtpx:TrackPointExtension>
    </extensions>
   </trkpt>
   <trkpt lat="48.4124050" lon="15.6053430">
    <ele>266.0</ele>
    <time>2024-06-08T17:38:53Z</time>
    <extensions>
     <gpxtpx:TrackPointExtension>
      <gpxtpx:atemp>26</gpxtpx:atemp>
     </gpxtpx:TrackPointExtension>
    </extensions>
   </trkpt>
   <trkpt lat="48.4123880" lon="15.6052790">
    <ele>266.2</ele>
    <time>2024-06-08T17:40:41Z</time>
    <extensions>
     <gpxtpx:TrackPointExtension>
      <gpxtpx:atemp>27</gpxtpx:atemp>
     </gpxtpx:TrackPointExtension>
    </extensions>
   </trkpt>
   <trkpt lat="48.4123790" lon="15.6052660">
    <ele>266.2</ele>
    <time>2024-06-08T17:40:42Z</time>
    <extensions>
     <gpxtpx:TrackPointExtension>
      <gpxtpx:atemp>27</gpxtpx:atemp>
     </gpxtpx:TrackPointExtension>
    </extensions>
   </trkpt>
   <trkpt lat="48.4123640" lon="15.6052420">
    <ele>266.2</ele>
    <time>2024-06-08T17:40:44Z</time>
    <extensions>
     <gpxtpx:TrackPointExtension>
      <gpxtpx:atemp>27</gpxtpx:atemp>
     </gpxtpx:TrackPointExtension>
    </extensions>
   </trkpt>
   <trkpt lat="48.4123350" lon="15.6051770">
    <ele>266.2</ele>
    <time>2024-06-08T17:40:48Z</time>
    <extensions>
     <gpxtpx:TrackPointExtension>
      <gpxtpx:atemp>27</gpxtpx:atemp>
     </gpxtpx:TrackPointExtension>
    </extensions>
   </trkpt>
   <trkpt lat="48.4122320" lon="15.6050870">
    <ele>266.2</ele>
    <time>2024-06-08T17:40:52Z</time>
    <extensions>
     <gpxtpx:TrackPointExtension>
      <gpxtpx:atemp>27</gpxtpx:atemp>
     </gpxtpx:TrackPointExtension>
    </extensions>
   </trkpt>
   <trkpt lat="48.4121140" lon="15.6048920">
    <ele>266.0</ele>
    <time>2024-06-08T17:40:57Z</time>
    <extensions>
     <gpxtpx:TrackPointExtension>
      <gpxtpx:atemp>27</gpxtpx:atemp>
     </gpxtpx:TrackPointExtension>
    </extensions>
   </trkpt>
   <trkpt lat="48.4120160" lon="15.6046080">
    <ele>265.2</ele>
    <time>2024-06-08T17:41:03Z</time>
    <extensions>
     <gpxtpx:TrackPointExtension>
      <gpxtpx:atemp>27</gpxtpx:atemp>
     </gpxtpx:TrackPointExtension>
    </extensions>
   </trkpt>
   <trkpt lat="48.4119890" lon="15.6043870">
    <ele>265.2</ele>
    <time>2024-06-08T17:41:07Z</time>
    <extensions>
     <gpxtpx:TrackPointExtension>
      <gpxtpx:atemp>27</gpxtpx:atemp>
     </gpxtpx:TrackPointExtension>
    </extensions>
   </trkpt>
   <trkpt lat="48.4119780" lon="15.6043340">
    <ele>265.2</ele>
    <time>2024-06-08T17:41:08Z</time>
    <extensions>
     <gpxtpx:TrackPointExtension>
      <gpxtpx:atemp>27</gpxtpx:atemp>
     </gpxtpx:TrackPointExtension>
    </extensions>
   </trkpt>
   <trkpt lat="48.4119230" lon="15.6040360">
    <ele>265.4</ele>
    <time>2024-06-08T17:41:14Z</time>
    <extensions>
     <gpxtpx:TrackPointExtension>
      <gpxtpx:atemp>27</gpxtpx:atemp>
     </gpxtpx:TrackPointExtension>
    </extensions>
   </trkpt>
   <trkpt lat="48.4118710" lon="15.6038320">
    <ele>266.0</ele>
    <time>2024-06-08T17:41:20Z</time>
    <extensions>
     <gpxtpx:TrackPointExtension>
      <gpxtpx:atemp>27</gpxtpx:atemp>
     </gpxtpx:TrackPointExtension>
    </extensions>
   </trkpt>
   <trkpt lat="48.4118490" lon="15.6035970">
    <ele>266.4</ele>
    <time>2024-06-08T17:41:25Z</time>
    <extensions>
     <gpxtpx:TrackPointExtension>
      <gpxtpx:atemp>27</gpxtpx:atemp>
     </gpxtpx:TrackPointExtension>
    </extensions>
   </trkpt>
   <trkpt lat="48.4118260" lon="15.6034510">
    <ele>266.8</ele>
    <time>2024-06-08T17:41:29Z</time>
    <extensions>
     <gpxtpx:TrackPointExtension>
      <gpxtpx:atemp>27</gpxtpx:atemp>
     </gpxtpx:TrackPointExtension>
    </extensions>
   </trkpt>
   <trkpt lat="48.4118220" lon="15.6034220">
    <ele>266.8</ele>
    <time>2024-06-08T17:41:30Z</time>
    <extensions>
     <gpxtpx:TrackPointExtension>
      <gpxtpx:atemp>27</gpxtpx:atemp>
     </gpxtpx:TrackPointExtension>
    </extensions>
   </trkpt>
   <trkpt lat="48.4118060" lon="15.6033970">
    <ele>267.0</ele>
    <time>2024-06-08T17:41:31Z</time>
    <extensions>
     <gpxtpx:TrackPointExtension>
      <gpxtpx:atemp>27</gpxtpx:atemp>
     </gpxtpx:TrackPointExtension>
    </extensions>
   </trkpt>
   <trkpt lat="48.4117710" lon="15.6033100">
    <ele>267.2</ele>
    <time>2024-06-08T17:41:36Z</time>
    <extensions>
     <gpxtpx:TrackPointExtension>
      <gpxtpx:atemp>27</gpxtpx:atemp>
     </gpxtpx:TrackPointExtension>
    </extensions>
   </trkpt>
   <trkpt lat="48.4117690" lon="15.6032920">
    <ele>267.4</ele>
    <time>2024-06-08T17:41:37Z</time>
    <extensions>
     <gpxtpx:TrackPointExtension>
      <gpxtpx:atemp>27</gpxtpx:atemp>
     </gpxtpx:TrackPointExtension>
    </extensions>
   </trkpt>
   <trkpt lat="48.4117710" lon="15.6032750">
    <ele>267.6</ele>
    <time>2024-06-08T17:41:38Z</time>
    <extensions>
     <gpxtpx:TrackPointExtension>
      <gpxtpx:atemp>27</gpxtpx:atemp>
     </gpxtpx:TrackPointExtension>
    </extensions>
   </trkpt>
   <trkpt lat="48.4117650" lon="15.6031670">
    <ele>268.2</ele>
    <time>2024-06-08T17:41:43Z</time>
    <extensions>
     <gpxtpx:TrackPointExtension>
      <gpxtpx:atemp>27</gpxtpx:atemp>
     </gpxtpx:TrackPointExtension>
    </extensions>
   </trkpt>
   <trkpt lat="48.4117080" lon="15.6029970">
    <ele>268.2</ele>
    <time>2024-06-08T17:41:49Z</time>
    <extensions>
     <gpxtpx:TrackPointExtension>
      <gpxtpx:atemp>27</gpxtpx:atemp>
     </gpxtpx:TrackPointExtension>
    </extensions>
   </trkpt>
   <trkpt lat="48.4116860" lon="15.6028390">
    <ele>267.8</ele>
    <time>2024-06-08T17:41:55Z</time>
    <extensions>
     <gpxtpx:TrackPointExtension>
      <gpxtpx:atemp>27</gpxtpx:atemp>
     </gpxtpx:TrackPointExtension>
    </extensions>
   </trkpt>
   <trkpt lat="48.4116640" lon="15.6026860">
    <ele>267.8</ele>
    <time>2024-06-08T17:42:00Z</time>
    <extensions>
     <gpxtpx:TrackPointExtension>
      <gpxtpx:atemp>27</gpxtpx:atemp>
     </gpxtpx:TrackPointExtension>
    </extensions>
   </trkpt>
   <trkpt lat="48.4116560" lon="15.6026360">
    <ele>267.6</ele>
    <time>2024-06-08T17:42:02Z</time>
    <extensions>
     <gpxtpx:TrackPointExtension>
      <gpxtpx:atemp>27</gpxtpx:atemp>
     </gpxtpx:TrackPointExtension>
    </extensions>
   </trkpt>
   <trkpt lat="48.4116220" lon="15.6025140">
    <ele>267.4</ele>
    <time>2024-06-08T17:42:07Z</time>
    <extensions>
     <gpxtpx:TrackPointExtension>
      <gpxtpx:atemp>27</gpxtpx:atemp>
     </gpxtpx:TrackPointExtension>
    </extensions>
   </trkpt>
   <trkpt lat="48.4116000" lon="15.6024500">
    <ele>267.2</ele>
    <time>2024-06-08T17:42:09Z</time>
    <extensions>
     <gpxtpx:TrackPointExtension>
      <gpxtpx:atemp>27</gpxtpx:atemp>
     </gpxtpx:TrackPointExtension>
    </extensions>
   </trkpt>
   <trkpt lat="48.4115890" lon="15.6023940">
    <ele>267.2</ele>
    <time>2024-06-08T17:42:11Z</time>
    <extensions>
     <gpxtpx:TrackPointExtension>
      <gpxtpx:atemp>27</gpxtpx:atemp>
     </gpxtpx:TrackPointExtension>
    </extensions>
   </trkpt>
   <trkpt lat="48.4115850" lon="15.6023540">
    <ele>267.2</ele>
    <time>2024-06-08T17:42:12Z</time>
    <extensions>
     <gpxtpx:TrackPointExtension>
      <gpxtpx:atemp>27</gpxtpx:atemp>
     </gpxtpx:TrackPointExtension>
    </extensions>
   </trkpt>
   <trkpt lat="48.4115650" lon="15.6022620">
    <ele>266.8</ele>
    <time>2024-06-08T17:42:15Z</time>
    <extensions>
     <gpxtpx:TrackPointExtension>
      <gpxtpx:atemp>27</gpxtpx:atemp>
     </gpxtpx:TrackPointExtension>
    </extensions>
   </trkpt>
   <trkpt lat="48.4115100" lon="15.6020910">
    <ele>266.6</ele>
    <time>2024-06-08T17:42:21Z</time>
    <extensions>
     <gpxtpx:TrackPointExtension>
      <gpxtpx:atemp>27</gpxtpx:atemp>
     </gpxtpx:TrackPointExtension>
    </extensions>
   </trkpt>
   <trkpt lat="48.4115110" lon="15.6020450">
    <ele>266.4</ele>
    <time>2024-06-08T17:42:26Z</time>
    <extensions>
     <gpxtpx:TrackPointExtension>
      <gpxtpx:atemp>27</gpxtpx:atemp>
     </gpxtpx:TrackPointExtension>
    </extensions>
   </trkpt>
   <trkpt lat="48.4114490" lon="15.6018660">
    <ele>266.6</ele>
    <time>2024-06-08T17:42:53Z</time>
    <extensions>
     <gpxtpx:TrackPointExtension>
      <gpxtpx:atemp>27</gpxtpx:atemp>
     </gpxtpx:TrackPointExtension>
    </extensions>
   </trkpt>
   <trkpt lat="48.4114400" lon="15.6017990">
    <ele>266.6</ele>
    <time>2024-06-08T17:42:56Z</time>
    <extensions>
     <gpxtpx:TrackPointExtension>
      <gpxtpx:atemp>27</gpxtpx:atemp>
     </gpxtpx:TrackPointExtension>
    </extensions>
   </trkpt>
   <trkpt lat="48.4114320" lon="15.6017080">
    <ele>266.6</ele>
    <time>2024-06-08T17:43:00Z</time>
    <extensions>
     <gpxtpx:TrackPointExtension>
      <gpxtpx:atemp>27</gpxtpx:atemp>
     </gpxtpx:TrackPointExtension>
    </extensions>
   </trkpt>
   <trkpt lat="48.4114200" lon="15.6016700">
    <ele>266.8</ele>
    <time>2024-06-08T17:43:02Z</time>
    <extensions>
     <gpxtpx:TrackPointExtension>
      <gpxtpx:atemp>27</gpxtpx:atemp>
     </gpxtpx:TrackPointExtension>
    </extensions>
   </trkpt>
   <trkpt lat="48.4113970" lon="15.6015600">
    <ele>266.8</ele>
    <time>2024-06-08T17:43:07Z</time>
    <extensions>
     <gpxtpx:TrackPointExtension>
      <gpxtpx:atemp>27</gpxtpx:atemp>
     </gpxtpx:TrackPointExtension>
    </extensions>
   </trkpt>
   <trkpt lat="48.4113920" lon="15.6015070">
    <ele>267.0</ele>
    <time>2024-06-08T17:43:10Z</time>
    <extensions>
     <gpxtpx:TrackPointExtension>
      <gpxtpx:atemp>27</gpxtpx:atemp>
     </gpxtpx:TrackPointExtension>
    </extensions>
   </trkpt>
   <trkpt lat="48.4113770" lon="15.6014490">
    <ele>266.8</ele>
    <time>2024-06-08T17:43:13Z</time>
    <extensions>
     <gpxtpx:TrackPointExtension>
      <gpxtpx:atemp>27</gpxtpx:atemp>
     </gpxtpx:TrackPointExtension>
    </extensions>
   </trkpt>
   <trkpt lat="48.4113540" lon="15.6014150">
    <ele>267.0</ele>
    <time>2024-06-08T17:43:15Z</time>
    <extensions>
     <gpxtpx:TrackPointExtension>
      <gpxtpx:atemp>27</gpxtpx:atemp>
     </gpxtpx:TrackPointExtension>
    </extensions>
   </trkpt>
   <trkpt lat="48.4113510" lon="15.6013990">
    <ele>267.0</ele>
    <time>2024-06-08T17:43:16Z</time>
    <extensions>
     <gpxtpx:TrackPointExtension>
      <gpxtpx:atemp>27</gpxtpx:atemp>
     </gpxtpx:TrackPointExtension>
    </extensions>
   </trkpt>
   <trkpt lat="48.4113310" lon="15.6013030">
    <ele>267.0</ele>
    <time>2024-06-08T17:43:21Z</time>
    <extensions>
     <gpxtpx:TrackPointExtension>
      <gpxtpx:atemp>27</gpxtpx:atemp>
     </gpxtpx:TrackPointExtension>
    </extensions>
   </trkpt>
   <trkpt lat="48.4113210" lon="15.6012850">
    <ele>267.0</ele>
    <time>2024-06-08T17:43:22Z</time>
    <extensions>
     <gpxtpx:TrackPointExtension>
      <gpxtpx:atemp>27</gpxtpx:atemp>
     </gpxtpx:TrackPointExtension>
    </extensions>
   </trkpt>
   <trkpt lat="48.4113240" lon="15.6011990">
    <ele>267.2</ele>
    <time>2024-06-08T17:43:26Z</time>
    <extensions>
     <gpxtpx:TrackPointExtension>
      <gpxtpx:atemp>27</gpxtpx:atemp>
     </gpxtpx:TrackPointExtension>
    </extensions>
   </trkpt>
   <trkpt lat="48.4113220" lon="15.6011550">
    <ele>267.2</ele>
    <time>2024-06-08T17:43:28Z</time>
    <extensions>
     <gpxtpx:TrackPointExtension>
      <gpxtpx:atemp>27</gpxtpx:atemp>
     </gpxtpx:TrackPointExtension>
    </extensions>
   </trkpt>
   <trkpt lat="48.4112910" lon="15.6010310">
    <ele>267.4</ele>
    <time>2024-06-08T17:43:34Z</time>
    <extensions>
     <gpxtpx:TrackPointExtension>
      <gpxtpx:atemp>27</gpxtpx:atemp>
     </gpxtpx:TrackPointExtension>
    </extensions>
   </trkpt>
   <trkpt lat="48.4112760" lon="15.6009530">
    <ele>267.6</ele>
    <time>2024-06-08T17:43:38Z</time>
    <extensions>
     <gpxtpx:TrackPointExtension>
      <gpxtpx:atemp>27</gpxtpx:atemp>
     </gpxtpx:TrackPointExtension>
    </extensions>
   </trkpt>
   <trkpt lat="48.4112720" lon="15.6009110">
    <ele>267.6</ele>
    <time>2024-06-08T17:43:40Z</time>
    <extensions>
     <gpxtpx:TrackPointExtension>
      <gpxtpx:atemp>27</gpxtpx:atemp>
     </gpxtpx:TrackPointExtension>
    </extensions>
   </trkpt>
   <trkpt lat="48.4112880" lon="15.6008100">
    <ele>267.6</ele>
    <time>2024-06-08T17:43:45Z</time>
    <extensions>
     <gpxtpx:TrackPointExtension>
      <gpxtpx:atemp>27</gpxtpx:atemp>
     </gpxtpx:TrackPointExtension>
    </extensions>
   </trkpt>
   <trkpt lat="48.4112960" lon="15.6007900">
    <ele>267.6</ele>
    <time>2024-06-08T17:43:46Z</time>
    <extensions>
     <gpxtpx:TrackPointExtension>
      <gpxtpx:atemp>27</gpxtpx:atemp>
     </gpxtpx:TrackPointExtension>
    </extensions>
   </trkpt>
   <trkpt lat="48.4113020" lon="15.6007580">
    <ele>267.6</ele>
    <time>2024-06-08T17:43:48Z</time>
    <extensions>
     <gpxtpx:TrackPointExtension>
      <gpxtpx:atemp>27</gpxtpx:atemp>
     </gpxtpx:TrackPointExtension>
    </extensions>
   </trkpt>
   <trkpt lat="48.4113100" lon="15.6006890">
    <ele>267.8</ele>
    <time>2024-06-08T17:43:51Z</time>
    <extensions>
     <gpxtpx:TrackPointExtension>
      <gpxtpx:atemp>27</gpxtpx:atemp>
     </gpxtpx:TrackPointExtension>
    </extensions>
   </trkpt>
   <trkpt lat="48.4112980" lon="15.6006650">
    <ele>267.8</ele>
    <time>2024-06-08T17:43:53Z</time>
    <extensions>
     <gpxtpx:TrackPointExtension>
      <gpxtpx:atemp>27</gpxtpx:atemp>
     </gpxtpx:TrackPointExtension>
    </extensions>
   </trkpt>
   <trkpt lat="48.4112880" lon="15.6006490">
    <ele>267.8</ele>
    <time>2024-06-08T17:43:56Z</time>
    <extensions>
     <gpxtpx:TrackPointExtension>
      <gpxtpx:atemp>27</gpxtpx:atemp>
     </gpxtpx:TrackPointExtension>
    </extensions>
   </trkpt>
  </trkseg>
 </trk>
</gpx>
