<?xml version="1.0"?>
<gpx version="1.1" creator="GDAL 3.6.3" xmlns:xsi="http://www.w3.org/2001/XMLSchema-instance" xmlns:ogr="http://osgeo.org/gdal" xmlns="http://www.topografix.com/GPX/1/1" xsi:schemaLocation="http://www.topografix.com/GPX/1/1 http://www.topografix.com/GPX/1/1/gpx.xsd">
<metadata><bounds minlat="43.106301000000002" minlon="1.361076000000000" maxlat="43.740831000000000" maxlon="7.427798000000000"/></metadata>                    
<trk>
  <name>2011/09/03 10:37:00</name>
  <extensions>
  </extensions>
  <trkseg>
    <trkpt lat="43.665633" lon="7.211446">
        <ele>0.0</ele>
    </trkpt>
    <trkpt lat="43.665499" lon="7.211515">
        <ele>0.0</ele>
    </trkpt>
    <trkpt lat="43.665563" lon="7.211494">
        <ele>0.0</ele>
    </trkpt>
    <trkpt lat="43.665488" lon="7.21173">
        <ele>0.0</ele>
    </trkpt>
    <trkpt lat="43.66559" lon="7.211778">
        <ele>0.0</ele>
    </trkpt>
    <trkpt lat="43.665633" lon="7.211746">
        <ele>0.0</ele>
    </trkpt>
    <trkpt lat="43.66567" lon="7.211794">
        <ele>0.0</ele>
    </trkpt>
    <trkpt lat="43.665633" lon="7.211848">
        <ele>0.0</ele>
    </trkpt>
    <trkpt lat="43.665579" lon="7.211869">
        <ele>0.0</ele>
    </trkpt>
    <trkpt lat="43.665558" lon="7.211784">
        <ele>0.0</ele>
    </trkpt>
    <trkpt lat="43.665729" lon="7.211725">
        <ele>0.0</ele>
    </trkpt>
    <trkpt lat="43.665772" lon="7.211676">
        <ele>0.0</ele>
    </trkpt>
    <trkpt lat="43.665965" lon="7.211762">
        <ele>0.0</ele>
    </trkpt>
    <trkpt lat="43.666008" lon="7.211725">
        <ele>0.0</ele>
    </trkpt>
    <trkpt lat="43.666062" lon="7.21173">
        <ele>0.0</ele>
    </trkpt>
    <trkpt lat="43.666185" lon="7.211596">
        <ele>0.0</ele>
    </trkpt>
    <trkpt lat="43.666239" lon="7.211617">
        <ele>0.0</ele>
    </trkpt>
    <trkpt lat="43.666314" lon="7.212213">
        <ele>0.0</ele>
    </trkpt>
    <trkpt lat="43.666335" lon="7.21284">
        <ele>0.0</ele>
    </trkpt>
    <trkpt lat="43.666394" lon="7.213388">
        <ele>0.0</ele>
    </trkpt>
    <trkpt lat="43.666437" lon="7.213715">
        <ele>0.0</ele>
    </trkpt>
    <trkpt lat="43.666507" lon="7.213983">
        <ele>0.0</ele>
    </trkpt>
    <trkpt lat="43.666636" lon="7.215072">
        <ele>0.0</ele>
    </trkpt>
    <trkpt lat="43.666652" lon="7.215292">
        <ele>0.0</ele>
    </trkpt>
    <trkpt lat="43.666598" lon="7.215335">
        <ele>0.0</ele>
    </trkpt>
    <trkpt lat="43.666566" lon="7.215421">
        <ele>0.0</ele>
    </trkpt>
    <trkpt lat="43.666571" lon="7.215592">
        <ele>0.0</ele>
    </trkpt>
    <trkpt lat="43.666636" lon="7.215903">
        <ele>0.0</ele>
    </trkpt>
    <trkpt lat="43.666652" lon="7.216392">
        <ele>0.0</ele>
    </trkpt>
    <trkpt lat="43.666786" lon="7.217164">
        <ele>0.0</ele>
    </trkpt>
    <trkpt lat="43.666947" lon="7.21769">
        <ele>0.0</ele>
    </trkpt>
    <trkpt lat="43.667017" lon="7.217786">
        <ele>0.0</ele>
    </trkpt>
    <trkpt lat="43.667054" lon="7.217749">
        <ele>0.0</ele>
    </trkpt>
    <trkpt lat="43.667006" lon="7.217765">
        <ele>0.0</ele>
    </trkpt>
    <trkpt lat="43.667135" lon="7.218205">
        <ele>0.0</ele>
    </trkpt>
    <trkpt lat="43.66751" lon="7.219149">
        <ele>0.0</ele>
    </trkpt>
    <trkpt lat="43.667666" lon="7.21946">
        <ele>0.0</ele>
    </trkpt>
    <trkpt lat="43.66773" lon="7.219675">
        <ele>0.0</ele>
    </trkpt>
    <trkpt lat="43.668374" lon="7.220876">
        <ele>0.0</ele>
    </trkpt>
    <trkpt lat="43.66868" lon="7.221209">
        <ele>0.0</ele>
    </trkpt>
    <trkpt lat="43.669613" lon="7.222486">
        <ele>0.0</ele>
    </trkpt>
    <trkpt lat="43.669946" lon="7.22284">
        <ele>0.0</ele>
    </trkpt>
    <trkpt lat="43.670074" lon="7.223033">
        <ele>0.0</ele>
    </trkpt>
    <trkpt lat="43.670123" lon="7.223188">
        <ele>0.0</ele>
    </trkpt>
    <trkpt lat="43.670638" lon="7.223832">
        <ele>0.0</ele>
    </trkpt>
    <trkpt lat="43.670804" lon="7.22409">
        <ele>0.0</ele>
    </trkpt>
    <trkpt lat="43.671024" lon="7.224347">
        <ele>0.0</ele>
    </trkpt>
    <trkpt lat="43.671115" lon="7.224519">
        <ele>0.0</ele>
    </trkpt>
    <trkpt lat="43.671764" lon="7.225372">
        <ele>0.0</ele>
    </trkpt>
    <trkpt lat="43.672494" lon="7.226176">
        <ele>0.0</ele>
    </trkpt>
    <trkpt lat="43.673127" lon="7.22674">
        <ele>0.0</ele>
    </trkpt>
    <trkpt lat="43.673492" lon="7.227024">
        <ele>0.0</ele>
    </trkpt>
    <trkpt lat="43.673942" lon="7.227292">
        <ele>0.0</ele>
    </trkpt>
    <trkpt lat="43.674055" lon="7.227485">
        <ele>0.0</ele>
    </trkpt>
    <trkpt lat="43.6742" lon="7.227544">
        <ele>0.0</ele>
    </trkpt>
    <trkpt lat="43.674468" lon="7.227753">
        <ele>0.0</ele>
    </trkpt>
    <trkpt lat="43.674618" lon="7.227834">
        <ele>0.0</ele>
    </trkpt>
    <trkpt lat="43.67465" lon="7.227882">
        <ele>0.0</ele>
    </trkpt>
    <trkpt lat="43.674752" lon="7.227829">
        <ele>0.0</ele>
    </trkpt>
    <trkpt lat="43.674795" lon="7.227737">
        <ele>0.0</ele>
    </trkpt>
    <trkpt lat="43.674838" lon="7.227469">
        <ele>0.0</ele>
    </trkpt>
    <trkpt lat="43.674988" lon="7.227555">
        <ele>0.0</ele>
    </trkpt>
    <trkpt lat="43.675026" lon="7.227491">
        <ele>0.0</ele>
    </trkpt>
    <trkpt lat="43.675058" lon="7.227249">
        <ele>0.0</ele>
    </trkpt>
    <trkpt lat="43.675128" lon="7.227239">
        <ele>0.0</ele>
    </trkpt>
    <trkpt lat="43.675171" lon="7.227276">
        <ele>0.0</ele>
    </trkpt>
    <trkpt lat="43.675219" lon="7.227255">
        <ele>0.0</ele>
    </trkpt>
    <trkpt lat="43.675235" lon="7.227169">
        <ele>0.0</ele>
    </trkpt>
    <trkpt lat="43.675192" lon="7.227099">
        <ele>0.0</ele>
    </trkpt>
    <trkpt lat="43.674999" lon="7.22697">
        <ele>0.0</ele>
    </trkpt>
    <trkpt lat="43.674511" lon="7.226761">
        <ele>0.0</ele>
    </trkpt>
    <trkpt lat="43.674387" lon="7.226606">
        <ele>0.0</ele>
    </trkpt>
    <trkpt lat="43.674232" lon="7.226557">
        <ele>0.0</ele>
    </trkpt>
    <trkpt lat="43.673937" lon="7.226246">
        <ele>0.0</ele>
    </trkpt>
    <trkpt lat="43.673803" lon="7.225999">
        <ele>0.0</ele>
    </trkpt>
    <trkpt lat="43.673685" lon="7.225983">
        <ele>0.0</ele>
    </trkpt>
    <trkpt lat="43.673567" lon="7.225919">
        <ele>0.0</ele>
    </trkpt>
    <trkpt lat="43.673459" lon="7.225801">
        <ele>0.0</ele>
    </trkpt>
    <trkpt lat="43.6734" lon="7.22542">
        <ele>0.0</ele>
    </trkpt>
    <trkpt lat="43.673218" lon="7.225238">
        <ele>0.0</ele>
    </trkpt>
    <trkpt lat="43.67303" lon="7.224985">
        <ele>0.0</ele>
    </trkpt>
    <trkpt lat="43.672998" lon="7.224851">
        <ele>0.0</ele>
    </trkpt>
    <trkpt lat="43.672934" lon="7.224835">
        <ele>0.0</ele>
    </trkpt>
    <trkpt lat="43.672789" lon="7.224562">
        <ele>0.0</ele>
    </trkpt>
    <trkpt lat="43.672478" lon="7.224149">
        <ele>0.0</ele>
    </trkpt>
    <trkpt lat="43.672376" lon="7.223886">
        <ele>0.0</ele>
    </trkpt>
    <trkpt lat="43.672268" lon="7.223993">
        <ele>0.0</ele>
    </trkpt>
    <trkpt lat="43.672172" lon="7.224025">
        <ele>0.0</ele>
    </trkpt>
    <trkpt lat="43.672129" lon="7.223998">
        <ele>0.0</ele>
    </trkpt>
    <trkpt lat="43.672016" lon="7.224084">
        <ele>0.0</ele>
    </trkpt>
    <trkpt lat="43.671727" lon="7.224449">
        <ele>0.0</ele>
    </trkpt>
    <trkpt lat="43.671657" lon="7.224481">
        <ele>0.0</ele>
    </trkpt>
    <trkpt lat="43.671534" lon="7.224449">
        <ele>0.0</ele>
    </trkpt>
    <trkpt lat="43.671362" lon="7.224175">
        <ele>0.0</ele>
    </trkpt>
    <trkpt lat="43.671319" lon="7.224057">
        <ele>0.0</ele>
    </trkpt>
    <trkpt lat="43.671061" lon="7.223784">
        <ele>0.0</ele>
    </trkpt>
    <trkpt lat="43.670976" lon="7.223623">
        <ele>0.0</ele>
    </trkpt>
    <trkpt lat="43.670659" lon="7.223194">
        <ele>0.0</ele>
    </trkpt>
    <trkpt lat="43.670541" lon="7.222952">
        <ele>0.0</ele>
    </trkpt>
    <trkpt lat="43.670396" lon="7.222829">
        <ele>0.0</ele>
    </trkpt>
    <trkpt lat="43.670278" lon="7.222775">
        <ele>0.0</ele>
    </trkpt>
    <trkpt lat="43.670187" lon="7.222641">
        <ele>0.0</ele>
    </trkpt>
    <trkpt lat="43.670091" lon="7.222561">
        <ele>0.0</ele>
    </trkpt>
    <trkpt lat="43.670058" lon="7.222512">
        <ele>0.0</ele>
    </trkpt>
    <trkpt lat="43.670069" lon="7.222378">
        <ele>0.0</ele>
    </trkpt>
    <trkpt lat="43.670112" lon="7.222448">
        <ele>0.0</ele>
    </trkpt>
    <trkpt lat="43.670144" lon="7.222394">
        <ele>0.0</ele>
    </trkpt>
  </trkseg>
</trk>
<trk>
  <name>2011/09/03 16:57:00</name>
  <extensions>
  </extensions>
  <trkseg>
    <trkpt lat="43.669704" lon="7.222024">
        <ele>0.0</ele>
    </trkpt>
    <trkpt lat="43.669838" lon="7.222121">
        <ele>0.0</ele>
    </trkpt>
    <trkpt lat="43.669801" lon="7.221944">
        <ele>0.0</ele>
    </trkpt>
    <trkpt lat="43.669694" lon="7.221901">
        <ele>0.0</ele>
    </trkpt>
    <trkpt lat="43.669559" lon="7.221751">
        <ele>0.0</ele>
    </trkpt>
    <trkpt lat="43.669388" lon="7.221445">
        <ele>0.0</ele>
    </trkpt>
    <trkpt lat="43.66913" lon="7.221112">
        <ele>0.0</ele>
    </trkpt>
    <trkpt lat="43.669007" lon="7.220844">
        <ele>0.0</ele>
    </trkpt>
    <trkpt lat="43.668889" lon="7.220855">
        <ele>0.0</ele>
    </trkpt>
    <trkpt lat="43.66883" lon="7.221155">
        <ele>0.0</ele>
    </trkpt>
    <trkpt lat="43.668792" lon="7.221214">
        <ele>0.0</ele>
    </trkpt>
    <trkpt lat="43.668723" lon="7.221236">
        <ele>0.0</ele>
    </trkpt>
    <trkpt lat="43.668803" lon="7.221429">
        <ele>0.0</ele>
    </trkpt>
    <trkpt lat="43.66994" lon="7.22306">
        <ele>0.0</ele>
    </trkpt>
    <trkpt lat="43.670616" lon="7.223966">
        <ele>0.0</ele>
    </trkpt>
    <trkpt lat="43.670901" lon="7.224304">
        <ele>0.0</ele>
    </trkpt>
    <trkpt lat="43.671823" lon="7.225586">
        <ele>0.0</ele>
    </trkpt>
    <trkpt lat="43.672006" lon="7.22579">
        <ele>0.0</ele>
    </trkpt>
    <trkpt lat="43.672472" lon="7.226246">
        <ele>0.0</ele>
    </trkpt>
    <trkpt lat="43.673105" lon="7.226777">
        <ele>0.0</ele>
    </trkpt>
    <trkpt lat="43.673653" lon="7.227169">
        <ele>0.0</ele>
    </trkpt>
    <trkpt lat="43.673974" lon="7.227362">
        <ele>0.0</ele>
    </trkpt>
    <trkpt lat="43.674023" lon="7.227416">
        <ele>0.0</ele>
    </trkpt>
    <trkpt lat="43.674028" lon="7.227485">
        <ele>0.0</ele>
    </trkpt>
    <trkpt lat="43.674178" lon="7.227614">
        <ele>0.0</ele>
    </trkpt>
    <trkpt lat="43.675342" lon="7.228344">
        <ele>0.0</ele>
    </trkpt>
    <trkpt lat="43.675562" lon="7.228531">
        <ele>0.0</ele>
    </trkpt>
    <trkpt lat="43.675729" lon="7.22859">
        <ele>0.0</ele>
    </trkpt>
    <trkpt lat="43.676093" lon="7.228805">
        <ele>0.0</ele>
    </trkpt>
    <trkpt lat="43.676158" lon="7.228853">
        <ele>0.0</ele>
    </trkpt>
    <trkpt lat="43.67626" lon="7.229014">
        <ele>0.0</ele>
    </trkpt>
    <trkpt lat="43.676421" lon="7.229073">
        <ele>0.0</ele>
    </trkpt>
    <trkpt lat="43.676871" lon="7.229315">
        <ele>0.0</ele>
    </trkpt>
    <trkpt lat="43.676962" lon="7.229325">
        <ele>0.0</ele>
    </trkpt>
    <trkpt lat="43.677193" lon="7.229116">
        <ele>0.0</ele>
    </trkpt>
    <trkpt lat="43.677445" lon="7.22917">
        <ele>0.0</ele>
    </trkpt>
    <trkpt lat="43.67855" lon="7.22998">
        <ele>0.0</ele>
    </trkpt>
    <trkpt lat="43.678765" lon="7.230108">
        <ele>0.0</ele>
    </trkpt>
    <trkpt lat="43.679065" lon="7.23035">
        <ele>0.0</ele>
    </trkpt>
    <trkpt lat="43.679237" lon="7.230436">
        <ele>0.0</ele>
    </trkpt>
    <trkpt lat="43.679634" lon="7.230838">
        <ele>0.0</ele>
    </trkpt>
    <trkpt lat="43.679988" lon="7.231047">
        <ele>0.0</ele>
    </trkpt>
    <trkpt lat="43.680723" lon="7.231653">
        <ele>0.0</ele>
    </trkpt>
    <trkpt lat="43.680948" lon="7.231916">
        <ele>0.0</ele>
    </trkpt>
    <trkpt lat="43.682144" lon="7.233129">
        <ele>0.0</ele>
    </trkpt>
    <trkpt lat="43.682332" lon="7.233381">
        <ele>0.0</ele>
    </trkpt>
    <trkpt lat="43.682681" lon="7.233708">
        <ele>0.0</ele>
    </trkpt>
    <trkpt lat="43.682971" lon="7.234041">
        <ele>0.0</ele>
    </trkpt>
    <trkpt lat="43.68304" lon="7.234078">
        <ele>0.0</ele>
    </trkpt>
    <trkpt lat="43.683212" lon="7.234309">
        <ele>0.0</ele>
    </trkpt>
    <trkpt lat="43.684424" lon="7.235634">
        <ele>0.0</ele>
    </trkpt>
    <trkpt lat="43.684666" lon="7.235956">
        <ele>0.0</ele>
    </trkpt>
    <trkpt lat="43.685545" lon="7.236798">
        <ele>0.0</ele>
    </trkpt>
    <trkpt lat="43.686114" lon="7.237533">
        <ele>0.0</ele>
    </trkpt>
    <trkpt lat="43.686291" lon="7.237699">
        <ele>0.0</ele>
    </trkpt>
    <trkpt lat="43.686892" lon="7.238568">
        <ele>0.0</ele>
    </trkpt>
    <trkpt lat="43.687037" lon="7.238729">
        <ele>0.0</ele>
    </trkpt>
    <trkpt lat="43.687562" lon="7.239561">
        <ele>0.0</ele>
    </trkpt>
    <trkpt lat="43.688346" lon="7.241009">
        <ele>0.0</ele>
    </trkpt>
    <trkpt lat="43.688448" lon="7.241299">
        <ele>0.0</ele>
    </trkpt>
    <trkpt lat="43.688727" lon="7.241846">
        <ele>0.0</ele>
    </trkpt>
    <trkpt lat="43.689553" lon="7.24323">
        <ele>0.0</ele>
    </trkpt>
    <trkpt lat="43.689891" lon="7.243874">
        <ele>0.0</ele>
    </trkpt>
    <trkpt lat="43.689901" lon="7.243965">
        <ele>0.0</ele>
    </trkpt>
    <trkpt lat="43.690009" lon="7.244179">
        <ele>0.0</ele>
    </trkpt>
    <trkpt lat="43.690159" lon="7.244635">
        <ele>0.0</ele>
    </trkpt>
    <trkpt lat="43.690282" lon="7.244904">
        <ele>0.0</ele>
    </trkpt>
    <trkpt lat="43.692659" lon="7.251765">
        <ele>0.0</ele>
    </trkpt>
    <trkpt lat="43.693136" lon="7.253776">
        <ele>0.0</ele>
    </trkpt>
    <trkpt lat="43.693791" lon="7.256909">
        <ele>0.0</ele>
    </trkpt>
    <trkpt lat="43.693882" lon="7.257172">
        <ele>0.0</ele>
    </trkpt>
    <trkpt lat="43.694166" lon="7.258427">
        <ele>0.0</ele>
    </trkpt>
    <trkpt lat="43.694493" lon="7.260305">
        <ele>0.0</ele>
    </trkpt>
    <trkpt lat="43.694574" lon="7.261415">
        <ele>0.0</ele>
    </trkpt>
    <trkpt lat="43.694643" lon="7.261893">
        <ele>0.0</ele>
    </trkpt>
    <trkpt lat="43.694622" lon="7.262021">
        <ele>0.0</ele>
    </trkpt>
    <trkpt lat="43.694729" lon="7.262649">
        <ele>0.0</ele>
    </trkpt>
    <trkpt lat="43.694751" lon="7.263073">
        <ele>0.0</ele>
    </trkpt>
    <trkpt lat="43.694713" lon="7.263926">
        <ele>0.0</ele>
    </trkpt>
    <trkpt lat="43.694794" lon="7.264189">
        <ele>0.0</ele>
    </trkpt>
    <trkpt lat="43.694778" lon="7.265369">
        <ele>0.0</ele>
    </trkpt>
    <trkpt lat="43.694853" lon="7.266125">
        <ele>0.0</ele>
    </trkpt>
    <trkpt lat="43.694858" lon="7.267445">
        <ele>0.0</ele>
    </trkpt>
    <trkpt lat="43.694901" lon="7.268169">
        <ele>0.0</ele>
    </trkpt>
    <trkpt lat="43.694869" lon="7.268512">
        <ele>0.0</ele>
    </trkpt>
    <trkpt lat="43.694896" lon="7.268571">
        <ele>0.0</ele>
    </trkpt>
    <trkpt lat="43.694917" lon="7.268931">
        <ele>0.0</ele>
    </trkpt>
    <trkpt lat="43.694874" lon="7.269204">
        <ele>0.0</ele>
    </trkpt>
    <trkpt lat="43.694928" lon="7.269907">
        <ele>0.0</ele>
    </trkpt>
    <trkpt lat="43.694847" lon="7.271001">
        <ele>0.0</ele>
    </trkpt>
    <trkpt lat="43.694896" lon="7.271211">
        <ele>0.0</ele>
    </trkpt>
    <trkpt lat="43.694826" lon="7.271763">
        <ele>0.0</ele>
    </trkpt>
    <trkpt lat="43.694831" lon="7.271849">
        <ele>0.0</ele>
    </trkpt>
    <trkpt lat="43.694896" lon="7.271876">
        <ele>0.0</ele>
    </trkpt>
    <trkpt lat="43.69488" lon="7.272487">
        <ele>0.0</ele>
    </trkpt>
    <trkpt lat="43.694912" lon="7.272546">
        <ele>0.0</ele>
    </trkpt>
    <trkpt lat="43.69489" lon="7.272729">
        <ele>0.0</ele>
    </trkpt>
    <trkpt lat="43.694944" lon="7.2729">
        <ele>0.0</ele>
    </trkpt>
    <trkpt lat="43.694922" lon="7.273405">
        <ele>0.0</ele>
    </trkpt>
    <trkpt lat="43.695062" lon="7.27393">
        <ele>0.0</ele>
    </trkpt>
    <trkpt lat="43.695057" lon="7.274236">
        <ele>0.0</ele>
    </trkpt>
    <trkpt lat="43.695008" lon="7.274488">
        <ele>0.0</ele>
    </trkpt>
    <trkpt lat="43.695046" lon="7.275454">
        <ele>0.0</ele>
    </trkpt>
    <trkpt lat="43.695019" lon="7.275524">
        <ele>0.0</ele>
    </trkpt>
    <trkpt lat="43.695019" lon="7.275733">
        <ele>0.0</ele>
    </trkpt>
    <trkpt lat="43.694965" lon="7.276103">
        <ele>0.0</ele>
    </trkpt>
    <trkpt lat="43.694955" lon="7.276462">
        <ele>0.0</ele>
    </trkpt>
    <trkpt lat="43.694863" lon="7.276849">
        <ele>0.0</ele>
    </trkpt>
    <trkpt lat="43.694831" lon="7.277905">
        <ele>0.0</ele>
    </trkpt>
    <trkpt lat="43.694756" lon="7.27834">
        <ele>0.0</ele>
    </trkpt>
    <trkpt lat="43.694365" lon="7.278994">
        <ele>0.0</ele>
    </trkpt>
    <trkpt lat="43.694247" lon="7.279048">
        <ele>0.0</ele>
    </trkpt>
    <trkpt lat="43.694187" lon="7.279032">
        <ele>0.0</ele>
    </trkpt>
    <trkpt lat="43.694053" lon="7.27907">
        <ele>0.0</ele>
    </trkpt>
    <trkpt lat="43.693887" lon="7.279043">
        <ele>0.0</ele>
    </trkpt>
    <trkpt lat="43.693796" lon="7.279091">
        <ele>0.0</ele>
    </trkpt>
    <trkpt lat="43.693855" lon="7.27922">
        <ele>0.0</ele>
    </trkpt>
    <trkpt lat="43.693721" lon="7.279327">
        <ele>0.0</ele>
    </trkpt>
    <trkpt lat="43.693694" lon="7.279381">
        <ele>0.0</ele>
    </trkpt>
    <trkpt lat="43.69364" lon="7.279767">
        <ele>0.0</ele>
    </trkpt>
    <trkpt lat="43.693533" lon="7.280158">
        <ele>0.0</ele>
    </trkpt>
    <trkpt lat="43.693474" lon="7.280314">
        <ele>0.0</ele>
    </trkpt>
    <trkpt lat="43.693318" lon="7.280539">
        <ele>0.0</ele>
    </trkpt>
    <trkpt lat="43.693168" lon="7.280926">
        <ele>0.0</ele>
    </trkpt>
    <trkpt lat="43.69312" lon="7.281414">
        <ele>0.0</ele>
    </trkpt>
    <trkpt lat="43.693361" lon="7.282149">
        <ele>0.0</ele>
    </trkpt>
    <trkpt lat="43.693603" lon="7.282594">
        <ele>0.0</ele>
    </trkpt>
    <trkpt lat="43.693801" lon="7.282782">
        <ele>0.0</ele>
    </trkpt>
    <trkpt lat="43.693919" lon="7.282835">
        <ele>0.0</ele>
    </trkpt>
    <trkpt lat="43.694059" lon="7.282948">
        <ele>0.0</ele>
    </trkpt>
    <trkpt lat="43.694279" lon="7.283045">
        <ele>0.0</ele>
    </trkpt>
    <trkpt lat="43.694348" lon="7.283114">
        <ele>0.0</ele>
    </trkpt>
    <trkpt lat="43.695373" lon="7.283511">
        <ele>0.0</ele>
    </trkpt>
    <trkpt lat="43.695668" lon="7.283586">
        <ele>0.0</ele>
    </trkpt>
    <trkpt lat="43.695883" lon="7.283629">
        <ele>0.0</ele>
    </trkpt>
    <trkpt lat="43.696135" lon="7.283619">
        <ele>0.0</ele>
    </trkpt>
    <trkpt lat="43.696349" lon="7.283672">
        <ele>0.0</ele>
    </trkpt>
    <trkpt lat="43.696639" lon="7.283656">
        <ele>0.0</ele>
    </trkpt>
    <trkpt lat="43.696918" lon="7.283683">
        <ele>0.0</ele>
    </trkpt>
    <trkpt lat="43.697293" lon="7.283796">
        <ele>0.0</ele>
    </trkpt>
    <trkpt lat="43.697615" lon="7.283812">
        <ele>0.0</ele>
    </trkpt>
    <trkpt lat="43.697771" lon="7.283876">
        <ele>0.0</ele>
    </trkpt>
    <trkpt lat="43.698007" lon="7.283881">
        <ele>0.0</ele>
    </trkpt>
    <trkpt lat="43.698211" lon="7.283946">
        <ele>0.0</ele>
    </trkpt>
    <trkpt lat="43.698334" lon="7.283951">
        <ele>0.0</ele>
    </trkpt>
    <trkpt lat="43.698393" lon="7.283999">
        <ele>0.0</ele>
    </trkpt>
    <trkpt lat="43.698522" lon="7.284337">
        <ele>0.0</ele>
    </trkpt>
    <trkpt lat="43.698468" lon="7.285475">
        <ele>0.0</ele>
    </trkpt>
    <trkpt lat="43.698302" lon="7.286333">
        <ele>0.0</ele>
    </trkpt>
    <trkpt lat="43.698372" lon="7.286408">
        <ele>0.0</ele>
    </trkpt>
    <trkpt lat="43.698334" lon="7.286446">
        <ele>0.0</ele>
    </trkpt>
    <trkpt lat="43.698425" lon="7.286419">
        <ele>0.0</ele>
    </trkpt>
    <trkpt lat="43.69834" lon="7.286349">
        <ele>0.0</ele>
    </trkpt>
    <trkpt lat="43.698286" lon="7.28637">
        <ele>0.0</ele>
    </trkpt>
    <trkpt lat="43.698152" lon="7.286344">
        <ele>0.0</ele>
    </trkpt>
    <trkpt lat="43.697792" lon="7.28621">
        <ele>0.0</ele>
    </trkpt>
    <trkpt lat="43.697648" lon="7.28622">
        <ele>0.0</ele>
    </trkpt>
    <trkpt lat="43.697336" lon="7.286129">
        <ele>0.0</ele>
    </trkpt>
    <trkpt lat="43.697304" lon="7.286177">
        <ele>0.0</ele>
    </trkpt>
    <trkpt lat="43.697047" lon="7.286129">
        <ele>0.0</ele>
    </trkpt>
    <trkpt lat="43.696966" lon="7.28614">
        <ele>0.0</ele>
    </trkpt>
    <trkpt lat="43.696762" lon="7.286059">
        <ele>0.0</ele>
    </trkpt>
    <trkpt lat="43.696596" lon="7.285952">
        <ele>0.0</ele>
    </trkpt>
    <trkpt lat="43.696344" lon="7.285893">
        <ele>0.0</ele>
    </trkpt>
    <trkpt lat="43.696296" lon="7.285893">
        <ele>0.0</ele>
    </trkpt>
    <trkpt lat="43.696264" lon="7.285957">
        <ele>0.0</ele>
    </trkpt>
    <trkpt lat="43.696178" lon="7.285898">
        <ele>0.0</ele>
    </trkpt>
    <trkpt lat="43.69548" lon="7.285909">
        <ele>0.0</ele>
    </trkpt>
    <trkpt lat="43.695443" lon="7.285947">
        <ele>0.0</ele>
    </trkpt>
    <trkpt lat="43.695346" lon="7.285941">
        <ele>0.0</ele>
    </trkpt>
    <trkpt lat="43.695309" lon="7.286">
        <ele>0.0</ele>
    </trkpt>
    <trkpt lat="43.695271" lon="7.285957">
        <ele>0.0</ele>
    </trkpt>
    <trkpt lat="43.694998" lon="7.285904">
        <ele>0.0</ele>
    </trkpt>
    <trkpt lat="43.695099" lon="7.28592">
        <ele>0.0</ele>
    </trkpt>
    <trkpt lat="43.695228" lon="7.285872">
        <ele>0.0</ele>
    </trkpt>
    <trkpt lat="43.695604" lon="7.285845">
        <ele>0.0</ele>
    </trkpt>
    <trkpt lat="43.695968" lon="7.286">
        <ele>0.0</ele>
    </trkpt>
    <trkpt lat="43.696087" lon="7.286215">
        <ele>0.0</ele>
    </trkpt>
    <trkpt lat="43.696129" lon="7.286376">
        <ele>0.0</ele>
    </trkpt>
    <trkpt lat="43.696119" lon="7.286467">
        <ele>0.0</ele>
    </trkpt>
    <trkpt lat="43.696054" lon="7.286526">
        <ele>0.0</ele>
    </trkpt>
    <trkpt lat="43.695926" lon="7.286628">
        <ele>0.0</ele>
    </trkpt>
    <trkpt lat="43.695824" lon="7.286596">
        <ele>0.0</ele>
    </trkpt>
    <trkpt lat="43.695781" lon="7.28666">
        <ele>0.0</ele>
    </trkpt>
    <trkpt lat="43.695647" lon="7.286676">
        <ele>0.0</ele>
    </trkpt>
    <trkpt lat="43.695496" lon="7.286612">
        <ele>0.0</ele>
    </trkpt>
    <trkpt lat="43.695298" lon="7.28659">
        <ele>0.0</ele>
    </trkpt>
    <trkpt lat="43.695234" lon="7.286515">
        <ele>0.0</ele>
    </trkpt>
    <trkpt lat="43.694563" lon="7.286483">
        <ele>0.0</ele>
    </trkpt>
    <trkpt lat="43.694515" lon="7.286526">
        <ele>0.0</ele>
    </trkpt>
    <trkpt lat="43.694466" lon="7.286526">
        <ele>0.0</ele>
    </trkpt>
    <trkpt lat="43.694359" lon="7.286644">
        <ele>0.0</ele>
    </trkpt>
    <trkpt lat="43.694263" lon="7.286843">
        <ele>0.0</ele>
    </trkpt>
    <trkpt lat="43.69422" lon="7.287449">
        <ele>0.0</ele>
    </trkpt>
    <trkpt lat="43.693962" lon="7.288704">
        <ele>0.0</ele>
    </trkpt>
    <trkpt lat="43.693833" lon="7.289214">
        <ele>0.0</ele>
    </trkpt>
    <trkpt lat="43.693785" lon="7.289337">
        <ele>0.0</ele>
    </trkpt>
    <trkpt lat="43.693737" lon="7.289369">
        <ele>0.0</ele>
    </trkpt>
    <trkpt lat="43.693576" lon="7.289777">
        <ele>0.0</ele>
    </trkpt>
    <trkpt lat="43.693329" lon="7.290195">
        <ele>0.0</ele>
    </trkpt>
    <trkpt lat="43.693195" lon="7.290287">
        <ele>0.0</ele>
    </trkpt>
    <trkpt lat="43.693013" lon="7.290313">
        <ele>0.0</ele>
    </trkpt>
    <trkpt lat="43.692793" lon="7.290453">
        <ele>0.0</ele>
    </trkpt>
    <trkpt lat="43.692691" lon="7.290496">
        <ele>0.0</ele>
    </trkpt>
    <trkpt lat="43.69261" lon="7.290485">
        <ele>0.0</ele>
    </trkpt>
    <trkpt lat="43.692519" lon="7.290533">
        <ele>0.0</ele>
    </trkpt>
    <trkpt lat="43.692369" lon="7.290683">
        <ele>0.0</ele>
    </trkpt>
    <trkpt lat="43.692144" lon="7.290839">
        <ele>0.0</ele>
    </trkpt>
    <trkpt lat="43.691983" lon="7.291021">
        <ele>0.0</ele>
    </trkpt>
    <trkpt lat="43.691731" lon="7.291204">
        <ele>0.0</ele>
    </trkpt>
    <trkpt lat="43.691607" lon="7.291338">
        <ele>0.0</ele>
    </trkpt>
    <trkpt lat="43.691554" lon="7.291461">
        <ele>0.0</ele>
    </trkpt>
    <trkpt lat="43.691511" lon="7.291805">
        <ele>0.0</ele>
    </trkpt>
    <trkpt lat="43.691377" lon="7.292389">
        <ele>0.0</ele>
    </trkpt>
    <trkpt lat="43.691183" lon="7.292765">
        <ele>0.0</ele>
    </trkpt>
    <trkpt lat="43.690883" lon="7.293629">
        <ele>0.0</ele>
    </trkpt>
    <trkpt lat="43.690754" lon="7.293666">
        <ele>0.0</ele>
    </trkpt>
    <trkpt lat="43.690572" lon="7.293795">
        <ele>0.0</ele>
    </trkpt>
    <trkpt lat="43.690432" lon="7.293773">
        <ele>0.0</ele>
    </trkpt>
    <trkpt lat="43.690298" lon="7.293811">
        <ele>0.0</ele>
    </trkpt>
    <trkpt lat="43.690175" lon="7.293897">
        <ele>0.0</ele>
    </trkpt>
    <trkpt lat="43.689832" lon="7.294551">
        <ele>0.0</ele>
    </trkpt>
    <trkpt lat="43.689751" lon="7.294642">
        <ele>0.0</ele>
    </trkpt>
    <trkpt lat="43.689349" lon="7.294605">
        <ele>0.0</ele>
    </trkpt>
    <trkpt lat="43.688732" lon="7.294616">
        <ele>0.0</ele>
    </trkpt>
    <trkpt lat="43.688544" lon="7.294551">
        <ele>0.0</ele>
    </trkpt>
    <trkpt lat="43.688346" lon="7.294546">
        <ele>0.0</ele>
    </trkpt>
    <trkpt lat="43.688297" lon="7.294498">
        <ele>0.0</ele>
    </trkpt>
    <trkpt lat="43.688163" lon="7.294465">
        <ele>0.0</ele>
    </trkpt>
    <trkpt lat="43.688045" lon="7.294471">
        <ele>0.0</ele>
    </trkpt>
    <trkpt lat="43.687916" lon="7.294406">
        <ele>0.0</ele>
    </trkpt>
    <trkpt lat="43.687809" lon="7.294455">
        <ele>0.0</ele>
    </trkpt>
    <trkpt lat="43.687605" lon="7.294455">
        <ele>0.0</ele>
    </trkpt>
    <trkpt lat="43.687455" lon="7.294503">
        <ele>0.0</ele>
    </trkpt>
    <trkpt lat="43.687332" lon="7.29439">
        <ele>0.0</ele>
    </trkpt>
    <trkpt lat="43.687294" lon="7.294428">
        <ele>0.0</ele>
    </trkpt>
    <trkpt lat="43.687074" lon="7.294288">
        <ele>0.0</ele>
    </trkpt>
    <trkpt lat="43.687031" lon="7.294337">
        <ele>0.0</ele>
    </trkpt>
    <trkpt lat="43.686887" lon="7.294616">
        <ele>0.0</ele>
    </trkpt>
    <trkpt lat="43.686887" lon="7.29468">
        <ele>0.0</ele>
    </trkpt>
    <trkpt lat="43.686801" lon="7.294857">
        <ele>0.0</ele>
    </trkpt>
    <trkpt lat="43.686677" lon="7.295007">
        <ele>0.0</ele>
    </trkpt>
    <trkpt lat="43.686597" lon="7.29556">
        <ele>0.0</ele>
    </trkpt>
    <trkpt lat="43.686549" lon="7.295544">
        <ele>0.0</ele>
    </trkpt>
    <trkpt lat="43.686602" lon="7.295554">
        <ele>0.0</ele>
    </trkpt>
    <trkpt lat="43.686704" lon="7.29564">
        <ele>0.0</ele>
    </trkpt>
    <trkpt lat="43.686763" lon="7.29564">
        <ele>0.0</ele>
    </trkpt>
    <trkpt lat="43.686849" lon="7.295587">
        <ele>0.0</ele>
    </trkpt>
    <trkpt lat="43.686913" lon="7.295447">
        <ele>0.0</ele>
    </trkpt>
    <trkpt lat="43.686849" lon="7.295152">
        <ele>0.0</ele>
    </trkpt>
    <trkpt lat="43.686892" lon="7.295023">
        <ele>0.0</ele>
    </trkpt>
    <trkpt lat="43.687047" lon="7.294986">
        <ele>0.0</ele>
    </trkpt>
    <trkpt lat="43.687171" lon="7.29512">
        <ele>0.0</ele>
    </trkpt>
    <trkpt lat="43.687321" lon="7.295608">
        <ele>0.0</ele>
    </trkpt>
    <trkpt lat="43.687418" lon="7.295769">
        <ele>0.0</ele>
    </trkpt>
    <trkpt lat="43.687514" lon="7.295828">
        <ele>0.0</ele>
    </trkpt>
    <trkpt lat="43.687718" lon="7.29549">
        <ele>0.0</ele>
    </trkpt>
    <trkpt lat="43.687992" lon="7.295619">
        <ele>0.0</ele>
    </trkpt>
    <trkpt lat="43.688077" lon="7.295742">
        <ele>0.0</ele>
    </trkpt>
    <trkpt lat="43.688083" lon="7.295817">
        <ele>0.0</ele>
    </trkpt>
    <trkpt lat="43.687997" lon="7.296021">
        <ele>0.0</ele>
    </trkpt>
    <trkpt lat="43.687938" lon="7.296375">
        <ele>0.0</ele>
    </trkpt>
    <trkpt lat="43.687874" lon="7.296536">
        <ele>0.0</ele>
    </trkpt>
    <trkpt lat="43.68782" lon="7.296853">
        <ele>0.0</ele>
    </trkpt>
    <trkpt lat="43.687766" lon="7.29696">
        <ele>0.0</ele>
    </trkpt>
    <trkpt lat="43.687697" lon="7.297255">
        <ele>0.0</ele>
    </trkpt>
    <trkpt lat="43.687616" lon="7.297636">
        <ele>0.0</ele>
    </trkpt>
    <trkpt lat="43.687557" lon="7.298194">
        <ele>0.0</ele>
    </trkpt>
    <trkpt lat="43.687182" lon="7.299824">
        <ele>0.0</ele>
    </trkpt>
    <trkpt lat="43.687123" lon="7.299991">
        <ele>0.0</ele>
    </trkpt>
    <trkpt lat="43.687053" lon="7.300457">
        <ele>0.0</ele>
    </trkpt>
    <trkpt lat="43.686903" lon="7.30101">
        <ele>0.0</ele>
    </trkpt>
    <trkpt lat="43.686795" lon="7.301702">
        <ele>0.0</ele>
    </trkpt>
    <trkpt lat="43.686758" lon="7.301836">
        <ele>0.0</ele>
    </trkpt>
    <trkpt lat="43.68671" lon="7.301879">
        <ele>0.0</ele>
    </trkpt>
    <trkpt lat="43.686667" lon="7.302067">
        <ele>0.0</ele>
    </trkpt>
    <trkpt lat="43.686634" lon="7.302367">
        <ele>0.0</ele>
    </trkpt>
    <trkpt lat="43.686511" lon="7.302721">
        <ele>0.0</ele>
    </trkpt>
    <trkpt lat="43.686323" lon="7.303022">
        <ele>0.0</ele>
    </trkpt>
    <trkpt lat="43.686211" lon="7.303327">
        <ele>0.0</ele>
    </trkpt>
    <trkpt lat="43.686157" lon="7.303724">
        <ele>0.0</ele>
    </trkpt>
    <trkpt lat="43.686237" lon="7.304341">
        <ele>0.0</ele>
    </trkpt>
    <trkpt lat="43.686237" lon="7.304551">
        <ele>0.0</ele>
    </trkpt>
    <trkpt lat="43.68628" lon="7.304701">
        <ele>0.0</ele>
    </trkpt>
    <trkpt lat="43.686414" lon="7.305033">
        <ele>0.0</ele>
    </trkpt>
    <trkpt lat="43.686538" lon="7.305243">
        <ele>0.0</ele>
    </trkpt>
    <trkpt lat="43.686677" lon="7.30535">
        <ele>0.0</ele>
    </trkpt>
    <trkpt lat="43.686763" lon="7.305468">
        <ele>0.0</ele>
    </trkpt>
    <trkpt lat="43.686876" lon="7.305521">
        <ele>0.0</ele>
    </trkpt>
    <trkpt lat="43.687021" lon="7.305709">
        <ele>0.0</ele>
    </trkpt>
    <trkpt lat="43.687391" lon="7.306063">
        <ele>0.0</ele>
    </trkpt>
    <trkpt lat="43.687482" lon="7.306187">
        <ele>0.0</ele>
    </trkpt>
    <trkpt lat="43.687396" lon="7.306294">
        <ele>0.0</ele>
    </trkpt>
    <trkpt lat="43.687439" lon="7.306326">
        <ele>0.0</ele>
    </trkpt>
    <trkpt lat="43.687482" lon="7.306299">
        <ele>0.0</ele>
    </trkpt>
    <trkpt lat="43.687385" lon="7.30631">
        <ele>0.0</ele>
    </trkpt>
    <trkpt lat="43.687423" lon="7.306342">
        <ele>0.0</ele>
    </trkpt>
    <trkpt lat="43.687487" lon="7.30624">
        <ele>0.0</ele>
    </trkpt>
    <trkpt lat="43.687434" lon="7.306337">
        <ele>0.0</ele>
    </trkpt>
    <trkpt lat="43.687482" lon="7.306305">
        <ele>0.0</ele>
    </trkpt>
    <trkpt lat="43.687428" lon="7.306374">
        <ele>0.0</ele>
    </trkpt>
    <trkpt lat="43.687375" lon="7.306342">
        <ele>0.0</ele>
    </trkpt>
    <trkpt lat="43.687385" lon="7.306278">
        <ele>0.0</ele>
    </trkpt>
    <trkpt lat="43.687423" lon="7.30631">
        <ele>0.0</ele>
    </trkpt>
    <trkpt lat="43.687471" lon="7.306267">
        <ele>0.0</ele>
    </trkpt>
    <trkpt lat="43.687761" lon="7.306519">
        <ele>0.0</ele>
    </trkpt>
    <trkpt lat="43.687922" lon="7.306578">
        <ele>0.0</ele>
    </trkpt>
    <trkpt lat="43.688153" lon="7.30675">
        <ele>0.0</ele>
    </trkpt>
    <trkpt lat="43.688759" lon="7.307034">
        <ele>0.0</ele>
    </trkpt>
    <trkpt lat="43.68907" lon="7.307104">
        <ele>0.0</ele>
    </trkpt>
    <trkpt lat="43.689199" lon="7.307104">
        <ele>0.0</ele>
    </trkpt>
    <trkpt lat="43.689097" lon="7.307072">
        <ele>0.0</ele>
    </trkpt>
    <trkpt lat="43.689279" lon="7.307099">
        <ele>0.0</ele>
    </trkpt>
    <trkpt lat="43.689703" lon="7.307045">
        <ele>0.0</ele>
    </trkpt>
    <trkpt lat="43.690148" lon="7.307083">
        <ele>0.0</ele>
    </trkpt>
    <trkpt lat="43.690776" lon="7.307077">
        <ele>0.0</ele>
    </trkpt>
    <trkpt lat="43.690915" lon="7.307115">
        <ele>0.0</ele>
    </trkpt>
    <trkpt lat="43.691141" lon="7.307104">
        <ele>0.0</ele>
    </trkpt>
    <trkpt lat="43.691489" lon="7.307142">
        <ele>0.0</ele>
    </trkpt>
    <trkpt lat="43.692058" lon="7.307147">
        <ele>0.0</ele>
    </trkpt>
    <trkpt lat="43.692889" lon="7.307066">
        <ele>0.0</ele>
    </trkpt>
    <trkpt lat="43.6932" lon="7.306975">
        <ele>0.0</ele>
    </trkpt>
    <trkpt lat="43.69363" lon="7.306766">
        <ele>0.0</ele>
    </trkpt>
    <trkpt lat="43.693699" lon="7.306675">
        <ele>0.0</ele>
    </trkpt>
    <trkpt lat="43.693807" lon="7.3066">
        <ele>0.0</ele>
    </trkpt>
    <trkpt lat="43.693935" lon="7.30646">
        <ele>0.0</ele>
    </trkpt>
    <trkpt lat="43.693946" lon="7.306396">
        <ele>0.0</ele>
    </trkpt>
    <trkpt lat="43.694225" lon="7.305945">
        <ele>0.0</ele>
    </trkpt>
    <trkpt lat="43.694579" lon="7.305559">
        <ele>0.0</ele>
    </trkpt>
    <trkpt lat="43.695116" lon="7.305296">
        <ele>0.0</ele>
    </trkpt>
    <trkpt lat="43.69555" lon="7.305141">
        <ele>0.0</ele>
    </trkpt>
    <trkpt lat="43.695716" lon="7.305023">
        <ele>0.0</ele>
    </trkpt>
    <trkpt lat="43.696371" lon="7.304749">
        <ele>0.0</ele>
    </trkpt>
    <trkpt lat="43.696709" lon="7.304808">
        <ele>0.0</ele>
    </trkpt>
    <trkpt lat="43.69709" lon="7.304787">
        <ele>0.0</ele>
    </trkpt>
    <trkpt lat="43.697782" lon="7.304615">
        <ele>0.0</ele>
    </trkpt>
    <trkpt lat="43.698098" lon="7.304679">
        <ele>0.0</ele>
    </trkpt>
    <trkpt lat="43.698779" lon="7.305259">
        <ele>0.0</ele>
    </trkpt>
    <trkpt lat="43.699493" lon="7.305532">
        <ele>0.0</ele>
    </trkpt>
    <trkpt lat="43.700367" lon="7.30572">
        <ele>0.0</ele>
    </trkpt>
    <trkpt lat="43.700646" lon="7.305843">
        <ele>0.0</ele>
    </trkpt>
    <trkpt lat="43.700839" lon="7.305951">
        <ele>0.0</ele>
    </trkpt>
    <trkpt lat="43.700925" lon="7.306042">
        <ele>0.0</ele>
    </trkpt>
    <trkpt lat="43.701161" lon="7.306353">
        <ele>0.0</ele>
    </trkpt>
    <trkpt lat="43.701311" lon="7.306503">
        <ele>0.0</ele>
    </trkpt>
    <trkpt lat="43.701488" lon="7.306761">
        <ele>0.0</ele>
    </trkpt>
    <trkpt lat="43.701531" lon="7.306782">
        <ele>0.0</ele>
    </trkpt>
    <trkpt lat="43.701655" lon="7.307056">
        <ele>0.0</ele>
    </trkpt>
    <trkpt lat="43.701864" lon="7.307383">
        <ele>0.0</ele>
    </trkpt>
    <trkpt lat="43.702121" lon="7.307935">
        <ele>0.0</ele>
    </trkpt>
    <trkpt lat="43.702449" lon="7.308413">
        <ele>0.0</ele>
    </trkpt>
    <trkpt lat="43.702556" lon="7.308686">
        <ele>0.0</ele>
    </trkpt>
    <trkpt lat="43.702513" lon="7.308708">
        <ele>0.0</ele>
    </trkpt>
    <trkpt lat="43.702465" lon="7.308665">
        <ele>0.0</ele>
    </trkpt>
    <trkpt lat="43.702513" lon="7.308724">
        <ele>0.0</ele>
    </trkpt>
    <trkpt lat="43.70254" lon="7.308847">
        <ele>0.0</ele>
    </trkpt>
    <trkpt lat="43.702545" lon="7.308783">
        <ele>0.0</ele>
    </trkpt>
    <trkpt lat="43.702583" lon="7.308815">
        <ele>0.0</ele>
    </trkpt>
    <trkpt lat="43.702545" lon="7.308762">
        <ele>0.0</ele>
    </trkpt>
    <trkpt lat="43.702535" lon="7.308826">
        <ele>0.0</ele>
    </trkpt>
    <trkpt lat="43.702508" lon="7.308767">
        <ele>0.0</ele>
    </trkpt>
    <trkpt lat="43.702486" lon="7.308837">
        <ele>0.0</ele>
    </trkpt>
    <trkpt lat="43.702529" lon="7.308863">
        <ele>0.0</ele>
    </trkpt>
    <trkpt lat="43.702685" lon="7.308826">
        <ele>0.0</ele>
    </trkpt>
    <trkpt lat="43.703012" lon="7.309116">
        <ele>0.0</ele>
    </trkpt>
    <trkpt lat="43.703055" lon="7.309164">
        <ele>0.0</ele>
    </trkpt>
    <trkpt lat="43.70313" lon="7.309373">
        <ele>0.0</ele>
    </trkpt>
    <trkpt lat="43.703318" lon="7.309663">
        <ele>0.0</ele>
    </trkpt>
    <trkpt lat="43.703463" lon="7.309861">
        <ele>0.0</ele>
    </trkpt>
    <trkpt lat="43.703624" lon="7.310006">
        <ele>0.0</ele>
    </trkpt>
    <trkpt lat="43.703752" lon="7.310028">
        <ele>0.0</ele>
    </trkpt>
    <trkpt lat="43.704214" lon="7.309904">
        <ele>0.0</ele>
    </trkpt>
    <trkpt lat="43.704278" lon="7.309969">
        <ele>0.0</ele>
    </trkpt>
    <trkpt lat="43.704251" lon="7.310033">
        <ele>0.0</ele>
    </trkpt>
    <trkpt lat="43.704069" lon="7.310028">
        <ele>0.0</ele>
    </trkpt>
    <trkpt lat="43.70386" lon="7.310135">
        <ele>0.0</ele>
    </trkpt>
    <trkpt lat="43.703554" lon="7.310457">
        <ele>0.0</ele>
    </trkpt>
    <trkpt lat="43.702851" lon="7.310966">
        <ele>0.0</ele>
    </trkpt>
    <trkpt lat="43.702535" lon="7.311063">
        <ele>0.0</ele>
    </trkpt>
    <trkpt lat="43.702315" lon="7.31117">
        <ele>0.0</ele>
    </trkpt>
    <trkpt lat="43.702068" lon="7.311358">
        <ele>0.0</ele>
    </trkpt>
    <trkpt lat="43.701939" lon="7.311401">
        <ele>0.0</ele>
    </trkpt>
    <trkpt lat="43.701875" lon="7.311567">
        <ele>0.0</ele>
    </trkpt>
    <trkpt lat="43.701907" lon="7.311701">
        <ele>0.0</ele>
    </trkpt>
    <trkpt lat="43.70195" lon="7.311739">
        <ele>0.0</ele>
    </trkpt>
    <trkpt lat="43.702395" lon="7.311369">
        <ele>0.0</ele>
    </trkpt>
    <trkpt lat="43.702459" lon="7.311342">
        <ele>0.0</ele>
    </trkpt>
    <trkpt lat="43.702572" lon="7.311369">
        <ele>0.0</ele>
    </trkpt>
    <trkpt lat="43.702813" lon="7.311556">
        <ele>0.0</ele>
    </trkpt>
    <trkpt lat="43.703007" lon="7.311766">
        <ele>0.0</ele>
    </trkpt>
    <trkpt lat="43.703146" lon="7.311851">
        <ele>0.0</ele>
    </trkpt>
    <trkpt lat="43.703425" lon="7.312168">
        <ele>0.0</ele>
    </trkpt>
    <trkpt lat="43.703624" lon="7.312313">
        <ele>0.0</ele>
    </trkpt>
    <trkpt lat="43.703838" lon="7.312399">
        <ele>0.0</ele>
    </trkpt>
    <trkpt lat="43.704208" lon="7.312747">
        <ele>0.0</ele>
    </trkpt>
    <trkpt lat="43.704396" lon="7.31286">
        <ele>0.0</ele>
    </trkpt>
    <trkpt lat="43.704578" lon="7.312898">
        <ele>0.0</ele>
    </trkpt>
    <trkpt lat="43.704868" lon="7.312892">
        <ele>0.0</ele>
    </trkpt>
    <trkpt lat="43.704991" lon="7.31293">
        <ele>0.0</ele>
    </trkpt>
    <trkpt lat="43.705093" lon="7.313016">
        <ele>0.0</ele>
    </trkpt>
    <trkpt lat="43.705174" lon="7.313042">
        <ele>0.0</ele>
    </trkpt>
    <trkpt lat="43.705276" lon="7.313064">
        <ele>0.0</ele>
    </trkpt>
    <trkpt lat="43.70534" lon="7.313026">
        <ele>0.0</ele>
    </trkpt>
    <trkpt lat="43.705496" lon="7.313048">
        <ele>0.0</ele>
    </trkpt>
    <trkpt lat="43.705576" lon="7.313091">
        <ele>0.0</ele>
    </trkpt>
    <trkpt lat="43.70586" lon="7.313112">
        <ele>0.0</ele>
    </trkpt>
    <trkpt lat="43.705903" lon="7.31316">
        <ele>0.0</ele>
    </trkpt>
    <trkpt lat="43.706" lon="7.313198">
        <ele>0.0</ele>
    </trkpt>
    <trkpt lat="43.706252" lon="7.313375">
        <ele>0.0</ele>
    </trkpt>
    <trkpt lat="43.706311" lon="7.313493">
        <ele>0.0</ele>
    </trkpt>
    <trkpt lat="43.70644" lon="7.313649">
        <ele>0.0</ele>
    </trkpt>
    <trkpt lat="43.706531" lon="7.313815">
        <ele>0.0</ele>
    </trkpt>
    <trkpt lat="43.706719" lon="7.314351">
        <ele>0.0</ele>
    </trkpt>
    <trkpt lat="43.706676" lon="7.314308">
        <ele>0.0</ele>
    </trkpt>
    <trkpt lat="43.706831" lon="7.314571">
        <ele>0.0</ele>
    </trkpt>
    <trkpt lat="43.706874" lon="7.31478">
        <ele>0.0</ele>
    </trkpt>
  </trkseg>
</trk>
<trk>
  <name>2011/09/03 16:57:00</name>
  <extensions>
  </extensions>
  <trkseg>
    <trkpt lat="43.706869" lon="7.314845">
        <ele>0.0</ele>
    </trkpt>
    <trkpt lat="43.706928" lon="7.315258">
        <ele>0.0</ele>
    </trkpt>
    <trkpt lat="43.706885" lon="7.315231">
        <ele>0.0</ele>
    </trkpt>
    <trkpt lat="43.706848" lon="7.314957">
        <ele>0.0</ele>
    </trkpt>
    <trkpt lat="43.706907" lon="7.314834">
        <ele>0.0</ele>
    </trkpt>
    <trkpt lat="43.706896" lon="7.314673">
        <ele>0.0</ele>
    </trkpt>
    <trkpt lat="43.706864" lon="7.314738">
        <ele>0.0</ele>
    </trkpt>
    <trkpt lat="43.706815" lon="7.315156">
        <ele>0.0</ele>
    </trkpt>
    <trkpt lat="43.706858" lon="7.315172">
        <ele>0.0</ele>
    </trkpt>
    <trkpt lat="43.706864" lon="7.315108">
        <ele>0.0</ele>
    </trkpt>
    <trkpt lat="43.706821" lon="7.314695">
        <ele>0.0</ele>
    </trkpt>
    <trkpt lat="43.706858" lon="7.314646">
        <ele>0.0</ele>
    </trkpt>
    <trkpt lat="43.706912" lon="7.314646">
        <ele>0.0</ele>
    </trkpt>
    <trkpt lat="43.706853" lon="7.314689">
        <ele>0.0</ele>
    </trkpt>
    <trkpt lat="43.706805" lon="7.314813">
        <ele>0.0</ele>
    </trkpt>
    <trkpt lat="43.706821" lon="7.315097">
        <ele>0.0</ele>
    </trkpt>
    <trkpt lat="43.706789" lon="7.31522">
        <ele>0.0</ele>
    </trkpt>
    <trkpt lat="43.706826" lon="7.315258">
        <ele>0.0</ele>
    </trkpt>
    <trkpt lat="43.706912" lon="7.315038">
        <ele>0.0</ele>
    </trkpt>
    <trkpt lat="43.706939" lon="7.314915">
        <ele>0.0</ele>
    </trkpt>
    <trkpt lat="43.706912" lon="7.31478">
        <ele>0.0</ele>
    </trkpt>
    <trkpt lat="43.706944" lon="7.314695">
        <ele>0.0</ele>
    </trkpt>
    <trkpt lat="43.706799" lon="7.314416">
        <ele>0.0</ele>
    </trkpt>
    <trkpt lat="43.706724" lon="7.314324">
        <ele>0.0</ele>
    </trkpt>
    <trkpt lat="43.706676" lon="7.314314">
        <ele>0.0</ele>
    </trkpt>
    <trkpt lat="43.706649" lon="7.314373">
        <ele>0.0</ele>
    </trkpt>
    <trkpt lat="43.706708" lon="7.31441">
        <ele>0.0</ele>
    </trkpt>
    <trkpt lat="43.706762" lon="7.314405">
        <ele>0.0</ele>
    </trkpt>
    <trkpt lat="43.70681" lon="7.314453">
        <ele>0.0</ele>
    </trkpt>
    <trkpt lat="43.706907" lon="7.31477">
        <ele>0.0</ele>
    </trkpt>
    <trkpt lat="43.706944" lon="7.315338">
        <ele>0.0</ele>
    </trkpt>
    <trkpt lat="43.706939" lon="7.31581">
        <ele>0.0</ele>
    </trkpt>
    <trkpt lat="43.706896" lon="7.315907">
        <ele>0.0</ele>
    </trkpt>
    <trkpt lat="43.706896" lon="7.316089">
        <ele>0.0</ele>
    </trkpt>
    <trkpt lat="43.706703" lon="7.31654">
        <ele>0.0</ele>
    </trkpt>
    <trkpt lat="43.706445" lon="7.317779">
        <ele>0.0</ele>
    </trkpt>
    <trkpt lat="43.706241" lon="7.318434">
        <ele>0.0</ele>
    </trkpt>
    <trkpt lat="43.705925" lon="7.318975">
        <ele>0.0</ele>
    </trkpt>
    <trkpt lat="43.705887" lon="7.319083">
        <ele>0.0</ele>
    </trkpt>
    <trkpt lat="43.705453" lon="7.319544">
        <ele>0.0</ele>
    </trkpt>
    <trkpt lat="43.705324" lon="7.319791">
        <ele>0.0</ele>
    </trkpt>
    <trkpt lat="43.704938" lon="7.320134">
        <ele>0.0</ele>
    </trkpt>
    <trkpt lat="43.704723" lon="7.320435">
        <ele>0.0</ele>
    </trkpt>
    <trkpt lat="43.7046" lon="7.320558">
        <ele>0.0</ele>
    </trkpt>
    <trkpt lat="43.704417" lon="7.320671">
        <ele>0.0</ele>
    </trkpt>
    <trkpt lat="43.704358" lon="7.320746">
        <ele>0.0</ele>
    </trkpt>
    <trkpt lat="43.704085" lon="7.32088">
        <ele>0.0</ele>
    </trkpt>
    <trkpt lat="43.704117" lon="7.320923">
        <ele>0.0</ele>
    </trkpt>
    <trkpt lat="43.704069" lon="7.320907">
        <ele>0.0</ele>
    </trkpt>
    <trkpt lat="43.704063" lon="7.320971">
        <ele>0.0</ele>
    </trkpt>
    <trkpt lat="43.704181" lon="7.320998">
        <ele>0.0</ele>
    </trkpt>
    <trkpt lat="43.704155" lon="7.321094">
        <ele>0.0</ele>
    </trkpt>
    <trkpt lat="43.703951" lon="7.321132">
        <ele>0.0</ele>
    </trkpt>
    <trkpt lat="43.703881" lon="7.32125">
        <ele>0.0</ele>
    </trkpt>
    <trkpt lat="43.703742" lon="7.32133">
        <ele>0.0</ele>
    </trkpt>
    <trkpt lat="43.703624" lon="7.321346">
        <ele>0.0</ele>
    </trkpt>
    <trkpt lat="43.703452" lon="7.321427">
        <ele>0.0</ele>
    </trkpt>
    <trkpt lat="43.703275" lon="7.321599">
        <ele>0.0</ele>
    </trkpt>
    <trkpt lat="43.703087" lon="7.321636">
        <ele>0.0</ele>
    </trkpt>
    <trkpt lat="43.702524" lon="7.322178">
        <ele>0.0</ele>
    </trkpt>
    <trkpt lat="43.702352" lon="7.322462">
        <ele>0.0</ele>
    </trkpt>
    <trkpt lat="43.702025" lon="7.323052">
        <ele>0.0</ele>
    </trkpt>
    <trkpt lat="43.701794" lon="7.323659">
        <ele>0.0</ele>
    </trkpt>
    <trkpt lat="43.701703" lon="7.324023">
        <ele>0.0</ele>
    </trkpt>
    <trkpt lat="43.701633" lon="7.32471">
        <ele>0.0</ele>
    </trkpt>
    <trkpt lat="43.701537" lon="7.325032">
        <ele>0.0</ele>
    </trkpt>
    <trkpt lat="43.701499" lon="7.325659">
        <ele>0.0</ele>
    </trkpt>
    <trkpt lat="43.701456" lon="7.32574">
        <ele>0.0</ele>
    </trkpt>
    <trkpt lat="43.701424" lon="7.326335">
        <ele>0.0</ele>
    </trkpt>
    <trkpt lat="43.701381" lon="7.326502">
        <ele>0.0</ele>
    </trkpt>
    <trkpt lat="43.701397" lon="7.326593">
        <ele>0.0</ele>
    </trkpt>
    <trkpt lat="43.701751" lon="7.327333">
        <ele>0.0</ele>
    </trkpt>
    <trkpt lat="43.701848" lon="7.327725">
        <ele>0.0</ele>
    </trkpt>
    <trkpt lat="43.702347" lon="7.329066">
        <ele>0.0</ele>
    </trkpt>
    <trkpt lat="43.702459" lon="7.329216">
        <ele>0.0</ele>
    </trkpt>
    <trkpt lat="43.703033" lon="7.329758">
        <ele>0.0</ele>
    </trkpt>
    <trkpt lat="43.703151" lon="7.329951">
        <ele>0.0</ele>
    </trkpt>
    <trkpt lat="43.703328" lon="7.330155">
        <ele>0.0</ele>
    </trkpt>
    <trkpt lat="43.703597" lon="7.330595">
        <ele>0.0</ele>
    </trkpt>
    <trkpt lat="43.70372" lon="7.330734">
        <ele>0.0</ele>
    </trkpt>
    <trkpt lat="43.703902" lon="7.331045">
        <ele>0.0</ele>
    </trkpt>
    <trkpt lat="43.704144" lon="7.331689">
        <ele>0.0</ele>
    </trkpt>
    <trkpt lat="43.704214" lon="7.332022">
        <ele>0.0</ele>
    </trkpt>
    <trkpt lat="43.70423" lon="7.332279">
        <ele>0.0</ele>
    </trkpt>
    <trkpt lat="43.704332" lon="7.332633">
        <ele>0.0</ele>
    </trkpt>
    <trkpt lat="43.704541" lon="7.332923">
        <ele>0.0</ele>
    </trkpt>
    <trkpt lat="43.704718" lon="7.333014">
        <ele>0.0</ele>
    </trkpt>
    <trkpt lat="43.705072" lon="7.333524">
        <ele>0.0</ele>
    </trkpt>
    <trkpt lat="43.705238" lon="7.333889">
        <ele>0.0</ele>
    </trkpt>
    <trkpt lat="43.705356" lon="7.334033">
        <ele>0.0</ele>
    </trkpt>
    <trkpt lat="43.705592" lon="7.334216">
        <ele>0.0</ele>
    </trkpt>
    <trkpt lat="43.705608" lon="7.334296">
        <ele>0.0</ele>
    </trkpt>
    <trkpt lat="43.70585" lon="7.334575">
        <ele>0.0</ele>
    </trkpt>
    <trkpt lat="43.706" lon="7.334951">
        <ele>0.0</ele>
    </trkpt>
    <trkpt lat="43.706091" lon="7.335042">
        <ele>0.0</ele>
    </trkpt>
    <trkpt lat="43.706113" lon="7.335192">
        <ele>0.0</ele>
    </trkpt>
    <trkpt lat="43.706231" lon="7.335273">
        <ele>0.0</ele>
    </trkpt>
    <trkpt lat="43.706638" lon="7.335267">
        <ele>0.0</ele>
    </trkpt>
    <trkpt lat="43.707046" lon="7.334983">
        <ele>0.0</ele>
    </trkpt>
    <trkpt lat="43.707545" lon="7.334522">
        <ele>0.0</ele>
    </trkpt>
    <trkpt lat="43.707625" lon="7.334489">
        <ele>0.0</ele>
    </trkpt>
    <trkpt lat="43.707877" lon="7.3345">
        <ele>0.0</ele>
    </trkpt>
    <trkpt lat="43.707996" lon="7.33457">
        <ele>0.0</ele>
    </trkpt>
    <trkpt lat="43.708301" lon="7.33464">
        <ele>0.0</ele>
    </trkpt>
    <trkpt lat="43.708645" lon="7.334768">
        <ele>0.0</ele>
    </trkpt>
    <trkpt lat="43.708934" lon="7.334806">
        <ele>0.0</ele>
    </trkpt>
    <trkpt lat="43.709095" lon="7.334859">
        <ele>0.0</ele>
    </trkpt>
    <trkpt lat="43.709422" lon="7.335069">
        <ele>0.0</ele>
    </trkpt>
    <trkpt lat="43.709685" lon="7.335315">
        <ele>0.0</ele>
    </trkpt>
    <trkpt lat="43.70983" lon="7.335369">
        <ele>0.0</ele>
    </trkpt>
    <trkpt lat="43.709991" lon="7.335412">
        <ele>0.0</ele>
    </trkpt>
    <trkpt lat="43.710597" lon="7.335476">
        <ele>0.0</ele>
    </trkpt>
    <trkpt lat="43.710887" lon="7.335573">
        <ele>0.0</ele>
    </trkpt>
    <trkpt lat="43.711118" lon="7.335723">
        <ele>0.0</ele>
    </trkpt>
    <trkpt lat="43.711364" lon="7.335798">
        <ele>0.0</ele>
    </trkpt>
    <trkpt lat="43.711504" lon="7.335889">
        <ele>0.0</ele>
    </trkpt>
    <trkpt lat="43.711815" lon="7.33619">
        <ele>0.0</ele>
    </trkpt>
    <trkpt lat="43.711944" lon="7.33627">
        <ele>0.0</ele>
    </trkpt>
    <trkpt lat="43.712158" lon="7.336496">
        <ele>0.0</ele>
    </trkpt>
    <trkpt lat="43.712303" lon="7.336726">
        <ele>0.0</ele>
    </trkpt>
    <trkpt lat="43.712405" lon="7.336801">
        <ele>0.0</ele>
    </trkpt>
    <trkpt lat="43.712657" lon="7.337252">
        <ele>0.0</ele>
    </trkpt>
    <trkpt lat="43.712823" lon="7.337628">
        <ele>0.0</ele>
    </trkpt>
    <trkpt lat="43.712925" lon="7.338035">
        <ele>0.0</ele>
    </trkpt>
    <trkpt lat="43.71307" lon="7.338325">
        <ele>0.0</ele>
    </trkpt>
    <trkpt lat="43.713113" lon="7.338362">
        <ele>0.0</ele>
    </trkpt>
    <trkpt lat="43.713172" lon="7.338647">
        <ele>0.0</ele>
    </trkpt>
    <trkpt lat="43.713381" lon="7.339097">
        <ele>0.0</ele>
    </trkpt>
    <trkpt lat="43.713473" lon="7.339671">
        <ele>0.0</ele>
    </trkpt>
    <trkpt lat="43.713489" lon="7.340358">
        <ele>0.0</ele>
    </trkpt>
    <trkpt lat="43.713848" lon="7.341463">
        <ele>0.0</ele>
    </trkpt>
    <trkpt lat="43.71402" lon="7.342262">
        <ele>0.0</ele>
    </trkpt>
    <trkpt lat="43.714073" lon="7.343711">
        <ele>0.0</ele>
    </trkpt>
    <trkpt lat="43.714052" lon="7.344263">
        <ele>0.0</ele>
    </trkpt>
    <trkpt lat="43.714073" lon="7.344607">
        <ele>0.0</ele>
    </trkpt>
    <trkpt lat="43.714229" lon="7.345186">
        <ele>0.0</ele>
    </trkpt>
    <trkpt lat="43.714218" lon="7.345277">
        <ele>0.0</ele>
    </trkpt>
    <trkpt lat="43.714293" lon="7.34576">
        <ele>0.0</ele>
    </trkpt>
    <trkpt lat="43.714315" lon="7.346028">
        <ele>0.0</ele>
    </trkpt>
    <trkpt lat="43.714288" lon="7.346259">
        <ele>0.0</ele>
    </trkpt>
    <trkpt lat="43.714304" lon="7.346763">
        <ele>0.0</ele>
    </trkpt>
    <trkpt lat="43.714363" lon="7.347428">
        <ele>0.0</ele>
    </trkpt>
    <trkpt lat="43.714449" lon="7.347906">
        <ele>0.0</ele>
    </trkpt>
    <trkpt lat="43.71446" lon="7.348319">
        <ele>0.0</ele>
    </trkpt>
    <trkpt lat="43.714765" lon="7.348952">
        <ele>0.0</ele>
    </trkpt>
    <trkpt lat="43.714776" lon="7.349102">
        <ele>0.0</ele>
    </trkpt>
    <trkpt lat="43.714792" lon="7.349032">
        <ele>0.0</ele>
    </trkpt>
    <trkpt lat="43.714921" lon="7.349274">
        <ele>0.0</ele>
    </trkpt>
    <trkpt lat="43.71498" lon="7.349306">
        <ele>0.0</ele>
    </trkpt>
    <trkpt lat="43.715098" lon="7.350202">
        <ele>0.0</ele>
    </trkpt>
    <trkpt lat="43.715146" lon="7.350379">
        <ele>0.0</ele>
    </trkpt>
    <trkpt lat="43.715339" lon="7.350808">
        <ele>0.0</ele>
    </trkpt>
    <trkpt lat="43.715425" lon="7.350942">
        <ele>0.0</ele>
    </trkpt>
    <trkpt lat="43.715543" lon="7.351028">
        <ele>0.0</ele>
    </trkpt>
    <trkpt lat="43.715752" lon="7.351017">
        <ele>0.0</ele>
    </trkpt>
    <trkpt lat="43.715876" lon="7.350953">
        <ele>0.0</ele>
    </trkpt>
    <trkpt lat="43.716058" lon="7.350722">
        <ele>0.0</ele>
    </trkpt>
    <trkpt lat="43.716149" lon="7.350556">
        <ele>0.0</ele>
    </trkpt>
    <trkpt lat="43.716316" lon="7.350432">
        <ele>0.0</ele>
    </trkpt>
    <trkpt lat="43.716621" lon="7.34996">
        <ele>0.0</ele>
    </trkpt>
    <trkpt lat="43.717056" lon="7.349397">
        <ele>0.0</ele>
    </trkpt>
    <trkpt lat="43.717297" lon="7.34922">
        <ele>0.0</ele>
    </trkpt>
    <trkpt lat="43.717464" lon="7.349209">
        <ele>0.0</ele>
    </trkpt>
    <trkpt lat="43.717963" lon="7.349574">
        <ele>0.0</ele>
    </trkpt>
    <trkpt lat="43.71858" lon="7.350427">
        <ele>0.0</ele>
    </trkpt>
    <trkpt lat="43.718826" lon="7.350867">
        <ele>0.0</ele>
    </trkpt>
    <trkpt lat="43.718923" lon="7.351146">
        <ele>0.0</ele>
    </trkpt>
    <trkpt lat="43.719025" lon="7.351258">
        <ele>0.0</ele>
    </trkpt>
    <trkpt lat="43.719143" lon="7.351516">
        <ele>0.0</ele>
    </trkpt>
    <trkpt lat="43.719534" lon="7.352063">
        <ele>0.0</ele>
    </trkpt>
    <trkpt lat="43.719792" lon="7.352562">
        <ele>0.0</ele>
    </trkpt>
    <trkpt lat="43.720237" lon="7.35319">
        <ele>0.0</ele>
    </trkpt>
    <trkpt lat="43.72057" lon="7.353812">
        <ele>0.0</ele>
    </trkpt>
    <trkpt lat="43.720881" lon="7.354263">
        <ele>0.0</ele>
    </trkpt>
    <trkpt lat="43.721203" lon="7.354831">
        <ele>0.0</ele>
    </trkpt>
    <trkpt lat="43.721385" lon="7.355057">
        <ele>0.0</ele>
    </trkpt>
    <trkpt lat="43.721428" lon="7.355175">
        <ele>0.0</ele>
    </trkpt>
    <trkpt lat="43.721557" lon="7.355309">
        <ele>0.0</ele>
    </trkpt>
    <trkpt lat="43.721578" lon="7.355411">
        <ele>0.0</ele>
    </trkpt>
    <trkpt lat="43.722013" lon="7.355915">
        <ele>0.0</ele>
    </trkpt>
    <trkpt lat="43.722195" lon="7.35606">
        <ele>0.0</ele>
    </trkpt>
    <trkpt lat="43.722335" lon="7.356247">
        <ele>0.0</ele>
    </trkpt>
    <trkpt lat="43.722469" lon="7.356677">
        <ele>0.0</ele>
    </trkpt>
    <trkpt lat="43.722807" lon="7.357358">
        <ele>0.0</ele>
    </trkpt>
    <trkpt lat="43.722807" lon="7.357712">
        <ele>0.0</ele>
    </trkpt>
    <trkpt lat="43.722925" lon="7.358452">
        <ele>0.0</ele>
    </trkpt>
    <trkpt lat="43.722919" lon="7.358656">
        <ele>0.0</ele>
    </trkpt>
    <trkpt lat="43.722989" lon="7.359278">
        <ele>0.0</ele>
    </trkpt>
    <trkpt lat="43.722989" lon="7.359927">
        <ele>0.0</ele>
    </trkpt>
    <trkpt lat="43.722952" lon="7.36077">
        <ele>0.0</ele>
    </trkpt>
    <trkpt lat="43.722903" lon="7.360925">
        <ele>0.0</ele>
    </trkpt>
    <trkpt lat="43.722887" lon="7.361226">
        <ele>0.0</ele>
    </trkpt>
    <trkpt lat="43.722909" lon="7.361885">
        <ele>0.0</ele>
    </trkpt>
    <trkpt lat="43.722807" lon="7.362824">
        <ele>0.0</ele>
    </trkpt>
    <trkpt lat="43.722833" lon="7.363328">
        <ele>0.0</ele>
    </trkpt>
    <trkpt lat="43.722769" lon="7.363634">
        <ele>0.0</ele>
    </trkpt>
    <trkpt lat="43.722764" lon="7.363978">
        <ele>0.0</ele>
    </trkpt>
    <trkpt lat="43.722635" lon="7.364369">
        <ele>0.0</ele>
    </trkpt>
    <trkpt lat="43.722538" lon="7.364562">
        <ele>0.0</ele>
    </trkpt>
    <trkpt lat="43.722399" lon="7.365034">
        <ele>0.0</ele>
    </trkpt>
    <trkpt lat="43.722292" lon="7.365227">
        <ele>0.0</ele>
    </trkpt>
    <trkpt lat="43.722211" lon="7.365463">
        <ele>0.0</ele>
    </trkpt>
    <trkpt lat="43.721702" lon="7.366247">
        <ele>0.0</ele>
    </trkpt>
    <trkpt lat="43.721476" lon="7.366692">
        <ele>0.0</ele>
    </trkpt>
    <trkpt lat="43.721171" lon="7.36711">
        <ele>0.0</ele>
    </trkpt>
    <trkpt lat="43.721053" lon="7.367443">
        <ele>0.0</ele>
    </trkpt>
    <trkpt lat="43.720715" lon="7.367861">
        <ele>0.0</ele>
    </trkpt>
    <trkpt lat="43.720704" lon="7.367958">
        <ele>0.0</ele>
    </trkpt>
    <trkpt lat="43.720468" lon="7.368532">
        <ele>0.0</ele>
    </trkpt>
    <trkpt lat="43.720473" lon="7.368628">
        <ele>0.0</ele>
    </trkpt>
    <trkpt lat="43.720323" lon="7.368913">
        <ele>0.0</ele>
    </trkpt>
    <trkpt lat="43.720253" lon="7.369374">
        <ele>0.0</ele>
    </trkpt>
    <trkpt lat="43.720237" lon="7.369927">
        <ele>0.0</ele>
    </trkpt>
    <trkpt lat="43.720039" lon="7.370238">
        <ele>0.0</ele>
    </trkpt>
    <trkpt lat="43.719905" lon="7.370383">
        <ele>0.0</ele>
    </trkpt>
    <trkpt lat="43.719803" lon="7.370678">
        <ele>0.0</ele>
    </trkpt>
    <trkpt lat="43.719609" lon="7.37079">
        <ele>0.0</ele>
    </trkpt>
    <trkpt lat="43.71932" lon="7.371327">
        <ele>0.0</ele>
    </trkpt>
    <trkpt lat="43.719068" lon="7.371702">
        <ele>0.0</ele>
    </trkpt>
    <trkpt lat="43.718799" lon="7.372287">
        <ele>0.0</ele>
    </trkpt>
    <trkpt lat="43.718671" lon="7.372443">
        <ele>0.0</ele>
    </trkpt>
    <trkpt lat="43.71858" lon="7.372818">
        <ele>0.0</ele>
    </trkpt>
    <trkpt lat="43.718692" lon="7.373172">
        <ele>0.0</ele>
    </trkpt>
    <trkpt lat="43.718955" lon="7.373682">
        <ele>0.0</ele>
    </trkpt>
    <trkpt lat="43.719137" lon="7.374256">
        <ele>0.0</ele>
    </trkpt>
    <trkpt lat="43.719577" lon="7.375109">
        <ele>0.0</ele>
    </trkpt>
    <trkpt lat="43.719674" lon="7.375559">
        <ele>0.0</ele>
    </trkpt>
    <trkpt lat="43.719733" lon="7.375677">
        <ele>0.0</ele>
    </trkpt>
    <trkpt lat="43.719835" lon="7.376037">
        <ele>0.0</ele>
    </trkpt>
    <trkpt lat="43.719899" lon="7.376155">
        <ele>0.0</ele>
    </trkpt>
    <trkpt lat="43.719862" lon="7.376192">
        <ele>0.0</ele>
    </trkpt>
    <trkpt lat="43.719905" lon="7.376171">
        <ele>0.0</ele>
    </trkpt>
    <trkpt lat="43.71999" lon="7.376241">
        <ele>0.0</ele>
    </trkpt>
    <trkpt lat="43.720071" lon="7.376208">
        <ele>0.0</ele>
    </trkpt>
    <trkpt lat="43.720232" lon="7.376364">
        <ele>0.0</ele>
    </trkpt>
    <trkpt lat="43.720226" lon="7.376434">
        <ele>0.0</ele>
    </trkpt>
    <trkpt lat="43.720275" lon="7.37645">
        <ele>0.0</ele>
    </trkpt>
    <trkpt lat="43.720382" lon="7.376402">
        <ele>0.0</ele>
    </trkpt>
    <trkpt lat="43.72035" lon="7.376455">
        <ele>0.0</ele>
    </trkpt>
    <trkpt lat="43.720301" lon="7.376455">
        <ele>0.0</ele>
    </trkpt>
    <trkpt lat="43.720296" lon="7.376375">
        <ele>0.0</ele>
    </trkpt>
    <trkpt lat="43.720382" lon="7.376525">
        <ele>0.0</ele>
    </trkpt>
    <trkpt lat="43.720505" lon="7.376965">
        <ele>0.0</ele>
    </trkpt>
    <trkpt lat="43.720645" lon="7.377276">
        <ele>0.0</ele>
    </trkpt>
    <trkpt lat="43.720875" lon="7.377464">
        <ele>0.0</ele>
    </trkpt>
    <trkpt lat="43.721063" lon="7.377571">
        <ele>0.0</ele>
    </trkpt>
    <trkpt lat="43.72153" lon="7.378225">
        <ele>0.0</ele>
    </trkpt>
    <trkpt lat="43.721943" lon="7.378606">
        <ele>0.0</ele>
    </trkpt>
    <trkpt lat="43.72205" lon="7.378826">
        <ele>0.0</ele>
    </trkpt>
    <trkpt lat="43.722115" lon="7.379266">
        <ele>0.0</ele>
    </trkpt>
    <trkpt lat="43.722104" lon="7.379347">
        <ele>0.0</ele>
    </trkpt>
    <trkpt lat="43.722179" lon="7.379706">
        <ele>0.0</ele>
    </trkpt>
    <trkpt lat="43.722227" lon="7.379776">
        <ele>0.0</ele>
    </trkpt>
    <trkpt lat="43.722351" lon="7.379862">
        <ele>0.0</ele>
    </trkpt>
    <trkpt lat="43.722394" lon="7.37984">
        <ele>0.0</ele>
    </trkpt>
    <trkpt lat="43.722442" lon="7.379883">
        <ele>0.0</ele>
    </trkpt>
    <trkpt lat="43.723129" lon="7.380033">
        <ele>0.0</ele>
    </trkpt>
    <trkpt lat="43.723279" lon="7.380006">
        <ele>0.0</ele>
    </trkpt>
    <trkpt lat="43.723756" lon="7.380162">
        <ele>0.0</ele>
    </trkpt>
    <trkpt lat="43.723928" lon="7.380146">
        <ele>0.0</ele>
    </trkpt>
    <trkpt lat="43.724008" lon="7.380071">
        <ele>0.0</ele>
    </trkpt>
    <trkpt lat="43.724277" lon="7.379947">
        <ele>0.0</ele>
    </trkpt>
    <trkpt lat="43.72448" lon="7.379792">
        <ele>0.0</ele>
    </trkpt>
    <trkpt lat="43.724679" lon="7.379781">
        <ele>0.0</ele>
    </trkpt>
    <trkpt lat="43.724845" lon="7.379835">
        <ele>0.0</ele>
    </trkpt>
    <trkpt lat="43.724856" lon="7.37991">
        <ele>0.0</ele>
    </trkpt>
    <trkpt lat="43.725183" lon="7.380328">
        <ele>0.0</ele>
    </trkpt>
    <trkpt lat="43.725306" lon="7.380779">
        <ele>0.0</ele>
    </trkpt>
    <trkpt lat="43.725253" lon="7.381224">
        <ele>0.0</ele>
    </trkpt>
    <trkpt lat="43.725221" lon="7.381294">
        <ele>0.0</ele>
    </trkpt>
    <trkpt lat="43.725038" lon="7.381476">
        <ele>0.0</ele>
    </trkpt>
    <trkpt lat="43.72499" lon="7.381466">
        <ele>0.0</ele>
    </trkpt>
    <trkpt lat="43.724609" lon="7.381616">
        <ele>0.0</ele>
    </trkpt>
    <trkpt lat="43.724572" lon="7.381669">
        <ele>0.0</ele>
    </trkpt>
    <trkpt lat="43.724024" lon="7.382045">
        <ele>0.0</ele>
    </trkpt>
    <trkpt lat="43.72352" lon="7.382313">
        <ele>0.0</ele>
    </trkpt>
    <trkpt lat="43.723391" lon="7.38264">
        <ele>0.0</ele>
    </trkpt>
    <trkpt lat="43.723348" lon="7.383177">
        <ele>0.0</ele>
    </trkpt>
    <trkpt lat="43.723295" lon="7.383343">
        <ele>0.0</ele>
    </trkpt>
    <trkpt lat="43.723284" lon="7.383472">
        <ele>0.0</ele>
    </trkpt>
    <trkpt lat="43.723327" lon="7.383622">
        <ele>0.0</ele>
    </trkpt>
    <trkpt lat="43.723354" lon="7.383971">
        <ele>0.0</ele>
    </trkpt>
    <trkpt lat="43.723445" lon="7.384491">
        <ele>0.0</ele>
    </trkpt>
    <trkpt lat="43.723772" lon="7.385076">
        <ele>0.0</ele>
    </trkpt>
    <trkpt lat="43.723826" lon="7.385253">
        <ele>0.0</ele>
    </trkpt>
    <trkpt lat="43.723858" lon="7.385559">
        <ele>0.0</ele>
    </trkpt>
    <trkpt lat="43.723847" lon="7.38588">
        <ele>0.0</ele>
    </trkpt>
    <trkpt lat="43.723794" lon="7.386047">
        <ele>0.0</ele>
    </trkpt>
    <trkpt lat="43.723778" lon="7.386261">
        <ele>0.0</ele>
    </trkpt>
    <trkpt lat="43.723622" lon="7.386707">
        <ele>0.0</ele>
    </trkpt>
    <trkpt lat="43.723585" lon="7.387071">
        <ele>0.0</ele>
    </trkpt>
    <trkpt lat="43.723649" lon="7.387468">
        <ele>0.0</ele>
    </trkpt>
    <trkpt lat="43.723611" lon="7.387881">
        <ele>0.0</ele>
    </trkpt>
    <trkpt lat="43.723654" lon="7.388455">
        <ele>0.0</ele>
    </trkpt>
    <trkpt lat="43.723633" lon="7.388681">
        <ele>0.0</ele>
    </trkpt>
    <trkpt lat="43.723686" lon="7.388965">
        <ele>0.0</ele>
    </trkpt>
    <trkpt lat="43.723788" lon="7.389169">
        <ele>0.0</ele>
    </trkpt>
    <trkpt lat="43.723869" lon="7.389459">
        <ele>0.0</ele>
    </trkpt>
    <trkpt lat="43.723874" lon="7.389609">
        <ele>0.0</ele>
    </trkpt>
    <trkpt lat="43.723729" lon="7.390043">
        <ele>0.0</ele>
    </trkpt>
    <trkpt lat="43.723794" lon="7.390161">
        <ele>0.0</ele>
    </trkpt>
    <trkpt lat="43.723751" lon="7.390381">
        <ele>0.0</ele>
    </trkpt>
    <trkpt lat="43.723724" lon="7.391202">
        <ele>0.0</ele>
    </trkpt>
    <trkpt lat="43.72322" lon="7.392763">
        <ele>0.0</ele>
    </trkpt>
    <trkpt lat="43.722801" lon="7.393766">
        <ele>0.0</ele>
    </trkpt>
    <trkpt lat="43.722742" lon="7.393991">
        <ele>0.0</ele>
    </trkpt>
    <trkpt lat="43.722801" lon="7.394582">
        <ele>0.0</ele>
    </trkpt>
    <trkpt lat="43.722887" lon="7.395027">
        <ele>0.0</ele>
    </trkpt>
    <trkpt lat="43.722892" lon="7.395284">
        <ele>0.0</ele>
    </trkpt>
    <trkpt lat="43.722978" lon="7.395531">
        <ele>0.0</ele>
    </trkpt>
    <trkpt lat="43.723037" lon="7.395923">
        <ele>0.0</ele>
    </trkpt>
    <trkpt lat="43.723112" lon="7.396067">
        <ele>0.0</ele>
    </trkpt>
    <trkpt lat="43.723161" lon="7.396261">
        <ele>0.0</ele>
    </trkpt>
    <trkpt lat="43.723209" lon="7.396309">
        <ele>0.0</ele>
    </trkpt>
    <trkpt lat="43.723059" lon="7.396464">
        <ele>0.0</ele>
    </trkpt>
    <trkpt lat="43.723032" lon="7.396556">
        <ele>0.0</ele>
    </trkpt>
    <trkpt lat="43.723096" lon="7.396974">
        <ele>0.0</ele>
    </trkpt>
    <trkpt lat="43.723032" lon="7.397333">
        <ele>0.0</ele>
    </trkpt>
    <trkpt lat="43.722952" lon="7.397532">
        <ele>0.0</ele>
    </trkpt>
    <trkpt lat="43.722903" lon="7.39757">
        <ele>0.0</ele>
    </trkpt>
    <trkpt lat="43.722737" lon="7.397596">
        <ele>0.0</ele>
    </trkpt>
    <trkpt lat="43.722689" lon="7.397629">
        <ele>0.0</ele>
    </trkpt>
    <trkpt lat="43.722286" lon="7.398004">
        <ele>0.0</ele>
    </trkpt>
    <trkpt lat="43.722023" lon="7.398294">
        <ele>0.0</ele>
    </trkpt>
    <trkpt lat="43.721857" lon="7.398498">
        <ele>0.0</ele>
    </trkpt>
    <trkpt lat="43.721712" lon="7.398771">
        <ele>0.0</ele>
    </trkpt>
    <trkpt lat="43.721686" lon="7.398964">
        <ele>0.0</ele>
    </trkpt>
    <trkpt lat="43.721728" lon="7.399313">
        <ele>0.0</ele>
    </trkpt>
    <trkpt lat="43.72197" lon="7.399806">
        <ele>0.0</ele>
    </trkpt>
    <trkpt lat="43.722072" lon="7.400187">
        <ele>0.0</ele>
    </trkpt>
    <trkpt lat="43.722045" lon="7.399919">
        <ele>0.0</ele>
    </trkpt>
    <trkpt lat="43.721814" lon="7.399313">
        <ele>0.0</ele>
    </trkpt>
    <trkpt lat="43.721846" lon="7.39919">
        <ele>0.0</ele>
    </trkpt>
    <trkpt lat="43.721787" lon="7.399018">
        <ele>0.0</ele>
    </trkpt>
    <trkpt lat="43.721761" lon="7.398803">
        <ele>0.0</ele>
    </trkpt>
    <trkpt lat="43.72182" lon="7.398648">
        <ele>0.0</ele>
    </trkpt>
    <trkpt lat="43.722018" lon="7.398465">
        <ele>0.0</ele>
    </trkpt>
    <trkpt lat="43.722163" lon="7.398251">
        <ele>0.0</ele>
    </trkpt>
    <trkpt lat="43.722538" lon="7.397999">
        <ele>0.0</ele>
    </trkpt>
    <trkpt lat="43.722651" lon="7.397972">
        <ele>0.0</ele>
    </trkpt>
    <trkpt lat="43.722758" lon="7.397875">
        <ele>0.0</ele>
    </trkpt>
    <trkpt lat="43.722839" lon="7.397843">
        <ele>0.0</ele>
    </trkpt>
    <trkpt lat="43.723" lon="7.397666">
        <ele>0.0</ele>
    </trkpt>
    <trkpt lat="43.723096" lon="7.397392">
        <ele>0.0</ele>
    </trkpt>
    <trkpt lat="43.723284" lon="7.396566">
        <ele>0.0</ele>
    </trkpt>
    <trkpt lat="43.723279" lon="7.396309">
        <ele>0.0</ele>
    </trkpt>
    <trkpt lat="43.723171" lon="7.395917">
        <ele>0.0</ele>
    </trkpt>
    <trkpt lat="43.723177" lon="7.395778">
        <ele>0.0</ele>
    </trkpt>
    <trkpt lat="43.723086" lon="7.39551">
        <ele>0.0</ele>
    </trkpt>
    <trkpt lat="43.723037" lon="7.395542">
        <ele>0.0</ele>
    </trkpt>
    <trkpt lat="43.723021" lon="7.395633">
        <ele>0.0</ele>
    </trkpt>
    <trkpt lat="43.723064" lon="7.395933">
        <ele>0.0</ele>
    </trkpt>
    <trkpt lat="43.72315" lon="7.396212">
        <ele>0.0</ele>
    </trkpt>
    <trkpt lat="43.723166" lon="7.396507">
        <ele>0.0</ele>
    </trkpt>
    <trkpt lat="43.723139" lon="7.396872">
        <ele>0.0</ele>
    </trkpt>
    <trkpt lat="43.723043" lon="7.397371">
        <ele>0.0</ele>
    </trkpt>
    <trkpt lat="43.722978" lon="7.397505">
        <ele>0.0</ele>
    </trkpt>
    <trkpt lat="43.722785" lon="7.39765">
        <ele>0.0</ele>
    </trkpt>
    <trkpt lat="43.722662" lon="7.397698">
        <ele>0.0</ele>
    </trkpt>
    <trkpt lat="43.722265" lon="7.398047">
        <ele>0.0</ele>
    </trkpt>
    <trkpt lat="43.722007" lon="7.398599">
        <ele>0.0</ele>
    </trkpt>
    <trkpt lat="43.721922" lon="7.398621">
        <ele>0.0</ele>
    </trkpt>
    <trkpt lat="43.721734" lon="7.398836">
        <ele>0.0</ele>
    </trkpt>
    <trkpt lat="43.721696" lon="7.39912">
        <ele>0.0</ele>
    </trkpt>
    <trkpt lat="43.721777" lon="7.399544">
        <ele>0.0</ele>
    </trkpt>
    <trkpt lat="43.722002" lon="7.399951">
        <ele>0.0</ele>
    </trkpt>
    <trkpt lat="43.722061" lon="7.400161">
        <ele>0.0</ele>
    </trkpt>
    <trkpt lat="43.72212" lon="7.400917">
        <ele>0.0</ele>
    </trkpt>
    <trkpt lat="43.722109" lon="7.401153">
        <ele>0.0</ele>
    </trkpt>
    <trkpt lat="43.722168" lon="7.401738">
        <ele>0.0</ele>
    </trkpt>
    <trkpt lat="43.722077" lon="7.402403">
        <ele>0.0</ele>
    </trkpt>
    <trkpt lat="43.7219" lon="7.402912">
        <ele>0.0</ele>
    </trkpt>
    <trkpt lat="43.721755" lon="7.40435">
        <ele>0.0</ele>
    </trkpt>
    <trkpt lat="43.721991" lon="7.40487">
        <ele>0.0</ele>
    </trkpt>
    <trkpt lat="43.722249" lon="7.405257">
        <ele>0.0</ele>
    </trkpt>
    <trkpt lat="43.722351" lon="7.405471">
        <ele>0.0</ele>
    </trkpt>
    <trkpt lat="43.722458" lon="7.405949">
        <ele>0.0</ele>
    </trkpt>
    <trkpt lat="43.722538" lon="7.40655">
        <ele>0.0</ele>
    </trkpt>
    <trkpt lat="43.722587" lon="7.406689">
        <ele>0.0</ele>
    </trkpt>
    <trkpt lat="43.722447" lon="7.407842">
        <ele>0.0</ele>
    </trkpt>
    <trkpt lat="43.722463" lon="7.408078">
        <ele>0.0</ele>
    </trkpt>
    <trkpt lat="43.722651" lon="7.408438">
        <ele>0.0</ele>
    </trkpt>
    <trkpt lat="43.723048" lon="7.408717">
        <ele>0.0</ele>
    </trkpt>
    <trkpt lat="43.723488" lon="7.408958">
        <ele>0.0</ele>
    </trkpt>
    <trkpt lat="43.723585" lon="7.408969">
        <ele>0.0</ele>
    </trkpt>
    <trkpt lat="43.723804" lon="7.408931">
        <ele>0.0</ele>
    </trkpt>
    <trkpt lat="43.724014" lon="7.408781">
        <ele>0.0</ele>
    </trkpt>
    <trkpt lat="43.724159" lon="7.408754">
        <ele>0.0</ele>
    </trkpt>
    <trkpt lat="43.724325" lon="7.408754">
        <ele>0.0</ele>
    </trkpt>
    <trkpt lat="43.724459" lon="7.408808">
        <ele>0.0</ele>
    </trkpt>
    <trkpt lat="43.72462" lon="7.40899">
        <ele>0.0</ele>
    </trkpt>
    <trkpt lat="43.724786" lon="7.409076">
        <ele>0.0</ele>
    </trkpt>
    <trkpt lat="43.724824" lon="7.409151">
        <ele>0.0</ele>
    </trkpt>
    <trkpt lat="43.725028" lon="7.409344">
        <ele>0.0</ele>
    </trkpt>
    <trkpt lat="43.72507" lon="7.409457">
        <ele>0.0</ele>
    </trkpt>
    <trkpt lat="43.725398" lon="7.409709">
        <ele>0.0</ele>
    </trkpt>
    <trkpt lat="43.725478" lon="7.409709">
        <ele>0.0</ele>
    </trkpt>
    <trkpt lat="43.72558" lon="7.409811">
        <ele>0.0</ele>
    </trkpt>
    <trkpt lat="43.725666" lon="7.41001">
        <ele>0.0</ele>
    </trkpt>
    <trkpt lat="43.725757" lon="7.410112">
        <ele>0.0</ele>
    </trkpt>
    <trkpt lat="43.725891" lon="7.410358">
        <ele>0.0</ele>
    </trkpt>
    <trkpt lat="43.725923" lon="7.410643">
        <ele>0.0</ele>
    </trkpt>
    <trkpt lat="43.725988" lon="7.410825">
        <ele>0.0</ele>
    </trkpt>
    <trkpt lat="43.726009" lon="7.410766">
        <ele>0.0</ele>
    </trkpt>
    <trkpt lat="43.726052" lon="7.410809">
        <ele>0.0</ele>
    </trkpt>
    <trkpt lat="43.726138" lon="7.410889">
        <ele>0.0</ele>
    </trkpt>
    <trkpt lat="43.726138" lon="7.410954">
        <ele>0.0</ele>
    </trkpt>
    <trkpt lat="43.726385" lon="7.411093">
        <ele>0.0</ele>
    </trkpt>
    <trkpt lat="43.726428" lon="7.411147">
        <ele>0.0</ele>
    </trkpt>
    <trkpt lat="43.726583" lon="7.411168">
        <ele>0.0</ele>
    </trkpt>
    <trkpt lat="43.726691" lon="7.411249">
        <ele>0.0</ele>
    </trkpt>
    <trkpt lat="43.72713" lon="7.411415">
        <ele>0.0</ele>
    </trkpt>
    <trkpt lat="43.727383" lon="7.411538">
        <ele>0.0</ele>
    </trkpt>
    <trkpt lat="43.727602" lon="7.411715">
        <ele>0.0</ele>
    </trkpt>
    <trkpt lat="43.727881" lon="7.41185">
        <ele>0.0</ele>
    </trkpt>
    <trkpt lat="43.728311" lon="7.412214">
        <ele>0.0</ele>
    </trkpt>
    <trkpt lat="43.728509" lon="7.412343">
        <ele>0.0</ele>
    </trkpt>
    <trkpt lat="43.728788" lon="7.412756">
        <ele>0.0</ele>
    </trkpt>
    <trkpt lat="43.729169" lon="7.412992">
        <ele>0.0</ele>
    </trkpt>
    <trkpt lat="43.729373" lon="7.41318">
        <ele>0.0</ele>
    </trkpt>
    <trkpt lat="43.729518" lon="7.413437">
        <ele>0.0</ele>
    </trkpt>
    <trkpt lat="43.729566" lon="7.413582">
        <ele>0.0</ele>
    </trkpt>
    <trkpt lat="43.729743" lon="7.413829">
        <ele>0.0</ele>
    </trkpt>
    <trkpt lat="43.729893" lon="7.414328">
        <ele>0.0</ele>
    </trkpt>
    <trkpt lat="43.730097" lon="7.414682">
        <ele>0.0</ele>
    </trkpt>
    <trkpt lat="43.730521" lon="7.415111">
        <ele>0.0</ele>
    </trkpt>
    <trkpt lat="43.730864" lon="7.41554">
        <ele>0.0</ele>
    </trkpt>
    <trkpt lat="43.7311" lon="7.416227">
        <ele>0.0</ele>
    </trkpt>
    <trkpt lat="43.731486" lon="7.41715">
        <ele>0.0</ele>
    </trkpt>
    <trkpt lat="43.731449" lon="7.417235">
        <ele>0.0</ele>
    </trkpt>
    <trkpt lat="43.731454" lon="7.417343">
        <ele>0.0</ele>
    </trkpt>
    <trkpt lat="43.731513" lon="7.417423">
        <ele>0.0</ele>
    </trkpt>
    <trkpt lat="43.731728" lon="7.417579">
        <ele>0.0</ele>
    </trkpt>
    <trkpt lat="43.731851" lon="7.417777">
        <ele>0.0</ele>
    </trkpt>
    <trkpt lat="43.731915" lon="7.417954">
        <ele>0.0</ele>
    </trkpt>
    <trkpt lat="43.732012" lon="7.418062">
        <ele>0.0</ele>
    </trkpt>
    <trkpt lat="43.7322" lon="7.418421">
        <ele>0.0</ele>
    </trkpt>
    <trkpt lat="43.732248" lon="7.418695">
        <ele>0.0</ele>
    </trkpt>
    <trkpt lat="43.732307" lon="7.418802">
        <ele>0.0</ele>
    </trkpt>
    <trkpt lat="43.732275" lon="7.418995">
        <ele>0.0</ele>
    </trkpt>
    <trkpt lat="43.732382" lon="7.419226">
        <ele>0.0</ele>
    </trkpt>
    <trkpt lat="43.732355" lon="7.419295">
        <ele>0.0</ele>
    </trkpt>
    <trkpt lat="43.732409" lon="7.419392">
        <ele>0.0</ele>
    </trkpt>
    <trkpt lat="43.732339" lon="7.41951">
        <ele>0.0</ele>
    </trkpt>
    <trkpt lat="43.732151" lon="7.420138">
        <ele>0.0</ele>
    </trkpt>
    <trkpt lat="43.732146" lon="7.420331">
        <ele>0.0</ele>
    </trkpt>
    <trkpt lat="43.732087" lon="7.420647">
        <ele>0.0</ele>
    </trkpt>
    <trkpt lat="43.732066" lon="7.421092">
        <ele>0.0</ele>
    </trkpt>
    <trkpt lat="43.731996" lon="7.421495">
        <ele>0.0</ele>
    </trkpt>
    <trkpt lat="43.732178" lon="7.422165">
        <ele>0.0</ele>
    </trkpt>
    <trkpt lat="43.73228" lon="7.422369">
        <ele>0.0</ele>
    </trkpt>
    <trkpt lat="43.732275" lon="7.422536">
        <ele>0.0</ele>
    </trkpt>
    <trkpt lat="43.732323" lon="7.422654">
        <ele>0.0</ele>
    </trkpt>
    <trkpt lat="43.732425" lon="7.422713">
        <ele>0.0</ele>
    </trkpt>
    <trkpt lat="43.732511" lon="7.422723">
        <ele>0.0</ele>
    </trkpt>
    <trkpt lat="43.732591" lon="7.422696">
        <ele>0.0</ele>
    </trkpt>
    <trkpt lat="43.732903" lon="7.422251">
        <ele>0.0</ele>
    </trkpt>
    <trkpt lat="43.733203" lon="7.421972">
        <ele>0.0</ele>
    </trkpt>
    <trkpt lat="43.733396" lon="7.42187">
        <ele>0.0</ele>
    </trkpt>
    <trkpt lat="43.733868" lon="7.421666">
        <ele>0.0</ele>
    </trkpt>
    <trkpt lat="43.734109" lon="7.421645">
        <ele>0.0</ele>
    </trkpt>
    <trkpt lat="43.734383" lon="7.421484">
        <ele>0.0</ele>
    </trkpt>
    <trkpt lat="43.734753" lon="7.42142">
        <ele>0.0</ele>
    </trkpt>
    <trkpt lat="43.734898" lon="7.421361">
        <ele>0.0</ele>
    </trkpt>
    <trkpt lat="43.735123" lon="7.421345">
        <ele>0.0</ele>
    </trkpt>
    <trkpt lat="43.735241" lon="7.421248">
        <ele>0.0</ele>
    </trkpt>
    <trkpt lat="43.73574" lon="7.421329">
        <ele>0.0</ele>
    </trkpt>
    <trkpt lat="43.735907" lon="7.421312">
        <ele>0.0</ele>
    </trkpt>
    <trkpt lat="43.735955" lon="7.42128">
        <ele>0.0</ele>
    </trkpt>
    <trkpt lat="43.735998" lon="7.421409">
        <ele>0.0</ele>
    </trkpt>
    <trkpt lat="43.736089" lon="7.421425">
        <ele>0.0</ele>
    </trkpt>
    <trkpt lat="43.736105" lon="7.421554">
        <ele>0.0</ele>
    </trkpt>
    <trkpt lat="43.736025" lon="7.421473">
        <ele>0.0</ele>
    </trkpt>
    <trkpt lat="43.735976" lon="7.421468">
        <ele>0.0</ele>
    </trkpt>
    <trkpt lat="43.735992" lon="7.421388">
        <ele>0.0</ele>
    </trkpt>
    <trkpt lat="43.736035" lon="7.421366">
        <ele>0.0</ele>
    </trkpt>
    <trkpt lat="43.735966" lon="7.421468">
        <ele>0.0</ele>
    </trkpt>
    <trkpt lat="43.735998" lon="7.421511">
        <ele>0.0</ele>
    </trkpt>
    <trkpt lat="43.7361" lon="7.421554">
        <ele>0.0</ele>
    </trkpt>
    <trkpt lat="43.736127" lon="7.4215">
        <ele>0.0</ele>
    </trkpt>
    <trkpt lat="43.736228" lon="7.421506">
        <ele>0.0</ele>
    </trkpt>
    <trkpt lat="43.736271" lon="7.421538">
        <ele>0.0</ele>
    </trkpt>
    <trkpt lat="43.736642" lon="7.421516">
        <ele>0.0</ele>
    </trkpt>
    <trkpt lat="43.73676" lon="7.421447">
        <ele>0.0</ele>
    </trkpt>
    <trkpt lat="43.736792" lon="7.421307">
        <ele>0.0</ele>
    </trkpt>
    <trkpt lat="43.73676" lon="7.42105">
        <ele>0.0</ele>
    </trkpt>
    <trkpt lat="43.736577" lon="7.420717">
        <ele>0.0</ele>
    </trkpt>
    <trkpt lat="43.736518" lon="7.420701">
        <ele>0.0</ele>
    </trkpt>
    <trkpt lat="43.736459" lon="7.420637">
        <ele>0.0</ele>
    </trkpt>
    <trkpt lat="43.736137" lon="7.420256">
        <ele>0.0</ele>
    </trkpt>
    <trkpt lat="43.736089" lon="7.420164">
        <ele>0.0</ele>
    </trkpt>
    <trkpt lat="43.735858" lon="7.420004">
        <ele>0.0</ele>
    </trkpt>
    <trkpt lat="43.73574" lon="7.419837">
        <ele>0.0</ele>
    </trkpt>
    <trkpt lat="43.735477" lon="7.419633">
        <ele>0.0</ele>
    </trkpt>
    <trkpt lat="43.735424" lon="7.419553">
        <ele>0.0</ele>
    </trkpt>
    <trkpt lat="43.735365" lon="7.419553">
        <ele>0.0</ele>
    </trkpt>
    <trkpt lat="43.735209" lon="7.419408">
        <ele>0.0</ele>
    </trkpt>
    <trkpt lat="43.735161" lon="7.419354">
        <ele>0.0</ele>
    </trkpt>
    <trkpt lat="43.735097" lon="7.419156">
        <ele>0.0</ele>
    </trkpt>
    <trkpt lat="43.735038" lon="7.419097">
        <ele>0.0</ele>
    </trkpt>
  </trkseg>
</trk>
<trk>
  <name>2011/09/03 16:57:00</name>
  <extensions>
  </extensions>
  <trkseg>
    <trkpt lat="43.735038" lon="7.419097">
        <ele>0.0</ele>
    </trkpt>
    <trkpt lat="43.734769" lon="7.418915">
        <ele>0.0</ele>
    </trkpt>
    <trkpt lat="43.734662" lon="7.418872">
        <ele>0.0</ele>
    </trkpt>
    <trkpt lat="43.734506" lon="7.4187">
        <ele>0.0</ele>
    </trkpt>
    <trkpt lat="43.734469" lon="7.41856">
        <ele>0.0</ele>
    </trkpt>
    <trkpt lat="43.734388" lon="7.418448">
        <ele>0.0</ele>
    </trkpt>
  </trkseg>
</trk>
<trk>
  <name>2011/09/03 16:57:00</name>
  <extensions>
  </extensions>
  <trkseg>
    <trkpt lat="43.735815" lon="7.41929">
        <ele>0.0</ele>
    </trkpt>
    <trkpt lat="43.735928" lon="7.419354">
        <ele>0.0</ele>
    </trkpt>
    <trkpt lat="43.736127" lon="7.41959">
        <ele>0.0</ele>
    </trkpt>
    <trkpt lat="43.73633" lon="7.419741">
        <ele>0.0</ele>
    </trkpt>
    <trkpt lat="43.737881" lon="7.420443">
        <ele>0.0</ele>
    </trkpt>
    <trkpt lat="43.738079" lon="7.42047">
        <ele>0.0</ele>
    </trkpt>
    <trkpt lat="43.738696" lon="7.419049">
        <ele>0.0</ele>
    </trkpt>
    <trkpt lat="43.738782" lon="7.419226">
        <ele>0.0</ele>
    </trkpt>
    <trkpt lat="43.738723" lon="7.419215">
        <ele>0.0</ele>
    </trkpt>
    <trkpt lat="43.738621" lon="7.419113">
        <ele>0.0</ele>
    </trkpt>
    <trkpt lat="43.738567" lon="7.419097">
        <ele>0.0</ele>
    </trkpt>
    <trkpt lat="43.738498" lon="7.419097">
        <ele>0.0</ele>
    </trkpt>
    <trkpt lat="43.738455" lon="7.419151">
        <ele>0.0</ele>
    </trkpt>
    <trkpt lat="43.73839" lon="7.419134">
        <ele>0.0</ele>
    </trkpt>
    <trkpt lat="43.738342" lon="7.419177">
        <ele>0.0</ele>
    </trkpt>
    <trkpt lat="43.73802" lon="7.419188">
        <ele>0.0</ele>
    </trkpt>
    <trkpt lat="43.737822" lon="7.419349">
        <ele>0.0</ele>
    </trkpt>
    <trkpt lat="43.737747" lon="7.419446">
        <ele>0.0</ele>
    </trkpt>
    <trkpt lat="43.737511" lon="7.419891">
        <ele>0.0</ele>
    </trkpt>
    <trkpt lat="43.737393" lon="7.419945">
        <ele>0.0</ele>
    </trkpt>
    <trkpt lat="43.737317" lon="7.419912">
        <ele>0.0</ele>
    </trkpt>
    <trkpt lat="43.737173" lon="7.419682">
        <ele>0.0</ele>
    </trkpt>
    <trkpt lat="43.737124" lon="7.419489">
        <ele>0.0</ele>
    </trkpt>
    <trkpt lat="43.737114" lon="7.419333">
        <ele>0.0</ele>
    </trkpt>
    <trkpt lat="43.737156" lon="7.419193">
        <ele>0.0</ele>
    </trkpt>
    <trkpt lat="43.737156" lon="7.418957">
        <ele>0.0</ele>
    </trkpt>
    <trkpt lat="43.737012" lon="7.418818">
        <ele>0.0</ele>
    </trkpt>
    <trkpt lat="43.736915" lon="7.418657">
        <ele>0.0</ele>
    </trkpt>
    <trkpt lat="43.736813" lon="7.418324">
        <ele>0.0</ele>
    </trkpt>
    <trkpt lat="43.73677" lon="7.418265">
        <ele>0.0</ele>
    </trkpt>
    <trkpt lat="43.736727" lon="7.417777">
        <ele>0.0</ele>
    </trkpt>
    <trkpt lat="43.736738" lon="7.417611">
        <ele>0.0</ele>
    </trkpt>
    <trkpt lat="43.736642" lon="7.417343">
        <ele>0.0</ele>
    </trkpt>
    <trkpt lat="43.736287" lon="7.417171">
        <ele>0.0</ele>
    </trkpt>
    <trkpt lat="43.736025" lon="7.417107">
        <ele>0.0</ele>
    </trkpt>
    <trkpt lat="43.735955" lon="7.416989">
        <ele>0.0</ele>
    </trkpt>
    <trkpt lat="43.735842" lon="7.416881">
        <ele>0.0</ele>
    </trkpt>
    <trkpt lat="43.73581" lon="7.417053">
        <ele>0.0</ele>
    </trkpt>
    <trkpt lat="43.735762" lon="7.417101">
        <ele>0.0</ele>
    </trkpt>
    <trkpt lat="43.735805" lon="7.417053">
        <ele>0.0</ele>
    </trkpt>
    <trkpt lat="43.735842" lon="7.416924">
        <ele>0.0</ele>
    </trkpt>
    <trkpt lat="43.73574" lon="7.416849">
        <ele>0.0</ele>
    </trkpt>
    <trkpt lat="43.735713" lon="7.416796">
        <ele>0.0</ele>
    </trkpt>
    <trkpt lat="43.735606" lon="7.416758">
        <ele>0.0</ele>
    </trkpt>
    <trkpt lat="43.73551" lon="7.416377">
        <ele>0.0</ele>
    </trkpt>
    <trkpt lat="43.735499" lon="7.416474">
        <ele>0.0</ele>
    </trkpt>
    <trkpt lat="43.735579" lon="7.41657">
        <ele>0.0</ele>
    </trkpt>
    <trkpt lat="43.735687" lon="7.416586">
        <ele>0.0</ele>
    </trkpt>
    <trkpt lat="43.735735" lon="7.416624">
        <ele>0.0</ele>
    </trkpt>
    <trkpt lat="43.735966" lon="7.416935">
        <ele>0.0</ele>
    </trkpt>
    <trkpt lat="43.73603" lon="7.41715">
        <ele>0.0</ele>
    </trkpt>
    <trkpt lat="43.736073" lon="7.417193">
        <ele>0.0</ele>
    </trkpt>
    <trkpt lat="43.736186" lon="7.417225">
        <ele>0.0</ele>
    </trkpt>
    <trkpt lat="43.736245" lon="7.417284">
        <ele>0.0</ele>
    </trkpt>
    <trkpt lat="43.73632" lon="7.417278">
        <ele>0.0</ele>
    </trkpt>
    <trkpt lat="43.736432" lon="7.417343">
        <ele>0.0</ele>
    </trkpt>
    <trkpt lat="43.736577" lon="7.417767">
        <ele>0.0</ele>
    </trkpt>
    <trkpt lat="43.736652" lon="7.418276">
        <ele>0.0</ele>
    </trkpt>
    <trkpt lat="43.736776" lon="7.418641">
        <ele>0.0</ele>
    </trkpt>
    <trkpt lat="43.73684" lon="7.418941">
        <ele>0.0</ele>
    </trkpt>
    <trkpt lat="43.737038" lon="7.419043">
        <ele>0.0</ele>
    </trkpt>
    <trkpt lat="43.737081" lon="7.419317">
        <ele>0.0</ele>
    </trkpt>
    <trkpt lat="43.73706" lon="7.419387">
        <ele>0.0</ele>
    </trkpt>
    <trkpt lat="43.737017" lon="7.419419">
        <ele>0.0</ele>
    </trkpt>
    <trkpt lat="43.737006" lon="7.419499">
        <ele>0.0</ele>
    </trkpt>
    <trkpt lat="43.737087" lon="7.419698">
        <ele>0.0</ele>
    </trkpt>
    <trkpt lat="43.737344" lon="7.420041">
        <ele>0.0</ele>
    </trkpt>
    <trkpt lat="43.737494" lon="7.420068">
        <ele>0.0</ele>
    </trkpt>
    <trkpt lat="43.737677" lon="7.419735">
        <ele>0.0</ele>
    </trkpt>
    <trkpt lat="43.73772" lon="7.419708">
        <ele>0.0</ele>
    </trkpt>
    <trkpt lat="43.73773" lon="7.419617">
        <ele>0.0</ele>
    </trkpt>
    <trkpt lat="43.737827" lon="7.419531">
        <ele>0.0</ele>
    </trkpt>
    <trkpt lat="43.737881" lon="7.419494">
        <ele>0.0</ele>
    </trkpt>
    <trkpt lat="43.738111" lon="7.419451">
        <ele>0.0</ele>
    </trkpt>
    <trkpt lat="43.738374" lon="7.419258">
        <ele>0.0</ele>
    </trkpt>
    <trkpt lat="43.73846" lon="7.419279">
        <ele>0.0</ele>
    </trkpt>
    <trkpt lat="43.738685" lon="7.419424">
        <ele>0.0</ele>
    </trkpt>
    <trkpt lat="43.73875" lon="7.419499">
        <ele>0.0</ele>
    </trkpt>
    <trkpt lat="43.738803" lon="7.419767">
        <ele>0.0</ele>
    </trkpt>
    <trkpt lat="43.738664" lon="7.419934">
        <ele>0.0</ele>
    </trkpt>
    <trkpt lat="43.738659" lon="7.420116">
        <ele>0.0</ele>
    </trkpt>
    <trkpt lat="43.738707" lon="7.420331">
        <ele>0.0</ele>
    </trkpt>
    <trkpt lat="43.738959" lon="7.420787">
        <ele>0.0</ele>
    </trkpt>
    <trkpt lat="43.739077" lon="7.421296">
        <ele>0.0</ele>
    </trkpt>
    <trkpt lat="43.739356" lon="7.421897">
        <ele>0.0</ele>
    </trkpt>
    <trkpt lat="43.739318" lon="7.42208">
        <ele>0.0</ele>
    </trkpt>
    <trkpt lat="43.739447" lon="7.422262">
        <ele>0.0</ele>
    </trkpt>
    <trkpt lat="43.739431" lon="7.422417">
        <ele>0.0</ele>
    </trkpt>
    <trkpt lat="43.739796" lon="7.423233">
        <ele>0.0</ele>
    </trkpt>
    <trkpt lat="43.739764" lon="7.423426">
        <ele>0.0</ele>
    </trkpt>
    <trkpt lat="43.739828" lon="7.423469">
        <ele>0.0</ele>
    </trkpt>
    <trkpt lat="43.739855" lon="7.423624">
        <ele>0.0</ele>
    </trkpt>
    <trkpt lat="43.739828" lon="7.423764">
        <ele>0.0</ele>
    </trkpt>
    <trkpt lat="43.739908" lon="7.423764">
        <ele>0.0</ele>
    </trkpt>
    <trkpt lat="43.73986" lon="7.423828">
        <ele>0.0</ele>
    </trkpt>
    <trkpt lat="43.739903" lon="7.424097">
        <ele>0.0</ele>
    </trkpt>
    <trkpt lat="43.739908" lon="7.424359">
        <ele>0.0</ele>
    </trkpt>
    <trkpt lat="43.739962" lon="7.42437">
        <ele>0.0</ele>
    </trkpt>
    <trkpt lat="43.740123" lon="7.424553">
        <ele>0.0</ele>
    </trkpt>
    <trkpt lat="43.740284" lon="7.424606">
        <ele>0.0</ele>
    </trkpt>
    <trkpt lat="43.740268" lon="7.424676">
        <ele>0.0</ele>
    </trkpt>
    <trkpt lat="43.740316" lon="7.424708">
        <ele>0.0</ele>
    </trkpt>
    <trkpt lat="43.740423" lon="7.424885">
        <ele>0.0</ele>
    </trkpt>
    <trkpt lat="43.740509" lon="7.425121">
        <ele>0.0</ele>
    </trkpt>
    <trkpt lat="43.740466" lon="7.42525">
        <ele>0.0</ele>
    </trkpt>
    <trkpt lat="43.740536" lon="7.425212">
        <ele>0.0</ele>
    </trkpt>
    <trkpt lat="43.740413" lon="7.425561">
        <ele>0.0</ele>
    </trkpt>
    <trkpt lat="43.740348" lon="7.42555">
        <ele>0.0</ele>
    </trkpt>
    <trkpt lat="43.740348" lon="7.425701">
        <ele>0.0</ele>
    </trkpt>
    <trkpt lat="43.740391" lon="7.425722">
        <ele>0.0</ele>
    </trkpt>
    <trkpt lat="43.740295" lon="7.425652">
        <ele>0.0</ele>
    </trkpt>
    <trkpt lat="43.740241" lon="7.425668">
        <ele>0.0</ele>
    </trkpt>
    <trkpt lat="43.740252" lon="7.425792">
        <ele>0.0</ele>
    </trkpt>
    <trkpt lat="43.74015" lon="7.425829">
        <ele>0.0</ele>
    </trkpt>
    <trkpt lat="43.740134" lon="7.426044">
        <ele>0.0</ele>
    </trkpt>
    <trkpt lat="43.740209" lon="7.425953">
        <ele>0.0</ele>
    </trkpt>
    <trkpt lat="43.740198" lon="7.426017">
        <ele>0.0</ele>
    </trkpt>
    <trkpt lat="43.74015" lon="7.426038">
        <ele>0.0</ele>
    </trkpt>
    <trkpt lat="43.740171" lon="7.42613">
        <ele>0.0</ele>
    </trkpt>
    <trkpt lat="43.740112" lon="7.426189">
        <ele>0.0</ele>
    </trkpt>
    <trkpt lat="43.740069" lon="7.426317">
        <ele>0.0</ele>
    </trkpt>
    <trkpt lat="43.739984" lon="7.426398">
        <ele>0.0</ele>
    </trkpt>
    <trkpt lat="43.740128" lon="7.426221">
        <ele>0.0</ele>
    </trkpt>
    <trkpt lat="43.740171" lon="7.426087">
        <ele>0.0</ele>
    </trkpt>
    <trkpt lat="43.740161" lon="7.426017">
        <ele>0.0</ele>
    </trkpt>
    <trkpt lat="43.740246" lon="7.42584">
        <ele>0.0</ele>
    </trkpt>
    <trkpt lat="43.740193" lon="7.425872">
        <ele>0.0</ele>
    </trkpt>
    <trkpt lat="43.740214" lon="7.425937">
        <ele>0.0</ele>
    </trkpt>
    <trkpt lat="43.74008" lon="7.42606">
        <ele>0.0</ele>
    </trkpt>
    <trkpt lat="43.740026" lon="7.426312">
        <ele>0.0</ele>
    </trkpt>
    <trkpt lat="43.739887" lon="7.426398">
        <ele>0.0</ele>
    </trkpt>
    <trkpt lat="43.739871" lon="7.426602">
        <ele>0.0</ele>
    </trkpt>
    <trkpt lat="43.739812" lon="7.426602">
        <ele>0.0</ele>
    </trkpt>
    <trkpt lat="43.739721" lon="7.42665">
        <ele>0.0</ele>
    </trkpt>
    <trkpt lat="43.739715" lon="7.426908">
        <ele>0.0</ele>
    </trkpt>
    <trkpt lat="43.739656" lon="7.426918">
        <ele>0.0</ele>
    </trkpt>
    <trkpt lat="43.73956" lon="7.426891">
        <ele>0.0</ele>
    </trkpt>
    <trkpt lat="43.739528" lon="7.426843">
        <ele>0.0</ele>
    </trkpt>
    <trkpt lat="43.739463" lon="7.426838">
        <ele>0.0</ele>
    </trkpt>
    <trkpt lat="43.73942" lon="7.426972">
        <ele>0.0</ele>
    </trkpt>
    <trkpt lat="43.739442" lon="7.427219">
        <ele>0.0</ele>
    </trkpt>
    <trkpt lat="43.739399" lon="7.427267">
        <ele>0.0</ele>
    </trkpt>
    <trkpt lat="43.739383" lon="7.427197">
        <ele>0.0</ele>
    </trkpt>
    <trkpt lat="43.739334" lon="7.427331">
        <ele>0.0</ele>
    </trkpt>
    <trkpt lat="43.739238" lon="7.427471">
        <ele>0.0</ele>
    </trkpt>
    <trkpt lat="43.739233" lon="7.427535">
        <ele>0.0</ele>
    </trkpt>
    <trkpt lat="43.739308" lon="7.427718">
        <ele>0.0</ele>
    </trkpt>
    <trkpt lat="43.739308" lon="7.427782">
        <ele>0.0</ele>
    </trkpt>
    <trkpt lat="43.739356" lon="7.427798">
        <ele>0.0</ele>
    </trkpt>
    <trkpt lat="43.739522" lon="7.427642">
        <ele>0.0</ele>
    </trkpt>
    <trkpt lat="43.739619" lon="7.42761">
        <ele>0.0</ele>
    </trkpt>
    <trkpt lat="43.739646" lon="7.427541">
        <ele>0.0</ele>
    </trkpt>
    <trkpt lat="43.739699" lon="7.427508">
        <ele>0.0</ele>
    </trkpt>
    <trkpt lat="43.739737" lon="7.427541">
        <ele>0.0</ele>
    </trkpt>
    <trkpt lat="43.739785" lon="7.427519">
        <ele>0.0</ele>
    </trkpt>
    <trkpt lat="43.739828" lon="7.427567">
        <ele>0.0</ele>
    </trkpt>
    <trkpt lat="43.740091" lon="7.427482">
        <ele>0.0</ele>
    </trkpt>
    <trkpt lat="43.740338" lon="7.427272">
        <ele>0.0</ele>
    </trkpt>
    <trkpt lat="43.740381" lon="7.427068">
        <ele>0.0</ele>
    </trkpt>
    <trkpt lat="43.740284" lon="7.426902">
        <ele>0.0</ele>
    </trkpt>
    <trkpt lat="43.7403" lon="7.426832">
        <ele>0.0</ele>
    </trkpt>
    <trkpt lat="43.74023" lon="7.426704">
        <ele>0.0</ele>
    </trkpt>
    <trkpt lat="43.740246" lon="7.426575">
        <ele>0.0</ele>
    </trkpt>
    <trkpt lat="43.74022" lon="7.426516">
        <ele>0.0</ele>
    </trkpt>
    <trkpt lat="43.74015" lon="7.426612">
        <ele>0.0</ele>
    </trkpt>
    <trkpt lat="43.740059" lon="7.426527">
        <ele>0.0</ele>
    </trkpt>
    <trkpt lat="43.740053" lon="7.426376">
        <ele>0.0</ele>
    </trkpt>
    <trkpt lat="43.740096" lon="7.426242">
        <ele>0.0</ele>
    </trkpt>
    <trkpt lat="43.740096" lon="7.426092">
        <ele>0.0</ele>
    </trkpt>
    <trkpt lat="43.740177" lon="7.425974">
        <ele>0.0</ele>
    </trkpt>
    <trkpt lat="43.740177" lon="7.425883">
        <ele>0.0</ele>
    </trkpt>
    <trkpt lat="43.740209" lon="7.425829">
        <ele>0.0</ele>
    </trkpt>
    <trkpt lat="43.740257" lon="7.425808">
        <ele>0.0</ele>
    </trkpt>
    <trkpt lat="43.740397" lon="7.425883">
        <ele>0.0</ele>
    </trkpt>
    <trkpt lat="43.74045" lon="7.425872">
        <ele>0.0</ele>
    </trkpt>
    <trkpt lat="43.740488" lon="7.425824">
        <ele>0.0</ele>
    </trkpt>
    <trkpt lat="43.740504" lon="7.425668">
        <ele>0.0</ele>
    </trkpt>
    <trkpt lat="43.740493" lon="7.425593">
        <ele>0.0</ele>
    </trkpt>
    <trkpt lat="43.740354" lon="7.425481">
        <ele>0.0</ele>
    </trkpt>
    <trkpt lat="43.740193" lon="7.425497">
        <ele>0.0</ele>
    </trkpt>
    <trkpt lat="43.740241" lon="7.425518">
        <ele>0.0</ele>
    </trkpt>
    <trkpt lat="43.740289" lon="7.425497">
        <ele>0.0</ele>
    </trkpt>
    <trkpt lat="43.740321" lon="7.425432">
        <ele>0.0</ele>
    </trkpt>
    <trkpt lat="43.740434" lon="7.425459">
        <ele>0.0</ele>
    </trkpt>
    <trkpt lat="43.740525" lon="7.425298">
        <ele>0.0</ele>
    </trkpt>
    <trkpt lat="43.740686" lon="7.425148">
        <ele>0.0</ele>
    </trkpt>
    <trkpt lat="43.740777" lon="7.425094">
        <ele>0.0</ele>
    </trkpt>
    <trkpt lat="43.740831" lon="7.425116">
        <ele>0.0</ele>
    </trkpt>
    <trkpt lat="43.74081" lon="7.424923">
        <ele>0.0</ele>
    </trkpt>
    <trkpt lat="43.740831" lon="7.424794">
        <ele>0.0</ele>
    </trkpt>
    <trkpt lat="43.740799" lon="7.424719">
        <ele>0.0</ele>
    </trkpt>
    <trkpt lat="43.740676" lon="7.424692">
        <ele>0.0</ele>
    </trkpt>
    <trkpt lat="43.740488" lon="7.424585">
        <ele>0.0</ele>
    </trkpt>
    <trkpt lat="43.740305" lon="7.424542">
        <ele>0.0</ele>
    </trkpt>
    <trkpt lat="43.740107" lon="7.42429">
        <ele>0.0</ele>
    </trkpt>
    <trkpt lat="43.73993" lon="7.424279">
        <ele>0.0</ele>
    </trkpt>
    <trkpt lat="43.739882" lon="7.424333">
        <ele>0.0</ele>
    </trkpt>
    <trkpt lat="43.739769" lon="7.42437">
        <ele>0.0</ele>
    </trkpt>
    <trkpt lat="43.739501" lon="7.424032">
        <ele>0.0</ele>
    </trkpt>
    <trkpt lat="43.739474" lon="7.423946">
        <ele>0.0</ele>
    </trkpt>
    <trkpt lat="43.739511" lon="7.423877">
        <ele>0.0</ele>
    </trkpt>
    <trkpt lat="43.739345" lon="7.423415">
        <ele>0.0</ele>
    </trkpt>
    <trkpt lat="43.739313" lon="7.423018">
        <ele>0.0</ele>
    </trkpt>
    <trkpt lat="43.739351" lon="7.42289">
        <ele>0.0</ele>
    </trkpt>
    <trkpt lat="43.739372" lon="7.422611">
        <ele>0.0</ele>
    </trkpt>
    <trkpt lat="43.739517" lon="7.422428">
        <ele>0.0</ele>
    </trkpt>
    <trkpt lat="43.739528" lon="7.422342">
        <ele>0.0</ele>
    </trkpt>
    <trkpt lat="43.739592" lon="7.422235">
        <ele>0.0</ele>
    </trkpt>
    <trkpt lat="43.739511" lon="7.422042">
        <ele>0.0</ele>
    </trkpt>
    <trkpt lat="43.739045" lon="7.421286">
        <ele>0.0</ele>
    </trkpt>
    <trkpt lat="43.738884" lon="7.420626">
        <ele>0.0</ele>
    </trkpt>
    <trkpt lat="43.738787" lon="7.420417">
        <ele>0.0</ele>
    </trkpt>
    <trkpt lat="43.738701" lon="7.420046">
        <ele>0.0</ele>
    </trkpt>
    <trkpt lat="43.73876" lon="7.419617">
        <ele>0.0</ele>
    </trkpt>
    <trkpt lat="43.738718" lon="7.41958">
        <ele>0.0</ele>
    </trkpt>
    <trkpt lat="43.738696" lon="7.419371">
        <ele>0.0</ele>
    </trkpt>
    <trkpt lat="43.738777" lon="7.419247">
        <ele>0.0</ele>
    </trkpt>
    <trkpt lat="43.738755" lon="7.419188">
        <ele>0.0</ele>
    </trkpt>
    <trkpt lat="43.738068" lon="7.419832">
        <ele>0.0</ele>
    </trkpt>
    <trkpt lat="43.738015" lon="7.419832">
        <ele>0.0</ele>
    </trkpt>
    <trkpt lat="43.737983" lon="7.41988">
        <ele>0.0</ele>
    </trkpt>
    <trkpt lat="43.73794" lon="7.419843">
        <ele>0.0</ele>
    </trkpt>
    <trkpt lat="43.737908" lon="7.419912">
        <ele>0.0</ele>
    </trkpt>
  </trkseg>
</trk>
<trk>
  <name>2011/09/04 11:54:00</name>
  <extensions>
  </extensions>
  <trkseg>
    <trkpt lat="43.67177" lon="7.225554">
        <ele>0.0</ele>
    </trkpt>
    <trkpt lat="43.671882" lon="7.225565">
        <ele>0.0</ele>
    </trkpt>
    <trkpt lat="43.672006" lon="7.225677">
        <ele>0.0</ele>
    </trkpt>
    <trkpt lat="43.672065" lon="7.225694">
        <ele>0.0</ele>
    </trkpt>
    <trkpt lat="43.672268" lon="7.226053">
        <ele>0.0</ele>
    </trkpt>
    <trkpt lat="43.672365" lon="7.226128">
        <ele>0.0</ele>
    </trkpt>
    <trkpt lat="43.672429" lon="7.226133">
        <ele>0.0</ele>
    </trkpt>
    <trkpt lat="43.672531" lon="7.226273">
        <ele>0.0</ele>
    </trkpt>
    <trkpt lat="43.672816" lon="7.226509">
        <ele>0.0</ele>
    </trkpt>
    <trkpt lat="43.67288" lon="7.226514">
        <ele>0.0</ele>
    </trkpt>
    <trkpt lat="43.672977" lon="7.226622">
        <ele>0.0</ele>
    </trkpt>
    <trkpt lat="43.67318" lon="7.226729">
        <ele>0.0</ele>
    </trkpt>
    <trkpt lat="43.673223" lon="7.226809">
        <ele>0.0</ele>
    </trkpt>
    <trkpt lat="43.673298" lon="7.22682">
        <ele>0.0</ele>
    </trkpt>
    <trkpt lat="43.673336" lon="7.22689">
        <ele>0.0</ele>
    </trkpt>
    <trkpt lat="43.673422" lon="7.226927">
        <ele>0.0</ele>
    </trkpt>
    <trkpt lat="43.67347" lon="7.227019">
        <ele>0.0</ele>
    </trkpt>
    <trkpt lat="43.673593" lon="7.22712">
        <ele>0.0</ele>
    </trkpt>
    <trkpt lat="43.673604" lon="7.227185">
        <ele>0.0</ele>
    </trkpt>
    <trkpt lat="43.673808" lon="7.22726">
        <ele>0.0</ele>
    </trkpt>
    <trkpt lat="43.673921" lon="7.22734">
        <ele>0.0</ele>
    </trkpt>
    <trkpt lat="43.673921" lon="7.227491">
        <ele>0.0</ele>
    </trkpt>
    <trkpt lat="43.67398" lon="7.227539">
        <ele>0.0</ele>
    </trkpt>
    <trkpt lat="43.674114" lon="7.227587">
        <ele>0.0</ele>
    </trkpt>
    <trkpt lat="43.674221" lon="7.227582">
        <ele>0.0</ele>
    </trkpt>
    <trkpt lat="43.674253" lon="7.227646">
        <ele>0.0</ele>
    </trkpt>
    <trkpt lat="43.674527" lon="7.227839">
        <ele>0.0</ele>
    </trkpt>
    <trkpt lat="43.674704" lon="7.227877">
        <ele>0.0</ele>
    </trkpt>
    <trkpt lat="43.674795" lon="7.22799">
        <ele>0.0</ele>
    </trkpt>
    <trkpt lat="43.675138" lon="7.228167">
        <ele>0.0</ele>
    </trkpt>
    <trkpt lat="43.675208" lon="7.228172">
        <ele>0.0</ele>
    </trkpt>
    <trkpt lat="43.675498" lon="7.228403">
        <ele>0.0</ele>
    </trkpt>
    <trkpt lat="43.675793" lon="7.228558">
        <ele>0.0</ele>
    </trkpt>
    <trkpt lat="43.675836" lon="7.228623">
        <ele>0.0</ele>
    </trkpt>
    <trkpt lat="43.675954" lon="7.228665">
        <ele>0.0</ele>
    </trkpt>
    <trkpt lat="43.676013" lon="7.228794">
        <ele>0.0</ele>
    </trkpt>
    <trkpt lat="43.676201" lon="7.228842">
        <ele>0.0</ele>
    </trkpt>
    <trkpt lat="43.67627" lon="7.228966">
        <ele>0.0</ele>
    </trkpt>
    <trkpt lat="43.676351" lon="7.22903">
        <ele>0.0</ele>
    </trkpt>
    <trkpt lat="43.676458" lon="7.229052">
        <ele>0.0</ele>
    </trkpt>
    <trkpt lat="43.676555" lon="7.229164">
        <ele>0.0</ele>
    </trkpt>
    <trkpt lat="43.676759" lon="7.229234">
        <ele>0.0</ele>
    </trkpt>
    <trkpt lat="43.676882" lon="7.229357">
        <ele>0.0</ele>
    </trkpt>
    <trkpt lat="43.676952" lon="7.229341">
        <ele>0.0</ele>
    </trkpt>
    <trkpt lat="43.677145" lon="7.229132">
        <ele>0.0</ele>
    </trkpt>
    <trkpt lat="43.677279" lon="7.229121">
        <ele>0.0</ele>
    </trkpt>
    <trkpt lat="43.677472" lon="7.229197">
        <ele>0.0</ele>
    </trkpt>
    <trkpt lat="43.677606" lon="7.229175">
        <ele>0.0</ele>
    </trkpt>
    <trkpt lat="43.677665" lon="7.229298">
        <ele>0.0</ele>
    </trkpt>
    <trkpt lat="43.677955" lon="7.229545">
        <ele>0.0</ele>
    </trkpt>
    <trkpt lat="43.67811" lon="7.229588">
        <ele>0.0</ele>
    </trkpt>
    <trkpt lat="43.678175" lon="7.229679">
        <ele>0.0</ele>
    </trkpt>
    <trkpt lat="43.678207" lon="7.229808">
        <ele>0.0</ele>
    </trkpt>
    <trkpt lat="43.678309" lon="7.229851">
        <ele>0.0</ele>
    </trkpt>
    <trkpt lat="43.678379" lon="7.229953">
        <ele>0.0</ele>
    </trkpt>
    <trkpt lat="43.678432" lon="7.229948">
        <ele>0.0</ele>
    </trkpt>
    <trkpt lat="43.678539" lon="7.230012">
        <ele>0.0</ele>
    </trkpt>
    <trkpt lat="43.678609" lon="7.230114">
        <ele>0.0</ele>
    </trkpt>
    <trkpt lat="43.678588" lon="7.230184">
        <ele>0.0</ele>
    </trkpt>
    <trkpt lat="43.678604" lon="7.230264">
        <ele>0.0</ele>
    </trkpt>
    <trkpt lat="43.678738" lon="7.230404">
        <ele>0.0</ele>
    </trkpt>
    <trkpt lat="43.678883" lon="7.230484">
        <ele>0.0</ele>
    </trkpt>
    <trkpt lat="43.678931" lon="7.230489">
        <ele>0.0</ele>
    </trkpt>
    <trkpt lat="43.678969" lon="7.230452">
        <ele>0.0</ele>
    </trkpt>
    <trkpt lat="43.678985" lon="7.230511">
        <ele>0.0</ele>
    </trkpt>
    <trkpt lat="43.678969" lon="7.230441">
        <ele>0.0</ele>
    </trkpt>
    <trkpt lat="43.678974" lon="7.230505">
        <ele>0.0</ele>
    </trkpt>
    <trkpt lat="43.679049" lon="7.230575">
        <ele>0.0</ele>
    </trkpt>
    <trkpt lat="43.679232" lon="7.230564">
        <ele>0.0</ele>
    </trkpt>
    <trkpt lat="43.679462" lon="7.230666">
        <ele>0.0</ele>
    </trkpt>
    <trkpt lat="43.67965" lon="7.230876">
        <ele>0.0</ele>
    </trkpt>
    <trkpt lat="43.679746" lon="7.230945">
        <ele>0.0</ele>
    </trkpt>
    <trkpt lat="43.679843" lon="7.231106">
        <ele>0.0</ele>
    </trkpt>
    <trkpt lat="43.679993" lon="7.231187">
        <ele>0.0</ele>
    </trkpt>
    <trkpt lat="43.680138" lon="7.231203">
        <ele>0.0</ele>
    </trkpt>
    <trkpt lat="43.680283" lon="7.231294">
        <ele>0.0</ele>
    </trkpt>
    <trkpt lat="43.680546" lon="7.231552">
        <ele>0.0</ele>
    </trkpt>
    <trkpt lat="43.680953" lon="7.231847">
        <ele>0.0</ele>
    </trkpt>
    <trkpt lat="43.681002" lon="7.231954">
        <ele>0.0</ele>
    </trkpt>
    <trkpt lat="43.681227" lon="7.232152">
        <ele>0.0</ele>
    </trkpt>
    <trkpt lat="43.681372" lon="7.232367">
        <ele>0.0</ele>
    </trkpt>
    <trkpt lat="43.681463" lon="7.23241">
        <ele>0.0</ele>
    </trkpt>
    <trkpt lat="43.681629" lon="7.232603">
        <ele>0.0</ele>
    </trkpt>
    <trkpt lat="43.681764" lon="7.232705">
        <ele>0.0</ele>
    </trkpt>
    <trkpt lat="43.681839" lon="7.232844">
        <ele>0.0</ele>
    </trkpt>
    <trkpt lat="43.681887" lon="7.232877">
        <ele>0.0</ele>
    </trkpt>
    <trkpt lat="43.681989" lon="7.233107">
        <ele>0.0</ele>
    </trkpt>
    <trkpt lat="43.682134" lon="7.233247">
        <ele>0.0</ele>
    </trkpt>
    <trkpt lat="43.682198" lon="7.23337">
        <ele>0.0</ele>
    </trkpt>
    <trkpt lat="43.682434" lon="7.233531">
        <ele>0.0</ele>
    </trkpt>
    <trkpt lat="43.682842" lon="7.23396">
        <ele>0.0</ele>
    </trkpt>
    <trkpt lat="43.68303" lon="7.23411">
        <ele>0.0</ele>
    </trkpt>
    <trkpt lat="43.683185" lon="7.234293">
        <ele>0.0</ele>
    </trkpt>
    <trkpt lat="43.683266" lon="7.234443">
        <ele>0.0</ele>
    </trkpt>
    <trkpt lat="43.683314" lon="7.234432">
        <ele>0.0</ele>
    </trkpt>
    <trkpt lat="43.683357" lon="7.234464">
        <ele>0.0</ele>
    </trkpt>
    <trkpt lat="43.683539" lon="7.234641">
        <ele>0.0</ele>
    </trkpt>
    <trkpt lat="43.683764" lon="7.234942">
        <ele>0.0</ele>
    </trkpt>
    <trkpt lat="43.683909" lon="7.235022">
        <ele>0.0</ele>
    </trkpt>
    <trkpt lat="43.684177" lon="7.235323">
        <ele>0.0</ele>
    </trkpt>
    <trkpt lat="43.684258" lon="7.235468">
        <ele>0.0</ele>
    </trkpt>
    <trkpt lat="43.684419" lon="7.235628">
        <ele>0.0</ele>
    </trkpt>
    <trkpt lat="43.684709" lon="7.236047">
        <ele>0.0</ele>
    </trkpt>
    <trkpt lat="43.68495" lon="7.236245">
        <ele>0.0</ele>
    </trkpt>
    <trkpt lat="43.685288" lon="7.236669">
        <ele>0.0</ele>
    </trkpt>
    <trkpt lat="43.685379" lon="7.236728">
        <ele>0.0</ele>
    </trkpt>
    <trkpt lat="43.685798" lon="7.237249">
        <ele>0.0</ele>
    </trkpt>
    <trkpt lat="43.686028" lon="7.237474">
        <ele>0.0</ele>
    </trkpt>
    <trkpt lat="43.686388" lon="7.237962">
        <ele>0.0</ele>
    </trkpt>
    <trkpt lat="43.686447" lon="7.238096">
        <ele>0.0</ele>
    </trkpt>
    <trkpt lat="43.686758" lon="7.238536">
        <ele>0.0</ele>
    </trkpt>
    <trkpt lat="43.686838" lon="7.238622">
        <ele>0.0</ele>
    </trkpt>
    <trkpt lat="43.686876" lon="7.238584">
        <ele>0.0</ele>
    </trkpt>
    <trkpt lat="43.687203" lon="7.239105">
        <ele>0.0</ele>
    </trkpt>
    <trkpt lat="43.687568" lon="7.239587">
        <ele>0.0</ele>
    </trkpt>
    <trkpt lat="43.687686" lon="7.239925">
        <ele>0.0</ele>
    </trkpt>
    <trkpt lat="43.687911" lon="7.240365">
        <ele>0.0</ele>
    </trkpt>
    <trkpt lat="43.688174" lon="7.240725">
        <ele>0.0</ele>
    </trkpt>
    <trkpt lat="43.68834" lon="7.241025">
        <ele>0.0</ele>
    </trkpt>
    <trkpt lat="43.688383" lon="7.241256">
        <ele>0.0</ele>
    </trkpt>
    <trkpt lat="43.688421" lon="7.241293">
        <ele>0.0</ele>
    </trkpt>
    <trkpt lat="43.688485" lon="7.241503">
        <ele>0.0</ele>
    </trkpt>
    <trkpt lat="43.688614" lon="7.241637">
        <ele>0.0</ele>
    </trkpt>
    <trkpt lat="43.689" lon="7.242355">
        <ele>0.0</ele>
    </trkpt>
    <trkpt lat="43.68922" lon="7.242608">
        <ele>0.0</ele>
    </trkpt>
    <trkpt lat="43.689424" lon="7.24301">
        <ele>0.0</ele>
    </trkpt>
    <trkpt lat="43.689499" lon="7.243106">
        <ele>0.0</ele>
    </trkpt>
    <trkpt lat="43.689499" lon="7.243241">
        <ele>0.0</ele>
    </trkpt>
    <trkpt lat="43.689343" lon="7.24353">
        <ele>0.0</ele>
    </trkpt>
    <trkpt lat="43.689365" lon="7.243584">
        <ele>0.0</ele>
    </trkpt>
    <trkpt lat="43.689333" lon="7.243718">
        <ele>0.0</ele>
    </trkpt>
    <trkpt lat="43.689354" lon="7.243782">
        <ele>0.0</ele>
    </trkpt>
    <trkpt lat="43.68944" lon="7.243718">
        <ele>0.0</ele>
    </trkpt>
    <trkpt lat="43.689461" lon="7.243857">
        <ele>0.0</ele>
    </trkpt>
    <trkpt lat="43.689547" lon="7.244029">
        <ele>0.0</ele>
    </trkpt>
    <trkpt lat="43.689558" lon="7.244099">
        <ele>0.0</ele>
    </trkpt>
    <trkpt lat="43.68952" lon="7.244153">
        <ele>0.0</ele>
    </trkpt>
    <trkpt lat="43.68952" lon="7.244217">
        <ele>0.0</ele>
    </trkpt>
    <trkpt lat="43.689553" lon="7.244174">
        <ele>0.0</ele>
    </trkpt>
    <trkpt lat="43.689547" lon="7.243975">
        <ele>0.0</ele>
    </trkpt>
    <trkpt lat="43.689478" lon="7.243874">
        <ele>0.0</ele>
    </trkpt>
    <trkpt lat="43.68936" lon="7.243573">
        <ele>0.0</ele>
    </trkpt>
    <trkpt lat="43.689483" lon="7.243342">
        <ele>0.0</ele>
    </trkpt>
    <trkpt lat="43.689526" lon="7.243321">
        <ele>0.0</ele>
    </trkpt>
    <trkpt lat="43.689773" lon="7.243707">
        <ele>0.0</ele>
    </trkpt>
    <trkpt lat="43.689875" lon="7.243933">
        <ele>0.0</ele>
    </trkpt>
    <trkpt lat="43.689939" lon="7.244201">
        <ele>0.0</ele>
    </trkpt>
    <trkpt lat="43.690175" lon="7.244598">
        <ele>0.0</ele>
    </trkpt>
    <trkpt lat="43.690218" lon="7.244743">
        <ele>0.0</ele>
    </trkpt>
    <trkpt lat="43.690212" lon="7.244823">
        <ele>0.0</ele>
    </trkpt>
    <trkpt lat="43.690336" lon="7.245027">
        <ele>0.0</ele>
    </trkpt>
    <trkpt lat="43.690438" lon="7.245445">
        <ele>0.0</ele>
    </trkpt>
    <trkpt lat="43.690529" lon="7.245612">
        <ele>0.0</ele>
    </trkpt>
    <trkpt lat="43.690588" lon="7.245848">
        <ele>0.0</ele>
    </trkpt>
    <trkpt lat="43.690642" lon="7.245982">
        <ele>0.0</ele>
    </trkpt>
    <trkpt lat="43.690695" lon="7.24603">
        <ele>0.0</ele>
    </trkpt>
    <trkpt lat="43.690792" lon="7.246347">
        <ele>0.0</ele>
    </trkpt>
    <trkpt lat="43.690851" lon="7.246454">
        <ele>0.0</ele>
    </trkpt>
    <trkpt lat="43.691012" lon="7.247065">
        <ele>0.0</ele>
    </trkpt>
    <trkpt lat="43.691339" lon="7.247902">
        <ele>0.0</ele>
    </trkpt>
    <trkpt lat="43.691382" lon="7.248106">
        <ele>0.0</ele>
    </trkpt>
    <trkpt lat="43.691484" lon="7.248283">
        <ele>0.0</ele>
    </trkpt>
    <trkpt lat="43.691629" lon="7.248669">
        <ele>0.0</ele>
    </trkpt>
    <trkpt lat="43.691607" lon="7.248766">
        <ele>0.0</ele>
    </trkpt>
    <trkpt lat="43.691634" lon="7.248857">
        <ele>0.0</ele>
    </trkpt>
    <trkpt lat="43.691623" lon="7.249023">
        <ele>0.0</ele>
    </trkpt>
    <trkpt lat="43.691752" lon="7.249249">
        <ele>0.0</ele>
    </trkpt>
    <trkpt lat="43.691757" lon="7.24934">
        <ele>0.0</ele>
    </trkpt>
    <trkpt lat="43.6918" lon="7.249388">
        <ele>0.0</ele>
    </trkpt>
    <trkpt lat="43.6918" lon="7.249463">
        <ele>0.0</ele>
    </trkpt>
    <trkpt lat="43.691977" lon="7.250016">
        <ele>0.0</ele>
    </trkpt>
    <trkpt lat="43.692305" lon="7.250761">
        <ele>0.0</ele>
    </trkpt>
    <trkpt lat="43.692364" lon="7.25096">
        <ele>0.0</ele>
    </trkpt>
    <trkpt lat="43.692348" lon="7.251099">
        <ele>0.0</ele>
    </trkpt>
    <trkpt lat="43.69239" lon="7.251142">
        <ele>0.0</ele>
    </trkpt>
    <trkpt lat="43.692476" lon="7.251416">
        <ele>0.0</ele>
    </trkpt>
    <trkpt lat="43.692471" lon="7.251496">
        <ele>0.0</ele>
    </trkpt>
    <trkpt lat="43.692589" lon="7.251636">
        <ele>0.0</ele>
    </trkpt>
    <trkpt lat="43.692648" lon="7.251856">
        <ele>0.0</ele>
    </trkpt>
    <trkpt lat="43.692718" lon="7.252317">
        <ele>0.0</ele>
    </trkpt>
    <trkpt lat="43.692723" lon="7.252532">
        <ele>0.0</ele>
    </trkpt>
    <trkpt lat="43.692809" lon="7.252736">
        <ele>0.0</ele>
    </trkpt>
    <trkpt lat="43.692857" lon="7.253047">
        <ele>0.0</ele>
    </trkpt>
    <trkpt lat="43.693013" lon="7.253589">
        <ele>0.0</ele>
    </trkpt>
    <trkpt lat="43.693061" lon="7.253857">
        <ele>0.0</ele>
    </trkpt>
    <trkpt lat="43.693045" lon="7.253916">
        <ele>0.0</ele>
    </trkpt>
    <trkpt lat="43.693082" lon="7.254216">
        <ele>0.0</ele>
    </trkpt>
    <trkpt lat="43.693131" lon="7.254425">
        <ele>0.0</ele>
    </trkpt>
    <trkpt lat="43.6932" lon="7.254554">
        <ele>0.0</ele>
    </trkpt>
    <trkpt lat="43.693174" lon="7.254645">
        <ele>0.0</ele>
    </trkpt>
    <trkpt lat="43.693313" lon="7.254999">
        <ele>0.0</ele>
    </trkpt>
    <trkpt lat="43.693415" lon="7.255627">
        <ele>0.0</ele>
    </trkpt>
    <trkpt lat="43.693544" lon="7.256029">
        <ele>0.0</ele>
    </trkpt>
    <trkpt lat="43.693597" lon="7.256142">
        <ele>0.0</ele>
    </trkpt>
    <trkpt lat="43.693651" lon="7.25618">
        <ele>0.0</ele>
    </trkpt>
    <trkpt lat="43.693678" lon="7.256475">
        <ele>0.0</ele>
    </trkpt>
    <trkpt lat="43.693989" lon="7.257526">
        <ele>0.0</ele>
    </trkpt>
    <trkpt lat="43.694102" lon="7.258288">
        <ele>0.0</ele>
    </trkpt>
    <trkpt lat="43.694161" lon="7.258427">
        <ele>0.0</ele>
    </trkpt>
    <trkpt lat="43.694193" lon="7.258615">
        <ele>0.0</ele>
    </trkpt>
    <trkpt lat="43.694198" lon="7.258679">
        <ele>0.0</ele>
    </trkpt>
    <trkpt lat="43.694118" lon="7.258889">
        <ele>0.0</ele>
    </trkpt>
    <trkpt lat="43.694161" lon="7.258964">
        <ele>0.0</ele>
    </trkpt>
    <trkpt lat="43.694198" lon="7.258824">
        <ele>0.0</ele>
    </trkpt>
    <trkpt lat="43.694182" lon="7.258669">
        <ele>0.0</ele>
    </trkpt>
    <trkpt lat="43.694139" lon="7.258647">
        <ele>0.0</ele>
    </trkpt>
    <trkpt lat="43.694171" lon="7.258508">
        <ele>0.0</ele>
    </trkpt>
    <trkpt lat="43.694284" lon="7.258513">
        <ele>0.0</ele>
    </trkpt>
    <trkpt lat="43.6943" lon="7.258352">
        <ele>0.0</ele>
    </trkpt>
    <trkpt lat="43.694525" lon="7.258438">
        <ele>0.0</ele>
    </trkpt>
    <trkpt lat="43.694536" lon="7.258508">
        <ele>0.0</ele>
    </trkpt>
    <trkpt lat="43.694579" lon="7.25854">
        <ele>0.0</ele>
    </trkpt>
    <trkpt lat="43.694724" lon="7.258535">
        <ele>0.0</ele>
    </trkpt>
    <trkpt lat="43.694837" lon="7.25847">
        <ele>0.0</ele>
    </trkpt>
    <trkpt lat="43.695298" lon="7.258561">
        <ele>0.0</ele>
    </trkpt>
    <trkpt lat="43.695459" lon="7.25854">
        <ele>0.0</ele>
    </trkpt>
    <trkpt lat="43.695496" lon="7.258577">
        <ele>0.0</ele>
    </trkpt>
    <trkpt lat="43.695582" lon="7.258518">
        <ele>0.0</ele>
    </trkpt>
    <trkpt lat="43.695631" lon="7.258572">
        <ele>0.0</ele>
    </trkpt>
    <trkpt lat="43.695765" lon="7.259302">
        <ele>0.0</ele>
    </trkpt>
    <trkpt lat="43.695738" lon="7.259468">
        <ele>0.0</ele>
    </trkpt>
    <trkpt lat="43.695679" lon="7.259602">
        <ele>0.0</ele>
    </trkpt>
    <trkpt lat="43.695679" lon="7.259978">
        <ele>0.0</ele>
    </trkpt>
    <trkpt lat="43.695743" lon="7.260224">
        <ele>0.0</ele>
    </trkpt>
    <trkpt lat="43.695952" lon="7.260621">
        <ele>0.0</ele>
    </trkpt>
    <trkpt lat="43.695958" lon="7.260686">
        <ele>0.0</ele>
    </trkpt>
    <trkpt lat="43.695926" lon="7.261147">
        <ele>0.0</ele>
    </trkpt>
    <trkpt lat="43.695963" lon="7.261206">
        <ele>0.0</ele>
    </trkpt>
    <trkpt lat="43.695904" lon="7.261421">
        <ele>0.0</ele>
    </trkpt>
    <trkpt lat="43.696038" lon="7.261587">
        <ele>0.0</ele>
    </trkpt>
    <trkpt lat="43.696044" lon="7.261748">
        <ele>0.0</ele>
    </trkpt>
    <trkpt lat="43.696044" lon="7.261936">
        <ele>0.0</ele>
    </trkpt>
    <trkpt lat="43.696006" lon="7.262097">
        <ele>0.0</ele>
    </trkpt>
    <trkpt lat="43.696027" lon="7.262413">
        <ele>0.0</ele>
    </trkpt>
    <trkpt lat="43.695985" lon="7.262547">
        <ele>0.0</ele>
    </trkpt>
    <trkpt lat="43.696027" lon="7.26259">
        <ele>0.0</ele>
    </trkpt>
    <trkpt lat="43.696044" lon="7.26267">
        <ele>0.0</ele>
    </trkpt>
    <trkpt lat="43.696092" lon="7.262654">
        <ele>0.0</ele>
    </trkpt>
    <trkpt lat="43.696183" lon="7.262735">
        <ele>0.0</ele>
    </trkpt>
    <trkpt lat="43.696237" lon="7.262746">
        <ele>0.0</ele>
    </trkpt>
    <trkpt lat="43.696253" lon="7.262874">
        <ele>0.0</ele>
    </trkpt>
    <trkpt lat="43.69621" lon="7.262907">
        <ele>0.0</ele>
    </trkpt>
    <trkpt lat="43.696344" lon="7.263084">
        <ele>0.0</ele>
    </trkpt>
    <trkpt lat="43.696365" lon="7.263298">
        <ele>0.0</ele>
    </trkpt>
    <trkpt lat="43.696398" lon="7.263346">
        <ele>0.0</ele>
    </trkpt>
    <trkpt lat="43.696376" lon="7.263422">
        <ele>0.0</ele>
    </trkpt>
    <trkpt lat="43.696446" lon="7.263717">
        <ele>0.0</ele>
    </trkpt>
    <trkpt lat="43.696483" lon="7.263792">
        <ele>0.0</ele>
    </trkpt>
    <trkpt lat="43.696548" lon="7.263829">
        <ele>0.0</ele>
    </trkpt>
    <trkpt lat="43.696612" lon="7.263861">
        <ele>0.0</ele>
    </trkpt>
    <trkpt lat="43.696655" lon="7.263829">
        <ele>0.0</ele>
    </trkpt>
    <trkpt lat="43.696618" lon="7.263759">
        <ele>0.0</ele>
    </trkpt>
    <trkpt lat="43.696585" lon="7.263883">
        <ele>0.0</ele>
    </trkpt>
    <trkpt lat="43.69658" lon="7.263818">
        <ele>0.0</ele>
    </trkpt>
    <trkpt lat="43.696516" lon="7.263883">
        <ele>0.0</ele>
    </trkpt>
    <trkpt lat="43.696564" lon="7.26391">
        <ele>0.0</ele>
    </trkpt>
    <trkpt lat="43.696569" lon="7.263835">
        <ele>0.0</ele>
    </trkpt>
    <trkpt lat="43.696526" lon="7.2637">
        <ele>0.0</ele>
    </trkpt>
    <trkpt lat="43.696516" lon="7.263432">
        <ele>0.0</ele>
    </trkpt>
    <trkpt lat="43.69672" lon="7.263593">
        <ele>0.0</ele>
    </trkpt>
    <trkpt lat="43.696323" lon="7.263566">
        <ele>0.0</ele>
    </trkpt>
    <trkpt lat="43.696478" lon="7.263636">
        <ele>0.0</ele>
    </trkpt>
    <trkpt lat="43.696591" lon="7.263641">
        <ele>0.0</ele>
    </trkpt>
    <trkpt lat="43.696457" lon="7.263759">
        <ele>0.0</ele>
    </trkpt>
    <trkpt lat="43.696516" lon="7.26377">
        <ele>0.0</ele>
    </trkpt>
    <trkpt lat="43.69651" lon="7.263845">
        <ele>0.0</ele>
    </trkpt>
    <trkpt lat="43.696601" lon="7.263877">
        <ele>0.0</ele>
    </trkpt>
    <trkpt lat="43.696548" lon="7.263926">
        <ele>0.0</ele>
    </trkpt>
    <trkpt lat="43.696585" lon="7.264055">
        <ele>0.0</ele>
    </trkpt>
    <trkpt lat="43.696623" lon="7.264092">
        <ele>0.0</ele>
    </trkpt>
    <trkpt lat="43.696575" lon="7.264419">
        <ele>0.0</ele>
    </trkpt>
    <trkpt lat="43.696709" lon="7.264537">
        <ele>0.0</ele>
    </trkpt>
    <trkpt lat="43.696693" lon="7.264677">
        <ele>0.0</ele>
    </trkpt>
    <trkpt lat="43.69672" lon="7.264816">
        <ele>0.0</ele>
    </trkpt>
    <trkpt lat="43.696789" lon="7.264832">
        <ele>0.0</ele>
    </trkpt>
    <trkpt lat="43.696821" lon="7.264779">
        <ele>0.0</ele>
    </trkpt>
    <trkpt lat="43.69687" lon="7.264773">
        <ele>0.0</ele>
    </trkpt>
    <trkpt lat="43.696838" lon="7.264897">
        <ele>0.0</ele>
    </trkpt>
    <trkpt lat="43.696795" lon="7.264918">
        <ele>0.0</ele>
    </trkpt>
    <trkpt lat="43.696773" lon="7.265042">
        <ele>0.0</ele>
    </trkpt>
    <trkpt lat="43.696784" lon="7.264972">
        <ele>0.0</ele>
    </trkpt>
    <trkpt lat="43.696666" lon="7.264966">
        <ele>0.0</ele>
    </trkpt>
    <trkpt lat="43.696709" lon="7.26487">
        <ele>0.0</ele>
    </trkpt>
    <trkpt lat="43.696666" lon="7.264822">
        <ele>0.0</ele>
    </trkpt>
    <trkpt lat="43.696666" lon="7.264757">
        <ele>0.0</ele>
    </trkpt>
    <trkpt lat="43.696773" lon="7.264773">
        <ele>0.0</ele>
    </trkpt>
    <trkpt lat="43.696709" lon="7.264891">
        <ele>0.0</ele>
    </trkpt>
    <trkpt lat="43.696693" lon="7.265101">
        <ele>0.0</ele>
    </trkpt>
    <trkpt lat="43.696795" lon="7.265326">
        <ele>0.0</ele>
    </trkpt>
    <trkpt lat="43.696923" lon="7.265465">
        <ele>0.0</ele>
    </trkpt>
    <trkpt lat="43.696998" lon="7.26568">
        <ele>0.0</ele>
    </trkpt>
    <trkpt lat="43.697009" lon="7.265744">
        <ele>0.0</ele>
    </trkpt>
    <trkpt lat="43.696982" lon="7.265798">
        <ele>0.0</ele>
    </trkpt>
    <trkpt lat="43.697015" lon="7.265846">
        <ele>0.0</ele>
    </trkpt>
    <trkpt lat="43.697047" lon="7.265798">
        <ele>0.0</ele>
    </trkpt>
    <trkpt lat="43.696993" lon="7.265771">
        <ele>0.0</ele>
    </trkpt>
    <trkpt lat="43.697025" lon="7.2659">
        <ele>0.0</ele>
    </trkpt>
    <trkpt lat="43.697095" lon="7.265996">
        <ele>0.0</ele>
    </trkpt>
    <trkpt lat="43.697165" lon="7.2662">
        <ele>0.0</ele>
    </trkpt>
    <trkpt lat="43.697299" lon="7.266259">
        <ele>0.0</ele>
    </trkpt>
    <trkpt lat="43.697497" lon="7.266259">
        <ele>0.0</ele>
    </trkpt>
    <trkpt lat="43.697551" lon="7.266367">
        <ele>0.0</ele>
    </trkpt>
    <trkpt lat="43.697524" lon="7.26657">
        <ele>0.0</ele>
    </trkpt>
    <trkpt lat="43.697481" lon="7.266613">
        <ele>0.0</ele>
    </trkpt>
    <trkpt lat="43.697535" lon="7.266629">
        <ele>0.0</ele>
    </trkpt>
    <trkpt lat="43.697519" lon="7.266688">
        <ele>0.0</ele>
    </trkpt>
    <trkpt lat="43.697562" lon="7.266721">
        <ele>0.0</ele>
    </trkpt>
    <trkpt lat="43.697567" lon="7.266871">
        <ele>0.0</ele>
    </trkpt>
    <trkpt lat="43.697637" lon="7.266967">
        <ele>0.0</ele>
    </trkpt>
    <trkpt lat="43.697594" lon="7.267">
        <ele>0.0</ele>
    </trkpt>
    <trkpt lat="43.697567" lon="7.267144">
        <ele>0.0</ele>
    </trkpt>
    <trkpt lat="43.697578" lon="7.267402">
        <ele>0.0</ele>
    </trkpt>
    <trkpt lat="43.697551" lon="7.267541">
        <ele>0.0</ele>
    </trkpt>
    <trkpt lat="43.697599" lon="7.26767">
        <ele>0.0</ele>
    </trkpt>
    <trkpt lat="43.697723" lon="7.267826">
        <ele>0.0</ele>
    </trkpt>
    <trkpt lat="43.69768" lon="7.267858">
        <ele>0.0</ele>
    </trkpt>
    <trkpt lat="43.697664" lon="7.267928">
        <ele>0.0</ele>
    </trkpt>
    <trkpt lat="43.697782" lon="7.268185">
        <ele>0.0</ele>
    </trkpt>
    <trkpt lat="43.69776" lon="7.268255">
        <ele>0.0</ele>
    </trkpt>
    <trkpt lat="43.697787" lon="7.268459">
        <ele>0.0</ele>
    </trkpt>
    <trkpt lat="43.69776" lon="7.2684">
        <ele>0.0</ele>
    </trkpt>
    <trkpt lat="43.697685" lon="7.268437">
        <ele>0.0</ele>
    </trkpt>
    <trkpt lat="43.697658" lon="7.268512">
        <ele>0.0</ele>
    </trkpt>
    <trkpt lat="43.69769" lon="7.268555">
        <ele>0.0</ele>
    </trkpt>
    <trkpt lat="43.697701" lon="7.268695">
        <ele>0.0</ele>
    </trkpt>
    <trkpt lat="43.697744" lon="7.268722">
        <ele>0.0</ele>
    </trkpt>
    <trkpt lat="43.697835" lon="7.268893">
        <ele>0.0</ele>
    </trkpt>
    <trkpt lat="43.697857" lon="7.26906">
        <ele>0.0</ele>
    </trkpt>
    <trkpt lat="43.697825" lon="7.269188">
        <ele>0.0</ele>
    </trkpt>
    <trkpt lat="43.697862" lon="7.269258">
        <ele>0.0</ele>
    </trkpt>
    <trkpt lat="43.697991" lon="7.269312">
        <ele>0.0</ele>
    </trkpt>
    <trkpt lat="43.698023" lon="7.269456">
        <ele>0.0</ele>
    </trkpt>
    <trkpt lat="43.697991" lon="7.269655">
        <ele>0.0</ele>
    </trkpt>
    <trkpt lat="43.697937" lon="7.269666">
        <ele>0.0</ele>
    </trkpt>
    <trkpt lat="43.697884" lon="7.269617">
        <ele>0.0</ele>
    </trkpt>
    <trkpt lat="43.697776" lon="7.269655">
        <ele>0.0</ele>
    </trkpt>
    <trkpt lat="43.697685" lon="7.269607">
        <ele>0.0</ele>
    </trkpt>
    <trkpt lat="43.697631" lon="7.269628">
        <ele>0.0</ele>
    </trkpt>
    <trkpt lat="43.697626" lon="7.269709">
        <ele>0.0</ele>
    </trkpt>
    <trkpt lat="43.697513" lon="7.269864">
        <ele>0.0</ele>
    </trkpt>
    <trkpt lat="43.697412" lon="7.26987">
        <ele>0.0</ele>
    </trkpt>
    <trkpt lat="43.697293" lon="7.270004">
        <ele>0.0</ele>
    </trkpt>
    <trkpt lat="43.697342" lon="7.270272">
        <ele>0.0</ele>
    </trkpt>
    <trkpt lat="43.69732" lon="7.270336">
        <ele>0.0</ele>
    </trkpt>
    <trkpt lat="43.697401" lon="7.270583">
        <ele>0.0</ele>
    </trkpt>
    <trkpt lat="43.697422" lon="7.270792">
        <ele>0.0</ele>
    </trkpt>
    <trkpt lat="43.697546" lon="7.271093">
        <ele>0.0</ele>
    </trkpt>
    <trkpt lat="43.697535" lon="7.271232">
        <ele>0.0</ele>
    </trkpt>
    <trkpt lat="43.697379" lon="7.271436">
        <ele>0.0</ele>
    </trkpt>
    <trkpt lat="43.697304" lon="7.271468">
        <ele>0.0</ele>
    </trkpt>
    <trkpt lat="43.697197" lon="7.271447">
        <ele>0.0</ele>
    </trkpt>
    <trkpt lat="43.697149" lon="7.271495">
        <ele>0.0</ele>
    </trkpt>
    <trkpt lat="43.697197" lon="7.271474">
        <ele>0.0</ele>
    </trkpt>
    <trkpt lat="43.697116" lon="7.271377">
        <ele>0.0</ele>
    </trkpt>
    <trkpt lat="43.696902" lon="7.2709">
        <ele>0.0</ele>
    </trkpt>
    <trkpt lat="43.69673" lon="7.270948">
        <ele>0.0</ele>
    </trkpt>
    <trkpt lat="43.696634" lon="7.270798">
        <ele>0.0</ele>
    </trkpt>
    <trkpt lat="43.69658" lon="7.270803">
        <ele>0.0</ele>
    </trkpt>
    <trkpt lat="43.696559" lon="7.270744">
        <ele>0.0</ele>
    </trkpt>
    <trkpt lat="43.696467" lon="7.270674">
        <ele>0.0</ele>
    </trkpt>
    <trkpt lat="43.696478" lon="7.270535">
        <ele>0.0</ele>
    </trkpt>
    <trkpt lat="43.696505" lon="7.270476">
        <ele>0.0</ele>
    </trkpt>
    <trkpt lat="43.696553" lon="7.270481">
        <ele>0.0</ele>
    </trkpt>
    <trkpt lat="43.696516" lon="7.270256">
        <ele>0.0</ele>
    </trkpt>
    <trkpt lat="43.696473" lon="7.270213">
        <ele>0.0</ele>
    </trkpt>
    <trkpt lat="43.696467" lon="7.270143">
        <ele>0.0</ele>
    </trkpt>
    <trkpt lat="43.6965" lon="7.270089">
        <ele>0.0</ele>
    </trkpt>
    <trkpt lat="43.696585" lon="7.270052">
        <ele>0.0</ele>
    </trkpt>
    <trkpt lat="43.696682" lon="7.269961">
        <ele>0.0</ele>
    </trkpt>
    <trkpt lat="43.69666" lon="7.269816">
        <ele>0.0</ele>
    </trkpt>
    <trkpt lat="43.696741" lon="7.269741">
        <ele>0.0</ele>
    </trkpt>
    <trkpt lat="43.696762" lon="7.269505">
        <ele>0.0</ele>
    </trkpt>
    <trkpt lat="43.696693" lon="7.269403">
        <ele>0.0</ele>
    </trkpt>
    <trkpt lat="43.696693" lon="7.269333">
        <ele>0.0</ele>
    </trkpt>
    <trkpt lat="43.696559" lon="7.269054">
        <ele>0.0</ele>
    </trkpt>
    <trkpt lat="43.696521" lon="7.268904">
        <ele>0.0</ele>
    </trkpt>
    <trkpt lat="43.696462" lon="7.268904">
        <ele>0.0</ele>
    </trkpt>
    <trkpt lat="43.6965" lon="7.268952">
        <ele>0.0</ele>
    </trkpt>
    <trkpt lat="43.696419" lon="7.268861">
        <ele>0.0</ele>
    </trkpt>
    <trkpt lat="43.69636" lon="7.268738">
        <ele>0.0</ele>
    </trkpt>
    <trkpt lat="43.69636" lon="7.268663">
        <ele>0.0</ele>
    </trkpt>
    <trkpt lat="43.696419" lon="7.268759">
        <ele>0.0</ele>
    </trkpt>
    <trkpt lat="43.696365" lon="7.268491">
        <ele>0.0</ele>
    </trkpt>
    <trkpt lat="43.696285" lon="7.268416">
        <ele>0.0</ele>
    </trkpt>
    <trkpt lat="43.696247" lon="7.268266">
        <ele>0.0</ele>
    </trkpt>
    <trkpt lat="43.696124" lon="7.268051">
        <ele>0.0</ele>
    </trkpt>
    <trkpt lat="43.696092" lon="7.267922">
        <ele>0.0</ele>
    </trkpt>
    <trkpt lat="43.696103" lon="7.267853">
        <ele>0.0</ele>
    </trkpt>
    <trkpt lat="43.69621" lon="7.267681">
        <ele>0.0</ele>
    </trkpt>
    <trkpt lat="43.696194" lon="7.267622">
        <ele>0.0</ele>
    </trkpt>
    <trkpt lat="43.696119" lon="7.267606">
        <ele>0.0</ele>
    </trkpt>
    <trkpt lat="43.696081" lon="7.267547">
        <ele>0.0</ele>
    </trkpt>
    <trkpt lat="43.696017" lon="7.267525">
        <ele>0.0</ele>
    </trkpt>
    <trkpt lat="43.696194" lon="7.267515">
        <ele>0.0</ele>
    </trkpt>
    <trkpt lat="43.696306" lon="7.267461">
        <ele>0.0</ele>
    </trkpt>
    <trkpt lat="43.696167" lon="7.267407">
        <ele>0.0</ele>
    </trkpt>
    <trkpt lat="43.696097" lon="7.267423">
        <ele>0.0</ele>
    </trkpt>
    <trkpt lat="43.696124" lon="7.26737">
        <ele>0.0</ele>
    </trkpt>
    <trkpt lat="43.696065" lon="7.267348">
        <ele>0.0</ele>
    </trkpt>
    <trkpt lat="43.696215" lon="7.267429">
        <ele>0.0</ele>
    </trkpt>
    <trkpt lat="43.69621" lon="7.267198">
        <ele>0.0</ele>
    </trkpt>
    <trkpt lat="43.696253" lon="7.26723">
        <ele>0.0</ele>
    </trkpt>
    <trkpt lat="43.696296" lon="7.267193">
        <ele>0.0</ele>
    </trkpt>
    <trkpt lat="43.696403" lon="7.266876">
        <ele>0.0</ele>
    </trkpt>
    <trkpt lat="43.696349" lon="7.266844">
        <ele>0.0</ele>
    </trkpt>
    <trkpt lat="43.696376" lon="7.266785">
        <ele>0.0</ele>
    </trkpt>
    <trkpt lat="43.696323" lon="7.266764">
        <ele>0.0</ele>
    </trkpt>
    <trkpt lat="43.696371" lon="7.266565">
        <ele>0.0</ele>
    </trkpt>
    <trkpt lat="43.696344" lon="7.266506">
        <ele>0.0</ele>
    </trkpt>
    <trkpt lat="43.696215" lon="7.266538">
        <ele>0.0</ele>
    </trkpt>
    <trkpt lat="43.696178" lon="7.266501">
        <ele>0.0</ele>
    </trkpt>
    <trkpt lat="43.69614" lon="7.266125">
        <ele>0.0</ele>
    </trkpt>
    <trkpt lat="43.696156" lon="7.266066">
        <ele>0.0</ele>
    </trkpt>
    <trkpt lat="43.696097" lon="7.26605">
        <ele>0.0</ele>
    </trkpt>
    <trkpt lat="43.696135" lon="7.265991">
        <ele>0.0</ele>
    </trkpt>
    <trkpt lat="43.696226" lon="7.265948">
        <ele>0.0</ele>
    </trkpt>
    <trkpt lat="43.696188" lon="7.265814">
        <ele>0.0</ele>
    </trkpt>
    <trkpt lat="43.696269" lon="7.265723">
        <ele>0.0</ele>
    </trkpt>
    <trkpt lat="43.696333" lon="7.265712">
        <ele>0.0</ele>
    </trkpt>
    <trkpt lat="43.696333" lon="7.265626">
        <ele>0.0</ele>
    </trkpt>
    <trkpt lat="43.696403" lon="7.265599">
        <ele>0.0</ele>
    </trkpt>
    <trkpt lat="43.696419" lon="7.265519">
        <ele>0.0</ele>
    </trkpt>
    <trkpt lat="43.696467" lon="7.265519">
        <ele>0.0</ele>
    </trkpt>
    <trkpt lat="43.696403" lon="7.265487">
        <ele>0.0</ele>
    </trkpt>
    <trkpt lat="43.69643" lon="7.265406">
        <ele>0.0</ele>
    </trkpt>
    <trkpt lat="43.696532" lon="7.265272">
        <ele>0.0</ele>
    </trkpt>
    <trkpt lat="43.696644" lon="7.265245">
        <ele>0.0</ele>
    </trkpt>
    <trkpt lat="43.696752" lon="7.265074">
        <ele>0.0</ele>
    </trkpt>
    <trkpt lat="43.6968" lon="7.265111">
        <ele>0.0</ele>
    </trkpt>
    <trkpt lat="43.696779" lon="7.264966">
        <ele>0.0</ele>
    </trkpt>
    <trkpt lat="43.696736" lon="7.264945">
        <ele>0.0</ele>
    </trkpt>
    <trkpt lat="43.696746" lon="7.264875">
        <ele>0.0</ele>
    </trkpt>
    <trkpt lat="43.696693" lon="7.264763">
        <ele>0.0</ele>
    </trkpt>
    <trkpt lat="43.69673" lon="7.264693">
        <ele>0.0</ele>
    </trkpt>
    <trkpt lat="43.696634" lon="7.264425">
        <ele>0.0</ele>
    </trkpt>
    <trkpt lat="43.696655" lon="7.26428">
        <ele>0.0</ele>
    </trkpt>
    <trkpt lat="43.696559" lon="7.264189">
        <ele>0.0</ele>
    </trkpt>
    <trkpt lat="43.696542" lon="7.264114">
        <ele>0.0</ele>
    </trkpt>
    <trkpt lat="43.696446" lon="7.264055">
        <ele>0.0</ele>
    </trkpt>
    <trkpt lat="43.69651" lon="7.263969">
        <ele>0.0</ele>
    </trkpt>
    <trkpt lat="43.696559" lon="7.263979">
        <ele>0.0</ele>
    </trkpt>
    <trkpt lat="43.696569" lon="7.26406">
        <ele>0.0</ele>
    </trkpt>
    <trkpt lat="43.696607" lon="7.264017">
        <ele>0.0</ele>
    </trkpt>
    <trkpt lat="43.696559" lon="7.263899">
        <ele>0.0</ele>
    </trkpt>
    <trkpt lat="43.696516" lon="7.263867">
        <ele>0.0</ele>
    </trkpt>
    <trkpt lat="43.696473" lon="7.263942">
        <ele>0.0</ele>
    </trkpt>
    <trkpt lat="43.696424" lon="7.263953">
        <ele>0.0</ele>
    </trkpt>
    <trkpt lat="43.69636" lon="7.264119">
        <ele>0.0</ele>
    </trkpt>
    <trkpt lat="43.69643" lon="7.264017">
        <ele>0.0</ele>
    </trkpt>
    <trkpt lat="43.696532" lon="7.264065">
        <ele>0.0</ele>
    </trkpt>
    <trkpt lat="43.696494" lon="7.264119">
        <ele>0.0</ele>
    </trkpt>
    <trkpt lat="43.696328" lon="7.264189">
        <ele>0.0</ele>
    </trkpt>
    <trkpt lat="43.696274" lon="7.264264">
        <ele>0.0</ele>
    </trkpt>
    <trkpt lat="43.696274" lon="7.264328">
        <ele>0.0</ele>
    </trkpt>
    <trkpt lat="43.69636" lon="7.264409">
        <ele>0.0</ele>
    </trkpt>
    <trkpt lat="43.696355" lon="7.264564">
        <ele>0.0</ele>
    </trkpt>
    <trkpt lat="43.696317" lon="7.264607">
        <ele>0.0</ele>
    </trkpt>
    <trkpt lat="43.696355" lon="7.264661">
        <ele>0.0</ele>
    </trkpt>
    <trkpt lat="43.696296" lon="7.2648">
        <ele>0.0</ele>
    </trkpt>
    <trkpt lat="43.696312" lon="7.26487">
        <ele>0.0</ele>
    </trkpt>
    <trkpt lat="43.69629" lon="7.26495">
        <ele>0.0</ele>
    </trkpt>
    <trkpt lat="43.696355" lon="7.265004">
        <ele>0.0</ele>
    </trkpt>
    <trkpt lat="43.696146" lon="7.265052">
        <ele>0.0</ele>
    </trkpt>
    <trkpt lat="43.695877" lon="7.265202">
        <ele>0.0</ele>
    </trkpt>
    <trkpt lat="43.695679" lon="7.265422">
        <ele>0.0</ele>
    </trkpt>
    <trkpt lat="43.695566" lon="7.265653">
        <ele>0.0</ele>
    </trkpt>
    <trkpt lat="43.695582" lon="7.265755">
        <ele>0.0</ele>
    </trkpt>
    <trkpt lat="43.695545" lon="7.265825">
        <ele>0.0</ele>
    </trkpt>
    <trkpt lat="43.695588" lon="7.265954">
        <ele>0.0</ele>
    </trkpt>
    <trkpt lat="43.695711" lon="7.266061">
        <ele>0.0</ele>
    </trkpt>
    <trkpt lat="43.695625" lon="7.266152">
        <ele>0.0</ele>
    </trkpt>
    <trkpt lat="43.695566" lon="7.266184">
        <ele>0.0</ele>
    </trkpt>
    <trkpt lat="43.695513" lon="7.266173">
        <ele>0.0</ele>
    </trkpt>
    <trkpt lat="43.695507" lon="7.266243">
        <ele>0.0</ele>
    </trkpt>
    <trkpt lat="43.695432" lon="7.266249">
        <ele>0.0</ele>
    </trkpt>
    <trkpt lat="43.695443" lon="7.266313">
        <ele>0.0</ele>
    </trkpt>
    <trkpt lat="43.695496" lon="7.26634">
        <ele>0.0</ele>
    </trkpt>
    <trkpt lat="43.695513" lon="7.266399">
        <ele>0.0</ele>
    </trkpt>
    <trkpt lat="43.695657" lon="7.266469">
        <ele>0.0</ele>
    </trkpt>
    <trkpt lat="43.695813" lon="7.266592">
        <ele>0.0</ele>
    </trkpt>
    <trkpt lat="43.695867" lon="7.266597">
        <ele>0.0</ele>
    </trkpt>
    <trkpt lat="43.695968" lon="7.266747">
        <ele>0.0</ele>
    </trkpt>
    <trkpt lat="43.696049" lon="7.266994">
        <ele>0.0</ele>
    </trkpt>
    <trkpt lat="43.696151" lon="7.267139">
        <ele>0.0</ele>
    </trkpt>
    <trkpt lat="43.696167" lon="7.267209">
        <ele>0.0</ele>
    </trkpt>
    <trkpt lat="43.696113" lon="7.267198">
        <ele>0.0</ele>
    </trkpt>
    <trkpt lat="43.696199" lon="7.267466">
        <ele>0.0</ele>
    </trkpt>
    <trkpt lat="43.696242" lon="7.267482">
        <ele>0.0</ele>
    </trkpt>
    <trkpt lat="43.696231" lon="7.267557">
        <ele>0.0</ele>
    </trkpt>
    <trkpt lat="43.696317" lon="7.267718">
        <ele>0.0</ele>
    </trkpt>
    <trkpt lat="43.696365" lon="7.26774">
        <ele>0.0</ele>
    </trkpt>
    <trkpt lat="43.6965" lon="7.267944">
        <ele>0.0</ele>
    </trkpt>
    <trkpt lat="43.696612" lon="7.268185">
        <ele>0.0</ele>
    </trkpt>
    <trkpt lat="43.696768" lon="7.268759">
        <ele>0.0</ele>
    </trkpt>
    <trkpt lat="43.696956" lon="7.269076">
        <ele>0.0</ele>
    </trkpt>
    <trkpt lat="43.696998" lon="7.269285">
        <ele>0.0</ele>
    </trkpt>
    <trkpt lat="43.697074" lon="7.269424">
        <ele>0.0</ele>
    </trkpt>
    <trkpt lat="43.6971" lon="7.269644">
        <ele>0.0</ele>
    </trkpt>
    <trkpt lat="43.697154" lon="7.269687">
        <ele>0.0</ele>
    </trkpt>
    <trkpt lat="43.697175" lon="7.269843">
        <ele>0.0</ele>
    </trkpt>
  </trkseg>
</trk>
<trk>
  <name>2011/09/04 11:54:00</name>
  <extensions>
  </extensions>
  <trkseg>
    <trkpt lat="43.697175" lon="7.269843">
        <ele>0.0</ele>
    </trkpt>
    <trkpt lat="43.697213" lon="7.269902">
        <ele>0.0</ele>
    </trkpt>
    <trkpt lat="43.697234" lon="7.270234">
        <ele>0.0</ele>
    </trkpt>
    <trkpt lat="43.697433" lon="7.270637">
        <ele>0.0</ele>
    </trkpt>
    <trkpt lat="43.697497" lon="7.270926">
        <ele>0.0</ele>
    </trkpt>
    <trkpt lat="43.697589" lon="7.27113">
        <ele>0.0</ele>
    </trkpt>
    <trkpt lat="43.697701" lon="7.271554">
        <ele>0.0</ele>
    </trkpt>
    <trkpt lat="43.697803" lon="7.271747">
        <ele>0.0</ele>
    </trkpt>
    <trkpt lat="43.697889" lon="7.272123">
        <ele>0.0</ele>
    </trkpt>
    <trkpt lat="43.698055" lon="7.272638">
        <ele>0.0</ele>
    </trkpt>
    <trkpt lat="43.698087" lon="7.272986">
        <ele>0.0</ele>
    </trkpt>
    <trkpt lat="43.69813" lon="7.273094">
        <ele>0.0</ele>
    </trkpt>
    <trkpt lat="43.698195" lon="7.273469">
        <ele>0.0</ele>
    </trkpt>
    <trkpt lat="43.698184" lon="7.273775">
        <ele>0.0</ele>
    </trkpt>
    <trkpt lat="43.698232" lon="7.273796">
        <ele>0.0</ele>
    </trkpt>
    <trkpt lat="43.698254" lon="7.273861">
        <ele>0.0</ele>
    </trkpt>
    <trkpt lat="43.698227" lon="7.274027">
        <ele>0.0</ele>
    </trkpt>
    <trkpt lat="43.69827" lon="7.274263">
        <ele>0.0</ele>
    </trkpt>
    <trkpt lat="43.698425" lon="7.274456">
        <ele>0.0</ele>
    </trkpt>
    <trkpt lat="43.698656" lon="7.274869">
        <ele>0.0</ele>
    </trkpt>
    <trkpt lat="43.69864" lon="7.275089">
        <ele>0.0</ele>
    </trkpt>
    <trkpt lat="43.698667" lon="7.275325">
        <ele>0.0</ele>
    </trkpt>
    <trkpt lat="43.698747" lon="7.27554">
        <ele>0.0</ele>
    </trkpt>
    <trkpt lat="43.698779" lon="7.276001">
        <ele>0.0</ele>
    </trkpt>
    <trkpt lat="43.698828" lon="7.27613">
        <ele>0.0</ele>
    </trkpt>
    <trkpt lat="43.698887" lon="7.276178">
        <ele>0.0</ele>
    </trkpt>
    <trkpt lat="43.698897" lon="7.276248">
        <ele>0.0</ele>
    </trkpt>
    <trkpt lat="43.699091" lon="7.276462">
        <ele>0.0</ele>
    </trkpt>
    <trkpt lat="43.69945" lon="7.276623">
        <ele>0.0</ele>
    </trkpt>
    <trkpt lat="43.699573" lon="7.276725">
        <ele>0.0</ele>
    </trkpt>
    <trkpt lat="43.699734" lon="7.276779">
        <ele>0.0</ele>
    </trkpt>
    <trkpt lat="43.69982" lon="7.276854">
        <ele>0.0</ele>
    </trkpt>
    <trkpt lat="43.700126" lon="7.276951">
        <ele>0.0</ele>
    </trkpt>
    <trkpt lat="43.700158" lon="7.276999">
        <ele>0.0</ele>
    </trkpt>
    <trkpt lat="43.700255" lon="7.27701">
        <ele>0.0</ele>
    </trkpt>
    <trkpt lat="43.700314" lon="7.277128">
        <ele>0.0</ele>
    </trkpt>
    <trkpt lat="43.700555" lon="7.277294">
        <ele>0.0</ele>
    </trkpt>
    <trkpt lat="43.700619" lon="7.277449">
        <ele>0.0</ele>
    </trkpt>
    <trkpt lat="43.700909" lon="7.277702">
        <ele>0.0</ele>
    </trkpt>
    <trkpt lat="43.701006" lon="7.277766">
        <ele>0.0</ele>
    </trkpt>
    <trkpt lat="43.701242" lon="7.277793">
        <ele>0.0</ele>
    </trkpt>
    <trkpt lat="43.701322" lon="7.277938">
        <ele>0.0</ele>
    </trkpt>
    <trkpt lat="43.70159" lon="7.278007">
        <ele>0.0</ele>
    </trkpt>
    <trkpt lat="43.701859" lon="7.278276">
        <ele>0.0</ele>
    </trkpt>
    <trkpt lat="43.702025" lon="7.278394">
        <ele>0.0</ele>
    </trkpt>
    <trkpt lat="43.70217" lon="7.278458">
        <ele>0.0</ele>
    </trkpt>
    <trkpt lat="43.702309" lon="7.278603">
        <ele>0.0</ele>
    </trkpt>
    <trkpt lat="43.702642" lon="7.278748">
        <ele>0.0</ele>
    </trkpt>
    <trkpt lat="43.702883" lon="7.278914">
        <ele>0.0</ele>
    </trkpt>
    <trkpt lat="43.702964" lon="7.278812">
        <ele>0.0</ele>
    </trkpt>
    <trkpt lat="43.703076" lon="7.278479">
        <ele>0.0</ele>
    </trkpt>
    <trkpt lat="43.703033" lon="7.278093">
        <ele>0.0</ele>
    </trkpt>
    <trkpt lat="43.703044" lon="7.278018">
        <ele>0.0</ele>
    </trkpt>
    <trkpt lat="43.703092" lon="7.277959">
        <ele>0.0</ele>
    </trkpt>
    <trkpt lat="43.703066" lon="7.27783">
        <ele>0.0</ele>
    </trkpt>
    <trkpt lat="43.703119" lon="7.277637">
        <ele>0.0</ele>
    </trkpt>
    <trkpt lat="43.703173" lon="7.277573">
        <ele>0.0</ele>
    </trkpt>
    <trkpt lat="43.703168" lon="7.277471">
        <ele>0.0</ele>
    </trkpt>
    <trkpt lat="43.703216" lon="7.277423">
        <ele>0.0</ele>
    </trkpt>
    <trkpt lat="43.703227" lon="7.277267">
        <ele>0.0</ele>
    </trkpt>
    <trkpt lat="43.703286" lon="7.277251">
        <ele>0.0</ele>
    </trkpt>
    <trkpt lat="43.703328" lon="7.277079">
        <ele>0.0</ele>
    </trkpt>
    <trkpt lat="43.703339" lon="7.276806">
        <ele>0.0</ele>
    </trkpt>
    <trkpt lat="43.703468" lon="7.276436">
        <ele>0.0</ele>
    </trkpt>
    <trkpt lat="43.70343" lon="7.276221">
        <ele>0.0</ele>
    </trkpt>
    <trkpt lat="43.703457" lon="7.276055">
        <ele>0.0</ele>
    </trkpt>
    <trkpt lat="43.703559" lon="7.276039">
        <ele>0.0</ele>
    </trkpt>
    <trkpt lat="43.703645" lon="7.275947">
        <ele>0.0</ele>
    </trkpt>
    <trkpt lat="43.703688" lon="7.275717">
        <ele>0.0</ele>
    </trkpt>
    <trkpt lat="43.703725" lon="7.275652">
        <ele>0.0</ele>
    </trkpt>
    <trkpt lat="43.703811" lon="7.275588">
        <ele>0.0</ele>
    </trkpt>
    <trkpt lat="43.703886" lon="7.275314">
        <ele>0.0</ele>
    </trkpt>
    <trkpt lat="43.703961" lon="7.275202">
        <ele>0.0</ele>
    </trkpt>
    <trkpt lat="43.703983" lon="7.275116">
        <ele>0.0</ele>
    </trkpt>
    <trkpt lat="43.703999" lon="7.275035">
        <ele>0.0</ele>
    </trkpt>
    <trkpt lat="43.703956" lon="7.274907">
        <ele>0.0</ele>
    </trkpt>
    <trkpt lat="43.704155" lon="7.274397">
        <ele>0.0</ele>
    </trkpt>
    <trkpt lat="43.704138" lon="7.274338">
        <ele>0.0</ele>
    </trkpt>
    <trkpt lat="43.704181" lon="7.274107">
        <ele>0.0</ele>
    </trkpt>
    <trkpt lat="43.704251" lon="7.273887">
        <ele>0.0</ele>
    </trkpt>
    <trkpt lat="43.704385" lon="7.2737">
        <ele>0.0</ele>
    </trkpt>
    <trkpt lat="43.704026" lon="7.273426">
        <ele>0.0</ele>
    </trkpt>
    <trkpt lat="43.703865" lon="7.273136">
        <ele>0.0</ele>
    </trkpt>
    <trkpt lat="43.703618" lon="7.273072">
        <ele>0.0</ele>
    </trkpt>
    <trkpt lat="43.703489" lon="7.272992">
        <ele>0.0</ele>
    </trkpt>
    <trkpt lat="43.703237" lon="7.272799">
        <ele>0.0</ele>
    </trkpt>
    <trkpt lat="43.703023" lon="7.272541">
        <ele>0.0</ele>
    </trkpt>
    <trkpt lat="43.702642" lon="7.27231">
        <ele>0.0</ele>
    </trkpt>
    <trkpt lat="43.702561" lon="7.272332">
        <ele>0.0</ele>
    </trkpt>
    <trkpt lat="43.702497" lon="7.272316">
        <ele>0.0</ele>
    </trkpt>
    <trkpt lat="43.702443" lon="7.272208">
        <ele>0.0</ele>
    </trkpt>
    <trkpt lat="43.702186" lon="7.272128">
        <ele>0.0</ele>
    </trkpt>
    <trkpt lat="43.70195" lon="7.271844">
        <ele>0.0</ele>
    </trkpt>
    <trkpt lat="43.701869" lon="7.271565">
        <ele>0.0</ele>
    </trkpt>
    <trkpt lat="43.70195" lon="7.271205">
        <ele>0.0</ele>
    </trkpt>
    <trkpt lat="43.701902" lon="7.27105">
        <ele>0.0</ele>
    </trkpt>
    <trkpt lat="43.701907" lon="7.270857">
        <ele>0.0</ele>
    </trkpt>
    <trkpt lat="43.70188" lon="7.270744">
        <ele>0.0</ele>
    </trkpt>
    <trkpt lat="43.701907" lon="7.270567">
        <ele>0.0</ele>
    </trkpt>
    <trkpt lat="43.701843" lon="7.270417">
        <ele>0.0</ele>
    </trkpt>
    <trkpt lat="43.701719" lon="7.270261">
        <ele>0.0</ele>
    </trkpt>
    <trkpt lat="43.701676" lon="7.270127">
        <ele>0.0</ele>
    </trkpt>
    <trkpt lat="43.701553" lon="7.269912">
        <ele>0.0</ele>
    </trkpt>
    <trkpt lat="43.701472" lon="7.269478">
        <ele>0.0</ele>
    </trkpt>
    <trkpt lat="43.701285" lon="7.269156">
        <ele>0.0</ele>
    </trkpt>
    <trkpt lat="43.701236" lon="7.26914">
        <ele>0.0</ele>
    </trkpt>
    <trkpt lat="43.701204" lon="7.26906">
        <ele>0.0</ele>
    </trkpt>
    <trkpt lat="43.701124" lon="7.269011">
        <ele>0.0</ele>
    </trkpt>
    <trkpt lat="43.701" lon="7.268652">
        <ele>0.0</ele>
    </trkpt>
    <trkpt lat="43.700941" lon="7.268652">
        <ele>0.0</ele>
    </trkpt>
    <trkpt lat="43.700861" lon="7.268351">
        <ele>0.0</ele>
    </trkpt>
    <trkpt lat="43.700759" lon="7.268255">
        <ele>0.0</ele>
    </trkpt>
    <trkpt lat="43.700716" lon="7.268094">
        <ele>0.0</ele>
    </trkpt>
    <trkpt lat="43.700598" lon="7.268003">
        <ele>0.0</ele>
    </trkpt>
    <trkpt lat="43.700491" lon="7.267847">
        <ele>0.0</ele>
    </trkpt>
    <trkpt lat="43.700453" lon="7.267702">
        <ele>0.0</ele>
    </trkpt>
    <trkpt lat="43.700459" lon="7.267488">
        <ele>0.0</ele>
    </trkpt>
    <trkpt lat="43.700206" lon="7.267236">
        <ele>0.0</ele>
    </trkpt>
    <trkpt lat="43.700185" lon="7.267032">
        <ele>0.0</ele>
    </trkpt>
    <trkpt lat="43.700298" lon="7.266399">
        <ele>0.0</ele>
    </trkpt>
    <trkpt lat="43.700217" lon="7.266275">
        <ele>0.0</ele>
    </trkpt>
    <trkpt lat="43.700228" lon="7.266125">
        <ele>0.0</ele>
    </trkpt>
    <trkpt lat="43.700292" lon="7.266061">
        <ele>0.0</ele>
    </trkpt>
    <trkpt lat="43.700399" lon="7.266023">
        <ele>0.0</ele>
    </trkpt>
    <trkpt lat="43.700603" lon="7.265803">
        <ele>0.0</ele>
    </trkpt>
    <trkpt lat="43.70078" lon="7.265787">
        <ele>0.0</ele>
    </trkpt>
    <trkpt lat="43.700898" lon="7.265519">
        <ele>0.0</ele>
    </trkpt>
    <trkpt lat="43.70092" lon="7.265299">
        <ele>0.0</ele>
    </trkpt>
    <trkpt lat="43.700888" lon="7.265235">
        <ele>0.0</ele>
    </trkpt>
    <trkpt lat="43.700909" lon="7.26516">
        <ele>0.0</ele>
    </trkpt>
    <trkpt lat="43.700786" lon="7.264945">
        <ele>0.0</ele>
    </trkpt>
    <trkpt lat="43.700775" lon="7.264607">
        <ele>0.0</ele>
    </trkpt>
    <trkpt lat="43.700796" lon="7.264478">
        <ele>0.0</ele>
    </trkpt>
    <trkpt lat="43.700743" lon="7.264403">
        <ele>0.0</ele>
    </trkpt>
    <trkpt lat="43.700668" lon="7.264392">
        <ele>0.0</ele>
    </trkpt>
    <trkpt lat="43.700566" lon="7.264307">
        <ele>0.0</ele>
    </trkpt>
    <trkpt lat="43.700459" lon="7.264285">
        <ele>0.0</ele>
    </trkpt>
    <trkpt lat="43.700287" lon="7.264301">
        <ele>0.0</ele>
    </trkpt>
    <trkpt lat="43.70018" lon="7.26443">
        <ele>0.0</ele>
    </trkpt>
    <trkpt lat="43.700104" lon="7.264441">
        <ele>0.0</ele>
    </trkpt>
    <trkpt lat="43.699917" lon="7.264548">
        <ele>0.0</ele>
    </trkpt>
    <trkpt lat="43.699831" lon="7.264548">
        <ele>0.0</ele>
    </trkpt>
    <trkpt lat="43.699799" lon="7.264612">
        <ele>0.0</ele>
    </trkpt>
    <trkpt lat="43.699681" lon="7.264639">
        <ele>0.0</ele>
    </trkpt>
    <trkpt lat="43.699665" lon="7.264698">
        <ele>0.0</ele>
    </trkpt>
    <trkpt lat="43.699455" lon="7.26414">
        <ele>0.0</ele>
    </trkpt>
    <trkpt lat="43.699455" lon="7.264076">
        <ele>0.0</ele>
    </trkpt>
    <trkpt lat="43.699311" lon="7.263942">
        <ele>0.0</ele>
    </trkpt>
    <trkpt lat="43.699262" lon="7.263797">
        <ele>0.0</ele>
    </trkpt>
    <trkpt lat="43.699262" lon="7.263454">
        <ele>0.0</ele>
    </trkpt>
    <trkpt lat="43.699235" lon="7.263395">
        <ele>0.0</ele>
    </trkpt>
    <trkpt lat="43.699273" lon="7.262864">
        <ele>0.0</ele>
    </trkpt>
    <trkpt lat="43.699257" lon="7.262719">
        <ele>0.0</ele>
    </trkpt>
    <trkpt lat="43.699198" lon="7.262569">
        <ele>0.0</ele>
    </trkpt>
    <trkpt lat="43.699198" lon="7.262461">
        <ele>0.0</ele>
    </trkpt>
    <trkpt lat="43.699069" lon="7.262011">
        <ele>0.0</ele>
    </trkpt>
    <trkpt lat="43.699042" lon="7.261753">
        <ele>0.0</ele>
    </trkpt>
    <trkpt lat="43.698935" lon="7.261421">
        <ele>0.0</ele>
    </trkpt>
    <trkpt lat="43.698855" lon="7.261281">
        <ele>0.0</ele>
    </trkpt>
    <trkpt lat="43.698817" lon="7.261131">
        <ele>0.0</ele>
    </trkpt>
    <trkpt lat="43.698812" lon="7.260938">
        <ele>0.0</ele>
    </trkpt>
    <trkpt lat="43.69871" lon="7.260707">
        <ele>0.0</ele>
    </trkpt>
    <trkpt lat="43.698704" lon="7.260482">
        <ele>0.0</ele>
    </trkpt>
    <trkpt lat="43.698635" lon="7.260208">
        <ele>0.0</ele>
    </trkpt>
    <trkpt lat="43.698597" lon="7.259881">
        <ele>0.0</ele>
    </trkpt>
    <trkpt lat="43.698452" lon="7.2595">
        <ele>0.0</ele>
    </trkpt>
    <trkpt lat="43.69842" lon="7.25921">
        <ele>0.0</ele>
    </trkpt>
    <trkpt lat="43.698506" lon="7.259151">
        <ele>0.0</ele>
    </trkpt>
    <trkpt lat="43.698323" lon="7.258953">
        <ele>0.0</ele>
    </trkpt>
    <trkpt lat="43.698302" lon="7.258889">
        <ele>0.0</ele>
    </trkpt>
    <trkpt lat="43.698286" lon="7.258588">
        <ele>0.0</ele>
    </trkpt>
    <trkpt lat="43.698248" lon="7.258502">
        <ele>0.0</ele>
    </trkpt>
    <trkpt lat="43.698163" lon="7.25781">
        <ele>0.0</ele>
    </trkpt>
    <trkpt lat="43.698087" lon="7.257649">
        <ele>0.0</ele>
    </trkpt>
    <trkpt lat="43.698082" lon="7.257446">
        <ele>0.0</ele>
    </trkpt>
    <trkpt lat="43.698018" lon="7.257145">
        <ele>0.0</ele>
    </trkpt>
    <trkpt lat="43.697867" lon="7.257059">
        <ele>0.0</ele>
    </trkpt>
    <trkpt lat="43.697749" lon="7.25685">
        <ele>0.0</ele>
    </trkpt>
    <trkpt lat="43.697712" lon="7.256657">
        <ele>0.0</ele>
    </trkpt>
    <trkpt lat="43.697648" lon="7.256544">
        <ele>0.0</ele>
    </trkpt>
    <trkpt lat="43.69768" lon="7.256298">
        <ele>0.0</ele>
    </trkpt>
    <trkpt lat="43.697615" lon="7.256158">
        <ele>0.0</ele>
    </trkpt>
    <trkpt lat="43.69761" lon="7.255986">
        <ele>0.0</ele>
    </trkpt>
    <trkpt lat="43.697664" lon="7.255622">
        <ele>0.0</ele>
    </trkpt>
    <trkpt lat="43.697723" lon="7.255493">
        <ele>0.0</ele>
    </trkpt>
    <trkpt lat="43.697733" lon="7.255311">
        <ele>0.0</ele>
    </trkpt>
    <trkpt lat="43.697894" lon="7.25486">
        <ele>0.0</ele>
    </trkpt>
    <trkpt lat="43.697878" lon="7.254774">
        <ele>0.0</ele>
    </trkpt>
    <trkpt lat="43.697943" lon="7.254205">
        <ele>0.0</ele>
    </trkpt>
    <trkpt lat="43.697948" lon="7.253862">
        <ele>0.0</ele>
    </trkpt>
    <trkpt lat="43.698012" lon="7.25368">
        <ele>0.0</ele>
    </trkpt>
    <trkpt lat="43.698061" lon="7.253648">
        <ele>0.0</ele>
    </trkpt>
    <trkpt lat="43.69798" lon="7.25339">
        <ele>0.0</ele>
    </trkpt>
    <trkpt lat="43.697948" lon="7.252998">
        <ele>0.0</ele>
    </trkpt>
    <trkpt lat="43.698018" lon="7.252956">
        <ele>0.0</ele>
    </trkpt>
    <trkpt lat="43.698018" lon="7.252623">
        <ele>0.0</ele>
    </trkpt>
    <trkpt lat="43.698077" lon="7.252387">
        <ele>0.0</ele>
    </trkpt>
    <trkpt lat="43.69805" lon="7.252258">
        <ele>0.0</ele>
    </trkpt>
    <trkpt lat="43.698211" lon="7.251545">
        <ele>0.0</ele>
    </trkpt>
    <trkpt lat="43.698109" lon="7.251486">
        <ele>0.0</ele>
    </trkpt>
    <trkpt lat="43.698055" lon="7.251389">
        <ele>0.0</ele>
    </trkpt>
    <trkpt lat="43.698082" lon="7.251255">
        <ele>0.0</ele>
    </trkpt>
    <trkpt lat="43.697905" lon="7.251239">
        <ele>0.0</ele>
    </trkpt>
    <trkpt lat="43.697825" lon="7.251201">
        <ele>0.0</ele>
    </trkpt>
    <trkpt lat="43.697546" lon="7.251217">
        <ele>0.0</ele>
    </trkpt>
    <trkpt lat="43.69731" lon="7.251175">
        <ele>0.0</ele>
    </trkpt>
    <trkpt lat="43.697186" lon="7.251212">
        <ele>0.0</ele>
    </trkpt>
    <trkpt lat="43.6971" lon="7.251196">
        <ele>0.0</ele>
    </trkpt>
    <trkpt lat="43.697041" lon="7.251239">
        <ele>0.0</ele>
    </trkpt>
    <trkpt lat="43.696907" lon="7.251207">
        <ele>0.0</ele>
    </trkpt>
    <trkpt lat="43.696838" lon="7.251234">
        <ele>0.0</ele>
    </trkpt>
    <trkpt lat="43.696666" lon="7.251384">
        <ele>0.0</ele>
    </trkpt>
    <trkpt lat="43.696601" lon="7.251394">
        <ele>0.0</ele>
    </trkpt>
    <trkpt lat="43.696119" lon="7.2517">
        <ele>0.0</ele>
    </trkpt>
    <trkpt lat="43.696044" lon="7.2517">
        <ele>0.0</ele>
    </trkpt>
    <trkpt lat="43.695743" lon="7.251604">
        <ele>0.0</ele>
    </trkpt>
    <trkpt lat="43.695652" lon="7.251749">
        <ele>0.0</ele>
    </trkpt>
    <trkpt lat="43.695695" lon="7.251781">
        <ele>0.0</ele>
    </trkpt>
    <trkpt lat="43.695588" lon="7.251931">
        <ele>0.0</ele>
    </trkpt>
    <trkpt lat="43.695228" lon="7.251872">
        <ele>0.0</ele>
    </trkpt>
    <trkpt lat="43.695105" lon="7.251947">
        <ele>0.0</ele>
    </trkpt>
    <trkpt lat="43.695008" lon="7.252049">
        <ele>0.0</ele>
    </trkpt>
    <trkpt lat="43.694939" lon="7.252033">
        <ele>0.0</ele>
    </trkpt>
    <trkpt lat="43.694906" lon="7.252081">
        <ele>0.0</ele>
    </trkpt>
    <trkpt lat="43.694799" lon="7.25185">
        <ele>0.0</ele>
    </trkpt>
    <trkpt lat="43.694493" lon="7.251904">
        <ele>0.0</ele>
    </trkpt>
    <trkpt lat="43.694171" lon="7.25185">
        <ele>0.0</ele>
    </trkpt>
    <trkpt lat="43.694" lon="7.251883">
        <ele>0.0</ele>
    </trkpt>
    <trkpt lat="43.693774" lon="7.251754">
        <ele>0.0</ele>
    </trkpt>
    <trkpt lat="43.693828" lon="7.251641">
        <ele>0.0</ele>
    </trkpt>
    <trkpt lat="43.693839" lon="7.251411">
        <ele>0.0</ele>
    </trkpt>
    <trkpt lat="43.69378" lon="7.251346">
        <ele>0.0</ele>
    </trkpt>
    <trkpt lat="43.693774" lon="7.251132">
        <ele>0.0</ele>
    </trkpt>
    <trkpt lat="43.693715" lon="7.251014">
        <ele>0.0</ele>
    </trkpt>
    <trkpt lat="43.693656" lon="7.250735">
        <ele>0.0</ele>
    </trkpt>
    <trkpt lat="43.693447" lon="7.250316">
        <ele>0.0</ele>
    </trkpt>
    <trkpt lat="43.693447" lon="7.249973">
        <ele>0.0</ele>
    </trkpt>
    <trkpt lat="43.693351" lon="7.249667">
        <ele>0.0</ele>
    </trkpt>
    <trkpt lat="43.693377" lon="7.249592">
        <ele>0.0</ele>
    </trkpt>
    <trkpt lat="43.693302" lon="7.249361">
        <ele>0.0</ele>
    </trkpt>
    <trkpt lat="43.693302" lon="7.249125">
        <ele>0.0</ele>
    </trkpt>
    <trkpt lat="43.693115" lon="7.248841">
        <ele>0.0</ele>
    </trkpt>
    <trkpt lat="43.692981" lon="7.248691">
        <ele>0.0</ele>
    </trkpt>
    <trkpt lat="43.6929" lon="7.248471">
        <ele>0.0</ele>
    </trkpt>
    <trkpt lat="43.692846" lon="7.248471">
        <ele>0.0</ele>
    </trkpt>
    <trkpt lat="43.692809" lon="7.248525">
        <ele>0.0</ele>
    </trkpt>
    <trkpt lat="43.692852" lon="7.248294">
        <ele>0.0</ele>
    </trkpt>
    <trkpt lat="43.692798" lon="7.248176">
        <ele>0.0</ele>
    </trkpt>
    <trkpt lat="43.692734" lon="7.248133">
        <ele>0.0</ele>
    </trkpt>
    <trkpt lat="43.692439" lon="7.247698">
        <ele>0.0</ele>
    </trkpt>
    <trkpt lat="43.692342" lon="7.247688">
        <ele>0.0</ele>
    </trkpt>
    <trkpt lat="43.692283" lon="7.247645">
        <ele>0.0</ele>
    </trkpt>
    <trkpt lat="43.692256" lon="7.247425">
        <ele>0.0</ele>
    </trkpt>
    <trkpt lat="43.692224" lon="7.247366">
        <ele>0.0</ele>
    </trkpt>
    <trkpt lat="43.69216" lon="7.247339">
        <ele>0.0</ele>
    </trkpt>
    <trkpt lat="43.692294" lon="7.247071">
        <ele>0.0</ele>
    </trkpt>
    <trkpt lat="43.692267" lon="7.24691">
        <ele>0.0</ele>
    </trkpt>
    <trkpt lat="43.692165" lon="7.246894">
        <ele>0.0</ele>
    </trkpt>
    <trkpt lat="43.692106" lon="7.246969">
        <ele>0.0</ele>
    </trkpt>
    <trkpt lat="43.692015" lon="7.247103">
        <ele>0.0</ele>
    </trkpt>
    <trkpt lat="43.691881" lon="7.247403">
        <ele>0.0</ele>
    </trkpt>
    <trkpt lat="43.691757" lon="7.247457">
        <ele>0.0</ele>
    </trkpt>
    <trkpt lat="43.691704" lon="7.247521">
        <ele>0.0</ele>
    </trkpt>
    <trkpt lat="43.691468" lon="7.247602">
        <ele>0.0</ele>
    </trkpt>
    <trkpt lat="43.69143" lon="7.247559">
        <ele>0.0</ele>
    </trkpt>
    <trkpt lat="43.69099" lon="7.246052">
        <ele>0.0</ele>
    </trkpt>
    <trkpt lat="43.690969" lon="7.245612">
        <ele>0.0</ele>
    </trkpt>
    <trkpt lat="43.690915" lon="7.245563">
        <ele>0.0</ele>
    </trkpt>
    <trkpt lat="43.690808" lon="7.245284">
        <ele>0.0</ele>
    </trkpt>
    <trkpt lat="43.690722" lon="7.245215">
        <ele>0.0</ele>
    </trkpt>
    <trkpt lat="43.690588" lon="7.244651">
        <ele>0.0</ele>
    </trkpt>
    <trkpt lat="43.690314" lon="7.244179">
        <ele>0.0</ele>
    </trkpt>
  </trkseg>
</trk>
<trk>
  <name>2011/09/04 11:54:00</name>
  <extensions>
  </extensions>
  <trkseg>
    <trkpt lat="43.690277" lon="7.244083">
        <ele>0.0</ele>
    </trkpt>
    <trkpt lat="43.690132" lon="7.243659">
        <ele>0.0</ele>
    </trkpt>
    <trkpt lat="43.689644" lon="7.242634">
        <ele>0.0</ele>
    </trkpt>
    <trkpt lat="43.689531" lon="7.242484">
        <ele>0.0</ele>
    </trkpt>
    <trkpt lat="43.68929" lon="7.241937">
        <ele>0.0</ele>
    </trkpt>
    <trkpt lat="43.689263" lon="7.241803">
        <ele>0.0</ele>
    </trkpt>
    <trkpt lat="43.689156" lon="7.241615">
        <ele>0.0</ele>
    </trkpt>
    <trkpt lat="43.689193" lon="7.24154">
        <ele>0.0</ele>
    </trkpt>
    <trkpt lat="43.689134" lon="7.241433">
        <ele>0.0</ele>
    </trkpt>
    <trkpt lat="43.688909" lon="7.241143">
        <ele>0.0</ele>
    </trkpt>
    <trkpt lat="43.688812" lon="7.2411">
        <ele>0.0</ele>
    </trkpt>
    <trkpt lat="43.688657" lon="7.241095">
        <ele>0.0</ele>
    </trkpt>
    <trkpt lat="43.688614" lon="7.241143">
        <ele>0.0</ele>
    </trkpt>
    <trkpt lat="43.688485" lon="7.241175">
        <ele>0.0</ele>
    </trkpt>
    <trkpt lat="43.688421" lon="7.241154">
        <ele>0.0</ele>
    </trkpt>
    <trkpt lat="43.688464" lon="7.241095">
        <ele>0.0</ele>
    </trkpt>
    <trkpt lat="43.688469" lon="7.240955">
        <ele>0.0</ele>
    </trkpt>
    <trkpt lat="43.688271" lon="7.240564">
        <ele>0.0</ele>
    </trkpt>
    <trkpt lat="43.688201" lon="7.240365">
        <ele>0.0</ele>
    </trkpt>
    <trkpt lat="43.687933" lon="7.239904">
        <ele>0.0</ele>
    </trkpt>
    <trkpt lat="43.687707" lon="7.239603">
        <ele>0.0</ele>
    </trkpt>
    <trkpt lat="43.68738" lon="7.238954">
        <ele>0.0</ele>
    </trkpt>
    <trkpt lat="43.687182" lon="7.238633">
        <ele>0.0</ele>
    </trkpt>
    <trkpt lat="43.687015" lon="7.238434">
        <ele>0.0</ele>
    </trkpt>
    <trkpt lat="43.686758" lon="7.237994">
        <ele>0.0</ele>
    </trkpt>
    <trkpt lat="43.686554" lon="7.237806">
        <ele>0.0</ele>
    </trkpt>
    <trkpt lat="43.686393" lon="7.23749">
        <ele>0.0</ele>
    </trkpt>
    <trkpt lat="43.686136" lon="7.237152">
        <ele>0.0</ele>
    </trkpt>
    <trkpt lat="43.685776" lon="7.236825">
        <ele>0.0</ele>
    </trkpt>
    <trkpt lat="43.685454" lon="7.236481">
        <ele>0.0</ele>
    </trkpt>
    <trkpt lat="43.685315" lon="7.236379">
        <ele>0.0</ele>
    </trkpt>
    <trkpt lat="43.685224" lon="7.236224">
        <ele>0.0</ele>
    </trkpt>
    <trkpt lat="43.684945" lon="7.235913">
        <ele>0.0</ele>
    </trkpt>
    <trkpt lat="43.684778" lon="7.235757">
        <ele>0.0</ele>
    </trkpt>
    <trkpt lat="43.684676" lon="7.23572">
        <ele>0.0</ele>
    </trkpt>
    <trkpt lat="43.684612" lon="7.23565">
        <ele>0.0</ele>
    </trkpt>
    <trkpt lat="43.684462" lon="7.235371">
        <ele>0.0</ele>
    </trkpt>
    <trkpt lat="43.68392" lon="7.234561">
        <ele>0.0</ele>
    </trkpt>
    <trkpt lat="43.683797" lon="7.234464">
        <ele>0.0</ele>
    </trkpt>
    <trkpt lat="43.68362" lon="7.234228">
        <ele>0.0</ele>
    </trkpt>
    <trkpt lat="43.683432" lon="7.234078">
        <ele>0.0</ele>
    </trkpt>
    <trkpt lat="43.683046" lon="7.233628">
        <ele>0.0</ele>
    </trkpt>
    <trkpt lat="43.682949" lon="7.233477">
        <ele>0.0</ele>
    </trkpt>
    <trkpt lat="43.68267" lon="7.233247">
        <ele>0.0</ele>
    </trkpt>
    <trkpt lat="43.682439" lon="7.232973">
        <ele>0.0</ele>
    </trkpt>
    <trkpt lat="43.682005" lon="7.232571">
        <ele>0.0</ele>
    </trkpt>
    <trkpt lat="43.681785" lon="7.232308">
        <ele>0.0</ele>
    </trkpt>
    <trkpt lat="43.68156" lon="7.232142">
        <ele>0.0</ele>
    </trkpt>
    <trkpt lat="43.68119" lon="7.231777">
        <ele>0.0</ele>
    </trkpt>
    <trkpt lat="43.680991" lon="7.231627">
        <ele>0.0</ele>
    </trkpt>
    <trkpt lat="43.680776" lon="7.231423">
        <ele>0.0</ele>
    </trkpt>
    <trkpt lat="43.680664" lon="7.231267">
        <ele>0.0</ele>
    </trkpt>
    <trkpt lat="43.680143" lon="7.23079">
        <ele>0.0</ele>
    </trkpt>
    <trkpt lat="43.679972" lon="7.230682">
        <ele>0.0</ele>
    </trkpt>
    <trkpt lat="43.679795" lon="7.230645">
        <ele>0.0</ele>
    </trkpt>
    <trkpt lat="43.679698" lon="7.230532">
        <ele>0.0</ele>
    </trkpt>
    <trkpt lat="43.679602" lon="7.230479">
        <ele>0.0</ele>
    </trkpt>
    <trkpt lat="43.679172" lon="7.230108">
        <ele>0.0</ele>
    </trkpt>
    <trkpt lat="43.678464" lon="7.229443">
        <ele>0.0</ele>
    </trkpt>
    <trkpt lat="43.678255" lon="7.229357">
        <ele>0.0</ele>
    </trkpt>
    <trkpt lat="43.678121" lon="7.229234">
        <ele>0.0</ele>
    </trkpt>
    <trkpt lat="43.677231" lon="7.228676">
        <ele>0.0</ele>
    </trkpt>
    <trkpt lat="43.677032" lon="7.228757">
        <ele>0.0</ele>
    </trkpt>
    <trkpt lat="43.676834" lon="7.229036">
        <ele>0.0</ele>
    </trkpt>
    <trkpt lat="43.676174" lon="7.228746">
        <ele>0.0</ele>
    </trkpt>
    <trkpt lat="43.676126" lon="7.228676">
        <ele>0.0</ele>
    </trkpt>
    <trkpt lat="43.675997" lon="7.228617">
        <ele>0.0</ele>
    </trkpt>
    <trkpt lat="43.675906" lon="7.228499">
        <ele>0.0</ele>
    </trkpt>
    <trkpt lat="43.675814" lon="7.22844">
        <ele>0.0</ele>
    </trkpt>
    <trkpt lat="43.675342" lon="7.228167">
        <ele>0.0</ele>
    </trkpt>
    <trkpt lat="43.675128" lon="7.228113">
        <ele>0.0</ele>
    </trkpt>
    <trkpt lat="43.674983" lon="7.22799">
        <ele>0.0</ele>
    </trkpt>
    <trkpt lat="43.674758" lon="7.227882">
        <ele>0.0</ele>
    </trkpt>
    <trkpt lat="43.674361" lon="7.227603">
        <ele>0.0</ele>
    </trkpt>
    <trkpt lat="43.674119" lon="7.227507">
        <ele>0.0</ele>
    </trkpt>
    <trkpt lat="43.674049" lon="7.227324">
        <ele>0.0</ele>
    </trkpt>
    <trkpt lat="43.673813" lon="7.227067">
        <ele>0.0</ele>
    </trkpt>
    <trkpt lat="43.673663" lon="7.226954">
        <ele>0.0</ele>
    </trkpt>
    <trkpt lat="43.673363" lon="7.226799">
        <ele>0.0</ele>
    </trkpt>
    <trkpt lat="43.67332" lon="7.226745">
        <ele>0.0</ele>
    </trkpt>
    <trkpt lat="43.673084" lon="7.226643">
        <ele>0.0</ele>
    </trkpt>
    <trkpt lat="43.672934" lon="7.226455">
        <ele>0.0</ele>
    </trkpt>
    <trkpt lat="43.67266" lon="7.226268">
        <ele>0.0</ele>
    </trkpt>
    <trkpt lat="43.672494" lon="7.226074">
        <ele>0.0</ele>
    </trkpt>
    <trkpt lat="43.672301" lon="7.225973">
        <ele>0.0</ele>
    </trkpt>
    <trkpt lat="43.672199" lon="7.225812">
        <ele>0.0</ele>
    </trkpt>
    <trkpt lat="43.671936" lon="7.225592">
        <ele>0.0</ele>
    </trkpt>
    <trkpt lat="43.671517" lon="7.22505">
        <ele>0.0</ele>
    </trkpt>
    <trkpt lat="43.671019" lon="7.224208">
        <ele>0.0</ele>
    </trkpt>
    <trkpt lat="43.670713" lon="7.223859">
        <ele>0.0</ele>
    </trkpt>
    <trkpt lat="43.670455" lon="7.223317">
        <ele>0.0</ele>
    </trkpt>
    <trkpt lat="43.670337" lon="7.223162">
        <ele>0.0</ele>
    </trkpt>
    <trkpt lat="43.670182" lon="7.222786">
        <ele>0.0</ele>
    </trkpt>
    <trkpt lat="43.670037" lon="7.22263">
        <ele>0.0</ele>
    </trkpt>
    <trkpt lat="43.66994" lon="7.222571">
        <ele>0.0</ele>
    </trkpt>
    <trkpt lat="43.669779" lon="7.222319">
        <ele>0.0</ele>
    </trkpt>
    <trkpt lat="43.669592" lon="7.221944">
        <ele>0.0</ele>
    </trkpt>
    <trkpt lat="43.668819" lon="7.221123">
        <ele>0.0</ele>
    </trkpt>
    <trkpt lat="43.668862" lon="7.220989">
        <ele>0.0</ele>
    </trkpt>
    <trkpt lat="43.668991" lon="7.220887">
        <ele>0.0</ele>
    </trkpt>
    <trkpt lat="43.669034" lon="7.220908">
        <ele>0.0</ele>
    </trkpt>
    <trkpt lat="43.66913" lon="7.221107">
        <ele>0.0</ele>
    </trkpt>
    <trkpt lat="43.669227" lon="7.22122">
        <ele>0.0</ele>
    </trkpt>
    <trkpt lat="43.669281" lon="7.22144">
        <ele>0.0</ele>
    </trkpt>
    <trkpt lat="43.669495" lon="7.221633">
        <ele>0.0</ele>
    </trkpt>
    <trkpt lat="43.66957" lon="7.221751">
        <ele>0.0</ele>
    </trkpt>
    <trkpt lat="43.669635" lon="7.221761">
        <ele>0.0</ele>
    </trkpt>
    <trkpt lat="43.669887" lon="7.221981">
        <ele>0.0</ele>
    </trkpt>
    <trkpt lat="43.670182" lon="7.222319">
        <ele>0.0</ele>
    </trkpt>
    <trkpt lat="43.670139" lon="7.222352">
        <ele>0.0</ele>
    </trkpt>
    <trkpt lat="43.670155" lon="7.222411">
        <ele>0.0</ele>
    </trkpt>
    <trkpt lat="43.670176" lon="7.22226">
        <ele>0.0</ele>
    </trkpt>
    <trkpt lat="43.670203" lon="7.222378">
        <ele>0.0</ele>
    </trkpt>
    <trkpt lat="43.67015" lon="7.222427">
        <ele>0.0</ele>
    </trkpt>
    <trkpt lat="43.670203" lon="7.222448">
        <ele>0.0</ele>
    </trkpt>
    <trkpt lat="43.670209" lon="7.222384">
        <ele>0.0</ele>
    </trkpt>
    <trkpt lat="43.670144" lon="7.222266">
        <ele>0.0</ele>
    </trkpt>
    <trkpt lat="43.670085" lon="7.222051">
        <ele>0.0</ele>
    </trkpt>
    <trkpt lat="43.670074" lon="7.222126">
        <ele>0.0</ele>
    </trkpt>
    <trkpt lat="43.670123" lon="7.222255">
        <ele>0.0</ele>
    </trkpt>
    <trkpt lat="43.670117" lon="7.222405">
        <ele>0.0</ele>
    </trkpt>
    <trkpt lat="43.67015" lon="7.222453">
        <ele>0.0</ele>
    </trkpt>
    <trkpt lat="43.670246" lon="7.222421">
        <ele>0.0</ele>
    </trkpt>
    <trkpt lat="43.669978" lon="7.221922">
        <ele>0.0</ele>
    </trkpt>
    <trkpt lat="43.669844" lon="7.221735">
        <ele>0.0</ele>
    </trkpt>
    <trkpt lat="43.669795" lon="7.221681">
        <ele>0.0</ele>
    </trkpt>
    <trkpt lat="43.669742" lon="7.221686">
        <ele>0.0</ele>
    </trkpt>
    <trkpt lat="43.669677" lon="7.221579">
        <ele>0.0</ele>
    </trkpt>
    <trkpt lat="43.669629" lon="7.221563">
        <ele>0.0</ele>
    </trkpt>
    <trkpt lat="43.669586" lon="7.221311">
        <ele>0.0</ele>
    </trkpt>
    <trkpt lat="43.669506" lon="7.221209">
        <ele>0.0</ele>
    </trkpt>
    <trkpt lat="43.669377" lon="7.221139">
        <ele>0.0</ele>
    </trkpt>
    <trkpt lat="43.669313" lon="7.220978">
        <ele>0.0</ele>
    </trkpt>
    <trkpt lat="43.669179" lon="7.220844">
        <ele>0.0</ele>
    </trkpt>
    <trkpt lat="43.669184" lon="7.22078">
        <ele>0.0</ele>
    </trkpt>
    <trkpt lat="43.669093" lon="7.220742">
        <ele>0.0</ele>
    </trkpt>
    <trkpt lat="43.66905" lon="7.22079">
        <ele>0.0</ele>
    </trkpt>
    <trkpt lat="43.669077" lon="7.220694">
        <ele>0.0</ele>
    </trkpt>
    <trkpt lat="43.669023" lon="7.220651">
        <ele>0.0</ele>
    </trkpt>
    <trkpt lat="43.668857" lon="7.220651">
        <ele>0.0</ele>
    </trkpt>
    <trkpt lat="43.668787" lon="7.220603">
        <ele>0.0</ele>
    </trkpt>
    <trkpt lat="43.668782" lon="7.220495">
        <ele>0.0</ele>
    </trkpt>
    <trkpt lat="43.66868" lon="7.220168">
        <ele>0.0</ele>
    </trkpt>
    <trkpt lat="43.668562" lon="7.220045">
        <ele>0.0</ele>
    </trkpt>
    <trkpt lat="43.668385" lon="7.219691">
        <ele>0.0</ele>
    </trkpt>
    <trkpt lat="43.668304" lon="7.219605">
        <ele>0.0</ele>
    </trkpt>
    <trkpt lat="43.668095" lon="7.219262">
        <ele>0.0</ele>
    </trkpt>
    <trkpt lat="43.667655" lon="7.218232">
        <ele>0.0</ele>
    </trkpt>
    <trkpt lat="43.667489" lon="7.218022">
        <ele>0.0</ele>
    </trkpt>
    <trkpt lat="43.667462" lon="7.217937">
        <ele>0.0</ele>
    </trkpt>
    <trkpt lat="43.667467" lon="7.21754">
        <ele>0.0</ele>
    </trkpt>
    <trkpt lat="43.667408" lon="7.217127">
        <ele>0.0</ele>
    </trkpt>
    <trkpt lat="43.667312" lon="7.217014">
        <ele>0.0</ele>
    </trkpt>
    <trkpt lat="43.667296" lon="7.216826">
        <ele>0.0</ele>
    </trkpt>
    <trkpt lat="43.667215" lon="7.216628">
        <ele>0.0</ele>
    </trkpt>
    <trkpt lat="43.66721" lon="7.216354">
        <ele>0.0</ele>
    </trkpt>
    <trkpt lat="43.667167" lon="7.216177">
        <ele>0.0</ele>
    </trkpt>
    <trkpt lat="43.667162" lon="7.21571">
        <ele>0.0</ele>
    </trkpt>
    <trkpt lat="43.667119" lon="7.215657">
        <ele>0.0</ele>
    </trkpt>
    <trkpt lat="43.667054" lon="7.215313">
        <ele>0.0</ele>
    </trkpt>
    <trkpt lat="43.667038" lon="7.214949">
        <ele>0.0</ele>
    </trkpt>
    <trkpt lat="43.667076" lon="7.214654">
        <ele>0.0</ele>
    </trkpt>
    <trkpt lat="43.667049" lon="7.214568">
        <ele>0.0</ele>
    </trkpt>
    <trkpt lat="43.667103" lon="7.214428">
        <ele>0.0</ele>
    </trkpt>
    <trkpt lat="43.667065" lon="7.213726">
        <ele>0.0</ele>
    </trkpt>
    <trkpt lat="43.666931" lon="7.213527">
        <ele>0.0</ele>
    </trkpt>
    <trkpt lat="43.666834" lon="7.213457">
        <ele>0.0</ele>
    </trkpt>
    <trkpt lat="43.666867" lon="7.213393">
        <ele>0.0</ele>
    </trkpt>
    <trkpt lat="43.666834" lon="7.213318">
        <ele>0.0</ele>
    </trkpt>
    <trkpt lat="43.666813" lon="7.213066">
        <ele>0.0</ele>
    </trkpt>
    <trkpt lat="43.666743" lon="7.212905">
        <ele>0.0</ele>
    </trkpt>
    <trkpt lat="43.666566" lon="7.211934">
        <ele>0.0</ele>
    </trkpt>
    <trkpt lat="43.666443" lon="7.210974">
        <ele>0.0</ele>
    </trkpt>
    <trkpt lat="43.666389" lon="7.210121">
        <ele>0.0</ele>
    </trkpt>
    <trkpt lat="43.66633" lon="7.209675">
        <ele>0.0</ele>
    </trkpt>
    <trkpt lat="43.666207" lon="7.209091">
        <ele>0.0</ele>
    </trkpt>
    <trkpt lat="43.66618" lon="7.208468">
        <ele>0.0</ele>
    </trkpt>
    <trkpt lat="43.666078" lon="7.207567">
        <ele>0.0</ele>
    </trkpt>
    <trkpt lat="43.666083" lon="7.207245">
        <ele>0.0</ele>
    </trkpt>
    <trkpt lat="43.666067" lon="7.20717">
        <ele>0.0</ele>
    </trkpt>
    <trkpt lat="43.666019" lon="7.207154">
        <ele>0.0</ele>
    </trkpt>
    <trkpt lat="43.665992" lon="7.20651">
        <ele>0.0</ele>
    </trkpt>
    <trkpt lat="43.665751" lon="7.204923">
        <ele>0.0</ele>
    </trkpt>
    <trkpt lat="43.665708" lon="7.204241">
        <ele>0.0</ele>
    </trkpt>
    <trkpt lat="43.665536" lon="7.203356">
        <ele>0.0</ele>
    </trkpt>
    <trkpt lat="43.665263" lon="7.202396">
        <ele>0.0</ele>
    </trkpt>
    <trkpt lat="43.664764" lon="7.200867">
        <ele>0.0</ele>
    </trkpt>
    <trkpt lat="43.664463" lon="7.200164">
        <ele>0.0</ele>
    </trkpt>
    <trkpt lat="43.662827" lon="7.195975">
        <ele>0.0</ele>
    </trkpt>
    <trkpt lat="43.662564" lon="7.195476">
        <ele>0.0</ele>
    </trkpt>
    <trkpt lat="43.662291" lon="7.195073">
        <ele>0.0</ele>
    </trkpt>
    <trkpt lat="43.66214" lon="7.19466">
        <ele>0.0</ele>
    </trkpt>
    <trkpt lat="43.662012" lon="7.194499">
        <ele>0.0</ele>
    </trkpt>
    <trkpt lat="43.661963" lon="7.194349">
        <ele>0.0</ele>
    </trkpt>
    <trkpt lat="43.661502" lon="7.193754">
        <ele>0.0</ele>
    </trkpt>
    <trkpt lat="43.661325" lon="7.193384">
        <ele>0.0</ele>
    </trkpt>
    <trkpt lat="43.660461" lon="7.19208">
        <ele>0.0</ele>
    </trkpt>
    <trkpt lat="43.660225" lon="7.191694">
        <ele>0.0</ele>
    </trkpt>
    <trkpt lat="43.659925" lon="7.191077">
        <ele>0.0</ele>
    </trkpt>
    <trkpt lat="43.659753" lon="7.190841">
        <ele>0.0</ele>
    </trkpt>
    <trkpt lat="43.659351" lon="7.189918">
        <ele>0.0</ele>
    </trkpt>
    <trkpt lat="43.659136" lon="7.189119">
        <ele>0.0</ele>
    </trkpt>
    <trkpt lat="43.65941" lon="7.189425">
        <ele>0.0</ele>
    </trkpt>
    <trkpt lat="43.659474" lon="7.189618">
        <ele>0.0</ele>
    </trkpt>
    <trkpt lat="43.659464" lon="7.189763">
        <ele>0.0</ele>
    </trkpt>
    <trkpt lat="43.65933" lon="7.189934">
        <ele>0.0</ele>
    </trkpt>
    <trkpt lat="43.659115" lon="7.190127">
        <ele>0.0</ele>
    </trkpt>
    <trkpt lat="43.659083" lon="7.190058">
        <ele>0.0</ele>
    </trkpt>
    <trkpt lat="43.659024" lon="7.190063">
        <ele>0.0</ele>
    </trkpt>
    <trkpt lat="43.658986" lon="7.190026">
        <ele>0.0</ele>
    </trkpt>
    <trkpt lat="43.658954" lon="7.189956">
        <ele>0.0</ele>
    </trkpt>
    <trkpt lat="43.658863" lon="7.18957">
        <ele>0.0</ele>
    </trkpt>
    <trkpt lat="43.658798" lon="7.188931">
        <ele>0.0</ele>
    </trkpt>
    <trkpt lat="43.658723" lon="7.188674">
        <ele>0.0</ele>
    </trkpt>
    <trkpt lat="43.658675" lon="7.188153">
        <ele>0.0</ele>
    </trkpt>
    <trkpt lat="43.65845" lon="7.187515">
        <ele>0.0</ele>
    </trkpt>
    <trkpt lat="43.658241" lon="7.187064">
        <ele>0.0</ele>
    </trkpt>
    <trkpt lat="43.658123" lon="7.186555">
        <ele>0.0</ele>
    </trkpt>
    <trkpt lat="43.657962" lon="7.186362">
        <ele>0.0</ele>
    </trkpt>
    <trkpt lat="43.65787" lon="7.186201">
        <ele>0.0</ele>
    </trkpt>
    <trkpt lat="43.657795" lon="7.185423">
        <ele>0.0</ele>
    </trkpt>
    <trkpt lat="43.657768" lon="7.184768">
        <ele>0.0</ele>
    </trkpt>
    <trkpt lat="43.657624" lon="7.184388">
        <ele>0.0</ele>
    </trkpt>
    <trkpt lat="43.657597" lon="7.184028">
        <ele>0.0</ele>
    </trkpt>
    <trkpt lat="43.657554" lon="7.183996">
        <ele>0.0</ele>
    </trkpt>
    <trkpt lat="43.657425" lon="7.183556">
        <ele>0.0</ele>
    </trkpt>
    <trkpt lat="43.657366" lon="7.183213">
        <ele>0.0</ele>
    </trkpt>
    <trkpt lat="43.657361" lon="7.182966">
        <ele>0.0</ele>
    </trkpt>
    <trkpt lat="43.657211" lon="7.182006">
        <ele>0.0</ele>
    </trkpt>
    <trkpt lat="43.657135" lon="7.181748">
        <ele>0.0</ele>
    </trkpt>
    <trkpt lat="43.657071" lon="7.181206">
        <ele>0.0</ele>
    </trkpt>
    <trkpt lat="43.656991" lon="7.180852">
        <ele>0.0</ele>
    </trkpt>
    <trkpt lat="43.656921" lon="7.180702">
        <ele>0.0</ele>
    </trkpt>
    <trkpt lat="43.656755" lon="7.179812">
        <ele>0.0</ele>
    </trkpt>
    <trkpt lat="43.656712" lon="7.179661">
        <ele>0.0</ele>
    </trkpt>
    <trkpt lat="43.656631" lon="7.179565">
        <ele>0.0</ele>
    </trkpt>
    <trkpt lat="43.656615" lon="7.179055">
        <ele>0.0</ele>
    </trkpt>
    <trkpt lat="43.656476" lon="7.177693">
        <ele>0.0</ele>
    </trkpt>
    <trkpt lat="43.656379" lon="7.176223">
        <ele>0.0</ele>
    </trkpt>
    <trkpt lat="43.656427" lon="7.175322">
        <ele>0.0</ele>
    </trkpt>
    <trkpt lat="43.656658" lon="7.174125">
        <ele>0.0</ele>
    </trkpt>
    <trkpt lat="43.656862" lon="7.173487">
        <ele>0.0</ele>
    </trkpt>
    <trkpt lat="43.657093" lon="7.17309">
        <ele>0.0</ele>
    </trkpt>
    <trkpt lat="43.657178" lon="7.172881">
        <ele>0.0</ele>
    </trkpt>
    <trkpt lat="43.657189" lon="7.172693">
        <ele>0.0</ele>
    </trkpt>
    <trkpt lat="43.657516" lon="7.171765">
        <ele>0.0</ele>
    </trkpt>
    <trkpt lat="43.657704" lon="7.170939">
        <ele>0.0</ele>
    </trkpt>
    <trkpt lat="43.657827" lon="7.169732">
        <ele>0.0</ele>
    </trkpt>
    <trkpt lat="43.657747" lon="7.167618">
        <ele>0.0</ele>
    </trkpt>
    <trkpt lat="43.657565" lon="7.16683">
        <ele>0.0</ele>
    </trkpt>
    <trkpt lat="43.657506" lon="7.166417">
        <ele>0.0</ele>
    </trkpt>
    <trkpt lat="43.657264" lon="7.165848">
        <ele>0.0</ele>
    </trkpt>
    <trkpt lat="43.657135" lon="7.165344">
        <ele>0.0</ele>
    </trkpt>
    <trkpt lat="43.657012" lon="7.165081">
        <ele>0.0</ele>
    </trkpt>
    <trkpt lat="43.656851" lon="7.164523">
        <ele>0.0</ele>
    </trkpt>
    <trkpt lat="43.65662" lon="7.163954">
        <ele>0.0</ele>
    </trkpt>
    <trkpt lat="43.65654" lon="7.163563">
        <ele>0.0</ele>
    </trkpt>
    <trkpt lat="43.656438" lon="7.163311">
        <ele>0.0</ele>
    </trkpt>
    <trkpt lat="43.656234" lon="7.162603">
        <ele>0.0</ele>
    </trkpt>
    <trkpt lat="43.655875" lon="7.161841">
        <ele>0.0</ele>
    </trkpt>
    <trkpt lat="43.655784" lon="7.161519">
        <ele>0.0</ele>
    </trkpt>
    <trkpt lat="43.655633" lon="7.16124">
        <ele>0.0</ele>
    </trkpt>
    <trkpt lat="43.655344" lon="7.160527">
        <ele>0.0</ele>
    </trkpt>
    <trkpt lat="43.655301" lon="7.160323">
        <ele>0.0</ele>
    </trkpt>
    <trkpt lat="43.655006" lon="7.159432">
        <ele>0.0</ele>
    </trkpt>
    <trkpt lat="43.654754" lon="7.158831">
        <ele>0.0</ele>
    </trkpt>
    <trkpt lat="43.654689" lon="7.158526">
        <ele>0.0</ele>
    </trkpt>
    <trkpt lat="43.654528" lon="7.158043">
        <ele>0.0</ele>
    </trkpt>
    <trkpt lat="43.65419" lon="7.157367">
        <ele>0.0</ele>
    </trkpt>
    <trkpt lat="43.653869" lon="7.156637">
        <ele>0.0</ele>
    </trkpt>
    <trkpt lat="43.65352" lon="7.156063">
        <ele>0.0</ele>
    </trkpt>
    <trkpt lat="43.653386" lon="7.155956">
        <ele>0.0</ele>
    </trkpt>
    <trkpt lat="43.653101" lon="7.155463">
        <ele>0.0</ele>
    </trkpt>
    <trkpt lat="43.652742" lon="7.154948">
        <ele>0.0</ele>
    </trkpt>
    <trkpt lat="43.652366" lon="7.15424">
        <ele>0.0</ele>
    </trkpt>
    <trkpt lat="43.652088" lon="7.153902">
        <ele>0.0</ele>
    </trkpt>
    <trkpt lat="43.651894" lon="7.153564">
        <ele>0.0</ele>
    </trkpt>
    <trkpt lat="43.651573" lon="7.153193">
        <ele>0.0</ele>
    </trkpt>
    <trkpt lat="43.651337" lon="7.152839">
        <ele>0.0</ele>
    </trkpt>
    <trkpt lat="43.65102" lon="7.152453">
        <ele>0.0</ele>
    </trkpt>
    <trkpt lat="43.650891" lon="7.152346">
        <ele>0.0</ele>
    </trkpt>
    <trkpt lat="43.650038" lon="7.151364">
        <ele>0.0</ele>
    </trkpt>
    <trkpt lat="43.64881" lon="7.149792">
        <ele>0.0</ele>
    </trkpt>
    <trkpt lat="43.648306" lon="7.14931">
        <ele>0.0</ele>
    </trkpt>
    <trkpt lat="43.64763" lon="7.148548">
        <ele>0.0</ele>
    </trkpt>
    <trkpt lat="43.647378" lon="7.148312">
        <ele>0.0</ele>
    </trkpt>
    <trkpt lat="43.647152" lon="7.148151">
        <ele>0.0</ele>
    </trkpt>
    <trkpt lat="43.64675" lon="7.147668">
        <ele>0.0</ele>
    </trkpt>
    <trkpt lat="43.64661" lon="7.147593">
        <ele>0.0</ele>
    </trkpt>
    <trkpt lat="43.645822" lon="7.146847">
        <ele>0.0</ele>
    </trkpt>
    <trkpt lat="43.64564" lon="7.146729">
        <ele>0.0</ele>
    </trkpt>
    <trkpt lat="43.645527" lon="7.146584">
        <ele>0.0</ele>
    </trkpt>
    <trkpt lat="43.645194" lon="7.146273">
        <ele>0.0</ele>
    </trkpt>
    <trkpt lat="43.645055" lon="7.14608">
        <ele>0.0</ele>
    </trkpt>
    <trkpt lat="43.644776" lon="7.14585">
        <ele>0.0</ele>
    </trkpt>
    <trkpt lat="43.644089" lon="7.145136">
        <ele>0.0</ele>
    </trkpt>
    <trkpt lat="43.643869" lon="7.144798">
        <ele>0.0</ele>
    </trkpt>
    <trkpt lat="43.643703" lon="7.144643">
        <ele>0.0</ele>
    </trkpt>
    <trkpt lat="43.643435" lon="7.144482">
        <ele>0.0</ele>
    </trkpt>
    <trkpt lat="43.643365" lon="7.144348">
        <ele>0.0</ele>
    </trkpt>
    <trkpt lat="43.643295" lon="7.144305">
        <ele>0.0</ele>
    </trkpt>
    <trkpt lat="43.643086" lon="7.144036">
        <ele>0.0</ele>
    </trkpt>
    <trkpt lat="43.643022" lon="7.14402">
        <ele>0.0</ele>
    </trkpt>
    <trkpt lat="43.64292" lon="7.143918">
        <ele>0.0</ele>
    </trkpt>
    <trkpt lat="43.642641" lon="7.143537">
        <ele>0.0</ele>
    </trkpt>
    <trkpt lat="43.642399" lon="7.143355">
        <ele>0.0</ele>
    </trkpt>
    <trkpt lat="43.642206" lon="7.143006">
        <ele>0.0</ele>
    </trkpt>
    <trkpt lat="43.641166" lon="7.141762">
        <ele>0.0</ele>
    </trkpt>
    <trkpt lat="43.64101" lon="7.141472">
        <ele>0.0</ele>
    </trkpt>
    <trkpt lat="43.640822" lon="7.140936">
        <ele>0.0</ele>
    </trkpt>
    <trkpt lat="43.640736" lon="7.14085">
        <ele>0.0</ele>
    </trkpt>
    <trkpt lat="43.640484" lon="7.140421">
        <ele>0.0</ele>
    </trkpt>
    <trkpt lat="43.640334" lon="7.140249">
        <ele>0.0</ele>
    </trkpt>
    <trkpt lat="43.640243" lon="7.140201">
        <ele>0.0</ele>
    </trkpt>
    <trkpt lat="43.640243" lon="7.140045">
        <ele>0.0</ele>
    </trkpt>
    <trkpt lat="43.640216" lon="7.13997">
        <ele>0.0</ele>
    </trkpt>
    <trkpt lat="43.640066" lon="7.139659">
        <ele>0.0</ele>
    </trkpt>
    <trkpt lat="43.639937" lon="7.139477">
        <ele>0.0</ele>
    </trkpt>
    <trkpt lat="43.639723" lon="7.138988">
        <ele>0.0</ele>
    </trkpt>
    <trkpt lat="43.639653" lon="7.138913">
        <ele>0.0</ele>
    </trkpt>
    <trkpt lat="43.639465" lon="7.138795">
        <ele>0.0</ele>
    </trkpt>
    <trkpt lat="43.639132" lon="7.138769">
        <ele>0.0</ele>
    </trkpt>
    <trkpt lat="43.638768" lon="7.138613">
        <ele>0.0</ele>
    </trkpt>
    <trkpt lat="43.638532" lon="7.138549">
        <ele>0.0</ele>
    </trkpt>
    <trkpt lat="43.638317" lon="7.13842">
        <ele>0.0</ele>
    </trkpt>
    <trkpt lat="43.638564" lon="7.137674">
        <ele>0.0</ele>
    </trkpt>
    <trkpt lat="43.638591" lon="7.137454">
        <ele>0.0</ele>
    </trkpt>
    <trkpt lat="43.638537" lon="7.137288">
        <ele>0.0</ele>
    </trkpt>
    <trkpt lat="43.638162" lon="7.137025">
        <ele>0.0</ele>
    </trkpt>
    <trkpt lat="43.63807" lon="7.136929">
        <ele>0.0</ele>
    </trkpt>
    <trkpt lat="43.638022" lon="7.136988">
        <ele>0.0</ele>
    </trkpt>
    <trkpt lat="43.637936" lon="7.13703">
        <ele>0.0</ele>
    </trkpt>
    <trkpt lat="43.637984" lon="7.137009">
        <ele>0.0</ele>
    </trkpt>
    <trkpt lat="43.638349" lon="7.137433">
        <ele>0.0</ele>
    </trkpt>
    <trkpt lat="43.638537" lon="7.137556">
        <ele>0.0</ele>
    </trkpt>
    <trkpt lat="43.638467" lon="7.137696">
        <ele>0.0</ele>
    </trkpt>
    <trkpt lat="43.638403" lon="7.138114">
        <ele>0.0</ele>
    </trkpt>
    <trkpt lat="43.638242" lon="7.138286">
        <ele>0.0</ele>
    </trkpt>
    <trkpt lat="43.638242" lon="7.138377">
        <ele>0.0</ele>
    </trkpt>
    <trkpt lat="43.638178" lon="7.1385">
        <ele>0.0</ele>
    </trkpt>
    <trkpt lat="43.638183" lon="7.138795">
        <ele>0.0</ele>
    </trkpt>
    <trkpt lat="43.638113" lon="7.139208">
        <ele>0.0</ele>
    </trkpt>
    <trkpt lat="43.63807" lon="7.1393">
        <ele>0.0</ele>
    </trkpt>
    <trkpt lat="43.637845" lon="7.13952">
        <ele>0.0</ele>
    </trkpt>
    <trkpt lat="43.637722" lon="7.139541">
        <ele>0.0</ele>
    </trkpt>
    <trkpt lat="43.637673" lon="7.139477">
        <ele>0.0</ele>
    </trkpt>
    <trkpt lat="43.637432" lon="7.139375">
        <ele>0.0</ele>
    </trkpt>
    <trkpt lat="43.637341" lon="7.139294">
        <ele>0.0</ele>
    </trkpt>
    <trkpt lat="43.637035" lon="7.139128">
        <ele>0.0</ele>
    </trkpt>
    <trkpt lat="43.637008" lon="7.138983">
        <ele>0.0</ele>
    </trkpt>
    <trkpt lat="43.637233" lon="7.138313">
        <ele>0.0</ele>
    </trkpt>
    <trkpt lat="43.637255" lon="7.138136">
        <ele>0.0</ele>
    </trkpt>
    <trkpt lat="43.637555" lon="7.137422">
        <ele>0.0</ele>
    </trkpt>
    <trkpt lat="43.63763" lon="7.136542">
        <ele>0.0</ele>
    </trkpt>
    <trkpt lat="43.637604" lon="7.136317">
        <ele>0.0</ele>
    </trkpt>
    <trkpt lat="43.63755" lon="7.136253">
        <ele>0.0</ele>
    </trkpt>
    <trkpt lat="43.637459" lon="7.135781">
        <ele>0.0</ele>
    </trkpt>
    <trkpt lat="43.637298" lon="7.135518">
        <ele>0.0</ele>
    </trkpt>
    <trkpt lat="43.637233" lon="7.135464">
        <ele>0.0</ele>
    </trkpt>
    <trkpt lat="43.636987" lon="7.135292">
        <ele>0.0</ele>
    </trkpt>
    <trkpt lat="43.636756" lon="7.135228">
        <ele>0.0</ele>
    </trkpt>
    <trkpt lat="43.635624" lon="7.135158">
        <ele>0.0</ele>
    </trkpt>
    <trkpt lat="43.634541" lon="7.135201">
        <ele>0.0</ele>
    </trkpt>
    <trkpt lat="43.633816" lon="7.135174">
        <ele>0.0</ele>
    </trkpt>
    <trkpt lat="43.633698" lon="7.135212">
        <ele>0.0</ele>
    </trkpt>
    <trkpt lat="43.633178" lon="7.135217">
        <ele>0.0</ele>
    </trkpt>
    <trkpt lat="43.633006" lon="7.13533">
        <ele>0.0</ele>
    </trkpt>
    <trkpt lat="43.632953" lon="7.135335">
        <ele>0.0</ele>
    </trkpt>
    <trkpt lat="43.632835" lon="7.135282">
        <ele>0.0</ele>
    </trkpt>
    <trkpt lat="43.632974" lon="7.135271">
        <ele>0.0</ele>
    </trkpt>
    <trkpt lat="43.632883" lon="7.135142">
        <ele>0.0</ele>
    </trkpt>
    <trkpt lat="43.632786" lon="7.135062">
        <ele>0.0</ele>
    </trkpt>
    <trkpt lat="43.632599" lon="7.134997">
        <ele>0.0</ele>
    </trkpt>
    <trkpt lat="43.631864" lon="7.134949">
        <ele>0.0</ele>
    </trkpt>
    <trkpt lat="43.631622" lon="7.134965">
        <ele>0.0</ele>
    </trkpt>
    <trkpt lat="43.630802" lon="7.134793">
        <ele>0.0</ele>
    </trkpt>
    <trkpt lat="43.630625" lon="7.134815">
        <ele>0.0</ele>
    </trkpt>
    <trkpt lat="43.630201" lon="7.134654">
        <ele>0.0</ele>
    </trkpt>
    <trkpt lat="43.629809" lon="7.13459">
        <ele>0.0</ele>
    </trkpt>
    <trkpt lat="43.629761" lon="7.134552">
        <ele>0.0</ele>
    </trkpt>
    <trkpt lat="43.629804" lon="7.134574">
        <ele>0.0</ele>
    </trkpt>
    <trkpt lat="43.629761" lon="7.134504">
        <ele>0.0</ele>
    </trkpt>
    <trkpt lat="43.629428" lon="7.134364">
        <ele>0.0</ele>
    </trkpt>
    <trkpt lat="43.629214" lon="7.134246">
        <ele>0.0</ele>
    </trkpt>
    <trkpt lat="43.629176" lon="7.134193">
        <ele>0.0</ele>
    </trkpt>
    <trkpt lat="43.628935" lon="7.134123">
        <ele>0.0</ele>
    </trkpt>
    <trkpt lat="43.628591" lon="7.133962">
        <ele>0.0</ele>
    </trkpt>
    <trkpt lat="43.627164" lon="7.133399">
        <ele>0.0</ele>
    </trkpt>
    <trkpt lat="43.626977" lon="7.133361">
        <ele>0.0</ele>
    </trkpt>
    <trkpt lat="43.626805" lon="7.133259">
        <ele>0.0</ele>
    </trkpt>
    <trkpt lat="43.626317" lon="7.13305">
        <ele>0.0</ele>
    </trkpt>
    <trkpt lat="43.625287" lon="7.132664">
        <ele>0.0</ele>
    </trkpt>
    <trkpt lat="43.624053" lon="7.132122">
        <ele>0.0</ele>
    </trkpt>
    <trkpt lat="43.623506" lon="7.131918">
        <ele>0.0</ele>
    </trkpt>
  </trkseg>
</trk>
<trk>
  <name>2011/09/04 11:54:00</name>
  <extensions>
  </extensions>
  <trkseg>
    <trkpt lat="43.623458" lon="7.131891">
        <ele>0.0</ele>
    </trkpt>
    <trkpt lat="43.622841" lon="7.131607">
        <ele>0.0</ele>
    </trkpt>
    <trkpt lat="43.62254" lon="7.13151">
        <ele>0.0</ele>
    </trkpt>
    <trkpt lat="43.621725" lon="7.131124">
        <ele>0.0</ele>
    </trkpt>
    <trkpt lat="43.621081" lon="7.130867">
        <ele>0.0</ele>
    </trkpt>
    <trkpt lat="43.620824" lon="7.130727">
        <ele>0.0</ele>
    </trkpt>
    <trkpt lat="43.617879" lon="7.129499">
        <ele>0.0</ele>
    </trkpt>
    <trkpt lat="43.616859" lon="7.129043">
        <ele>0.0</ele>
    </trkpt>
    <trkpt lat="43.616087" lon="7.128657">
        <ele>0.0</ele>
    </trkpt>
    <trkpt lat="43.615057" lon="7.128276">
        <ele>0.0</ele>
    </trkpt>
    <trkpt lat="43.614547" lon="7.128018">
        <ele>0.0</ele>
    </trkpt>
    <trkpt lat="43.612573" lon="7.127203">
        <ele>0.0</ele>
    </trkpt>
    <trkpt lat="43.611758" lon="7.126833">
        <ele>0.0</ele>
    </trkpt>
    <trkpt lat="43.611457" lon="7.126725">
        <ele>0.0</ele>
    </trkpt>
    <trkpt lat="43.611334" lon="7.126752">
        <ele>0.0</ele>
    </trkpt>
    <trkpt lat="43.611372" lon="7.126881">
        <ele>0.0</ele>
    </trkpt>
    <trkpt lat="43.611431" lon="7.126929">
        <ele>0.0</ele>
    </trkpt>
    <trkpt lat="43.611785" lon="7.127085">
        <ele>0.0</ele>
    </trkpt>
    <trkpt lat="43.611881" lon="7.127171">
        <ele>0.0</ele>
    </trkpt>
    <trkpt lat="43.611822" lon="7.127283">
        <ele>0.0</ele>
    </trkpt>
    <trkpt lat="43.611785" lon="7.127476">
        <ele>0.0</ele>
    </trkpt>
    <trkpt lat="43.61179" lon="7.127621">
        <ele>0.0</ele>
    </trkpt>
    <trkpt lat="43.611752" lon="7.127664">
        <ele>0.0</ele>
    </trkpt>
    <trkpt lat="43.611715" lon="7.127702">
        <ele>0.0</ele>
    </trkpt>
    <trkpt lat="43.611415" lon="7.127611">
        <ele>0.0</ele>
    </trkpt>
    <trkpt lat="43.611398" lon="7.12768">
        <ele>0.0</ele>
    </trkpt>
    <trkpt lat="43.611913" lon="7.127439">
        <ele>0.0</ele>
    </trkpt>
    <trkpt lat="43.611865" lon="7.127589">
        <ele>0.0</ele>
    </trkpt>
    <trkpt lat="43.611828" lon="7.127627">
        <ele>0.0</ele>
    </trkpt>
    <trkpt lat="43.611779" lon="7.127589">
        <ele>0.0</ele>
    </trkpt>
    <trkpt lat="43.611844" lon="7.127187">
        <ele>0.0</ele>
    </trkpt>
    <trkpt lat="43.611801" lon="7.127133">
        <ele>0.0</ele>
    </trkpt>
    <trkpt lat="43.611516" lon="7.127026">
        <ele>0.0</ele>
    </trkpt>
    <trkpt lat="43.611356" lon="7.126919">
        <ele>0.0</ele>
    </trkpt>
    <trkpt lat="43.61127" lon="7.126682">
        <ele>0.0</ele>
    </trkpt>
    <trkpt lat="43.611227" lon="7.126634">
        <ele>0.0</ele>
    </trkpt>
    <trkpt lat="43.611012" lon="7.126564">
        <ele>0.0</ele>
    </trkpt>
    <trkpt lat="43.610685" lon="7.126404">
        <ele>0.0</ele>
    </trkpt>
    <trkpt lat="43.609558" lon="7.126007">
        <ele>0.0</ele>
    </trkpt>
    <trkpt lat="43.608947" lon="7.12583">
        <ele>0.0</ele>
    </trkpt>
    <trkpt lat="43.608566" lon="7.125765">
        <ele>0.0</ele>
    </trkpt>
    <trkpt lat="43.608287" lon="7.125669">
        <ele>0.0</ele>
    </trkpt>
    <trkpt lat="43.607321" lon="7.125518">
        <ele>0.0</ele>
    </trkpt>
    <trkpt lat="43.606855" lon="7.125476">
        <ele>0.0</ele>
    </trkpt>
    <trkpt lat="43.606168" lon="7.125486">
        <ele>0.0</ele>
    </trkpt>
    <trkpt lat="43.605921" lon="7.125449">
        <ele>0.0</ele>
    </trkpt>
    <trkpt lat="43.605251" lon="7.125422">
        <ele>0.0</ele>
    </trkpt>
    <trkpt lat="43.603169" lon="7.125411">
        <ele>0.0</ele>
    </trkpt>
    <trkpt lat="43.602483" lon="7.125433">
        <ele>0.0</ele>
    </trkpt>
    <trkpt lat="43.601603" lon="7.12539">
        <ele>0.0</ele>
    </trkpt>
    <trkpt lat="43.601018" lon="7.125416">
        <ele>0.0</ele>
    </trkpt>
    <trkpt lat="43.599607" lon="7.125363">
        <ele>0.0</ele>
    </trkpt>
    <trkpt lat="43.598953" lon="7.125379">
        <ele>0.0</ele>
    </trkpt>
    <trkpt lat="43.598647" lon="7.125347">
        <ele>0.0</ele>
    </trkpt>
    <trkpt lat="43.597773" lon="7.125325">
        <ele>0.0</ele>
    </trkpt>
    <trkpt lat="43.597065" lon="7.125352">
        <ele>0.0</ele>
    </trkpt>
    <trkpt lat="43.596829" lon="7.125315">
        <ele>0.0</ele>
    </trkpt>
    <trkpt lat="43.596357" lon="7.125341">
        <ele>0.0</ele>
    </trkpt>
    <trkpt lat="43.59611" lon="7.125309">
        <ele>0.0</ele>
    </trkpt>
    <trkpt lat="43.595885" lon="7.125341">
        <ele>0.0</ele>
    </trkpt>
    <trkpt lat="43.595294" lon="7.125288">
        <ele>0.0</ele>
    </trkpt>
    <trkpt lat="43.59456" lon="7.125272">
        <ele>0.0</ele>
    </trkpt>
    <trkpt lat="43.594179" lon="7.125223">
        <ele>0.0</ele>
    </trkpt>
    <trkpt lat="43.593653" lon="7.125223">
        <ele>0.0</ele>
    </trkpt>
    <trkpt lat="43.593068" lon="7.125175">
        <ele>0.0</ele>
    </trkpt>
    <trkpt lat="43.592891" lon="7.125132">
        <ele>0.0</ele>
    </trkpt>
    <trkpt lat="43.592526" lon="7.124993">
        <ele>0.0</ele>
    </trkpt>
    <trkpt lat="43.592441" lon="7.124912">
        <ele>0.0</ele>
    </trkpt>
    <trkpt lat="43.59221" lon="7.124821">
        <ele>0.0</ele>
    </trkpt>
    <trkpt lat="43.592065" lon="7.12473">
        <ele>0.0</ele>
    </trkpt>
    <trkpt lat="43.59185" lon="7.124665">
        <ele>0.0</ele>
    </trkpt>
    <trkpt lat="43.591545" lon="7.124451">
        <ele>0.0</ele>
    </trkpt>
    <trkpt lat="43.591164" lon="7.124274">
        <ele>0.0</ele>
    </trkpt>
    <trkpt lat="43.590912" lon="7.12422">
        <ele>0.0</ele>
    </trkpt>
    <trkpt lat="43.590627" lon="7.124226">
        <ele>0.0</ele>
    </trkpt>
    <trkpt lat="43.590595" lon="7.124295">
        <ele>0.0</ele>
    </trkpt>
    <trkpt lat="43.590542" lon="7.124269">
        <ele>0.0</ele>
    </trkpt>
    <trkpt lat="43.590193" lon="7.124285">
        <ele>0.0</ele>
    </trkpt>
    <trkpt lat="43.589978" lon="7.124242">
        <ele>0.0</ele>
    </trkpt>
    <trkpt lat="43.589823" lon="7.124145">
        <ele>0.0</ele>
    </trkpt>
    <trkpt lat="43.589377" lon="7.123496">
        <ele>0.0</ele>
    </trkpt>
    <trkpt lat="43.589034" lon="7.122509">
        <ele>0.0</ele>
    </trkpt>
    <trkpt lat="43.588814" lon="7.122144">
        <ele>0.0</ele>
    </trkpt>
    <trkpt lat="43.588685" lon="7.122021">
        <ele>0.0</ele>
    </trkpt>
    <trkpt lat="43.588648" lon="7.121935">
        <ele>0.0</ele>
    </trkpt>
    <trkpt lat="43.588407" lon="7.121753">
        <ele>0.0</ele>
    </trkpt>
    <trkpt lat="43.588208" lon="7.121554">
        <ele>0.0</ele>
    </trkpt>
    <trkpt lat="43.587897" lon="7.121168">
        <ele>0.0</ele>
    </trkpt>
    <trkpt lat="43.587688" lon="7.121044">
        <ele>0.0</ele>
    </trkpt>
    <trkpt lat="43.587457" lon="7.120985">
        <ele>0.0</ele>
    </trkpt>
    <trkpt lat="43.587339" lon="7.1209">
        <ele>0.0</ele>
    </trkpt>
    <trkpt lat="43.586765" lon="7.120744">
        <ele>0.0</ele>
    </trkpt>
    <trkpt lat="43.586631" lon="7.120787">
        <ele>0.0</ele>
    </trkpt>
    <trkpt lat="43.586304" lon="7.120744">
        <ele>0.0</ele>
    </trkpt>
    <trkpt lat="43.585891" lon="7.120792">
        <ele>0.0</ele>
    </trkpt>
    <trkpt lat="43.585295" lon="7.120975">
        <ele>0.0</ele>
    </trkpt>
    <trkpt lat="43.585225" lon="7.121044">
        <ele>0.0</ele>
    </trkpt>
    <trkpt lat="43.585059" lon="7.121109">
        <ele>0.0</ele>
    </trkpt>
    <trkpt lat="43.584442" lon="7.121538">
        <ele>0.0</ele>
    </trkpt>
    <trkpt lat="43.584485" lon="7.121554">
        <ele>0.0</ele>
    </trkpt>
    <trkpt lat="43.584539" lon="7.121683">
        <ele>0.0</ele>
    </trkpt>
    <trkpt lat="43.584507" lon="7.121737">
        <ele>0.0</ele>
    </trkpt>
    <trkpt lat="43.584603" lon="7.121785">
        <ele>0.0</ele>
    </trkpt>
    <trkpt lat="43.584625" lon="7.121838">
        <ele>0.0</ele>
    </trkpt>
    <trkpt lat="43.584576" lon="7.121881">
        <ele>0.0</ele>
    </trkpt>
    <trkpt lat="43.584582" lon="7.122074">
        <ele>0.0</ele>
    </trkpt>
    <trkpt lat="43.584474" lon="7.12223">
        <ele>0.0</ele>
    </trkpt>
    <trkpt lat="43.584587" lon="7.122434">
        <ele>0.0</ele>
    </trkpt>
    <trkpt lat="43.584517" lon="7.12267">
        <ele>0.0</ele>
    </trkpt>
    <trkpt lat="43.584421" lon="7.123249">
        <ele>0.0</ele>
    </trkpt>
    <trkpt lat="43.584217" lon="7.12377">
        <ele>0.0</ele>
    </trkpt>
    <trkpt lat="43.584136" lon="7.124612">
        <ele>0.0</ele>
    </trkpt>
    <trkpt lat="43.584024" lon="7.124998">
        <ele>0.0</ele>
    </trkpt>
    <trkpt lat="43.584035" lon="7.125223">
        <ele>0.0</ele>
    </trkpt>
    <trkpt lat="43.583954" lon="7.125599">
        <ele>0.0</ele>
    </trkpt>
    <trkpt lat="43.583917" lon="7.126377">
        <ele>0.0</ele>
    </trkpt>
    <trkpt lat="43.583825" lon="7.127004">
        <ele>0.0</ele>
    </trkpt>
    <trkpt lat="43.583756" lon="7.127133">
        <ele>0.0</ele>
    </trkpt>
    <trkpt lat="43.583579" lon="7.127326">
        <ele>0.0</ele>
    </trkpt>
    <trkpt lat="43.583557" lon="7.127401">
        <ele>0.0</ele>
    </trkpt>
    <trkpt lat="43.583482" lon="7.127412">
        <ele>0.0</ele>
    </trkpt>
    <trkpt lat="43.583439" lon="7.127455">
        <ele>0.0</ele>
    </trkpt>
    <trkpt lat="43.583471" lon="7.127519">
        <ele>0.0</ele>
    </trkpt>
    <trkpt lat="43.583241" lon="7.127745">
        <ele>0.0</ele>
    </trkpt>
    <trkpt lat="43.583246" lon="7.12783">
        <ele>0.0</ele>
    </trkpt>
    <trkpt lat="43.583187" lon="7.128008">
        <ele>0.0</ele>
    </trkpt>
    <trkpt lat="43.583085" lon="7.128029">
        <ele>0.0</ele>
    </trkpt>
    <trkpt lat="43.583047" lon="7.127981">
        <ele>0.0</ele>
    </trkpt>
    <trkpt lat="43.582951" lon="7.127991">
        <ele>0.0</ele>
    </trkpt>
    <trkpt lat="43.58287" lon="7.128008">
        <ele>0.0</ele>
    </trkpt>
    <trkpt lat="43.582779" lon="7.128093">
        <ele>0.0</ele>
    </trkpt>
    <trkpt lat="43.582656" lon="7.128008">
        <ele>0.0</ele>
    </trkpt>
    <trkpt lat="43.582543" lon="7.127991">
        <ele>0.0</ele>
    </trkpt>
    <trkpt lat="43.582457" lon="7.128163">
        <ele>0.0</ele>
    </trkpt>
    <trkpt lat="43.582452" lon="7.128238">
        <ele>0.0</ele>
    </trkpt>
    <trkpt lat="43.582463" lon="7.128582">
        <ele>0.0</ele>
    </trkpt>
    <trkpt lat="43.582516" lon="7.128592">
        <ele>0.0</ele>
    </trkpt>
    <trkpt lat="43.582484" lon="7.128544">
        <ele>0.0</ele>
    </trkpt>
    <trkpt lat="43.582447" lon="7.128614">
        <ele>0.0</ele>
    </trkpt>
    <trkpt lat="43.582339" lon="7.128667">
        <ele>0.0</ele>
    </trkpt>
    <trkpt lat="43.582205" lon="7.128866">
        <ele>0.0</ele>
    </trkpt>
    <trkpt lat="43.582028" lon="7.128887">
        <ele>0.0</ele>
    </trkpt>
    <trkpt lat="43.581953" lon="7.128828">
        <ele>0.0</ele>
    </trkpt>
    <trkpt lat="43.581658" lon="7.128764">
        <ele>0.0</ele>
    </trkpt>
    <trkpt lat="43.581604" lon="7.128791">
        <ele>0.0</ele>
    </trkpt>
    <trkpt lat="43.581342" lon="7.128748">
        <ele>0.0</ele>
    </trkpt>
    <trkpt lat="43.581143" lon="7.128785">
        <ele>0.0</ele>
    </trkpt>
    <trkpt lat="43.580971" lon="7.128753">
        <ele>0.0</ele>
    </trkpt>
    <trkpt lat="43.580633" lon="7.128351">
        <ele>0.0</ele>
    </trkpt>
    <trkpt lat="43.580548" lon="7.128286">
        <ele>0.0</ele>
    </trkpt>
    <trkpt lat="43.580306" lon="7.128174">
        <ele>0.0</ele>
    </trkpt>
    <trkpt lat="43.580161" lon="7.128034">
        <ele>0.0</ele>
    </trkpt>
    <trkpt lat="43.580108" lon="7.128045">
        <ele>0.0</ele>
    </trkpt>
    <trkpt lat="43.579673" lon="7.127804">
        <ele>0.0</ele>
    </trkpt>
    <trkpt lat="43.57963" lon="7.12775">
        <ele>0.0</ele>
    </trkpt>
    <trkpt lat="43.579636" lon="7.127434">
        <ele>0.0</ele>
    </trkpt>
    <trkpt lat="43.579266" lon="7.12702">
        <ele>0.0</ele>
    </trkpt>
    <trkpt lat="43.578965" lon="7.126801">
        <ele>0.0</ele>
    </trkpt>
    <trkpt lat="43.578311" lon="7.126446">
        <ele>0.0</ele>
    </trkpt>
    <trkpt lat="43.578359" lon="7.12642">
        <ele>0.0</ele>
    </trkpt>
    <trkpt lat="43.578375" lon="7.126361">
        <ele>0.0</ele>
    </trkpt>
    <trkpt lat="43.578311" lon="7.126302">
        <ele>0.0</ele>
    </trkpt>
    <trkpt lat="43.578203" lon="7.126291">
        <ele>0.0</ele>
    </trkpt>
    <trkpt lat="43.577967" lon="7.1262">
        <ele>0.0</ele>
    </trkpt>
    <trkpt lat="43.577823" lon="7.126044">
        <ele>0.0</ele>
    </trkpt>
    <trkpt lat="43.577667" lon="7.12554">
        <ele>0.0</ele>
    </trkpt>
    <trkpt lat="43.577554" lon="7.125341">
        <ele>0.0</ele>
    </trkpt>
    <trkpt lat="43.577393" lon="7.125298">
        <ele>0.0</ele>
    </trkpt>
    <trkpt lat="43.576986" lon="7.125497">
        <ele>0.0</ele>
    </trkpt>
    <trkpt lat="43.576852" lon="7.125529">
        <ele>0.0</ele>
    </trkpt>
    <trkpt lat="43.576814" lon="7.125599">
        <ele>0.0</ele>
    </trkpt>
    <trkpt lat="43.576884" lon="7.125572">
        <ele>0.0</ele>
    </trkpt>
    <trkpt lat="43.576835" lon="7.125615">
        <ele>0.0</ele>
    </trkpt>
    <trkpt lat="43.576717" lon="7.125631">
        <ele>0.0</ele>
    </trkpt>
    <trkpt lat="43.576508" lon="7.125851">
        <ele>0.0</ele>
    </trkpt>
    <trkpt lat="43.576439" lon="7.125867">
        <ele>0.0</ele>
    </trkpt>
    <trkpt lat="43.576165" lon="7.125824">
        <ele>0.0</ele>
    </trkpt>
    <trkpt lat="43.576084" lon="7.125712">
        <ele>0.0</ele>
    </trkpt>
    <trkpt lat="43.576031" lon="7.125561">
        <ele>0.0</ele>
    </trkpt>
    <trkpt lat="43.576009" lon="7.125261">
        <ele>0.0</ele>
    </trkpt>
    <trkpt lat="43.576138" lon="7.124902">
        <ele>0.0</ele>
    </trkpt>
    <trkpt lat="43.576009" lon="7.124859">
        <ele>0.0</ele>
    </trkpt>
    <trkpt lat="43.575859" lon="7.124601">
        <ele>0.0</ele>
    </trkpt>
    <trkpt lat="43.575645" lon="7.124376">
        <ele>0.0</ele>
    </trkpt>
    <trkpt lat="43.575124" lon="7.12415">
        <ele>0.0</ele>
    </trkpt>
    <trkpt lat="43.575167" lon="7.124129">
        <ele>0.0</ele>
    </trkpt>
    <trkpt lat="43.575124" lon="7.124156">
        <ele>0.0</ele>
    </trkpt>
    <trkpt lat="43.575108" lon="7.12422">
        <ele>0.0</ele>
    </trkpt>
    <trkpt lat="43.57491" lon="7.124156">
        <ele>0.0</ele>
    </trkpt>
    <trkpt lat="43.574684" lon="7.124016">
        <ele>0.0</ele>
    </trkpt>
    <trkpt lat="43.574148" lon="7.123941">
        <ele>0.0</ele>
    </trkpt>
    <trkpt lat="43.573949" lon="7.123952">
        <ele>0.0</ele>
    </trkpt>
    <trkpt lat="43.573831" lon="7.124059">
        <ele>0.0</ele>
    </trkpt>
    <trkpt lat="43.573687" lon="7.124118">
        <ele>0.0</ele>
    </trkpt>
    <trkpt lat="43.573574" lon="7.124215">
        <ele>0.0</ele>
    </trkpt>
    <trkpt lat="43.573182" lon="7.124263">
        <ele>0.0</ele>
    </trkpt>
    <trkpt lat="43.572855" lon="7.124644">
        <ele>0.0</ele>
    </trkpt>
    <trkpt lat="43.572453" lon="7.124698">
        <ele>0.0</ele>
    </trkpt>
    <trkpt lat="43.571954" lon="7.124719">
        <ele>0.0</ele>
    </trkpt>
    <trkpt lat="43.571637" lon="7.124665">
        <ele>0.0</ele>
    </trkpt>
    <trkpt lat="43.571498" lon="7.124671">
        <ele>0.0</ele>
    </trkpt>
    <trkpt lat="43.571192" lon="7.124574">
        <ele>0.0</ele>
    </trkpt>
    <trkpt lat="43.570919" lon="7.124537">
        <ele>0.0</ele>
    </trkpt>
    <trkpt lat="43.570811" lon="7.124488">
        <ele>0.0</ele>
    </trkpt>
    <trkpt lat="43.570548" lon="7.124091">
        <ele>0.0</ele>
    </trkpt>
    <trkpt lat="43.570371" lon="7.1237">
        <ele>0.0</ele>
    </trkpt>
    <trkpt lat="43.570312" lon="7.123657">
        <ele>0.0</ele>
    </trkpt>
    <trkpt lat="43.570216" lon="7.123174">
        <ele>0.0</ele>
    </trkpt>
    <trkpt lat="43.570109" lon="7.122906">
        <ele>0.0</ele>
    </trkpt>
    <trkpt lat="43.569797" lon="7.122418">
        <ele>0.0</ele>
    </trkpt>
    <trkpt lat="43.569765" lon="7.122214">
        <ele>0.0</ele>
    </trkpt>
    <trkpt lat="43.569685" lon="7.121983">
        <ele>0.0</ele>
    </trkpt>
    <trkpt lat="43.569647" lon="7.121946">
        <ele>0.0</ele>
    </trkpt>
    <trkpt lat="43.569588" lon="7.121769">
        <ele>0.0</ele>
    </trkpt>
    <trkpt lat="43.569524" lon="7.121737">
        <ele>0.0</ele>
    </trkpt>
    <trkpt lat="43.569416" lon="7.121377">
        <ele>0.0</ele>
    </trkpt>
    <trkpt lat="43.569229" lon="7.121141">
        <ele>0.0</ele>
    </trkpt>
    <trkpt lat="43.569095" lon="7.120471">
        <ele>0.0</ele>
    </trkpt>
    <trkpt lat="43.56917" lon="7.120009">
        <ele>0.0</ele>
    </trkpt>
    <trkpt lat="43.569148" lon="7.119462">
        <ele>0.0</ele>
    </trkpt>
    <trkpt lat="43.5691" lon="7.119446">
        <ele>0.0</ele>
    </trkpt>
    <trkpt lat="43.569089" lon="7.119269">
        <ele>0.0</ele>
    </trkpt>
    <trkpt lat="43.568885" lon="7.118604">
        <ele>0.0</ele>
    </trkpt>
    <trkpt lat="43.568789" lon="7.1184">
        <ele>0.0</ele>
    </trkpt>
    <trkpt lat="43.568724" lon="7.118158">
        <ele>0.0</ele>
    </trkpt>
    <trkpt lat="43.568274" lon="7.116919">
        <ele>0.0</ele>
    </trkpt>
    <trkpt lat="43.568177" lon="7.116506">
        <ele>0.0</ele>
    </trkpt>
    <trkpt lat="43.568113" lon="7.115932">
        <ele>0.0</ele>
    </trkpt>
    <trkpt lat="43.568049" lon="7.11568">
        <ele>0.0</ele>
    </trkpt>
    <trkpt lat="43.568065" lon="7.115514">
        <ele>0.0</ele>
    </trkpt>
    <trkpt lat="43.568043" lon="7.115455">
        <ele>0.0</ele>
    </trkpt>
    <trkpt lat="43.567914" lon="7.115412">
        <ele>0.0</ele>
    </trkpt>
    <trkpt lat="43.567893" lon="7.115246">
        <ele>0.0</ele>
    </trkpt>
    <trkpt lat="43.567963" lon="7.11502">
        <ele>0.0</ele>
    </trkpt>
    <trkpt lat="43.567973" lon="7.114741">
        <ele>0.0</ele>
    </trkpt>
    <trkpt lat="43.567941" lon="7.114591">
        <ele>0.0</ele>
    </trkpt>
    <trkpt lat="43.568032" lon="7.114162">
        <ele>0.0</ele>
    </trkpt>
    <trkpt lat="43.567952" lon="7.114049">
        <ele>0.0</ele>
    </trkpt>
    <trkpt lat="43.568032" lon="7.113851">
        <ele>0.0</ele>
    </trkpt>
    <trkpt lat="43.567995" lon="7.113813">
        <ele>0.0</ele>
    </trkpt>
    <trkpt lat="43.567973" lon="7.113701">
        <ele>0.0</ele>
    </trkpt>
    <trkpt lat="43.567984" lon="7.113491">
        <ele>0.0</ele>
    </trkpt>
    <trkpt lat="43.567941" lon="7.113127">
        <ele>0.0</ele>
    </trkpt>
    <trkpt lat="43.567893" lon="7.113014">
        <ele>0.0</ele>
    </trkpt>
    <trkpt lat="43.567893" lon="7.112483">
        <ele>0.0</ele>
    </trkpt>
    <trkpt lat="43.567802" lon="7.112107">
        <ele>0.0</ele>
    </trkpt>
    <trkpt lat="43.567839" lon="7.112">
        <ele>0.0</ele>
    </trkpt>
    <trkpt lat="43.567888" lon="7.111968">
        <ele>0.0</ele>
    </trkpt>
    <trkpt lat="43.567909" lon="7.111689">
        <ele>0.0</ele>
    </trkpt>
    <trkpt lat="43.567882" lon="7.111625">
        <ele>0.0</ele>
    </trkpt>
    <trkpt lat="43.567995" lon="7.111378">
        <ele>0.0</ele>
    </trkpt>
    <trkpt lat="43.568038" lon="7.111163">
        <ele>0.0</ele>
    </trkpt>
    <trkpt lat="43.568204" lon="7.110916">
        <ele>0.0</ele>
    </trkpt>
    <trkpt lat="43.568247" lon="7.110798">
        <ele>0.0</ele>
    </trkpt>
    <trkpt lat="43.56829" lon="7.110643">
        <ele>0.0</ele>
    </trkpt>
    <trkpt lat="43.56829" lon="7.110562">
        <ele>0.0</ele>
    </trkpt>
    <trkpt lat="43.568236" lon="7.110584">
        <ele>0.0</ele>
    </trkpt>
    <trkpt lat="43.568252" lon="7.11052">
        <ele>0.0</ele>
    </trkpt>
    <trkpt lat="43.568687" lon="7.109473">
        <ele>0.0</ele>
    </trkpt>
    <trkpt lat="43.568783" lon="7.109093">
        <ele>0.0</ele>
    </trkpt>
    <trkpt lat="43.568928" lon="7.108867">
        <ele>0.0</ele>
    </trkpt>
    <trkpt lat="43.568955" lon="7.108733">
        <ele>0.0</ele>
    </trkpt>
    <trkpt lat="43.56895" lon="7.108422">
        <ele>0.0</ele>
    </trkpt>
    <trkpt lat="43.568982" lon="7.108277">
        <ele>0.0</ele>
    </trkpt>
    <trkpt lat="43.569121" lon="7.107998">
        <ele>0.0</ele>
    </trkpt>
    <trkpt lat="43.569256" lon="7.107843">
        <ele>0.0</ele>
    </trkpt>
    <trkpt lat="43.569293" lon="7.107725">
        <ele>0.0</ele>
    </trkpt>
    <trkpt lat="43.569433" lon="7.107612">
        <ele>0.0</ele>
    </trkpt>
    <trkpt lat="43.569459" lon="7.107548">
        <ele>0.0</ele>
    </trkpt>
    <trkpt lat="43.569476" lon="7.107414">
        <ele>0.0</ele>
    </trkpt>
    <trkpt lat="43.569588" lon="7.107092">
        <ele>0.0</ele>
    </trkpt>
    <trkpt lat="43.569663" lon="7.106641">
        <ele>0.0</ele>
    </trkpt>
    <trkpt lat="43.569867" lon="7.106185">
        <ele>0.0</ele>
    </trkpt>
    <trkpt lat="43.569883" lon="7.106029">
        <ele>0.0</ele>
    </trkpt>
    <trkpt lat="43.569996" lon="7.105852">
        <ele>0.0</ele>
    </trkpt>
    <trkpt lat="43.570119" lon="7.105574">
        <ele>0.0</ele>
    </trkpt>
    <trkpt lat="43.570398" lon="7.104721">
        <ele>0.0</ele>
    </trkpt>
    <trkpt lat="43.570548" lon="7.104383">
        <ele>0.0</ele>
    </trkpt>
    <trkpt lat="43.570564" lon="7.104195">
        <ele>0.0</ele>
    </trkpt>
    <trkpt lat="43.570527" lon="7.104098">
        <ele>0.0</ele>
    </trkpt>
    <trkpt lat="43.570543" lon="7.103873">
        <ele>0.0</ele>
    </trkpt>
    <trkpt lat="43.570677" lon="7.103455">
        <ele>0.0</ele>
    </trkpt>
    <trkpt lat="43.570666" lon="7.103379">
        <ele>0.0</ele>
    </trkpt>
    <trkpt lat="43.570704" lon="7.103235">
        <ele>0.0</ele>
    </trkpt>
    <trkpt lat="43.570688" lon="7.103052">
        <ele>0.0</ele>
    </trkpt>
    <trkpt lat="43.570763" lon="7.102929">
        <ele>0.0</ele>
    </trkpt>
    <trkpt lat="43.570849" lon="7.102623">
        <ele>0.0</ele>
    </trkpt>
    <trkpt lat="43.570886" lon="7.102333">
        <ele>0.0</ele>
    </trkpt>
    <trkpt lat="43.570892" lon="7.101953">
        <ele>0.0</ele>
    </trkpt>
    <trkpt lat="43.57094" lon="7.101883">
        <ele>0.0</ele>
    </trkpt>
    <trkpt lat="43.57109" lon="7.101062">
        <ele>0.0</ele>
    </trkpt>
    <trkpt lat="43.57123" lon="7.100617">
        <ele>0.0</ele>
    </trkpt>
    <trkpt lat="43.571321" lon="7.099351">
        <ele>0.0</ele>
    </trkpt>
    <trkpt lat="43.571316" lon="7.097806">
        <ele>0.0</ele>
    </trkpt>
    <trkpt lat="43.571187" lon="7.095757">
        <ele>0.0</ele>
    </trkpt>
    <trkpt lat="43.570811" lon="7.093144">
        <ele>0.0</ele>
    </trkpt>
    <trkpt lat="43.570114" lon="7.085881">
        <ele>0.0</ele>
    </trkpt>
    <trkpt lat="43.569921" lon="7.084743">
        <ele>0.0</ele>
    </trkpt>
    <trkpt lat="43.569765" lon="7.084143">
        <ele>0.0</ele>
    </trkpt>
    <trkpt lat="43.56962" lon="7.083805">
        <ele>0.0</ele>
    </trkpt>
    <trkpt lat="43.569572" lon="7.08352">
        <ele>0.0</ele>
    </trkpt>
    <trkpt lat="43.569374" lon="7.083107">
        <ele>0.0</ele>
    </trkpt>
    <trkpt lat="43.569154" lon="7.082903">
        <ele>0.0</ele>
    </trkpt>
    <trkpt lat="43.569223" lon="7.082882">
        <ele>0.0</ele>
    </trkpt>
    <trkpt lat="43.569191" lon="7.082721">
        <ele>0.0</ele>
    </trkpt>
    <trkpt lat="43.569143" lon="7.082667">
        <ele>0.0</ele>
    </trkpt>
    <trkpt lat="43.568912" lon="7.081922">
        <ele>0.0</ele>
    </trkpt>
    <trkpt lat="43.568671" lon="7.081466">
        <ele>0.0</ele>
    </trkpt>
    <trkpt lat="43.56858" lon="7.081176">
        <ele>0.0</ele>
    </trkpt>
    <trkpt lat="43.568403" lon="7.08087">
        <ele>0.0</ele>
    </trkpt>
    <trkpt lat="43.568113" lon="7.080554">
        <ele>0.0</ele>
    </trkpt>
    <trkpt lat="43.567931" lon="7.080189">
        <ele>0.0</ele>
    </trkpt>
    <trkpt lat="43.567764" lon="7.079991">
        <ele>0.0</ele>
    </trkpt>
    <trkpt lat="43.567657" lon="7.079781">
        <ele>0.0</ele>
    </trkpt>
    <trkpt lat="43.567566" lon="7.079674">
        <ele>0.0</ele>
    </trkpt>
    <trkpt lat="43.567453" lon="7.079368">
        <ele>0.0</ele>
    </trkpt>
    <trkpt lat="43.566852" lon="7.07807">
        <ele>0.0</ele>
    </trkpt>
    <trkpt lat="43.566648" lon="7.077383">
        <ele>0.0</ele>
    </trkpt>
    <trkpt lat="43.566627" lon="7.077228">
        <ele>0.0</ele>
    </trkpt>
    <trkpt lat="43.566509" lon="7.07704">
        <ele>0.0</ele>
    </trkpt>
    <trkpt lat="43.566536" lon="7.076804">
        <ele>0.0</ele>
    </trkpt>
    <trkpt lat="43.566482" lon="7.076402">
        <ele>0.0</ele>
    </trkpt>
    <trkpt lat="43.566396" lon="7.076219">
        <ele>0.0</ele>
    </trkpt>
    <trkpt lat="43.566391" lon="7.075989">
        <ele>0.0</ele>
    </trkpt>
    <trkpt lat="43.566327" lon="7.07578">
        <ele>0.0</ele>
    </trkpt>
    <trkpt lat="43.566284" lon="7.075495">
        <ele>0.0</ele>
    </trkpt>
    <trkpt lat="43.5663" lon="7.075318">
        <ele>0.0</ele>
    </trkpt>
    <trkpt lat="43.566069" lon="7.075163">
        <ele>0.0</ele>
    </trkpt>
    <trkpt lat="43.566005" lon="7.075002">
        <ele>0.0</ele>
    </trkpt>
    <trkpt lat="43.566021" lon="7.074878">
        <ele>0.0</ele>
    </trkpt>
    <trkpt lat="43.565989" lon="7.074825">
        <ele>0.0</ele>
    </trkpt>
    <trkpt lat="43.565983" lon="7.074648">
        <ele>0.0</ele>
    </trkpt>
    <trkpt lat="43.565924" lon="7.074551">
        <ele>0.0</ele>
    </trkpt>
    <trkpt lat="43.565903" lon="7.074422">
        <ele>0.0</ele>
    </trkpt>
    <trkpt lat="43.565624" lon="7.073972">
        <ele>0.0</ele>
    </trkpt>
    <trkpt lat="43.565608" lon="7.073548">
        <ele>0.0</ele>
    </trkpt>
    <trkpt lat="43.565538" lon="7.073237">
        <ele>0.0</ele>
    </trkpt>
    <trkpt lat="43.565366" lon="7.072952">
        <ele>0.0</ele>
    </trkpt>
    <trkpt lat="43.565179" lon="7.072497">
        <ele>0.0</ele>
    </trkpt>
    <trkpt lat="43.565125" lon="7.072266">
        <ele>0.0</ele>
    </trkpt>
    <trkpt lat="43.564932" lon="7.071896">
        <ele>0.0</ele>
    </trkpt>
    <trkpt lat="43.564782" lon="7.071467">
        <ele>0.0</ele>
    </trkpt>
    <trkpt lat="43.564492" lon="7.07093">
        <ele>0.0</ele>
    </trkpt>
    <trkpt lat="43.564116" lon="7.070061">
        <ele>0.0</ele>
    </trkpt>
    <trkpt lat="43.563827" lon="7.069546">
        <ele>0.0</ele>
    </trkpt>
    <trkpt lat="43.563736" lon="7.069294">
        <ele>0.0</ele>
    </trkpt>
    <trkpt lat="43.5635" lon="7.068908">
        <ele>0.0</ele>
    </trkpt>
    <trkpt lat="43.56307" lon="7.068366">
        <ele>0.0</ele>
    </trkpt>
    <trkpt lat="43.563017" lon="7.068232">
        <ele>0.0</ele>
    </trkpt>
    <trkpt lat="43.562947" lon="7.068194">
        <ele>0.0</ele>
    </trkpt>
    <trkpt lat="43.562588" lon="7.067781">
        <ele>0.0</ele>
    </trkpt>
    <trkpt lat="43.562067" lon="7.067261">
        <ele>0.0</ele>
    </trkpt>
    <trkpt lat="43.56204" lon="7.067207">
        <ele>0.0</ele>
    </trkpt>
    <trkpt lat="43.561955" lon="7.066488">
        <ele>0.0</ele>
    </trkpt>
    <trkpt lat="43.561627" lon="7.066252">
        <ele>0.0</ele>
    </trkpt>
    <trkpt lat="43.561434" lon="7.066209">
        <ele>0.0</ele>
    </trkpt>
    <trkpt lat="43.561348" lon="7.066252">
        <ele>0.0</ele>
    </trkpt>
    <trkpt lat="43.561268" lon="7.066236">
        <ele>0.0</ele>
    </trkpt>
    <trkpt lat="43.561027" lon="7.065979">
        <ele>0.0</ele>
    </trkpt>
    <trkpt lat="43.560892" lon="7.065898">
        <ele>0.0</ele>
    </trkpt>
    <trkpt lat="43.560672" lon="7.065684">
        <ele>0.0</ele>
    </trkpt>
    <trkpt lat="43.560517" lon="7.065501">
        <ele>0.0</ele>
    </trkpt>
    <trkpt lat="43.560029" lon="7.065104">
        <ele>0.0</ele>
    </trkpt>
    <trkpt lat="43.559503" lon="7.064622">
        <ele>0.0</ele>
    </trkpt>
    <trkpt lat="43.557829" lon="7.062985">
        <ele>0.0</ele>
    </trkpt>
    <trkpt lat="43.557384" lon="7.062621">
        <ele>0.0</ele>
    </trkpt>
    <trkpt lat="43.555946" lon="7.061709">
        <ele>0.0</ele>
    </trkpt>
    <trkpt lat="43.555335" lon="7.061258">
        <ele>0.0</ele>
    </trkpt>
    <trkpt lat="43.554707" lon="7.060663">
        <ele>0.0</ele>
    </trkpt>
    <trkpt lat="43.553822" lon="7.059638">
        <ele>0.0</ele>
    </trkpt>
    <trkpt lat="43.553334" lon="7.058994">
        <ele>0.0</ele>
    </trkpt>
    <trkpt lat="43.552588" lon="7.058313">
        <ele>0.0</ele>
    </trkpt>
    <trkpt lat="43.552561" lon="7.058254">
        <ele>0.0</ele>
    </trkpt>
    <trkpt lat="43.549718" lon="7.056081">
        <ele>0.0</ele>
    </trkpt>
    <trkpt lat="43.549112" lon="7.05554">
        <ele>0.0</ele>
    </trkpt>
    <trkpt lat="43.548742" lon="7.055121">
        <ele>0.0</ele>
    </trkpt>
    <trkpt lat="43.548361" lon="7.054579">
        <ele>0.0</ele>
    </trkpt>
    <trkpt lat="43.548002" lon="7.053871">
        <ele>0.0</ele>
    </trkpt>
    <trkpt lat="43.547787" lon="7.05334">
        <ele>0.0</ele>
    </trkpt>
    <trkpt lat="43.547605" lon="7.052723">
        <ele>0.0</ele>
    </trkpt>
    <trkpt lat="43.54746" lon="7.052021">
        <ele>0.0</ele>
    </trkpt>
    <trkpt lat="43.547406" lon="7.051516">
        <ele>0.0</ele>
    </trkpt>
  </trkseg>
</trk>
<trk>
  <name>2011/09/04 11:54:00</name>
  <extensions>
  </extensions>
  <trkseg>
    <trkpt lat="43.547396" lon="7.051436">
        <ele>0.0</ele>
    </trkpt>
    <trkpt lat="43.547347" lon="7.050883">
        <ele>0.0</ele>
    </trkpt>
    <trkpt lat="43.547337" lon="7.05024">
        <ele>0.0</ele>
    </trkpt>
    <trkpt lat="43.547438" lon="7.048823">
        <ele>0.0</ele>
    </trkpt>
    <trkpt lat="43.547417" lon="7.048657">
        <ele>0.0</ele>
    </trkpt>
    <trkpt lat="43.547481" lon="7.048389">
        <ele>0.0</ele>
    </trkpt>
    <trkpt lat="43.547396" lon="7.047756">
        <ele>0.0</ele>
    </trkpt>
    <trkpt lat="43.547428" lon="7.047504">
        <ele>0.0</ele>
    </trkpt>
    <trkpt lat="43.547363" lon="7.046806">
        <ele>0.0</ele>
    </trkpt>
    <trkpt lat="43.547444" lon="7.046742">
        <ele>0.0</ele>
    </trkpt>
    <trkpt lat="43.547546" lon="7.046726">
        <ele>0.0</ele>
    </trkpt>
    <trkpt lat="43.547658" lon="7.046415">
        <ele>0.0</ele>
    </trkpt>
    <trkpt lat="43.547632" lon="7.046184">
        <ele>0.0</ele>
    </trkpt>
    <trkpt lat="43.547471" lon="7.046028">
        <ele>0.0</ele>
    </trkpt>
    <trkpt lat="43.547428" lon="7.045948">
        <ele>0.0</ele>
    </trkpt>
    <trkpt lat="43.547363" lon="7.045503">
        <ele>0.0</ele>
    </trkpt>
    <trkpt lat="43.547337" lon="7.044923">
        <ele>0.0</ele>
    </trkpt>
    <trkpt lat="43.547304" lon="7.044741">
        <ele>0.0</ele>
    </trkpt>
    <trkpt lat="43.547363" lon="7.044376">
        <ele>0.0</ele>
    </trkpt>
    <trkpt lat="43.548082" lon="7.042204">
        <ele>0.0</ele>
    </trkpt>
    <trkpt lat="43.548442" lon="7.039999">
        <ele>0.0</ele>
    </trkpt>
    <trkpt lat="43.548501" lon="7.03942">
        <ele>0.0</ele>
    </trkpt>
    <trkpt lat="43.548544" lon="7.038449">
        <ele>0.0</ele>
    </trkpt>
    <trkpt lat="43.548753" lon="7.037">
        <ele>0.0</ele>
    </trkpt>
    <trkpt lat="43.548774" lon="7.036694">
        <ele>0.0</ele>
    </trkpt>
    <trkpt lat="43.54893" lon="7.036153">
        <ele>0.0</ele>
    </trkpt>
    <trkpt lat="43.548951" lon="7.035863">
        <ele>0.0</ele>
    </trkpt>
    <trkpt lat="43.549128" lon="7.035326">
        <ele>0.0</ele>
    </trkpt>
    <trkpt lat="43.549187" lon="7.035262">
        <ele>0.0</ele>
    </trkpt>
    <trkpt lat="43.549316" lon="7.034999">
        <ele>0.0</ele>
    </trkpt>
    <trkpt lat="43.549407" lon="7.034967">
        <ele>0.0</ele>
    </trkpt>
    <trkpt lat="43.549477" lon="7.034903">
        <ele>0.0</ele>
    </trkpt>
    <trkpt lat="43.549783" lon="7.03457">
        <ele>0.0</ele>
    </trkpt>
    <trkpt lat="43.550603" lon="7.033363">
        <ele>0.0</ele>
    </trkpt>
    <trkpt lat="43.550657" lon="7.03324">
        <ele>0.0</ele>
    </trkpt>
    <trkpt lat="43.550899" lon="7.032269">
        <ele>0.0</ele>
    </trkpt>
    <trkpt lat="43.551269" lon="7.030391">
        <ele>0.0</ele>
    </trkpt>
    <trkpt lat="43.551328" lon="7.030279">
        <ele>0.0</ele>
    </trkpt>
    <trkpt lat="43.551371" lon="7.0303">
        <ele>0.0</ele>
    </trkpt>
    <trkpt lat="43.551371" lon="7.030236">
        <ele>0.0</ele>
    </trkpt>
    <trkpt lat="43.551505" lon="7.030144">
        <ele>0.0</ele>
    </trkpt>
    <trkpt lat="43.551537" lon="7.030021">
        <ele>0.0</ele>
    </trkpt>
    <trkpt lat="43.551521" lon="7.029941">
        <ele>0.0</ele>
    </trkpt>
    <trkpt lat="43.551553" lon="7.029887">
        <ele>0.0</ele>
    </trkpt>
    <trkpt lat="43.552148" lon="7.029388">
        <ele>0.0</ele>
    </trkpt>
    <trkpt lat="43.552245" lon="7.029275">
        <ele>0.0</ele>
    </trkpt>
    <trkpt lat="43.552658" lon="7.02875">
        <ele>0.0</ele>
    </trkpt>
    <trkpt lat="43.552916" lon="7.028358">
        <ele>0.0</ele>
    </trkpt>
    <trkpt lat="43.552942" lon="7.028267">
        <ele>0.0</ele>
    </trkpt>
    <trkpt lat="43.553162" lon="7.027988">
        <ele>0.0</ele>
    </trkpt>
    <trkpt lat="43.553618" lon="7.026743">
        <ele>0.0</ele>
    </trkpt>
    <trkpt lat="43.553908" lon="7.025574">
        <ele>0.0</ele>
    </trkpt>
    <trkpt lat="43.554155" lon="7.021728">
        <ele>0.0</ele>
    </trkpt>
    <trkpt lat="43.554257" lon="7.020864">
        <ele>0.0</ele>
    </trkpt>
    <trkpt lat="43.554267" lon="7.020558">
        <ele>0.0</ele>
    </trkpt>
    <trkpt lat="43.554273" lon="7.019196">
        <ele>0.0</ele>
    </trkpt>
    <trkpt lat="43.554106" lon="7.017232">
        <ele>0.0</ele>
    </trkpt>
    <trkpt lat="43.553881" lon="7.01727">
        <ele>0.0</ele>
    </trkpt>
    <trkpt lat="43.553811" lon="7.017227">
        <ele>0.0</ele>
    </trkpt>
    <trkpt lat="43.553704" lon="7.017055">
        <ele>0.0</ele>
    </trkpt>
    <trkpt lat="43.553575" lon="7.016948">
        <ele>0.0</ele>
    </trkpt>
    <trkpt lat="43.553414" lon="7.016889">
        <ele>0.0</ele>
    </trkpt>
    <trkpt lat="43.553296" lon="7.01698">
        <ele>0.0</ele>
    </trkpt>
    <trkpt lat="43.552991" lon="7.017098">
        <ele>0.0</ele>
    </trkpt>
    <trkpt lat="43.552851" lon="7.017189">
        <ele>0.0</ele>
    </trkpt>
    <trkpt lat="43.552663" lon="7.017377">
        <ele>0.0</ele>
    </trkpt>
    <trkpt lat="43.552567" lon="7.017216">
        <ele>0.0</ele>
    </trkpt>
    <trkpt lat="43.552508" lon="7.017189">
        <ele>0.0</ele>
    </trkpt>
    <trkpt lat="43.55239" lon="7.0172">
        <ele>0.0</ele>
    </trkpt>
    <trkpt lat="43.552342" lon="7.017248">
        <ele>0.0</ele>
    </trkpt>
    <trkpt lat="43.552256" lon="7.01727">
        <ele>0.0</ele>
    </trkpt>
    <trkpt lat="43.55202" lon="7.017286">
        <ele>0.0</ele>
    </trkpt>
    <trkpt lat="43.551988" lon="7.017222">
        <ele>0.0</ele>
    </trkpt>
    <trkpt lat="43.551762" lon="7.017286">
        <ele>0.0</ele>
    </trkpt>
    <trkpt lat="43.55166" lon="7.017275">
        <ele>0.0</ele>
    </trkpt>
    <trkpt lat="43.551719" lon="7.017286">
        <ele>0.0</ele>
    </trkpt>
    <trkpt lat="43.551671" lon="7.017302">
        <ele>0.0</ele>
    </trkpt>
    <trkpt lat="43.551768" lon="7.017474">
        <ele>0.0</ele>
    </trkpt>
    <trkpt lat="43.551735" lon="7.017527">
        <ele>0.0</ele>
    </trkpt>
    <trkpt lat="43.551698" lon="7.01749">
        <ele>0.0</ele>
    </trkpt>
    <trkpt lat="43.55166" lon="7.017533">
        <ele>0.0</ele>
    </trkpt>
    <trkpt lat="43.551607" lon="7.017511">
        <ele>0.0</ele>
    </trkpt>
    <trkpt lat="43.551671" lon="7.017517">
        <ele>0.0</ele>
    </trkpt>
    <trkpt lat="43.551671" lon="7.017452">
        <ele>0.0</ele>
    </trkpt>
    <trkpt lat="43.551735" lon="7.017441">
        <ele>0.0</ele>
    </trkpt>
    <trkpt lat="43.551709" lon="7.017388">
        <ele>0.0</ele>
    </trkpt>
    <trkpt lat="43.551451" lon="7.017409">
        <ele>0.0</ele>
    </trkpt>
    <trkpt lat="43.551381" lon="7.017313">
        <ele>0.0</ele>
    </trkpt>
    <trkpt lat="43.551403" lon="7.01712">
        <ele>0.0</ele>
    </trkpt>
    <trkpt lat="43.551355" lon="7.01713">
        <ele>0.0</ele>
    </trkpt>
    <trkpt lat="43.551349" lon="7.017195">
        <ele>0.0</ele>
    </trkpt>
    <trkpt lat="43.551344" lon="7.01713">
        <ele>0.0</ele>
    </trkpt>
    <trkpt lat="43.55144" lon="7.016798">
        <ele>0.0</ele>
    </trkpt>
    <trkpt lat="43.551494" lon="7.016379">
        <ele>0.0</ele>
    </trkpt>
    <trkpt lat="43.551569" lon="7.016202">
        <ele>0.0</ele>
    </trkpt>
    <trkpt lat="43.551467" lon="7.01602">
        <ele>0.0</ele>
    </trkpt>
    <trkpt lat="43.551462" lon="7.01595">
        <ele>0.0</ele>
    </trkpt>
    <trkpt lat="43.551414" lon="7.015923">
        <ele>0.0</ele>
    </trkpt>
    <trkpt lat="43.551451" lon="7.01587">
        <ele>0.0</ele>
    </trkpt>
    <trkpt lat="43.551403" lon="7.015816">
        <ele>0.0</ele>
    </trkpt>
    <trkpt lat="43.551403" lon="7.015752">
        <ele>0.0</ele>
    </trkpt>
    <trkpt lat="43.551548" lon="7.015585">
        <ele>0.0</ele>
    </trkpt>
    <trkpt lat="43.551414" lon="7.015419">
        <ele>0.0</ele>
    </trkpt>
    <trkpt lat="43.551403" lon="7.015215">
        <ele>0.0</ele>
    </trkpt>
    <trkpt lat="43.551553" lon="7.015226">
        <ele>0.0</ele>
    </trkpt>
    <trkpt lat="43.55165" lon="7.01506">
        <ele>0.0</ele>
    </trkpt>
    <trkpt lat="43.55181" lon="7.014931">
        <ele>0.0</ele>
    </trkpt>
    <trkpt lat="43.551794" lon="7.014255">
        <ele>0.0</ele>
    </trkpt>
    <trkpt lat="43.551751" lon="7.013976">
        <ele>0.0</ele>
    </trkpt>
    <trkpt lat="43.551698" lon="7.013874">
        <ele>0.0</ele>
    </trkpt>
    <trkpt lat="43.551709" lon="7.013939">
        <ele>0.0</ele>
    </trkpt>
    <trkpt lat="43.551837" lon="7.014024">
        <ele>0.0</ele>
    </trkpt>
    <trkpt lat="43.551918" lon="7.013971">
        <ele>0.0</ele>
    </trkpt>
    <trkpt lat="43.551934" lon="7.013842">
        <ele>0.0</ele>
    </trkpt>
    <trkpt lat="43.551971" lon="7.013804">
        <ele>0.0</ele>
    </trkpt>
    <trkpt lat="43.552025" lon="7.01381">
        <ele>0.0</ele>
    </trkpt>
    <trkpt lat="43.551998" lon="7.013649">
        <ele>0.0</ele>
    </trkpt>
    <trkpt lat="43.55195" lon="7.013627">
        <ele>0.0</ele>
    </trkpt>
    <trkpt lat="43.551934" lon="7.013558">
        <ele>0.0</ele>
    </trkpt>
    <trkpt lat="43.551907" lon="7.013273">
        <ele>0.0</ele>
    </trkpt>
    <trkpt lat="43.551853" lon="7.013263">
        <ele>0.0</ele>
    </trkpt>
    <trkpt lat="43.551757" lon="7.013005">
        <ele>0.0</ele>
    </trkpt>
    <trkpt lat="43.55166" lon="7.012968">
        <ele>0.0</ele>
    </trkpt>
    <trkpt lat="43.551623" lon="7.012903">
        <ele>0.0</ele>
    </trkpt>
    <trkpt lat="43.551612" lon="7.012748">
        <ele>0.0</ele>
    </trkpt>
    <trkpt lat="43.551558" lon="7.012742">
        <ele>0.0</ele>
    </trkpt>
    <trkpt lat="43.551542" lon="7.012678">
        <ele>0.0</ele>
    </trkpt>
    <trkpt lat="43.55158" lon="7.012453">
        <ele>0.0</ele>
    </trkpt>
    <trkpt lat="43.551515" lon="7.012335">
        <ele>0.0</ele>
    </trkpt>
    <trkpt lat="43.551515" lon="7.01227">
        <ele>0.0</ele>
    </trkpt>
    <trkpt lat="43.551467" lon="7.012265">
        <ele>0.0</ele>
    </trkpt>
    <trkpt lat="43.55151" lon="7.012125">
        <ele>0.0</ele>
    </trkpt>
    <trkpt lat="43.551478" lon="7.0122">
        <ele>0.0</ele>
    </trkpt>
    <trkpt lat="43.551612" lon="7.012453">
        <ele>0.0</ele>
    </trkpt>
    <trkpt lat="43.551703" lon="7.012753">
        <ele>0.0</ele>
    </trkpt>
    <trkpt lat="43.551891" lon="7.01308">
        <ele>0.0</ele>
    </trkpt>
    <trkpt lat="43.551896" lon="7.013295">
        <ele>0.0</ele>
    </trkpt>
    <trkpt lat="43.552089" lon="7.014024">
        <ele>0.0</ele>
    </trkpt>
    <trkpt lat="43.552256" lon="7.015312">
        <ele>0.0</ele>
    </trkpt>
    <trkpt lat="43.552229" lon="7.015457">
        <ele>0.0</ele>
    </trkpt>
    <trkpt lat="43.552299" lon="7.015644">
        <ele>0.0</ele>
    </trkpt>
    <trkpt lat="43.552309" lon="7.016288">
        <ele>0.0</ele>
    </trkpt>
    <trkpt lat="43.552395" lon="7.017007">
        <ele>0.0</ele>
    </trkpt>
    <trkpt lat="43.552379" lon="7.017066">
        <ele>0.0</ele>
    </trkpt>
    <trkpt lat="43.552047" lon="7.017302">
        <ele>0.0</ele>
    </trkpt>
    <trkpt lat="43.551998" lon="7.017281">
        <ele>0.0</ele>
    </trkpt>
    <trkpt lat="43.551971" lon="7.017227">
        <ele>0.0</ele>
    </trkpt>
    <trkpt lat="43.551794" lon="7.017372">
        <ele>0.0</ele>
    </trkpt>
    <trkpt lat="43.551741" lon="7.017318">
        <ele>0.0</ele>
    </trkpt>
    <trkpt lat="43.551757" lon="7.017468">
        <ele>0.0</ele>
    </trkpt>
    <trkpt lat="43.551698" lon="7.017447">
        <ele>0.0</ele>
    </trkpt>
    <trkpt lat="43.551725" lon="7.017506">
        <ele>0.0</ele>
    </trkpt>
    <trkpt lat="43.551687" lon="7.017458">
        <ele>0.0</ele>
    </trkpt>
    <trkpt lat="43.551639" lon="7.017468">
        <ele>0.0</ele>
    </trkpt>
    <trkpt lat="43.551569" lon="7.017377">
        <ele>0.0</ele>
    </trkpt>
    <trkpt lat="43.551526" lon="7.017415">
        <ele>0.0</ele>
    </trkpt>
    <trkpt lat="43.551435" lon="7.017356">
        <ele>0.0</ele>
    </trkpt>
    <trkpt lat="43.55136" lon="7.017243">
        <ele>0.0</ele>
    </trkpt>
    <trkpt lat="43.551403" lon="7.017222">
        <ele>0.0</ele>
    </trkpt>
    <trkpt lat="43.551446" lon="7.017248">
        <ele>0.0</ele>
    </trkpt>
    <trkpt lat="43.551435" lon="7.017179">
        <ele>0.0</ele>
    </trkpt>
    <trkpt lat="43.551483" lon="7.017184">
        <ele>0.0</ele>
    </trkpt>
    <trkpt lat="43.551381" lon="7.017216">
        <ele>0.0</ele>
    </trkpt>
    <trkpt lat="43.55143" lon="7.016943">
        <ele>0.0</ele>
    </trkpt>
    <trkpt lat="43.551542" lon="7.016744">
        <ele>0.0</ele>
    </trkpt>
    <trkpt lat="43.551601" lon="7.016519">
        <ele>0.0</ele>
    </trkpt>
    <trkpt lat="43.551623" lon="7.016261">
        <ele>0.0</ele>
    </trkpt>
    <trkpt lat="43.551596" lon="7.016116">
        <ele>0.0</ele>
    </trkpt>
    <trkpt lat="43.551446" lon="7.016229">
        <ele>0.0</ele>
    </trkpt>
    <trkpt lat="43.551456" lon="7.016401">
        <ele>0.0</ele>
    </trkpt>
    <trkpt lat="43.551414" lon="7.016626">
        <ele>0.0</ele>
    </trkpt>
    <trkpt lat="43.551414" lon="7.016873">
        <ele>0.0</ele>
    </trkpt>
    <trkpt lat="43.551215" lon="7.017924">
        <ele>0.0</ele>
    </trkpt>
    <trkpt lat="43.55122" lon="7.01801">
        <ele>0.0</ele>
    </trkpt>
    <trkpt lat="43.551059" lon="7.018337">
        <ele>0.0</ele>
    </trkpt>
    <trkpt lat="43.550915" lon="7.018418">
        <ele>0.0</ele>
    </trkpt>
    <trkpt lat="43.550861" lon="7.018525">
        <ele>0.0</ele>
    </trkpt>
    <trkpt lat="43.550748" lon="7.018498">
        <ele>0.0</ele>
    </trkpt>
    <trkpt lat="43.550609" lon="7.018606">
        <ele>0.0</ele>
    </trkpt>
    <trkpt lat="43.550502" lon="7.018627">
        <ele>0.0</ele>
    </trkpt>
    <trkpt lat="43.550625" lon="7.01874">
        <ele>0.0</ele>
    </trkpt>
    <trkpt lat="43.550716" lon="7.018901">
        <ele>0.0</ele>
    </trkpt>
    <trkpt lat="43.550722" lon="7.01897">
        <ele>0.0</ele>
    </trkpt>
    <trkpt lat="43.550684" lon="7.018927">
        <ele>0.0</ele>
    </trkpt>
    <trkpt lat="43.550657" lon="7.018981">
        <ele>0.0</ele>
    </trkpt>
    <trkpt lat="43.550625" lon="7.018933">
        <ele>0.0</ele>
    </trkpt>
    <trkpt lat="43.550673" lon="7.018933">
        <ele>0.0</ele>
    </trkpt>
    <trkpt lat="43.550636" lon="7.019051">
        <ele>0.0</ele>
    </trkpt>
    <trkpt lat="43.550684" lon="7.018927">
        <ele>0.0</ele>
    </trkpt>
    <trkpt lat="43.550636" lon="7.018917">
        <ele>0.0</ele>
    </trkpt>
    <trkpt lat="43.550695" lon="7.018922">
        <ele>0.0</ele>
    </trkpt>
    <trkpt lat="43.550711" lon="7.018986">
        <ele>0.0</ele>
    </trkpt>
    <trkpt lat="43.550668" lon="7.019035">
        <ele>0.0</ele>
    </trkpt>
    <trkpt lat="43.55063" lon="7.019239">
        <ele>0.0</ele>
    </trkpt>
    <trkpt lat="43.550636" lon="7.019303">
        <ele>0.0</ele>
    </trkpt>
    <trkpt lat="43.550673" lon="7.019346">
        <ele>0.0</ele>
    </trkpt>
    <trkpt lat="43.550641" lon="7.019206">
        <ele>0.0</ele>
    </trkpt>
    <trkpt lat="43.550668" lon="7.019078">
        <ele>0.0</ele>
    </trkpt>
    <trkpt lat="43.550716" lon="7.019062">
        <ele>0.0</ele>
    </trkpt>
    <trkpt lat="43.550743" lon="7.019008">
        <ele>0.0</ele>
    </trkpt>
    <trkpt lat="43.550743" lon="7.018927">
        <ele>0.0</ele>
    </trkpt>
    <trkpt lat="43.550695" lon="7.018933">
        <ele>0.0</ele>
    </trkpt>
    <trkpt lat="43.550636" lon="7.018949">
        <ele>0.0</ele>
    </trkpt>
    <trkpt lat="43.550587" lon="7.019013">
        <ele>0.0</ele>
    </trkpt>
    <trkpt lat="43.550609" lon="7.019137">
        <ele>0.0</ele>
    </trkpt>
    <trkpt lat="43.550561" lon="7.019464">
        <ele>0.0</ele>
    </trkpt>
    <trkpt lat="43.550469" lon="7.019646">
        <ele>0.0</ele>
    </trkpt>
    <trkpt lat="43.550485" lon="7.019931">
        <ele>0.0</ele>
    </trkpt>
    <trkpt lat="43.550582" lon="7.020177">
        <ele>0.0</ele>
    </trkpt>
    <trkpt lat="43.550475" lon="7.020381">
        <ele>0.0</ele>
    </trkpt>
    <trkpt lat="43.550421" lon="7.021089">
        <ele>0.0</ele>
    </trkpt>
    <trkpt lat="43.550394" lon="7.021148">
        <ele>0.0</ele>
    </trkpt>
    <trkpt lat="43.55033" lon="7.021175">
        <ele>0.0</ele>
    </trkpt>
    <trkpt lat="43.550217" lon="7.021148">
        <ele>0.0</ele>
    </trkpt>
    <trkpt lat="43.550196" lon="7.021239">
        <ele>0.0</ele>
    </trkpt>
    <trkpt lat="43.550201" lon="7.02132">
        <ele>0.0</ele>
    </trkpt>
    <trkpt lat="43.550357" lon="7.021636">
        <ele>0.0</ele>
    </trkpt>
    <trkpt lat="43.550378" lon="7.021851">
        <ele>0.0</ele>
    </trkpt>
    <trkpt lat="43.550239" lon="7.022318">
        <ele>0.0</ele>
    </trkpt>
    <trkpt lat="43.55019" lon="7.022774">
        <ele>0.0</ele>
    </trkpt>
    <trkpt lat="43.550121" lon="7.02294">
        <ele>0.0</ele>
    </trkpt>
    <trkpt lat="43.55011" lon="7.023004">
        <ele>0.0</ele>
    </trkpt>
    <trkpt lat="43.550158" lon="7.023015">
        <ele>0.0</ele>
    </trkpt>
    <trkpt lat="43.550196" lon="7.022951">
        <ele>0.0</ele>
    </trkpt>
    <trkpt lat="43.550072" lon="7.023289">
        <ele>0.0</ele>
    </trkpt>
    <trkpt lat="43.549954" lon="7.024206">
        <ele>0.0</ele>
    </trkpt>
    <trkpt lat="43.549842" lon="7.024678">
        <ele>0.0</ele>
    </trkpt>
    <trkpt lat="43.549718" lon="7.024978">
        <ele>0.0</ele>
    </trkpt>
    <trkpt lat="43.549718" lon="7.025268">
        <ele>0.0</ele>
    </trkpt>
    <trkpt lat="43.549627" lon="7.025434">
        <ele>0.0</ele>
    </trkpt>
    <trkpt lat="43.549563" lon="7.025692">
        <ele>0.0</ele>
    </trkpt>
    <trkpt lat="43.549445" lon="7.02596">
        <ele>0.0</ele>
    </trkpt>
    <trkpt lat="43.549359" lon="7.026255">
        <ele>0.0</ele>
    </trkpt>
    <trkpt lat="43.549311" lon="7.026325">
        <ele>0.0</ele>
    </trkpt>
    <trkpt lat="43.549273" lon="7.026561">
        <ele>0.0</ele>
    </trkpt>
    <trkpt lat="43.549144" lon="7.026802">
        <ele>0.0</ele>
    </trkpt>
    <trkpt lat="43.54908" lon="7.027038">
        <ele>0.0</ele>
    </trkpt>
    <trkpt lat="43.548865" lon="7.027543">
        <ele>0.0</ele>
    </trkpt>
    <trkpt lat="43.548796" lon="7.027838">
        <ele>0.0</ele>
    </trkpt>
    <trkpt lat="43.54871" lon="7.027945">
        <ele>0.0</ele>
    </trkpt>
    <trkpt lat="43.548603" lon="7.028208">
        <ele>0.0</ele>
    </trkpt>
    <trkpt lat="43.548549" lon="7.028439">
        <ele>0.0</ele>
    </trkpt>
    <trkpt lat="43.548404" lon="7.028836">
        <ele>0.0</ele>
    </trkpt>
    <trkpt lat="43.548286" lon="7.028986">
        <ele>0.0</ele>
    </trkpt>
    <trkpt lat="43.548259" lon="7.029136">
        <ele>0.0</ele>
    </trkpt>
    <trkpt lat="43.548125" lon="7.029399">
        <ele>0.0</ele>
    </trkpt>
    <trkpt lat="43.548082" lon="7.029431">
        <ele>0.0</ele>
    </trkpt>
    <trkpt lat="43.547626" lon="7.030198">
        <ele>0.0</ele>
    </trkpt>
    <trkpt lat="43.547449" lon="7.030643">
        <ele>0.0</ele>
    </trkpt>
    <trkpt lat="43.547063" lon="7.031266">
        <ele>0.0</ele>
    </trkpt>
    <trkpt lat="43.547042" lon="7.031405">
        <ele>0.0</ele>
    </trkpt>
    <trkpt lat="43.546929" lon="7.031448">
        <ele>0.0</ele>
    </trkpt>
    <trkpt lat="43.546838" lon="7.03163">
        <ele>0.0</ele>
    </trkpt>
    <trkpt lat="43.546789" lon="7.031652">
        <ele>0.0</ele>
    </trkpt>
    <trkpt lat="43.54672" lon="7.031759">
        <ele>0.0</ele>
    </trkpt>
    <trkpt lat="43.546795" lon="7.03184">
        <ele>0.0</ele>
    </trkpt>
    <trkpt lat="43.546714" lon="7.031748">
        <ele>0.0</ele>
    </trkpt>
    <trkpt lat="43.54673" lon="7.031807">
        <ele>0.0</ele>
    </trkpt>
    <trkpt lat="43.546934" lon="7.031598">
        <ele>0.0</ele>
    </trkpt>
    <trkpt lat="43.546977" lon="7.03162">
        <ele>0.0</ele>
    </trkpt>
    <trkpt lat="43.547036" lon="7.031566">
        <ele>0.0</ele>
    </trkpt>
    <trkpt lat="43.546983" lon="7.031577">
        <ele>0.0</ele>
    </trkpt>
    <trkpt lat="43.546891" lon="7.031518">
        <ele>0.0</ele>
    </trkpt>
    <trkpt lat="43.546864" lon="7.031571">
        <ele>0.0</ele>
    </trkpt>
    <trkpt lat="43.546913" lon="7.031571">
        <ele>0.0</ele>
    </trkpt>
    <trkpt lat="43.547079" lon="7.031437">
        <ele>0.0</ele>
    </trkpt>
    <trkpt lat="43.547417" lon="7.030928">
        <ele>0.0</ele>
    </trkpt>
    <trkpt lat="43.547471" lon="7.030885">
        <ele>0.0</ele>
    </trkpt>
    <trkpt lat="43.547594" lon="7.03067">
        <ele>0.0</ele>
    </trkpt>
    <trkpt lat="43.547642" lon="7.030515">
        <ele>0.0</ele>
    </trkpt>
    <trkpt lat="43.547959" lon="7.029989">
        <ele>0.0</ele>
    </trkpt>
    <trkpt lat="43.54798" lon="7.029833">
        <ele>0.0</ele>
    </trkpt>
    <trkpt lat="43.548152" lon="7.029581">
        <ele>0.0</ele>
    </trkpt>
    <trkpt lat="43.548286" lon="7.029308">
        <ele>0.0</ele>
    </trkpt>
    <trkpt lat="43.548361" lon="7.029227">
        <ele>0.0</ele>
    </trkpt>
    <trkpt lat="43.548415" lon="7.029088">
        <ele>0.0</ele>
    </trkpt>
    <trkpt lat="43.548517" lon="7.028964">
        <ele>0.0</ele>
    </trkpt>
    <trkpt lat="43.548603" lon="7.028691">
        <ele>0.0</ele>
    </trkpt>
    <trkpt lat="43.548554" lon="7.028514">
        <ele>0.0</ele>
    </trkpt>
    <trkpt lat="43.54856" lon="7.028422">
        <ele>0.0</ele>
    </trkpt>
    <trkpt lat="43.548919" lon="7.027596">
        <ele>0.0</ele>
    </trkpt>
    <trkpt lat="43.548989" lon="7.027232">
        <ele>0.0</ele>
    </trkpt>
    <trkpt lat="43.549059" lon="7.027087">
        <ele>0.0</ele>
    </trkpt>
    <trkpt lat="43.549112" lon="7.026824">
        <ele>0.0</ele>
    </trkpt>
    <trkpt lat="43.549295" lon="7.0264">
        <ele>0.0</ele>
    </trkpt>
    <trkpt lat="43.549359" lon="7.026411">
        <ele>0.0</ele>
    </trkpt>
    <trkpt lat="43.54959" lon="7.026293">
        <ele>0.0</ele>
    </trkpt>
    <trkpt lat="43.549702" lon="7.026094">
        <ele>0.0</ele>
    </trkpt>
    <trkpt lat="43.549761" lon="7.025837">
        <ele>0.0</ele>
    </trkpt>
    <trkpt lat="43.549847" lon="7.025692">
        <ele>0.0</ele>
    </trkpt>
    <trkpt lat="43.549847" lon="7.025542">
        <ele>0.0</ele>
    </trkpt>
    <trkpt lat="43.549928" lon="7.025343">
        <ele>0.0</ele>
    </trkpt>
    <trkpt lat="43.549954" lon="7.025016">
        <ele>0.0</ele>
    </trkpt>
    <trkpt lat="43.550078" lon="7.024732">
        <ele>0.0</ele>
    </trkpt>
    <trkpt lat="43.55018" lon="7.024587">
        <ele>0.0</ele>
    </trkpt>
    <trkpt lat="43.550196" lon="7.024345">
        <ele>0.0</ele>
    </trkpt>
    <trkpt lat="43.550228" lon="7.024281">
        <ele>0.0</ele>
    </trkpt>
    <trkpt lat="43.550212" lon="7.024201">
        <ele>0.0</ele>
    </trkpt>
    <trkpt lat="43.55026" lon="7.02404">
        <ele>0.0</ele>
    </trkpt>
    <trkpt lat="43.550228" lon="7.023949">
        <ele>0.0</ele>
    </trkpt>
    <trkpt lat="43.550271" lon="7.023691">
        <ele>0.0</ele>
    </trkpt>
    <trkpt lat="43.550464" lon="7.023042">
        <ele>0.0</ele>
    </trkpt>
    <trkpt lat="43.550507" lon="7.022988">
        <ele>0.0</ele>
    </trkpt>
    <trkpt lat="43.550566" lon="7.023004">
        <ele>0.0</ele>
    </trkpt>
    <trkpt lat="43.550673" lon="7.022972">
        <ele>0.0</ele>
    </trkpt>
    <trkpt lat="43.55085" lon="7.022972">
        <ele>0.0</ele>
    </trkpt>
    <trkpt lat="43.550899" lon="7.022988">
        <ele>0.0</ele>
    </trkpt>
    <trkpt lat="43.550968" lon="7.023079">
        <ele>0.0</ele>
    </trkpt>
    <trkpt lat="43.551194" lon="7.023106">
        <ele>0.0</ele>
    </trkpt>
    <trkpt lat="43.551263" lon="7.023096">
        <ele>0.0</ele>
    </trkpt>
    <trkpt lat="43.551338" lon="7.022983">
        <ele>0.0</ele>
    </trkpt>
    <trkpt lat="43.551387" lon="7.022956">
        <ele>0.0</ele>
    </trkpt>
    <trkpt lat="43.55151" lon="7.022978">
        <ele>0.0</ele>
    </trkpt>
    <trkpt lat="43.551628" lon="7.022961">
        <ele>0.0</ele>
    </trkpt>
    <trkpt lat="43.551896" lon="7.023053">
        <ele>0.0</ele>
    </trkpt>
    <trkpt lat="43.552095" lon="7.022988">
        <ele>0.0</ele>
    </trkpt>
    <trkpt lat="43.552224" lon="7.02302">
        <ele>0.0</ele>
    </trkpt>
    <trkpt lat="43.552272" lon="7.022994">
        <ele>0.0</ele>
    </trkpt>
    <trkpt lat="43.552325" lon="7.02302">
        <ele>0.0</ele>
    </trkpt>
    <trkpt lat="43.552368" lon="7.023004">
        <ele>0.0</ele>
    </trkpt>
    <trkpt lat="43.552454" lon="7.022838">
        <ele>0.0</ele>
    </trkpt>
    <trkpt lat="43.552454" lon="7.022586">
        <ele>0.0</ele>
    </trkpt>
    <trkpt lat="43.552588" lon="7.022296">
        <ele>0.0</ele>
    </trkpt>
    <trkpt lat="43.552545" lon="7.022178">
        <ele>0.0</ele>
    </trkpt>
    <trkpt lat="43.55246" lon="7.022066">
        <ele>0.0</ele>
    </trkpt>
    <trkpt lat="43.55246" lon="7.021948">
        <ele>0.0</ele>
    </trkpt>
    <trkpt lat="43.552674" lon="7.021615">
        <ele>0.0</ele>
    </trkpt>
    <trkpt lat="43.552631" lon="7.021336">
        <ele>0.0</ele>
    </trkpt>
    <trkpt lat="43.552401" lon="7.020982">
        <ele>0.0</ele>
    </trkpt>
    <trkpt lat="43.552384" lon="7.020875">
        <ele>0.0</ele>
    </trkpt>
    <trkpt lat="43.552411" lon="7.020789">
        <ele>0.0</ele>
    </trkpt>
    <trkpt lat="43.552674" lon="7.020531">
        <ele>0.0</ele>
    </trkpt>
    <trkpt lat="43.552851" lon="7.020526">
        <ele>0.0</ele>
    </trkpt>
    <trkpt lat="43.552953" lon="7.020483">
        <ele>0.0</ele>
    </trkpt>
    <trkpt lat="43.55305" lon="7.02058">
        <ele>0.0</ele>
    </trkpt>
    <trkpt lat="43.553055" lon="7.020918">
        <ele>0.0</ele>
    </trkpt>
    <trkpt lat="43.553109" lon="7.021234">
        <ele>0.0</ele>
    </trkpt>
    <trkpt lat="43.553146" lon="7.021191">
        <ele>0.0</ele>
    </trkpt>
    <trkpt lat="43.553109" lon="7.021073">
        <ele>0.0</ele>
    </trkpt>
    <trkpt lat="43.553109" lon="7.020923">
        <ele>0.0</ele>
    </trkpt>
    <trkpt lat="43.553184" lon="7.020526">
        <ele>0.0</ele>
    </trkpt>
    <trkpt lat="43.553216" lon="7.020467">
        <ele>0.0</ele>
    </trkpt>
    <trkpt lat="43.553372" lon="7.020526">
        <ele>0.0</ele>
    </trkpt>
    <trkpt lat="43.553302" lon="7.020628">
        <ele>0.0</ele>
    </trkpt>
    <trkpt lat="43.55306" lon="7.020505">
        <ele>0.0</ele>
    </trkpt>
    <trkpt lat="43.552991" lon="7.020537">
        <ele>0.0</ele>
    </trkpt>
    <trkpt lat="43.552899" lon="7.020499">
        <ele>0.0</ele>
    </trkpt>
    <trkpt lat="43.552717" lon="7.020531">
        <ele>0.0</ele>
    </trkpt>
    <trkpt lat="43.552545" lon="7.020505">
        <ele>0.0</ele>
    </trkpt>
    <trkpt lat="43.552513" lon="7.020569">
        <ele>0.0</ele>
    </trkpt>
    <trkpt lat="43.552508" lon="7.020714">
        <ele>0.0</ele>
    </trkpt>
    <trkpt lat="43.552572" lon="7.021191">
        <ele>0.0</ele>
    </trkpt>
    <trkpt lat="43.552529" lon="7.02132">
        <ele>0.0</ele>
    </trkpt>
    <trkpt lat="43.552535" lon="7.02139">
        <ele>0.0</ele>
    </trkpt>
    <trkpt lat="43.552438" lon="7.021604">
        <ele>0.0</ele>
    </trkpt>
    <trkpt lat="43.55246" lon="7.021674">
        <ele>0.0</ele>
    </trkpt>
    <trkpt lat="43.552395" lon="7.021722">
        <ele>0.0</ele>
    </trkpt>
    <trkpt lat="43.552277" lon="7.021717">
        <ele>0.0</ele>
    </trkpt>
    <trkpt lat="43.552181" lon="7.021658">
        <ele>0.0</ele>
    </trkpt>
    <trkpt lat="43.552116" lon="7.021706">
        <ele>0.0</ele>
    </trkpt>
    <trkpt lat="43.552009" lon="7.021712">
        <ele>0.0</ele>
    </trkpt>
    <trkpt lat="43.551644" lon="7.021642">
        <ele>0.0</ele>
    </trkpt>
    <trkpt lat="43.551585" lon="7.021615">
        <ele>0.0</ele>
    </trkpt>
    <trkpt lat="43.551435" lon="7.021433">
        <ele>0.0</ele>
    </trkpt>
    <trkpt lat="43.551274" lon="7.021336">
        <ele>0.0</ele>
    </trkpt>
    <trkpt lat="43.551065" lon="7.021272">
        <ele>0.0</ele>
    </trkpt>
    <trkpt lat="43.550941" lon="7.021299">
        <ele>0.0</ele>
    </trkpt>
    <trkpt lat="43.550802" lon="7.021218">
        <ele>0.0</ele>
    </trkpt>
    <trkpt lat="43.5507" lon="7.021202">
        <ele>0.0</ele>
    </trkpt>
    <trkpt lat="43.550657" lon="7.021223">
        <ele>0.0</ele>
    </trkpt>
    <trkpt lat="43.55063" lon="7.02117">
        <ele>0.0</ele>
    </trkpt>
    <trkpt lat="43.550587" lon="7.021239">
        <ele>0.0</ele>
    </trkpt>
    <trkpt lat="43.550561" lon="7.021497">
        <ele>0.0</ele>
    </trkpt>
    <trkpt lat="43.550512" lon="7.021524">
        <ele>0.0</ele>
    </trkpt>
    <trkpt lat="43.550475" lon="7.021615">
        <ele>0.0</ele>
    </trkpt>
    <trkpt lat="43.550357" lon="7.021653">
        <ele>0.0</ele>
    </trkpt>
    <trkpt lat="43.550314" lon="7.021695">
        <ele>0.0</ele>
    </trkpt>
    <trkpt lat="43.550373" lon="7.021846">
        <ele>0.0</ele>
    </trkpt>
    <trkpt lat="43.550367" lon="7.021985">
        <ele>0.0</ele>
    </trkpt>
    <trkpt lat="43.550228" lon="7.022495">
        <ele>0.0</ele>
    </trkpt>
    <trkpt lat="43.549944" lon="7.023997">
        <ele>0.0</ele>
    </trkpt>
    <trkpt lat="43.549938" lon="7.024142">
        <ele>0.0</ele>
    </trkpt>
    <trkpt lat="43.549708" lon="7.024984">
        <ele>0.0</ele>
    </trkpt>
    <trkpt lat="43.54959" lon="7.0253">
        <ele>0.0</ele>
    </trkpt>
    <trkpt lat="43.549547" lon="7.025569">
        <ele>0.0</ele>
    </trkpt>
    <trkpt lat="43.549413" lon="7.025864">
        <ele>0.0</ele>
    </trkpt>
    <trkpt lat="43.549289" lon="7.026314">
        <ele>0.0</ele>
    </trkpt>
    <trkpt lat="43.549101" lon="7.026754">
        <ele>0.0</ele>
    </trkpt>
    <trkpt lat="43.549016" lon="7.027108">
        <ele>0.0</ele>
    </trkpt>
    <trkpt lat="43.548731" lon="7.027934">
        <ele>0.0</ele>
    </trkpt>
    <trkpt lat="43.548544" lon="7.028374">
        <ele>0.0</ele>
    </trkpt>
    <trkpt lat="43.548372" lon="7.028707">
        <ele>0.0</ele>
    </trkpt>
    <trkpt lat="43.548324" lon="7.02875">
        <ele>0.0</ele>
    </trkpt>
    <trkpt lat="43.548238" lon="7.028991">
        <ele>0.0</ele>
    </trkpt>
    <trkpt lat="43.547959" lon="7.029517">
        <ele>0.0</ele>
    </trkpt>
    <trkpt lat="43.547846" lon="7.029833">
        <ele>0.0</ele>
    </trkpt>
    <trkpt lat="43.547723" lon="7.030032">
        <ele>0.0</ele>
    </trkpt>
    <trkpt lat="43.547508" lon="7.030525">
        <ele>0.0</ele>
    </trkpt>
    <trkpt lat="43.547444" lon="7.030568">
        <ele>0.0</ele>
    </trkpt>
    <trkpt lat="43.547417" lon="7.030659">
        <ele>0.0</ele>
    </trkpt>
    <trkpt lat="43.547369" lon="7.030702">
        <ele>0.0</ele>
    </trkpt>
    <trkpt lat="43.547353" lon="7.030794">
        <ele>0.0</ele>
    </trkpt>
    <trkpt lat="43.547052" lon="7.031368">
        <ele>0.0</ele>
    </trkpt>
    <trkpt lat="43.546913" lon="7.031502">
        <ele>0.0</ele>
    </trkpt>
    <trkpt lat="43.546918" lon="7.031571">
        <ele>0.0</ele>
    </trkpt>
    <trkpt lat="43.54687" lon="7.031566">
        <ele>0.0</ele>
    </trkpt>
    <trkpt lat="43.546741" lon="7.031652">
        <ele>0.0</ele>
    </trkpt>
  </trkseg>
</trk>
<trk>
  <name>2011/09/05 07:41:00</name>
  <extensions>
  </extensions>
  <trkseg>
    <trkpt lat="43.546763" lon="7.031722">
        <ele>0.0</ele>
    </trkpt>
    <trkpt lat="43.546859" lon="7.031764">
        <ele>0.0</ele>
    </trkpt>
    <trkpt lat="43.546886" lon="7.031636">
        <ele>0.0</ele>
    </trkpt>
    <trkpt lat="43.547015" lon="7.031545">
        <ele>0.0</ele>
    </trkpt>
    <trkpt lat="43.547063" lon="7.031566">
        <ele>0.0</ele>
    </trkpt>
    <trkpt lat="43.547079" lon="7.031502">
        <ele>0.0</ele>
    </trkpt>
    <trkpt lat="43.547127" lon="7.031507">
        <ele>0.0</ele>
    </trkpt>
    <trkpt lat="43.547176" lon="7.03141">
        <ele>0.0</ele>
    </trkpt>
    <trkpt lat="43.547245" lon="7.031405">
        <ele>0.0</ele>
    </trkpt>
    <trkpt lat="43.547658" lon="7.030928">
        <ele>0.0</ele>
    </trkpt>
    <trkpt lat="43.547712" lon="7.030853">
        <ele>0.0</ele>
    </trkpt>
    <trkpt lat="43.547717" lon="7.030783">
        <ele>0.0</ele>
    </trkpt>
    <trkpt lat="43.547825" lon="7.030686">
        <ele>0.0</ele>
    </trkpt>
    <trkpt lat="43.547953" lon="7.030622">
        <ele>0.0</ele>
    </trkpt>
    <trkpt lat="43.548007" lon="7.030359">
        <ele>0.0</ele>
    </trkpt>
    <trkpt lat="43.548039" lon="7.030289">
        <ele>0.0</ele>
    </trkpt>
    <trkpt lat="43.548088" lon="7.030289">
        <ele>0.0</ele>
    </trkpt>
    <trkpt lat="43.548055" lon="7.030225">
        <ele>0.0</ele>
    </trkpt>
    <trkpt lat="43.548066" lon="7.030123">
        <ele>0.0</ele>
    </trkpt>
    <trkpt lat="43.54812" lon="7.03001">
        <ele>0.0</ele>
    </trkpt>
    <trkpt lat="43.5482" lon="7.029994">
        <ele>0.0</ele>
    </trkpt>
    <trkpt lat="43.548216" lon="7.029919">
        <ele>0.0</ele>
    </trkpt>
    <trkpt lat="43.548136" lon="7.029828">
        <ele>0.0</ele>
    </trkpt>
    <trkpt lat="43.548206" lon="7.029721">
        <ele>0.0</ele>
    </trkpt>
    <trkpt lat="43.548308" lon="7.029683">
        <ele>0.0</ele>
    </trkpt>
    <trkpt lat="43.548367" lon="7.029297">
        <ele>0.0</ele>
    </trkpt>
    <trkpt lat="43.548522" lon="7.029141">
        <ele>0.0</ele>
    </trkpt>
    <trkpt lat="43.548699" lon="7.029066">
        <ele>0.0</ele>
    </trkpt>
    <trkpt lat="43.548688" lon="7.02898">
        <ele>0.0</ele>
    </trkpt>
    <trkpt lat="43.548758" lon="7.028943">
        <ele>0.0</ele>
    </trkpt>
    <trkpt lat="43.548801" lon="7.028777">
        <ele>0.0</ele>
    </trkpt>
    <trkpt lat="43.548774" lon="7.028632">
        <ele>0.0</ele>
    </trkpt>
    <trkpt lat="43.548817" lon="7.028481">
        <ele>0.0</ele>
    </trkpt>
    <trkpt lat="43.548882" lon="7.028444">
        <ele>0.0</ele>
    </trkpt>
    <trkpt lat="43.548908" lon="7.028385">
        <ele>0.0</ele>
    </trkpt>
    <trkpt lat="43.549016" lon="7.02831">
        <ele>0.0</ele>
    </trkpt>
    <trkpt lat="43.549101" lon="7.028203">
        <ele>0.0</ele>
    </trkpt>
    <trkpt lat="43.549112" lon="7.028052">
        <ele>0.0</ele>
    </trkpt>
    <trkpt lat="43.549171" lon="7.027945">
        <ele>0.0</ele>
    </trkpt>
    <trkpt lat="43.549112" lon="7.027714">
        <ele>0.0</ele>
    </trkpt>
    <trkpt lat="43.549118" lon="7.027586">
        <ele>0.0</ele>
    </trkpt>
    <trkpt lat="43.54916" lon="7.027473">
        <ele>0.0</ele>
    </trkpt>
    <trkpt lat="43.549289" lon="7.027296">
        <ele>0.0</ele>
    </trkpt>
    <trkpt lat="43.549278" lon="7.027151">
        <ele>0.0</ele>
    </trkpt>
    <trkpt lat="43.54945" lon="7.026818">
        <ele>0.0</ele>
    </trkpt>
    <trkpt lat="43.549439" lon="7.026738">
        <ele>0.0</ele>
    </trkpt>
    <trkpt lat="43.549488" lon="7.026663">
        <ele>0.0</ele>
    </trkpt>
    <trkpt lat="43.549434" lon="7.026405">
        <ele>0.0</ele>
    </trkpt>
    <trkpt lat="43.549445" lon="7.026314">
        <ele>0.0</ele>
    </trkpt>
    <trkpt lat="43.549595" lon="7.026067">
        <ele>0.0</ele>
    </trkpt>
    <trkpt lat="43.549633" lon="7.025928">
        <ele>0.0</ele>
    </trkpt>
    <trkpt lat="43.549643" lon="7.025681">
        <ele>0.0</ele>
    </trkpt>
    <trkpt lat="43.549729" lon="7.025574">
        <ele>0.0</ele>
    </trkpt>
    <trkpt lat="43.549836" lon="7.02529">
        <ele>0.0</ele>
    </trkpt>
    <trkpt lat="43.549922" lon="7.02486">
        <ele>0.0</ele>
    </trkpt>
    <trkpt lat="43.549917" lon="7.024726">
        <ele>0.0</ele>
    </trkpt>
    <trkpt lat="43.549987" lon="7.024523">
        <ele>0.0</ele>
    </trkpt>
    <trkpt lat="43.550003" lon="7.024378">
        <ele>0.0</ele>
    </trkpt>
    <trkpt lat="43.550046" lon="7.024324">
        <ele>0.0</ele>
    </trkpt>
    <trkpt lat="43.550035" lon="7.02419">
        <ele>0.0</ele>
    </trkpt>
    <trkpt lat="43.550089" lon="7.024034">
        <ele>0.0</ele>
    </trkpt>
    <trkpt lat="43.550169" lon="7.023911">
        <ele>0.0</ele>
    </trkpt>
    <trkpt lat="43.550212" lon="7.023712">
        <ele>0.0</ele>
    </trkpt>
    <trkpt lat="43.55026" lon="7.023643">
        <ele>0.0</ele>
    </trkpt>
    <trkpt lat="43.550207" lon="7.023423">
        <ele>0.0</ele>
    </trkpt>
    <trkpt lat="43.550266" lon="7.023289">
        <ele>0.0</ele>
    </trkpt>
    <trkpt lat="43.550298" lon="7.023058">
        <ele>0.0</ele>
    </trkpt>
    <trkpt lat="43.550432" lon="7.022774">
        <ele>0.0</ele>
    </trkpt>
    <trkpt lat="43.5504" lon="7.022602">
        <ele>0.0</ele>
    </trkpt>
    <trkpt lat="43.550453" lon="7.022532">
        <ele>0.0</ele>
    </trkpt>
    <trkpt lat="43.550469" lon="7.02243">
        <ele>0.0</ele>
    </trkpt>
    <trkpt lat="43.55048" lon="7.021969">
        <ele>0.0</ele>
    </trkpt>
    <trkpt lat="43.550555" lon="7.021744">
        <ele>0.0</ele>
    </trkpt>
    <trkpt lat="43.550641" lon="7.021653">
        <ele>0.0</ele>
    </trkpt>
    <trkpt lat="43.550797" lon="7.021175">
        <ele>0.0</ele>
    </trkpt>
    <trkpt lat="43.550662" lon="7.020569">
        <ele>0.0</ele>
    </trkpt>
    <trkpt lat="43.550695" lon="7.020231">
        <ele>0.0</ele>
    </trkpt>
    <trkpt lat="43.550786" lon="7.019957">
        <ele>0.0</ele>
    </trkpt>
    <trkpt lat="43.550791" lon="7.019636">
        <ele>0.0</ele>
    </trkpt>
    <trkpt lat="43.550834" lon="7.019603">
        <ele>0.0</ele>
    </trkpt>
    <trkpt lat="43.550791" lon="7.019571">
        <ele>0.0</ele>
    </trkpt>
    <trkpt lat="43.550754" lon="7.019609">
        <ele>0.0</ele>
    </trkpt>
    <trkpt lat="43.550797" lon="7.01963">
        <ele>0.0</ele>
    </trkpt>
    <trkpt lat="43.550866" lon="7.019593">
        <ele>0.0</ele>
    </trkpt>
    <trkpt lat="43.550829" lon="7.019636">
        <ele>0.0</ele>
    </trkpt>
    <trkpt lat="43.550781" lon="7.019636">
        <ele>0.0</ele>
    </trkpt>
    <trkpt lat="43.5507" lon="7.01955">
        <ele>0.0</ele>
    </trkpt>
    <trkpt lat="43.550727" lon="7.019491">
        <ele>0.0</ele>
    </trkpt>
    <trkpt lat="43.550754" lon="7.019013">
        <ele>0.0</ele>
    </trkpt>
    <trkpt lat="43.550866" lon="7.018842">
        <ele>0.0</ele>
    </trkpt>
    <trkpt lat="43.550818" lon="7.018804">
        <ele>0.0</ele>
    </trkpt>
    <trkpt lat="43.550834" lon="7.018745">
        <ele>0.0</ele>
    </trkpt>
    <trkpt lat="43.550888" lon="7.018724">
        <ele>0.0</ele>
    </trkpt>
    <trkpt lat="43.551" lon="7.018595">
        <ele>0.0</ele>
    </trkpt>
    <trkpt lat="43.551113" lon="7.018418">
        <ele>0.0</ele>
    </trkpt>
    <trkpt lat="43.551156" lon="7.018289">
        <ele>0.0</ele>
    </trkpt>
    <trkpt lat="43.551338" lon="7.017613">
        <ele>0.0</ele>
    </trkpt>
    <trkpt lat="43.551322" lon="7.017468">
        <ele>0.0</ele>
    </trkpt>
    <trkpt lat="43.551446" lon="7.016996">
        <ele>0.0</ele>
    </trkpt>
    <trkpt lat="43.55144" lon="7.016932">
        <ele>0.0</ele>
    </trkpt>
    <trkpt lat="43.551499" lon="7.016825">
        <ele>0.0</ele>
    </trkpt>
    <trkpt lat="43.551483" lon="7.016749">
        <ele>0.0</ele>
    </trkpt>
    <trkpt lat="43.551542" lon="7.016594">
        <ele>0.0</ele>
    </trkpt>
    <trkpt lat="43.551532" lon="7.016492">
        <ele>0.0</ele>
    </trkpt>
    <trkpt lat="43.551628" lon="7.016208">
        <ele>0.0</ele>
    </trkpt>
    <trkpt lat="43.551676" lon="7.015913">
        <ele>0.0</ele>
    </trkpt>
    <trkpt lat="43.551612" lon="7.015848">
        <ele>0.0</ele>
    </trkpt>
    <trkpt lat="43.551451" lon="7.015516">
        <ele>0.0</ele>
    </trkpt>
    <trkpt lat="43.551451" lon="7.015387">
        <ele>0.0</ele>
    </trkpt>
    <trkpt lat="43.551408" lon="7.015333">
        <ele>0.0</ele>
    </trkpt>
    <trkpt lat="43.551462" lon="7.015221">
        <ele>0.0</ele>
    </trkpt>
    <trkpt lat="43.551376" lon="7.015081">
        <ele>0.0</ele>
    </trkpt>
    <trkpt lat="43.551381" lon="7.014877">
        <ele>0.0</ele>
    </trkpt>
    <trkpt lat="43.551322" lon="7.014754">
        <ele>0.0</ele>
    </trkpt>
    <trkpt lat="43.551333" lon="7.014572">
        <ele>0.0</ele>
    </trkpt>
    <trkpt lat="43.551269" lon="7.014346">
        <ele>0.0</ele>
    </trkpt>
    <trkpt lat="43.551312" lon="7.014185">
        <ele>0.0</ele>
    </trkpt>
    <trkpt lat="43.551231" lon="7.013885">
        <ele>0.0</ele>
    </trkpt>
    <trkpt lat="43.551236" lon="7.013804">
        <ele>0.0</ele>
    </trkpt>
    <trkpt lat="43.551076" lon="7.013348">
        <ele>0.0</ele>
    </trkpt>
    <trkpt lat="43.551043" lon="7.013059">
        <ele>0.0</ele>
    </trkpt>
    <trkpt lat="43.550968" lon="7.012925">
        <ele>0.0</ele>
    </trkpt>
    <trkpt lat="43.550786" lon="7.012372">
        <ele>0.0</ele>
    </trkpt>
    <trkpt lat="43.550668" lon="7.012136">
        <ele>0.0</ele>
    </trkpt>
    <trkpt lat="43.55062" lon="7.012088">
        <ele>0.0</ele>
    </trkpt>
    <trkpt lat="43.550544" lon="7.012099">
        <ele>0.0</ele>
    </trkpt>
    <trkpt lat="43.550051" lon="7.011991">
        <ele>0.0</ele>
    </trkpt>
    <trkpt lat="43.549842" lon="7.012061">
        <ele>0.0</ele>
    </trkpt>
    <trkpt lat="43.549606" lon="7.012045">
        <ele>0.0</ele>
    </trkpt>
    <trkpt lat="43.549498" lon="7.012104">
        <ele>0.0</ele>
    </trkpt>
    <trkpt lat="43.549466" lon="7.012163">
        <ele>0.0</ele>
    </trkpt>
    <trkpt lat="43.549348" lon="7.012217">
        <ele>0.0</ele>
    </trkpt>
    <trkpt lat="43.549278" lon="7.012211">
        <ele>0.0</ele>
    </trkpt>
    <trkpt lat="43.549182" lon="7.01227">
        <ele>0.0</ele>
    </trkpt>
    <trkpt lat="43.549193" lon="7.012345">
        <ele>0.0</ele>
    </trkpt>
    <trkpt lat="43.549064" lon="7.012399">
        <ele>0.0</ele>
    </trkpt>
    <trkpt lat="43.548865" lon="7.01234">
        <ele>0.0</ele>
    </trkpt>
    <trkpt lat="43.54879" lon="7.012372">
        <ele>0.0</ele>
    </trkpt>
    <trkpt lat="43.548704" lon="7.012356">
        <ele>0.0</ele>
    </trkpt>
    <trkpt lat="43.548383" lon="7.012088">
        <ele>0.0</ele>
    </trkpt>
    <trkpt lat="43.548334" lon="7.011938">
        <ele>0.0</ele>
    </trkpt>
    <trkpt lat="43.548318" lon="7.01183">
        <ele>0.0</ele>
    </trkpt>
    <trkpt lat="43.548383" lon="7.011487">
        <ele>0.0</ele>
    </trkpt>
    <trkpt lat="43.548281" lon="7.010934">
        <ele>0.0</ele>
    </trkpt>
    <trkpt lat="43.548281" lon="7.010511">
        <ele>0.0</ele>
    </trkpt>
    <trkpt lat="43.548318" lon="7.010167">
        <ele>0.0</ele>
    </trkpt>
    <trkpt lat="43.548592" lon="7.009212">
        <ele>0.0</ele>
    </trkpt>
    <trkpt lat="43.548672" lon="7.009025">
        <ele>0.0</ele>
    </trkpt>
    <trkpt lat="43.548844" lon="7.008306">
        <ele>0.0</ele>
    </trkpt>
    <trkpt lat="43.548839" lon="7.008113">
        <ele>0.0</ele>
    </trkpt>
    <trkpt lat="43.548876" lon="7.008048">
        <ele>0.0</ele>
    </trkpt>
    <trkpt lat="43.548833" lon="7.007989">
        <ele>0.0</ele>
    </trkpt>
    <trkpt lat="43.548763" lon="7.007963">
        <ele>0.0</ele>
    </trkpt>
    <trkpt lat="43.548731" lon="7.007904">
        <ele>0.0</ele>
    </trkpt>
    <trkpt lat="43.548796" lon="7.007812">
        <ele>0.0</ele>
    </trkpt>
    <trkpt lat="43.548914" lon="7.007389">
        <ele>0.0</ele>
    </trkpt>
    <trkpt lat="43.548887" lon="7.007222">
        <ele>0.0</ele>
    </trkpt>
    <trkpt lat="43.548908" lon="7.006868">
        <ele>0.0</ele>
    </trkpt>
    <trkpt lat="43.548871" lon="7.006375">
        <ele>0.0</ele>
    </trkpt>
    <trkpt lat="43.548908" lon="7.006192">
        <ele>0.0</ele>
    </trkpt>
    <trkpt lat="43.548903" lon="7.006031">
        <ele>0.0</ele>
    </trkpt>
    <trkpt lat="43.548983" lon="7.005613">
        <ele>0.0</ele>
    </trkpt>
    <trkpt lat="43.549101" lon="7.00528">
        <ele>0.0</ele>
    </trkpt>
    <trkpt lat="43.54908" lon="7.004942">
        <ele>0.0</ele>
    </trkpt>
    <trkpt lat="43.549198" lon="7.004701">
        <ele>0.0</ele>
    </trkpt>
    <trkpt lat="43.549203" lon="7.004637">
        <ele>0.0</ele>
    </trkpt>
    <trkpt lat="43.549128" lon="7.004175">
        <ele>0.0</ele>
    </trkpt>
    <trkpt lat="43.549155" lon="7.003886">
        <ele>0.0</ele>
    </trkpt>
    <trkpt lat="43.549123" lon="7.003585">
        <ele>0.0</ele>
    </trkpt>
    <trkpt lat="43.549096" lon="7.003397">
        <ele>0.0</ele>
    </trkpt>
    <trkpt lat="43.549059" lon="7.003355">
        <ele>0.0</ele>
    </trkpt>
    <trkpt lat="43.54901" lon="7.00299">
        <ele>0.0</ele>
    </trkpt>
    <trkpt lat="43.548973" lon="7.002212">
        <ele>0.0</ele>
    </trkpt>
    <trkpt lat="43.549069" lon="7.000801">
        <ele>0.0</ele>
    </trkpt>
    <trkpt lat="43.549032" lon="7.00064">
        <ele>0.0</ele>
    </trkpt>
    <trkpt lat="43.549059" lon="7.000495">
        <ele>0.0</ele>
    </trkpt>
    <trkpt lat="43.549042" lon="7.000286">
        <ele>0.0</ele>
    </trkpt>
    <trkpt lat="43.549064" lon="6.999846">
        <ele>0.0</ele>
    </trkpt>
    <trkpt lat="43.549091" lon="6.999787">
        <ele>0.0</ele>
    </trkpt>
    <trkpt lat="43.549139" lon="6.998768">
        <ele>0.0</ele>
    </trkpt>
    <trkpt lat="43.549193" lon="6.998532">
        <ele>0.0</ele>
    </trkpt>
    <trkpt lat="43.549193" lon="6.998307">
        <ele>0.0</ele>
    </trkpt>
    <trkpt lat="43.549166" lon="6.998226">
        <ele>0.0</ele>
    </trkpt>
    <trkpt lat="43.549198" lon="6.997985">
        <ele>0.0</ele>
    </trkpt>
    <trkpt lat="43.549187" lon="6.997738">
        <ele>0.0</ele>
    </trkpt>
    <trkpt lat="43.549268" lon="6.996402">
        <ele>0.0</ele>
    </trkpt>
    <trkpt lat="43.549219" lon="6.995201">
        <ele>0.0</ele>
    </trkpt>
    <trkpt lat="43.54923" lon="6.994273">
        <ele>0.0</ele>
    </trkpt>
    <trkpt lat="43.549171" lon="6.993656">
        <ele>0.0</ele>
    </trkpt>
    <trkpt lat="43.549144" lon="6.992771">
        <ele>0.0</ele>
    </trkpt>
    <trkpt lat="43.549101" lon="6.992459">
        <ele>0.0</ele>
    </trkpt>
    <trkpt lat="43.54908" lon="6.990936">
        <ele>0.0</ele>
    </trkpt>
    <trkpt lat="43.549" lon="6.990501">
        <ele>0.0</ele>
    </trkpt>
    <trkpt lat="43.548951" lon="6.989793">
        <ele>0.0</ele>
    </trkpt>
    <trkpt lat="43.548903" lon="6.989552">
        <ele>0.0</ele>
    </trkpt>
    <trkpt lat="43.548844" lon="6.988586">
        <ele>0.0</ele>
    </trkpt>
    <trkpt lat="43.548758" lon="6.988034">
        <ele>0.0</ele>
    </trkpt>
    <trkpt lat="43.548731" lon="6.987626">
        <ele>0.0</ele>
    </trkpt>
    <trkpt lat="43.548683" lon="6.987288">
        <ele>0.0</ele>
    </trkpt>
    <trkpt lat="43.548318" lon="6.985598">
        <ele>0.0</ele>
    </trkpt>
    <trkpt lat="43.548152" lon="6.984413">
        <ele>0.0</ele>
    </trkpt>
    <trkpt lat="43.547852" lon="6.982916">
        <ele>0.0</ele>
    </trkpt>
    <trkpt lat="43.547717" lon="6.981993">
        <ele>0.0</ele>
    </trkpt>
    <trkpt lat="43.547642" lon="6.981065">
        <ele>0.0</ele>
    </trkpt>
    <trkpt lat="43.547492" lon="6.979837">
        <ele>0.0</ele>
    </trkpt>
    <trkpt lat="43.547315" lon="6.978764">
        <ele>0.0</ele>
    </trkpt>
    <trkpt lat="43.547294" lon="6.978576">
        <ele>0.0</ele>
    </trkpt>
    <trkpt lat="43.54731" lon="6.97833">
        <ele>0.0</ele>
    </trkpt>
    <trkpt lat="43.54709" lon="6.97738">
        <ele>0.0</ele>
    </trkpt>
    <trkpt lat="43.54702" lon="6.976945">
        <ele>0.0</ele>
    </trkpt>
    <trkpt lat="43.546875" lon="6.976452">
        <ele>0.0</ele>
    </trkpt>
    <trkpt lat="43.546741" lon="6.975722">
        <ele>0.0</ele>
    </trkpt>
    <trkpt lat="43.546065" lon="6.973212">
        <ele>0.0</ele>
    </trkpt>
    <trkpt lat="43.54592" lon="6.972568">
        <ele>0.0</ele>
    </trkpt>
    <trkpt lat="43.545641" lon="6.971715">
        <ele>0.0</ele>
    </trkpt>
    <trkpt lat="43.545336" lon="6.970589">
        <ele>0.0</ele>
    </trkpt>
    <trkpt lat="43.545341" lon="6.970422">
        <ele>0.0</ele>
    </trkpt>
    <trkpt lat="43.545035" lon="6.969457">
        <ele>0.0</ele>
    </trkpt>
    <trkpt lat="43.544971" lon="6.969167">
        <ele>0.0</ele>
    </trkpt>
    <trkpt lat="43.544579" lon="6.968459">
        <ele>0.0</ele>
    </trkpt>
    <trkpt lat="43.544408" lon="6.967885">
        <ele>0.0</ele>
    </trkpt>
    <trkpt lat="43.544193" lon="6.967322">
        <ele>0.0</ele>
    </trkpt>
    <trkpt lat="43.543732" lon="6.965739">
        <ele>0.0</ele>
    </trkpt>
    <trkpt lat="43.543592" lon="6.965401">
        <ele>0.0</ele>
    </trkpt>
    <trkpt lat="43.543453" lon="6.964945">
        <ele>0.0</ele>
    </trkpt>
    <trkpt lat="43.54334" lon="6.964704">
        <ele>0.0</ele>
    </trkpt>
    <trkpt lat="43.543265" lon="6.964446">
        <ele>0.0</ele>
    </trkpt>
    <trkpt lat="43.542986" lon="6.963899">
        <ele>0.0</ele>
    </trkpt>
    <trkpt lat="43.542315" lon="6.962392">
        <ele>0.0</ele>
    </trkpt>
    <trkpt lat="43.541929" lon="6.961609">
        <ele>0.0</ele>
    </trkpt>
    <trkpt lat="43.54172" lon="6.960949">
        <ele>0.0</ele>
    </trkpt>
    <trkpt lat="43.541677" lon="6.960901">
        <ele>0.0</ele>
    </trkpt>
    <trkpt lat="43.541522" lon="6.960842">
        <ele>0.0</ele>
    </trkpt>
    <trkpt lat="43.541055" lon="6.959999">
        <ele>0.0</ele>
    </trkpt>
    <trkpt lat="43.540915" lon="6.959817">
        <ele>0.0</ele>
    </trkpt>
    <trkpt lat="43.540475" lon="6.959066">
        <ele>0.0</ele>
    </trkpt>
    <trkpt lat="43.538635" lon="6.956212">
        <ele>0.0</ele>
    </trkpt>
    <trkpt lat="43.53826" lon="6.955531">
        <ele>0.0</ele>
    </trkpt>
    <trkpt lat="43.538147" lon="6.955359">
        <ele>0.0</ele>
    </trkpt>
    <trkpt lat="43.538013" lon="6.95522">
        <ele>0.0</ele>
    </trkpt>
    <trkpt lat="43.537804" lon="6.95486">
        <ele>0.0</ele>
    </trkpt>
    <trkpt lat="43.537606" lon="6.954619">
        <ele>0.0</ele>
    </trkpt>
    <trkpt lat="43.537262" lon="6.954292">
        <ele>0.0</ele>
    </trkpt>
    <trkpt lat="43.536854" lon="6.95376">
        <ele>0.0</ele>
    </trkpt>
    <trkpt lat="43.536479" lon="6.953412">
        <ele>0.0</ele>
    </trkpt>
    <trkpt lat="43.536098" lon="6.952993">
        <ele>0.0</ele>
    </trkpt>
    <trkpt lat="43.535068" lon="6.951754">
        <ele>0.0</ele>
    </trkpt>
    <trkpt lat="43.534972" lon="6.951577">
        <ele>0.0</ele>
    </trkpt>
    <trkpt lat="43.534977" lon="6.951727">
        <ele>0.0</ele>
    </trkpt>
    <trkpt lat="43.534934" lon="6.951754">
        <ele>0.0</ele>
    </trkpt>
    <trkpt lat="43.534784" lon="6.951588">
        <ele>0.0</ele>
    </trkpt>
    <trkpt lat="43.53473" lon="6.95147">
        <ele>0.0</ele>
    </trkpt>
    <trkpt lat="43.534682" lon="6.951454">
        <ele>0.0</ele>
    </trkpt>
    <trkpt lat="43.534644" lon="6.951491">
        <ele>0.0</ele>
    </trkpt>
    <trkpt lat="43.534489" lon="6.951475">
        <ele>0.0</ele>
    </trkpt>
    <trkpt lat="43.534473" lon="6.951416">
        <ele>0.0</ele>
    </trkpt>
    <trkpt lat="43.534601" lon="6.951524">
        <ele>0.0</ele>
    </trkpt>
    <trkpt lat="43.534752" lon="6.951507">
        <ele>0.0</ele>
    </trkpt>
    <trkpt lat="43.534703" lon="6.951465">
        <ele>0.0</ele>
    </trkpt>
    <trkpt lat="43.53466" lon="6.951518">
        <ele>0.0</ele>
    </trkpt>
    <trkpt lat="43.534612" lon="6.951524">
        <ele>0.0</ele>
    </trkpt>
    <trkpt lat="43.534473" lon="6.951486">
        <ele>0.0</ele>
    </trkpt>
    <trkpt lat="43.534564" lon="6.95155">
        <ele>0.0</ele>
    </trkpt>
    <trkpt lat="43.534666" lon="6.95154">
        <ele>0.0</ele>
    </trkpt>
    <trkpt lat="43.534628" lon="6.951416">
        <ele>0.0</ele>
    </trkpt>
    <trkpt lat="43.534215" lon="6.950992">
        <ele>0.0</ele>
    </trkpt>
    <trkpt lat="43.534103" lon="6.950773">
        <ele>0.0</ele>
    </trkpt>
    <trkpt lat="43.53392" lon="6.950654">
        <ele>0.0</ele>
    </trkpt>
    <trkpt lat="43.533904" lon="6.950515">
        <ele>0.0</ele>
    </trkpt>
    <trkpt lat="43.533786" lon="6.950418">
        <ele>0.0</ele>
    </trkpt>
    <trkpt lat="43.53355" lon="6.950139">
        <ele>0.0</ele>
    </trkpt>
    <trkpt lat="43.533448" lon="6.95007">
        <ele>0.0</ele>
    </trkpt>
    <trkpt lat="43.533335" lon="6.949903">
        <ele>0.0</ele>
    </trkpt>
    <trkpt lat="43.532981" lon="6.949582">
        <ele>0.0</ele>
    </trkpt>
    <trkpt lat="43.532815" lon="6.949378">
        <ele>0.0</ele>
    </trkpt>
    <trkpt lat="43.532606" lon="6.94919">
        <ele>0.0</ele>
    </trkpt>
    <trkpt lat="43.532407" lon="6.949056">
        <ele>0.0</ele>
    </trkpt>
    <trkpt lat="43.532155" lon="6.94875">
        <ele>0.0</ele>
    </trkpt>
    <trkpt lat="43.531957" lon="6.94846">
        <ele>0.0</ele>
    </trkpt>
    <trkpt lat="43.531892" lon="6.948316">
        <ele>0.0</ele>
    </trkpt>
    <trkpt lat="43.531592" lon="6.947929">
        <ele>0.0</ele>
    </trkpt>
    <trkpt lat="43.531447" lon="6.947844">
        <ele>0.0</ele>
    </trkpt>
    <trkpt lat="43.531023" lon="6.947693">
        <ele>0.0</ele>
    </trkpt>
    <trkpt lat="43.530224" lon="6.947329">
        <ele>0.0</ele>
    </trkpt>
    <trkpt lat="43.529607" lon="6.947119">
        <ele>0.0</ele>
    </trkpt>
    <trkpt lat="43.529189" lon="6.946878">
        <ele>0.0</ele>
    </trkpt>
    <trkpt lat="43.528985" lon="6.946722">
        <ele>0.0</ele>
    </trkpt>
    <trkpt lat="43.528373" lon="6.946427">
        <ele>0.0</ele>
    </trkpt>
    <trkpt lat="43.527783" lon="6.94602">
        <ele>0.0</ele>
    </trkpt>
    <trkpt lat="43.52773" lon="6.946014">
        <ele>0.0</ele>
    </trkpt>
    <trkpt lat="43.527376" lon="6.945682">
        <ele>0.0</ele>
    </trkpt>
    <trkpt lat="43.527333" lon="6.945612">
        <ele>0.0</ele>
    </trkpt>
    <trkpt lat="43.527161" lon="6.945505">
        <ele>0.0</ele>
    </trkpt>
    <trkpt lat="43.52648" lon="6.944915">
        <ele>0.0</ele>
    </trkpt>
    <trkpt lat="43.526174" lon="6.9447">
        <ele>0.0</ele>
    </trkpt>
    <trkpt lat="43.525686" lon="6.944169">
        <ele>0.0</ele>
    </trkpt>
    <trkpt lat="43.525439" lon="6.944024">
        <ele>0.0</ele>
    </trkpt>
    <trkpt lat="43.525326" lon="6.94382">
        <ele>0.0</ele>
    </trkpt>
    <trkpt lat="43.525133" lon="6.943772">
        <ele>0.0</ele>
    </trkpt>
    <trkpt lat="43.52508" lon="6.943724">
        <ele>0.0</ele>
    </trkpt>
    <trkpt lat="43.524608" lon="6.943053">
        <ele>0.0</ele>
    </trkpt>
    <trkpt lat="43.524489" lon="6.94294">
        <ele>0.0</ele>
    </trkpt>
    <trkpt lat="43.524404" lon="6.942753">
        <ele>0.0</ele>
    </trkpt>
    <trkpt lat="43.524146" lon="6.942366">
        <ele>0.0</ele>
    </trkpt>
    <trkpt lat="43.524028" lon="6.942028">
        <ele>0.0</ele>
    </trkpt>
    <trkpt lat="43.523787" lon="6.941766">
        <ele>0.0</ele>
    </trkpt>
    <trkpt lat="43.523561" lon="6.941417">
        <ele>0.0</ele>
    </trkpt>
    <trkpt lat="43.523218" lon="6.941342">
        <ele>0.0</ele>
    </trkpt>
    <trkpt lat="43.523079" lon="6.941229">
        <ele>0.0</ele>
    </trkpt>
    <trkpt lat="43.52303" lon="6.9411">
        <ele>0.0</ele>
    </trkpt>
    <trkpt lat="43.523057" lon="6.940891">
        <ele>0.0</ele>
    </trkpt>
    <trkpt lat="43.523004" lon="6.940752">
        <ele>0.0</ele>
    </trkpt>
    <trkpt lat="43.522676" lon="6.94051">
        <ele>0.0</ele>
    </trkpt>
    <trkpt lat="43.522553" lon="6.940532">
        <ele>0.0</ele>
    </trkpt>
    <trkpt lat="43.522306" lon="6.94028">
        <ele>0.0</ele>
    </trkpt>
    <trkpt lat="43.522011" lon="6.940129">
        <ele>0.0</ele>
    </trkpt>
    <trkpt lat="43.521775" lon="6.939915">
        <ele>0.0</ele>
    </trkpt>
    <trkpt lat="43.521754" lon="6.93977">
        <ele>0.0</ele>
    </trkpt>
    <trkpt lat="43.521711" lon="6.939722">
        <ele>0.0</ele>
    </trkpt>
    <trkpt lat="43.521668" lon="6.939572">
        <ele>0.0</ele>
    </trkpt>
    <trkpt lat="43.52162" lon="6.939539">
        <ele>0.0</ele>
    </trkpt>
    <trkpt lat="43.521491" lon="6.939588">
        <ele>0.0</ele>
    </trkpt>
    <trkpt lat="43.521367" lon="6.9397">
        <ele>0.0</ele>
    </trkpt>
    <trkpt lat="43.521405" lon="6.939802">
        <ele>0.0</ele>
    </trkpt>
    <trkpt lat="43.521314" lon="6.939979">
        <ele>0.0</ele>
    </trkpt>
    <trkpt lat="43.520772" lon="6.940344">
        <ele>0.0</ele>
    </trkpt>
    <trkpt lat="43.520498" lon="6.940403">
        <ele>0.0</ele>
    </trkpt>
    <trkpt lat="43.519881" lon="6.940172">
        <ele>0.0</ele>
    </trkpt>
    <trkpt lat="43.519474" lon="6.939952">
        <ele>0.0</ele>
    </trkpt>
    <trkpt lat="43.519366" lon="6.939936">
        <ele>0.0</ele>
    </trkpt>
    <trkpt lat="43.519206" lon="6.939711">
        <ele>0.0</ele>
    </trkpt>
    <trkpt lat="43.519147" lon="6.939706">
        <ele>0.0</ele>
    </trkpt>
    <trkpt lat="43.518916" lon="6.939464">
        <ele>0.0</ele>
    </trkpt>
    <trkpt lat="43.518782" lon="6.939437">
        <ele>0.0</ele>
    </trkpt>
    <trkpt lat="43.518637" lon="6.939293">
        <ele>0.0</ele>
    </trkpt>
    <trkpt lat="43.51854" lon="6.939089">
        <ele>0.0</ele>
    </trkpt>
    <trkpt lat="43.518218" lon="6.93866">
        <ele>0.0</ele>
    </trkpt>
    <trkpt lat="43.518009" lon="6.938166">
        <ele>0.0</ele>
    </trkpt>
    <trkpt lat="43.517945" lon="6.937673">
        <ele>0.0</ele>
    </trkpt>
    <trkpt lat="43.517961" lon="6.937394">
        <ele>0.0</ele>
    </trkpt>
    <trkpt lat="43.517891" lon="6.937319">
        <ele>0.0</ele>
    </trkpt>
    <trkpt lat="43.517811" lon="6.93697">
        <ele>0.0</ele>
    </trkpt>
    <trkpt lat="43.517822" lon="6.936814">
        <ele>0.0</ele>
    </trkpt>
    <trkpt lat="43.517897" lon="6.936562">
        <ele>0.0</ele>
    </trkpt>
    <trkpt lat="43.517966" lon="6.935881">
        <ele>0.0</ele>
    </trkpt>
    <trkpt lat="43.518031" lon="6.93565">
        <ele>0.0</ele>
    </trkpt>
    <trkpt lat="43.517977" lon="6.935505">
        <ele>0.0</ele>
    </trkpt>
    <trkpt lat="43.517736" lon="6.935285">
        <ele>0.0</ele>
    </trkpt>
    <trkpt lat="43.517484" lon="6.935275">
        <ele>0.0</ele>
    </trkpt>
    <trkpt lat="43.517226" lon="6.93542">
        <ele>0.0</ele>
    </trkpt>
    <trkpt lat="43.517113" lon="6.935682">
        <ele>0.0</ele>
    </trkpt>
    <trkpt lat="43.517012" lon="6.935833">
        <ele>0.0</ele>
    </trkpt>
    <trkpt lat="43.516588" lon="6.936219">
        <ele>0.0</ele>
    </trkpt>
    <trkpt lat="43.516582" lon="6.936294">
        <ele>0.0</ele>
    </trkpt>
    <trkpt lat="43.516529" lon="6.936358">
        <ele>0.0</ele>
    </trkpt>
    <trkpt lat="43.516523" lon="6.93645">
        <ele>0.0</ele>
    </trkpt>
    <trkpt lat="43.516341" lon="6.936932">
        <ele>0.0</ele>
    </trkpt>
    <trkpt lat="43.51626" lon="6.937061">
        <ele>0.0</ele>
    </trkpt>
    <trkpt lat="43.516191" lon="6.937115">
        <ele>0.0</ele>
    </trkpt>
    <trkpt lat="43.516137" lon="6.937329">
        <ele>0.0</ele>
    </trkpt>
    <trkpt lat="43.516169" lon="6.937388">
        <ele>0.0</ele>
    </trkpt>
    <trkpt lat="43.516148" lon="6.937517">
        <ele>0.0</ele>
    </trkpt>
    <trkpt lat="43.516067" lon="6.937614">
        <ele>0.0</ele>
    </trkpt>
    <trkpt lat="43.515992" lon="6.937624">
        <ele>0.0</ele>
    </trkpt>
    <trkpt lat="43.515901" lon="6.937683">
        <ele>0.0</ele>
    </trkpt>
    <trkpt lat="43.515778" lon="6.937651">
        <ele>0.0</ele>
    </trkpt>
    <trkpt lat="43.515563" lon="6.937522">
        <ele>0.0</ele>
    </trkpt>
    <trkpt lat="43.515397" lon="6.937469">
        <ele>0.0</ele>
    </trkpt>
    <trkpt lat="43.51515" lon="6.937227">
        <ele>0.0</ele>
    </trkpt>
    <trkpt lat="43.51507" lon="6.937066">
        <ele>0.0</ele>
    </trkpt>
    <trkpt lat="43.514935" lon="6.93697">
        <ele>0.0</ele>
    </trkpt>
    <trkpt lat="43.514694" lon="6.936889">
        <ele>0.0</ele>
    </trkpt>
    <trkpt lat="43.51426" lon="6.93682">
        <ele>0.0</ele>
    </trkpt>
    <trkpt lat="43.513777" lon="6.936814">
        <ele>0.0</ele>
    </trkpt>
    <trkpt lat="43.513337" lon="6.936932">
        <ele>0.0</ele>
    </trkpt>
    <trkpt lat="43.513058" lon="6.936948">
        <ele>0.0</ele>
    </trkpt>
    <trkpt lat="43.512586" lon="6.936863">
        <ele>0.0</ele>
    </trkpt>
    <trkpt lat="43.512371" lon="6.936873">
        <ele>0.0</ele>
    </trkpt>
    <trkpt lat="43.512146" lon="6.937034">
        <ele>0.0</ele>
    </trkpt>
    <trkpt lat="43.51198" lon="6.937206">
        <ele>0.0</ele>
    </trkpt>
    <trkpt lat="43.51184" lon="6.93726">
        <ele>0.0</ele>
    </trkpt>
    <trkpt lat="43.511502" lon="6.937281">
        <ele>0.0</ele>
    </trkpt>
    <trkpt lat="43.511223" lon="6.937211">
        <ele>0.0</ele>
    </trkpt>
    <trkpt lat="43.511175" lon="6.937163">
        <ele>0.0</ele>
    </trkpt>
    <trkpt lat="43.510982" lon="6.937083">
        <ele>0.0</ele>
    </trkpt>
    <trkpt lat="43.510687" lon="6.936809">
        <ele>0.0</ele>
    </trkpt>
    <trkpt lat="43.510547" lon="6.936798">
        <ele>0.0</ele>
    </trkpt>
    <trkpt lat="43.510386" lon="6.936836">
        <ele>0.0</ele>
    </trkpt>
    <trkpt lat="43.510236" lon="6.936916">
        <ele>0.0</ele>
    </trkpt>
    <trkpt lat="43.510075" lon="6.936948">
        <ele>0.0</ele>
    </trkpt>
    <trkpt lat="43.509871" lon="6.937045">
        <ele>0.0</ele>
    </trkpt>
    <trkpt lat="43.509791" lon="6.937131">
        <ele>0.0</ele>
    </trkpt>
    <trkpt lat="43.509678" lon="6.937131">
        <ele>0.0</ele>
    </trkpt>
    <trkpt lat="43.509512" lon="6.937195">
        <ele>0.0</ele>
    </trkpt>
    <trkpt lat="43.509201" lon="6.937201">
        <ele>0.0</ele>
    </trkpt>
    <trkpt lat="43.509083" lon="6.937238">
        <ele>0.0</ele>
    </trkpt>
    <trkpt lat="43.508777" lon="6.937437">
        <ele>0.0</ele>
    </trkpt>
    <trkpt lat="43.508734" lon="6.937528">
        <ele>0.0</ele>
    </trkpt>
    <trkpt lat="43.508267" lon="6.93778">
        <ele>0.0</ele>
    </trkpt>
    <trkpt lat="43.508203" lon="6.937844">
        <ele>0.0</ele>
    </trkpt>
    <trkpt lat="43.508139" lon="6.937984">
        <ele>0.0</ele>
    </trkpt>
    <trkpt lat="43.508058" lon="6.93823">
        <ele>0.0</ele>
    </trkpt>
    <trkpt lat="43.50809" lon="6.93852">
        <ele>0.0</ele>
    </trkpt>
    <trkpt lat="43.507972" lon="6.93874">
        <ele>0.0</ele>
    </trkpt>
    <trkpt lat="43.507972" lon="6.938815">
        <ele>0.0</ele>
    </trkpt>
    <trkpt lat="43.507817" lon="6.939234">
        <ele>0.0</ele>
    </trkpt>
    <trkpt lat="43.507812" lon="6.9394">
        <ele>0.0</ele>
    </trkpt>
    <trkpt lat="43.507758" lon="6.939491">
        <ele>0.0</ele>
    </trkpt>
    <trkpt lat="43.50772" lon="6.939829">
        <ele>0.0</ele>
    </trkpt>
    <trkpt lat="43.507651" lon="6.940049">
        <ele>0.0</ele>
    </trkpt>
    <trkpt lat="43.507672" lon="6.940124">
        <ele>0.0</ele>
    </trkpt>
    <trkpt lat="43.507618" lon="6.94029">
        <ele>0.0</ele>
    </trkpt>
    <trkpt lat="43.507651" lon="6.940451">
        <ele>0.0</ele>
    </trkpt>
    <trkpt lat="43.50764" lon="6.940602">
        <ele>0.0</ele>
    </trkpt>
    <trkpt lat="43.507474" lon="6.94146">
        <ele>0.0</ele>
    </trkpt>
    <trkpt lat="43.507372" lon="6.941615">
        <ele>0.0</ele>
    </trkpt>
    <trkpt lat="43.507307" lon="6.941637">
        <ele>0.0</ele>
    </trkpt>
    <trkpt lat="43.507291" lon="6.941701">
        <ele>0.0</ele>
    </trkpt>
    <trkpt lat="43.507012" lon="6.941943">
        <ele>0.0</ele>
    </trkpt>
    <trkpt lat="43.506819" lon="6.941959">
        <ele>0.0</ele>
    </trkpt>
    <trkpt lat="43.506744" lon="6.941937">
        <ele>0.0</ele>
    </trkpt>
    <trkpt lat="43.506706" lon="6.941889">
        <ele>0.0</ele>
    </trkpt>
    <trkpt lat="43.506647" lon="6.94175">
        <ele>0.0</ele>
    </trkpt>
    <trkpt lat="43.50668" lon="6.941685">
        <ele>0.0</ele>
    </trkpt>
    <trkpt lat="43.506637" lon="6.94154">
        <ele>0.0</ele>
    </trkpt>
    <trkpt lat="43.506326" lon="6.940864">
        <ele>0.0</ele>
    </trkpt>
    <trkpt lat="43.506106" lon="6.940526">
        <ele>0.0</ele>
    </trkpt>
    <trkpt lat="43.505945" lon="6.940366">
        <ele>0.0</ele>
    </trkpt>
    <trkpt lat="43.505676" lon="6.940205">
        <ele>0.0</ele>
    </trkpt>
    <trkpt lat="43.505178" lon="6.939781">
        <ele>0.0</ele>
    </trkpt>
    <trkpt lat="43.505043" lon="6.939593">
        <ele>0.0</ele>
    </trkpt>
    <trkpt lat="43.504925" lon="6.939357">
        <ele>0.0</ele>
    </trkpt>
    <trkpt lat="43.504866" lon="6.939319">
        <ele>0.0</ele>
    </trkpt>
    <trkpt lat="43.504545" lon="6.938912">
        <ele>0.0</ele>
    </trkpt>
    <trkpt lat="43.504464" lon="6.938547">
        <ele>0.0</ele>
    </trkpt>
    <trkpt lat="43.504421" lon="6.938483">
        <ele>0.0</ele>
    </trkpt>
    <trkpt lat="43.504341" lon="6.938424">
        <ele>0.0</ele>
    </trkpt>
    <trkpt lat="43.504244" lon="6.938408">
        <ele>0.0</ele>
    </trkpt>
    <trkpt lat="43.504148" lon="6.938429">
        <ele>0.0</ele>
    </trkpt>
    <trkpt lat="43.504115" lon="6.938472">
        <ele>0.0</ele>
    </trkpt>
    <trkpt lat="43.504105" lon="6.938536">
        <ele>0.0</ele>
    </trkpt>
    <trkpt lat="43.50403" lon="6.938627">
        <ele>0.0</ele>
    </trkpt>
    <trkpt lat="43.504062" lon="6.938686">
        <ele>0.0</ele>
    </trkpt>
    <trkpt lat="43.504105" lon="6.938724">
        <ele>0.0</ele>
    </trkpt>
    <trkpt lat="43.504196" lon="6.93874">
        <ele>0.0</ele>
    </trkpt>
    <trkpt lat="43.504287" lon="6.938837">
        <ele>0.0</ele>
    </trkpt>
    <trkpt lat="43.504346" lon="6.938971">
        <ele>0.0</ele>
    </trkpt>
    <trkpt lat="43.504427" lon="6.939067">
        <ele>0.0</ele>
    </trkpt>
    <trkpt lat="43.504545" lon="6.939346">
        <ele>0.0</ele>
    </trkpt>
    <trkpt lat="43.504716" lon="6.939513">
        <ele>0.0</ele>
    </trkpt>
    <trkpt lat="43.504732" lon="6.939663">
        <ele>0.0</ele>
    </trkpt>
    <trkpt lat="43.504963" lon="6.939883">
        <ele>0.0</ele>
    </trkpt>
    <trkpt lat="43.505108" lon="6.940076">
        <ele>0.0</ele>
    </trkpt>
    <trkpt lat="43.505124" lon="6.940178">
        <ele>0.0</ele>
    </trkpt>
    <trkpt lat="43.505178" lon="6.940183">
        <ele>0.0</ele>
    </trkpt>
    <trkpt lat="43.505274" lon="6.94029">
        <ele>0.0</ele>
    </trkpt>
    <trkpt lat="43.505253" lon="6.940366">
        <ele>0.0</ele>
    </trkpt>
    <trkpt lat="43.505274" lon="6.94043">
        <ele>0.0</ele>
    </trkpt>
    <trkpt lat="43.50536" lon="6.940494">
        <ele>0.0</ele>
    </trkpt>
    <trkpt lat="43.505532" lon="6.94072">
        <ele>0.0</ele>
    </trkpt>
    <trkpt lat="43.505607" lon="6.940725">
        <ele>0.0</ele>
    </trkpt>
    <trkpt lat="43.505757" lon="6.940934">
        <ele>0.0</ele>
    </trkpt>
    <trkpt lat="43.505746" lon="6.941009">
        <ele>0.0</ele>
    </trkpt>
    <trkpt lat="43.505827" lon="6.941074">
        <ele>0.0</ele>
    </trkpt>
    <trkpt lat="43.505784" lon="6.941347">
        <ele>0.0</ele>
    </trkpt>
    <trkpt lat="43.50565" lon="6.941476">
        <ele>0.0</ele>
    </trkpt>
    <trkpt lat="43.505655" lon="6.941615">
        <ele>0.0</ele>
    </trkpt>
    <trkpt lat="43.505612" lon="6.941814">
        <ele>0.0</ele>
    </trkpt>
    <trkpt lat="43.505762" lon="6.941975">
        <ele>0.0</ele>
    </trkpt>
    <trkpt lat="43.505902" lon="6.942071">
        <ele>0.0</ele>
    </trkpt>
    <trkpt lat="43.506175" lon="6.942522">
        <ele>0.0</ele>
    </trkpt>
    <trkpt lat="43.506352" lon="6.942737">
        <ele>0.0</ele>
    </trkpt>
    <trkpt lat="43.506733" lon="6.942962">
        <ele>0.0</ele>
    </trkpt>
    <trkpt lat="43.506218" lon="6.943246">
        <ele>0.0</ele>
    </trkpt>
    <trkpt lat="43.506031" lon="6.943697">
        <ele>0.0</ele>
    </trkpt>
    <trkpt lat="43.506009" lon="6.943922">
        <ele>0.0</ele>
    </trkpt>
    <trkpt lat="43.505913" lon="6.944185">
        <ele>0.0</ele>
    </trkpt>
    <trkpt lat="43.505784" lon="6.944362">
        <ele>0.0</ele>
    </trkpt>
    <trkpt lat="43.505709" lon="6.944528">
        <ele>0.0</ele>
    </trkpt>
    <trkpt lat="43.505698" lon="6.944963">
        <ele>0.0</ele>
    </trkpt>
    <trkpt lat="43.505542" lon="6.945387">
        <ele>0.0</ele>
    </trkpt>
    <trkpt lat="43.505451" lon="6.945494">
        <ele>0.0</ele>
    </trkpt>
    <trkpt lat="43.505403" lon="6.945639">
        <ele>0.0</ele>
    </trkpt>
    <trkpt lat="43.505247" lon="6.94581">
        <ele>0.0</ele>
    </trkpt>
    <trkpt lat="43.505167" lon="6.945859">
        <ele>0.0</ele>
    </trkpt>
    <trkpt lat="43.505113" lon="6.945987">
        <ele>0.0</ele>
    </trkpt>
    <trkpt lat="43.505113" lon="6.946063">
        <ele>0.0</ele>
    </trkpt>
    <trkpt lat="43.505274" lon="6.946186">
        <ele>0.0</ele>
    </trkpt>
    <trkpt lat="43.50528" lon="6.94632">
        <ele>0.0</ele>
    </trkpt>
    <trkpt lat="43.505242" lon="6.946358">
        <ele>0.0</ele>
    </trkpt>
    <trkpt lat="43.505231" lon="6.946433">
        <ele>0.0</ele>
    </trkpt>
    <trkpt lat="43.505274" lon="6.94662">
        <ele>0.0</ele>
    </trkpt>
    <trkpt lat="43.505204" lon="6.946755">
        <ele>0.0</ele>
    </trkpt>
    <trkpt lat="43.505221" lon="6.946824">
        <ele>0.0</ele>
    </trkpt>
    <trkpt lat="43.505194" lon="6.946996">
        <ele>0.0</ele>
    </trkpt>
    <trkpt lat="43.505253" lon="6.947039">
        <ele>0.0</ele>
    </trkpt>
    <trkpt lat="43.505242" lon="6.947109">
        <ele>0.0</ele>
    </trkpt>
    <trkpt lat="43.505301" lon="6.947141">
        <ele>0.0</ele>
    </trkpt>
    <trkpt lat="43.505242" lon="6.947184">
        <ele>0.0</ele>
    </trkpt>
    <trkpt lat="43.505237" lon="6.94727">
        <ele>0.0</ele>
    </trkpt>
  </trkseg>
</trk>
<trk>
  <name>2011/09/05 07:41:00</name>
  <extensions>
  </extensions>
  <trkseg>
    <trkpt lat="43.505237" lon="6.94727">
        <ele>0.0</ele>
    </trkpt>
    <trkpt lat="43.505392" lon="6.947736">
        <ele>0.0</ele>
    </trkpt>
    <trkpt lat="43.505365" lon="6.947822">
        <ele>0.0</ele>
    </trkpt>
    <trkpt lat="43.505162" lon="6.94808">
        <ele>0.0</ele>
    </trkpt>
    <trkpt lat="43.505108" lon="6.948192">
        <ele>0.0</ele>
    </trkpt>
    <trkpt lat="43.504824" lon="6.94846">
        <ele>0.0</ele>
    </trkpt>
    <trkpt lat="43.504539" lon="6.948616">
        <ele>0.0</ele>
    </trkpt>
    <trkpt lat="43.50448" lon="6.949099">
        <ele>0.0</ele>
    </trkpt>
    <trkpt lat="43.504545" lon="6.949201">
        <ele>0.0</ele>
    </trkpt>
    <trkpt lat="43.504706" lon="6.949313">
        <ele>0.0</ele>
    </trkpt>
    <trkpt lat="43.504888" lon="6.949667">
        <ele>0.0</ele>
    </trkpt>
    <trkpt lat="43.504936" lon="6.950177">
        <ele>0.0</ele>
    </trkpt>
    <trkpt lat="43.504899" lon="6.950327">
        <ele>0.0</ele>
    </trkpt>
    <trkpt lat="43.504904" lon="6.95081">
        <ele>0.0</ele>
    </trkpt>
    <trkpt lat="43.505006" lon="6.951577">
        <ele>0.0</ele>
    </trkpt>
    <trkpt lat="43.50484" lon="6.951658">
        <ele>0.0</ele>
    </trkpt>
    <trkpt lat="43.504609" lon="6.952017">
        <ele>0.0</ele>
    </trkpt>
    <trkpt lat="43.504695" lon="6.952044">
        <ele>0.0</ele>
    </trkpt>
    <trkpt lat="43.504732" lon="6.952098">
        <ele>0.0</ele>
    </trkpt>
    <trkpt lat="43.504818" lon="6.952135">
        <ele>0.0</ele>
    </trkpt>
    <trkpt lat="43.50484" lon="6.952275">
        <ele>0.0</ele>
    </trkpt>
    <trkpt lat="43.504765" lon="6.952484">
        <ele>0.0</ele>
    </trkpt>
    <trkpt lat="43.504561" lon="6.952768">
        <ele>0.0</ele>
    </trkpt>
    <trkpt lat="43.504518" lon="6.952902">
        <ele>0.0</ele>
    </trkpt>
    <trkpt lat="43.50455" lon="6.953042">
        <ele>0.0</ele>
    </trkpt>
    <trkpt lat="43.504523" lon="6.953133">
        <ele>0.0</ele>
    </trkpt>
    <trkpt lat="43.504357" lon="6.953283">
        <ele>0.0</ele>
    </trkpt>
  </trkseg>
</trk>
<trk>
  <name>2011/09/05 07:41:00</name>
  <extensions>
  </extensions>
  <trkseg>
    <trkpt lat="43.504287" lon="6.953342">
        <ele>0.0</ele>
    </trkpt>
    <trkpt lat="43.504228" lon="6.953369">
        <ele>0.0</ele>
    </trkpt>
    <trkpt lat="43.504244" lon="6.953433">
        <ele>0.0</ele>
    </trkpt>
    <trkpt lat="43.503987" lon="6.953508">
        <ele>0.0</ele>
    </trkpt>
    <trkpt lat="43.503895" lon="6.953455">
        <ele>0.0</ele>
    </trkpt>
    <trkpt lat="43.503777" lon="6.953492">
        <ele>0.0</ele>
    </trkpt>
    <trkpt lat="43.50374" lon="6.953455">
        <ele>0.0</ele>
    </trkpt>
    <trkpt lat="43.503697" lon="6.953487">
        <ele>0.0</ele>
    </trkpt>
    <trkpt lat="43.503654" lon="6.953428">
        <ele>0.0</ele>
    </trkpt>
    <trkpt lat="43.503617" lon="6.953465">
        <ele>0.0</ele>
    </trkpt>
    <trkpt lat="43.503354" lon="6.953423">
        <ele>0.0</ele>
    </trkpt>
    <trkpt lat="43.503289" lon="6.953385">
        <ele>0.0</ele>
    </trkpt>
    <trkpt lat="43.503198" lon="6.953267">
        <ele>0.0</ele>
    </trkpt>
    <trkpt lat="43.502935" lon="6.953181">
        <ele>0.0</ele>
    </trkpt>
    <trkpt lat="43.502737" lon="6.953036">
        <ele>0.0</ele>
    </trkpt>
    <trkpt lat="43.502603" lon="6.952897">
        <ele>0.0</ele>
    </trkpt>
    <trkpt lat="43.502538" lon="6.952875">
        <ele>0.0</ele>
    </trkpt>
    <trkpt lat="43.501959" lon="6.953219">
        <ele>0.0</ele>
    </trkpt>
    <trkpt lat="43.501803" lon="6.953229">
        <ele>0.0</ele>
    </trkpt>
    <trkpt lat="43.501514" lon="6.953095">
        <ele>0.0</ele>
    </trkpt>
    <trkpt lat="43.501342" lon="6.952983">
        <ele>0.0</ele>
    </trkpt>
    <trkpt lat="43.501315" lon="6.952908">
        <ele>0.0</ele>
    </trkpt>
    <trkpt lat="43.501272" lon="6.952875">
        <ele>0.0</ele>
    </trkpt>
    <trkpt lat="43.501149" lon="6.952838">
        <ele>0.0</ele>
    </trkpt>
    <trkpt lat="43.50095" lon="6.952693">
        <ele>0.0</ele>
    </trkpt>
    <trkpt lat="43.500827" lon="6.952698">
        <ele>0.0</ele>
    </trkpt>
    <trkpt lat="43.500403" lon="6.952339">
        <ele>0.0</ele>
    </trkpt>
    <trkpt lat="43.500296" lon="6.952167">
        <ele>0.0</ele>
    </trkpt>
    <trkpt lat="43.500076" lon="6.951937">
        <ele>0.0</ele>
    </trkpt>
    <trkpt lat="43.499953" lon="6.951572">
        <ele>0.0</ele>
    </trkpt>
    <trkpt lat="43.499792" lon="6.951336">
        <ele>0.0</ele>
    </trkpt>
    <trkpt lat="43.499711" lon="6.951266">
        <ele>0.0</ele>
    </trkpt>
    <trkpt lat="43.499636" lon="6.951298">
        <ele>0.0</ele>
    </trkpt>
    <trkpt lat="43.499293" lon="6.951175">
        <ele>0.0</ele>
    </trkpt>
    <trkpt lat="43.499127" lon="6.951057">
        <ele>0.0</ele>
    </trkpt>
    <trkpt lat="43.499025" lon="6.950939">
        <ele>0.0</ele>
    </trkpt>
    <trkpt lat="43.498735" lon="6.950397">
        <ele>0.0</ele>
    </trkpt>
    <trkpt lat="43.498746" lon="6.94985">
        <ele>0.0</ele>
    </trkpt>
    <trkpt lat="43.498697" lon="6.949603">
        <ele>0.0</ele>
    </trkpt>
    <trkpt lat="43.498649" lon="6.949506">
        <ele>0.0</ele>
    </trkpt>
    <trkpt lat="43.49837" lon="6.949222">
        <ele>0.0</ele>
    </trkpt>
    <trkpt lat="43.498021" lon="6.949002">
        <ele>0.0</ele>
    </trkpt>
    <trkpt lat="43.497839" lon="6.948761">
        <ele>0.0</ele>
    </trkpt>
    <trkpt lat="43.497265" lon="6.947785">
        <ele>0.0</ele>
    </trkpt>
    <trkpt lat="43.497051" lon="6.94727">
        <ele>0.0</ele>
    </trkpt>
    <trkpt lat="43.496621" lon="6.946449">
        <ele>0.0</ele>
    </trkpt>
    <trkpt lat="43.496557" lon="6.946368">
        <ele>0.0</ele>
    </trkpt>
    <trkpt lat="43.496412" lon="6.946304">
        <ele>0.0</ele>
    </trkpt>
    <trkpt lat="43.496294" lon="6.946331">
        <ele>0.0</ele>
    </trkpt>
    <trkpt lat="43.496144" lon="6.946288">
        <ele>0.0</ele>
    </trkpt>
    <trkpt lat="43.495978" lon="6.946105">
        <ele>0.0</ele>
    </trkpt>
    <trkpt lat="43.495919" lon="6.945837">
        <ele>0.0</ele>
    </trkpt>
    <trkpt lat="43.495945" lon="6.945247">
        <ele>0.0</ele>
    </trkpt>
    <trkpt lat="43.495935" lon="6.945167">
        <ele>0.0</ele>
    </trkpt>
    <trkpt lat="43.49587" lon="6.945081">
        <ele>0.0</ele>
    </trkpt>
    <trkpt lat="43.495725" lon="6.944979">
        <ele>0.0</ele>
    </trkpt>
    <trkpt lat="43.495554" lon="6.944947">
        <ele>0.0</ele>
    </trkpt>
    <trkpt lat="43.495157" lon="6.945033">
        <ele>0.0</ele>
    </trkpt>
    <trkpt lat="43.495044" lon="6.945">
        <ele>0.0</ele>
    </trkpt>
    <trkpt lat="43.494873" lon="6.944909">
        <ele>0.0</ele>
    </trkpt>
    <trkpt lat="43.494422" lon="6.944394">
        <ele>0.0</ele>
    </trkpt>
    <trkpt lat="43.494229" lon="6.944373">
        <ele>0.0</ele>
    </trkpt>
    <trkpt lat="43.493875" lon="6.944582">
        <ele>0.0</ele>
    </trkpt>
    <trkpt lat="43.493569" lon="6.944861">
        <ele>0.0</ele>
    </trkpt>
    <trkpt lat="43.493413" lon="6.944952">
        <ele>0.0</ele>
    </trkpt>
    <trkpt lat="43.492979" lon="6.945086">
        <ele>0.0</ele>
    </trkpt>
    <trkpt lat="43.492695" lon="6.945016">
        <ele>0.0</ele>
    </trkpt>
    <trkpt lat="43.492512" lon="6.944915">
        <ele>0.0</ele>
    </trkpt>
    <trkpt lat="43.492389" lon="6.944657">
        <ele>0.0</ele>
    </trkpt>
    <trkpt lat="43.492131" lon="6.943922">
        <ele>0.0</ele>
    </trkpt>
    <trkpt lat="43.492099" lon="6.943761">
        <ele>0.0</ele>
    </trkpt>
    <trkpt lat="43.49211" lon="6.943606">
        <ele>0.0</ele>
    </trkpt>
    <trkpt lat="43.492024" lon="6.943418">
        <ele>0.0</ele>
    </trkpt>
    <trkpt lat="43.491445" lon="6.94278">
        <ele>0.0</ele>
    </trkpt>
    <trkpt lat="43.491268" lon="6.942731">
        <ele>0.0</ele>
    </trkpt>
    <trkpt lat="43.491139" lon="6.942742">
        <ele>0.0</ele>
    </trkpt>
    <trkpt lat="43.490924" lon="6.942704">
        <ele>0.0</ele>
    </trkpt>
    <trkpt lat="43.490849" lon="6.942662">
        <ele>0.0</ele>
    </trkpt>
    <trkpt lat="43.490586" lon="6.942393">
        <ele>0.0</ele>
    </trkpt>
    <trkpt lat="43.490452" lon="6.942383">
        <ele>0.0</ele>
    </trkpt>
    <trkpt lat="43.490259" lon="6.942474">
        <ele>0.0</ele>
    </trkpt>
    <trkpt lat="43.490098" lon="6.942957">
        <ele>0.0</ele>
    </trkpt>
    <trkpt lat="43.489953" lon="6.943193">
        <ele>0.0</ele>
    </trkpt>
    <trkpt lat="43.48983" lon="6.943284">
        <ele>0.0</ele>
    </trkpt>
    <trkpt lat="43.489449" lon="6.94367">
        <ele>0.0</ele>
    </trkpt>
    <trkpt lat="43.489143" lon="6.944029">
        <ele>0.0</ele>
    </trkpt>
    <trkpt lat="43.488838" lon="6.94418">
        <ele>0.0</ele>
    </trkpt>
    <trkpt lat="43.488709" lon="6.94419">
        <ele>0.0</ele>
    </trkpt>
    <trkpt lat="43.488553" lon="6.944244">
        <ele>0.0</ele>
    </trkpt>
    <trkpt lat="43.488446" lon="6.944244">
        <ele>0.0</ele>
    </trkpt>
    <trkpt lat="43.488108" lon="6.944105">
        <ele>0.0</ele>
    </trkpt>
    <trkpt lat="43.487829" lon="6.944105">
        <ele>0.0</ele>
    </trkpt>
    <trkpt lat="43.48769" lon="6.94418">
        <ele>0.0</ele>
    </trkpt>
    <trkpt lat="43.487598" lon="6.944276">
        <ele>0.0</ele>
    </trkpt>
    <trkpt lat="43.487491" lon="6.944437">
        <ele>0.0</ele>
    </trkpt>
    <trkpt lat="43.487475" lon="6.944555">
        <ele>0.0</ele>
    </trkpt>
    <trkpt lat="43.487529" lon="6.945531">
        <ele>0.0</ele>
    </trkpt>
    <trkpt lat="43.487395" lon="6.946374">
        <ele>0.0</ele>
    </trkpt>
    <trkpt lat="43.487405" lon="6.94647">
        <ele>0.0</ele>
    </trkpt>
    <trkpt lat="43.487239" lon="6.946814">
        <ele>0.0</ele>
    </trkpt>
    <trkpt lat="43.487051" lon="6.947001">
        <ele>0.0</ele>
    </trkpt>
    <trkpt lat="43.48688" lon="6.947125">
        <ele>0.0</ele>
    </trkpt>
    <trkpt lat="43.486617" lon="6.947125">
        <ele>0.0</ele>
    </trkpt>
    <trkpt lat="43.486375" lon="6.947028">
        <ele>0.0</ele>
    </trkpt>
    <trkpt lat="43.486316" lon="6.947039">
        <ele>0.0</ele>
    </trkpt>
    <trkpt lat="43.486166" lon="6.946663">
        <ele>0.0</ele>
    </trkpt>
    <trkpt lat="43.486027" lon="6.946186">
        <ele>0.0</ele>
    </trkpt>
    <trkpt lat="43.486011" lon="6.945483">
        <ele>0.0</ele>
    </trkpt>
    <trkpt lat="43.486155" lon="6.944882">
        <ele>0.0</ele>
    </trkpt>
    <trkpt lat="43.48623" lon="6.944716">
        <ele>0.0</ele>
    </trkpt>
    <trkpt lat="43.486348" lon="6.944528">
        <ele>0.0</ele>
    </trkpt>
    <trkpt lat="43.486686" lon="6.94418">
        <ele>0.0</ele>
    </trkpt>
    <trkpt lat="43.486692" lon="6.944046">
        <ele>0.0</ele>
    </trkpt>
    <trkpt lat="43.486778" lon="6.943745">
        <ele>0.0</ele>
    </trkpt>
    <trkpt lat="43.486853" lon="6.943305">
        <ele>0.0</ele>
    </trkpt>
    <trkpt lat="43.486745" lon="6.942726">
        <ele>0.0</ele>
    </trkpt>
    <trkpt lat="43.486772" lon="6.942345">
        <ele>0.0</ele>
    </trkpt>
    <trkpt lat="43.486713" lon="6.942163">
        <ele>0.0</ele>
    </trkpt>
    <trkpt lat="43.486713" lon="6.941943">
        <ele>0.0</ele>
    </trkpt>
    <trkpt lat="43.486686" lon="6.941857">
        <ele>0.0</ele>
    </trkpt>
    <trkpt lat="43.486686" lon="6.94131">
        <ele>0.0</ele>
    </trkpt>
    <trkpt lat="43.486762" lon="6.940768">
        <ele>0.0</ele>
    </trkpt>
    <trkpt lat="43.486665" lon="6.94043">
        <ele>0.0</ele>
    </trkpt>
    <trkpt lat="43.486644" lon="6.940199">
        <ele>0.0</ele>
    </trkpt>
    <trkpt lat="43.486547" lon="6.939931">
        <ele>0.0</ele>
    </trkpt>
    <trkpt lat="43.486526" lon="6.939218">
        <ele>0.0</ele>
    </trkpt>
    <trkpt lat="43.486601" lon="6.938853">
        <ele>0.0</ele>
    </trkpt>
    <trkpt lat="43.486745" lon="6.938627">
        <ele>0.0</ele>
    </trkpt>
    <trkpt lat="43.487207" lon="6.938064">
        <ele>0.0</ele>
    </trkpt>
    <trkpt lat="43.487287" lon="6.937914">
        <ele>0.0</ele>
    </trkpt>
    <trkpt lat="43.487561" lon="6.937651">
        <ele>0.0</ele>
    </trkpt>
    <trkpt lat="43.487663" lon="6.937517">
        <ele>0.0</ele>
    </trkpt>
    <trkpt lat="43.4877" lon="6.937281">
        <ele>0.0</ele>
    </trkpt>
    <trkpt lat="43.487652" lon="6.937131">
        <ele>0.0</ele>
    </trkpt>
    <trkpt lat="43.487636" lon="6.936905">
        <ele>0.0</ele>
    </trkpt>
    <trkpt lat="43.487545" lon="6.936712">
        <ele>0.0</ele>
    </trkpt>
    <trkpt lat="43.48733" lon="6.936519">
        <ele>0.0</ele>
    </trkpt>
    <trkpt lat="43.487185" lon="6.936455">
        <ele>0.0</ele>
    </trkpt>
    <trkpt lat="43.48681" lon="6.936589">
        <ele>0.0</ele>
    </trkpt>
    <trkpt lat="43.486166" lon="6.936911">
        <ele>0.0</ele>
    </trkpt>
    <trkpt lat="43.485807" lon="6.936868">
        <ele>0.0</ele>
    </trkpt>
    <trkpt lat="43.485517" lon="6.936761">
        <ele>0.0</ele>
    </trkpt>
    <trkpt lat="43.485313" lon="6.936728">
        <ele>0.0</ele>
    </trkpt>
    <trkpt lat="43.485131" lon="6.936519">
        <ele>0.0</ele>
    </trkpt>
    <trkpt lat="43.485082" lon="6.936267">
        <ele>0.0</ele>
    </trkpt>
    <trkpt lat="43.485125" lon="6.935817">
        <ele>0.0</ele>
    </trkpt>
    <trkpt lat="43.485479" lon="6.934829">
        <ele>0.0</ele>
    </trkpt>
    <trkpt lat="43.485555" lon="6.934288">
        <ele>0.0</ele>
    </trkpt>
    <trkpt lat="43.485522" lon="6.934052">
        <ele>0.0</ele>
    </trkpt>
    <trkpt lat="43.485447" lon="6.933977">
        <ele>0.0</ele>
    </trkpt>
    <trkpt lat="43.485131" lon="6.933478">
        <ele>0.0</ele>
    </trkpt>
    <trkpt lat="43.484922" lon="6.93307">
        <ele>0.0</ele>
    </trkpt>
    <trkpt lat="43.484905" lon="6.932973">
        <ele>0.0</ele>
    </trkpt>
    <trkpt lat="43.484927" lon="6.932909">
        <ele>0.0</ele>
    </trkpt>
    <trkpt lat="43.484852" lon="6.932356">
        <ele>0.0</ele>
    </trkpt>
    <trkpt lat="43.484755" lon="6.93211">
        <ele>0.0</ele>
    </trkpt>
    <trkpt lat="43.484664" lon="6.931723">
        <ele>0.0</ele>
    </trkpt>
    <trkpt lat="43.484567" lon="6.93152">
        <ele>0.0</ele>
    </trkpt>
    <trkpt lat="43.484433" lon="6.93094">
        <ele>0.0</ele>
    </trkpt>
    <trkpt lat="43.484315" lon="6.930683">
        <ele>0.0</ele>
    </trkpt>
    <trkpt lat="43.484203" lon="6.9302">
        <ele>0.0</ele>
    </trkpt>
    <trkpt lat="43.484176" lon="6.93013">
        <ele>0.0</ele>
    </trkpt>
    <trkpt lat="43.483945" lon="6.929932">
        <ele>0.0</ele>
    </trkpt>
    <trkpt lat="43.483495" lon="6.929723">
        <ele>0.0</ele>
    </trkpt>
    <trkpt lat="43.483183" lon="6.929685">
        <ele>0.0</ele>
    </trkpt>
    <trkpt lat="43.482964" lon="6.929953">
        <ele>0.0</ele>
    </trkpt>
    <trkpt lat="43.482915" lon="6.930093">
        <ele>0.0</ele>
    </trkpt>
    <trkpt lat="43.482974" lon="6.930082">
        <ele>0.0</ele>
    </trkpt>
    <trkpt lat="43.48298" lon="6.930146">
        <ele>0.0</ele>
    </trkpt>
    <trkpt lat="43.482899" lon="6.93035">
        <ele>0.0</ele>
    </trkpt>
    <trkpt lat="43.48276" lon="6.930527">
        <ele>0.0</ele>
    </trkpt>
    <trkpt lat="43.482609" lon="6.930602">
        <ele>0.0</ele>
    </trkpt>
    <trkpt lat="43.482272" lon="6.930651">
        <ele>0.0</ele>
    </trkpt>
    <trkpt lat="43.482255" lon="6.93071">
        <ele>0.0</ele>
    </trkpt>
    <trkpt lat="43.482196" lon="6.930715">
        <ele>0.0</ele>
    </trkpt>
    <trkpt lat="43.482089" lon="6.930661">
        <ele>0.0</ele>
    </trkpt>
    <trkpt lat="43.481826" lon="6.93028">
        <ele>0.0</ele>
    </trkpt>
    <trkpt lat="43.481692" lon="6.930195">
        <ele>0.0</ele>
    </trkpt>
    <trkpt lat="43.48158" lon="6.930184">
        <ele>0.0</ele>
    </trkpt>
    <trkpt lat="43.481419" lon="6.930216">
        <ele>0.0</ele>
    </trkpt>
    <trkpt lat="43.480973" lon="6.930119">
        <ele>0.0</ele>
    </trkpt>
    <trkpt lat="43.480791" lon="6.930018">
        <ele>0.0</ele>
    </trkpt>
    <trkpt lat="43.480582" lon="6.930018">
        <ele>0.0</ele>
    </trkpt>
    <trkpt lat="43.480324" lon="6.929953">
        <ele>0.0</ele>
    </trkpt>
    <trkpt lat="43.480271" lon="6.930066">
        <ele>0.0</ele>
    </trkpt>
    <trkpt lat="43.480228" lon="6.930023">
        <ele>0.0</ele>
    </trkpt>
    <trkpt lat="43.480228" lon="6.930087">
        <ele>0.0</ele>
    </trkpt>
    <trkpt lat="43.480206" lon="6.930023">
        <ele>0.0</ele>
    </trkpt>
    <trkpt lat="43.480158" lon="6.930055">
        <ele>0.0</ele>
    </trkpt>
    <trkpt lat="43.479847" lon="6.930071">
        <ele>0.0</ele>
    </trkpt>
    <trkpt lat="43.479638" lon="6.930007">
        <ele>0.0</ele>
    </trkpt>
    <trkpt lat="43.479294" lon="6.92983">
        <ele>0.0</ele>
    </trkpt>
    <trkpt lat="43.479026" lon="6.929878">
        <ele>0.0</ele>
    </trkpt>
    <trkpt lat="43.478972" lon="6.929851">
        <ele>0.0</ele>
    </trkpt>
    <trkpt lat="43.478747" lon="6.929878">
        <ele>0.0</ele>
    </trkpt>
    <trkpt lat="43.478752" lon="6.929942">
        <ele>0.0</ele>
    </trkpt>
    <trkpt lat="43.478699" lon="6.929964">
        <ele>0.0</ele>
    </trkpt>
    <trkpt lat="43.478613" lon="6.929905">
        <ele>0.0</ele>
    </trkpt>
    <trkpt lat="43.478865" lon="6.929921">
        <ele>0.0</ele>
    </trkpt>
    <trkpt lat="43.478699" lon="6.929873">
        <ele>0.0</ele>
    </trkpt>
    <trkpt lat="43.478795" lon="6.92991">
        <ele>0.0</ele>
    </trkpt>
    <trkpt lat="43.478683" lon="6.930361">
        <ele>0.0</ele>
    </trkpt>
    <trkpt lat="43.478586" lon="6.930452">
        <ele>0.0</ele>
    </trkpt>
    <trkpt lat="43.478431" lon="6.930522">
        <ele>0.0</ele>
    </trkpt>
    <trkpt lat="43.478382" lon="6.930586">
        <ele>0.0</ele>
    </trkpt>
    <trkpt lat="43.47827" lon="6.930624">
        <ele>0.0</ele>
    </trkpt>
    <trkpt lat="43.478136" lon="6.93072">
        <ele>0.0</ele>
    </trkpt>
    <trkpt lat="43.478028" lon="6.930903">
        <ele>0.0</ele>
    </trkpt>
    <trkpt lat="43.478071" lon="6.931005">
        <ele>0.0</ele>
    </trkpt>
    <trkpt lat="43.478082" lon="6.931251">
        <ele>0.0</ele>
    </trkpt>
    <trkpt lat="43.47805" lon="6.931552">
        <ele>0.0</ele>
    </trkpt>
    <trkpt lat="43.477991" lon="6.931664">
        <ele>0.0</ele>
    </trkpt>
    <trkpt lat="43.477814" lon="6.931713">
        <ele>0.0</ele>
    </trkpt>
    <trkpt lat="43.477583" lon="6.931509">
        <ele>0.0</ele>
    </trkpt>
    <trkpt lat="43.477621" lon="6.931391">
        <ele>0.0</ele>
    </trkpt>
    <trkpt lat="43.47761" lon="6.931133">
        <ele>0.0</ele>
    </trkpt>
    <trkpt lat="43.477562" lon="6.930881">
        <ele>0.0</ele>
    </trkpt>
    <trkpt lat="43.477283" lon="6.9305">
        <ele>0.0</ele>
    </trkpt>
    <trkpt lat="43.47732" lon="6.930398">
        <ele>0.0</ele>
    </trkpt>
    <trkpt lat="43.477213" lon="6.929401">
        <ele>0.0</ele>
    </trkpt>
    <trkpt lat="43.477122" lon="6.929111">
        <ele>0.0</ele>
    </trkpt>
    <trkpt lat="43.477047" lon="6.928982">
        <ele>0.0</ele>
    </trkpt>
    <trkpt lat="43.476945" lon="6.92888">
        <ele>0.0</ele>
    </trkpt>
    <trkpt lat="43.476752" lon="6.928773">
        <ele>0.0</ele>
    </trkpt>
    <trkpt lat="43.476607" lon="6.928752">
        <ele>0.0</ele>
    </trkpt>
    <trkpt lat="43.476473" lon="6.928768">
        <ele>0.0</ele>
    </trkpt>
    <trkpt lat="43.476161" lon="6.928875">
        <ele>0.0</ele>
    </trkpt>
    <trkpt lat="43.475518" lon="6.929234">
        <ele>0.0</ele>
    </trkpt>
    <trkpt lat="43.475314" lon="6.929315">
        <ele>0.0</ele>
    </trkpt>
    <trkpt lat="43.475266" lon="6.929326">
        <ele>0.0</ele>
    </trkpt>
    <trkpt lat="43.475174" lon="6.929288">
        <ele>0.0</ele>
    </trkpt>
    <trkpt lat="43.47511" lon="6.929181">
        <ele>0.0</ele>
    </trkpt>
    <trkpt lat="43.475062" lon="6.929063">
        <ele>0.0</ele>
    </trkpt>
    <trkpt lat="43.475046" lon="6.928886">
        <ele>0.0</ele>
    </trkpt>
    <trkpt lat="43.475051" lon="6.928392">
        <ele>0.0</ele>
    </trkpt>
    <trkpt lat="43.474906" lon="6.928017">
        <ele>0.0</ele>
    </trkpt>
    <trkpt lat="43.474853" lon="6.927738">
        <ele>0.0</ele>
    </trkpt>
    <trkpt lat="43.475062" lon="6.927459">
        <ele>0.0</ele>
    </trkpt>
    <trkpt lat="43.475212" lon="6.927115">
        <ele>0.0</ele>
    </trkpt>
    <trkpt lat="43.47525" lon="6.926901">
        <ele>0.0</ele>
    </trkpt>
    <trkpt lat="43.475223" lon="6.926681">
        <ele>0.0</ele>
    </trkpt>
    <trkpt lat="43.475158" lon="6.926558">
        <ele>0.0</ele>
    </trkpt>
    <trkpt lat="43.475051" lon="6.926509">
        <ele>0.0</ele>
    </trkpt>
    <trkpt lat="43.474718" lon="6.926161">
        <ele>0.0</ele>
    </trkpt>
    <trkpt lat="43.474659" lon="6.925967">
        <ele>0.0</ele>
    </trkpt>
    <trkpt lat="43.474563" lon="6.925351">
        <ele>0.0</ele>
    </trkpt>
    <trkpt lat="43.474182" lon="6.924691">
        <ele>0.0</ele>
    </trkpt>
    <trkpt lat="43.474102" lon="6.924498">
        <ele>0.0</ele>
    </trkpt>
    <trkpt lat="43.474016" lon="6.92387">
        <ele>0.0</ele>
    </trkpt>
    <trkpt lat="43.473742" lon="6.923452">
        <ele>0.0</ele>
    </trkpt>
    <trkpt lat="43.47349" lon="6.923253">
        <ele>0.0</ele>
    </trkpt>
    <trkpt lat="43.473388" lon="6.923237">
        <ele>0.0</ele>
    </trkpt>
    <trkpt lat="43.472353" lon="6.92343">
        <ele>0.0</ele>
    </trkpt>
    <trkpt lat="43.472181" lon="6.92343">
        <ele>0.0</ele>
    </trkpt>
    <trkpt lat="43.471956" lon="6.923382">
        <ele>0.0</ele>
    </trkpt>
    <trkpt lat="43.471612" lon="6.923226">
        <ele>0.0</ele>
    </trkpt>
    <trkpt lat="43.471124" lon="6.92291">
        <ele>0.0</ele>
    </trkpt>
    <trkpt lat="43.470845" lon="6.922792">
        <ele>0.0</ele>
    </trkpt>
    <trkpt lat="43.470062" lon="6.922234">
        <ele>0.0</ele>
    </trkpt>
    <trkpt lat="43.469815" lon="6.922137">
        <ele>0.0</ele>
    </trkpt>
    <trkpt lat="43.469703" lon="6.922127">
        <ele>0.0</ele>
    </trkpt>
    <trkpt lat="43.469552" lon="6.922218">
        <ele>0.0</ele>
    </trkpt>
    <trkpt lat="43.469483" lon="6.922325">
        <ele>0.0</ele>
    </trkpt>
    <trkpt lat="43.469413" lon="6.922341">
        <ele>0.0</ele>
    </trkpt>
    <trkpt lat="43.469397" lon="6.922427">
        <ele>0.0</ele>
    </trkpt>
    <trkpt lat="43.468914" lon="6.923301">
        <ele>0.0</ele>
    </trkpt>
    <trkpt lat="43.468759" lon="6.923414">
        <ele>0.0</ele>
    </trkpt>
    <trkpt lat="43.46848" lon="6.923441">
        <ele>0.0</ele>
    </trkpt>
    <trkpt lat="43.468308" lon="6.923511">
        <ele>0.0</ele>
    </trkpt>
    <trkpt lat="43.468008" lon="6.92373">
        <ele>0.0</ele>
    </trkpt>
    <trkpt lat="43.467949" lon="6.923854">
        <ele>0.0</ele>
    </trkpt>
    <trkpt lat="43.467906" lon="6.923881">
        <ele>0.0</ele>
    </trkpt>
    <trkpt lat="43.467847" lon="6.923902">
        <ele>0.0</ele>
    </trkpt>
    <trkpt lat="43.467594" lon="6.923752">
        <ele>0.0</ele>
    </trkpt>
    <trkpt lat="43.467525" lon="6.923655">
        <ele>0.0</ele>
    </trkpt>
    <trkpt lat="43.467509" lon="6.923575">
        <ele>0.0</ele>
    </trkpt>
    <trkpt lat="43.467364" lon="6.923457">
        <ele>0.0</ele>
    </trkpt>
    <trkpt lat="43.46716" lon="6.923527">
        <ele>0.0</ele>
    </trkpt>
    <trkpt lat="43.466747" lon="6.923795">
        <ele>0.0</ele>
    </trkpt>
    <trkpt lat="43.46664" lon="6.923779">
        <ele>0.0</ele>
    </trkpt>
    <trkpt lat="43.466382" lon="6.923639">
        <ele>0.0</ele>
    </trkpt>
    <trkpt lat="43.465937" lon="6.923264">
        <ele>0.0</ele>
    </trkpt>
    <trkpt lat="43.465497" lon="6.923076">
        <ele>0.0</ele>
    </trkpt>
    <trkpt lat="43.465207" lon="6.922899">
        <ele>0.0</ele>
    </trkpt>
    <trkpt lat="43.464547" lon="6.922738">
        <ele>0.0</ele>
    </trkpt>
    <trkpt lat="43.463925" lon="6.922486">
        <ele>0.0</ele>
    </trkpt>
    <trkpt lat="43.463491" lon="6.922631">
        <ele>0.0</ele>
    </trkpt>
    <trkpt lat="43.463362" lon="6.922593">
        <ele>0.0</ele>
    </trkpt>
    <trkpt lat="43.463228" lon="6.922432">
        <ele>0.0</ele>
    </trkpt>
    <trkpt lat="43.463115" lon="6.921826">
        <ele>0.0</ele>
    </trkpt>
    <trkpt lat="43.462965" lon="6.921633">
        <ele>0.0</ele>
    </trkpt>
    <trkpt lat="43.462777" lon="6.921531">
        <ele>0.0</ele>
    </trkpt>
    <trkpt lat="43.462375" lon="6.921467">
        <ele>0.0</ele>
    </trkpt>
    <trkpt lat="43.462273" lon="6.921418">
        <ele>0.0</ele>
    </trkpt>
    <trkpt lat="43.462026" lon="6.921402">
        <ele>0.0</ele>
    </trkpt>
    <trkpt lat="43.46172" lon="6.921333">
        <ele>0.0</ele>
    </trkpt>
    <trkpt lat="43.461678" lon="6.9213">
        <ele>0.0</ele>
    </trkpt>
    <trkpt lat="43.461538" lon="6.9213">
        <ele>0.0</ele>
    </trkpt>
    <trkpt lat="43.461404" lon="6.92144">
        <ele>0.0</ele>
    </trkpt>
    <trkpt lat="43.461313" lon="6.921778">
        <ele>0.0</ele>
    </trkpt>
    <trkpt lat="43.461243" lon="6.921885">
        <ele>0.0</ele>
    </trkpt>
    <trkpt lat="43.461205" lon="6.921933">
        <ele>0.0</ele>
    </trkpt>
    <trkpt lat="43.46105" lon="6.921955">
        <ele>0.0</ele>
    </trkpt>
    <trkpt lat="43.460905" lon="6.921869">
        <ele>0.0</ele>
    </trkpt>
    <trkpt lat="43.460803" lon="6.921633">
        <ele>0.0</ele>
    </trkpt>
    <trkpt lat="43.460637" lon="6.921381">
        <ele>0.0</ele>
    </trkpt>
    <trkpt lat="43.460481" lon="6.921193">
        <ele>0.0</ele>
    </trkpt>
    <trkpt lat="43.460342" lon="6.921086">
        <ele>0.0</ele>
    </trkpt>
    <trkpt lat="43.460186" lon="6.921059">
        <ele>0.0</ele>
    </trkpt>
    <trkpt lat="43.459596" lon="6.921188">
        <ele>0.0</ele>
    </trkpt>
    <trkpt lat="43.459392" lon="6.921145">
        <ele>0.0</ele>
    </trkpt>
    <trkpt lat="43.458974" lon="6.920844">
        <ele>0.0</ele>
    </trkpt>
    <trkpt lat="43.458877" lon="6.920678">
        <ele>0.0</ele>
    </trkpt>
    <trkpt lat="43.4587" lon="6.920088">
        <ele>0.0</ele>
    </trkpt>
    <trkpt lat="43.458555" lon="6.919782">
        <ele>0.0</ele>
    </trkpt>
    <trkpt lat="43.458437" lon="6.919659">
        <ele>0.0</ele>
    </trkpt>
    <trkpt lat="43.458228" lon="6.919568">
        <ele>0.0</ele>
    </trkpt>
    <trkpt lat="43.457826" lon="6.919514">
        <ele>0.0</ele>
    </trkpt>
    <trkpt lat="43.457418" lon="6.919514">
        <ele>0.0</ele>
    </trkpt>
    <trkpt lat="43.457359" lon="6.919493">
        <ele>0.0</ele>
    </trkpt>
    <trkpt lat="43.456903" lon="6.919589">
        <ele>0.0</ele>
    </trkpt>
    <trkpt lat="43.456753" lon="6.919707">
        <ele>0.0</ele>
    </trkpt>
    <trkpt lat="43.456485" lon="6.920099">
        <ele>0.0</ele>
    </trkpt>
    <trkpt lat="43.456313" lon="6.921188">
        <ele>0.0</ele>
    </trkpt>
    <trkpt lat="43.456222" lon="6.9213">
        <ele>0.0</ele>
    </trkpt>
    <trkpt lat="43.45605" lon="6.921375">
        <ele>0.0</ele>
    </trkpt>
    <trkpt lat="43.455755" lon="6.9213">
        <ele>0.0</ele>
    </trkpt>
    <trkpt lat="43.455122" lon="6.921215">
        <ele>0.0</ele>
    </trkpt>
    <trkpt lat="43.454688" lon="6.921097">
        <ele>0.0</ele>
    </trkpt>
    <trkpt lat="43.454312" lon="6.920764">
        <ele>0.0</ele>
    </trkpt>
    <trkpt lat="43.454049" lon="6.920383">
        <ele>0.0</ele>
    </trkpt>
    <trkpt lat="43.453926" lon="6.92026">
        <ele>0.0</ele>
    </trkpt>
    <trkpt lat="43.452649" lon="6.91975">
        <ele>0.0</ele>
    </trkpt>
    <trkpt lat="43.452478" lon="6.919713">
        <ele>0.0</ele>
    </trkpt>
    <trkpt lat="43.452349" lon="6.919739">
        <ele>0.0</ele>
    </trkpt>
    <trkpt lat="43.452097" lon="6.919868">
        <ele>0.0</ele>
    </trkpt>
    <trkpt lat="43.451957" lon="6.919975">
        <ele>0.0</ele>
    </trkpt>
    <trkpt lat="43.451759" lon="6.920029">
        <ele>0.0</ele>
    </trkpt>
    <trkpt lat="43.451431" lon="6.919809">
        <ele>0.0</ele>
    </trkpt>
    <trkpt lat="43.451335" lon="6.919659">
        <ele>0.0</ele>
    </trkpt>
    <trkpt lat="43.451002" lon="6.918913">
        <ele>0.0</ele>
    </trkpt>
    <trkpt lat="43.450343" lon="6.918216">
        <ele>0.0</ele>
    </trkpt>
    <trkpt lat="43.450289" lon="6.918173">
        <ele>0.0</ele>
    </trkpt>
    <trkpt lat="43.450171" lon="6.918162">
        <ele>0.0</ele>
    </trkpt>
    <trkpt lat="43.44987" lon="6.918329">
        <ele>0.0</ele>
    </trkpt>
    <trkpt lat="43.449758" lon="6.91835">
        <ele>0.0</ele>
    </trkpt>
    <trkpt lat="43.44964" lon="6.918334">
        <ele>0.0</ele>
    </trkpt>
    <trkpt lat="43.4495" lon="6.918135">
        <ele>0.0</ele>
    </trkpt>
    <trkpt lat="43.449457" lon="6.917529">
        <ele>0.0</ele>
    </trkpt>
    <trkpt lat="43.449516" lon="6.917272">
        <ele>0.0</ele>
    </trkpt>
    <trkpt lat="43.449844" lon="6.916666">
        <ele>0.0</ele>
    </trkpt>
    <trkpt lat="43.449887" lon="6.916424">
        <ele>0.0</ele>
    </trkpt>
    <trkpt lat="43.449876" lon="6.916285">
        <ele>0.0</ele>
    </trkpt>
    <trkpt lat="43.449763" lon="6.916054">
        <ele>0.0</ele>
    </trkpt>
    <trkpt lat="43.449522" lon="6.915866">
        <ele>0.0</ele>
    </trkpt>
    <trkpt lat="43.449388" lon="6.915662">
        <ele>0.0</ele>
    </trkpt>
    <trkpt lat="43.44935" lon="6.915507">
        <ele>0.0</ele>
    </trkpt>
    <trkpt lat="43.449334" lon="6.915137">
        <ele>0.0</ele>
    </trkpt>
    <trkpt lat="43.449178" lon="6.91474">
        <ele>0.0</ele>
    </trkpt>
    <trkpt lat="43.44898" lon="6.91445">
        <ele>0.0</ele>
    </trkpt>
    <trkpt lat="43.448674" lon="6.914139">
        <ele>0.0</ele>
    </trkpt>
    <trkpt lat="43.448401" lon="6.913527">
        <ele>0.0</ele>
    </trkpt>
    <trkpt lat="43.448352" lon="6.913522">
        <ele>0.0</ele>
    </trkpt>
    <trkpt lat="43.44832" lon="6.913468">
        <ele>0.0</ele>
    </trkpt>
    <trkpt lat="43.448342" lon="6.913527">
        <ele>0.0</ele>
    </trkpt>
    <trkpt lat="43.448368" lon="6.913474">
        <ele>0.0</ele>
    </trkpt>
    <trkpt lat="43.448266" lon="6.91313">
        <ele>0.0</ele>
    </trkpt>
    <trkpt lat="43.448299" lon="6.912589">
        <ele>0.0</ele>
    </trkpt>
    <trkpt lat="43.448272" lon="6.912428">
        <ele>0.0</ele>
    </trkpt>
    <trkpt lat="43.448191" lon="6.912218">
        <ele>0.0</ele>
    </trkpt>
    <trkpt lat="43.448068" lon="6.912047">
        <ele>0.0</ele>
    </trkpt>
    <trkpt lat="43.447977" lon="6.911703">
        <ele>0.0</ele>
    </trkpt>
    <trkpt lat="43.447805" lon="6.910169">
        <ele>0.0</ele>
    </trkpt>
    <trkpt lat="43.44766" lon="6.909713">
        <ele>0.0</ele>
    </trkpt>
    <trkpt lat="43.447489" lon="6.908807">
        <ele>0.0</ele>
    </trkpt>
    <trkpt lat="43.447355" lon="6.908667">
        <ele>0.0</ele>
    </trkpt>
    <trkpt lat="43.447279" lon="6.908651">
        <ele>0.0</ele>
    </trkpt>
    <trkpt lat="43.447006" lon="6.90871">
        <ele>0.0</ele>
    </trkpt>
    <trkpt lat="43.446861" lon="6.908662">
        <ele>0.0</ele>
    </trkpt>
    <trkpt lat="43.446711" lon="6.908453">
        <ele>0.0</ele>
    </trkpt>
    <trkpt lat="43.446512" lon="6.908088">
        <ele>0.0</ele>
    </trkpt>
    <trkpt lat="43.446405" lon="6.907809">
        <ele>0.0</ele>
    </trkpt>
    <trkpt lat="43.446378" lon="6.907653">
        <ele>0.0</ele>
    </trkpt>
    <trkpt lat="43.446389" lon="6.907487">
        <ele>0.0</ele>
    </trkpt>
    <trkpt lat="43.446534" lon="6.907052">
        <ele>0.0</ele>
    </trkpt>
    <trkpt lat="43.446555" lon="6.906838">
        <ele>0.0</ele>
    </trkpt>
    <trkpt lat="43.446534" lon="6.906704">
        <ele>0.0</ele>
    </trkpt>
    <trkpt lat="43.446239" lon="6.905969">
        <ele>0.0</ele>
    </trkpt>
    <trkpt lat="43.446003" lon="6.905819">
        <ele>0.0</ele>
    </trkpt>
    <trkpt lat="43.445938" lon="6.905685">
        <ele>0.0</ele>
    </trkpt>
    <trkpt lat="43.445928" lon="6.905293">
        <ele>0.0</ele>
    </trkpt>
    <trkpt lat="43.446024" lon="6.904773">
        <ele>0.0</ele>
    </trkpt>
    <trkpt lat="43.445922" lon="6.904467">
        <ele>0.0</ele>
    </trkpt>
    <trkpt lat="43.445879" lon="6.904091">
        <ele>0.0</ele>
    </trkpt>
    <trkpt lat="43.445793" lon="6.903957">
        <ele>0.0</ele>
    </trkpt>
    <trkpt lat="43.445649" lon="6.903828">
        <ele>0.0</ele>
    </trkpt>
    <trkpt lat="43.445493" lon="6.903802">
        <ele>0.0</ele>
    </trkpt>
    <trkpt lat="43.445311" lon="6.903812">
        <ele>0.0</ele>
    </trkpt>
    <trkpt lat="43.445107" lon="6.904022">
        <ele>0.0</ele>
    </trkpt>
    <trkpt lat="43.444941" lon="6.904097">
        <ele>0.0</ele>
    </trkpt>
    <trkpt lat="43.444844" lon="6.904065">
        <ele>0.0</ele>
    </trkpt>
    <trkpt lat="43.444785" lon="6.904032">
        <ele>0.0</ele>
    </trkpt>
    <trkpt lat="43.444721" lon="6.903839">
        <ele>0.0</ele>
    </trkpt>
    <trkpt lat="43.444656" lon="6.903448">
        <ele>0.0</ele>
    </trkpt>
    <trkpt lat="43.44456" lon="6.903313">
        <ele>0.0</ele>
    </trkpt>
    <trkpt lat="43.444442" lon="6.903212">
        <ele>0.0</ele>
    </trkpt>
    <trkpt lat="43.444173" lon="6.903185">
        <ele>0.0</ele>
    </trkpt>
    <trkpt lat="43.444066" lon="6.903077">
        <ele>0.0</ele>
    </trkpt>
    <trkpt lat="43.443868" lon="6.902203">
        <ele>0.0</ele>
    </trkpt>
    <trkpt lat="43.443911" lon="6.901634">
        <ele>0.0</ele>
    </trkpt>
    <trkpt lat="43.443728" lon="6.900991">
        <ele>0.0</ele>
    </trkpt>
    <trkpt lat="43.443455" lon="6.90025">
        <ele>0.0</ele>
    </trkpt>
    <trkpt lat="43.44316" lon="6.899971">
        <ele>0.0</ele>
    </trkpt>
    <trkpt lat="43.442934" lon="6.899574">
        <ele>0.0</ele>
    </trkpt>
    <trkpt lat="43.44287" lon="6.899349">
        <ele>0.0</ele>
    </trkpt>
    <trkpt lat="43.442789" lon="6.899279">
        <ele>0.0</ele>
    </trkpt>
    <trkpt lat="43.442602" lon="6.898941">
        <ele>0.0</ele>
    </trkpt>
    <trkpt lat="43.44214" lon="6.898437">
        <ele>0.0</ele>
    </trkpt>
    <trkpt lat="43.441958" lon="6.89819">
        <ele>0.0</ele>
    </trkpt>
    <trkpt lat="43.441684" lon="6.897965">
        <ele>0.0</ele>
    </trkpt>
    <trkpt lat="43.44155" lon="6.897949">
        <ele>0.0</ele>
    </trkpt>
    <trkpt lat="43.441309" lon="6.898078">
        <ele>0.0</ele>
    </trkpt>
    <trkpt lat="43.44118" lon="6.898571">
        <ele>0.0</ele>
    </trkpt>
    <trkpt lat="43.441062" lon="6.898743">
        <ele>0.0</ele>
    </trkpt>
    <trkpt lat="43.440858" lon="6.898743">
        <ele>0.0</ele>
    </trkpt>
    <trkpt lat="43.440767" lon="6.898679">
        <ele>0.0</ele>
    </trkpt>
    <trkpt lat="43.440569" lon="6.898394">
        <ele>0.0</ele>
    </trkpt>
    <trkpt lat="43.440526" lon="6.89819">
        <ele>0.0</ele>
    </trkpt>
    <trkpt lat="43.440542" lon="6.897826">
        <ele>0.0</ele>
    </trkpt>
    <trkpt lat="43.44066" lon="6.896989">
        <ele>0.0</ele>
    </trkpt>
    <trkpt lat="43.440595" lon="6.896876">
        <ele>0.0</ele>
    </trkpt>
    <trkpt lat="43.440359" lon="6.896613">
        <ele>0.0</ele>
    </trkpt>
    <trkpt lat="43.44022" lon="6.896603">
        <ele>0.0</ele>
    </trkpt>
    <trkpt lat="43.440011" lon="6.896667">
        <ele>0.0</ele>
    </trkpt>
    <trkpt lat="43.439463" lon="6.896619">
        <ele>0.0</ele>
    </trkpt>
    <trkpt lat="43.439404" lon="6.896592">
        <ele>0.0</ele>
    </trkpt>
    <trkpt lat="43.439351" lon="6.896544">
        <ele>0.0</ele>
    </trkpt>
    <trkpt lat="43.439319" lon="6.896458">
        <ele>0.0</ele>
    </trkpt>
    <trkpt lat="43.439077" lon="6.896222">
        <ele>0.0</ele>
    </trkpt>
    <trkpt lat="43.438804" lon="6.895889">
        <ele>0.0</ele>
    </trkpt>
    <trkpt lat="43.43846" lon="6.895744">
        <ele>0.0</ele>
    </trkpt>
    <trkpt lat="43.438374" lon="6.89568">
        <ele>0.0</ele>
    </trkpt>
    <trkpt lat="43.438224" lon="6.895374">
        <ele>0.0</ele>
    </trkpt>
    <trkpt lat="43.438128" lon="6.895009">
        <ele>0.0</ele>
    </trkpt>
    <trkpt lat="43.43809" lon="6.894596">
        <ele>0.0</ele>
    </trkpt>
    <trkpt lat="43.438042" lon="6.894392">
        <ele>0.0</ele>
    </trkpt>
    <trkpt lat="43.438063" lon="6.894264">
        <ele>0.0</ele>
    </trkpt>
    <trkpt lat="43.43801" lon="6.89377">
        <ele>0.0</ele>
    </trkpt>
    <trkpt lat="43.437806" lon="6.893137">
        <ele>0.0</ele>
    </trkpt>
    <trkpt lat="43.437795" lon="6.892799">
        <ele>0.0</ele>
    </trkpt>
    <trkpt lat="43.43786" lon="6.892493">
        <ele>0.0</ele>
    </trkpt>
    <trkpt lat="43.437822" lon="6.892445">
        <ele>0.0</ele>
    </trkpt>
    <trkpt lat="43.437897" lon="6.892365">
        <ele>0.0</ele>
    </trkpt>
    <trkpt lat="43.437854" lon="6.892413">
        <ele>0.0</ele>
    </trkpt>
    <trkpt lat="43.437849" lon="6.892483">
        <ele>0.0</ele>
    </trkpt>
    <trkpt lat="43.437833" lon="6.892424">
        <ele>0.0</ele>
    </trkpt>
    <trkpt lat="43.437141" lon="6.892102">
        <ele>0.0</ele>
    </trkpt>
    <trkpt lat="43.437184" lon="6.892134">
        <ele>0.0</ele>
    </trkpt>
    <trkpt lat="43.437189" lon="6.892198">
        <ele>0.0</ele>
    </trkpt>
    <trkpt lat="43.437151" lon="6.892161">
        <ele>0.0</ele>
    </trkpt>
    <trkpt lat="43.4372" lon="6.892172">
        <ele>0.0</ele>
    </trkpt>
    <trkpt lat="43.437269" lon="6.892268">
        <ele>0.0</ele>
    </trkpt>
    <trkpt lat="43.437318" lon="6.892257">
        <ele>0.0</ele>
    </trkpt>
    <trkpt lat="43.437366" lon="6.892118">
        <ele>0.0</ele>
    </trkpt>
    <trkpt lat="43.437377" lon="6.892054">
        <ele>0.0</ele>
    </trkpt>
    <trkpt lat="43.437323" lon="6.892021">
        <ele>0.0</ele>
    </trkpt>
    <trkpt lat="43.437114" lon="6.891984">
        <ele>0.0</ele>
    </trkpt>
    <trkpt lat="43.437071" lon="6.892005">
        <ele>0.0</ele>
    </trkpt>
    <trkpt lat="43.436964" lon="6.891989">
        <ele>0.0</ele>
    </trkpt>
    <trkpt lat="43.436915" lon="6.892005">
        <ele>0.0</ele>
    </trkpt>
    <trkpt lat="43.436883" lon="6.892075">
        <ele>0.0</ele>
    </trkpt>
    <trkpt lat="43.436669" lon="6.892198">
        <ele>0.0</ele>
    </trkpt>
    <trkpt lat="43.435574" lon="6.89244">
        <ele>0.0</ele>
    </trkpt>
    <trkpt lat="43.435456" lon="6.892504">
        <ele>0.0</ele>
    </trkpt>
    <trkpt lat="43.434995" lon="6.892939">
        <ele>0.0</ele>
    </trkpt>
    <trkpt lat="43.434732" lon="6.893389">
        <ele>0.0</ele>
    </trkpt>
    <trkpt lat="43.434711" lon="6.893475">
        <ele>0.0</ele>
    </trkpt>
    <trkpt lat="43.434614" lon="6.89355">
        <ele>0.0</ele>
    </trkpt>
    <trkpt lat="43.434625" lon="6.893615">
        <ele>0.0</ele>
    </trkpt>
    <trkpt lat="43.434453" lon="6.893813">
        <ele>0.0</ele>
    </trkpt>
    <trkpt lat="43.434464" lon="6.893877">
        <ele>0.0</ele>
    </trkpt>
    <trkpt lat="43.434421" lon="6.894001">
        <ele>0.0</ele>
    </trkpt>
    <trkpt lat="43.434432" lon="6.894135">
        <ele>0.0</ele>
    </trkpt>
    <trkpt lat="43.434378" lon="6.894317">
        <ele>0.0</ele>
    </trkpt>
    <trkpt lat="43.434153" lon="6.894489">
        <ele>0.0</ele>
    </trkpt>
    <trkpt lat="43.434072" lon="6.894489">
        <ele>0.0</ele>
    </trkpt>
    <trkpt lat="43.433997" lon="6.894371">
        <ele>0.0</ele>
    </trkpt>
    <trkpt lat="43.433879" lon="6.894274">
        <ele>0.0</ele>
    </trkpt>
    <trkpt lat="43.433579" lon="6.894103">
        <ele>0.0</ele>
    </trkpt>
    <trkpt lat="43.433348" lon="6.89428">
        <ele>0.0</ele>
    </trkpt>
    <trkpt lat="43.433037" lon="6.894323">
        <ele>0.0</ele>
    </trkpt>
    <trkpt lat="43.432399" lon="6.893974">
        <ele>0.0</ele>
    </trkpt>
    <trkpt lat="43.431433" lon="6.893255">
        <ele>0.0</ele>
    </trkpt>
    <trkpt lat="43.431009" lon="6.893094">
        <ele>0.0</ele>
    </trkpt>
    <trkpt lat="43.430773" lon="6.893035">
        <ele>0.0</ele>
    </trkpt>
    <trkpt lat="43.430655" lon="6.893046">
        <ele>0.0</ele>
    </trkpt>
    <trkpt lat="43.430585" lon="6.892912">
        <ele>0.0</ele>
    </trkpt>
    <trkpt lat="43.430135" lon="6.892526">
        <ele>0.0</ele>
    </trkpt>
    <trkpt lat="43.429926" lon="6.892268">
        <ele>0.0</ele>
    </trkpt>
    <trkpt lat="43.429711" lon="6.891807">
        <ele>0.0</ele>
    </trkpt>
  </trkseg>
</trk>
<trk>
  <name>2011/09/05 07:41:00</name>
  <extensions>
  </extensions>
  <trkseg>
    <trkpt lat="43.429711" lon="6.891807">
        <ele>0.0</ele>
    </trkpt>
    <trkpt lat="43.429502" lon="6.891453">
        <ele>0.0</ele>
    </trkpt>
    <trkpt lat="43.429164" lon="6.890557">
        <ele>0.0</ele>
    </trkpt>
    <trkpt lat="43.429132" lon="6.890401">
        <ele>0.0</ele>
    </trkpt>
    <trkpt lat="43.429191" lon="6.889532">
        <ele>0.0</ele>
    </trkpt>
    <trkpt lat="43.429067" lon="6.888712">
        <ele>0.0</ele>
    </trkpt>
    <trkpt lat="43.429089" lon="6.88854">
        <ele>0.0</ele>
    </trkpt>
    <trkpt lat="43.429062" lon="6.888256">
        <ele>0.0</ele>
    </trkpt>
    <trkpt lat="43.429099" lon="6.888202">
        <ele>0.0</ele>
    </trkpt>
    <trkpt lat="43.429185" lon="6.887843">
        <ele>0.0</ele>
    </trkpt>
    <trkpt lat="43.429244" lon="6.887161">
        <ele>0.0</ele>
    </trkpt>
    <trkpt lat="43.429142" lon="6.886743">
        <ele>0.0</ele>
    </trkpt>
  </trkseg>
</trk>
<trk>
  <name>2011/09/05 07:41:00</name>
  <extensions>
  </extensions>
  <trkseg>
    <trkpt lat="43.429126" lon="6.886678">
        <ele>0.0</ele>
    </trkpt>
    <trkpt lat="43.429046" lon="6.886362">
        <ele>0.0</ele>
    </trkpt>
    <trkpt lat="43.428933" lon="6.886104">
        <ele>0.0</ele>
    </trkpt>
    <trkpt lat="43.428885" lon="6.885874">
        <ele>0.0</ele>
    </trkpt>
    <trkpt lat="43.428912" lon="6.885482">
        <ele>0.0</ele>
    </trkpt>
    <trkpt lat="43.428874" lon="6.885289">
        <ele>0.0</ele>
    </trkpt>
    <trkpt lat="43.428874" lon="6.884897">
        <ele>0.0</ele>
    </trkpt>
    <trkpt lat="43.428901" lon="6.884645">
        <ele>0.0</ele>
    </trkpt>
    <trkpt lat="43.42889" lon="6.884581">
        <ele>0.0</ele>
    </trkpt>
    <trkpt lat="43.428804" lon="6.884452">
        <ele>0.0</ele>
    </trkpt>
    <trkpt lat="43.428767" lon="6.884071">
        <ele>0.0</ele>
    </trkpt>
    <trkpt lat="43.428788" lon="6.883615">
        <ele>0.0</ele>
    </trkpt>
    <trkpt lat="43.429008" lon="6.882736">
        <ele>0.0</ele>
    </trkpt>
    <trkpt lat="43.428981" lon="6.881824">
        <ele>0.0</ele>
    </trkpt>
    <trkpt lat="43.42896" lon="6.881652">
        <ele>0.0</ele>
    </trkpt>
    <trkpt lat="43.428842" lon="6.881459">
        <ele>0.0</ele>
    </trkpt>
    <trkpt lat="43.428429" lon="6.881078">
        <ele>0.0</ele>
    </trkpt>
    <trkpt lat="43.428305" lon="6.880504">
        <ele>0.0</ele>
    </trkpt>
    <trkpt lat="43.428338" lon="6.88045">
        <ele>0.0</ele>
    </trkpt>
    <trkpt lat="43.428279" lon="6.879957">
        <ele>0.0</ele>
    </trkpt>
    <trkpt lat="43.428413" lon="6.878841">
        <ele>0.0</ele>
    </trkpt>
    <trkpt lat="43.428429" lon="6.878637">
        <ele>0.0</ele>
    </trkpt>
    <trkpt lat="43.428402" lon="6.878417">
        <ele>0.0</ele>
    </trkpt>
    <trkpt lat="43.428338" lon="6.87831">
        <ele>0.0</ele>
    </trkpt>
    <trkpt lat="43.428075" lon="6.87817">
        <ele>0.0</ele>
    </trkpt>
    <trkpt lat="43.427361" lon="6.878036">
        <ele>0.0</ele>
    </trkpt>
    <trkpt lat="43.427141" lon="6.877951">
        <ele>0.0</ele>
    </trkpt>
    <trkpt lat="43.427023" lon="6.877843">
        <ele>0.0</ele>
    </trkpt>
    <trkpt lat="43.426921" lon="6.877596">
        <ele>0.0</ele>
    </trkpt>
    <trkpt lat="43.426873" lon="6.877366">
        <ele>0.0</ele>
    </trkpt>
    <trkpt lat="43.426905" lon="6.87699">
        <ele>0.0</ele>
    </trkpt>
    <trkpt lat="43.426905" lon="6.875971">
        <ele>0.0</ele>
    </trkpt>
    <trkpt lat="43.427002" lon="6.87551">
        <ele>0.0</ele>
    </trkpt>
    <trkpt lat="43.427265" lon="6.874737">
        <ele>0.0</ele>
    </trkpt>
    <trkpt lat="43.427292" lon="6.874437">
        <ele>0.0</ele>
    </trkpt>
    <trkpt lat="43.427157" lon="6.873965">
        <ele>0.0</ele>
    </trkpt>
    <trkpt lat="43.427147" lon="6.873632">
        <ele>0.0</ele>
    </trkpt>
    <trkpt lat="43.427104" lon="6.873401">
        <ele>0.0</ele>
    </trkpt>
    <trkpt lat="43.426932" lon="6.873144">
        <ele>0.0</ele>
    </trkpt>
    <trkpt lat="43.426653" lon="6.872844">
        <ele>0.0</ele>
    </trkpt>
    <trkpt lat="43.426508" lon="6.87257">
        <ele>0.0</ele>
    </trkpt>
    <trkpt lat="43.426449" lon="6.872543">
        <ele>0.0</ele>
    </trkpt>
    <trkpt lat="43.426347" lon="6.872409">
        <ele>0.0</ele>
    </trkpt>
    <trkpt lat="43.426251" lon="6.872109">
        <ele>0.0</ele>
    </trkpt>
    <trkpt lat="43.426219" lon="6.871717">
        <ele>0.0</ele>
    </trkpt>
    <trkpt lat="43.426272" lon="6.871449">
        <ele>0.0</ele>
    </trkpt>
    <trkpt lat="43.426331" lon="6.871331">
        <ele>0.0</ele>
    </trkpt>
    <trkpt lat="43.426385" lon="6.871245">
        <ele>0.0</ele>
    </trkpt>
    <trkpt lat="43.426578" lon="6.871138">
        <ele>0.0</ele>
    </trkpt>
    <trkpt lat="43.426643" lon="6.871138">
        <ele>0.0</ele>
    </trkpt>
    <trkpt lat="43.427045" lon="6.871395">
        <ele>0.0</ele>
    </trkpt>
    <trkpt lat="43.427243" lon="6.871438">
        <ele>0.0</ele>
    </trkpt>
    <trkpt lat="43.427458" lon="6.871384">
        <ele>0.0</ele>
    </trkpt>
    <trkpt lat="43.427866" lon="6.871358">
        <ele>0.0</ele>
    </trkpt>
    <trkpt lat="43.428016" lon="6.871422">
        <ele>0.0</ele>
    </trkpt>
    <trkpt lat="43.428236" lon="6.871626">
        <ele>0.0</ele>
    </trkpt>
    <trkpt lat="43.428456" lon="6.871626">
        <ele>0.0</ele>
    </trkpt>
    <trkpt lat="43.428917" lon="6.871433">
        <ele>0.0</ele>
    </trkpt>
    <trkpt lat="43.429255" lon="6.87139">
        <ele>0.0</ele>
    </trkpt>
    <trkpt lat="43.429555" lon="6.871293">
        <ele>0.0</ele>
    </trkpt>
    <trkpt lat="43.429834" lon="6.871261">
        <ele>0.0</ele>
    </trkpt>
    <trkpt lat="43.430392" lon="6.871122">
        <ele>0.0</ele>
    </trkpt>
    <trkpt lat="43.430714" lon="6.870735">
        <ele>0.0</ele>
    </trkpt>
    <trkpt lat="43.430811" lon="6.870574">
        <ele>0.0</ele>
    </trkpt>
    <trkpt lat="43.43117" lon="6.870199">
        <ele>0.0</ele>
    </trkpt>
    <trkpt lat="43.431615" lon="6.869641">
        <ele>0.0</ele>
    </trkpt>
    <trkpt lat="43.431664" lon="6.869625">
        <ele>0.0</ele>
    </trkpt>
    <trkpt lat="43.431766" lon="6.869507">
        <ele>0.0</ele>
    </trkpt>
    <trkpt lat="43.432012" lon="6.869378">
        <ele>0.0</ele>
    </trkpt>
    <trkpt lat="43.432195" lon="6.86933">
        <ele>0.0</ele>
    </trkpt>
    <trkpt lat="43.432474" lon="6.869362">
        <ele>0.0</ele>
    </trkpt>
    <trkpt lat="43.432774" lon="6.869292">
        <ele>0.0</ele>
    </trkpt>
    <trkpt lat="43.432924" lon="6.86918">
        <ele>0.0</ele>
    </trkpt>
    <trkpt lat="43.433284" lon="6.868574">
        <ele>0.0</ele>
    </trkpt>
    <trkpt lat="43.433847" lon="6.867517">
        <ele>0.0</ele>
    </trkpt>
    <trkpt lat="43.434045" lon="6.866621">
        <ele>0.0</ele>
    </trkpt>
    <trkpt lat="43.434217" lon="6.865521">
        <ele>0.0</ele>
    </trkpt>
    <trkpt lat="43.434222" lon="6.865119">
        <ele>0.0</ele>
    </trkpt>
    <trkpt lat="43.434308" lon="6.864615">
        <ele>0.0</ele>
    </trkpt>
    <trkpt lat="43.434357" lon="6.864019">
        <ele>0.0</ele>
    </trkpt>
    <trkpt lat="43.434335" lon="6.863826">
        <ele>0.0</ele>
    </trkpt>
    <trkpt lat="43.434346" lon="6.863295">
        <ele>0.0</ele>
    </trkpt>
    <trkpt lat="43.434298" lon="6.863037">
        <ele>0.0</ele>
    </trkpt>
    <trkpt lat="43.434303" lon="6.862501">
        <ele>0.0</ele>
    </trkpt>
    <trkpt lat="43.434265" lon="6.862329">
        <ele>0.0</ele>
    </trkpt>
    <trkpt lat="43.43426" lon="6.862099">
        <ele>0.0</ele>
    </trkpt>
    <trkpt lat="43.434072" lon="6.860473">
        <ele>0.0</ele>
    </trkpt>
    <trkpt lat="43.433917" lon="6.860001">
        <ele>0.0</ele>
    </trkpt>
    <trkpt lat="43.433659" lon="6.8594">
        <ele>0.0</ele>
    </trkpt>
    <trkpt lat="43.433632" lon="6.859309">
        <ele>0.0</ele>
    </trkpt>
    <trkpt lat="43.433654" lon="6.859127">
        <ele>0.0</ele>
    </trkpt>
    <trkpt lat="43.433606" lon="6.859057">
        <ele>0.0</ele>
    </trkpt>
    <trkpt lat="43.433471" lon="6.858977">
        <ele>0.0</ele>
    </trkpt>
    <trkpt lat="43.433418" lon="6.858896">
        <ele>0.0</ele>
    </trkpt>
    <trkpt lat="43.433032" lon="6.857995">
        <ele>0.0</ele>
    </trkpt>
    <trkpt lat="43.432978" lon="6.857963">
        <ele>0.0</ele>
    </trkpt>
    <trkpt lat="43.432833" lon="6.857625">
        <ele>0.0</ele>
    </trkpt>
    <trkpt lat="43.43294" lon="6.857775">
        <ele>0.0</ele>
    </trkpt>
    <trkpt lat="43.433032" lon="6.857732">
        <ele>0.0</ele>
    </trkpt>
    <trkpt lat="43.433058" lon="6.857668">
        <ele>0.0</ele>
    </trkpt>
    <trkpt lat="43.43308" lon="6.857721">
        <ele>0.0</ele>
    </trkpt>
    <trkpt lat="43.433026" lon="6.857684">
        <ele>0.0</ele>
    </trkpt>
    <trkpt lat="43.432989" lon="6.857748">
        <ele>0.0</ele>
    </trkpt>
    <trkpt lat="43.432855" lon="6.857507">
        <ele>0.0</ele>
    </trkpt>
    <trkpt lat="43.432897" lon="6.8577">
        <ele>0.0</ele>
    </trkpt>
    <trkpt lat="43.432973" lon="6.85777">
        <ele>0.0</ele>
    </trkpt>
    <trkpt lat="43.432978" lon="6.857834">
        <ele>0.0</ele>
    </trkpt>
    <trkpt lat="43.432822" lon="6.857507">
        <ele>0.0</ele>
    </trkpt>
    <trkpt lat="43.43264" lon="6.857351">
        <ele>0.0</ele>
    </trkpt>
    <trkpt lat="43.432388" lon="6.857255">
        <ele>0.0</ele>
    </trkpt>
    <trkpt lat="43.431905" lon="6.857131">
        <ele>0.0</ele>
    </trkpt>
    <trkpt lat="43.431454" lon="6.857072">
        <ele>0.0</ele>
    </trkpt>
    <trkpt lat="43.431143" lon="6.856799">
        <ele>0.0</ele>
    </trkpt>
    <trkpt lat="43.430323" lon="6.856466">
        <ele>0.0</ele>
    </trkpt>
    <trkpt lat="43.429985" lon="6.85638">
        <ele>0.0</ele>
    </trkpt>
    <trkpt lat="43.429561" lon="6.856482">
        <ele>0.0</ele>
    </trkpt>
    <trkpt lat="43.429362" lon="6.856407">
        <ele>0.0</ele>
    </trkpt>
    <trkpt lat="43.429099" lon="6.85638">
        <ele>0.0</ele>
    </trkpt>
    <trkpt lat="43.428804" lon="6.856493">
        <ele>0.0</ele>
    </trkpt>
    <trkpt lat="43.428584" lon="6.856675">
        <ele>0.0</ele>
    </trkpt>
    <trkpt lat="43.428413" lon="6.856922">
        <ele>0.0</ele>
    </trkpt>
    <trkpt lat="43.428252" lon="6.856992">
        <ele>0.0</ele>
    </trkpt>
    <trkpt lat="43.428209" lon="6.85697">
        <ele>0.0</ele>
    </trkpt>
    <trkpt lat="43.428064" lon="6.857045">
        <ele>0.0</ele>
    </trkpt>
    <trkpt lat="43.42779" lon="6.857067">
        <ele>0.0</ele>
    </trkpt>
    <trkpt lat="43.427624" lon="6.857158">
        <ele>0.0</ele>
    </trkpt>
    <trkpt lat="43.427501" lon="6.857362">
        <ele>0.0</ele>
    </trkpt>
    <trkpt lat="43.427377" lon="6.857829">
        <ele>0.0</ele>
    </trkpt>
    <trkpt lat="43.427292" lon="6.858">
        <ele>0.0</ele>
    </trkpt>
    <trkpt lat="43.427233" lon="6.858054">
        <ele>0.0</ele>
    </trkpt>
    <trkpt lat="43.427104" lon="6.85807">
        <ele>0.0</ele>
    </trkpt>
    <trkpt lat="43.426766" lon="6.857925">
        <ele>0.0</ele>
    </trkpt>
    <trkpt lat="43.426138" lon="6.857351">
        <ele>0.0</ele>
    </trkpt>
    <trkpt lat="43.425918" lon="6.857099">
        <ele>0.0</ele>
    </trkpt>
    <trkpt lat="43.425849" lon="6.856965">
        <ele>0.0</ele>
    </trkpt>
    <trkpt lat="43.425827" lon="6.856718">
        <ele>0.0</ele>
    </trkpt>
    <trkpt lat="43.425822" lon="6.856552">
        <ele>0.0</ele>
    </trkpt>
    <trkpt lat="43.425886" lon="6.856176">
        <ele>0.0</ele>
    </trkpt>
    <trkpt lat="43.425849" lon="6.85608">
        <ele>0.0</ele>
    </trkpt>
    <trkpt lat="43.425682" lon="6.855887">
        <ele>0.0</ele>
    </trkpt>
    <trkpt lat="43.425221" lon="6.855833">
        <ele>0.0</ele>
    </trkpt>
    <trkpt lat="43.424829" lon="6.855844">
        <ele>0.0</ele>
    </trkpt>
    <trkpt lat="43.424717" lon="6.855854">
        <ele>0.0</ele>
    </trkpt>
    <trkpt lat="43.424577" lon="6.85594">
        <ele>0.0</ele>
    </trkpt>
    <trkpt lat="43.424524" lon="6.855989">
        <ele>0.0</ele>
    </trkpt>
    <trkpt lat="43.424153" lon="6.856943">
        <ele>0.0</ele>
    </trkpt>
    <trkpt lat="43.424014" lon="6.857163">
        <ele>0.0</ele>
    </trkpt>
    <trkpt lat="43.423773" lon="6.857399">
        <ele>0.0</ele>
    </trkpt>
    <trkpt lat="43.423064" lon="6.857571">
        <ele>0.0</ele>
    </trkpt>
    <trkpt lat="43.422871" lon="6.857512">
        <ele>0.0</ele>
    </trkpt>
    <trkpt lat="43.422458" lon="6.857271">
        <ele>0.0</ele>
    </trkpt>
    <trkpt lat="43.422308" lon="6.857249">
        <ele>0.0</ele>
    </trkpt>
    <trkpt lat="43.422147" lon="6.857255">
        <ele>0.0</ele>
    </trkpt>
    <trkpt lat="43.421745" lon="6.857437">
        <ele>0.0</ele>
    </trkpt>
    <trkpt lat="43.421541" lon="6.857485">
        <ele>0.0</ele>
    </trkpt>
    <trkpt lat="43.421235" lon="6.857448">
        <ele>0.0</ele>
    </trkpt>
    <trkpt lat="43.421064" lon="6.857383">
        <ele>0.0</ele>
    </trkpt>
    <trkpt lat="43.420715" lon="6.857153">
        <ele>0.0</ele>
    </trkpt>
    <trkpt lat="43.420549" lon="6.85696">
        <ele>0.0</ele>
    </trkpt>
    <trkpt lat="43.420398" lon="6.856761">
        <ele>0.0</ele>
    </trkpt>
    <trkpt lat="43.420221" lon="6.856289">
        <ele>0.0</ele>
    </trkpt>
    <trkpt lat="43.420184" lon="6.856112">
        <ele>0.0</ele>
    </trkpt>
    <trkpt lat="43.420232" lon="6.855935">
        <ele>0.0</ele>
    </trkpt>
    <trkpt lat="43.420178" lon="6.855506">
        <ele>0.0</ele>
    </trkpt>
    <trkpt lat="43.420184" lon="6.855227">
        <ele>0.0</ele>
    </trkpt>
    <trkpt lat="43.420103" lon="6.854776">
        <ele>0.0</ele>
    </trkpt>
    <trkpt lat="43.420119" lon="6.854406">
        <ele>0.0</ele>
    </trkpt>
    <trkpt lat="43.419969" lon="6.853934">
        <ele>0.0</ele>
    </trkpt>
    <trkpt lat="43.41991" lon="6.85388">
        <ele>0.0</ele>
    </trkpt>
    <trkpt lat="43.419867" lon="6.853548">
        <ele>0.0</ele>
    </trkpt>
    <trkpt lat="43.419717" lon="6.853183">
        <ele>0.0</ele>
    </trkpt>
    <trkpt lat="43.419626" lon="6.85307">
        <ele>0.0</ele>
    </trkpt>
    <trkpt lat="43.419599" lon="6.85292">
        <ele>0.0</ele>
    </trkpt>
    <trkpt lat="43.419299" lon="6.852368">
        <ele>0.0</ele>
    </trkpt>
    <trkpt lat="43.419261" lon="6.852228">
        <ele>0.0</ele>
    </trkpt>
    <trkpt lat="43.419025" lon="6.851885">
        <ele>0.0</ele>
    </trkpt>
    <trkpt lat="43.418896" lon="6.851638">
        <ele>0.0</ele>
    </trkpt>
    <trkpt lat="43.418542" lon="6.850436">
        <ele>0.0</ele>
    </trkpt>
    <trkpt lat="43.418532" lon="6.850147">
        <ele>0.0</ele>
    </trkpt>
    <trkpt lat="43.418413" lon="6.85005">
        <ele>0.0</ele>
    </trkpt>
    <trkpt lat="43.418462" lon="6.84998">
        <ele>0.0</ele>
    </trkpt>
    <trkpt lat="43.418403" lon="6.84946">
        <ele>0.0</ele>
    </trkpt>
    <trkpt lat="43.418483" lon="6.849358">
        <ele>0.0</ele>
    </trkpt>
    <trkpt lat="43.418494" lon="6.849229">
        <ele>0.0</ele>
    </trkpt>
    <trkpt lat="43.418344" lon="6.848967">
        <ele>0.0</ele>
    </trkpt>
    <trkpt lat="43.418295" lon="6.848811">
        <ele>0.0</ele>
    </trkpt>
    <trkpt lat="43.418295" lon="6.848596">
        <ele>0.0</ele>
    </trkpt>
    <trkpt lat="43.418" lon="6.847229">
        <ele>0.0</ele>
    </trkpt>
    <trkpt lat="43.417872" lon="6.845812">
        <ele>0.0</ele>
    </trkpt>
    <trkpt lat="43.417829" lon="6.845598">
        <ele>0.0</ele>
    </trkpt>
    <trkpt lat="43.417807" lon="6.84511">
        <ele>0.0</ele>
    </trkpt>
    <trkpt lat="43.417748" lon="6.844718">
        <ele>0.0</ele>
    </trkpt>
    <trkpt lat="43.417748" lon="6.844273">
        <ele>0.0</ele>
    </trkpt>
    <trkpt lat="43.41778" lon="6.844219">
        <ele>0.0</ele>
    </trkpt>
    <trkpt lat="43.417775" lon="6.844155">
        <ele>0.0</ele>
    </trkpt>
    <trkpt lat="43.417684" lon="6.843785">
        <ele>0.0</ele>
    </trkpt>
    <trkpt lat="43.417582" lon="6.842916">
        <ele>0.0</ele>
    </trkpt>
    <trkpt lat="43.417528" lon="6.842014">
        <ele>0.0</ele>
    </trkpt>
    <trkpt lat="43.417282" lon="6.839842">
        <ele>0.0</ele>
    </trkpt>
    <trkpt lat="43.417266" lon="6.839466">
        <ele>0.0</ele>
    </trkpt>
    <trkpt lat="43.417287" lon="6.839402">
        <ele>0.0</ele>
    </trkpt>
    <trkpt lat="43.417142" lon="6.838415">
        <ele>0.0</ele>
    </trkpt>
    <trkpt lat="43.417083" lon="6.837347">
        <ele>0.0</ele>
    </trkpt>
    <trkpt lat="43.417046" lon="6.837218">
        <ele>0.0</ele>
    </trkpt>
    <trkpt lat="43.417056" lon="6.837004">
        <ele>0.0</ele>
    </trkpt>
    <trkpt lat="43.417013" lon="6.836779">
        <ele>0.0</ele>
    </trkpt>
    <trkpt lat="43.417003" lon="6.835974">
        <ele>0.0</ele>
    </trkpt>
    <trkpt lat="43.416783" lon="6.834944">
        <ele>0.0</ele>
    </trkpt>
    <trkpt lat="43.416815" lon="6.834606">
        <ele>0.0</ele>
    </trkpt>
    <trkpt lat="43.416906" lon="6.834177">
        <ele>0.0</ele>
    </trkpt>
    <trkpt lat="43.417233" lon="6.833667">
        <ele>0.0</ele>
    </trkpt>
    <trkpt lat="43.417743" lon="6.832391">
        <ele>0.0</ele>
    </trkpt>
    <trkpt lat="43.417856" lon="6.832203">
        <ele>0.0</ele>
    </trkpt>
    <trkpt lat="43.417888" lon="6.832074">
        <ele>0.0</ele>
    </trkpt>
    <trkpt lat="43.418038" lon="6.831843">
        <ele>0.0</ele>
    </trkpt>
    <trkpt lat="43.418054" lon="6.83172">
        <ele>0.0</ele>
    </trkpt>
    <trkpt lat="43.418204" lon="6.831462">
        <ele>0.0</ele>
    </trkpt>
    <trkpt lat="43.418387" lon="6.830824">
        <ele>0.0</ele>
    </trkpt>
    <trkpt lat="43.418397" lon="6.830706">
        <ele>0.0</ele>
    </trkpt>
    <trkpt lat="43.418499" lon="6.830534">
        <ele>0.0</ele>
    </trkpt>
    <trkpt lat="43.418623" lon="6.830137">
        <ele>0.0</ele>
    </trkpt>
    <trkpt lat="43.418757" lon="6.829864">
        <ele>0.0</ele>
    </trkpt>
    <trkpt lat="43.418912" lon="6.829236">
        <ele>0.0</ele>
    </trkpt>
    <trkpt lat="43.418923" lon="6.828914">
        <ele>0.0</ele>
    </trkpt>
    <trkpt lat="43.418864" lon="6.828603">
        <ele>0.0</ele>
    </trkpt>
    <trkpt lat="43.418751" lon="6.828405">
        <ele>0.0</ele>
    </trkpt>
    <trkpt lat="43.418435" lon="6.827627">
        <ele>0.0</ele>
    </trkpt>
    <trkpt lat="43.418258" lon="6.827273">
        <ele>0.0</ele>
    </trkpt>
    <trkpt lat="43.418151" lon="6.826919">
        <ele>0.0</ele>
    </trkpt>
    <trkpt lat="43.418172" lon="6.82671">
        <ele>0.0</ele>
    </trkpt>
    <trkpt lat="43.418038" lon="6.826082">
        <ele>0.0</ele>
    </trkpt>
    <trkpt lat="43.418043" lon="6.825803">
        <ele>0.0</ele>
    </trkpt>
    <trkpt lat="43.417974" lon="6.825492">
        <ele>0.0</ele>
    </trkpt>
    <trkpt lat="43.417899" lon="6.825304">
        <ele>0.0</ele>
    </trkpt>
    <trkpt lat="43.417909" lon="6.825057">
        <ele>0.0</ele>
    </trkpt>
    <trkpt lat="43.41777" lon="6.824269">
        <ele>0.0</ele>
    </trkpt>
    <trkpt lat="43.41777" lon="6.824027">
        <ele>0.0</ele>
    </trkpt>
    <trkpt lat="43.417818" lon="6.823797">
        <ele>0.0</ele>
    </trkpt>
    <trkpt lat="43.417807" lon="6.82333">
        <ele>0.0</ele>
    </trkpt>
    <trkpt lat="43.417936" lon="6.822702">
        <ele>0.0</ele>
    </trkpt>
    <trkpt lat="43.417861" lon="6.822407">
        <ele>0.0</ele>
    </trkpt>
    <trkpt lat="43.417727" lon="6.822123">
        <ele>0.0</ele>
    </trkpt>
    <trkpt lat="43.417298" lon="6.821404">
        <ele>0.0</ele>
    </trkpt>
    <trkpt lat="43.417153" lon="6.820803">
        <ele>0.0</ele>
    </trkpt>
    <trkpt lat="43.417174" lon="6.820712">
        <ele>0.0</ele>
    </trkpt>
    <trkpt lat="43.417153" lon="6.820632">
        <ele>0.0</ele>
    </trkpt>
    <trkpt lat="43.417164" lon="6.820417">
        <ele>0.0</ele>
    </trkpt>
    <trkpt lat="43.417094" lon="6.820133">
        <ele>0.0</ele>
    </trkpt>
    <trkpt lat="43.417019" lon="6.819618">
        <ele>0.0</ele>
    </trkpt>
    <trkpt lat="43.416997" lon="6.819124">
        <ele>0.0</ele>
    </trkpt>
    <trkpt lat="43.416954" lon="6.818942">
        <ele>0.0</ele>
    </trkpt>
    <trkpt lat="43.41696" lon="6.817896">
        <ele>0.0</ele>
    </trkpt>
    <trkpt lat="43.416858" lon="6.817274">
        <ele>0.0</ele>
    </trkpt>
    <trkpt lat="43.41682" lon="6.816775">
        <ele>0.0</ele>
    </trkpt>
    <trkpt lat="43.416734" lon="6.816394">
        <ele>0.0</ele>
    </trkpt>
    <trkpt lat="43.416574" lon="6.815364">
        <ele>0.0</ele>
    </trkpt>
    <trkpt lat="43.416488" lon="6.81516">
        <ele>0.0</ele>
    </trkpt>
    <trkpt lat="43.416311" lon="6.814559">
        <ele>0.0</ele>
    </trkpt>
    <trkpt lat="43.416166" lon="6.814243">
        <ele>0.0</ele>
    </trkpt>
    <trkpt lat="43.416155" lon="6.814098">
        <ele>0.0</ele>
    </trkpt>
    <trkpt lat="43.415887" lon="6.813524">
        <ele>0.0</ele>
    </trkpt>
    <trkpt lat="43.415645" lon="6.812896">
        <ele>0.0</ele>
    </trkpt>
    <trkpt lat="43.415527" lon="6.812537">
        <ele>0.0</ele>
    </trkpt>
    <trkpt lat="43.415468" lon="6.81222">
        <ele>0.0</ele>
    </trkpt>
    <trkpt lat="43.415415" lon="6.812124">
        <ele>0.0</ele>
    </trkpt>
    <trkpt lat="43.415334" lon="6.811716">
        <ele>0.0</ele>
    </trkpt>
    <trkpt lat="43.415291" lon="6.811292">
        <ele>0.0</ele>
    </trkpt>
    <trkpt lat="43.415302" lon="6.81096">
        <ele>0.0</ele>
    </trkpt>
    <trkpt lat="43.415248" lon="6.810772">
        <ele>0.0</ele>
    </trkpt>
    <trkpt lat="43.415238" lon="6.810579">
        <ele>0.0</ele>
    </trkpt>
    <trkpt lat="43.415066" lon="6.810026">
        <ele>0.0</ele>
    </trkpt>
    <trkpt lat="43.415034" lon="6.809812">
        <ele>0.0</ele>
    </trkpt>
    <trkpt lat="43.415023" lon="6.809291">
        <ele>0.0</ele>
    </trkpt>
    <trkpt lat="43.414937" lon="6.80912">
        <ele>0.0</ele>
    </trkpt>
    <trkpt lat="43.414814" lon="6.808454">
        <ele>0.0</ele>
    </trkpt>
    <trkpt lat="43.414723" lon="6.807693">
        <ele>0.0</ele>
    </trkpt>
    <trkpt lat="43.414766" lon="6.807124">
        <ele>0.0</ele>
    </trkpt>
    <trkpt lat="43.414707" lon="6.806325">
        <ele>0.0</ele>
    </trkpt>
    <trkpt lat="43.414771" lon="6.805182">
        <ele>0.0</ele>
    </trkpt>
    <trkpt lat="43.414739" lon="6.804941">
        <ele>0.0</ele>
    </trkpt>
    <trkpt lat="43.414782" lon="6.804608">
        <ele>0.0</ele>
    </trkpt>
    <trkpt lat="43.414782" lon="6.804238">
        <ele>0.0</ele>
    </trkpt>
    <trkpt lat="43.414626" lon="6.80331">
        <ele>0.0</ele>
    </trkpt>
    <trkpt lat="43.414535" lon="6.80301">
        <ele>0.0</ele>
    </trkpt>
    <trkpt lat="43.41454" lon="6.802484">
        <ele>0.0</ele>
    </trkpt>
    <trkpt lat="43.414503" lon="6.802302">
        <ele>0.0</ele>
    </trkpt>
    <trkpt lat="43.414508" lon="6.802114">
        <ele>0.0</ele>
    </trkpt>
    <trkpt lat="43.414428" lon="6.801878">
        <ele>0.0</ele>
    </trkpt>
    <trkpt lat="43.414428" lon="6.801502">
        <ele>0.0</ele>
    </trkpt>
    <trkpt lat="43.41432" lon="6.801116">
        <ele>0.0</ele>
    </trkpt>
    <trkpt lat="43.414278" lon="6.800746">
        <ele>0.0</ele>
    </trkpt>
    <trkpt lat="43.414031" lon="6.800027">
        <ele>0.0</ele>
    </trkpt>
    <trkpt lat="43.413956" lon="6.799614">
        <ele>0.0</ele>
    </trkpt>
    <trkpt lat="43.414036" lon="6.799035">
        <ele>0.0</ele>
    </trkpt>
    <trkpt lat="43.414084" lon="6.798294">
        <ele>0.0</ele>
    </trkpt>
    <trkpt lat="43.414143" lon="6.79816">
        <ele>0.0</ele>
    </trkpt>
    <trkpt lat="43.414219" lon="6.797661">
        <ele>0.0</ele>
    </trkpt>
    <trkpt lat="43.414363" lon="6.797098">
        <ele>0.0</ele>
    </trkpt>
    <trkpt lat="43.41439" lon="6.796556">
        <ele>0.0</ele>
    </trkpt>
    <trkpt lat="43.414256" lon="6.796224">
        <ele>0.0</ele>
    </trkpt>
    <trkpt lat="43.413999" lon="6.79521">
        <ele>0.0</ele>
    </trkpt>
    <trkpt lat="43.413773" lon="6.794759">
        <ele>0.0</ele>
    </trkpt>
    <trkpt lat="43.413478" lon="6.793418">
        <ele>0.0</ele>
    </trkpt>
    <trkpt lat="43.413258" lon="6.792855">
        <ele>0.0</ele>
    </trkpt>
    <trkpt lat="43.41321" lon="6.792506">
        <ele>0.0</ele>
    </trkpt>
    <trkpt lat="43.413119" lon="6.792308">
        <ele>0.0</ele>
    </trkpt>
    <trkpt lat="43.413189" lon="6.792206">
        <ele>0.0</ele>
    </trkpt>
    <trkpt lat="43.413205" lon="6.792131">
        <ele>0.0</ele>
    </trkpt>
    <trkpt lat="43.413124" lon="6.791943">
        <ele>0.0</ele>
    </trkpt>
    <trkpt lat="43.412974" lon="6.791755">
        <ele>0.0</ele>
    </trkpt>
    <trkpt lat="43.412851" lon="6.791326">
        <ele>0.0</ele>
    </trkpt>
    <trkpt lat="43.41277" lon="6.79117">
        <ele>0.0</ele>
    </trkpt>
    <trkpt lat="43.412448" lon="6.789819">
        <ele>0.0</ele>
    </trkpt>
    <trkpt lat="43.412352" lon="6.789577">
        <ele>0.0</ele>
    </trkpt>
    <trkpt lat="43.412277" lon="6.789486">
        <ele>0.0</ele>
    </trkpt>
    <trkpt lat="43.412153" lon="6.789218">
        <ele>0.0</ele>
    </trkpt>
    <trkpt lat="43.411998" lon="6.788971">
        <ele>0.0</ele>
    </trkpt>
    <trkpt lat="43.411949" lon="6.788805">
        <ele>0.0</ele>
    </trkpt>
    <trkpt lat="43.41189" lon="6.788756">
        <ele>0.0</ele>
    </trkpt>
    <trkpt lat="43.41174" lon="6.788499">
        <ele>0.0</ele>
    </trkpt>
    <trkpt lat="43.411649" lon="6.788193">
        <ele>0.0</ele>
    </trkpt>
    <trkpt lat="43.411568" lon="6.788032">
        <ele>0.0</ele>
    </trkpt>
    <trkpt lat="43.411515" lon="6.787801">
        <ele>0.0</ele>
    </trkpt>
    <trkpt lat="43.411483" lon="6.78741">
        <ele>0.0</ele>
    </trkpt>
    <trkpt lat="43.411563" lon="6.787024">
        <ele>0.0</ele>
    </trkpt>
    <trkpt lat="43.411445" lon="6.786772">
        <ele>0.0</ele>
    </trkpt>
    <trkpt lat="43.411418" lon="6.786578">
        <ele>0.0</ele>
    </trkpt>
    <trkpt lat="43.411456" lon="6.785919">
        <ele>0.0</ele>
    </trkpt>
    <trkpt lat="43.41144" lon="6.785833">
        <ele>0.0</ele>
    </trkpt>
    <trkpt lat="43.411493" lon="6.785597">
        <ele>0.0</ele>
    </trkpt>
    <trkpt lat="43.411622" lon="6.78528">
        <ele>0.0</ele>
    </trkpt>
    <trkpt lat="43.411719" lon="6.785184">
        <ele>0.0</ele>
    </trkpt>
    <trkpt lat="43.411912" lon="6.784878">
        <ele>0.0</ele>
    </trkpt>
    <trkpt lat="43.412126" lon="6.784191">
        <ele>0.0</ele>
    </trkpt>
    <trkpt lat="43.412261" lon="6.78395">
        <ele>0.0</ele>
    </trkpt>
    <trkpt lat="43.412534" lon="6.78359">
        <ele>0.0</ele>
    </trkpt>
    <trkpt lat="43.412679" lon="6.783322">
        <ele>0.0</ele>
    </trkpt>
    <trkpt lat="43.412781" lon="6.783242">
        <ele>0.0</ele>
    </trkpt>
    <trkpt lat="43.412974" lon="6.782941">
        <ele>0.0</ele>
    </trkpt>
    <trkpt lat="43.41314" lon="6.782512">
        <ele>0.0</ele>
    </trkpt>
    <trkpt lat="43.413355" lon="6.782131">
        <ele>0.0</ele>
    </trkpt>
    <trkpt lat="43.413693" lon="6.781745">
        <ele>0.0</ele>
    </trkpt>
    <trkpt lat="43.414063" lon="6.781461">
        <ele>0.0</ele>
    </trkpt>
    <trkpt lat="43.414261" lon="6.78123">
        <ele>0.0</ele>
    </trkpt>
    <trkpt lat="43.414535" lon="6.780769">
        <ele>0.0</ele>
    </trkpt>
    <trkpt lat="43.414653" lon="6.780501">
        <ele>0.0</ele>
    </trkpt>
    <trkpt lat="43.41475" lon="6.780404">
        <ele>0.0</ele>
    </trkpt>
    <trkpt lat="43.414953" lon="6.780082">
        <ele>0.0</ele>
    </trkpt>
    <trkpt lat="43.415302" lon="6.779353">
        <ele>0.0</ele>
    </trkpt>
    <trkpt lat="43.415345" lon="6.779095">
        <ele>0.0</ele>
    </trkpt>
    <trkpt lat="43.415415" lon="6.778939">
        <ele>0.0</ele>
    </trkpt>
    <trkpt lat="43.415436" lon="6.778768">
        <ele>0.0</ele>
    </trkpt>
    <trkpt lat="43.415495" lon="6.778644">
        <ele>0.0</ele>
    </trkpt>
    <trkpt lat="43.415586" lon="6.778301">
        <ele>0.0</ele>
    </trkpt>
    <trkpt lat="43.415887" lon="6.777808">
        <ele>0.0</ele>
    </trkpt>
    <trkpt lat="43.415994" lon="6.77748">
        <ele>0.0</ele>
    </trkpt>
    <trkpt lat="43.416193" lon="6.777062">
        <ele>0.0</ele>
    </trkpt>
    <trkpt lat="43.41623" lon="6.776912">
        <ele>0.0</ele>
    </trkpt>
    <trkpt lat="43.416348" lon="6.776697">
        <ele>0.0</ele>
    </trkpt>
    <trkpt lat="43.416498" lon="6.77652">
        <ele>0.0</ele>
    </trkpt>
    <trkpt lat="43.416686" lon="6.776375">
        <ele>0.0</ele>
    </trkpt>
    <trkpt lat="43.416842" lon="6.776343">
        <ele>0.0</ele>
    </trkpt>
    <trkpt lat="43.417046" lon="6.776247">
        <ele>0.0</ele>
    </trkpt>
    <trkpt lat="43.417099" lon="6.776177">
        <ele>0.0</ele>
    </trkpt>
    <trkpt lat="43.417212" lon="6.776129">
        <ele>0.0</ele>
    </trkpt>
    <trkpt lat="43.417298" lon="6.776037">
        <ele>0.0</ele>
    </trkpt>
    <trkpt lat="43.417341" lon="6.775871">
        <ele>0.0</ele>
    </trkpt>
    <trkpt lat="43.417528" lon="6.775689">
        <ele>0.0</ele>
    </trkpt>
    <trkpt lat="43.418204" lon="6.774755">
        <ele>0.0</ele>
    </trkpt>
    <trkpt lat="43.418344" lon="6.774659">
        <ele>0.0</ele>
    </trkpt>
    <trkpt lat="43.418306" lon="6.774621">
        <ele>0.0</ele>
    </trkpt>
    <trkpt lat="43.418333" lon="6.774685">
        <ele>0.0</ele>
    </trkpt>
    <trkpt lat="43.41829" lon="6.774632">
        <ele>0.0</ele>
    </trkpt>
    <trkpt lat="43.418387" lon="6.774466">
        <ele>0.0</ele>
    </trkpt>
    <trkpt lat="43.418344" lon="6.774519">
        <ele>0.0</ele>
    </trkpt>
    <trkpt lat="43.41843" lon="6.774455">
        <ele>0.0</ele>
    </trkpt>
    <trkpt lat="43.418381" lon="6.774449">
        <ele>0.0</ele>
    </trkpt>
    <trkpt lat="43.418312" lon="6.774541">
        <ele>0.0</ele>
    </trkpt>
    <trkpt lat="43.418381" lon="6.774439">
        <ele>0.0</ele>
    </trkpt>
    <trkpt lat="43.418435" lon="6.774444">
        <ele>0.0</ele>
    </trkpt>
    <trkpt lat="43.418451" lon="6.774364">
        <ele>0.0</ele>
    </trkpt>
    <trkpt lat="43.418666" lon="6.774106">
        <ele>0.0</ele>
    </trkpt>
    <trkpt lat="43.418891" lon="6.773747">
        <ele>0.0</ele>
    </trkpt>
    <trkpt lat="43.419052" lon="6.773253">
        <ele>0.0</ele>
    </trkpt>
    <trkpt lat="43.419132" lon="6.772722">
        <ele>0.0</ele>
    </trkpt>
    <trkpt lat="43.419229" lon="6.772454">
        <ele>0.0</ele>
    </trkpt>
    <trkpt lat="43.419293" lon="6.771869">
        <ele>0.0</ele>
    </trkpt>
    <trkpt lat="43.419395" lon="6.771606">
        <ele>0.0</ele>
    </trkpt>
    <trkpt lat="43.419438" lon="6.771333">
        <ele>0.0</ele>
    </trkpt>
    <trkpt lat="43.419417" lon="6.771408">
        <ele>0.0</ele>
    </trkpt>
    <trkpt lat="43.419508" lon="6.771343">
        <ele>0.0</ele>
    </trkpt>
    <trkpt lat="43.419519" lon="6.771268">
        <ele>0.0</ele>
    </trkpt>
    <trkpt lat="43.419449" lon="6.771129">
        <ele>0.0</ele>
    </trkpt>
    <trkpt lat="43.419508" lon="6.771059">
        <ele>0.0</ele>
    </trkpt>
    <trkpt lat="43.419728" lon="6.77093">
        <ele>0.0</ele>
    </trkpt>
    <trkpt lat="43.419749" lon="6.77071">
        <ele>0.0</ele>
    </trkpt>
    <trkpt lat="43.419776" lon="6.770657">
        <ele>0.0</ele>
    </trkpt>
    <trkpt lat="43.419878" lon="6.770609">
        <ele>0.0</ele>
    </trkpt>
    <trkpt lat="43.419916" lon="6.77056">
        <ele>0.0</ele>
    </trkpt>
    <trkpt lat="43.419975" lon="6.770351">
        <ele>0.0</ele>
    </trkpt>
    <trkpt lat="43.419958" lon="6.770292">
        <ele>0.0</ele>
    </trkpt>
    <trkpt lat="43.420028" lon="6.770383">
        <ele>0.0</ele>
    </trkpt>
    <trkpt lat="43.420034" lon="6.770313">
        <ele>0.0</ele>
    </trkpt>
    <trkpt lat="43.420119" lon="6.770238">
        <ele>0.0</ele>
    </trkpt>
    <trkpt lat="43.42064" lon="6.770002">
        <ele>0.0</ele>
    </trkpt>
    <trkpt lat="43.420672" lon="6.769938">
        <ele>0.0</ele>
    </trkpt>
    <trkpt lat="43.420811" lon="6.769825">
        <ele>0.0</ele>
    </trkpt>
    <trkpt lat="43.42108" lon="6.769691">
        <ele>0.0</ele>
    </trkpt>
    <trkpt lat="43.421283" lon="6.769702">
        <ele>0.0</ele>
    </trkpt>
    <trkpt lat="43.42138" lon="6.769777">
        <ele>0.0</ele>
    </trkpt>
    <trkpt lat="43.421487" lon="6.769734">
        <ele>0.0</ele>
    </trkpt>
    <trkpt lat="43.421546" lon="6.769745">
        <ele>0.0</ele>
    </trkpt>
    <trkpt lat="43.421702" lon="6.769536">
        <ele>0.0</ele>
    </trkpt>
    <trkpt lat="43.421927" lon="6.769514">
        <ele>0.0</ele>
    </trkpt>
    <trkpt lat="43.422185" lon="6.769257">
        <ele>0.0</ele>
    </trkpt>
    <trkpt lat="43.422297" lon="6.76923">
        <ele>0.0</ele>
    </trkpt>
    <trkpt lat="43.422367" lon="6.769251">
        <ele>0.0</ele>
    </trkpt>
    <trkpt lat="43.422185" lon="6.769321">
        <ele>0.0</ele>
    </trkpt>
    <trkpt lat="43.422163" lon="6.76923">
        <ele>0.0</ele>
    </trkpt>
    <trkpt lat="43.422061" lon="6.76938">
        <ele>0.0</ele>
    </trkpt>
    <trkpt lat="43.422061" lon="6.769316">
        <ele>0.0</ele>
    </trkpt>
    <trkpt lat="43.422104" lon="6.769251">
        <ele>0.0</ele>
    </trkpt>
    <trkpt lat="43.422152" lon="6.76938">
        <ele>0.0</ele>
    </trkpt>
    <trkpt lat="43.422142" lon="6.769455">
        <ele>0.0</ele>
    </trkpt>
    <trkpt lat="43.422099" lon="6.769498">
        <ele>0.0</ele>
    </trkpt>
    <trkpt lat="43.422212" lon="6.769321">
        <ele>0.0</ele>
    </trkpt>
    <trkpt lat="43.422147" lon="6.76968">
        <ele>0.0</ele>
    </trkpt>
    <trkpt lat="43.422195" lon="6.769713">
        <ele>0.0</ele>
    </trkpt>
    <trkpt lat="43.422458" lon="6.769648">
        <ele>0.0</ele>
    </trkpt>
    <trkpt lat="43.42248" lon="6.769734">
        <ele>0.0</ele>
    </trkpt>
    <trkpt lat="43.42256" lon="6.769756">
        <ele>0.0</ele>
    </trkpt>
    <trkpt lat="43.422678" lon="6.769702">
        <ele>0.0</ele>
    </trkpt>
    <trkpt lat="43.423038" lon="6.769402">
        <ele>0.0</ele>
    </trkpt>
    <trkpt lat="43.423113" lon="6.769385">
        <ele>0.0</ele>
    </trkpt>
    <trkpt lat="43.423225" lon="6.769225">
        <ele>0.0</ele>
    </trkpt>
    <trkpt lat="43.423671" lon="6.768769">
        <ele>0.0</ele>
    </trkpt>
    <trkpt lat="43.423869" lon="6.768388">
        <ele>0.0</ele>
    </trkpt>
    <trkpt lat="43.42396" lon="6.768103">
        <ele>0.0</ele>
    </trkpt>
    <trkpt lat="43.423976" lon="6.767953">
        <ele>0.0</ele>
    </trkpt>
    <trkpt lat="43.424041" lon="6.767819">
        <ele>0.0</ele>
    </trkpt>
    <trkpt lat="43.424127" lon="6.767454">
        <ele>0.0</ele>
    </trkpt>
    <trkpt lat="43.42418" lon="6.767336">
        <ele>0.0</ele>
    </trkpt>
    <trkpt lat="43.424143" lon="6.767261">
        <ele>0.0</ele>
    </trkpt>
    <trkpt lat="43.424143" lon="6.7671">
        <ele>0.0</ele>
    </trkpt>
    <trkpt lat="43.424218" lon="6.766666">
        <ele>0.0</ele>
    </trkpt>
    <trkpt lat="43.424191" lon="6.766376">
        <ele>0.0</ele>
    </trkpt>
    <trkpt lat="43.424395" lon="6.766376">
        <ele>0.0</ele>
    </trkpt>
    <trkpt lat="43.424534" lon="6.766424">
        <ele>0.0</ele>
    </trkpt>
    <trkpt lat="43.424615" lon="6.766387">
        <ele>0.0</ele>
    </trkpt>
    <trkpt lat="43.42469" lon="6.766403">
        <ele>0.0</ele>
    </trkpt>
    <trkpt lat="43.424786" lon="6.766043">
        <ele>0.0</ele>
    </trkpt>
    <trkpt lat="43.424749" lon="6.766006">
        <ele>0.0</ele>
    </trkpt>
    <trkpt lat="43.424781" lon="6.765958">
        <ele>0.0</ele>
    </trkpt>
    <trkpt lat="43.424781" lon="6.765888">
        <ele>0.0</ele>
    </trkpt>
    <trkpt lat="43.424722" lon="6.765947">
        <ele>0.0</ele>
    </trkpt>
    <trkpt lat="43.424776" lon="6.766129">
        <ele>0.0</ele>
    </trkpt>
    <trkpt lat="43.424754" lon="6.766">
        <ele>0.0</ele>
    </trkpt>
    <trkpt lat="43.424813" lon="6.765641">
        <ele>0.0</ele>
    </trkpt>
    <trkpt lat="43.424824" lon="6.765335">
        <ele>0.0</ele>
    </trkpt>
    <trkpt lat="43.424862" lon="6.765207">
        <ele>0.0</ele>
    </trkpt>
    <trkpt lat="43.424915" lon="6.765335">
        <ele>0.0</ele>
    </trkpt>
    <trkpt lat="43.424915" lon="6.765416">
        <ele>0.0</ele>
    </trkpt>
    <trkpt lat="43.424845" lon="6.765518">
        <ele>0.0</ele>
    </trkpt>
    <trkpt lat="43.424808" lon="6.765679">
        <ele>0.0</ele>
    </trkpt>
    <trkpt lat="43.424765" lon="6.765716">
        <ele>0.0</ele>
    </trkpt>
    <trkpt lat="43.424727" lon="6.766006">
        <ele>0.0</ele>
    </trkpt>
    <trkpt lat="43.42476" lon="6.76622">
        <ele>0.0</ele>
    </trkpt>
    <trkpt lat="43.424685" lon="6.766451">
        <ele>0.0</ele>
    </trkpt>
    <trkpt lat="43.424701" lon="6.766515">
        <ele>0.0</ele>
    </trkpt>
    <trkpt lat="43.424749" lon="6.766553">
        <ele>0.0</ele>
    </trkpt>
    <trkpt lat="43.424797" lon="6.766548">
        <ele>0.0</ele>
    </trkpt>
    <trkpt lat="43.424781" lon="6.766607">
        <ele>0.0</ele>
    </trkpt>
    <trkpt lat="43.424824" lon="6.766671">
        <ele>0.0</ele>
    </trkpt>
    <trkpt lat="43.424819" lon="6.766837">
        <ele>0.0</ele>
    </trkpt>
    <trkpt lat="43.424733" lon="6.766907">
        <ele>0.0</ele>
    </trkpt>
    <trkpt lat="43.42469" lon="6.767207">
        <ele>0.0</ele>
    </trkpt>
    <trkpt lat="43.424695" lon="6.767411">
        <ele>0.0</ele>
    </trkpt>
    <trkpt lat="43.424647" lon="6.767529">
        <ele>0.0</ele>
    </trkpt>
    <trkpt lat="43.424545" lon="6.767599">
        <ele>0.0</ele>
    </trkpt>
    <trkpt lat="43.424229" lon="6.767556">
        <ele>0.0</ele>
    </trkpt>
    <trkpt lat="43.424282" lon="6.767379">
        <ele>0.0</ele>
    </trkpt>
    <trkpt lat="43.424229" lon="6.767288">
        <ele>0.0</ele>
    </trkpt>
    <trkpt lat="43.424159" lon="6.767256">
        <ele>0.0</ele>
    </trkpt>
    <trkpt lat="43.424084" lon="6.76717">
        <ele>0.0</ele>
    </trkpt>
    <trkpt lat="43.424159" lon="6.766623">
        <ele>0.0</ele>
    </trkpt>
    <trkpt lat="43.424094" lon="6.766505">
        <ele>0.0</ele>
    </trkpt>
    <trkpt lat="43.423987" lon="6.766467">
        <ele>0.0</ele>
    </trkpt>
    <trkpt lat="43.423885" lon="6.766494">
        <ele>0.0</ele>
    </trkpt>
  </trkseg>
</trk>
<trk>
  <name>2011/09/05 07:41:00</name>
  <extensions>
  </extensions>
  <trkseg>
    <trkpt lat="43.423885" lon="6.766494">
        <ele>0.0</ele>
    </trkpt>
    <trkpt lat="43.423992" lon="6.766505">
        <ele>0.0</ele>
    </trkpt>
    <trkpt lat="43.424035" lon="6.766644">
        <ele>0.0</ele>
    </trkpt>
    <trkpt lat="43.424025" lon="6.766859">
        <ele>0.0</ele>
    </trkpt>
    <trkpt lat="43.424057" lon="6.766907">
        <ele>0.0</ele>
    </trkpt>
    <trkpt lat="43.424068" lon="6.767052">
        <ele>0.0</ele>
    </trkpt>
    <trkpt lat="43.424159" lon="6.767143">
        <ele>0.0</ele>
    </trkpt>
    <trkpt lat="43.423955" lon="6.767197">
        <ele>0.0</ele>
    </trkpt>
    <trkpt lat="43.423858" lon="6.767159">
        <ele>0.0</ele>
    </trkpt>
    <trkpt lat="43.423874" lon="6.767385">
        <ele>0.0</ele>
    </trkpt>
    <trkpt lat="43.423837" lon="6.767336">
        <ele>0.0</ele>
    </trkpt>
    <trkpt lat="43.423767" lon="6.767342">
        <ele>0.0</ele>
    </trkpt>
    <trkpt lat="43.423719" lon="6.76747">
        <ele>0.0</ele>
    </trkpt>
    <trkpt lat="43.423655" lon="6.767454">
        <ele>0.0</ele>
    </trkpt>
    <trkpt lat="43.423655" lon="6.767519">
        <ele>0.0</ele>
    </trkpt>
    <trkpt lat="43.423697" lon="6.767486">
        <ele>0.0</ele>
    </trkpt>
    <trkpt lat="43.423714" lon="6.767422">
        <ele>0.0</ele>
    </trkpt>
    <trkpt lat="43.423751" lon="6.767653">
        <ele>0.0</ele>
    </trkpt>
    <trkpt lat="43.423687" lon="6.767615">
        <ele>0.0</ele>
    </trkpt>
    <trkpt lat="43.423848" lon="6.767631">
        <ele>0.0</ele>
    </trkpt>
    <trkpt lat="43.423939" lon="6.76754">
        <ele>0.0</ele>
    </trkpt>
    <trkpt lat="43.424003" lon="6.767347">
        <ele>0.0</ele>
    </trkpt>
    <trkpt lat="43.424019" lon="6.767513">
        <ele>0.0</ele>
    </trkpt>
    <trkpt lat="43.424046" lon="6.767411">
        <ele>0.0</ele>
    </trkpt>
    <trkpt lat="43.424127" lon="6.767304">
        <ele>0.0</ele>
    </trkpt>
    <trkpt lat="43.424137" lon="6.76724">
        <ele>0.0</ele>
    </trkpt>
    <trkpt lat="43.424094" lon="6.767207">
        <ele>0.0</ele>
    </trkpt>
    <trkpt lat="43.423987" lon="6.767519">
        <ele>0.0</ele>
    </trkpt>
    <trkpt lat="43.424003" lon="6.767578">
        <ele>0.0</ele>
    </trkpt>
    <trkpt lat="43.424078" lon="6.767476">
        <ele>0.0</ele>
    </trkpt>
    <trkpt lat="43.42395" lon="6.767572">
        <ele>0.0</ele>
    </trkpt>
    <trkpt lat="43.423837" lon="6.767545">
        <ele>0.0</ele>
    </trkpt>
    <trkpt lat="43.423735" lon="6.767594">
        <ele>0.0</ele>
    </trkpt>
    <trkpt lat="43.423681" lon="6.767578">
        <ele>0.0</ele>
    </trkpt>
    <trkpt lat="43.423644" lon="6.767615">
        <ele>0.0</ele>
    </trkpt>
    <trkpt lat="43.423596" lon="6.767588">
        <ele>0.0</ele>
    </trkpt>
    <trkpt lat="43.423547" lon="6.767599">
        <ele>0.0</ele>
    </trkpt>
    <trkpt lat="43.423526" lon="6.767535">
        <ele>0.0</ele>
    </trkpt>
    <trkpt lat="43.423563" lon="6.767229">
        <ele>0.0</ele>
    </trkpt>
    <trkpt lat="43.423612" lon="6.767191">
        <ele>0.0</ele>
    </trkpt>
    <trkpt lat="43.423655" lon="6.767224">
        <ele>0.0</ele>
    </trkpt>
  </trkseg>
</trk>
<trk>
  <name>2011/09/06 18:17:00</name>
  <extensions>
  </extensions>
  <trkseg>
    <trkpt lat="43.423397" lon="6.755036">
        <ele>0.0</ele>
    </trkpt>
    <trkpt lat="43.423295" lon="6.754966">
        <ele>0.0</ele>
    </trkpt>
    <trkpt lat="43.423113" lon="6.754617">
        <ele>0.0</ele>
    </trkpt>
    <trkpt lat="43.423075" lon="6.754446">
        <ele>0.0</ele>
    </trkpt>
    <trkpt lat="43.422871" lon="6.754075">
        <ele>0.0</ele>
    </trkpt>
    <trkpt lat="43.422834" lon="6.753866">
        <ele>0.0</ele>
    </trkpt>
    <trkpt lat="43.422769" lon="6.753754">
        <ele>0.0</ele>
    </trkpt>
    <trkpt lat="43.422732" lon="6.75356">
        <ele>0.0</ele>
    </trkpt>
    <trkpt lat="43.422512" lon="6.753158">
        <ele>0.0</ele>
    </trkpt>
    <trkpt lat="43.422378" lon="6.753013">
        <ele>0.0</ele>
    </trkpt>
    <trkpt lat="43.422303" lon="6.752686">
        <ele>0.0</ele>
    </trkpt>
    <trkpt lat="43.422217" lon="6.752547">
        <ele>0.0</ele>
    </trkpt>
    <trkpt lat="43.421874" lon="6.751726">
        <ele>0.0</ele>
    </trkpt>
    <trkpt lat="43.421568" lon="6.751055">
        <ele>0.0</ele>
    </trkpt>
    <trkpt lat="43.421444" lon="6.750835">
        <ele>0.0</ele>
    </trkpt>
    <trkpt lat="43.421337" lon="6.750728">
        <ele>0.0</ele>
    </trkpt>
    <trkpt lat="43.421316" lon="6.750497">
        <ele>0.0</ele>
    </trkpt>
    <trkpt lat="43.421273" lon="6.750465">
        <ele>0.0</ele>
    </trkpt>
    <trkpt lat="43.421267" lon="6.750395">
        <ele>0.0</ele>
    </trkpt>
    <trkpt lat="43.421385" lon="6.750181">
        <ele>0.0</ele>
    </trkpt>
    <trkpt lat="43.421498" lon="6.750068">
        <ele>0.0</ele>
    </trkpt>
    <trkpt lat="43.421525" lon="6.749988">
        <ele>0.0</ele>
    </trkpt>
    <trkpt lat="43.421595" lon="6.749945">
        <ele>0.0</ele>
    </trkpt>
    <trkpt lat="43.421788" lon="6.749998">
        <ele>0.0</ele>
    </trkpt>
    <trkpt lat="43.421723" lon="6.75002">
        <ele>0.0</ele>
    </trkpt>
    <trkpt lat="43.421772" lon="6.750009">
        <ele>0.0</ele>
    </trkpt>
    <trkpt lat="43.421868" lon="6.74987">
        <ele>0.0</ele>
    </trkpt>
    <trkpt lat="43.421938" lon="6.749693">
        <ele>0.0</ele>
    </trkpt>
    <trkpt lat="43.422158" lon="6.749371">
        <ele>0.0</ele>
    </trkpt>
    <trkpt lat="43.422169" lon="6.749081">
        <ele>0.0</ele>
    </trkpt>
    <trkpt lat="43.422313" lon="6.748743">
        <ele>0.0</ele>
    </trkpt>
    <trkpt lat="43.42241" lon="6.748604">
        <ele>0.0</ele>
    </trkpt>
    <trkpt lat="43.422458" lon="6.748588">
        <ele>0.0</ele>
    </trkpt>
    <trkpt lat="43.422512" lon="6.748609">
        <ele>0.0</ele>
    </trkpt>
    <trkpt lat="43.42271" lon="6.748727">
        <ele>0.0</ele>
    </trkpt>
    <trkpt lat="43.422796" lon="6.748641">
        <ele>0.0</ele>
    </trkpt>
    <trkpt lat="43.422882" lon="6.74847">
        <ele>0.0</ele>
    </trkpt>
    <trkpt lat="43.422898" lon="6.748346">
        <ele>0.0</ele>
    </trkpt>
    <trkpt lat="43.422968" lon="6.748164">
        <ele>0.0</ele>
    </trkpt>
    <trkpt lat="43.423161" lon="6.748062">
        <ele>0.0</ele>
    </trkpt>
    <trkpt lat="43.423284" lon="6.748083">
        <ele>0.0</ele>
    </trkpt>
    <trkpt lat="43.423445" lon="6.748217">
        <ele>0.0</ele>
    </trkpt>
    <trkpt lat="43.423649" lon="6.74833">
        <ele>0.0</ele>
    </trkpt>
    <trkpt lat="43.423778" lon="6.748357">
        <ele>0.0</ele>
    </trkpt>
    <trkpt lat="43.423848" lon="6.748137">
        <ele>0.0</ele>
    </trkpt>
    <trkpt lat="43.424035" lon="6.747831">
        <ele>0.0</ele>
    </trkpt>
    <trkpt lat="43.424073" lon="6.747863">
        <ele>0.0</ele>
    </trkpt>
    <trkpt lat="43.42433" lon="6.74766">
        <ele>0.0</ele>
    </trkpt>
    <trkpt lat="43.424389" lon="6.747558">
        <ele>0.0</ele>
    </trkpt>
    <trkpt lat="43.424368" lon="6.747472">
        <ele>0.0</ele>
    </trkpt>
    <trkpt lat="43.424384" lon="6.747348">
        <ele>0.0</ele>
    </trkpt>
    <trkpt lat="43.424341" lon="6.747322">
        <ele>0.0</ele>
    </trkpt>
    <trkpt lat="43.424363" lon="6.747257">
        <ele>0.0</ele>
    </trkpt>
    <trkpt lat="43.424298" lon="6.747193">
        <ele>0.0</ele>
    </trkpt>
    <trkpt lat="43.424052" lon="6.747128">
        <ele>0.0</ele>
    </trkpt>
    <trkpt lat="43.423719" lon="6.746528">
        <ele>0.0</ele>
    </trkpt>
    <trkpt lat="43.423601" lon="6.746388">
        <ele>0.0</ele>
    </trkpt>
    <trkpt lat="43.423558" lon="6.746233">
        <ele>0.0</ele>
    </trkpt>
    <trkpt lat="43.423429" lon="6.746018">
        <ele>0.0</ele>
    </trkpt>
    <trkpt lat="43.423349" lon="6.745787">
        <ele>0.0</ele>
    </trkpt>
    <trkpt lat="43.423156" lon="6.745396">
        <ele>0.0</ele>
    </trkpt>
    <trkpt lat="43.423123" lon="6.745165">
        <ele>0.0</ele>
    </trkpt>
    <trkpt lat="43.423188" lon="6.745052">
        <ele>0.0</ele>
    </trkpt>
    <trkpt lat="43.423279" lon="6.744934">
        <ele>0.0</ele>
    </trkpt>
    <trkpt lat="43.423633" lon="6.744618">
        <ele>0.0</ele>
    </trkpt>
    <trkpt lat="43.423724" lon="6.744484">
        <ele>0.0</ele>
    </trkpt>
    <trkpt lat="43.423617" lon="6.744473">
        <ele>0.0</ele>
    </trkpt>
    <trkpt lat="43.42352" lon="6.744505">
        <ele>0.0</ele>
    </trkpt>
    <trkpt lat="43.423456" lon="6.744484">
        <ele>0.0</ele>
    </trkpt>
    <trkpt lat="43.423317" lon="6.744688">
        <ele>0.0</ele>
    </trkpt>
    <trkpt lat="43.423075" lon="6.744886">
        <ele>0.0</ele>
    </trkpt>
    <trkpt lat="43.423027" lon="6.744838">
        <ele>0.0</ele>
    </trkpt>
    <trkpt lat="43.422893" lon="6.744806">
        <ele>0.0</ele>
    </trkpt>
    <trkpt lat="43.422828" lon="6.744741">
        <ele>0.0</ele>
    </trkpt>
    <trkpt lat="43.422657" lon="6.744457">
        <ele>0.0</ele>
    </trkpt>
    <trkpt lat="43.422512" lon="6.744414">
        <ele>0.0</ele>
    </trkpt>
    <trkpt lat="43.422351" lon="6.744414">
        <ele>0.0</ele>
    </trkpt>
    <trkpt lat="43.422222" lon="6.744478">
        <ele>0.0</ele>
    </trkpt>
    <trkpt lat="43.42212" lon="6.74457">
        <ele>0.0</ele>
    </trkpt>
    <trkpt lat="43.422061" lon="6.744704">
        <ele>0.0</ele>
    </trkpt>
    <trkpt lat="43.421874" lon="6.744843">
        <ele>0.0</ele>
    </trkpt>
    <trkpt lat="43.42182" lon="6.744854">
        <ele>0.0</ele>
    </trkpt>
    <trkpt lat="43.421734" lon="6.744661">
        <ele>0.0</ele>
    </trkpt>
    <trkpt lat="43.421648" lon="6.744543">
        <ele>0.0</ele>
    </trkpt>
    <trkpt lat="43.421621" lon="6.744398">
        <ele>0.0</ele>
    </trkpt>
    <trkpt lat="43.421638" lon="6.744301">
        <ele>0.0</ele>
    </trkpt>
    <trkpt lat="43.421723" lon="6.744146">
        <ele>0.0</ele>
    </trkpt>
    <trkpt lat="43.422163" lon="6.743647">
        <ele>0.0</ele>
    </trkpt>
    <trkpt lat="43.422099" lon="6.743465">
        <ele>0.0</ele>
    </trkpt>
    <trkpt lat="43.421857" lon="6.743196">
        <ele>0.0</ele>
    </trkpt>
    <trkpt lat="43.421831" lon="6.743121">
        <ele>0.0</ele>
    </trkpt>
    <trkpt lat="43.421868" lon="6.742912">
        <ele>0.0</ele>
    </trkpt>
    <trkpt lat="43.42233" lon="6.742456">
        <ele>0.0</ele>
    </trkpt>
    <trkpt lat="43.422421" lon="6.742295">
        <ele>0.0</ele>
    </trkpt>
    <trkpt lat="43.422887" lon="6.741737">
        <ele>0.0</ele>
    </trkpt>
    <trkpt lat="43.423542" lon="6.741045">
        <ele>0.0</ele>
    </trkpt>
    <trkpt lat="43.423708" lon="6.740772">
        <ele>0.0</ele>
    </trkpt>
    <trkpt lat="43.424212" lon="6.740251">
        <ele>0.0</ele>
    </trkpt>
    <trkpt lat="43.425103" lon="6.739173">
        <ele>0.0</ele>
    </trkpt>
    <trkpt lat="43.425436" lon="6.738824">
        <ele>0.0</ele>
    </trkpt>
    <trkpt lat="43.425618" lon="6.738765">
        <ele>0.0</ele>
    </trkpt>
    <trkpt lat="43.425672" lon="6.73869">
        <ele>0.0</ele>
    </trkpt>
    <trkpt lat="43.425666" lon="6.738599">
        <ele>0.0</ele>
    </trkpt>
    <trkpt lat="43.425414" lon="6.737977">
        <ele>0.0</ele>
    </trkpt>
    <trkpt lat="43.424808" lon="6.73597">
        <ele>0.0</ele>
    </trkpt>
    <trkpt lat="43.424792" lon="6.735901">
        <ele>0.0</ele>
    </trkpt>
    <trkpt lat="43.424872" lon="6.735879">
        <ele>0.0</ele>
    </trkpt>
    <trkpt lat="43.424888" lon="6.735815">
        <ele>0.0</ele>
    </trkpt>
    <trkpt lat="43.424867" lon="6.735751">
        <ele>0.0</ele>
    </trkpt>
    <trkpt lat="43.424636" lon="6.735568">
        <ele>0.0</ele>
    </trkpt>
    <trkpt lat="43.424658" lon="6.735649">
        <ele>0.0</ele>
    </trkpt>
    <trkpt lat="43.42455" lon="6.7356">
        <ele>0.0</ele>
    </trkpt>
    <trkpt lat="43.424379" lon="6.735445">
        <ele>0.0</ele>
    </trkpt>
    <trkpt lat="43.424191" lon="6.735075">
        <ele>0.0</ele>
    </trkpt>
    <trkpt lat="43.424073" lon="6.734951">
        <ele>0.0</ele>
    </trkpt>
    <trkpt lat="43.423537" lon="6.733927">
        <ele>0.0</ele>
    </trkpt>
    <trkpt lat="43.423" lon="6.733106">
        <ele>0.0</ele>
    </trkpt>
    <trkpt lat="43.422828" lon="6.732763">
        <ele>0.0</ele>
    </trkpt>
    <trkpt lat="43.422662" lon="6.732548">
        <ele>0.0</ele>
    </trkpt>
    <trkpt lat="43.422464" lon="6.732215">
        <ele>0.0</ele>
    </trkpt>
    <trkpt lat="43.422061" lon="6.7317">
        <ele>0.0</ele>
    </trkpt>
    <trkpt lat="43.421831" lon="6.731357">
        <ele>0.0</ele>
    </trkpt>
    <trkpt lat="43.421573" lon="6.73089">
        <ele>0.0</ele>
    </trkpt>
    <trkpt lat="43.421396" lon="6.730654">
        <ele>0.0</ele>
    </trkpt>
    <trkpt lat="43.421182" lon="6.730456">
        <ele>0.0</ele>
    </trkpt>
    <trkpt lat="43.420972" lon="6.730311">
        <ele>0.0</ele>
    </trkpt>
    <trkpt lat="43.419819" lon="6.729689">
        <ele>0.0</ele>
    </trkpt>
    <trkpt lat="43.419728" lon="6.729614">
        <ele>0.0</ele>
    </trkpt>
    <trkpt lat="43.419669" lon="6.729399">
        <ele>0.0</ele>
    </trkpt>
    <trkpt lat="43.419669" lon="6.729297">
        <ele>0.0</ele>
    </trkpt>
    <trkpt lat="43.419798" lon="6.728986">
        <ele>0.0</ele>
    </trkpt>
    <trkpt lat="43.419792" lon="6.728696">
        <ele>0.0</ele>
    </trkpt>
    <trkpt lat="43.419717" lon="6.728498">
        <ele>0.0</ele>
    </trkpt>
    <trkpt lat="43.419604" lon="6.72838">
        <ele>0.0</ele>
    </trkpt>
    <trkpt lat="43.419449" lon="6.728332">
        <ele>0.0</ele>
    </trkpt>
    <trkpt lat="43.418837" lon="6.728283">
        <ele>0.0</ele>
    </trkpt>
    <trkpt lat="43.418741" lon="6.728305">
        <ele>0.0</ele>
    </trkpt>
    <trkpt lat="43.418381" lon="6.728503">
        <ele>0.0</ele>
    </trkpt>
    <trkpt lat="43.418301" lon="6.728487">
        <ele>0.0</ele>
    </trkpt>
    <trkpt lat="43.416332" lon="6.727414">
        <ele>0.0</ele>
    </trkpt>
    <trkpt lat="43.416085" lon="6.727291">
        <ele>0.0</ele>
    </trkpt>
    <trkpt lat="43.415898" lon="6.727248">
        <ele>0.0</ele>
    </trkpt>
    <trkpt lat="43.415045" lon="6.726787">
        <ele>0.0</ele>
    </trkpt>
    <trkpt lat="43.413966" lon="6.726159">
        <ele>0.0</ele>
    </trkpt>
    <trkpt lat="43.413897" lon="6.725971">
        <ele>0.0</ele>
    </trkpt>
    <trkpt lat="43.413773" lon="6.725885">
        <ele>0.0</ele>
    </trkpt>
    <trkpt lat="43.413349" lon="6.72573">
        <ele>0.0</ele>
    </trkpt>
    <trkpt lat="43.413119" lon="6.72559">
        <ele>0.0</ele>
    </trkpt>
    <trkpt lat="43.413006" lon="6.725472">
        <ele>0.0</ele>
    </trkpt>
    <trkpt lat="43.412615" lon="6.725354">
        <ele>0.0</ele>
    </trkpt>
    <trkpt lat="43.412073" lon="6.725081">
        <ele>0.0</ele>
    </trkpt>
    <trkpt lat="43.411853" lon="6.72507">
        <ele>0.0</ele>
    </trkpt>
    <trkpt lat="43.411713" lon="6.725129">
        <ele>0.0</ele>
    </trkpt>
    <trkpt lat="43.410876" lon="6.724587">
        <ele>0.0</ele>
    </trkpt>
    <trkpt lat="43.410624" lon="6.724319">
        <ele>0.0</ele>
    </trkpt>
    <trkpt lat="43.410469" lon="6.724201">
        <ele>0.0</ele>
    </trkpt>
    <trkpt lat="43.41019" lon="6.72412">
        <ele>0.0</ele>
    </trkpt>
    <trkpt lat="43.409959" lon="6.724099">
        <ele>0.0</ele>
    </trkpt>
    <trkpt lat="43.409546" lon="6.724115">
        <ele>0.0</ele>
    </trkpt>
    <trkpt lat="43.409337" lon="6.724196">
        <ele>0.0</ele>
    </trkpt>
    <trkpt lat="43.409128" lon="6.72419">
        <ele>0.0</ele>
    </trkpt>
    <trkpt lat="43.409026" lon="6.724228">
        <ele>0.0</ele>
    </trkpt>
    <trkpt lat="43.408355" lon="6.724818">
        <ele>0.0</ele>
    </trkpt>
    <trkpt lat="43.408285" lon="6.72492">
        <ele>0.0</ele>
    </trkpt>
    <trkpt lat="43.40813" lon="6.725054">
        <ele>0.0</ele>
    </trkpt>
    <trkpt lat="43.407878" lon="6.72522">
        <ele>0.0</ele>
    </trkpt>
    <trkpt lat="43.406869" lon="6.726282">
        <ele>0.0</ele>
    </trkpt>
    <trkpt lat="43.406783" lon="6.726422">
        <ele>0.0</ele>
    </trkpt>
    <trkpt lat="43.406322" lon="6.726797">
        <ele>0.0</ele>
    </trkpt>
    <trkpt lat="43.406258" lon="6.726931">
        <ele>0.0</ele>
    </trkpt>
    <trkpt lat="43.406177" lon="6.727023">
        <ele>0.0</ele>
    </trkpt>
    <trkpt lat="43.405115" lon="6.728047">
        <ele>0.0</ele>
    </trkpt>
    <trkpt lat="43.40467" lon="6.728535">
        <ele>0.0</ele>
    </trkpt>
    <trkpt lat="43.404101" lon="6.729066">
        <ele>0.0</ele>
    </trkpt>
    <trkpt lat="43.403822" lon="6.72927">
        <ele>0.0</ele>
    </trkpt>
    <trkpt lat="43.403211" lon="6.729603">
        <ele>0.0</ele>
    </trkpt>
    <trkpt lat="43.402519" lon="6.729817">
        <ele>0.0</ele>
    </trkpt>
    <trkpt lat="43.402149" lon="6.729871">
        <ele>0.0</ele>
    </trkpt>
    <trkpt lat="43.401564" lon="6.729882">
        <ele>0.0</ele>
    </trkpt>
    <trkpt lat="43.401156" lon="6.729828">
        <ele>0.0</ele>
    </trkpt>
    <trkpt lat="43.399847" lon="6.729764">
        <ele>0.0</ele>
    </trkpt>
    <trkpt lat="43.399509" lon="6.729726">
        <ele>0.0</ele>
    </trkpt>
    <trkpt lat="43.399338" lon="6.729667">
        <ele>0.0</ele>
    </trkpt>
    <trkpt lat="43.399048" lon="6.729624">
        <ele>0.0</ele>
    </trkpt>
    <trkpt lat="43.398731" lon="6.729522">
        <ele>0.0</ele>
    </trkpt>
    <trkpt lat="43.398474" lon="6.729394">
        <ele>0.0</ele>
    </trkpt>
    <trkpt lat="43.397621" lon="6.729131">
        <ele>0.0</ele>
    </trkpt>
    <trkpt lat="43.39488" lon="6.728117">
        <ele>0.0</ele>
    </trkpt>
    <trkpt lat="43.393909" lon="6.727795">
        <ele>0.0</ele>
    </trkpt>
    <trkpt lat="43.393769" lon="6.72787">
        <ele>0.0</ele>
    </trkpt>
    <trkpt lat="43.393673" lon="6.727983">
        <ele>0.0</ele>
    </trkpt>
    <trkpt lat="43.393619" lon="6.727972">
        <ele>0.0</ele>
    </trkpt>
    <trkpt lat="43.393651" lon="6.728015">
        <ele>0.0</ele>
    </trkpt>
    <trkpt lat="43.393635" lon="6.728144">
        <ele>0.0</ele>
    </trkpt>
    <trkpt lat="43.393544" lon="6.728197">
        <ele>0.0</ele>
    </trkpt>
    <trkpt lat="43.393174" lon="6.728171">
        <ele>0.0</ele>
    </trkpt>
    <trkpt lat="43.39246" lon="6.728058">
        <ele>0.0</ele>
    </trkpt>
    <trkpt lat="43.392112" lon="6.727972">
        <ele>0.0</ele>
    </trkpt>
    <trkpt lat="43.391752" lon="6.727822">
        <ele>0.0</ele>
    </trkpt>
    <trkpt lat="43.391624" lon="6.727699">
        <ele>0.0</ele>
    </trkpt>
    <trkpt lat="43.391575" lon="6.727699">
        <ele>0.0</ele>
    </trkpt>
    <trkpt lat="43.391548" lon="6.727516">
        <ele>0.0</ele>
    </trkpt>
    <trkpt lat="43.391452" lon="6.727259">
        <ele>0.0</ele>
    </trkpt>
    <trkpt lat="43.391377" lon="6.726937">
        <ele>0.0</ele>
    </trkpt>
    <trkpt lat="43.391227" lon="6.726626">
        <ele>0.0</ele>
    </trkpt>
    <trkpt lat="43.390969" lon="6.726288">
        <ele>0.0</ele>
    </trkpt>
    <trkpt lat="43.390797" lon="6.726207">
        <ele>0.0</ele>
    </trkpt>
    <trkpt lat="43.390594" lon="6.726019">
        <ele>0.0</ele>
    </trkpt>
    <trkpt lat="43.390138" lon="6.725778">
        <ele>0.0</ele>
    </trkpt>
    <trkpt lat="43.389623" lon="6.725419">
        <ele>0.0</ele>
    </trkpt>
    <trkpt lat="43.389446" lon="6.725338">
        <ele>0.0</ele>
    </trkpt>
    <trkpt lat="43.389413" lon="6.725193">
        <ele>0.0</ele>
    </trkpt>
    <trkpt lat="43.38929" lon="6.725161">
        <ele>0.0</ele>
    </trkpt>
    <trkpt lat="43.389049" lon="6.725006">
        <ele>0.0</ele>
    </trkpt>
    <trkpt lat="43.388952" lon="6.724909">
        <ele>0.0</ele>
    </trkpt>
    <trkpt lat="43.388609" lon="6.724711">
        <ele>0.0</ele>
    </trkpt>
    <trkpt lat="43.387681" lon="6.724056">
        <ele>0.0</ele>
    </trkpt>
    <trkpt lat="43.387268" lon="6.723804">
        <ele>0.0</ele>
    </trkpt>
    <trkpt lat="43.386436" lon="6.723133">
        <ele>0.0</ele>
    </trkpt>
    <trkpt lat="43.386265" lon="6.723037">
        <ele>0.0</ele>
    </trkpt>
    <trkpt lat="43.386147" lon="6.722913">
        <ele>0.0</ele>
    </trkpt>
    <trkpt lat="43.385637" lon="6.72272">
        <ele>0.0</ele>
    </trkpt>
    <trkpt lat="43.385336" lon="6.722565">
        <ele>0.0</ele>
    </trkpt>
    <trkpt lat="43.384961" lon="6.722474">
        <ele>0.0</ele>
    </trkpt>
    <trkpt lat="43.38472" lon="6.722345">
        <ele>0.0</ele>
    </trkpt>
    <trkpt lat="43.384682" lon="6.7222">
        <ele>0.0</ele>
    </trkpt>
    <trkpt lat="43.38458" lon="6.722136">
        <ele>0.0</ele>
    </trkpt>
    <trkpt lat="43.384446" lon="6.722141">
        <ele>0.0</ele>
    </trkpt>
    <trkpt lat="43.384366" lon="6.722243">
        <ele>0.0</ele>
    </trkpt>
    <trkpt lat="43.384189" lon="6.72227">
        <ele>0.0</ele>
    </trkpt>
    <trkpt lat="43.382794" lon="6.722329">
        <ele>0.0</ele>
    </trkpt>
    <trkpt lat="43.382568" lon="6.722302">
        <ele>0.0</ele>
    </trkpt>
    <trkpt lat="43.381619" lon="6.721959">
        <ele>0.0</ele>
    </trkpt>
    <trkpt lat="43.381372" lon="6.721851">
        <ele>0.0</ele>
    </trkpt>
    <trkpt lat="43.380954" lon="6.721556">
        <ele>0.0</ele>
    </trkpt>
    <trkpt lat="43.380648" lon="6.721401">
        <ele>0.0</ele>
    </trkpt>
    <trkpt lat="43.379827" lon="6.720811">
        <ele>0.0</ele>
    </trkpt>
    <trkpt lat="43.379087" lon="6.720242">
        <ele>0.0</ele>
    </trkpt>
    <trkpt lat="43.378599" lon="6.7197">
        <ele>0.0</ele>
    </trkpt>
    <trkpt lat="43.378475" lon="6.719614">
        <ele>0.0</ele>
    </trkpt>
    <trkpt lat="43.378352" lon="6.719577">
        <ele>0.0</ele>
    </trkpt>
    <trkpt lat="43.378229" lon="6.719588">
        <ele>0.0</ele>
    </trkpt>
    <trkpt lat="43.378041" lon="6.719668">
        <ele>0.0</ele>
    </trkpt>
    <trkpt lat="43.376909" lon="6.72036">
        <ele>0.0</ele>
    </trkpt>
    <trkpt lat="43.376694" lon="6.72043">
        <ele>0.0</ele>
    </trkpt>
    <trkpt lat="43.376432" lon="6.720339">
        <ele>0.0</ele>
    </trkpt>
    <trkpt lat="43.376303" lon="6.720167">
        <ele>0.0</ele>
    </trkpt>
    <trkpt lat="43.376174" lon="6.719883">
        <ele>0.0</ele>
    </trkpt>
    <trkpt lat="43.376158" lon="6.719706">
        <ele>0.0</ele>
    </trkpt>
    <trkpt lat="43.376008" lon="6.719148">
        <ele>0.0</ele>
    </trkpt>
    <trkpt lat="43.375718" lon="6.718643">
        <ele>0.0</ele>
    </trkpt>
    <trkpt lat="43.375455" lon="6.718413">
        <ele>0.0</ele>
    </trkpt>
    <trkpt lat="43.374903" lon="6.718322">
        <ele>0.0</ele>
    </trkpt>
    <trkpt lat="43.37464" lon="6.718166">
        <ele>0.0</ele>
    </trkpt>
    <trkpt lat="43.374559" lon="6.718075">
        <ele>0.0</ele>
    </trkpt>
    <trkpt lat="43.374221" lon="6.717485">
        <ele>0.0</ele>
    </trkpt>
    <trkpt lat="43.373685" lon="6.716905">
        <ele>0.0</ele>
    </trkpt>
    <trkpt lat="43.373326" lon="6.716439">
        <ele>0.0</ele>
    </trkpt>
    <trkpt lat="43.373079" lon="6.716052">
        <ele>0.0</ele>
    </trkpt>
    <trkpt lat="43.372945" lon="6.715773">
        <ele>0.0</ele>
    </trkpt>
    <trkpt lat="43.372864" lon="6.715527">
        <ele>0.0</ele>
    </trkpt>
    <trkpt lat="43.372805" lon="6.715039">
        <ele>0.0</ele>
    </trkpt>
    <trkpt lat="43.372816" lon="6.714808">
        <ele>0.0</ele>
    </trkpt>
    <trkpt lat="43.372966" lon="6.714309">
        <ele>0.0</ele>
    </trkpt>
    <trkpt lat="43.372982" lon="6.714035">
        <ele>0.0</ele>
    </trkpt>
    <trkpt lat="43.372945" lon="6.713853">
        <ele>0.0</ele>
    </trkpt>
    <trkpt lat="43.372859" lon="6.713676">
        <ele>0.0</ele>
    </trkpt>
    <trkpt lat="43.372757" lon="6.713553">
        <ele>0.0</ele>
    </trkpt>
    <trkpt lat="43.372623" lon="6.713461">
        <ele>0.0</ele>
    </trkpt>
    <trkpt lat="43.372408" lon="6.713435">
        <ele>0.0</ele>
    </trkpt>
    <trkpt lat="43.372215" lon="6.713504">
        <ele>0.0</ele>
    </trkpt>
    <trkpt lat="43.371856" lon="6.713692">
        <ele>0.0</ele>
    </trkpt>
    <trkpt lat="43.371491" lon="6.713773">
        <ele>0.0</ele>
    </trkpt>
    <trkpt lat="43.37126" lon="6.713719">
        <ele>0.0</ele>
    </trkpt>
    <trkpt lat="43.370879" lon="6.713451">
        <ele>0.0</ele>
    </trkpt>
    <trkpt lat="43.370756" lon="6.713397">
        <ele>0.0</ele>
    </trkpt>
    <trkpt lat="43.370499" lon="6.713359">
        <ele>0.0</ele>
    </trkpt>
    <trkpt lat="43.370246" lon="6.71344">
        <ele>0.0</ele>
    </trkpt>
    <trkpt lat="43.369726" lon="6.71374">
        <ele>0.0</ele>
    </trkpt>
    <trkpt lat="43.369517" lon="6.71381">
        <ele>0.0</ele>
    </trkpt>
    <trkpt lat="43.369184" lon="6.713805">
        <ele>0.0</ele>
    </trkpt>
    <trkpt lat="43.368954" lon="6.713751">
        <ele>0.0</ele>
    </trkpt>
    <trkpt lat="43.368787" lon="6.713654">
        <ele>0.0</ele>
    </trkpt>
    <trkpt lat="43.3686" lon="6.713456">
        <ele>0.0</ele>
    </trkpt>
    <trkpt lat="43.368101" lon="6.7127">
        <ele>0.0</ele>
    </trkpt>
    <trkpt lat="43.367779" lon="6.712324">
        <ele>0.0</ele>
    </trkpt>
    <trkpt lat="43.367553" lon="6.712169">
        <ele>0.0</ele>
    </trkpt>
    <trkpt lat="43.36736" lon="6.712104">
        <ele>0.0</ele>
    </trkpt>
    <trkpt lat="43.366953" lon="6.71212">
        <ele>0.0</ele>
    </trkpt>
    <trkpt lat="43.366599" lon="6.712228">
        <ele>0.0</ele>
    </trkpt>
    <trkpt lat="43.364287" lon="6.713467">
        <ele>0.0</ele>
    </trkpt>
    <trkpt lat="43.363804" lon="6.713821">
        <ele>0.0</ele>
    </trkpt>
    <trkpt lat="43.363053" lon="6.714486">
        <ele>0.0</ele>
    </trkpt>
    <trkpt lat="43.36206" lon="6.715248">
        <ele>0.0</ele>
    </trkpt>
    <trkpt lat="43.361288" lon="6.716374">
        <ele>0.0</ele>
    </trkpt>
    <trkpt lat="43.361122" lon="6.71653">
        <ele>0.0</ele>
    </trkpt>
    <trkpt lat="43.360891" lon="6.716648">
        <ele>0.0</ele>
    </trkpt>
    <trkpt lat="43.360548" lon="6.716675">
        <ele>0.0</ele>
    </trkpt>
    <trkpt lat="43.360188" lon="6.716524">
        <ele>0.0</ele>
    </trkpt>
    <trkpt lat="43.359625" lon="6.716117">
        <ele>0.0</ele>
    </trkpt>
    <trkpt lat="43.359078" lon="6.715591">
        <ele>0.0</ele>
    </trkpt>
    <trkpt lat="43.358863" lon="6.715468">
        <ele>0.0</ele>
    </trkpt>
    <trkpt lat="43.358815" lon="6.715457">
        <ele>0.0</ele>
    </trkpt>
    <trkpt lat="43.358729" lon="6.715494">
        <ele>0.0</ele>
    </trkpt>
    <trkpt lat="43.35859" lon="6.715639">
        <ele>0.0</ele>
    </trkpt>
    <trkpt lat="43.358536" lon="6.715832">
        <ele>0.0</ele>
    </trkpt>
    <trkpt lat="43.35853" lon="6.716208">
        <ele>0.0</ele>
    </trkpt>
    <trkpt lat="43.358579" lon="6.716541">
        <ele>0.0</ele>
    </trkpt>
    <trkpt lat="43.358579" lon="6.716782">
        <ele>0.0</ele>
    </trkpt>
    <trkpt lat="43.358504" lon="6.716959">
        <ele>0.0</ele>
    </trkpt>
    <trkpt lat="43.358321" lon="6.717109">
        <ele>0.0</ele>
    </trkpt>
    <trkpt lat="43.357447" lon="6.717415">
        <ele>0.0</ele>
    </trkpt>
    <trkpt lat="43.357227" lon="6.717367">
        <ele>0.0</ele>
    </trkpt>
    <trkpt lat="43.357114" lon="6.717238">
        <ele>0.0</ele>
    </trkpt>
    <trkpt lat="43.356556" lon="6.716187">
        <ele>0.0</ele>
    </trkpt>
    <trkpt lat="43.356315" lon="6.7158">
        <ele>0.0</ele>
    </trkpt>
    <trkpt lat="43.355746" lon="6.715269">
        <ele>0.0</ele>
    </trkpt>
    <trkpt lat="43.355484" lon="6.715087">
        <ele>0.0</ele>
    </trkpt>
    <trkpt lat="43.354582" lon="6.714357">
        <ele>0.0</ele>
    </trkpt>
    <trkpt lat="43.354437" lon="6.714196">
        <ele>0.0</ele>
    </trkpt>
    <trkpt lat="43.354121" lon="6.713633">
        <ele>0.0</ele>
    </trkpt>
    <trkpt lat="43.353837" lon="6.713322">
        <ele>0.0</ele>
    </trkpt>
    <trkpt lat="43.352656" lon="6.712356">
        <ele>0.0</ele>
    </trkpt>
    <trkpt lat="43.352469" lon="6.712281">
        <ele>0.0</ele>
    </trkpt>
    <trkpt lat="43.352276" lon="6.712265">
        <ele>0.0</ele>
    </trkpt>
    <trkpt lat="43.352115" lon="6.712324">
        <ele>0.0</ele>
    </trkpt>
    <trkpt lat="43.351938" lon="6.71249">
        <ele>0.0</ele>
    </trkpt>
    <trkpt lat="43.351868" lon="6.712598">
        <ele>0.0</ele>
    </trkpt>
    <trkpt lat="43.351809" lon="6.712775">
        <ele>0.0</ele>
    </trkpt>
    <trkpt lat="43.351653" lon="6.71352">
        <ele>0.0</ele>
    </trkpt>
    <trkpt lat="43.351535" lon="6.713756">
        <ele>0.0</ele>
    </trkpt>
    <trkpt lat="43.351401" lon="6.71388">
        <ele>0.0</ele>
    </trkpt>
    <trkpt lat="43.351015" lon="6.71388">
        <ele>0.0</ele>
    </trkpt>
    <trkpt lat="43.350414" lon="6.713628">
        <ele>0.0</ele>
    </trkpt>
    <trkpt lat="43.34999" lon="6.713488">
        <ele>0.0</ele>
    </trkpt>
    <trkpt lat="43.349867" lon="6.713467">
        <ele>0.0</ele>
    </trkpt>
    <trkpt lat="43.349701" lon="6.713499">
        <ele>0.0</ele>
    </trkpt>
    <trkpt lat="43.349545" lon="6.713595">
        <ele>0.0</ele>
    </trkpt>
    <trkpt lat="43.349357" lon="6.713799">
        <ele>0.0</ele>
    </trkpt>
    <trkpt lat="43.348719" lon="6.714974">
        <ele>0.0</ele>
    </trkpt>
    <trkpt lat="43.348408" lon="6.71521">
        <ele>0.0</ele>
    </trkpt>
    <trkpt lat="43.348091" lon="6.715237">
        <ele>0.0</ele>
    </trkpt>
    <trkpt lat="43.347753" lon="6.715173">
        <ele>0.0</ele>
    </trkpt>
    <trkpt lat="43.347469" lon="6.715044">
        <ele>0.0</ele>
    </trkpt>
    <trkpt lat="43.347335" lon="6.714937">
        <ele>0.0</ele>
    </trkpt>
    <trkpt lat="43.347179" lon="6.714749">
        <ele>0.0</ele>
    </trkpt>
    <trkpt lat="43.345811" lon="6.711702">
        <ele>0.0</ele>
    </trkpt>
    <trkpt lat="43.34542" lon="6.710693">
        <ele>0.0</ele>
    </trkpt>
    <trkpt lat="43.345291" lon="6.710044">
        <ele>0.0</ele>
    </trkpt>
    <trkpt lat="43.345237" lon="6.709508">
        <ele>0.0</ele>
    </trkpt>
    <trkpt lat="43.345275" lon="6.709325">
        <ele>0.0</ele>
    </trkpt>
    <trkpt lat="43.345173" lon="6.708526">
        <ele>0.0</ele>
    </trkpt>
    <trkpt lat="43.345098" lon="6.708322">
        <ele>0.0</ele>
    </trkpt>
    <trkpt lat="43.345028" lon="6.707941">
        <ele>0.0</ele>
    </trkpt>
    <trkpt lat="43.344883" lon="6.707442">
        <ele>0.0</ele>
    </trkpt>
    <trkpt lat="43.344878" lon="6.706911">
        <ele>0.0</ele>
    </trkpt>
    <trkpt lat="43.344706" lon="6.705704">
        <ele>0.0</ele>
    </trkpt>
  </trkseg>
</trk>
<trk>
  <name>2011/09/06 18:17:00</name>
  <extensions>
  </extensions>
  <trkseg>
    <trkpt lat="43.344701" lon="6.705635">
        <ele>0.0</ele>
    </trkpt>
    <trkpt lat="43.344755" lon="6.704943">
        <ele>0.0</ele>
    </trkpt>
    <trkpt lat="43.344873" lon="6.704186">
        <ele>0.0</ele>
    </trkpt>
    <trkpt lat="43.344841" lon="6.7038">
        <ele>0.0</ele>
    </trkpt>
    <trkpt lat="43.344706" lon="6.703317">
        <ele>0.0</ele>
    </trkpt>
    <trkpt lat="43.344653" lon="6.702722">
        <ele>0.0</ele>
    </trkpt>
    <trkpt lat="43.344508" lon="6.702368">
        <ele>0.0</ele>
    </trkpt>
    <trkpt lat="43.344309" lon="6.701316">
        <ele>0.0</ele>
    </trkpt>
    <trkpt lat="43.344191" lon="6.700989">
        <ele>0.0</ele>
    </trkpt>
    <trkpt lat="43.34417" lon="6.700839">
        <ele>0.0</ele>
    </trkpt>
    <trkpt lat="43.344111" lon="6.700726">
        <ele>0.0</ele>
    </trkpt>
    <trkpt lat="43.344047" lon="6.700388">
        <ele>0.0</ele>
    </trkpt>
    <trkpt lat="43.344041" lon="6.700072">
        <ele>0.0</ele>
    </trkpt>
    <trkpt lat="43.343848" lon="6.699412">
        <ele>0.0</ele>
    </trkpt>
    <trkpt lat="43.343789" lon="6.699235">
        <ele>0.0</ele>
    </trkpt>
    <trkpt lat="43.343591" lon="6.698849">
        <ele>0.0</ele>
    </trkpt>
    <trkpt lat="43.34343" lon="6.698693">
        <ele>0.0</ele>
    </trkpt>
    <trkpt lat="43.34292" lon="6.698071">
        <ele>0.0</ele>
    </trkpt>
    <trkpt lat="43.342866" lon="6.697953">
        <ele>0.0</ele>
    </trkpt>
    <trkpt lat="43.342711" lon="6.697803">
        <ele>0.0</ele>
    </trkpt>
    <trkpt lat="43.342657" lon="6.697674">
        <ele>0.0</ele>
    </trkpt>
    <trkpt lat="43.342164" lon="6.697154">
        <ele>0.0</ele>
    </trkpt>
    <trkpt lat="43.341616" lon="6.696156">
        <ele>0.0</ele>
    </trkpt>
    <trkpt lat="43.34137" lon="6.695598">
        <ele>0.0</ele>
    </trkpt>
    <trkpt lat="43.341354" lon="6.695362">
        <ele>0.0</ele>
    </trkpt>
    <trkpt lat="43.341397" lon="6.695008">
        <ele>0.0</ele>
    </trkpt>
    <trkpt lat="43.341659" lon="6.694058">
        <ele>0.0</ele>
    </trkpt>
    <trkpt lat="43.341692" lon="6.69379">
        <ele>0.0</ele>
    </trkpt>
    <trkpt lat="43.341772" lon="6.693538">
        <ele>0.0</ele>
    </trkpt>
    <trkpt lat="43.341767" lon="6.693474">
        <ele>0.0</ele>
    </trkpt>
    <trkpt lat="43.341681" lon="6.693415">
        <ele>0.0</ele>
    </trkpt>
    <trkpt lat="43.341686" lon="6.693549">
        <ele>0.0</ele>
    </trkpt>
    <trkpt lat="43.341745" lon="6.693522">
        <ele>0.0</ele>
    </trkpt>
    <trkpt lat="43.341992" lon="6.692685">
        <ele>0.0</ele>
    </trkpt>
    <trkpt lat="43.342072" lon="6.691945">
        <ele>0.0</ele>
    </trkpt>
    <trkpt lat="43.342115" lon="6.691784">
        <ele>0.0</ele>
    </trkpt>
    <trkpt lat="43.34211" lon="6.691097">
        <ele>0.0</ele>
    </trkpt>
    <trkpt lat="43.342164" lon="6.690598">
        <ele>0.0</ele>
    </trkpt>
    <trkpt lat="43.3427" lon="6.689198">
        <ele>0.0</ele>
    </trkpt>
    <trkpt lat="43.342695" lon="6.688549">
        <ele>0.0</ele>
    </trkpt>
    <trkpt lat="43.342335" lon="6.6876">
        <ele>0.0</ele>
    </trkpt>
    <trkpt lat="43.342024" lon="6.687004">
        <ele>0.0</ele>
    </trkpt>
    <trkpt lat="43.341799" lon="6.686452">
        <ele>0.0</ele>
    </trkpt>
    <trkpt lat="43.341434" lon="6.68569">
        <ele>0.0</ele>
    </trkpt>
    <trkpt lat="43.341236" lon="6.68481">
        <ele>0.0</ele>
    </trkpt>
    <trkpt lat="43.341177" lon="6.684118">
        <ele>0.0</ele>
    </trkpt>
    <trkpt lat="43.341279" lon="6.683678">
        <ele>0.0</ele>
    </trkpt>
    <trkpt lat="43.341611" lon="6.682627">
        <ele>0.0</ele>
    </trkpt>
    <trkpt lat="43.34167" lon="6.681774">
        <ele>0.0</ele>
    </trkpt>
    <trkpt lat="43.341638" lon="6.681543">
        <ele>0.0</ele>
    </trkpt>
    <trkpt lat="43.34137" lon="6.680792">
        <ele>0.0</ele>
    </trkpt>
    <trkpt lat="43.341279" lon="6.680583">
        <ele>0.0</ele>
    </trkpt>
    <trkpt lat="43.341209" lon="6.680492">
        <ele>0.0</ele>
    </trkpt>
    <trkpt lat="43.34115" lon="6.680304">
        <ele>0.0</ele>
    </trkpt>
    <trkpt lat="43.340941" lon="6.680143">
        <ele>0.0</ele>
    </trkpt>
    <trkpt lat="43.340517" lon="6.679639">
        <ele>0.0</ele>
    </trkpt>
    <trkpt lat="43.340147" lon="6.679075">
        <ele>0.0</ele>
    </trkpt>
    <trkpt lat="43.33976" lon="6.678668">
        <ele>0.0</ele>
    </trkpt>
    <trkpt lat="43.339213" lon="6.67797">
        <ele>0.0</ele>
    </trkpt>
    <trkpt lat="43.33895" lon="6.677713">
        <ele>0.0</ele>
    </trkpt>
    <trkpt lat="43.338843" lon="6.677547">
        <ele>0.0</ele>
    </trkpt>
    <trkpt lat="43.338752" lon="6.677337">
        <ele>0.0</ele>
    </trkpt>
    <trkpt lat="43.338521" lon="6.676962">
        <ele>0.0</ele>
    </trkpt>
    <trkpt lat="43.338371" lon="6.676592">
        <ele>0.0</ele>
    </trkpt>
    <trkpt lat="43.338242" lon="6.675932">
        <ele>0.0</ele>
    </trkpt>
    <trkpt lat="43.338248" lon="6.67568">
        <ele>0.0</ele>
    </trkpt>
    <trkpt lat="43.338108" lon="6.674966">
        <ele>0.0</ele>
    </trkpt>
    <trkpt lat="43.337996" lon="6.67458">
        <ele>0.0</ele>
    </trkpt>
    <trkpt lat="43.337861" lon="6.674323">
        <ele>0.0</ele>
    </trkpt>
    <trkpt lat="43.337684" lon="6.674076">
        <ele>0.0</ele>
    </trkpt>
    <trkpt lat="43.337416" lon="6.673534">
        <ele>0.0</ele>
    </trkpt>
    <trkpt lat="43.337046" lon="6.67303">
        <ele>0.0</ele>
    </trkpt>
    <trkpt lat="43.336815" lon="6.672644">
        <ele>0.0</ele>
    </trkpt>
    <trkpt lat="43.33629" lon="6.672">
        <ele>0.0</ele>
    </trkpt>
    <trkpt lat="43.336236" lon="6.671887">
        <ele>0.0</ele>
    </trkpt>
    <trkpt lat="43.335866" lon="6.671426">
        <ele>0.0</ele>
    </trkpt>
    <trkpt lat="43.335576" lon="6.671115">
        <ele>0.0</ele>
    </trkpt>
    <trkpt lat="43.334793" lon="6.670508">
        <ele>0.0</ele>
    </trkpt>
    <trkpt lat="43.334401" lon="6.670079">
        <ele>0.0</ele>
    </trkpt>
    <trkpt lat="43.333538" lon="6.669039">
        <ele>0.0</ele>
    </trkpt>
    <trkpt lat="43.333232" lon="6.668803">
        <ele>0.0</ele>
    </trkpt>
    <trkpt lat="43.333017" lon="6.668695">
        <ele>0.0</ele>
    </trkpt>
    <trkpt lat="43.332572" lon="6.668567">
        <ele>0.0</ele>
    </trkpt>
    <trkpt lat="43.332218" lon="6.668524">
        <ele>0.0</ele>
    </trkpt>
    <trkpt lat="43.331531" lon="6.668508">
        <ele>0.0</ele>
    </trkpt>
    <trkpt lat="43.331338" lon="6.668465">
        <ele>0.0</ele>
    </trkpt>
    <trkpt lat="43.330936" lon="6.668298">
        <ele>0.0</ele>
    </trkpt>
    <trkpt lat="43.330759" lon="6.668159">
        <ele>0.0</ele>
    </trkpt>
    <trkpt lat="43.329858" lon="6.667719">
        <ele>0.0</ele>
    </trkpt>
    <trkpt lat="43.329423" lon="6.667472">
        <ele>0.0</ele>
    </trkpt>
    <trkpt lat="43.329176" lon="6.667381">
        <ele>0.0</ele>
    </trkpt>
    <trkpt lat="43.32893" lon="6.667236">
        <ele>0.0</ele>
    </trkpt>
    <trkpt lat="43.328704" lon="6.667161">
        <ele>0.0</ele>
    </trkpt>
    <trkpt lat="43.328463" lon="6.667124">
        <ele>0.0</ele>
    </trkpt>
    <trkpt lat="43.328243" lon="6.667038">
        <ele>0.0</ele>
    </trkpt>
    <trkpt lat="43.327401" lon="6.666845">
        <ele>0.0</ele>
    </trkpt>
    <trkpt lat="43.327326" lon="6.66678">
        <ele>0.0</ele>
    </trkpt>
    <trkpt lat="43.327224" lon="6.666748">
        <ele>0.0</ele>
    </trkpt>
    <trkpt lat="43.327143" lon="6.666651">
        <ele>0.0</ele>
    </trkpt>
    <trkpt lat="43.326505" lon="6.666281">
        <ele>0.0</ele>
    </trkpt>
    <trkpt lat="43.326323" lon="6.666115">
        <ele>0.0</ele>
    </trkpt>
    <trkpt lat="43.326027" lon="6.66575">
        <ele>0.0</ele>
    </trkpt>
    <trkpt lat="43.325775" lon="6.665278">
        <ele>0.0</ele>
    </trkpt>
    <trkpt lat="43.325453" lon="6.664903">
        <ele>0.0</ele>
    </trkpt>
    <trkpt lat="43.325212" lon="6.664763">
        <ele>0.0</ele>
    </trkpt>
    <trkpt lat="43.325019" lon="6.664597">
        <ele>0.0</ele>
    </trkpt>
    <trkpt lat="43.324461" lon="6.664339">
        <ele>0.0</ele>
    </trkpt>
    <trkpt lat="43.323828" lon="6.663991">
        <ele>0.0</ele>
    </trkpt>
    <trkpt lat="43.323458" lon="6.663722">
        <ele>0.0</ele>
    </trkpt>
    <trkpt lat="43.323308" lon="6.663674">
        <ele>0.0</ele>
    </trkpt>
    <trkpt lat="43.323152" lon="6.663304">
        <ele>0.0</ele>
    </trkpt>
    <trkpt lat="43.323034" lon="6.663288">
        <ele>0.0</ele>
    </trkpt>
    <trkpt lat="43.322911" lon="6.663309">
        <ele>0.0</ele>
    </trkpt>
    <trkpt lat="43.322809" lon="6.663374">
        <ele>0.0</ele>
    </trkpt>
    <trkpt lat="43.322761" lon="6.663588">
        <ele>0.0</ele>
    </trkpt>
    <trkpt lat="43.32268" lon="6.663765">
        <ele>0.0</ele>
    </trkpt>
    <trkpt lat="43.3226" lon="6.663857">
        <ele>0.0</ele>
    </trkpt>
    <trkpt lat="43.322412" lon="6.663991">
        <ele>0.0</ele>
    </trkpt>
    <trkpt lat="43.320786" lon="6.664425">
        <ele>0.0</ele>
    </trkpt>
    <trkpt lat="43.320475" lon="6.664479">
        <ele>0.0</ele>
    </trkpt>
    <trkpt lat="43.31885" lon="6.664929">
        <ele>0.0</ele>
    </trkpt>
    <trkpt lat="43.318378" lon="6.665155">
        <ele>0.0</ele>
    </trkpt>
    <trkpt lat="43.318115" lon="6.665348">
        <ele>0.0</ele>
    </trkpt>
    <trkpt lat="43.317707" lon="6.66575">
        <ele>0.0</ele>
    </trkpt>
    <trkpt lat="43.317482" lon="6.665933">
        <ele>0.0</ele>
    </trkpt>
    <trkpt lat="43.317133" lon="6.666314">
        <ele>0.0</ele>
    </trkpt>
    <trkpt lat="43.316763" lon="6.666641">
        <ele>0.0</ele>
    </trkpt>
    <trkpt lat="43.316254" lon="6.667183">
        <ele>0.0</ele>
    </trkpt>
    <trkpt lat="43.31568" lon="6.667649">
        <ele>0.0</ele>
    </trkpt>
    <trkpt lat="43.315615" lon="6.667751">
        <ele>0.0</ele>
    </trkpt>
    <trkpt lat="43.315422" lon="6.667928">
        <ele>0.0</ele>
    </trkpt>
    <trkpt lat="43.315315" lon="6.667976">
        <ele>0.0</ele>
    </trkpt>
    <trkpt lat="43.315154" lon="6.668111">
        <ele>0.0</ele>
    </trkpt>
    <trkpt lat="43.314966" lon="6.668331">
        <ele>0.0</ele>
    </trkpt>
    <trkpt lat="43.314719" lon="6.668518">
        <ele>0.0</ele>
    </trkpt>
    <trkpt lat="43.314194" lon="6.669039">
        <ele>0.0</ele>
    </trkpt>
    <trkpt lat="43.313689" lon="6.669446">
        <ele>0.0</ele>
    </trkpt>
    <trkpt lat="43.313464" lon="6.6695">
        <ele>0.0</ele>
    </trkpt>
    <trkpt lat="43.313266" lon="6.669446">
        <ele>0.0</ele>
    </trkpt>
    <trkpt lat="43.313078" lon="6.669189">
        <ele>0.0</ele>
    </trkpt>
    <trkpt lat="43.312917" lon="6.668846">
        <ele>0.0</ele>
    </trkpt>
    <trkpt lat="43.312702" lon="6.668567">
        <ele>0.0</ele>
    </trkpt>
    <trkpt lat="43.312665" lon="6.668293">
        <ele>0.0</ele>
    </trkpt>
    <trkpt lat="43.312788" lon="6.667612">
        <ele>0.0</ele>
    </trkpt>
    <trkpt lat="43.312987" lon="6.667343">
        <ele>0.0</ele>
    </trkpt>
    <trkpt lat="43.313067" lon="6.667188">
        <ele>0.0</ele>
    </trkpt>
    <trkpt lat="43.313416" lon="6.666131">
        <ele>0.0</ele>
    </trkpt>
    <trkpt lat="43.313485" lon="6.665423">
        <ele>0.0</ele>
    </trkpt>
    <trkpt lat="43.313475" lon="6.665267">
        <ele>0.0</ele>
    </trkpt>
    <trkpt lat="43.313561" lon="6.665085">
        <ele>0.0</ele>
    </trkpt>
    <trkpt lat="43.313587" lon="6.664865">
        <ele>0.0</ele>
    </trkpt>
    <trkpt lat="43.313759" lon="6.664447">
        <ele>0.0</ele>
    </trkpt>
    <trkpt lat="43.31384" lon="6.664152">
        <ele>0.0</ele>
    </trkpt>
    <trkpt lat="43.313904" lon="6.663808">
        <ele>0.0</ele>
    </trkpt>
    <trkpt lat="43.31392" lon="6.663374">
        <ele>0.0</ele>
    </trkpt>
    <trkpt lat="43.314161" lon="6.662789">
        <ele>0.0</ele>
    </trkpt>
    <trkpt lat="43.314258" lon="6.662414">
        <ele>0.0</ele>
    </trkpt>
    <trkpt lat="43.314397" lon="6.662178">
        <ele>0.0</ele>
    </trkpt>
    <trkpt lat="43.314526" lon="6.661823">
        <ele>0.0</ele>
    </trkpt>
    <trkpt lat="43.314526" lon="6.66155">
        <ele>0.0</ele>
    </trkpt>
    <trkpt lat="43.31444" lon="6.661153">
        <ele>0.0</ele>
    </trkpt>
    <trkpt lat="43.314424" lon="6.660777">
        <ele>0.0</ele>
    </trkpt>
    <trkpt lat="43.314376" lon="6.660595">
        <ele>0.0</ele>
    </trkpt>
    <trkpt lat="43.314344" lon="6.660053">
        <ele>0.0</ele>
    </trkpt>
    <trkpt lat="43.314365" lon="6.659892">
        <ele>0.0</ele>
    </trkpt>
    <trkpt lat="43.314306" lon="6.659463">
        <ele>0.0</ele>
    </trkpt>
    <trkpt lat="43.314129" lon="6.658927">
        <ele>0.0</ele>
    </trkpt>
    <trkpt lat="43.313823" lon="6.658524">
        <ele>0.0</ele>
    </trkpt>
    <trkpt lat="43.313668" lon="6.658186">
        <ele>0.0</ele>
    </trkpt>
    <trkpt lat="43.313561" lon="6.657913">
        <ele>0.0</ele>
    </trkpt>
    <trkpt lat="43.31341" lon="6.65736">
        <ele>0.0</ele>
    </trkpt>
    <trkpt lat="43.313346" lon="6.65736">
        <ele>0.0</ele>
    </trkpt>
    <trkpt lat="43.313255" lon="6.657409">
        <ele>0.0</ele>
    </trkpt>
    <trkpt lat="43.313351" lon="6.657355">
        <ele>0.0</ele>
    </trkpt>
    <trkpt lat="43.313362" lon="6.65728">
        <ele>0.0</ele>
    </trkpt>
    <trkpt lat="43.313158" lon="6.656711">
        <ele>0.0</ele>
    </trkpt>
    <trkpt lat="43.312729" lon="6.655966">
        <ele>0.0</ele>
    </trkpt>
    <trkpt lat="43.312391" lon="6.655445">
        <ele>0.0</ele>
    </trkpt>
    <trkpt lat="43.311517" lon="6.654303">
        <ele>0.0</ele>
    </trkpt>
    <trkpt lat="43.311377" lon="6.653975">
        <ele>0.0</ele>
    </trkpt>
    <trkpt lat="43.311222" lon="6.653192">
        <ele>0.0</ele>
    </trkpt>
    <trkpt lat="43.311098" lon="6.652843">
        <ele>0.0</ele>
    </trkpt>
    <trkpt lat="43.310213" lon="6.651256">
        <ele>0.0</ele>
    </trkpt>
    <trkpt lat="43.309752" lon="6.650531">
        <ele>0.0</ele>
    </trkpt>
    <trkpt lat="43.308679" lon="6.649373">
        <ele>0.0</ele>
    </trkpt>
    <trkpt lat="43.30847" lon="6.649078">
        <ele>0.0</ele>
    </trkpt>
    <trkpt lat="43.307638" lon="6.64712">
        <ele>0.0</ele>
    </trkpt>
    <trkpt lat="43.307129" lon="6.646454">
        <ele>0.0</ele>
    </trkpt>
    <trkpt lat="43.306871" lon="6.646057">
        <ele>0.0</ele>
    </trkpt>
    <trkpt lat="43.306726" lon="6.645639">
        <ele>0.0</ele>
    </trkpt>
    <trkpt lat="43.306694" lon="6.645344">
        <ele>0.0</ele>
    </trkpt>
    <trkpt lat="43.306549" lon="6.644856">
        <ele>0.0</ele>
    </trkpt>
    <trkpt lat="43.306565" lon="6.64425">
        <ele>0.0</ele>
    </trkpt>
    <trkpt lat="43.306517" lon="6.644046">
        <ele>0.0</ele>
    </trkpt>
    <trkpt lat="43.306533" lon="6.643745">
        <ele>0.0</ele>
    </trkpt>
    <trkpt lat="43.306394" lon="6.643155">
        <ele>0.0</ele>
    </trkpt>
    <trkpt lat="43.306383" lon="6.642828">
        <ele>0.0</ele>
    </trkpt>
    <trkpt lat="43.306485" lon="6.642195">
        <ele>0.0</ele>
    </trkpt>
    <trkpt lat="43.306539" lon="6.641626">
        <ele>0.0</ele>
    </trkpt>
    <trkpt lat="43.306678" lon="6.641176">
        <ele>0.0</ele>
    </trkpt>
    <trkpt lat="43.30678" lon="6.640886">
        <ele>0.0</ele>
    </trkpt>
    <trkpt lat="43.306941" lon="6.640602">
        <ele>0.0</ele>
    </trkpt>
    <trkpt lat="43.307027" lon="6.640505">
        <ele>0.0</ele>
    </trkpt>
    <trkpt lat="43.307316" lon="6.640312">
        <ele>0.0</ele>
    </trkpt>
    <trkpt lat="43.307692" lon="6.640232">
        <ele>0.0</ele>
    </trkpt>
    <trkpt lat="43.307869" lon="6.640167">
        <ele>0.0</ele>
    </trkpt>
    <trkpt lat="43.308073" lon="6.63998">
        <ele>0.0</ele>
    </trkpt>
    <trkpt lat="43.308271" lon="6.639577">
        <ele>0.0</ele>
    </trkpt>
    <trkpt lat="43.308615" lon="6.63866">
        <ele>0.0</ele>
    </trkpt>
    <trkpt lat="43.308615" lon="6.638129">
        <ele>0.0</ele>
    </trkpt>
    <trkpt lat="43.308523" lon="6.636938">
        <ele>0.0</ele>
    </trkpt>
    <trkpt lat="43.308523" lon="6.636536">
        <ele>0.0</ele>
    </trkpt>
    <trkpt lat="43.308223" lon="6.635634">
        <ele>0.0</ele>
    </trkpt>
    <trkpt lat="43.308035" lon="6.635211">
        <ele>0.0</ele>
    </trkpt>
    <trkpt lat="43.307928" lon="6.635071">
        <ele>0.0</ele>
    </trkpt>
    <trkpt lat="43.307713" lon="6.63461">
        <ele>0.0</ele>
    </trkpt>
    <trkpt lat="43.307434" lon="6.634116">
        <ele>0.0</ele>
    </trkpt>
    <trkpt lat="43.306984" lon="6.633419">
        <ele>0.0</ele>
    </trkpt>
    <trkpt lat="43.306834" lon="6.633231">
        <ele>0.0</ele>
    </trkpt>
    <trkpt lat="43.306244" lon="6.632689">
        <ele>0.0</ele>
    </trkpt>
    <trkpt lat="43.305932" lon="6.632362">
        <ele>0.0</ele>
    </trkpt>
    <trkpt lat="43.305659" lon="6.632035">
        <ele>0.0</ele>
    </trkpt>
    <trkpt lat="43.305503" lon="6.631788">
        <ele>0.0</ele>
    </trkpt>
    <trkpt lat="43.305348" lon="6.631144">
        <ele>0.0</ele>
    </trkpt>
    <trkpt lat="43.305326" lon="6.63078">
        <ele>0.0</ele>
    </trkpt>
    <trkpt lat="43.305348" lon="6.629943">
        <ele>0.0</ele>
    </trkpt>
    <trkpt lat="43.30531" lon="6.629739">
        <ele>0.0</ele>
    </trkpt>
    <trkpt lat="43.305214" lon="6.629465">
        <ele>0.0</ele>
    </trkpt>
    <trkpt lat="43.304978" lon="6.628907">
        <ele>0.0</ele>
    </trkpt>
    <trkpt lat="43.304049" lon="6.627561">
        <ele>0.0</ele>
    </trkpt>
    <trkpt lat="43.303846" lon="6.62733">
        <ele>0.0</ele>
    </trkpt>
    <trkpt lat="43.303545" lon="6.627084">
        <ele>0.0</ele>
    </trkpt>
    <trkpt lat="43.302853" lon="6.626611">
        <ele>0.0</ele>
    </trkpt>
    <trkpt lat="43.30141" lon="6.625801">
        <ele>0.0</ele>
    </trkpt>
    <trkpt lat="43.300799" lon="6.625517">
        <ele>0.0</ele>
    </trkpt>
    <trkpt lat="43.300681" lon="6.625421">
        <ele>0.0</ele>
    </trkpt>
    <trkpt lat="43.300632" lon="6.625404">
        <ele>0.0</ele>
    </trkpt>
    <trkpt lat="43.300482" lon="6.625447">
        <ele>0.0</ele>
    </trkpt>
    <trkpt lat="43.300332" lon="6.625442">
        <ele>0.0</ele>
    </trkpt>
    <trkpt lat="43.299506" lon="6.625286">
        <ele>0.0</ele>
    </trkpt>
    <trkpt lat="43.298932" lon="6.625222">
        <ele>0.0</ele>
    </trkpt>
    <trkpt lat="43.298605" lon="6.625131">
        <ele>0.0</ele>
    </trkpt>
    <trkpt lat="43.297762" lon="6.624836">
        <ele>0.0</ele>
    </trkpt>
    <trkpt lat="43.29728" lon="6.624632">
        <ele>0.0</ele>
    </trkpt>
    <trkpt lat="43.297076" lon="6.624503">
        <ele>0.0</ele>
    </trkpt>
    <trkpt lat="43.296856" lon="6.62424">
        <ele>0.0</ele>
    </trkpt>
    <trkpt lat="43.296727" lon="6.623972">
        <ele>0.0</ele>
    </trkpt>
    <trkpt lat="43.296647" lon="6.62357">
        <ele>0.0</ele>
    </trkpt>
    <trkpt lat="43.296647" lon="6.623248">
        <ele>0.0</ele>
    </trkpt>
    <trkpt lat="43.296738" lon="6.622508">
        <ele>0.0</ele>
    </trkpt>
    <trkpt lat="43.296748" lon="6.622073">
        <ele>0.0</ele>
    </trkpt>
    <trkpt lat="43.296711" lon="6.621038">
        <ele>0.0</ele>
    </trkpt>
    <trkpt lat="43.296636" lon="6.620603">
        <ele>0.0</ele>
    </trkpt>
    <trkpt lat="43.296475" lon="6.620147">
        <ele>0.0</ele>
    </trkpt>
    <trkpt lat="43.295804" lon="6.618758">
        <ele>0.0</ele>
    </trkpt>
    <trkpt lat="43.295611" lon="6.618152">
        <ele>0.0</ele>
    </trkpt>
    <trkpt lat="43.29544" lon="6.61731">
        <ele>0.0</ele>
    </trkpt>
    <trkpt lat="43.295257" lon="6.616778">
        <ele>0.0</ele>
    </trkpt>
    <trkpt lat="43.29449" lon="6.615234">
        <ele>0.0</ele>
    </trkpt>
    <trkpt lat="43.294286" lon="6.614922">
        <ele>0.0</ele>
    </trkpt>
    <trkpt lat="43.294093" lon="6.614858">
        <ele>0.0</ele>
    </trkpt>
    <trkpt lat="43.2925" lon="6.613195">
        <ele>0.0</ele>
    </trkpt>
    <trkpt lat="43.292205" lon="6.612728">
        <ele>0.0</ele>
    </trkpt>
    <trkpt lat="43.292049" lon="6.612347">
        <ele>0.0</ele>
    </trkpt>
    <trkpt lat="43.291545" lon="6.610379">
        <ele>0.0</ele>
    </trkpt>
    <trkpt lat="43.291389" lon="6.609917">
        <ele>0.0</ele>
    </trkpt>
    <trkpt lat="43.291191" lon="6.609563">
        <ele>0.0</ele>
    </trkpt>
    <trkpt lat="43.290649" lon="6.608963">
        <ele>0.0</ele>
    </trkpt>
    <trkpt lat="43.290343" lon="6.608485">
        <ele>0.0</ele>
    </trkpt>
    <trkpt lat="43.290252" lon="6.608287">
        <ele>0.0</ele>
    </trkpt>
    <trkpt lat="43.290199" lon="6.60812">
        <ele>0.0</ele>
    </trkpt>
    <trkpt lat="43.290032" lon="6.60679">
        <ele>0.0</ele>
    </trkpt>
    <trkpt lat="43.289946" lon="6.606436">
        <ele>0.0</ele>
    </trkpt>
    <trkpt lat="43.289743" lon="6.60583">
        <ele>0.0</ele>
    </trkpt>
    <trkpt lat="43.289517" lon="6.605513">
        <ele>0.0</ele>
    </trkpt>
    <trkpt lat="43.289254" lon="6.60502">
        <ele>0.0</ele>
    </trkpt>
    <trkpt lat="43.288895" lon="6.604435">
        <ele>0.0</ele>
    </trkpt>
    <trkpt lat="43.288739" lon="6.604263">
        <ele>0.0</ele>
    </trkpt>
    <trkpt lat="43.288262" lon="6.603609">
        <ele>0.0</ele>
    </trkpt>
    <trkpt lat="43.287559" lon="6.602337">
        <ele>0.0</ele>
    </trkpt>
    <trkpt lat="43.287168" lon="6.601731">
        <ele>0.0</ele>
    </trkpt>
    <trkpt lat="43.286191" lon="6.600041">
        <ele>0.0</ele>
    </trkpt>
  </trkseg>
</trk>
<trk>
  <name>2011/09/06 18:17:00</name>
  <extensions>
  </extensions>
  <trkseg>
    <trkpt lat="43.286159" lon="6.599977">
        <ele>0.0</ele>
    </trkpt>
    <trkpt lat="43.285714" lon="6.599189">
        <ele>0.0</ele>
    </trkpt>
    <trkpt lat="43.285483" lon="6.598556">
        <ele>0.0</ele>
    </trkpt>
    <trkpt lat="43.285242" lon="6.597413">
        <ele>0.0</ele>
    </trkpt>
    <trkpt lat="43.285188" lon="6.597252">
        <ele>0.0</ele>
    </trkpt>
    <trkpt lat="43.285135" lon="6.597188">
        <ele>0.0</ele>
    </trkpt>
    <trkpt lat="43.285097" lon="6.596973">
        <ele>0.0</ele>
    </trkpt>
    <trkpt lat="43.285033" lon="6.59686">
        <ele>0.0</ele>
    </trkpt>
    <trkpt lat="43.284823" lon="6.596018">
        <ele>0.0</ele>
    </trkpt>
    <trkpt lat="43.284738" lon="6.595535">
        <ele>0.0</ele>
    </trkpt>
    <trkpt lat="43.284384" lon="6.594146">
        <ele>0.0</ele>
    </trkpt>
    <trkpt lat="43.284276" lon="6.593915">
        <ele>0.0</ele>
    </trkpt>
    <trkpt lat="43.284223" lon="6.593636">
        <ele>0.0</ele>
    </trkpt>
    <trkpt lat="43.28397" lon="6.59288">
        <ele>0.0</ele>
    </trkpt>
    <trkpt lat="43.283831" lon="6.592354">
        <ele>0.0</ele>
    </trkpt>
    <trkpt lat="43.28381" lon="6.592049">
        <ele>0.0</ele>
    </trkpt>
    <trkpt lat="43.283466" lon="6.591013">
        <ele>0.0</ele>
    </trkpt>
    <trkpt lat="43.282517" lon="6.587499">
        <ele>0.0</ele>
    </trkpt>
    <trkpt lat="43.282431" lon="6.587258">
        <ele>0.0</ele>
    </trkpt>
    <trkpt lat="43.282039" lon="6.585724">
        <ele>0.0</ele>
    </trkpt>
    <trkpt lat="43.281862" lon="6.585236">
        <ele>0.0</ele>
    </trkpt>
    <trkpt lat="43.281717" lon="6.58441">
        <ele>0.0</ele>
    </trkpt>
    <trkpt lat="43.281465" lon="6.583626">
        <ele>0.0</ele>
    </trkpt>
    <trkpt lat="43.281208" lon="6.582623">
        <ele>0.0</ele>
    </trkpt>
    <trkpt lat="43.281106" lon="6.582462">
        <ele>0.0</ele>
    </trkpt>
    <trkpt lat="43.281047" lon="6.58206">
        <ele>0.0</ele>
    </trkpt>
    <trkpt lat="43.280913" lon="6.581593">
        <ele>0.0</ele>
    </trkpt>
    <trkpt lat="43.280875" lon="6.581261">
        <ele>0.0</ele>
    </trkpt>
    <trkpt lat="43.280805" lon="6.580982">
        <ele>0.0</ele>
    </trkpt>
    <trkpt lat="43.280687" lon="6.580708">
        <ele>0.0</ele>
    </trkpt>
    <trkpt lat="43.28065" lon="6.580445">
        <ele>0.0</ele>
    </trkpt>
    <trkpt lat="43.280478" lon="6.57992">
        <ele>0.0</ele>
    </trkpt>
    <trkpt lat="43.279995" lon="6.578895">
        <ele>0.0</ele>
    </trkpt>
    <trkpt lat="43.279695" lon="6.578359">
        <ele>0.0</ele>
    </trkpt>
    <trkpt lat="43.279636" lon="6.578299">
        <ele>0.0</ele>
    </trkpt>
    <trkpt lat="43.279566" lon="6.578015">
        <ele>0.0</ele>
    </trkpt>
    <trkpt lat="43.279497" lon="6.577886">
        <ele>0.0</ele>
    </trkpt>
    <trkpt lat="43.279405" lon="6.577591">
        <ele>0.0</ele>
    </trkpt>
    <trkpt lat="43.279185" lon="6.577211">
        <ele>0.0</ele>
    </trkpt>
    <trkpt lat="43.278998" lon="6.576797">
        <ele>0.0</ele>
    </trkpt>
    <trkpt lat="43.278338" lon="6.576105">
        <ele>0.0</ele>
    </trkpt>
    <trkpt lat="43.278188" lon="6.576025">
        <ele>0.0</ele>
    </trkpt>
    <trkpt lat="43.277876" lon="6.575939">
        <ele>0.0</ele>
    </trkpt>
    <trkpt lat="43.277592" lon="6.575784">
        <ele>0.0</ele>
    </trkpt>
    <trkpt lat="43.277426" lon="6.575746">
        <ele>0.0</ele>
    </trkpt>
    <trkpt lat="43.276841" lon="6.575526">
        <ele>0.0</ele>
    </trkpt>
    <trkpt lat="43.276085" lon="6.575188">
        <ele>0.0</ele>
    </trkpt>
    <trkpt lat="43.27572" lon="6.57514">
        <ele>0.0</ele>
    </trkpt>
    <trkpt lat="43.275511" lon="6.574995">
        <ele>0.0</ele>
    </trkpt>
    <trkpt lat="43.275108" lon="6.574839">
        <ele>0.0</ele>
    </trkpt>
    <trkpt lat="43.274626" lon="6.574716">
        <ele>0.0</ele>
    </trkpt>
    <trkpt lat="43.274529" lon="6.574721">
        <ele>0.0</ele>
    </trkpt>
    <trkpt lat="43.274384" lon="6.574802">
        <ele>0.0</ele>
    </trkpt>
    <trkpt lat="43.274207" lon="6.574818">
        <ele>0.0</ele>
    </trkpt>
    <trkpt lat="43.274046" lon="6.574598">
        <ele>0.0</ele>
    </trkpt>
    <trkpt lat="43.273864" lon="6.574491">
        <ele>0.0</ele>
    </trkpt>
    <trkpt lat="43.273655" lon="6.57441">
        <ele>0.0</ele>
    </trkpt>
    <trkpt lat="43.273419" lon="6.574367">
        <ele>0.0</ele>
    </trkpt>
    <trkpt lat="43.273065" lon="6.574255">
        <ele>0.0</ele>
    </trkpt>
    <trkpt lat="43.272512" lon="6.573885">
        <ele>0.0</ele>
    </trkpt>
    <trkpt lat="43.27204" lon="6.573697">
        <ele>0.0</ele>
    </trkpt>
    <trkpt lat="43.27167" lon="6.573606">
        <ele>0.0</ele>
    </trkpt>
    <trkpt lat="43.270795" lon="6.57323">
        <ele>0.0</ele>
    </trkpt>
    <trkpt lat="43.270586" lon="6.57323">
        <ele>0.0</ele>
    </trkpt>
    <trkpt lat="43.270447" lon="6.573305">
        <ele>0.0</ele>
    </trkpt>
    <trkpt lat="43.270361" lon="6.573429">
        <ele>0.0</ele>
    </trkpt>
    <trkpt lat="43.270286" lon="6.573434">
        <ele>0.0</ele>
    </trkpt>
    <trkpt lat="43.2702" lon="6.573482">
        <ele>0.0</ele>
    </trkpt>
    <trkpt lat="43.270093" lon="6.573445">
        <ele>0.0</ele>
    </trkpt>
    <trkpt lat="43.27005" lon="6.573332">
        <ele>0.0</ele>
    </trkpt>
    <trkpt lat="43.269857" lon="6.57337">
        <ele>0.0</ele>
    </trkpt>
    <trkpt lat="43.269717" lon="6.573466">
        <ele>0.0</ele>
    </trkpt>
    <trkpt lat="43.269669" lon="6.573466">
        <ele>0.0</ele>
    </trkpt>
    <trkpt lat="43.269492" lon="6.573638">
        <ele>0.0</ele>
    </trkpt>
    <trkpt lat="43.269267" lon="6.573686">
        <ele>0.0</ele>
    </trkpt>
    <trkpt lat="43.269009" lon="6.573863">
        <ele>0.0</ele>
    </trkpt>
    <trkpt lat="43.268923" lon="6.573863">
        <ele>0.0</ele>
    </trkpt>
    <trkpt lat="43.268768" lon="6.573927">
        <ele>0.0</ele>
    </trkpt>
    <trkpt lat="43.268639" lon="6.573885">
        <ele>0.0</ele>
    </trkpt>
    <trkpt lat="43.268548" lon="6.57404">
        <ele>0.0</ele>
    </trkpt>
    <trkpt lat="43.268473" lon="6.574072">
        <ele>0.0</ele>
    </trkpt>
    <trkpt lat="43.268221" lon="6.574099">
        <ele>0.0</ele>
    </trkpt>
    <trkpt lat="43.267888" lon="6.574223">
        <ele>0.0</ele>
    </trkpt>
    <trkpt lat="43.267807" lon="6.574228">
        <ele>0.0</ele>
    </trkpt>
    <trkpt lat="43.267539" lon="6.574351">
        <ele>0.0</ele>
    </trkpt>
    <trkpt lat="43.267287" lon="6.57441">
        <ele>0.0</ele>
    </trkpt>
    <trkpt lat="43.266777" lon="6.574625">
        <ele>0.0</ele>
    </trkpt>
    <trkpt lat="43.266638" lon="6.574732">
        <ele>0.0</ele>
    </trkpt>
    <trkpt lat="43.266423" lon="6.574979">
        <ele>0.0</ele>
    </trkpt>
    <trkpt lat="43.26541" lon="6.57639">
        <ele>0.0</ele>
    </trkpt>
    <trkpt lat="43.265361" lon="6.57661">
        <ele>0.0</ele>
    </trkpt>
    <trkpt lat="43.2652" lon="6.577007">
        <ele>0.0</ele>
    </trkpt>
    <trkpt lat="43.265147" lon="6.577017">
        <ele>0.0</ele>
    </trkpt>
    <trkpt lat="43.264937" lon="6.577162">
        <ele>0.0</ele>
    </trkpt>
    <trkpt lat="43.264911" lon="6.577323">
        <ele>0.0</ele>
    </trkpt>
    <trkpt lat="43.264964" lon="6.577527">
        <ele>0.0</ele>
    </trkpt>
    <trkpt lat="43.264964" lon="6.57772">
        <ele>0.0</ele>
    </trkpt>
    <trkpt lat="43.264895" lon="6.578096">
        <ele>0.0</ele>
    </trkpt>
    <trkpt lat="43.264787" lon="6.578342">
        <ele>0.0</ele>
    </trkpt>
    <trkpt lat="43.264535" lon="6.580123">
        <ele>0.0</ele>
    </trkpt>
    <trkpt lat="43.264412" lon="6.580805">
        <ele>0.0</ele>
    </trkpt>
    <trkpt lat="43.264342" lon="6.580928">
        <ele>0.0</ele>
    </trkpt>
    <trkpt lat="43.264219" lon="6.580842">
        <ele>0.0</ele>
    </trkpt>
    <trkpt lat="43.264149" lon="6.580858">
        <ele>0.0</ele>
    </trkpt>
    <trkpt lat="43.264304" lon="6.581513">
        <ele>0.0</ele>
    </trkpt>
    <trkpt lat="43.264251" lon="6.582049">
        <ele>0.0</ele>
    </trkpt>
    <trkpt lat="43.264101" lon="6.582714">
        <ele>0.0</ele>
    </trkpt>
    <trkpt lat="43.264052" lon="6.582843">
        <ele>0.0</ele>
    </trkpt>
    <trkpt lat="43.263999" lon="6.582875">
        <ele>0.0</ele>
    </trkpt>
    <trkpt lat="43.263843" lon="6.583106">
        <ele>0.0</ele>
    </trkpt>
    <trkpt lat="43.263752" lon="6.583326">
        <ele>0.0</ele>
    </trkpt>
    <trkpt lat="43.263698" lon="6.583385">
        <ele>0.0</ele>
    </trkpt>
    <trkpt lat="43.26358" lon="6.583428">
        <ele>0.0</ele>
    </trkpt>
    <trkpt lat="43.26343" lon="6.583562">
        <ele>0.0</ele>
    </trkpt>
    <trkpt lat="43.263216" lon="6.583819">
        <ele>0.0</ele>
    </trkpt>
    <trkpt lat="43.263226" lon="6.583895">
        <ele>0.0</ele>
    </trkpt>
    <trkpt lat="43.263419" lon="6.584056">
        <ele>0.0</ele>
    </trkpt>
    <trkpt lat="43.263468" lon="6.58412">
        <ele>0.0</ele>
    </trkpt>
    <trkpt lat="43.263473" lon="6.584184">
        <ele>0.0</ele>
    </trkpt>
    <trkpt lat="43.26336" lon="6.585214">
        <ele>0.0</ele>
    </trkpt>
    <trkpt lat="43.263269" lon="6.585724">
        <ele>0.0</ele>
    </trkpt>
    <trkpt lat="43.263119" lon="6.586298">
        <ele>0.0</ele>
    </trkpt>
    <trkpt lat="43.263038" lon="6.586309">
        <ele>0.0</ele>
    </trkpt>
    <trkpt lat="43.262985" lon="6.586357">
        <ele>0.0</ele>
    </trkpt>
    <trkpt lat="43.262883" lon="6.586362">
        <ele>0.0</ele>
    </trkpt>
    <trkpt lat="43.262502" lon="6.586164">
        <ele>0.0</ele>
    </trkpt>
    <trkpt lat="43.262309" lon="6.586014">
        <ele>0.0</ele>
    </trkpt>
    <trkpt lat="43.262169" lon="6.585971">
        <ele>0.0</ele>
    </trkpt>
    <trkpt lat="43.262089" lon="6.586051">
        <ele>0.0</ele>
    </trkpt>
    <trkpt lat="43.261901" lon="6.586164">
        <ele>0.0</ele>
    </trkpt>
    <trkpt lat="43.261461" lon="6.587017">
        <ele>0.0</ele>
    </trkpt>
    <trkpt lat="43.261247" lon="6.587532">
        <ele>0.0</ele>
    </trkpt>
    <trkpt lat="43.261193" lon="6.587542">
        <ele>0.0</ele>
    </trkpt>
    <trkpt lat="43.261129" lon="6.587644">
        <ele>0.0</ele>
    </trkpt>
    <trkpt lat="43.260769" lon="6.588487">
        <ele>0.0</ele>
    </trkpt>
    <trkpt lat="43.260555" lon="6.589109">
        <ele>0.0</ele>
    </trkpt>
    <trkpt lat="43.259932" lon="6.590241">
        <ele>0.0</ele>
    </trkpt>
    <trkpt lat="43.2599" lon="6.590364">
        <ele>0.0</ele>
    </trkpt>
    <trkpt lat="43.25982" lon="6.590461">
        <ele>0.0</ele>
    </trkpt>
    <trkpt lat="43.259621" lon="6.590825">
        <ele>0.0</ele>
    </trkpt>
    <trkpt lat="43.259573" lon="6.590954">
        <ele>0.0</ele>
    </trkpt>
    <trkpt lat="43.259584" lon="6.59111">
        <ele>0.0</ele>
    </trkpt>
    <trkpt lat="43.259546" lon="6.591416">
        <ele>0.0</ele>
    </trkpt>
    <trkpt lat="43.259627" lon="6.591829">
        <ele>0.0</ele>
    </trkpt>
    <trkpt lat="43.26019" lon="6.593239">
        <ele>0.0</ele>
    </trkpt>
    <trkpt lat="43.260265" lon="6.593524">
        <ele>0.0</ele>
    </trkpt>
    <trkpt lat="43.260512" lon="6.593969">
        <ele>0.0</ele>
    </trkpt>
    <trkpt lat="43.260743" lon="6.594774">
        <ele>0.0</ele>
    </trkpt>
    <trkpt lat="43.260882" lon="6.595133">
        <ele>0.0</ele>
    </trkpt>
    <trkpt lat="43.260995" lon="6.595348">
        <ele>0.0</ele>
    </trkpt>
    <trkpt lat="43.262186" lon="6.598255">
        <ele>0.0</ele>
    </trkpt>
    <trkpt lat="43.26232" lon="6.598625">
        <ele>0.0</ele>
    </trkpt>
    <trkpt lat="43.262491" lon="6.599484">
        <ele>0.0</ele>
    </trkpt>
    <trkpt lat="43.262529" lon="6.599907">
        <ele>0.0</ele>
    </trkpt>
    <trkpt lat="43.262465" lon="6.600449">
        <ele>0.0</ele>
    </trkpt>
    <trkpt lat="43.262395" lon="6.601812">
        <ele>0.0</ele>
    </trkpt>
    <trkpt lat="43.262293" lon="6.602429">
        <ele>0.0</ele>
    </trkpt>
    <trkpt lat="43.262341" lon="6.602638">
        <ele>0.0</ele>
    </trkpt>
    <trkpt lat="43.262287" lon="6.603099">
        <ele>0.0</ele>
    </trkpt>
    <trkpt lat="43.262287" lon="6.60348">
        <ele>0.0</ele>
    </trkpt>
    <trkpt lat="43.262432" lon="6.603931">
        <ele>0.0</ele>
    </trkpt>
    <trkpt lat="43.262647" lon="6.604451">
        <ele>0.0</ele>
    </trkpt>
    <trkpt lat="43.263323" lon="6.605878">
        <ele>0.0</ele>
    </trkpt>
    <trkpt lat="43.263462" lon="6.606602">
        <ele>0.0</ele>
    </trkpt>
    <trkpt lat="43.263468" lon="6.60686">
        <ele>0.0</ele>
    </trkpt>
    <trkpt lat="43.263334" lon="6.607809">
        <ele>0.0</ele>
    </trkpt>
    <trkpt lat="43.263425" lon="6.608957">
        <ele>0.0</ele>
    </trkpt>
    <trkpt lat="43.263393" lon="6.609515">
        <ele>0.0</ele>
    </trkpt>
    <trkpt lat="43.263414" lon="6.609842">
        <ele>0.0</ele>
    </trkpt>
    <trkpt lat="43.263484" lon="6.6104">
        <ele>0.0</ele>
    </trkpt>
    <trkpt lat="43.263634" lon="6.610792">
        <ele>0.0</ele>
    </trkpt>
    <trkpt lat="43.263811" lon="6.611124">
        <ele>0.0</ele>
    </trkpt>
    <trkpt lat="43.263849" lon="6.61136">
        <ele>0.0</ele>
    </trkpt>
    <trkpt lat="43.263875" lon="6.611902">
        <ele>0.0</ele>
    </trkpt>
    <trkpt lat="43.263559" lon="6.615293">
        <ele>0.0</ele>
    </trkpt>
    <trkpt lat="43.263575" lon="6.615598">
        <ele>0.0</ele>
    </trkpt>
    <trkpt lat="43.263629" lon="6.616231">
        <ele>0.0</ele>
    </trkpt>
    <trkpt lat="43.263752" lon="6.616918">
        <ele>0.0</ele>
    </trkpt>
    <trkpt lat="43.263918" lon="6.618162">
        <ele>0.0</ele>
    </trkpt>
    <trkpt lat="43.264004" lon="6.61916">
        <ele>0.0</ele>
    </trkpt>
    <trkpt lat="43.264079" lon="6.620603">
        <ele>0.0</ele>
    </trkpt>
    <trkpt lat="43.264095" lon="6.621778">
        <ele>0.0</ele>
    </trkpt>
    <trkpt lat="43.264267" lon="6.623049">
        <ele>0.0</ele>
    </trkpt>
    <trkpt lat="43.264412" lon="6.623741">
        <ele>0.0</ele>
    </trkpt>
    <trkpt lat="43.264449" lon="6.623876">
        <ele>0.0</ele>
    </trkpt>
    <trkpt lat="43.264616" lon="6.624203">
        <ele>0.0</ele>
    </trkpt>
    <trkpt lat="43.264889" lon="6.624503">
        <ele>0.0</ele>
    </trkpt>
    <trkpt lat="43.264991" lon="6.624702">
        <ele>0.0</ele>
    </trkpt>
    <trkpt lat="43.265174" lon="6.624863">
        <ele>0.0</ele>
    </trkpt>
    <trkpt lat="43.265501" lon="6.62526">
        <ele>0.0</ele>
    </trkpt>
    <trkpt lat="43.265544" lon="6.625399">
        <ele>0.0</ele>
    </trkpt>
    <trkpt lat="43.265705" lon="6.625608">
        <ele>0.0</ele>
    </trkpt>
    <trkpt lat="43.265984" lon="6.625871">
        <ele>0.0</ele>
    </trkpt>
    <trkpt lat="43.266386" lon="6.626413">
        <ele>0.0</ele>
    </trkpt>
    <trkpt lat="43.266558" lon="6.626746">
        <ele>0.0</ele>
    </trkpt>
    <trkpt lat="43.266638" lon="6.627057">
        <ele>0.0</ele>
    </trkpt>
    <trkpt lat="43.266697" lon="6.627636">
        <ele>0.0</ele>
    </trkpt>
    <trkpt lat="43.26682" lon="6.628232">
        <ele>0.0</ele>
    </trkpt>
    <trkpt lat="43.26704" lon="6.628865">
        <ele>0.0</ele>
    </trkpt>
    <trkpt lat="43.267271" lon="6.629251">
        <ele>0.0</ele>
    </trkpt>
    <trkpt lat="43.267314" lon="6.629379">
        <ele>0.0</ele>
    </trkpt>
    <trkpt lat="43.26747" lon="6.629986">
        <ele>0.0</ele>
    </trkpt>
    <trkpt lat="43.267689" lon="6.630613">
        <ele>0.0</ele>
    </trkpt>
    <trkpt lat="43.267641" lon="6.63064">
        <ele>0.0</ele>
    </trkpt>
    <trkpt lat="43.267625" lon="6.630715">
        <ele>0.0</ele>
    </trkpt>
    <trkpt lat="43.267689" lon="6.630983">
        <ele>0.0</ele>
    </trkpt>
    <trkpt lat="43.268124" lon="6.632121">
        <ele>0.0</ele>
    </trkpt>
    <trkpt lat="43.267984" lon="6.632239">
        <ele>0.0</ele>
    </trkpt>
    <trkpt lat="43.267936" lon="6.632448">
        <ele>0.0</ele>
    </trkpt>
    <trkpt lat="43.268516" lon="6.633918">
        <ele>0.0</ele>
    </trkpt>
    <trkpt lat="43.268746" lon="6.634433">
        <ele>0.0</ele>
    </trkpt>
    <trkpt lat="43.268902" lon="6.634696">
        <ele>0.0</ele>
    </trkpt>
    <trkpt lat="43.269036" lon="6.635168">
        <ele>0.0</ele>
    </trkpt>
    <trkpt lat="43.269149" lon="6.635414">
        <ele>0.0</ele>
    </trkpt>
    <trkpt lat="43.269213" lon="6.635645">
        <ele>0.0</ele>
    </trkpt>
    <trkpt lat="43.269395" lon="6.63609">
        <ele>0.0</ele>
    </trkpt>
    <trkpt lat="43.269551" lon="6.636343">
        <ele>0.0</ele>
    </trkpt>
    <trkpt lat="43.269578" lon="6.636493">
        <ele>0.0</ele>
    </trkpt>
    <trkpt lat="43.26968" lon="6.636723">
        <ele>0.0</ele>
    </trkpt>
    <trkpt lat="43.269637" lon="6.637174">
        <ele>0.0</ele>
    </trkpt>
    <trkpt lat="43.269658" lon="6.637469">
        <ele>0.0</ele>
    </trkpt>
    <trkpt lat="43.269605" lon="6.637614">
        <ele>0.0</ele>
    </trkpt>
    <trkpt lat="43.269449" lon="6.6377">
        <ele>0.0</ele>
    </trkpt>
    <trkpt lat="43.26946" lon="6.637834">
        <ele>0.0</ele>
    </trkpt>
    <trkpt lat="43.269535" lon="6.638022">
        <ele>0.0</ele>
    </trkpt>
    <trkpt lat="43.269513" lon="6.638091">
        <ele>0.0</ele>
    </trkpt>
    <trkpt lat="43.269417" lon="6.638107">
        <ele>0.0</ele>
    </trkpt>
    <trkpt lat="43.269385" lon="6.638199">
        <ele>0.0</ele>
    </trkpt>
    <trkpt lat="43.269449" lon="6.638655">
        <ele>0.0</ele>
    </trkpt>
    <trkpt lat="43.26946" lon="6.638982">
        <ele>0.0</ele>
    </trkpt>
    <trkpt lat="43.269492" lon="6.639084">
        <ele>0.0</ele>
    </trkpt>
    <trkpt lat="43.269438" lon="6.639159">
        <ele>0.0</ele>
    </trkpt>
    <trkpt lat="43.269599" lon="6.639738">
        <ele>0.0</ele>
    </trkpt>
    <trkpt lat="43.269824" lon="6.64021">
        <ele>0.0</ele>
    </trkpt>
    <trkpt lat="43.269846" lon="6.640468">
        <ele>0.0</ele>
    </trkpt>
    <trkpt lat="43.269948" lon="6.640698">
        <ele>0.0</ele>
    </trkpt>
    <trkpt lat="43.26998" lon="6.640747">
        <ele>0.0</ele>
    </trkpt>
    <trkpt lat="43.269964" lon="6.640688">
        <ele>0.0</ele>
    </trkpt>
    <trkpt lat="43.270012" lon="6.640682">
        <ele>0.0</ele>
    </trkpt>
    <trkpt lat="43.270018" lon="6.64094">
        <ele>0.0</ele>
    </trkpt>
    <trkpt lat="43.269985" lon="6.640811">
        <ele>0.0</ele>
    </trkpt>
    <trkpt lat="43.269937" lon="6.64079">
        <ele>0.0</ele>
    </trkpt>
    <trkpt lat="43.269921" lon="6.64065">
        <ele>0.0</ele>
    </trkpt>
    <trkpt lat="43.270018" lon="6.640495">
        <ele>0.0</ele>
    </trkpt>
    <trkpt lat="43.270012" lon="6.64043">
        <ele>0.0</ele>
    </trkpt>
    <trkpt lat="43.269996" lon="6.640366">
        <ele>0.0</ele>
    </trkpt>
    <trkpt lat="43.269916" lon="6.640554">
        <ele>0.0</ele>
    </trkpt>
    <trkpt lat="43.269873" lon="6.64094">
        <ele>0.0</ele>
    </trkpt>
    <trkpt lat="43.269819" lon="6.641058">
        <ele>0.0</ele>
    </trkpt>
    <trkpt lat="43.269959" lon="6.641224">
        <ele>0.0</ele>
    </trkpt>
    <trkpt lat="43.269926" lon="6.641487">
        <ele>0.0</ele>
    </trkpt>
    <trkpt lat="43.269942" lon="6.641632">
        <ele>0.0</ele>
    </trkpt>
    <trkpt lat="43.269991" lon="6.64175">
        <ele>0.0</ele>
    </trkpt>
    <trkpt lat="43.269942" lon="6.641643">
        <ele>0.0</ele>
    </trkpt>
    <trkpt lat="43.269937" lon="6.641514">
        <ele>0.0</ele>
    </trkpt>
    <trkpt lat="43.270023" lon="6.641691">
        <ele>0.0</ele>
    </trkpt>
    <trkpt lat="43.270023" lon="6.641852">
        <ele>0.0</ele>
    </trkpt>
    <trkpt lat="43.27005" lon="6.641911">
        <ele>0.0</ele>
    </trkpt>
    <trkpt lat="43.269867" lon="6.642018">
        <ele>0.0</ele>
    </trkpt>
    <trkpt lat="43.269921" lon="6.641889">
        <ele>0.0</ele>
    </trkpt>
    <trkpt lat="43.269953" lon="6.641943">
        <ele>0.0</ele>
    </trkpt>
    <trkpt lat="43.270012" lon="6.641535">
        <ele>0.0</ele>
    </trkpt>
    <trkpt lat="43.269969" lon="6.641557">
        <ele>0.0</ele>
    </trkpt>
    <trkpt lat="43.270034" lon="6.641675">
        <ele>0.0</ele>
    </trkpt>
    <trkpt lat="43.270109" lon="6.642013">
        <ele>0.0</ele>
    </trkpt>
    <trkpt lat="43.270136" lon="6.641873">
        <ele>0.0</ele>
    </trkpt>
    <trkpt lat="43.270039" lon="6.641889">
        <ele>0.0</ele>
    </trkpt>
    <trkpt lat="43.270077" lon="6.641948">
        <ele>0.0</ele>
    </trkpt>
    <trkpt lat="43.270125" lon="6.641948">
        <ele>0.0</ele>
    </trkpt>
    <trkpt lat="43.270012" lon="6.64204">
        <ele>0.0</ele>
    </trkpt>
    <trkpt lat="43.270055" lon="6.642077">
        <ele>0.0</ele>
    </trkpt>
    <trkpt lat="43.270034" lon="6.642206">
        <ele>0.0</ele>
    </trkpt>
    <trkpt lat="43.270146" lon="6.642029">
        <ele>0.0</ele>
    </trkpt>
    <trkpt lat="43.27013" lon="6.641895">
        <ele>0.0</ele>
    </trkpt>
    <trkpt lat="43.270087" lon="6.641916">
        <ele>0.0</ele>
    </trkpt>
    <trkpt lat="43.270103" lon="6.642007">
        <ele>0.0</ele>
    </trkpt>
    <trkpt lat="43.270077" lon="6.642061">
        <ele>0.0</ele>
    </trkpt>
    <trkpt lat="43.269996" lon="6.642163">
        <ele>0.0</ele>
    </trkpt>
    <trkpt lat="43.269894" lon="6.642211">
        <ele>0.0</ele>
    </trkpt>
    <trkpt lat="43.269717" lon="6.642807">
        <ele>0.0</ele>
    </trkpt>
    <trkpt lat="43.269739" lon="6.643016">
        <ele>0.0</ele>
    </trkpt>
    <trkpt lat="43.269696" lon="6.643059">
        <ele>0.0</ele>
    </trkpt>
    <trkpt lat="43.269647" lon="6.643059">
        <ele>0.0</ele>
    </trkpt>
    <trkpt lat="43.269524" lon="6.643225">
        <ele>0.0</ele>
    </trkpt>
    <trkpt lat="43.269454" lon="6.643563">
        <ele>0.0</ele>
    </trkpt>
    <trkpt lat="43.269417" lon="6.643601">
        <ele>0.0</ele>
    </trkpt>
    <trkpt lat="43.269385" lon="6.643751">
        <ele>0.0</ele>
    </trkpt>
    <trkpt lat="43.269342" lon="6.643799">
        <ele>0.0</ele>
    </trkpt>
    <trkpt lat="43.269326" lon="6.644153">
        <ele>0.0</ele>
    </trkpt>
    <trkpt lat="43.269293" lon="6.644212">
        <ele>0.0</ele>
    </trkpt>
    <trkpt lat="43.269229" lon="6.644217">
        <ele>0.0</ele>
    </trkpt>
    <trkpt lat="43.269208" lon="6.644432">
        <ele>0.0</ele>
    </trkpt>
    <trkpt lat="43.269256" lon="6.644432">
        <ele>0.0</ele>
    </trkpt>
    <trkpt lat="43.269272" lon="6.644373">
        <ele>0.0</ele>
    </trkpt>
    <trkpt lat="43.269267" lon="6.644282">
        <ele>0.0</ele>
    </trkpt>
    <trkpt lat="43.26932" lon="6.644164">
        <ele>0.0</ele>
    </trkpt>
    <trkpt lat="43.269411" lon="6.643552">
        <ele>0.0</ele>
    </trkpt>
    <trkpt lat="43.269519" lon="6.643306">
        <ele>0.0</ele>
    </trkpt>
    <trkpt lat="43.269567" lon="6.643289">
        <ele>0.0</ele>
    </trkpt>
    <trkpt lat="43.269664" lon="6.643118">
        <ele>0.0</ele>
    </trkpt>
    <trkpt lat="43.26969" lon="6.642989">
        <ele>0.0</ele>
    </trkpt>
    <trkpt lat="43.269765" lon="6.642919">
        <ele>0.0</ele>
    </trkpt>
    <trkpt lat="43.269926" lon="6.642313">
        <ele>0.0</ele>
    </trkpt>
    <trkpt lat="43.269969" lon="6.642276">
        <ele>0.0</ele>
    </trkpt>
    <trkpt lat="43.269985" lon="6.6422">
        <ele>0.0</ele>
    </trkpt>
    <trkpt lat="43.270103" lon="6.642072">
        <ele>0.0</ele>
    </trkpt>
    <trkpt lat="43.270152" lon="6.642066">
        <ele>0.0</ele>
    </trkpt>
    <trkpt lat="43.270179" lon="6.641761">
        <ele>0.0</ele>
    </trkpt>
    <trkpt lat="43.270082" lon="6.641525">
        <ele>0.0</ele>
    </trkpt>
    <trkpt lat="43.270098" lon="6.64138">
        <ele>0.0</ele>
    </trkpt>
    <trkpt lat="43.269985" lon="6.640967">
        <ele>0.0</ele>
    </trkpt>
    <trkpt lat="43.269969" lon="6.640763">
        <ele>0.0</ele>
    </trkpt>
    <trkpt lat="43.270141" lon="6.641278">
        <ele>0.0</ele>
    </trkpt>
    <trkpt lat="43.270216" lon="6.64138">
        <ele>0.0</ele>
    </trkpt>
    <trkpt lat="43.270436" lon="6.641369">
        <ele>0.0</ele>
    </trkpt>
    <trkpt lat="43.2705" lon="6.641235">
        <ele>0.0</ele>
    </trkpt>
    <trkpt lat="43.270549" lon="6.641251">
        <ele>0.0</ele>
    </trkpt>
    <trkpt lat="43.270683" lon="6.641042">
        <ele>0.0</ele>
    </trkpt>
    <trkpt lat="43.27093" lon="6.640779">
        <ele>0.0</ele>
    </trkpt>
    <trkpt lat="43.270989" lon="6.640784">
        <ele>0.0</ele>
    </trkpt>
    <trkpt lat="43.271337" lon="6.640484">
        <ele>0.0</ele>
    </trkpt>
    <trkpt lat="43.271396" lon="6.640446">
        <ele>0.0</ele>
    </trkpt>
    <trkpt lat="43.27145" lon="6.640457">
        <ele>0.0</ele>
    </trkpt>
    <trkpt lat="43.271622" lon="6.640366">
        <ele>0.0</ele>
    </trkpt>
    <trkpt lat="43.271702" lon="6.640264">
        <ele>0.0</ele>
    </trkpt>
    <trkpt lat="43.272067" lon="6.64006">
        <ele>0.0</ele>
    </trkpt>
    <trkpt lat="43.272142" lon="6.63991">
        <ele>0.0</ele>
    </trkpt>
    <trkpt lat="43.272228" lon="6.639899">
        <ele>0.0</ele>
    </trkpt>
    <trkpt lat="43.272389" lon="6.639797">
        <ele>0.0</ele>
    </trkpt>
    <trkpt lat="43.272415" lon="6.639744">
        <ele>0.0</ele>
    </trkpt>
    <trkpt lat="43.272512" lon="6.639717">
        <ele>0.0</ele>
    </trkpt>
    <trkpt lat="43.272635" lon="6.639738">
        <ele>0.0</ele>
    </trkpt>
    <trkpt lat="43.272662" lon="6.639658">
        <ele>0.0</ele>
    </trkpt>
    <trkpt lat="43.272829" lon="6.639561">
        <ele>0.0</ele>
    </trkpt>
    <trkpt lat="43.272861" lon="6.639475">
        <ele>0.0</ele>
    </trkpt>
    <trkpt lat="43.272925" lon="6.639449">
        <ele>0.0</ele>
    </trkpt>
    <trkpt lat="43.272957" lon="6.639384">
        <ele>0.0</ele>
    </trkpt>
    <trkpt lat="43.273134" lon="6.639502">
        <ele>0.0</ele>
    </trkpt>
    <trkpt lat="43.273193" lon="6.639599">
        <ele>0.0</ele>
    </trkpt>
    <trkpt lat="43.273177" lon="6.63954">
        <ele>0.0</ele>
    </trkpt>
    <trkpt lat="43.27322" lon="6.639422">
        <ele>0.0</ele>
    </trkpt>
    <trkpt lat="43.273542" lon="6.63932">
        <ele>0.0</ele>
    </trkpt>
    <trkpt lat="43.273574" lon="6.639234">
        <ele>0.0</ele>
    </trkpt>
    <trkpt lat="43.27373" lon="6.63903">
        <ele>0.0</ele>
    </trkpt>
    <trkpt lat="43.27388" lon="6.638923">
        <ele>0.0</ele>
    </trkpt>
    <trkpt lat="43.273896" lon="6.638848">
        <ele>0.0</ele>
    </trkpt>
    <trkpt lat="43.273934" lon="6.63881">
        <ele>0.0</ele>
    </trkpt>
    <trkpt lat="43.273982" lon="6.638821">
        <ele>0.0</ele>
    </trkpt>
    <trkpt lat="43.274062" lon="6.638703">
        <ele>0.0</ele>
    </trkpt>
    <trkpt lat="43.274025" lon="6.638655">
        <ele>0.0</ele>
    </trkpt>
    <trkpt lat="43.274003" lon="6.638531">
        <ele>0.0</ele>
    </trkpt>
    <trkpt lat="43.274009" lon="6.638601">
        <ele>0.0</ele>
    </trkpt>
    <trkpt lat="43.273939" lon="6.638805">
        <ele>0.0</ele>
    </trkpt>
    <trkpt lat="43.273848" lon="6.638858">
        <ele>0.0</ele>
    </trkpt>
    <trkpt lat="43.273805" lon="6.638821">
        <ele>0.0</ele>
    </trkpt>
    <trkpt lat="43.273896" lon="6.638842">
        <ele>0.0</ele>
    </trkpt>
    <trkpt lat="43.273971" lon="6.638676">
        <ele>0.0</ele>
    </trkpt>
    <trkpt lat="43.273885" lon="6.638429">
        <ele>0.0</ele>
    </trkpt>
    <trkpt lat="43.273778" lon="6.638429">
        <ele>0.0</ele>
    </trkpt>
    <trkpt lat="43.2738" lon="6.638558">
        <ele>0.0</ele>
    </trkpt>
    <trkpt lat="43.273783" lon="6.638628">
        <ele>0.0</ele>
    </trkpt>
    <trkpt lat="43.273606" lon="6.63873">
        <ele>0.0</ele>
    </trkpt>
    <trkpt lat="43.273521" lon="6.638896">
        <ele>0.0</ele>
    </trkpt>
    <trkpt lat="43.273488" lon="6.638815">
        <ele>0.0</ele>
    </trkpt>
    <trkpt lat="43.273483" lon="6.63888">
        <ele>0.0</ele>
    </trkpt>
    <trkpt lat="43.273531" lon="6.638885">
        <ele>0.0</ele>
    </trkpt>
    <trkpt lat="43.273617" lon="6.638826">
        <ele>0.0</ele>
    </trkpt>
    <trkpt lat="43.273724" lon="6.63881">
        <ele>0.0</ele>
    </trkpt>
    <trkpt lat="43.27388" lon="6.638848">
        <ele>0.0</ele>
    </trkpt>
    <trkpt lat="43.274025" lon="6.638799">
        <ele>0.0</ele>
    </trkpt>
    <trkpt lat="43.274057" lon="6.638746">
        <ele>0.0</ele>
    </trkpt>
    <trkpt lat="43.274052" lon="6.638815">
        <ele>0.0</ele>
    </trkpt>
    <trkpt lat="43.274046" lon="6.638751">
        <ele>0.0</ele>
    </trkpt>
    <trkpt lat="43.274003" lon="6.638778">
        <ele>0.0</ele>
    </trkpt>
    <trkpt lat="43.273864" lon="6.638912">
        <ele>0.0</ele>
    </trkpt>
    <trkpt lat="43.273783" lon="6.638794">
        <ele>0.0</ele>
    </trkpt>
    <trkpt lat="43.273719" lon="6.638783">
        <ele>0.0</ele>
    </trkpt>
    <trkpt lat="43.273488" lon="6.638826">
        <ele>0.0</ele>
    </trkpt>
    <trkpt lat="43.273322" lon="6.638901">
        <ele>0.0</ele>
    </trkpt>
    <trkpt lat="43.273108" lon="6.638917">
        <ele>0.0</ele>
    </trkpt>
    <trkpt lat="43.273086" lon="6.639137">
        <ele>0.0</ele>
    </trkpt>
    <trkpt lat="43.273113" lon="6.639223">
        <ele>0.0</ele>
    </trkpt>
    <trkpt lat="43.273086" lon="6.639288">
        <ele>0.0</ele>
    </trkpt>
    <trkpt lat="43.272989" lon="6.639314">
        <ele>0.0</ele>
    </trkpt>
    <trkpt lat="43.272898" lon="6.639389">
        <ele>0.0</ele>
    </trkpt>
    <trkpt lat="43.272791" lon="6.639389">
        <ele>0.0</ele>
    </trkpt>
    <trkpt lat="43.272753" lon="6.639465">
        <ele>0.0</ele>
    </trkpt>
    <trkpt lat="43.27255" lon="6.639486">
        <ele>0.0</ele>
    </trkpt>
    <trkpt lat="43.272507" lon="6.639561">
        <ele>0.0</ele>
    </trkpt>
    <trkpt lat="43.272448" lon="6.639599">
        <ele>0.0</ele>
    </trkpt>
    <trkpt lat="43.272421" lon="6.639685">
        <ele>0.0</ele>
    </trkpt>
    <trkpt lat="43.272373" lon="6.639685">
        <ele>0.0</ele>
    </trkpt>
    <trkpt lat="43.272335" lon="6.639776">
        <ele>0.0</ele>
    </trkpt>
    <trkpt lat="43.272083" lon="6.639872">
        <ele>0.0</ele>
    </trkpt>
    <trkpt lat="43.271917" lon="6.640092">
        <ele>0.0</ele>
    </trkpt>
    <trkpt lat="43.271707" lon="6.640167">
        <ele>0.0</ele>
    </trkpt>
    <trkpt lat="43.271611" lon="6.640269">
        <ele>0.0</ele>
    </trkpt>
    <trkpt lat="43.271407" lon="6.640339">
        <ele>0.0</ele>
    </trkpt>
    <trkpt lat="43.271198" lon="6.640495">
        <ele>0.0</ele>
    </trkpt>
    <trkpt lat="43.271112" lon="6.640596">
        <ele>0.0</ele>
    </trkpt>
    <trkpt lat="43.271021" lon="6.640639">
        <ele>0.0</ele>
    </trkpt>
    <trkpt lat="43.270806" lon="6.640967">
        <ele>0.0</ele>
    </trkpt>
    <trkpt lat="43.270624" lon="6.641133">
        <ele>0.0</ele>
    </trkpt>
    <trkpt lat="43.270495" lon="6.641353">
        <ele>0.0</ele>
    </trkpt>
    <trkpt lat="43.270441" lon="6.641364">
        <ele>0.0</ele>
    </trkpt>
    <trkpt lat="43.270398" lon="6.641417">
        <ele>0.0</ele>
    </trkpt>
    <trkpt lat="43.270388" lon="6.641551">
        <ele>0.0</ele>
    </trkpt>
    <trkpt lat="43.270339" lon="6.641616">
        <ele>0.0</ele>
    </trkpt>
    <trkpt lat="43.27012" lon="6.64175">
        <ele>0.0</ele>
    </trkpt>
    <trkpt lat="43.27005" lon="6.641868">
        <ele>0.0</ele>
    </trkpt>
    <trkpt lat="43.270012" lon="6.641959">
        <ele>0.0</ele>
    </trkpt>
    <trkpt lat="43.270018" lon="6.64204">
        <ele>0.0</ele>
    </trkpt>
    <trkpt lat="43.270152" lon="6.6422">
        <ele>0.0</ele>
    </trkpt>
    <trkpt lat="43.270098" lon="6.642174">
        <ele>0.0</ele>
    </trkpt>
    <trkpt lat="43.270114" lon="6.64205">
        <ele>0.0</ele>
    </trkpt>
    <trkpt lat="43.270329" lon="6.641809">
        <ele>0.0</ele>
    </trkpt>
    <trkpt lat="43.270425" lon="6.641594">
        <ele>0.0</ele>
    </trkpt>
    <trkpt lat="43.270377" lon="6.641299">
        <ele>0.0</ele>
    </trkpt>
    <trkpt lat="43.270238" lon="6.640999">
        <ele>0.0</ele>
    </trkpt>
    <trkpt lat="43.270538" lon="6.6405">
        <ele>0.0</ele>
    </trkpt>
    <trkpt lat="43.271107" lon="6.639888">
        <ele>0.0</ele>
    </trkpt>
    <trkpt lat="43.271117" lon="6.639786">
        <ele>0.0</ele>
    </trkpt>
    <trkpt lat="43.271155" lon="6.639744">
        <ele>0.0</ele>
    </trkpt>
    <trkpt lat="43.271209" lon="6.639738">
        <ele>0.0</ele>
    </trkpt>
    <trkpt lat="43.271305" lon="6.639845">
        <ele>0.0</ele>
    </trkpt>
    <trkpt lat="43.271402" lon="6.639894">
        <ele>0.0</ele>
    </trkpt>
    <trkpt lat="43.271471" lon="6.639878">
        <ele>0.0</ele>
    </trkpt>
    <trkpt lat="43.271514" lon="6.639904">
        <ele>0.0</ele>
    </trkpt>
    <trkpt lat="43.271536" lon="6.639738">
        <ele>0.0</ele>
    </trkpt>
    <trkpt lat="43.27152" lon="6.639803">
        <ele>0.0</ele>
    </trkpt>
    <trkpt lat="43.271471" lon="6.63976">
        <ele>0.0</ele>
    </trkpt>
    <trkpt lat="43.271423" lon="6.639781">
        <ele>0.0</ele>
    </trkpt>
    <trkpt lat="43.271418" lon="6.639845">
        <ele>0.0</ele>
    </trkpt>
    <trkpt lat="43.271461" lon="6.639883">
        <ele>0.0</ele>
    </trkpt>
    <trkpt lat="43.271418" lon="6.639851">
        <ele>0.0</ele>
    </trkpt>
    <trkpt lat="43.271428" lon="6.639786">
        <ele>0.0</ele>
    </trkpt>
    <trkpt lat="43.271514" lon="6.639829">
        <ele>0.0</ele>
    </trkpt>
    <trkpt lat="43.271552" lon="6.63977">
        <ele>0.0</ele>
    </trkpt>
    <trkpt lat="43.271605" lon="6.639776">
        <ele>0.0</ele>
    </trkpt>
    <trkpt lat="43.271809" lon="6.639701">
        <ele>0.0</ele>
    </trkpt>
    <trkpt lat="43.272002" lon="6.639604">
        <ele>0.0</ele>
    </trkpt>
    <trkpt lat="43.272153" lon="6.639368">
        <ele>0.0</ele>
    </trkpt>
    <trkpt lat="43.272019" lon="6.639052">
        <ele>0.0</ele>
    </trkpt>
    <trkpt lat="43.271906" lon="6.639041">
        <ele>0.0</ele>
    </trkpt>
    <trkpt lat="43.271799" lon="6.638987">
        <ele>0.0</ele>
    </trkpt>
    <trkpt lat="43.271455" lon="6.63866">
        <ele>0.0</ele>
    </trkpt>
    <trkpt lat="43.271461" lon="6.638579">
        <ele>0.0</ele>
    </trkpt>
    <trkpt lat="43.271418" lon="6.63844">
        <ele>0.0</ele>
    </trkpt>
    <trkpt lat="43.271471" lon="6.638408">
        <ele>0.0</ele>
    </trkpt>
    <trkpt lat="43.271434" lon="6.638199">
        <ele>0.0</ele>
    </trkpt>
    <trkpt lat="43.271284" lon="6.637957">
        <ele>0.0</ele>
    </trkpt>
    <trkpt lat="43.27123" lon="6.637748">
        <ele>0.0</ele>
    </trkpt>
    <trkpt lat="43.271176" lon="6.637646">
        <ele>0.0</ele>
    </trkpt>
    <trkpt lat="43.27101" lon="6.637469">
        <ele>0.0</ele>
    </trkpt>
    <trkpt lat="43.271112" lon="6.63749">
        <ele>0.0</ele>
    </trkpt>
    <trkpt lat="43.271128" lon="6.637555">
        <ele>0.0</ele>
    </trkpt>
    <trkpt lat="43.271053" lon="6.637464">
        <ele>0.0</ele>
    </trkpt>
    <trkpt lat="43.271096" lon="6.637501">
        <ele>0.0</ele>
    </trkpt>
    <trkpt lat="43.271074" lon="6.637415">
        <ele>0.0</ele>
    </trkpt>
    <trkpt lat="43.270903" lon="6.637195">
        <ele>0.0</ele>
    </trkpt>
    <trkpt lat="43.270774" lon="6.63712">
        <ele>0.0</ele>
    </trkpt>
    <trkpt lat="43.270672" lon="6.636938">
        <ele>0.0</ele>
    </trkpt>
    <trkpt lat="43.270672" lon="6.636804">
        <ele>0.0</ele>
    </trkpt>
    <trkpt lat="43.270785" lon="6.636723">
        <ele>0.0</ele>
    </trkpt>
    <trkpt lat="43.270833" lon="6.636697">
        <ele>0.0</ele>
    </trkpt>
    <trkpt lat="43.270919" lon="6.63675">
        <ele>0.0</ele>
    </trkpt>
    <trkpt lat="43.271015" lon="6.636697">
        <ele>0.0</ele>
    </trkpt>
    <trkpt lat="43.271042" lon="6.636461">
        <ele>0.0</ele>
    </trkpt>
    <trkpt lat="43.271037" lon="6.63638">
        <ele>0.0</ele>
    </trkpt>
    <trkpt lat="43.270999" lon="6.636343">
        <ele>0.0</ele>
    </trkpt>
    <trkpt lat="43.270994" lon="6.636208">
        <ele>0.0</ele>
    </trkpt>
    <trkpt lat="43.27094" lon="6.636144">
        <ele>0.0</ele>
    </trkpt>
    <trkpt lat="43.270822" lon="6.636112">
        <ele>0.0</ele>
    </trkpt>
    <trkpt lat="43.270806" lon="6.636042">
        <ele>0.0</ele>
    </trkpt>
    <trkpt lat="43.27072" lon="6.635951">
        <ele>0.0</ele>
    </trkpt>
    <trkpt lat="43.270618" lon="6.635897">
        <ele>0.0</ele>
    </trkpt>
    <trkpt lat="43.270388" lon="6.635597">
        <ele>0.0</ele>
    </trkpt>
    <trkpt lat="43.270238" lon="6.635506">
        <ele>0.0</ele>
    </trkpt>
    <trkpt lat="43.270189" lon="6.635441">
        <ele>0.0</ele>
    </trkpt>
    <trkpt lat="43.270157" lon="6.63549">
        <ele>0.0</ele>
    </trkpt>
    <trkpt lat="43.270173" lon="6.635559">
        <ele>0.0</ele>
    </trkpt>
    <trkpt lat="43.270205" lon="6.635613">
        <ele>0.0</ele>
    </trkpt>
    <trkpt lat="43.270318" lon="6.635613">
        <ele>0.0</ele>
    </trkpt>
    <trkpt lat="43.270484" lon="6.635795">
        <ele>0.0</ele>
    </trkpt>
    <trkpt lat="43.270398" lon="6.635887">
        <ele>0.0</ele>
    </trkpt>
    <trkpt lat="43.270232" lon="6.635913">
        <ele>0.0</ele>
    </trkpt>
    <trkpt lat="43.270044" lon="6.63623">
        <ele>0.0</ele>
    </trkpt>
    <trkpt lat="43.269851" lon="6.636369">
        <ele>0.0</ele>
    </trkpt>
    <trkpt lat="43.269776" lon="6.636482">
        <ele>0.0</ele>
    </trkpt>
    <trkpt lat="43.269621" lon="6.636584">
        <ele>0.0</ele>
    </trkpt>
    <trkpt lat="43.269583" lon="6.636718">
        <ele>0.0</ele>
    </trkpt>
    <trkpt lat="43.269599" lon="6.636874">
        <ele>0.0</ele>
    </trkpt>
    <trkpt lat="43.26954" lon="6.637212">
        <ele>0.0</ele>
    </trkpt>
    <trkpt lat="43.269524" lon="6.637614">
        <ele>0.0</ele>
    </trkpt>
  </trkseg>
</trk>
<trk>
  <name>2011/09/06 18:17:00</name>
  <extensions>
  </extensions>
  <trkseg>
    <trkpt lat="43.269497" lon="6.637673">
        <ele>0.0</ele>
    </trkpt>
    <trkpt lat="43.269369" lon="6.637823">
        <ele>0.0</ele>
    </trkpt>
    <trkpt lat="43.268923" lon="6.638129">
        <ele>0.0</ele>
    </trkpt>
    <trkpt lat="43.268542" lon="6.638349">
        <ele>0.0</ele>
    </trkpt>
    <trkpt lat="43.26843" lon="6.638386">
        <ele>0.0</ele>
    </trkpt>
    <trkpt lat="43.268285" lon="6.638499">
        <ele>0.0</ele>
    </trkpt>
    <trkpt lat="43.268204" lon="6.638601">
        <ele>0.0</ele>
    </trkpt>
    <trkpt lat="43.267915" lon="6.639588">
        <ele>0.0</ele>
    </trkpt>
    <trkpt lat="43.2677" lon="6.640521">
        <ele>0.0</ele>
    </trkpt>
    <trkpt lat="43.267673" lon="6.640586">
        <ele>0.0</ele>
    </trkpt>
    <trkpt lat="43.267582" lon="6.640666">
        <ele>0.0</ele>
    </trkpt>
    <trkpt lat="43.267362" lon="6.640639">
        <ele>0.0</ele>
    </trkpt>
    <trkpt lat="43.266804" lon="6.640747">
        <ele>0.0</ele>
    </trkpt>
    <trkpt lat="43.266692" lon="6.640731">
        <ele>0.0</ele>
    </trkpt>
    <trkpt lat="43.266515" lon="6.640816">
        <ele>0.0</ele>
    </trkpt>
    <trkpt lat="43.266123" lon="6.640918">
        <ele>0.0</ele>
    </trkpt>
    <trkpt lat="43.265882" lon="6.640924">
        <ele>0.0</ele>
    </trkpt>
    <trkpt lat="43.265533" lon="6.640993">
        <ele>0.0</ele>
    </trkpt>
    <trkpt lat="43.265308" lon="6.640961">
        <ele>0.0</ele>
    </trkpt>
    <trkpt lat="43.26519" lon="6.640972">
        <ele>0.0</ele>
    </trkpt>
    <trkpt lat="43.265088" lon="6.640993">
        <ele>0.0</ele>
    </trkpt>
    <trkpt lat="43.26505" lon="6.641047">
        <ele>0.0</ele>
    </trkpt>
    <trkpt lat="43.264943" lon="6.641079">
        <ele>0.0</ele>
    </trkpt>
    <trkpt lat="43.264358" lon="6.641101">
        <ele>0.0</ele>
    </trkpt>
    <trkpt lat="43.264133" lon="6.641138">
        <ele>0.0</ele>
    </trkpt>
    <trkpt lat="43.263784" lon="6.641305">
        <ele>0.0</ele>
    </trkpt>
    <trkpt lat="43.263709" lon="6.641374">
        <ele>0.0</ele>
    </trkpt>
    <trkpt lat="43.263516" lon="6.641326">
        <ele>0.0</ele>
    </trkpt>
    <trkpt lat="43.26336" lon="6.641364">
        <ele>0.0</ele>
    </trkpt>
    <trkpt lat="43.263114" lon="6.641466">
        <ele>0.0</ele>
    </trkpt>
    <trkpt lat="43.26284" lon="6.641659">
        <ele>0.0</ele>
    </trkpt>
    <trkpt lat="43.262486" lon="6.641766">
        <ele>0.0</ele>
    </trkpt>
    <trkpt lat="43.262395" lon="6.64183">
        <ele>0.0</ele>
    </trkpt>
    <trkpt lat="43.262186" lon="6.641777">
        <ele>0.0</ele>
    </trkpt>
    <trkpt lat="43.26188" lon="6.641551">
        <ele>0.0</ele>
    </trkpt>
    <trkpt lat="43.261665" lon="6.641246">
        <ele>0.0</ele>
    </trkpt>
    <trkpt lat="43.261649" lon="6.641187">
        <ele>0.0</ele>
    </trkpt>
    <trkpt lat="43.261558" lon="6.641111">
        <ele>0.0</ele>
    </trkpt>
    <trkpt lat="43.261504" lon="6.641117">
        <ele>0.0</ele>
    </trkpt>
    <trkpt lat="43.261343" lon="6.641187">
        <ele>0.0</ele>
    </trkpt>
    <trkpt lat="43.261172" lon="6.641213">
        <ele>0.0</ele>
    </trkpt>
    <trkpt lat="43.260903" lon="6.641471">
        <ele>0.0</ele>
    </trkpt>
    <trkpt lat="43.260667" lon="6.641787">
        <ele>0.0</ele>
    </trkpt>
    <trkpt lat="43.260646" lon="6.641884">
        <ele>0.0</ele>
    </trkpt>
    <trkpt lat="43.260512" lon="6.642125">
        <ele>0.0</ele>
    </trkpt>
    <trkpt lat="43.260163" lon="6.642662">
        <ele>0.0</ele>
    </trkpt>
    <trkpt lat="43.259702" lon="6.643016">
        <ele>0.0</ele>
    </trkpt>
    <trkpt lat="43.259176" lon="6.643295">
        <ele>0.0</ele>
    </trkpt>
    <trkpt lat="43.258801" lon="6.643547">
        <ele>0.0</ele>
    </trkpt>
    <trkpt lat="43.258613" lon="6.643493">
        <ele>0.0</ele>
    </trkpt>
    <trkpt lat="43.258468" lon="6.643509">
        <ele>0.0</ele>
    </trkpt>
    <trkpt lat="43.257524" lon="6.643461">
        <ele>0.0</ele>
    </trkpt>
    <trkpt lat="43.256912" lon="6.643284">
        <ele>0.0</ele>
    </trkpt>
    <trkpt lat="43.256247" lon="6.643289">
        <ele>0.0</ele>
    </trkpt>
    <trkpt lat="43.255947" lon="6.643391">
        <ele>0.0</ele>
    </trkpt>
    <trkpt lat="43.2557" lon="6.643558">
        <ele>0.0</ele>
    </trkpt>
    <trkpt lat="43.255003" lon="6.643944">
        <ele>0.0</ele>
    </trkpt>
    <trkpt lat="43.254826" lon="6.644089">
        <ele>0.0</ele>
    </trkpt>
    <trkpt lat="43.2546" lon="6.644223">
        <ele>0.0</ele>
    </trkpt>
    <trkpt lat="43.25246" lon="6.644738">
        <ele>0.0</ele>
    </trkpt>
    <trkpt lat="43.252052" lon="6.644738">
        <ele>0.0</ele>
    </trkpt>
    <trkpt lat="43.251344" lon="6.644523">
        <ele>0.0</ele>
    </trkpt>
    <trkpt lat="43.251237" lon="6.644448">
        <ele>0.0</ele>
    </trkpt>
    <trkpt lat="43.251113" lon="6.644437">
        <ele>0.0</ele>
    </trkpt>
    <trkpt lat="43.249949" lon="6.645333">
        <ele>0.0</ele>
    </trkpt>
    <trkpt lat="43.246554" lon="6.648418">
        <ele>0.0</ele>
    </trkpt>
    <trkpt lat="43.246334" lon="6.648579">
        <ele>0.0</ele>
    </trkpt>
    <trkpt lat="43.246221" lon="6.648622">
        <ele>0.0</ele>
    </trkpt>
    <trkpt lat="43.24591" lon="6.648681">
        <ele>0.0</ele>
    </trkpt>
    <trkpt lat="43.245642" lon="6.648654">
        <ele>0.0</ele>
    </trkpt>
    <trkpt lat="43.24539" lon="6.648573">
        <ele>0.0</ele>
    </trkpt>
    <trkpt lat="43.24481" lon="6.648273">
        <ele>0.0</ele>
    </trkpt>
    <trkpt lat="43.244413" lon="6.648214">
        <ele>0.0</ele>
    </trkpt>
    <trkpt lat="43.244193" lon="6.648241">
        <ele>0.0</ele>
    </trkpt>
    <trkpt lat="43.243206" lon="6.648702">
        <ele>0.0</ele>
    </trkpt>
    <trkpt lat="43.240835" lon="6.64992">
        <ele>0.0</ele>
    </trkpt>
    <trkpt lat="43.240417" lon="6.650086">
        <ele>0.0</ele>
    </trkpt>
    <trkpt lat="43.240057" lon="6.650167">
        <ele>0.0</ele>
    </trkpt>
    <trkpt lat="43.239703" lon="6.650172">
        <ele>0.0</ele>
    </trkpt>
    <trkpt lat="43.239231" lon="6.650081">
        <ele>0.0</ele>
    </trkpt>
    <trkpt lat="43.238942" lon="6.649963">
        <ele>0.0</ele>
    </trkpt>
    <trkpt lat="43.238325" lon="6.649571">
        <ele>0.0</ele>
    </trkpt>
    <trkpt lat="43.237954" lon="6.649448">
        <ele>0.0</ele>
    </trkpt>
    <trkpt lat="43.237606" lon="6.64941">
        <ele>0.0</ele>
    </trkpt>
    <trkpt lat="43.236984" lon="6.64956">
        <ele>0.0</ele>
    </trkpt>
    <trkpt lat="43.236994" lon="6.649619">
        <ele>0.0</ele>
    </trkpt>
    <trkpt lat="43.237053" lon="6.649636">
        <ele>0.0</ele>
    </trkpt>
    <trkpt lat="43.237279" lon="6.649609">
        <ele>0.0</ele>
    </trkpt>
    <trkpt lat="43.237375" lon="6.64956">
        <ele>0.0</ele>
    </trkpt>
    <trkpt lat="43.237568" lon="6.649523">
        <ele>0.0</ele>
    </trkpt>
    <trkpt lat="43.237617" lon="6.649539">
        <ele>0.0</ele>
    </trkpt>
    <trkpt lat="43.237643" lon="6.649593">
        <ele>0.0</ele>
    </trkpt>
    <trkpt lat="43.237595" lon="6.649727">
        <ele>0.0</ele>
    </trkpt>
    <trkpt lat="43.237493" lon="6.650403">
        <ele>0.0</ele>
    </trkpt>
    <trkpt lat="43.237504" lon="6.650526">
        <ele>0.0</ele>
    </trkpt>
    <trkpt lat="43.237547" lon="6.650547">
        <ele>0.0</ele>
    </trkpt>
    <trkpt lat="43.237456" lon="6.650633">
        <ele>0.0</ele>
    </trkpt>
    <trkpt lat="43.23737" lon="6.651293">
        <ele>0.0</ele>
    </trkpt>
    <trkpt lat="43.237246" lon="6.651513">
        <ele>0.0</ele>
    </trkpt>
    <trkpt lat="43.237112" lon="6.651851">
        <ele>0.0</ele>
    </trkpt>
    <trkpt lat="43.23693" lon="6.651974">
        <ele>0.0</ele>
    </trkpt>
    <trkpt lat="43.236892" lon="6.652173">
        <ele>0.0</ele>
    </trkpt>
    <trkpt lat="43.236801" lon="6.652371">
        <ele>0.0</ele>
    </trkpt>
    <trkpt lat="43.236774" lon="6.652645">
        <ele>0.0</ele>
    </trkpt>
    <trkpt lat="43.236678" lon="6.652929">
        <ele>0.0</ele>
    </trkpt>
    <trkpt lat="43.236517" lon="6.653262">
        <ele>0.0</ele>
    </trkpt>
    <trkpt lat="43.23619" lon="6.653723">
        <ele>0.0</ele>
    </trkpt>
    <trkpt lat="43.236147" lon="6.653696">
        <ele>0.0</ele>
    </trkpt>
    <trkpt lat="43.23553" lon="6.654646">
        <ele>0.0</ele>
    </trkpt>
    <trkpt lat="43.23524" lon="6.655182">
        <ele>0.0</ele>
    </trkpt>
    <trkpt lat="43.235101" lon="6.655606">
        <ele>0.0</ele>
    </trkpt>
    <trkpt lat="43.234784" lon="6.655971">
        <ele>0.0</ele>
    </trkpt>
    <trkpt lat="43.234264" lon="6.6567">
        <ele>0.0</ele>
    </trkpt>
    <trkpt lat="43.234317" lon="6.657108">
        <ele>0.0</ele>
    </trkpt>
    <trkpt lat="43.234307" lon="6.657612">
        <ele>0.0</ele>
    </trkpt>
    <trkpt lat="43.234328" lon="6.657677">
        <ele>0.0</ele>
    </trkpt>
    <trkpt lat="43.234414" lon="6.657741">
        <ele>0.0</ele>
    </trkpt>
    <trkpt lat="43.234425" lon="6.657677">
        <ele>0.0</ele>
    </trkpt>
    <trkpt lat="43.234393" lon="6.657629">
        <ele>0.0</ele>
    </trkpt>
    <trkpt lat="43.23443" lon="6.65751">
        <ele>0.0</ele>
    </trkpt>
    <trkpt lat="43.234403" lon="6.657457">
        <ele>0.0</ele>
    </trkpt>
  </trkseg>
</trk>
<trk>
  <name>2011/09/07 10:11:00</name>
  <extensions>
  </extensions>
  <trkseg>
    <trkpt lat="43.234612" lon="6.657392">
        <ele>0.0</ele>
    </trkpt>
    <trkpt lat="43.234446" lon="6.657409">
        <ele>0.0</ele>
    </trkpt>
    <trkpt lat="43.234285" lon="6.657205">
        <ele>0.0</ele>
    </trkpt>
    <trkpt lat="43.234248" lon="6.656974">
        <ele>0.0</ele>
    </trkpt>
    <trkpt lat="43.234285" lon="6.656802">
        <ele>0.0</ele>
    </trkpt>
    <trkpt lat="43.234409" lon="6.656561">
        <ele>0.0</ele>
    </trkpt>
    <trkpt lat="43.234682" lon="6.656234">
        <ele>0.0</ele>
    </trkpt>
    <trkpt lat="43.234902" lon="6.655917">
        <ele>0.0</ele>
    </trkpt>
    <trkpt lat="43.234897" lon="6.655853">
        <ele>0.0</ele>
    </trkpt>
    <trkpt lat="43.234934" lon="6.655789">
        <ele>0.0</ele>
    </trkpt>
    <trkpt lat="43.235138" lon="6.655531">
        <ele>0.0</ele>
    </trkpt>
    <trkpt lat="43.235181" lon="6.655451">
        <ele>0.0</ele>
    </trkpt>
    <trkpt lat="43.23524" lon="6.655188">
        <ele>0.0</ele>
    </trkpt>
    <trkpt lat="43.235439" lon="6.65478">
        <ele>0.0</ele>
    </trkpt>
    <trkpt lat="43.235535" lon="6.654673">
        <ele>0.0</ele>
    </trkpt>
    <trkpt lat="43.23575" lon="6.654286">
        <ele>0.0</ele>
    </trkpt>
    <trkpt lat="43.235948" lon="6.654018">
        <ele>0.0</ele>
    </trkpt>
    <trkpt lat="43.236013" lon="6.653975">
        <ele>0.0</ele>
    </trkpt>
    <trkpt lat="43.236259" lon="6.653589">
        <ele>0.0</ele>
    </trkpt>
    <trkpt lat="43.236275" lon="6.653525">
        <ele>0.0</ele>
    </trkpt>
    <trkpt lat="43.236356" lon="6.65346">
        <ele>0.0</ele>
    </trkpt>
    <trkpt lat="43.236399" lon="6.653332">
        <ele>0.0</ele>
    </trkpt>
    <trkpt lat="43.236635" lon="6.652999">
        <ele>0.0</ele>
    </trkpt>
    <trkpt lat="43.236694" lon="6.652704">
        <ele>0.0</ele>
    </trkpt>
    <trkpt lat="43.236753" lon="6.652565">
        <ele>0.0</ele>
    </trkpt>
    <trkpt lat="43.236769" lon="6.652409">
        <ele>0.0</ele>
    </trkpt>
    <trkpt lat="43.236876" lon="6.652205">
        <ele>0.0</ele>
    </trkpt>
    <trkpt lat="43.236925" lon="6.652162">
        <ele>0.0</ele>
    </trkpt>
    <trkpt lat="43.236898" lon="6.652001">
        <ele>0.0</ele>
    </trkpt>
    <trkpt lat="43.236989" lon="6.651164">
        <ele>0.0</ele>
    </trkpt>
    <trkpt lat="43.237026" lon="6.650521">
        <ele>0.0</ele>
    </trkpt>
    <trkpt lat="43.236914" lon="6.650054">
        <ele>0.0</ele>
    </trkpt>
    <trkpt lat="43.236769" lon="6.649941">
        <ele>0.0</ele>
    </trkpt>
    <trkpt lat="43.236705" lon="6.649845">
        <ele>0.0</ele>
    </trkpt>
    <trkpt lat="43.236721" lon="6.64978">
        <ele>0.0</ele>
    </trkpt>
    <trkpt lat="43.236635" lon="6.649668">
        <ele>0.0</ele>
    </trkpt>
    <trkpt lat="43.23576" lon="6.650408">
        <ele>0.0</ele>
    </trkpt>
    <trkpt lat="43.235079" lon="6.650714">
        <ele>0.0</ele>
    </trkpt>
    <trkpt lat="43.234822" lon="6.650891">
        <ele>0.0</ele>
    </trkpt>
    <trkpt lat="43.233448" lon="6.651626">
        <ele>0.0</ele>
    </trkpt>
    <trkpt lat="43.23296" lon="6.651867">
        <ele>0.0</ele>
    </trkpt>
    <trkpt lat="43.232756" lon="6.651937">
        <ele>0.0</ele>
    </trkpt>
    <trkpt lat="43.232606" lon="6.651942">
        <ele>0.0</ele>
    </trkpt>
    <trkpt lat="43.232558" lon="6.651889">
        <ele>0.0</ele>
    </trkpt>
    <trkpt lat="43.232488" lon="6.651867">
        <ele>0.0</ele>
    </trkpt>
    <trkpt lat="43.231887" lon="6.651974">
        <ele>0.0</ele>
    </trkpt>
    <trkpt lat="43.23149" lon="6.651991">
        <ele>0.0</ele>
    </trkpt>
    <trkpt lat="43.231324" lon="6.65206">
        <ele>0.0</ele>
    </trkpt>
    <trkpt lat="43.231281" lon="6.652033">
        <ele>0.0</ele>
    </trkpt>
    <trkpt lat="43.231249" lon="6.652082">
        <ele>0.0</ele>
    </trkpt>
    <trkpt lat="43.23126" lon="6.652146">
        <ele>0.0</ele>
    </trkpt>
    <trkpt lat="43.231056" lon="6.652039">
        <ele>0.0</ele>
    </trkpt>
    <trkpt lat="43.230863" lon="6.651991">
        <ele>0.0</ele>
    </trkpt>
    <trkpt lat="43.230181" lon="6.651856">
        <ele>0.0</ele>
    </trkpt>
    <trkpt lat="43.23002" lon="6.651862">
        <ele>0.0</ele>
    </trkpt>
    <trkpt lat="43.229983" lon="6.651958">
        <ele>0.0</ele>
    </trkpt>
    <trkpt lat="43.229897" lon="6.652044">
        <ele>0.0</ele>
    </trkpt>
    <trkpt lat="43.229742" lon="6.652672">
        <ele>0.0</ele>
    </trkpt>
    <trkpt lat="43.229607" lon="6.652833">
        <ele>0.0</ele>
    </trkpt>
    <trkpt lat="43.229296" lon="6.65302">
        <ele>0.0</ele>
    </trkpt>
    <trkpt lat="43.229184" lon="6.653176">
        <ele>0.0</ele>
    </trkpt>
    <trkpt lat="43.229076" lon="6.653417">
        <ele>0.0</ele>
    </trkpt>
    <trkpt lat="43.229012" lon="6.653879">
        <ele>0.0</ele>
    </trkpt>
    <trkpt lat="43.22869" lon="6.655129">
        <ele>0.0</ele>
    </trkpt>
    <trkpt lat="43.228572" lon="6.655735">
        <ele>0.0</ele>
    </trkpt>
    <trkpt lat="43.228374" lon="6.656459">
        <ele>0.0</ele>
    </trkpt>
    <trkpt lat="43.227998" lon="6.658219">
        <ele>0.0</ele>
    </trkpt>
    <trkpt lat="43.227918" lon="6.658337">
        <ele>0.0</ele>
    </trkpt>
    <trkpt lat="43.22788" lon="6.658626">
        <ele>0.0</ele>
    </trkpt>
    <trkpt lat="43.227419" lon="6.660665">
        <ele>0.0</ele>
    </trkpt>
    <trkpt lat="43.227333" lon="6.661201">
        <ele>0.0</ele>
    </trkpt>
    <trkpt lat="43.227172" lon="6.661786">
        <ele>0.0</ele>
    </trkpt>
    <trkpt lat="43.227188" lon="6.661845">
        <ele>0.0</ele>
    </trkpt>
    <trkpt lat="43.227161" lon="6.661968">
        <ele>0.0</ele>
    </trkpt>
    <trkpt lat="43.227381" lon="6.660836">
        <ele>0.0</ele>
    </trkpt>
    <trkpt lat="43.227553" lon="6.660407">
        <ele>0.0</ele>
    </trkpt>
    <trkpt lat="43.227928" lon="6.658852">
        <ele>0.0</ele>
    </trkpt>
    <trkpt lat="43.227961" lon="6.65854">
        <ele>0.0</ele>
    </trkpt>
    <trkpt lat="43.228025" lon="6.658304">
        <ele>0.0</ele>
    </trkpt>
    <trkpt lat="43.228121" lon="6.658143">
        <ele>0.0</ele>
    </trkpt>
    <trkpt lat="43.228138" lon="6.657961">
        <ele>0.0</ele>
    </trkpt>
    <trkpt lat="43.228256" lon="6.657537">
        <ele>0.0</ele>
    </trkpt>
    <trkpt lat="43.228315" lon="6.657108">
        <ele>0.0</ele>
    </trkpt>
    <trkpt lat="43.228417" lon="6.656797">
        <ele>0.0</ele>
    </trkpt>
    <trkpt lat="43.228465" lon="6.656432">
        <ele>0.0</ele>
    </trkpt>
    <trkpt lat="43.22876" lon="6.655504">
        <ele>0.0</ele>
    </trkpt>
    <trkpt lat="43.228814" lon="6.655263">
        <ele>0.0</ele>
    </trkpt>
    <trkpt lat="43.228803" lon="6.655091">
        <ele>0.0</ele>
    </trkpt>
    <trkpt lat="43.228856" lon="6.654791">
        <ele>0.0</ele>
    </trkpt>
    <trkpt lat="43.228915" lon="6.654657">
        <ele>0.0</ele>
    </trkpt>
    <trkpt lat="43.228921" lon="6.654512">
        <ele>0.0</ele>
    </trkpt>
    <trkpt lat="43.228985" lon="6.654303">
        <ele>0.0</ele>
    </trkpt>
    <trkpt lat="43.229028" lon="6.653991">
        <ele>0.0</ele>
    </trkpt>
    <trkpt lat="43.229082" lon="6.653857">
        <ele>0.0</ele>
    </trkpt>
    <trkpt lat="43.229157" lon="6.653423">
        <ele>0.0</ele>
    </trkpt>
    <trkpt lat="43.229264" lon="6.653342">
        <ele>0.0</ele>
    </trkpt>
    <trkpt lat="43.229307" lon="6.653224">
        <ele>0.0</ele>
    </trkpt>
    <trkpt lat="43.22942" lon="6.653181">
        <ele>0.0</ele>
    </trkpt>
    <trkpt lat="43.229656" lon="6.653026">
        <ele>0.0</ele>
    </trkpt>
    <trkpt lat="43.229811" lon="6.652838">
        <ele>0.0</ele>
    </trkpt>
    <trkpt lat="43.229988" lon="6.652318">
        <ele>0.0</ele>
    </trkpt>
    <trkpt lat="43.229951" lon="6.65213">
        <ele>0.0</ele>
    </trkpt>
    <trkpt lat="43.229886" lon="6.652028">
        <ele>0.0</ele>
    </trkpt>
    <trkpt lat="43.22987" lon="6.651932">
        <ele>0.0</ele>
    </trkpt>
    <trkpt lat="43.229811" lon="6.651862">
        <ele>0.0</ele>
    </trkpt>
    <trkpt lat="43.229747" lon="6.651867">
        <ele>0.0</ele>
    </trkpt>
    <trkpt lat="43.229709" lon="6.65183">
        <ele>0.0</ele>
    </trkpt>
    <trkpt lat="43.229382" lon="6.651733">
        <ele>0.0</ele>
    </trkpt>
    <trkpt lat="43.22913" lon="6.651551">
        <ele>0.0</ele>
    </trkpt>
    <trkpt lat="43.228915" lon="6.651336">
        <ele>0.0</ele>
    </trkpt>
    <trkpt lat="43.228363" lon="6.650676">
        <ele>0.0</ele>
    </trkpt>
    <trkpt lat="43.228245" lon="6.650574">
        <ele>0.0</ele>
    </trkpt>
    <trkpt lat="43.227998" lon="6.650446">
        <ele>0.0</ele>
    </trkpt>
    <trkpt lat="43.227671" lon="6.650381">
        <ele>0.0</ele>
    </trkpt>
    <trkpt lat="43.227505" lon="6.650387">
        <ele>0.0</ele>
    </trkpt>
    <trkpt lat="43.226995" lon="6.650553">
        <ele>0.0</ele>
    </trkpt>
    <trkpt lat="43.226705" lon="6.650725">
        <ele>0.0</ele>
    </trkpt>
    <trkpt lat="43.226475" lon="6.650741">
        <ele>0.0</ele>
    </trkpt>
    <trkpt lat="43.226088" lon="6.650553">
        <ele>0.0</ele>
    </trkpt>
    <trkpt lat="43.225552" lon="6.65007">
        <ele>0.0</ele>
    </trkpt>
    <trkpt lat="43.225294" lon="6.649898">
        <ele>0.0</ele>
    </trkpt>
    <trkpt lat="43.224581" lon="6.649754">
        <ele>0.0</ele>
    </trkpt>
    <trkpt lat="43.224447" lon="6.649764">
        <ele>0.0</ele>
    </trkpt>
    <trkpt lat="43.224071" lon="6.649711">
        <ele>0.0</ele>
    </trkpt>
    <trkpt lat="43.223487" lon="6.649577">
        <ele>0.0</ele>
    </trkpt>
    <trkpt lat="43.223347" lon="6.649587">
        <ele>0.0</ele>
    </trkpt>
    <trkpt lat="43.223267" lon="6.649555">
        <ele>0.0</ele>
    </trkpt>
    <trkpt lat="43.222779" lon="6.649496">
        <ele>0.0</ele>
    </trkpt>
    <trkpt lat="43.222473" lon="6.649432">
        <ele>0.0</ele>
    </trkpt>
    <trkpt lat="43.222398" lon="6.649383">
        <ele>0.0</ele>
    </trkpt>
    <trkpt lat="43.222194" lon="6.64933">
        <ele>0.0</ele>
    </trkpt>
    <trkpt lat="43.221926" lon="6.649153">
        <ele>0.0</ele>
    </trkpt>
    <trkpt lat="43.221829" lon="6.649035">
        <ele>0.0</ele>
    </trkpt>
    <trkpt lat="43.221089" lon="6.648568">
        <ele>0.0</ele>
    </trkpt>
    <trkpt lat="43.22037" lon="6.648187">
        <ele>0.0</ele>
    </trkpt>
    <trkpt lat="43.220107" lon="6.648133">
        <ele>0.0</ele>
    </trkpt>
    <trkpt lat="43.219587" lon="6.648123">
        <ele>0.0</ele>
    </trkpt>
    <trkpt lat="43.218986" lon="6.648198">
        <ele>0.0</ele>
    </trkpt>
    <trkpt lat="43.217087" lon="6.648316">
        <ele>0.0</ele>
    </trkpt>
    <trkpt lat="43.216642" lon="6.648198">
        <ele>0.0</ele>
    </trkpt>
    <trkpt lat="43.216132" lon="6.647914">
        <ele>0.0</ele>
    </trkpt>
    <trkpt lat="43.21581" lon="6.647619">
        <ele>0.0</ele>
    </trkpt>
    <trkpt lat="43.215531" lon="6.647216">
        <ele>0.0</ele>
    </trkpt>
    <trkpt lat="43.215236" lon="6.646572">
        <ele>0.0</ele>
    </trkpt>
    <trkpt lat="43.214678" lon="6.644947">
        <ele>0.0</ele>
    </trkpt>
    <trkpt lat="43.213976" lon="6.64345">
        <ele>0.0</ele>
    </trkpt>
    <trkpt lat="43.213798" lon="6.642978">
        <ele>0.0</ele>
    </trkpt>
    <trkpt lat="43.213686" lon="6.642871">
        <ele>0.0</ele>
    </trkpt>
    <trkpt lat="43.213525" lon="6.642549">
        <ele>0.0</ele>
    </trkpt>
    <trkpt lat="43.213332" lon="6.642281">
        <ele>0.0</ele>
    </trkpt>
    <trkpt lat="43.21286" lon="6.641299">
        <ele>0.0</ele>
    </trkpt>
    <trkpt lat="43.21242" lon="6.640462">
        <ele>0.0</ele>
    </trkpt>
    <trkpt lat="43.211894" lon="6.639668">
        <ele>0.0</ele>
    </trkpt>
    <trkpt lat="43.211674" lon="6.639218">
        <ele>0.0</ele>
    </trkpt>
    <trkpt lat="43.211567" lon="6.638896">
        <ele>0.0</ele>
    </trkpt>
    <trkpt lat="43.211481" lon="6.638429">
        <ele>0.0</ele>
    </trkpt>
    <trkpt lat="43.211492" lon="6.63792">
        <ele>0.0</ele>
    </trkpt>
    <trkpt lat="43.211556" lon="6.637153">
        <ele>0.0</ele>
    </trkpt>
    <trkpt lat="43.211524" lon="6.637094">
        <ele>0.0</ele>
    </trkpt>
    <trkpt lat="43.211417" lon="6.637094">
        <ele>0.0</ele>
    </trkpt>
    <trkpt lat="43.211363" lon="6.637035">
        <ele>0.0</ele>
    </trkpt>
    <trkpt lat="43.211309" lon="6.637029">
        <ele>0.0</ele>
    </trkpt>
    <trkpt lat="43.211181" lon="6.637067">
        <ele>0.0</ele>
    </trkpt>
    <trkpt lat="43.210827" lon="6.637528">
        <ele>0.0</ele>
    </trkpt>
    <trkpt lat="43.210478" lon="6.637866">
        <ele>0.0</ele>
    </trkpt>
    <trkpt lat="43.210102" lon="6.638166">
        <ele>0.0</ele>
    </trkpt>
    <trkpt lat="43.209754" lon="6.638676">
        <ele>0.0</ele>
    </trkpt>
    <trkpt lat="43.209426" lon="6.639229">
        <ele>0.0</ele>
    </trkpt>
    <trkpt lat="43.209062" lon="6.639985">
        <ele>0.0</ele>
    </trkpt>
    <trkpt lat="43.208922" lon="6.640575">
        <ele>0.0</ele>
    </trkpt>
    <trkpt lat="43.208831" lon="6.64175">
        <ele>0.0</ele>
    </trkpt>
    <trkpt lat="43.208836" lon="6.642072">
        <ele>0.0</ele>
    </trkpt>
    <trkpt lat="43.208928" lon="6.64301">
        <ele>0.0</ele>
    </trkpt>
    <trkpt lat="43.208938" lon="6.64352">
        <ele>0.0</ele>
    </trkpt>
    <trkpt lat="43.208922" lon="6.64403">
        <ele>0.0</ele>
    </trkpt>
    <trkpt lat="43.208799" lon="6.644459">
        <ele>0.0</ele>
    </trkpt>
    <trkpt lat="43.208686" lon="6.644518">
        <ele>0.0</ele>
    </trkpt>
    <trkpt lat="43.208557" lon="6.6444">
        <ele>0.0</ele>
    </trkpt>
    <trkpt lat="43.208273" lon="6.644287">
        <ele>0.0</ele>
    </trkpt>
    <trkpt lat="43.208096" lon="6.644126">
        <ele>0.0</ele>
    </trkpt>
    <trkpt lat="43.20793" lon="6.643912">
        <ele>0.0</ele>
    </trkpt>
    <trkpt lat="43.207769" lon="6.643847">
        <ele>0.0</ele>
    </trkpt>
    <trkpt lat="43.206444" lon="6.644196">
        <ele>0.0</ele>
    </trkpt>
    <trkpt lat="43.206181" lon="6.644325">
        <ele>0.0</ele>
    </trkpt>
    <trkpt lat="43.20594" lon="6.644309">
        <ele>0.0</ele>
    </trkpt>
    <trkpt lat="43.205972" lon="6.644244">
        <ele>0.0</ele>
    </trkpt>
    <trkpt lat="43.205988" lon="6.644046">
        <ele>0.0</ele>
    </trkpt>
    <trkpt lat="43.205961" lon="6.64411">
        <ele>0.0</ele>
    </trkpt>
    <trkpt lat="43.205913" lon="6.644116">
        <ele>0.0</ele>
    </trkpt>
    <trkpt lat="43.205768" lon="6.644051">
        <ele>0.0</ele>
    </trkpt>
    <trkpt lat="43.20573" lon="6.644003">
        <ele>0.0</ele>
    </trkpt>
    <trkpt lat="43.205795" lon="6.644051">
        <ele>0.0</ele>
    </trkpt>
    <trkpt lat="43.205757" lon="6.644089">
        <ele>0.0</ele>
    </trkpt>
    <trkpt lat="43.205795" lon="6.644126">
        <ele>0.0</ele>
    </trkpt>
    <trkpt lat="43.205881" lon="6.644057">
        <ele>0.0</ele>
    </trkpt>
    <trkpt lat="43.205865" lon="6.643922">
        <ele>0.0</ele>
    </trkpt>
    <trkpt lat="43.20572" lon="6.643708">
        <ele>0.0</ele>
    </trkpt>
    <trkpt lat="43.205709" lon="6.643424">
        <ele>0.0</ele>
    </trkpt>
    <trkpt lat="43.205628" lon="6.643225">
        <ele>0.0</ele>
    </trkpt>
    <trkpt lat="43.20565" lon="6.643161">
        <ele>0.0</ele>
    </trkpt>
    <trkpt lat="43.205618" lon="6.643096">
        <ele>0.0</ele>
    </trkpt>
    <trkpt lat="43.205569" lon="6.64308">
        <ele>0.0</ele>
    </trkpt>
    <trkpt lat="43.205355" lon="6.643075">
        <ele>0.0</ele>
    </trkpt>
    <trkpt lat="43.205317" lon="6.643123">
        <ele>0.0</ele>
    </trkpt>
    <trkpt lat="43.205505" lon="6.64301">
        <ele>0.0</ele>
    </trkpt>
    <trkpt lat="43.205553" lon="6.643016">
        <ele>0.0</ele>
    </trkpt>
    <trkpt lat="43.205586" lon="6.643069">
        <ele>0.0</ele>
    </trkpt>
    <trkpt lat="43.205628" lon="6.643048">
        <ele>0.0</ele>
    </trkpt>
    <trkpt lat="43.20558" lon="6.643048">
        <ele>0.0</ele>
    </trkpt>
    <trkpt lat="43.205564" lon="6.643107">
        <ele>0.0</ele>
    </trkpt>
    <trkpt lat="43.205661" lon="6.643316">
        <ele>0.0</ele>
    </trkpt>
    <trkpt lat="43.205763" lon="6.643735">
        <ele>0.0</ele>
    </trkpt>
    <trkpt lat="43.205956" lon="6.644057">
        <ele>0.0</ele>
    </trkpt>
    <trkpt lat="43.20594" lon="6.643998">
        <ele>0.0</ele>
    </trkpt>
    <trkpt lat="43.205907" lon="6.644223">
        <ele>0.0</ele>
    </trkpt>
    <trkpt lat="43.20594" lon="6.644335">
        <ele>0.0</ele>
    </trkpt>
    <trkpt lat="43.205961" lon="6.644389">
        <ele>0.0</ele>
    </trkpt>
    <trkpt lat="43.206047" lon="6.644459">
        <ele>0.0</ele>
    </trkpt>
    <trkpt lat="43.206133" lon="6.644475">
        <ele>0.0</ele>
    </trkpt>
    <trkpt lat="43.206481" lon="6.644309">
        <ele>0.0</ele>
    </trkpt>
    <trkpt lat="43.207007" lon="6.644148">
        <ele>0.0</ele>
    </trkpt>
    <trkpt lat="43.207726" lon="6.644019">
        <ele>0.0</ele>
    </trkpt>
    <trkpt lat="43.207946" lon="6.644116">
        <ele>0.0</ele>
    </trkpt>
    <trkpt lat="43.208171" lon="6.644357">
        <ele>0.0</ele>
    </trkpt>
    <trkpt lat="43.208407" lon="6.644421">
        <ele>0.0</ele>
    </trkpt>
    <trkpt lat="43.208611" lon="6.644529">
        <ele>0.0</ele>
    </trkpt>
    <trkpt lat="43.208718" lon="6.644657">
        <ele>0.0</ele>
    </trkpt>
    <trkpt lat="43.208777" lon="6.644679">
        <ele>0.0</ele>
    </trkpt>
    <trkpt lat="43.208944" lon="6.644175">
        <ele>0.0</ele>
    </trkpt>
    <trkpt lat="43.208992" lon="6.643745">
        <ele>0.0</ele>
    </trkpt>
    <trkpt lat="43.209008" lon="6.642978">
        <ele>0.0</ele>
    </trkpt>
    <trkpt lat="43.208895" lon="6.64204">
        <ele>0.0</ele>
    </trkpt>
    <trkpt lat="43.208917" lon="6.641176">
        <ele>0.0</ele>
    </trkpt>
    <trkpt lat="43.208976" lon="6.640457">
        <ele>0.0</ele>
    </trkpt>
    <trkpt lat="43.209089" lon="6.639996">
        <ele>0.0</ele>
    </trkpt>
    <trkpt lat="43.209695" lon="6.63888">
        <ele>0.0</ele>
    </trkpt>
    <trkpt lat="43.210145" lon="6.638242">
        <ele>0.0</ele>
    </trkpt>
    <trkpt lat="43.210306" lon="6.63807">
        <ele>0.0</ele>
    </trkpt>
    <trkpt lat="43.210848" lon="6.637635">
        <ele>0.0</ele>
    </trkpt>
    <trkpt lat="43.211154" lon="6.637281">
        <ele>0.0</ele>
    </trkpt>
    <trkpt lat="43.211256" lon="6.637244">
        <ele>0.0</ele>
    </trkpt>
    <trkpt lat="43.211406" lon="6.637265">
        <ele>0.0</ele>
    </trkpt>
    <trkpt lat="43.211401" lon="6.63719">
        <ele>0.0</ele>
    </trkpt>
    <trkpt lat="43.211594" lon="6.637061">
        <ele>0.0</ele>
    </trkpt>
    <trkpt lat="43.211642" lon="6.636675">
        <ele>0.0</ele>
    </trkpt>
    <trkpt lat="43.211637" lon="6.636273">
        <ele>0.0</ele>
    </trkpt>
    <trkpt lat="43.211733" lon="6.635511">
        <ele>0.0</ele>
    </trkpt>
    <trkpt lat="43.211722" lon="6.634926">
        <ele>0.0</ele>
    </trkpt>
    <trkpt lat="43.211621" lon="6.633548">
        <ele>0.0</ele>
    </trkpt>
    <trkpt lat="43.211631" lon="6.633113">
        <ele>0.0</ele>
    </trkpt>
    <trkpt lat="43.211878" lon="6.630436">
        <ele>0.0</ele>
    </trkpt>
    <trkpt lat="43.211873" lon="6.629149">
        <ele>0.0</ele>
    </trkpt>
    <trkpt lat="43.212028" lon="6.628119">
        <ele>0.0</ele>
    </trkpt>
    <trkpt lat="43.212034" lon="6.627631">
        <ele>0.0</ele>
    </trkpt>
    <trkpt lat="43.211991" lon="6.627159">
        <ele>0.0</ele>
    </trkpt>
    <trkpt lat="43.212007" lon="6.626853">
        <ele>0.0</ele>
    </trkpt>
    <trkpt lat="43.212071" lon="6.626547">
        <ele>0.0</ele>
    </trkpt>
    <trkpt lat="43.212173" lon="6.62629">
        <ele>0.0</ele>
    </trkpt>
    <trkpt lat="43.212608" lon="6.62548">
        <ele>0.0</ele>
    </trkpt>
    <trkpt lat="43.212747" lon="6.625099">
        <ele>0.0</ele>
    </trkpt>
    <trkpt lat="43.212849" lon="6.624659">
        <ele>0.0</ele>
    </trkpt>
    <trkpt lat="43.212972" lon="6.624546">
        <ele>0.0</ele>
    </trkpt>
    <trkpt lat="43.212972" lon="6.624396">
        <ele>0.0</ele>
    </trkpt>
    <trkpt lat="43.212897" lon="6.624278">
        <ele>0.0</ele>
    </trkpt>
    <trkpt lat="43.212742" lon="6.624224">
        <ele>0.0</ele>
    </trkpt>
    <trkpt lat="43.212645" lon="6.624106">
        <ele>0.0</ele>
    </trkpt>
    <trkpt lat="43.212254" lon="6.623253">
        <ele>0.0</ele>
    </trkpt>
    <trkpt lat="43.212023" lon="6.622926">
        <ele>0.0</ele>
    </trkpt>
    <trkpt lat="43.211787" lon="6.622744">
        <ele>0.0</ele>
    </trkpt>
    <trkpt lat="43.210982" lon="6.622416">
        <ele>0.0</ele>
    </trkpt>
    <trkpt lat="43.210591" lon="6.62217">
        <ele>0.0</ele>
    </trkpt>
    <trkpt lat="43.210371" lon="6.621944">
        <ele>0.0</ele>
    </trkpt>
    <trkpt lat="43.209915" lon="6.621274">
        <ele>0.0</ele>
    </trkpt>
    <trkpt lat="43.209722" lon="6.621113">
        <ele>0.0</ele>
    </trkpt>
    <trkpt lat="43.209561" lon="6.621043">
        <ele>0.0</ele>
    </trkpt>
    <trkpt lat="43.209239" lon="6.620973">
        <ele>0.0</ele>
    </trkpt>
    <trkpt lat="43.208933" lon="6.621038">
        <ele>0.0</ele>
    </trkpt>
    <trkpt lat="43.207812" lon="6.621789">
        <ele>0.0</ele>
    </trkpt>
    <trkpt lat="43.207275" lon="6.622009">
        <ele>0.0</ele>
    </trkpt>
    <trkpt lat="43.206734" lon="6.62202">
        <ele>0.0</ele>
    </trkpt>
    <trkpt lat="43.205371" lon="6.621912">
        <ele>0.0</ele>
    </trkpt>
    <trkpt lat="43.20521" lon="6.621885">
        <ele>0.0</ele>
    </trkpt>
    <trkpt lat="43.205049" lon="6.62181">
        <ele>0.0</ele>
    </trkpt>
    <trkpt lat="43.204813" lon="6.62158">
        <ele>0.0</ele>
    </trkpt>
    <trkpt lat="43.204352" lon="6.620764">
        <ele>0.0</ele>
    </trkpt>
    <trkpt lat="43.204121" lon="6.620464">
        <ele>0.0</ele>
    </trkpt>
    <trkpt lat="43.203638" lon="6.620201">
        <ele>0.0</ele>
    </trkpt>
    <trkpt lat="43.203129" lon="6.620024">
        <ele>0.0</ele>
    </trkpt>
    <trkpt lat="43.202753" lon="6.619858">
        <ele>0.0</ele>
    </trkpt>
    <trkpt lat="43.202147" lon="6.619455">
        <ele>0.0</ele>
    </trkpt>
    <trkpt lat="43.202008" lon="6.619316">
        <ele>0.0</ele>
    </trkpt>
    <trkpt lat="43.201734" lon="6.618956">
        <ele>0.0</ele>
    </trkpt>
    <trkpt lat="43.2016" lon="6.61886">
        <ele>0.0</ele>
    </trkpt>
    <trkpt lat="43.201294" lon="6.618736">
        <ele>0.0</ele>
    </trkpt>
    <trkpt lat="43.201181" lon="6.618624">
        <ele>0.0</ele>
    </trkpt>
    <trkpt lat="43.200425" lon="6.617529">
        <ele>0.0</ele>
    </trkpt>
    <trkpt lat="43.200302" lon="6.617315">
        <ele>0.0</ele>
    </trkpt>
    <trkpt lat="43.200216" lon="6.616929">
        <ele>0.0</ele>
    </trkpt>
    <trkpt lat="43.200269" lon="6.616591">
        <ele>0.0</ele>
    </trkpt>
    <trkpt lat="43.200457" lon="6.616038">
        <ele>0.0</ele>
    </trkpt>
    <trkpt lat="43.200575" lon="6.615797">
        <ele>0.0</ele>
    </trkpt>
    <trkpt lat="43.200924" lon="6.615378">
        <ele>0.0</ele>
    </trkpt>
    <trkpt lat="43.201096" lon="6.615089">
        <ele>0.0</ele>
    </trkpt>
    <trkpt lat="43.201407" lon="6.614461">
        <ele>0.0</ele>
    </trkpt>
    <trkpt lat="43.201621" lon="6.613839">
        <ele>0.0</ele>
    </trkpt>
    <trkpt lat="43.201965" lon="6.613463">
        <ele>0.0</ele>
    </trkpt>
    <trkpt lat="43.202072" lon="6.613227">
        <ele>0.0</ele>
    </trkpt>
    <trkpt lat="43.202083" lon="6.612997">
        <ele>0.0</ele>
    </trkpt>
    <trkpt lat="43.201954" lon="6.612417">
        <ele>0.0</ele>
    </trkpt>
    <trkpt lat="43.201922" lon="6.611875">
        <ele>0.0</ele>
    </trkpt>
    <trkpt lat="43.201825" lon="6.611473">
        <ele>0.0</ele>
    </trkpt>
    <trkpt lat="43.201873" lon="6.611387">
        <ele>0.0</ele>
    </trkpt>
    <trkpt lat="43.201879" lon="6.611216">
        <ele>0.0</ele>
    </trkpt>
    <trkpt lat="43.20183" lon="6.610786">
        <ele>0.0</ele>
    </trkpt>
    <trkpt lat="43.201761" lon="6.610684">
        <ele>0.0</ele>
    </trkpt>
    <trkpt lat="43.20175" lon="6.610615">
        <ele>0.0</ele>
    </trkpt>
    <trkpt lat="43.201729" lon="6.610465">
        <ele>0.0</ele>
    </trkpt>
    <trkpt lat="43.20175" lon="6.610314">
        <ele>0.0</ele>
    </trkpt>
    <trkpt lat="43.201879" lon="6.610046">
        <ele>0.0</ele>
    </trkpt>
    <trkpt lat="43.202083" lon="6.609896">
        <ele>0.0</ele>
    </trkpt>
    <trkpt lat="43.202453" lon="6.609724">
        <ele>0.0</ele>
    </trkpt>
    <trkpt lat="43.202539" lon="6.609617">
        <ele>0.0</ele>
    </trkpt>
    <trkpt lat="43.202614" lon="6.609445">
        <ele>0.0</ele>
    </trkpt>
    <trkpt lat="43.202571" lon="6.609268">
        <ele>0.0</ele>
    </trkpt>
    <trkpt lat="43.202485" lon="6.60915">
        <ele>0.0</ele>
    </trkpt>
    <trkpt lat="43.202222" lon="6.609236">
        <ele>0.0</ele>
    </trkpt>
    <trkpt lat="43.202002" lon="6.609188">
        <ele>0.0</ele>
    </trkpt>
    <trkpt lat="43.201879" lon="6.60922">
        <ele>0.0</ele>
    </trkpt>
    <trkpt lat="43.201321" lon="6.609735">
        <ele>0.0</ele>
    </trkpt>
    <trkpt lat="43.20087" lon="6.610357">
        <ele>0.0</ele>
    </trkpt>
    <trkpt lat="43.200806" lon="6.610491">
        <ele>0.0</ele>
    </trkpt>
    <trkpt lat="43.200618" lon="6.610609">
        <ele>0.0</ele>
    </trkpt>
    <trkpt lat="43.2005" lon="6.610566">
        <ele>0.0</ele>
    </trkpt>
    <trkpt lat="43.200414" lon="6.610475">
        <ele>0.0</ele>
    </trkpt>
    <trkpt lat="43.200269" lon="6.609885">
        <ele>0.0</ele>
    </trkpt>
    <trkpt lat="43.200237" lon="6.609821">
        <ele>0.0</ele>
    </trkpt>
    <trkpt lat="43.200189" lon="6.609815">
        <ele>0.0</ele>
    </trkpt>
    <trkpt lat="43.200087" lon="6.60966">
        <ele>0.0</ele>
    </trkpt>
    <trkpt lat="43.199808" lon="6.609708">
        <ele>0.0</ele>
    </trkpt>
    <trkpt lat="43.199669" lon="6.609628">
        <ele>0.0</ele>
    </trkpt>
    <trkpt lat="43.199594" lon="6.609622">
        <ele>0.0</ele>
    </trkpt>
    <trkpt lat="43.199465" lon="6.60974">
        <ele>0.0</ele>
    </trkpt>
    <trkpt lat="43.199368" lon="6.609923">
        <ele>0.0</ele>
    </trkpt>
    <trkpt lat="43.199331" lon="6.610298">
        <ele>0.0</ele>
    </trkpt>
    <trkpt lat="43.199266" lon="6.610448">
        <ele>0.0</ele>
    </trkpt>
    <trkpt lat="43.199164" lon="6.610588">
        <ele>0.0</ele>
    </trkpt>
    <trkpt lat="43.199052" lon="6.610625">
        <ele>0.0</ele>
    </trkpt>
    <trkpt lat="43.19888" lon="6.610604">
        <ele>0.0</ele>
    </trkpt>
    <trkpt lat="43.198258" lon="6.610631">
        <ele>0.0</ele>
    </trkpt>
    <trkpt lat="43.197968" lon="6.610749">
        <ele>0.0</ele>
    </trkpt>
    <trkpt lat="43.197904" lon="6.610749">
        <ele>0.0</ele>
    </trkpt>
    <trkpt lat="43.197695" lon="6.610588">
        <ele>0.0</ele>
    </trkpt>
    <trkpt lat="43.197469" lon="6.610271">
        <ele>0.0</ele>
    </trkpt>
    <trkpt lat="43.197362" lon="6.610234">
        <ele>0.0</ele>
    </trkpt>
    <trkpt lat="43.19718" lon="6.610255">
        <ele>0.0</ele>
    </trkpt>
    <trkpt lat="43.197126" lon="6.610229">
        <ele>0.0</ele>
    </trkpt>
    <trkpt lat="43.196858" lon="6.609848">
        <ele>0.0</ele>
    </trkpt>
    <trkpt lat="43.196745" lon="6.609815">
        <ele>0.0</ele>
    </trkpt>
    <trkpt lat="43.196541" lon="6.609874">
        <ele>0.0</ele>
    </trkpt>
    <trkpt lat="43.196418" lon="6.609848">
        <ele>0.0</ele>
    </trkpt>
    <trkpt lat="43.196316" lon="6.609767">
        <ele>0.0</ele>
    </trkpt>
    <trkpt lat="43.195769" lon="6.608984">
        <ele>0.0</ele>
    </trkpt>
    <trkpt lat="43.19564" lon="6.608855">
        <ele>0.0</ele>
    </trkpt>
    <trkpt lat="43.195602" lon="6.608785">
        <ele>0.0</ele>
    </trkpt>
    <trkpt lat="43.195635" lon="6.608555">
        <ele>0.0</ele>
    </trkpt>
    <trkpt lat="43.195956" lon="6.607981">
        <ele>0.0</ele>
    </trkpt>
    <trkpt lat="43.196042" lon="6.607868">
        <ele>0.0</ele>
    </trkpt>
    <trkpt lat="43.196139" lon="6.60782">
        <ele>0.0</ele>
    </trkpt>
    <trkpt lat="43.196386" lon="6.607605">
        <ele>0.0</ele>
    </trkpt>
    <trkpt lat="43.196686" lon="6.607101">
        <ele>0.0</ele>
    </trkpt>
    <trkpt lat="43.197303" lon="6.606275">
        <ele>0.0</ele>
    </trkpt>
    <trkpt lat="43.197405" lon="6.606093">
        <ele>0.0</ele>
    </trkpt>
    <trkpt lat="43.197754" lon="6.605663">
        <ele>0.0</ele>
    </trkpt>
    <trkpt lat="43.197866" lon="6.605465">
        <ele>0.0</ele>
    </trkpt>
    <trkpt lat="43.197984" lon="6.604869">
        <ele>0.0</ele>
    </trkpt>
    <trkpt lat="43.197947" lon="6.604472">
        <ele>0.0</ele>
    </trkpt>
    <trkpt lat="43.197957" lon="6.604199">
        <ele>0.0</ele>
    </trkpt>
    <trkpt lat="43.197872" lon="6.60392">
        <ele>0.0</ele>
    </trkpt>
    <trkpt lat="43.197346" lon="6.603512">
        <ele>0.0</ele>
    </trkpt>
    <trkpt lat="43.197212" lon="6.603319">
        <ele>0.0</ele>
    </trkpt>
    <trkpt lat="43.197319" lon="6.603169">
        <ele>0.0</ele>
    </trkpt>
    <trkpt lat="43.197351" lon="6.602847">
        <ele>0.0</ele>
    </trkpt>
    <trkpt lat="43.19741" lon="6.602783">
        <ele>0.0</ele>
    </trkpt>
    <trkpt lat="43.197485" lon="6.602761">
        <ele>0.0</ele>
    </trkpt>
    <trkpt lat="43.197641" lon="6.602777">
        <ele>0.0</ele>
    </trkpt>
    <trkpt lat="43.197861" lon="6.60289">
        <ele>0.0</ele>
    </trkpt>
    <trkpt lat="43.198215" lon="6.603142">
        <ele>0.0</ele>
    </trkpt>
    <trkpt lat="43.198295" lon="6.603169">
        <ele>0.0</ele>
    </trkpt>
    <trkpt lat="43.198456" lon="6.603153">
        <ele>0.0</ele>
    </trkpt>
    <trkpt lat="43.199245" lon="6.602611">
        <ele>0.0</ele>
    </trkpt>
    <trkpt lat="43.199626" lon="6.602472">
        <ele>0.0</ele>
    </trkpt>
    <trkpt lat="43.199781" lon="6.602375">
        <ele>0.0</ele>
    </trkpt>
    <trkpt lat="43.200071" lon="6.602032">
        <ele>0.0</ele>
    </trkpt>
    <trkpt lat="43.200103" lon="6.601951">
        <ele>0.0</ele>
    </trkpt>
    <trkpt lat="43.200076" lon="6.601758">
        <ele>0.0</ele>
    </trkpt>
    <trkpt lat="43.199964" lon="6.601645">
        <ele>0.0</ele>
    </trkpt>
    <trkpt lat="43.19976" lon="6.60156">
        <ele>0.0</ele>
    </trkpt>
    <trkpt lat="43.199513" lon="6.60157">
        <ele>0.0</ele>
    </trkpt>
    <trkpt lat="43.199331" lon="6.601468">
        <ele>0.0</ele>
    </trkpt>
    <trkpt lat="43.199331" lon="6.601377">
        <ele>0.0</ele>
    </trkpt>
    <trkpt lat="43.199288" lon="6.601318">
        <ele>0.0</ele>
    </trkpt>
    <trkpt lat="43.199256" lon="6.601168">
        <ele>0.0</ele>
    </trkpt>
    <trkpt lat="43.199213" lon="6.600825">
        <ele>0.0</ele>
    </trkpt>
    <trkpt lat="43.199154" lon="6.600653">
        <ele>0.0</ele>
    </trkpt>
    <trkpt lat="43.198955" lon="6.600573">
        <ele>0.0</ele>
    </trkpt>
    <trkpt lat="43.198875" lon="6.600605">
        <ele>0.0</ele>
    </trkpt>
    <trkpt lat="43.198531" lon="6.600594">
        <ele>0.0</ele>
    </trkpt>
    <trkpt lat="43.197973" lon="6.60039">
        <ele>0.0</ele>
    </trkpt>
    <trkpt lat="43.197399" lon="6.600358">
        <ele>0.0</ele>
    </trkpt>
  </trkseg>
</trk>
<trk>
  <name>2011/09/07 10:11:00</name>
  <extensions>
  </extensions>
  <trkseg>
    <trkpt lat="43.197319" lon="6.600358">
        <ele>0.0</ele>
    </trkpt>
    <trkpt lat="43.196852" lon="6.600374">
        <ele>0.0</ele>
    </trkpt>
    <trkpt lat="43.196557" lon="6.600304">
        <ele>0.0</ele>
    </trkpt>
    <trkpt lat="43.196278" lon="6.600315">
        <ele>0.0</ele>
    </trkpt>
    <trkpt lat="43.196144" lon="6.60024">
        <ele>0.0</ele>
    </trkpt>
    <trkpt lat="43.196053" lon="6.600084">
        <ele>0.0</ele>
    </trkpt>
    <trkpt lat="43.196053" lon="6.600015">
        <ele>0.0</ele>
    </trkpt>
    <trkpt lat="43.196509" lon="6.599569">
        <ele>0.0</ele>
    </trkpt>
    <trkpt lat="43.196842" lon="6.598888">
        <ele>0.0</ele>
    </trkpt>
    <trkpt lat="43.196911" lon="6.598625">
        <ele>0.0</ele>
    </trkpt>
    <trkpt lat="43.196793" lon="6.59848">
        <ele>0.0</ele>
    </trkpt>
    <trkpt lat="43.19667" lon="6.598438">
        <ele>0.0</ele>
    </trkpt>
    <trkpt lat="43.196359" lon="6.598502">
        <ele>0.0</ele>
    </trkpt>
    <trkpt lat="43.196101" lon="6.598513">
        <ele>0.0</ele>
    </trkpt>
    <trkpt lat="43.195769" lon="6.598379">
        <ele>0.0</ele>
    </trkpt>
    <trkpt lat="43.195506" lon="6.598389">
        <ele>0.0</ele>
    </trkpt>
    <trkpt lat="43.195238" lon="6.598277">
        <ele>0.0</ele>
    </trkpt>
    <trkpt lat="43.194932" lon="6.598207">
        <ele>0.0</ele>
    </trkpt>
    <trkpt lat="43.19476" lon="6.598228">
        <ele>0.0</ele>
    </trkpt>
    <trkpt lat="43.194712" lon="6.59826">
        <ele>0.0</ele>
    </trkpt>
    <trkpt lat="43.194224" lon="6.598282">
        <ele>0.0</ele>
    </trkpt>
    <trkpt lat="43.194127" lon="6.598234">
        <ele>0.0</ele>
    </trkpt>
    <trkpt lat="43.194095" lon="6.598046">
        <ele>0.0</ele>
    </trkpt>
    <trkpt lat="43.194116" lon="6.597799">
        <ele>0.0</ele>
    </trkpt>
    <trkpt lat="43.194213" lon="6.597622">
        <ele>0.0</ele>
    </trkpt>
    <trkpt lat="43.194465" lon="6.597375">
        <ele>0.0</ele>
    </trkpt>
    <trkpt lat="43.194572" lon="6.597209">
        <ele>0.0</ele>
    </trkpt>
    <trkpt lat="43.19468" lon="6.596919">
        <ele>0.0</ele>
    </trkpt>
    <trkpt lat="43.194723" lon="6.59663">
        <ele>0.0</ele>
    </trkpt>
    <trkpt lat="43.194701" lon="6.596544">
        <ele>0.0</ele>
    </trkpt>
    <trkpt lat="43.194508" lon="6.596195">
        <ele>0.0</ele>
    </trkpt>
    <trkpt lat="43.19446" lon="6.596152">
        <ele>0.0</ele>
    </trkpt>
    <trkpt lat="43.194288" lon="6.596061">
        <ele>0.0</ele>
    </trkpt>
    <trkpt lat="43.194079" lon="6.596045">
        <ele>0.0</ele>
    </trkpt>
    <trkpt lat="43.193805" lon="6.595938">
        <ele>0.0</ele>
    </trkpt>
    <trkpt lat="43.193762" lon="6.595889">
        <ele>0.0</ele>
    </trkpt>
    <trkpt lat="43.193741" lon="6.59583">
        <ele>0.0</ele>
    </trkpt>
    <trkpt lat="43.193838" lon="6.595509">
        <ele>0.0</ele>
    </trkpt>
    <trkpt lat="43.193816" lon="6.595428">
        <ele>0.0</ele>
    </trkpt>
    <trkpt lat="43.193746" lon="6.595412">
        <ele>0.0</ele>
    </trkpt>
    <trkpt lat="43.193698" lon="6.595337">
        <ele>0.0</ele>
    </trkpt>
    <trkpt lat="43.193628" lon="6.59531">
        <ele>0.0</ele>
    </trkpt>
    <trkpt lat="43.193537" lon="6.595364">
        <ele>0.0</ele>
    </trkpt>
    <trkpt lat="43.193371" lon="6.595407">
        <ele>0.0</ele>
    </trkpt>
    <trkpt lat="43.193204" lon="6.595412">
        <ele>0.0</ele>
    </trkpt>
    <trkpt lat="43.19314" lon="6.59538">
        <ele>0.0</ele>
    </trkpt>
    <trkpt lat="43.193113" lon="6.595305">
        <ele>0.0</ele>
    </trkpt>
    <trkpt lat="43.193097" lon="6.594961">
        <ele>0.0</ele>
    </trkpt>
    <trkpt lat="43.193172" lon="6.594763">
        <ele>0.0</ele>
    </trkpt>
    <trkpt lat="43.193559" lon="6.594366">
        <ele>0.0</ele>
    </trkpt>
    <trkpt lat="43.193993" lon="6.59399">
        <ele>0.0</ele>
    </trkpt>
    <trkpt lat="43.194304" lon="6.593819">
        <ele>0.0</ele>
    </trkpt>
    <trkpt lat="43.194615" lon="6.593711">
        <ele>0.0</ele>
    </trkpt>
    <trkpt lat="43.19505" lon="6.593781">
        <ele>0.0</ele>
    </trkpt>
    <trkpt lat="43.19527" lon="6.59369">
        <ele>0.0</ele>
    </trkpt>
    <trkpt lat="43.195425" lon="6.593706">
        <ele>0.0</ele>
    </trkpt>
    <trkpt lat="43.195511" lon="6.593679">
        <ele>0.0</ele>
    </trkpt>
    <trkpt lat="43.195576" lon="6.59362">
        <ele>0.0</ele>
    </trkpt>
    <trkpt lat="43.19564" lon="6.593406">
        <ele>0.0</ele>
    </trkpt>
    <trkpt lat="43.195581" lon="6.593272">
        <ele>0.0</ele>
    </trkpt>
    <trkpt lat="43.195586" lon="6.59303">
        <ele>0.0</ele>
    </trkpt>
    <trkpt lat="43.195661" lon="6.592837">
        <ele>0.0</ele>
    </trkpt>
    <trkpt lat="43.195876" lon="6.592606">
        <ele>0.0</ele>
    </trkpt>
    <trkpt lat="43.196187" lon="6.592456">
        <ele>0.0</ele>
    </trkpt>
    <trkpt lat="43.196825" lon="6.592429">
        <ele>0.0</ele>
    </trkpt>
    <trkpt lat="43.197115" lon="6.592499">
        <ele>0.0</ele>
    </trkpt>
    <trkpt lat="43.197566" lon="6.59266">
        <ele>0.0</ele>
    </trkpt>
    <trkpt lat="43.197791" lon="6.592692">
        <ele>0.0</ele>
    </trkpt>
    <trkpt lat="43.197947" lon="6.592601">
        <ele>0.0</ele>
    </trkpt>
    <trkpt lat="43.198054" lon="6.592424">
        <ele>0.0</ele>
    </trkpt>
    <trkpt lat="43.198129" lon="6.592183">
        <ele>0.0</ele>
    </trkpt>
    <trkpt lat="43.198043" lon="6.591888">
        <ele>0.0</ele>
    </trkpt>
    <trkpt lat="43.197614" lon="6.591721">
        <ele>0.0</ele>
    </trkpt>
    <trkpt lat="43.197475" lon="6.591614">
        <ele>0.0</ele>
    </trkpt>
    <trkpt lat="43.19733" lon="6.591367">
        <ele>0.0</ele>
    </trkpt>
    <trkpt lat="43.197163" lon="6.59089">
        <ele>0.0</ele>
    </trkpt>
    <trkpt lat="43.197163" lon="6.590402">
        <ele>0.0</ele>
    </trkpt>
    <trkpt lat="43.197233" lon="6.590107">
        <ele>0.0</ele>
    </trkpt>
    <trkpt lat="43.197233" lon="6.589913">
        <ele>0.0</ele>
    </trkpt>
    <trkpt lat="43.197324" lon="6.589672">
        <ele>0.0</ele>
    </trkpt>
    <trkpt lat="43.197802" lon="6.5889">
        <ele>0.0</ele>
    </trkpt>
    <trkpt lat="43.197716" lon="6.588733">
        <ele>0.0</ele>
    </trkpt>
    <trkpt lat="43.197662" lon="6.588669">
        <ele>0.0</ele>
    </trkpt>
    <trkpt lat="43.197587" lon="6.588637">
        <ele>0.0</ele>
    </trkpt>
    <trkpt lat="43.197029" lon="6.588728">
        <ele>0.0</ele>
    </trkpt>
    <trkpt lat="43.196606" lon="6.588615">
        <ele>0.0</ele>
    </trkpt>
    <trkpt lat="43.196536" lon="6.588524">
        <ele>0.0</ele>
    </trkpt>
    <trkpt lat="43.196305" lon="6.588336">
        <ele>0.0</ele>
    </trkpt>
    <trkpt lat="43.196091" lon="6.58824">
        <ele>0.0</ele>
    </trkpt>
    <trkpt lat="43.195962" lon="6.588106">
        <ele>0.0</ele>
    </trkpt>
    <trkpt lat="43.195999" lon="6.588036">
        <ele>0.0</ele>
    </trkpt>
    <trkpt lat="43.195978" lon="6.587945">
        <ele>0.0</ele>
    </trkpt>
    <trkpt lat="43.19601" lon="6.587789">
        <ele>0.0</ele>
    </trkpt>
    <trkpt lat="43.196091" lon="6.587671">
        <ele>0.0</ele>
    </trkpt>
    <trkpt lat="43.196364" lon="6.587027">
        <ele>0.0</ele>
    </trkpt>
    <trkpt lat="43.196547" lon="6.586765">
        <ele>0.0</ele>
    </trkpt>
    <trkpt lat="43.19667" lon="6.586464">
        <ele>0.0</ele>
    </trkpt>
    <trkpt lat="43.196665" lon="6.586196">
        <ele>0.0</ele>
    </trkpt>
    <trkpt lat="43.196616" lon="6.586142">
        <ele>0.0</ele>
    </trkpt>
    <trkpt lat="43.196557" lon="6.585987">
        <ele>0.0</ele>
    </trkpt>
    <trkpt lat="43.196493" lon="6.585906">
        <ele>0.0</ele>
    </trkpt>
    <trkpt lat="43.196305" lon="6.585858">
        <ele>0.0</ele>
    </trkpt>
    <trkpt lat="43.196246" lon="6.585863">
        <ele>0.0</ele>
    </trkpt>
    <trkpt lat="43.195908" lon="6.586078">
        <ele>0.0</ele>
    </trkpt>
    <trkpt lat="43.195849" lon="6.586089">
        <ele>0.0</ele>
    </trkpt>
    <trkpt lat="43.195586" lon="6.585971">
        <ele>0.0</ele>
    </trkpt>
    <trkpt lat="43.195286" lon="6.585976">
        <ele>0.0</ele>
    </trkpt>
    <trkpt lat="43.195098" lon="6.585901">
        <ele>0.0</ele>
    </trkpt>
    <trkpt lat="43.194959" lon="6.585617">
        <ele>0.0</ele>
    </trkpt>
    <trkpt lat="43.194717" lon="6.585332">
        <ele>0.0</ele>
    </trkpt>
    <trkpt lat="43.194599" lon="6.585295">
        <ele>0.0</ele>
    </trkpt>
    <trkpt lat="43.19454" lon="6.585305">
        <ele>0.0</ele>
    </trkpt>
    <trkpt lat="43.194374" lon="6.585418">
        <ele>0.0</ele>
    </trkpt>
    <trkpt lat="43.19431" lon="6.585429">
        <ele>0.0</ele>
    </trkpt>
    <trkpt lat="43.194149" lon="6.585338">
        <ele>0.0</ele>
    </trkpt>
    <trkpt lat="43.194175" lon="6.585091">
        <ele>0.0</ele>
    </trkpt>
    <trkpt lat="43.194417" lon="6.584592">
        <ele>0.0</ele>
    </trkpt>
    <trkpt lat="43.194862" lon="6.584131">
        <ele>0.0</ele>
    </trkpt>
    <trkpt lat="43.194926" lon="6.584023">
        <ele>0.0</ele>
    </trkpt>
    <trkpt lat="43.194948" lon="6.583857">
        <ele>0.0</ele>
    </trkpt>
    <trkpt lat="43.194878" lon="6.583567">
        <ele>0.0</ele>
    </trkpt>
    <trkpt lat="43.195071" lon="6.583256">
        <ele>0.0</ele>
    </trkpt>
    <trkpt lat="43.1952" lon="6.583111">
        <ele>0.0</ele>
    </trkpt>
    <trkpt lat="43.195275" lon="6.582972">
        <ele>0.0</ele>
    </trkpt>
    <trkpt lat="43.195393" lon="6.582564">
        <ele>0.0</ele>
    </trkpt>
    <trkpt lat="43.195479" lon="6.582419">
        <ele>0.0</ele>
    </trkpt>
    <trkpt lat="43.195624" lon="6.582275">
        <ele>0.0</ele>
    </trkpt>
    <trkpt lat="43.195683" lon="6.582135">
        <ele>0.0</ele>
    </trkpt>
    <trkpt lat="43.195645" lon="6.581888">
        <ele>0.0</ele>
    </trkpt>
    <trkpt lat="43.195484" lon="6.581765">
        <ele>0.0</ele>
    </trkpt>
    <trkpt lat="43.195356" lon="6.581776">
        <ele>0.0</ele>
    </trkpt>
    <trkpt lat="43.195018" lon="6.58199">
        <ele>0.0</ele>
    </trkpt>
    <trkpt lat="43.194959" lon="6.582001">
        <ele>0.0</ele>
    </trkpt>
    <trkpt lat="43.194798" lon="6.582001">
        <ele>0.0</ele>
    </trkpt>
    <trkpt lat="43.19461" lon="6.581915">
        <ele>0.0</ele>
    </trkpt>
    <trkpt lat="43.194535" lon="6.581781">
        <ele>0.0</ele>
    </trkpt>
    <trkpt lat="43.194513" lon="6.581625">
        <ele>0.0</ele>
    </trkpt>
    <trkpt lat="43.194567" lon="6.581105">
        <ele>0.0</ele>
    </trkpt>
    <trkpt lat="43.194653" lon="6.580885">
        <ele>0.0</ele>
    </trkpt>
    <trkpt lat="43.194905" lon="6.580558">
        <ele>0.0</ele>
    </trkpt>
    <trkpt lat="43.195012" lon="6.580472">
        <ele>0.0</ele>
    </trkpt>
    <trkpt lat="43.195104" lon="6.580268">
        <ele>0.0</ele>
    </trkpt>
    <trkpt lat="43.195254" lon="6.579748">
        <ele>0.0</ele>
    </trkpt>
    <trkpt lat="43.195297" lon="6.579431">
        <ele>0.0</ele>
    </trkpt>
    <trkpt lat="43.195297" lon="6.57934">
        <ele>0.0</ele>
    </trkpt>
    <trkpt lat="43.195152" lon="6.5789">
        <ele>0.0</ele>
    </trkpt>
    <trkpt lat="43.195184" lon="6.578723">
        <ele>0.0</ele>
    </trkpt>
    <trkpt lat="43.195597" lon="6.577935">
        <ele>0.0</ele>
    </trkpt>
    <trkpt lat="43.195924" lon="6.577559">
        <ele>0.0</ele>
    </trkpt>
    <trkpt lat="43.196042" lon="6.577109">
        <ele>0.0</ele>
    </trkpt>
    <trkpt lat="43.196037" lon="6.577012">
        <ele>0.0</ele>
    </trkpt>
    <trkpt lat="43.196101" lon="6.576797">
        <ele>0.0</ele>
    </trkpt>
    <trkpt lat="43.196107" lon="6.576647">
        <ele>0.0</ele>
    </trkpt>
    <trkpt lat="43.196155" lon="6.576508">
        <ele>0.0</ele>
    </trkpt>
    <trkpt lat="43.196246" lon="6.576411">
        <ele>0.0</ele>
    </trkpt>
    <trkpt lat="43.196412" lon="6.576433">
        <ele>0.0</ele>
    </trkpt>
    <trkpt lat="43.196584" lon="6.576379">
        <ele>0.0</ele>
    </trkpt>
    <trkpt lat="43.196927" lon="6.576384">
        <ele>0.0</ele>
    </trkpt>
    <trkpt lat="43.197212" lon="6.576588">
        <ele>0.0</ele>
    </trkpt>
    <trkpt lat="43.197378" lon="6.576626">
        <ele>0.0</ele>
    </trkpt>
    <trkpt lat="43.197984" lon="6.576465">
        <ele>0.0</ele>
    </trkpt>
    <trkpt lat="43.198113" lon="6.576486">
        <ele>0.0</ele>
    </trkpt>
    <trkpt lat="43.198344" lon="6.576803">
        <ele>0.0</ele>
    </trkpt>
    <trkpt lat="43.198505" lon="6.576835">
        <ele>0.0</ele>
    </trkpt>
    <trkpt lat="43.198606" lon="6.576776">
        <ele>0.0</ele>
    </trkpt>
    <trkpt lat="43.198698" lon="6.576663">
        <ele>0.0</ele>
    </trkpt>
    <trkpt lat="43.19902" lon="6.576202">
        <ele>0.0</ele>
    </trkpt>
    <trkpt lat="43.199266" lon="6.576014">
        <ele>0.0</ele>
    </trkpt>
    <trkpt lat="43.199427" lon="6.575939">
        <ele>0.0</ele>
    </trkpt>
    <trkpt lat="43.199588" lon="6.575923">
        <ele>0.0</ele>
    </trkpt>
    <trkpt lat="43.199604" lon="6.575864">
        <ele>0.0</ele>
    </trkpt>
    <trkpt lat="43.19999" lon="6.5758">
        <ele>0.0</ele>
    </trkpt>
    <trkpt lat="43.200125" lon="6.575789">
        <ele>0.0</ele>
    </trkpt>
    <trkpt lat="43.200377" lon="6.575859">
        <ele>0.0</ele>
    </trkpt>
    <trkpt lat="43.200677" lon="6.575558">
        <ele>0.0</ele>
    </trkpt>
    <trkpt lat="43.20086" lon="6.575456">
        <ele>0.0</ele>
    </trkpt>
    <trkpt lat="43.200988" lon="6.575467">
        <ele>0.0</ele>
    </trkpt>
    <trkpt lat="43.201085" lon="6.575569">
        <ele>0.0</ele>
    </trkpt>
    <trkpt lat="43.201305" lon="6.576014">
        <ele>0.0</ele>
    </trkpt>
    <trkpt lat="43.201423" lon="6.576089">
        <ele>0.0</ele>
    </trkpt>
    <trkpt lat="43.201535" lon="6.576111">
        <ele>0.0</ele>
    </trkpt>
    <trkpt lat="43.202008" lon="6.575934">
        <ele>0.0</ele>
    </trkpt>
    <trkpt lat="43.20248" lon="6.576095">
        <ele>0.0</ele>
    </trkpt>
    <trkpt lat="43.202592" lon="6.575907">
        <ele>0.0</ele>
    </trkpt>
    <trkpt lat="43.202764" lon="6.575751">
        <ele>0.0</ele>
    </trkpt>
    <trkpt lat="43.20293" lon="6.575762">
        <ele>0.0</ele>
    </trkpt>
    <trkpt lat="43.203263" lon="6.575848">
        <ele>0.0</ele>
    </trkpt>
    <trkpt lat="43.203408" lon="6.575794">
        <ele>0.0</ele>
    </trkpt>
    <trkpt lat="43.203504" lon="6.575639">
        <ele>0.0</ele>
    </trkpt>
    <trkpt lat="43.203574" lon="6.57544">
        <ele>0.0</ele>
    </trkpt>
    <trkpt lat="43.203563" lon="6.575231">
        <ele>0.0</ele>
    </trkpt>
    <trkpt lat="43.203445" lon="6.575204">
        <ele>0.0</ele>
    </trkpt>
    <trkpt lat="43.203139" lon="6.574598">
        <ele>0.0</ele>
    </trkpt>
    <trkpt lat="43.203086" lon="6.574394">
        <ele>0.0</ele>
    </trkpt>
    <trkpt lat="43.203118" lon="6.574212">
        <ele>0.0</ele>
    </trkpt>
    <trkpt lat="43.203456" lon="6.573954">
        <ele>0.0</ele>
    </trkpt>
    <trkpt lat="43.203606" lon="6.573767">
        <ele>0.0</ele>
    </trkpt>
    <trkpt lat="43.203633" lon="6.573681">
        <ele>0.0</ele>
    </trkpt>
    <trkpt lat="43.203676" lon="6.573198">
        <ele>0.0</ele>
    </trkpt>
    <trkpt lat="43.203622" lon="6.573107">
        <ele>0.0</ele>
    </trkpt>
    <trkpt lat="43.203563" lon="6.572849">
        <ele>0.0</ele>
    </trkpt>
    <trkpt lat="43.203574" lon="6.572678">
        <ele>0.0</ele>
    </trkpt>
    <trkpt lat="43.203681" lon="6.572538">
        <ele>0.0</ele>
    </trkpt>
    <trkpt lat="43.203923" lon="6.572409">
        <ele>0.0</ele>
    </trkpt>
    <trkpt lat="43.204153" lon="6.572393">
        <ele>0.0</ele>
    </trkpt>
    <trkpt lat="43.204325" lon="6.572431">
        <ele>0.0</ele>
    </trkpt>
    <trkpt lat="43.204438" lon="6.572383">
        <ele>0.0</ele>
    </trkpt>
    <trkpt lat="43.204545" lon="6.57227">
        <ele>0.0</ele>
    </trkpt>
    <trkpt lat="43.204523" lon="6.572141">
        <ele>0.0</ele>
    </trkpt>
    <trkpt lat="43.204572" lon="6.571819">
        <ele>0.0</ele>
    </trkpt>
    <trkpt lat="43.204636" lon="6.571712">
        <ele>0.0</ele>
    </trkpt>
    <trkpt lat="43.204856" lon="6.571605">
        <ele>0.0</ele>
    </trkpt>
    <trkpt lat="43.204974" lon="6.571417">
        <ele>0.0</ele>
    </trkpt>
    <trkpt lat="43.20499" lon="6.571336">
        <ele>0.0</ele>
    </trkpt>
    <trkpt lat="43.204931" lon="6.571229">
        <ele>0.0</ele>
    </trkpt>
    <trkpt lat="43.204899" lon="6.570875">
        <ele>0.0</ele>
    </trkpt>
    <trkpt lat="43.204947" lon="6.570618">
        <ele>0.0</ele>
    </trkpt>
    <trkpt lat="43.205006" lon="6.570494">
        <ele>0.0</ele>
    </trkpt>
    <trkpt lat="43.205071" lon="6.570446">
        <ele>0.0</ele>
    </trkpt>
    <trkpt lat="43.205167" lon="6.570425">
        <ele>0.0</ele>
    </trkpt>
    <trkpt lat="43.205494" lon="6.570553">
        <ele>0.0</ele>
    </trkpt>
    <trkpt lat="43.205607" lon="6.570521">
        <ele>0.0</ele>
    </trkpt>
    <trkpt lat="43.205655" lon="6.570478">
        <ele>0.0</ele>
    </trkpt>
    <trkpt lat="43.205704" lon="6.570419">
        <ele>0.0</ele>
    </trkpt>
    <trkpt lat="43.205784" lon="6.57021">
        <ele>0.0</ele>
    </trkpt>
    <trkpt lat="43.205854" lon="6.569609">
        <ele>0.0</ele>
    </trkpt>
    <trkpt lat="43.206025" lon="6.569384">
        <ele>0.0</ele>
    </trkpt>
    <trkpt lat="43.206122" lon="6.569309">
        <ele>0.0</ele>
    </trkpt>
    <trkpt lat="43.206181" lon="6.569293">
        <ele>0.0</ele>
    </trkpt>
    <trkpt lat="43.206251" lon="6.56933">
        <ele>0.0</ele>
    </trkpt>
    <trkpt lat="43.206331" lon="6.56933">
        <ele>0.0</ele>
    </trkpt>
    <trkpt lat="43.206498" lon="6.569293">
        <ele>0.0</ele>
    </trkpt>
    <trkpt lat="43.206621" lon="6.569062">
        <ele>0.0</ele>
    </trkpt>
    <trkpt lat="43.206658" lon="6.569019">
        <ele>0.0</ele>
    </trkpt>
    <trkpt lat="43.206755" lon="6.569003">
        <ele>0.0</ele>
    </trkpt>
    <trkpt lat="43.206857" lon="6.568821">
        <ele>0.0</ele>
    </trkpt>
    <trkpt lat="43.206846" lon="6.568595">
        <ele>0.0</ele>
    </trkpt>
    <trkpt lat="43.206766" lon="6.568509">
        <ele>0.0</ele>
    </trkpt>
    <trkpt lat="43.206599" lon="6.568434">
        <ele>0.0</ele>
    </trkpt>
    <trkpt lat="43.206401" lon="6.568182">
        <ele>0.0</ele>
    </trkpt>
    <trkpt lat="43.206084" lon="6.567694">
        <ele>0.0</ele>
    </trkpt>
    <trkpt lat="43.205907" lon="6.567281">
        <ele>0.0</ele>
    </trkpt>
    <trkpt lat="43.205902" lon="6.566927">
        <ele>0.0</ele>
    </trkpt>
    <trkpt lat="43.206084" lon="6.565736">
        <ele>0.0</ele>
    </trkpt>
    <trkpt lat="43.206058" lon="6.565387">
        <ele>0.0</ele>
    </trkpt>
    <trkpt lat="43.205886" lon="6.564958">
        <ele>0.0</ele>
    </trkpt>
    <trkpt lat="43.204985" lon="6.563494">
        <ele>0.0</ele>
    </trkpt>
    <trkpt lat="43.204668" lon="6.56314">
        <ele>0.0</ele>
    </trkpt>
    <trkpt lat="43.204481" lon="6.563027">
        <ele>0.0</ele>
    </trkpt>
    <trkpt lat="43.204379" lon="6.563">
        <ele>0.0</ele>
    </trkpt>
    <trkpt lat="43.203949" lon="6.563">
        <ele>0.0</ele>
    </trkpt>
    <trkpt lat="43.202705" lon="6.563107">
        <ele>0.0</ele>
    </trkpt>
    <trkpt lat="43.201643" lon="6.563451">
        <ele>0.0</ele>
    </trkpt>
    <trkpt lat="43.200999" lon="6.56374">
        <ele>0.0</ele>
    </trkpt>
    <trkpt lat="43.200768" lon="6.563773">
        <ele>0.0</ele>
    </trkpt>
    <trkpt lat="43.200377" lon="6.563724">
        <ele>0.0</ele>
    </trkpt>
    <trkpt lat="43.200082" lon="6.563719">
        <ele>0.0</ele>
    </trkpt>
    <trkpt lat="43.198537" lon="6.564137">
        <ele>0.0</ele>
    </trkpt>
    <trkpt lat="43.198199" lon="6.564154">
        <ele>0.0</ele>
    </trkpt>
    <trkpt lat="43.198" lon="6.564025">
        <ele>0.0</ele>
    </trkpt>
    <trkpt lat="43.197936" lon="6.563912">
        <ele>0.0</ele>
    </trkpt>
    <trkpt lat="43.197845" lon="6.563671">
        <ele>0.0</ele>
    </trkpt>
    <trkpt lat="43.197727" lon="6.563209">
        <ele>0.0</ele>
    </trkpt>
    <trkpt lat="43.19748" lon="6.56263">
        <ele>0.0</ele>
    </trkpt>
    <trkpt lat="43.197056" lon="6.561766">
        <ele>0.0</ele>
    </trkpt>
    <trkpt lat="43.196772" lon="6.561407">
        <ele>0.0</ele>
    </trkpt>
    <trkpt lat="43.196198" lon="6.561101">
        <ele>0.0</ele>
    </trkpt>
    <trkpt lat="43.195624" lon="6.560881">
        <ele>0.0</ele>
    </trkpt>
    <trkpt lat="43.194766" lon="6.560924">
        <ele>0.0</ele>
    </trkpt>
    <trkpt lat="43.194653" lon="6.560903">
        <ele>0.0</ele>
    </trkpt>
    <trkpt lat="43.194428" lon="6.560801">
        <ele>0.0</ele>
    </trkpt>
    <trkpt lat="43.194229" lon="6.560661">
        <ele>0.0</ele>
    </trkpt>
    <trkpt lat="43.193988" lon="6.560334">
        <ele>0.0</ele>
    </trkpt>
    <trkpt lat="43.193371" lon="6.558875">
        <ele>0.0</ele>
    </trkpt>
    <trkpt lat="43.19203" lon="6.556901">
        <ele>0.0</ele>
    </trkpt>
    <trkpt lat="43.191896" lon="6.556788">
        <ele>0.0</ele>
    </trkpt>
    <trkpt lat="43.191783" lon="6.556525">
        <ele>0.0</ele>
    </trkpt>
    <trkpt lat="43.191638" lon="6.556359">
        <ele>0.0</ele>
    </trkpt>
    <trkpt lat="43.191536" lon="6.556177">
        <ele>0.0</ele>
    </trkpt>
    <trkpt lat="43.191273" lon="6.555592">
        <ele>0.0</ele>
    </trkpt>
    <trkpt lat="43.191139" lon="6.555179">
        <ele>0.0</ele>
    </trkpt>
    <trkpt lat="43.190839" lon="6.553462">
        <ele>0.0</ele>
    </trkpt>
    <trkpt lat="43.190565" lon="6.5524">
        <ele>0.0</ele>
    </trkpt>
    <trkpt lat="43.190399" lon="6.551912">
        <ele>0.0</ele>
    </trkpt>
    <trkpt lat="43.190297" lon="6.551687">
        <ele>0.0</ele>
    </trkpt>
    <trkpt lat="43.188736" lon="6.549144">
        <ele>0.0</ele>
    </trkpt>
    <trkpt lat="43.188307" lon="6.548291">
        <ele>0.0</ele>
    </trkpt>
    <trkpt lat="43.188044" lon="6.547937">
        <ele>0.0</ele>
    </trkpt>
    <trkpt lat="43.186681" lon="6.546574">
        <ele>0.0</ele>
    </trkpt>
    <trkpt lat="43.186354" lon="6.546354">
        <ele>0.0</ele>
    </trkpt>
    <trkpt lat="43.185946" lon="6.546183">
        <ele>0.0</ele>
    </trkpt>
    <trkpt lat="43.18563" lon="6.54599">
        <ele>0.0</ele>
    </trkpt>
    <trkpt lat="43.185383" lon="6.545737">
        <ele>0.0</ele>
    </trkpt>
    <trkpt lat="43.18511" lon="6.545142">
        <ele>0.0</ele>
    </trkpt>
    <trkpt lat="43.185002" lon="6.54511">
        <ele>0.0</ele>
    </trkpt>
    <trkpt lat="43.184997" lon="6.545024">
        <ele>0.0</ele>
    </trkpt>
    <trkpt lat="43.184863" lon="6.544611">
        <ele>0.0</ele>
    </trkpt>
    <trkpt lat="43.184509" lon="6.543785">
        <ele>0.0</ele>
    </trkpt>
    <trkpt lat="43.18386" lon="6.542406">
        <ele>0.0</ele>
    </trkpt>
    <trkpt lat="43.183768" lon="6.542331">
        <ele>0.0</ele>
    </trkpt>
    <trkpt lat="43.183457" lon="6.542471">
        <ele>0.0</ele>
    </trkpt>
    <trkpt lat="43.183409" lon="6.542465">
        <ele>0.0</ele>
    </trkpt>
    <trkpt lat="43.182277" lon="6.540545">
        <ele>0.0</ele>
    </trkpt>
    <trkpt lat="43.182127" lon="6.540239">
        <ele>0.0</ele>
    </trkpt>
    <trkpt lat="43.181778" lon="6.539719">
        <ele>0.0</ele>
    </trkpt>
    <trkpt lat="43.181692" lon="6.539622">
        <ele>0.0</ele>
    </trkpt>
    <trkpt lat="43.181644" lon="6.539606">
        <ele>0.0</ele>
    </trkpt>
  </trkseg>
</trk>
<trk>
  <name>2011/09/07 17:08:00</name>
  <extensions>
  </extensions>
  <trkseg>
    <trkpt lat="43.181569" lon="6.539472">
        <ele>0.0</ele>
    </trkpt>
    <trkpt lat="43.181569" lon="6.539542">
        <ele>0.0</ele>
    </trkpt>
    <trkpt lat="43.18166" lon="6.539617">
        <ele>0.0</ele>
    </trkpt>
    <trkpt lat="43.181569" lon="6.539558">
        <ele>0.0</ele>
    </trkpt>
    <trkpt lat="43.181596" lon="6.539622">
        <ele>0.0</ele>
    </trkpt>
    <trkpt lat="43.181387" lon="6.539252">
        <ele>0.0</ele>
    </trkpt>
    <trkpt lat="43.180577" lon="6.538195">
        <ele>0.0</ele>
    </trkpt>
    <trkpt lat="43.180378" lon="6.53783">
        <ele>0.0</ele>
    </trkpt>
    <trkpt lat="43.180373" lon="6.537761">
        <ele>0.0</ele>
    </trkpt>
    <trkpt lat="43.180432" lon="6.537637">
        <ele>0.0</ele>
    </trkpt>
    <trkpt lat="43.180518" lon="6.537466">
        <ele>0.0</ele>
    </trkpt>
    <trkpt lat="43.180603" lon="6.53738">
        <ele>0.0</ele>
    </trkpt>
    <trkpt lat="43.180716" lon="6.537128">
        <ele>0.0</ele>
    </trkpt>
    <trkpt lat="43.1807" lon="6.536956">
        <ele>0.0</ele>
    </trkpt>
    <trkpt lat="43.180609" lon="6.536843">
        <ele>0.0</ele>
    </trkpt>
    <trkpt lat="43.179965" lon="6.536291">
        <ele>0.0</ele>
    </trkpt>
    <trkpt lat="43.179375" lon="6.535947">
        <ele>0.0</ele>
    </trkpt>
    <trkpt lat="43.17879" lon="6.535727">
        <ele>0.0</ele>
    </trkpt>
    <trkpt lat="43.178527" lon="6.535674">
        <ele>0.0</ele>
    </trkpt>
    <trkpt lat="43.178211" lon="6.535658">
        <ele>0.0</ele>
    </trkpt>
    <trkpt lat="43.178088" lon="6.535685">
        <ele>0.0</ele>
    </trkpt>
    <trkpt lat="43.175126" lon="6.53407">
        <ele>0.0</ele>
    </trkpt>
    <trkpt lat="43.174037" lon="6.533539">
        <ele>0.0</ele>
    </trkpt>
    <trkpt lat="43.173807" lon="6.533389">
        <ele>0.0</ele>
    </trkpt>
    <trkpt lat="43.173624" lon="6.53333">
        <ele>0.0</ele>
    </trkpt>
    <trkpt lat="43.173458" lon="6.533163">
        <ele>0.0</ele>
    </trkpt>
    <trkpt lat="43.173496" lon="6.533029">
        <ele>0.0</ele>
    </trkpt>
    <trkpt lat="43.17348" lon="6.53297">
        <ele>0.0</ele>
    </trkpt>
    <trkpt lat="43.173533" lon="6.532943">
        <ele>0.0</ele>
    </trkpt>
    <trkpt lat="43.173581" lon="6.532809">
        <ele>0.0</ele>
    </trkpt>
    <trkpt lat="43.173442" lon="6.532627">
        <ele>0.0</ele>
    </trkpt>
    <trkpt lat="43.173378" lon="6.53238">
        <ele>0.0</ele>
    </trkpt>
    <trkpt lat="43.173206" lon="6.532241">
        <ele>0.0</ele>
    </trkpt>
    <trkpt lat="43.173131" lon="6.532246">
        <ele>0.0</ele>
    </trkpt>
    <trkpt lat="43.172943" lon="6.532375">
        <ele>0.0</ele>
    </trkpt>
    <trkpt lat="43.172809" lon="6.532332">
        <ele>0.0</ele>
    </trkpt>
    <trkpt lat="43.172702" lon="6.532241">
        <ele>0.0</ele>
    </trkpt>
    <trkpt lat="43.172487" lon="6.531361">
        <ele>0.0</ele>
    </trkpt>
    <trkpt lat="43.172466" lon="6.531452">
        <ele>0.0</ele>
    </trkpt>
    <trkpt lat="43.172471" lon="6.531388">
        <ele>0.0</ele>
    </trkpt>
    <trkpt lat="43.172503" lon="6.531431">
        <ele>0.0</ele>
    </trkpt>
    <trkpt lat="43.172557" lon="6.531393">
        <ele>0.0</ele>
    </trkpt>
    <trkpt lat="43.172578" lon="6.531318">
        <ele>0.0</ele>
    </trkpt>
    <trkpt lat="43.172439" lon="6.531377">
        <ele>0.0</ele>
    </trkpt>
    <trkpt lat="43.172466" lon="6.5315">
        <ele>0.0</ele>
    </trkpt>
    <trkpt lat="43.172509" lon="6.531468">
        <ele>0.0</ele>
    </trkpt>
    <trkpt lat="43.17246" lon="6.531452">
        <ele>0.0</ele>
    </trkpt>
    <trkpt lat="43.172466" lon="6.531264">
        <ele>0.0</ele>
    </trkpt>
    <trkpt lat="43.172412" lon="6.53113">
        <ele>0.0</ele>
    </trkpt>
    <trkpt lat="43.172412" lon="6.53105">
        <ele>0.0</ele>
    </trkpt>
    <trkpt lat="43.171924" lon="6.529569">
        <ele>0.0</ele>
    </trkpt>
    <trkpt lat="43.171516" lon="6.528174">
        <ele>0.0</ele>
    </trkpt>
    <trkpt lat="43.171452" lon="6.527869">
        <ele>0.0</ele>
    </trkpt>
    <trkpt lat="43.171044" lon="6.526613">
        <ele>0.0</ele>
    </trkpt>
    <trkpt lat="43.171071" lon="6.526324">
        <ele>0.0</ele>
    </trkpt>
    <trkpt lat="43.171039" lon="6.526265">
        <ele>0.0</ele>
    </trkpt>
    <trkpt lat="43.17098" lon="6.526238">
        <ele>0.0</ele>
    </trkpt>
    <trkpt lat="43.170867" lon="6.526275">
        <ele>0.0</ele>
    </trkpt>
    <trkpt lat="43.170846" lon="6.526131">
        <ele>0.0</ele>
    </trkpt>
    <trkpt lat="43.170738" lon="6.525878">
        <ele>0.0</ele>
    </trkpt>
    <trkpt lat="43.17003" lon="6.52451">
        <ele>0.0</ele>
    </trkpt>
    <trkpt lat="43.16958" lon="6.523872">
        <ele>0.0</ele>
    </trkpt>
    <trkpt lat="43.168678" lon="6.522907">
        <ele>0.0</ele>
    </trkpt>
    <trkpt lat="43.168598" lon="6.522783">
        <ele>0.0</ele>
    </trkpt>
    <trkpt lat="43.168019" lon="6.522118">
        <ele>0.0</ele>
    </trkpt>
    <trkpt lat="43.167815" lon="6.521957">
        <ele>0.0</ele>
    </trkpt>
    <trkpt lat="43.167627" lon="6.521903">
        <ele>0.0</ele>
    </trkpt>
    <trkpt lat="43.167541" lon="6.521791">
        <ele>0.0</ele>
    </trkpt>
    <trkpt lat="43.16708" lon="6.520594">
        <ele>0.0</ele>
    </trkpt>
    <trkpt lat="43.1662" lon="6.518931">
        <ele>0.0</ele>
    </trkpt>
    <trkpt lat="43.166098" lon="6.518642">
        <ele>0.0</ele>
    </trkpt>
    <trkpt lat="43.166061" lon="6.518347">
        <ele>0.0</ele>
    </trkpt>
    <trkpt lat="43.166093" lon="6.517977">
        <ele>0.0</ele>
    </trkpt>
    <trkpt lat="43.166259" lon="6.517199">
        <ele>0.0</ele>
    </trkpt>
    <trkpt lat="43.166313" lon="6.516689">
        <ele>0.0</ele>
    </trkpt>
    <trkpt lat="43.166264" lon="6.513819">
        <ele>0.0</ele>
    </trkpt>
    <trkpt lat="43.166372" lon="6.512355">
        <ele>0.0</ele>
    </trkpt>
    <trkpt lat="43.16628" lon="6.511255">
        <ele>0.0</ele>
    </trkpt>
    <trkpt lat="43.16627" lon="6.510783">
        <ele>0.0</ele>
    </trkpt>
    <trkpt lat="43.166055" lon="6.509919">
        <ele>0.0</ele>
    </trkpt>
    <trkpt lat="43.166023" lon="6.509678">
        <ele>0.0</ele>
    </trkpt>
    <trkpt lat="43.166034" lon="6.509453">
        <ele>0.0</ele>
    </trkpt>
    <trkpt lat="43.165953" lon="6.509259">
        <ele>0.0</ele>
    </trkpt>
    <trkpt lat="43.166125" lon="6.50927">
        <ele>0.0</ele>
    </trkpt>
    <trkpt lat="43.166216" lon="6.5092">
        <ele>0.0</ele>
    </trkpt>
    <trkpt lat="43.166275" lon="6.50919">
        <ele>0.0</ele>
    </trkpt>
    <trkpt lat="43.166554" lon="6.508449">
        <ele>0.0</ele>
    </trkpt>
    <trkpt lat="43.166565" lon="6.508294">
        <ele>0.0</ele>
    </trkpt>
    <trkpt lat="43.166538" lon="6.508144">
        <ele>0.0</ele>
    </trkpt>
    <trkpt lat="43.16642" lon="6.507951">
        <ele>0.0</ele>
    </trkpt>
    <trkpt lat="43.166216" lon="6.507747">
        <ele>0.0</ele>
    </trkpt>
    <trkpt lat="43.166125" lon="6.507559">
        <ele>0.0</ele>
    </trkpt>
    <trkpt lat="43.16612" lon="6.507425">
        <ele>0.0</ele>
    </trkpt>
    <trkpt lat="43.16613" lon="6.507216">
        <ele>0.0</ele>
    </trkpt>
    <trkpt lat="43.166259" lon="6.506507">
        <ele>0.0</ele>
    </trkpt>
    <trkpt lat="43.166463" lon="6.50463">
        <ele>0.0</ele>
    </trkpt>
    <trkpt lat="43.166436" lon="6.504297">
        <ele>0.0</ele>
    </trkpt>
    <trkpt lat="43.16627" lon="6.504018">
        <ele>0.0</ele>
    </trkpt>
    <trkpt lat="43.16532" lon="6.503434">
        <ele>0.0</ele>
    </trkpt>
    <trkpt lat="43.165197" lon="6.503294">
        <ele>0.0</ele>
    </trkpt>
    <trkpt lat="43.165116" lon="6.503112">
        <ele>0.0</ele>
    </trkpt>
    <trkpt lat="43.165084" lon="6.502908">
        <ele>0.0</ele>
    </trkpt>
    <trkpt lat="43.16509" lon="6.50272">
        <ele>0.0</ele>
    </trkpt>
    <trkpt lat="43.165181" lon="6.502334">
        <ele>0.0</ele>
    </trkpt>
    <trkpt lat="43.165218" lon="6.50227">
        <ele>0.0</ele>
    </trkpt>
    <trkpt lat="43.165454" lon="6.502082">
        <ele>0.0</ele>
    </trkpt>
    <trkpt lat="43.165583" lon="6.501932">
        <ele>0.0</ele>
    </trkpt>
    <trkpt lat="43.165664" lon="6.501744">
        <ele>0.0</ele>
    </trkpt>
    <trkpt lat="43.165685" lon="6.501492">
        <ele>0.0</ele>
    </trkpt>
    <trkpt lat="43.165653" lon="6.501277">
        <ele>0.0</ele>
    </trkpt>
    <trkpt lat="43.16539" lon="6.500751">
        <ele>0.0</ele>
    </trkpt>
    <trkpt lat="43.165159" lon="6.500537">
        <ele>0.0</ele>
    </trkpt>
    <trkpt lat="43.165047" lon="6.500489">
        <ele>0.0</ele>
    </trkpt>
    <trkpt lat="43.16488" lon="6.500467">
        <ele>0.0</ele>
    </trkpt>
    <trkpt lat="43.164736" lon="6.500542">
        <ele>0.0</ele>
    </trkpt>
    <trkpt lat="43.164623" lon="6.500676">
        <ele>0.0</ele>
    </trkpt>
    <trkpt lat="43.164537" lon="6.500998">
        <ele>0.0</ele>
    </trkpt>
    <trkpt lat="43.164521" lon="6.501347">
        <ele>0.0</ele>
    </trkpt>
    <trkpt lat="43.164548" lon="6.501615">
        <ele>0.0</ele>
    </trkpt>
    <trkpt lat="43.164478" lon="6.502082">
        <ele>0.0</ele>
    </trkpt>
    <trkpt lat="43.164349" lon="6.502575">
        <ele>0.0</ele>
    </trkpt>
    <trkpt lat="43.164317" lon="6.502849">
        <ele>0.0</ele>
    </trkpt>
    <trkpt lat="43.164349" lon="6.503369">
        <ele>0.0</ele>
    </trkpt>
    <trkpt lat="43.164408" lon="6.503718">
        <ele>0.0</ele>
    </trkpt>
    <trkpt lat="43.164719" lon="6.504576">
        <ele>0.0</ele>
    </trkpt>
    <trkpt lat="43.164725" lon="6.504855">
        <ele>0.0</ele>
    </trkpt>
    <trkpt lat="43.164693" lon="6.505086">
        <ele>0.0</ele>
    </trkpt>
    <trkpt lat="43.164628" lon="6.505494">
        <ele>0.0</ele>
    </trkpt>
    <trkpt lat="43.164521" lon="6.505853">
        <ele>0.0</ele>
    </trkpt>
    <trkpt lat="43.164188" lon="6.506481">
        <ele>0.0</ele>
    </trkpt>
    <trkpt lat="43.164038" lon="6.506561">
        <ele>0.0</ele>
    </trkpt>
    <trkpt lat="43.163942" lon="6.506561">
        <ele>0.0</ele>
    </trkpt>
    <trkpt lat="43.163834" lon="6.506507">
        <ele>0.0</ele>
    </trkpt>
    <trkpt lat="43.16348" lon="6.506062">
        <ele>0.0</ele>
    </trkpt>
    <trkpt lat="43.16274" lon="6.505107">
        <ele>0.0</ele>
    </trkpt>
    <trkpt lat="43.162627" lon="6.504898">
        <ele>0.0</ele>
    </trkpt>
    <trkpt lat="43.162584" lon="6.504281">
        <ele>0.0</ele>
    </trkpt>
    <trkpt lat="43.162558" lon="6.502731">
        <ele>0.0</ele>
    </trkpt>
    <trkpt lat="43.162456" lon="6.502677">
        <ele>0.0</ele>
    </trkpt>
    <trkpt lat="43.162499" lon="6.502699">
        <ele>0.0</ele>
    </trkpt>
    <trkpt lat="43.162547" lon="6.502667">
        <ele>0.0</ele>
    </trkpt>
    <trkpt lat="43.162541" lon="6.502602">
        <ele>0.0</ele>
    </trkpt>
    <trkpt lat="43.162482" lon="6.502398">
        <ele>0.0</ele>
    </trkpt>
    <trkpt lat="43.162343" lon="6.502189">
        <ele>0.0</ele>
    </trkpt>
    <trkpt lat="43.162177" lon="6.502071">
        <ele>0.0</ele>
    </trkpt>
    <trkpt lat="43.161967" lon="6.501969">
        <ele>0.0</ele>
    </trkpt>
    <trkpt lat="43.16171" lon="6.501921">
        <ele>0.0</ele>
    </trkpt>
    <trkpt lat="43.16164" lon="6.501937">
        <ele>0.0</ele>
    </trkpt>
    <trkpt lat="43.161549" lon="6.501991">
        <ele>0.0</ele>
    </trkpt>
    <trkpt lat="43.161436" lon="6.502119">
        <ele>0.0</ele>
    </trkpt>
    <trkpt lat="43.161394" lon="6.502178">
        <ele>0.0</ele>
    </trkpt>
    <trkpt lat="43.161404" lon="6.502243">
        <ele>0.0</ele>
    </trkpt>
    <trkpt lat="43.161367" lon="6.502307">
        <ele>0.0</ele>
    </trkpt>
    <trkpt lat="43.161211" lon="6.502425">
        <ele>0.0</ele>
    </trkpt>
    <trkpt lat="43.161072" lon="6.502591">
        <ele>0.0</ele>
    </trkpt>
    <trkpt lat="43.160932" lon="6.502672">
        <ele>0.0</ele>
    </trkpt>
    <trkpt lat="43.160637" lon="6.50272">
        <ele>0.0</ele>
    </trkpt>
    <trkpt lat="43.160524" lon="6.502709">
        <ele>0.0</ele>
    </trkpt>
    <trkpt lat="43.160476" lon="6.502661">
        <ele>0.0</ele>
    </trkpt>
    <trkpt lat="43.159913" lon="6.501191">
        <ele>0.0</ele>
    </trkpt>
    <trkpt lat="43.159773" lon="6.500945">
        <ele>0.0</ele>
    </trkpt>
    <trkpt lat="43.159661" lon="6.500639">
        <ele>0.0</ele>
    </trkpt>
    <trkpt lat="43.159548" lon="6.50043">
        <ele>0.0</ele>
    </trkpt>
    <trkpt lat="43.159253" lon="6.499974">
        <ele>0.0</ele>
    </trkpt>
    <trkpt lat="43.158722" lon="6.499475">
        <ele>0.0</ele>
    </trkpt>
    <trkpt lat="43.158583" lon="6.499148">
        <ele>0.0</ele>
    </trkpt>
    <trkpt lat="43.158325" lon="6.498724">
        <ele>0.0</ele>
    </trkpt>
    <trkpt lat="43.158266" lon="6.498692">
        <ele>0.0</ele>
    </trkpt>
    <trkpt lat="43.158234" lon="6.498622">
        <ele>0.0</ele>
    </trkpt>
    <trkpt lat="43.158132" lon="6.498568">
        <ele>0.0</ele>
    </trkpt>
    <trkpt lat="43.157928" lon="6.498375">
        <ele>0.0</ele>
    </trkpt>
    <trkpt lat="43.157767" lon="6.498278">
        <ele>0.0</ele>
    </trkpt>
    <trkpt lat="43.157424" lon="6.497994">
        <ele>0.0</ele>
    </trkpt>
    <trkpt lat="43.157295" lon="6.497962">
        <ele>0.0</ele>
    </trkpt>
    <trkpt lat="43.157107" lon="6.497865">
        <ele>0.0</ele>
    </trkpt>
    <trkpt lat="43.156887" lon="6.497828">
        <ele>0.0</ele>
    </trkpt>
    <trkpt lat="43.156651" lon="6.497839">
        <ele>0.0</ele>
    </trkpt>
    <trkpt lat="43.156083" lon="6.497688">
        <ele>0.0</ele>
    </trkpt>
    <trkpt lat="43.155675" lon="6.497613">
        <ele>0.0</ele>
    </trkpt>
    <trkpt lat="43.155514" lon="6.497463">
        <ele>0.0</ele>
    </trkpt>
    <trkpt lat="43.155471" lon="6.49727">
        <ele>0.0</ele>
    </trkpt>
    <trkpt lat="43.155487" lon="6.497082">
        <ele>0.0</ele>
    </trkpt>
    <trkpt lat="43.155428" lon="6.497045">
        <ele>0.0</ele>
    </trkpt>
    <trkpt lat="43.155337" lon="6.497066">
        <ele>0.0</ele>
    </trkpt>
    <trkpt lat="43.155348" lon="6.497254">
        <ele>0.0</ele>
    </trkpt>
    <trkpt lat="43.155278" lon="6.497163">
        <ele>0.0</ele>
    </trkpt>
    <trkpt lat="43.155283" lon="6.497098">
        <ele>0.0</ele>
    </trkpt>
    <trkpt lat="43.155375" lon="6.497077">
        <ele>0.0</ele>
    </trkpt>
    <trkpt lat="43.155326" lon="6.497034">
        <ele>0.0</ele>
    </trkpt>
    <trkpt lat="43.155289" lon="6.497071">
        <ele>0.0</ele>
    </trkpt>
    <trkpt lat="43.155396" lon="6.497077">
        <ele>0.0</ele>
    </trkpt>
    <trkpt lat="43.155562" lon="6.49654">
        <ele>0.0</ele>
    </trkpt>
    <trkpt lat="43.155992" lon="6.495602">
        <ele>0.0</ele>
    </trkpt>
    <trkpt lat="43.156034" lon="6.495409">
        <ele>0.0</ele>
    </trkpt>
    <trkpt lat="43.156072" lon="6.494797">
        <ele>0.0</ele>
    </trkpt>
    <trkpt lat="43.156185" lon="6.494464">
        <ele>0.0</ele>
    </trkpt>
    <trkpt lat="43.156265" lon="6.494346">
        <ele>0.0</ele>
    </trkpt>
    <trkpt lat="43.156614" lon="6.494121">
        <ele>0.0</ele>
    </trkpt>
    <trkpt lat="43.156721" lon="6.493906">
        <ele>0.0</ele>
    </trkpt>
    <trkpt lat="43.156753" lon="6.493665">
        <ele>0.0</ele>
    </trkpt>
    <trkpt lat="43.156689" lon="6.493113">
        <ele>0.0</ele>
    </trkpt>
    <trkpt lat="43.156313" lon="6.492034">
        <ele>0.0</ele>
    </trkpt>
    <trkpt lat="43.15619" lon="6.491004">
        <ele>0.0</ele>
    </trkpt>
    <trkpt lat="43.156335" lon="6.490795">
        <ele>0.0</ele>
    </trkpt>
    <trkpt lat="43.156689" lon="6.490559">
        <ele>0.0</ele>
    </trkpt>
    <trkpt lat="43.156828" lon="6.490398">
        <ele>0.0</ele>
    </trkpt>
    <trkpt lat="43.156893" lon="6.490253">
        <ele>0.0</ele>
    </trkpt>
    <trkpt lat="43.156962" lon="6.489282">
        <ele>0.0</ele>
    </trkpt>
    <trkpt lat="43.156925" lon="6.488649">
        <ele>0.0</ele>
    </trkpt>
    <trkpt lat="43.156968" lon="6.488483">
        <ele>0.0</ele>
    </trkpt>
    <trkpt lat="43.157231" lon="6.488344">
        <ele>0.0</ele>
    </trkpt>
    <trkpt lat="43.157628" lon="6.488306">
        <ele>0.0</ele>
    </trkpt>
    <trkpt lat="43.157853" lon="6.488086">
        <ele>0.0</ele>
    </trkpt>
    <trkpt lat="43.157928" lon="6.487909">
        <ele>0.0</ele>
    </trkpt>
    <trkpt lat="43.158094" lon="6.487255">
        <ele>0.0</ele>
    </trkpt>
    <trkpt lat="43.15833" lon="6.48689">
        <ele>0.0</ele>
    </trkpt>
    <trkpt lat="43.158411" lon="6.486514">
        <ele>0.0</ele>
    </trkpt>
    <trkpt lat="43.158411" lon="6.48638">
        <ele>0.0</ele>
    </trkpt>
    <trkpt lat="43.158127" lon="6.485028">
        <ele>0.0</ele>
    </trkpt>
    <trkpt lat="43.157939" lon="6.484599">
        <ele>0.0</ele>
    </trkpt>
    <trkpt lat="43.15774" lon="6.484374">
        <ele>0.0</ele>
    </trkpt>
    <trkpt lat="43.157515" lon="6.484014">
        <ele>0.0</ele>
    </trkpt>
    <trkpt lat="43.157408" lon="6.483666">
        <ele>0.0</ele>
    </trkpt>
    <trkpt lat="43.157429" lon="6.483408">
        <ele>0.0</ele>
    </trkpt>
    <trkpt lat="43.157472" lon="6.483285">
        <ele>0.0</ele>
    </trkpt>
    <trkpt lat="43.157585" lon="6.483135">
        <ele>0.0</ele>
    </trkpt>
    <trkpt lat="43.157697" lon="6.483135">
        <ele>0.0</ele>
    </trkpt>
    <trkpt lat="43.158073" lon="6.48365">
        <ele>0.0</ele>
    </trkpt>
    <trkpt lat="43.158314" lon="6.483902">
        <ele>0.0</ele>
    </trkpt>
    <trkpt lat="43.158395" lon="6.483923">
        <ele>0.0</ele>
    </trkpt>
    <trkpt lat="43.158561" lon="6.483821">
        <ele>0.0</ele>
    </trkpt>
    <trkpt lat="43.158684" lon="6.483671">
        <ele>0.0</ele>
    </trkpt>
    <trkpt lat="43.158781" lon="6.4835">
        <ele>0.0</ele>
    </trkpt>
    <trkpt lat="43.158802" lon="6.483312">
        <ele>0.0</ele>
    </trkpt>
    <trkpt lat="43.15898" lon="6.482786">
        <ele>0.0</ele>
    </trkpt>
    <trkpt lat="43.159328" lon="6.482335">
        <ele>0.0</ele>
    </trkpt>
    <trkpt lat="43.159452" lon="6.482035">
        <ele>0.0</ele>
    </trkpt>
    <trkpt lat="43.159511" lon="6.481804">
        <ele>0.0</ele>
    </trkpt>
    <trkpt lat="43.159505" lon="6.481574">
        <ele>0.0</ele>
    </trkpt>
    <trkpt lat="43.159355" lon="6.481112">
        <ele>0.0</ele>
    </trkpt>
    <trkpt lat="43.159173" lon="6.480892">
        <ele>0.0</ele>
    </trkpt>
    <trkpt lat="43.158808" lon="6.480619">
        <ele>0.0</ele>
    </trkpt>
    <trkpt lat="43.158749" lon="6.48042">
        <ele>0.0</ele>
    </trkpt>
    <trkpt lat="43.158797" lon="6.480399">
        <ele>0.0</ele>
    </trkpt>
    <trkpt lat="43.15884" lon="6.480431">
        <ele>0.0</ele>
    </trkpt>
    <trkpt lat="43.158953" lon="6.48064">
        <ele>0.0</ele>
    </trkpt>
    <trkpt lat="43.159039" lon="6.480694">
        <ele>0.0</ele>
    </trkpt>
    <trkpt lat="43.159162" lon="6.480721">
        <ele>0.0</ele>
    </trkpt>
    <trkpt lat="43.159419" lon="6.480683">
        <ele>0.0</ele>
    </trkpt>
    <trkpt lat="43.159666" lon="6.480603">
        <ele>0.0</ele>
    </trkpt>
    <trkpt lat="43.159698" lon="6.480549">
        <ele>0.0</ele>
    </trkpt>
    <trkpt lat="43.15979" lon="6.48049">
        <ele>0.0</ele>
    </trkpt>
    <trkpt lat="43.15994" lon="6.480533">
        <ele>0.0</ele>
    </trkpt>
    <trkpt lat="43.160031" lon="6.480479">
        <ele>0.0</ele>
    </trkpt>
    <trkpt lat="43.159929" lon="6.480383">
        <ele>0.0</ele>
    </trkpt>
    <trkpt lat="43.159983" lon="6.479954">
        <ele>0.0</ele>
    </trkpt>
    <trkpt lat="43.16024" lon="6.479503">
        <ele>0.0</ele>
    </trkpt>
    <trkpt lat="43.160385" lon="6.478779">
        <ele>0.0</ele>
    </trkpt>
    <trkpt lat="43.160503" lon="6.4785">
        <ele>0.0</ele>
    </trkpt>
    <trkpt lat="43.160535" lon="6.478301">
        <ele>0.0</ele>
    </trkpt>
    <trkpt lat="43.16061" lon="6.478199">
        <ele>0.0</ele>
    </trkpt>
    <trkpt lat="43.160707" lon="6.47813">
        <ele>0.0</ele>
    </trkpt>
    <trkpt lat="43.160836" lon="6.477845">
        <ele>0.0</ele>
    </trkpt>
    <trkpt lat="43.160889" lon="6.477647">
        <ele>0.0</ele>
    </trkpt>
    <trkpt lat="43.161077" lon="6.477363">
        <ele>0.0</ele>
    </trkpt>
    <trkpt lat="43.161249" lon="6.476912">
        <ele>0.0</ele>
    </trkpt>
    <trkpt lat="43.1612" lon="6.476917">
        <ele>0.0</ele>
    </trkpt>
    <trkpt lat="43.160991" lon="6.476349">
        <ele>0.0</ele>
    </trkpt>
    <trkpt lat="43.160814" lon="6.476022">
        <ele>0.0</ele>
    </trkpt>
    <trkpt lat="43.160696" lon="6.475882">
        <ele>0.0</ele>
    </trkpt>
    <trkpt lat="43.160428" lon="6.475737">
        <ele>0.0</ele>
    </trkpt>
    <trkpt lat="43.159934" lon="6.475539">
        <ele>0.0</ele>
    </trkpt>
    <trkpt lat="43.159725" lon="6.475329">
        <ele>0.0</ele>
    </trkpt>
    <trkpt lat="43.159494" lon="6.474884">
        <ele>0.0</ele>
    </trkpt>
    <trkpt lat="43.159452" lon="6.474739">
        <ele>0.0</ele>
    </trkpt>
    <trkpt lat="43.158985" lon="6.473768">
        <ele>0.0</ele>
    </trkpt>
    <trkpt lat="43.158835" lon="6.473489">
        <ele>0.0</ele>
    </trkpt>
    <trkpt lat="43.158711" lon="6.473355">
        <ele>0.0</ele>
    </trkpt>
    <trkpt lat="43.158534" lon="6.473216">
        <ele>0.0</ele>
    </trkpt>
    <trkpt lat="43.15833" lon="6.473141">
        <ele>0.0</ele>
    </trkpt>
    <trkpt lat="43.158143" lon="6.47313">
        <ele>0.0</ele>
    </trkpt>
    <trkpt lat="43.157402" lon="6.473205">
        <ele>0.0</ele>
    </trkpt>
    <trkpt lat="43.157166" lon="6.473087">
        <ele>0.0</ele>
    </trkpt>
    <trkpt lat="43.156914" lon="6.472899">
        <ele>0.0</ele>
    </trkpt>
    <trkpt lat="43.156759" lon="6.472744">
        <ele>0.0</ele>
    </trkpt>
    <trkpt lat="43.156614" lon="6.472476">
        <ele>0.0</ele>
    </trkpt>
    <trkpt lat="43.156544" lon="6.472073">
        <ele>0.0</ele>
    </trkpt>
    <trkpt lat="43.156555" lon="6.471896">
        <ele>0.0</ele>
    </trkpt>
    <trkpt lat="43.156678" lon="6.471692">
        <ele>0.0</ele>
    </trkpt>
    <trkpt lat="43.156957" lon="6.471617">
        <ele>0.0</ele>
    </trkpt>
    <trkpt lat="43.157542" lon="6.471564">
        <ele>0.0</ele>
    </trkpt>
    <trkpt lat="43.157697" lon="6.471494">
        <ele>0.0</ele>
    </trkpt>
    <trkpt lat="43.15788" lon="6.471274">
        <ele>0.0</ele>
    </trkpt>
    <trkpt lat="43.157821" lon="6.470566">
        <ele>0.0</ele>
    </trkpt>
    <trkpt lat="43.157987" lon="6.469761">
        <ele>0.0</ele>
    </trkpt>
    <trkpt lat="43.157955" lon="6.468865">
        <ele>0.0</ele>
    </trkpt>
    <trkpt lat="43.158019" lon="6.468619">
        <ele>0.0</ele>
    </trkpt>
    <trkpt lat="43.158207" lon="6.468324">
        <ele>0.0</ele>
    </trkpt>
    <trkpt lat="43.158743" lon="6.467868">
        <ele>0.0</ele>
    </trkpt>
    <trkpt lat="43.158904" lon="6.467594">
        <ele>0.0</ele>
    </trkpt>
    <trkpt lat="43.159205" lon="6.466838">
        <ele>0.0</ele>
    </trkpt>
    <trkpt lat="43.159409" lon="6.466752">
        <ele>0.0</ele>
    </trkpt>
    <trkpt lat="43.159607" lon="6.466795">
        <ele>0.0</ele>
    </trkpt>
    <trkpt lat="43.159886" lon="6.466907">
        <ele>0.0</ele>
    </trkpt>
    <trkpt lat="43.160315" lon="6.467143">
        <ele>0.0</ele>
    </trkpt>
    <trkpt lat="43.160573" lon="6.46746">
        <ele>0.0</ele>
    </trkpt>
    <trkpt lat="43.160739" lon="6.467578">
        <ele>0.0</ele>
    </trkpt>
    <trkpt lat="43.160873" lon="6.467621">
        <ele>0.0</ele>
    </trkpt>
    <trkpt lat="43.160927" lon="6.467626">
        <ele>0.0</ele>
    </trkpt>
    <trkpt lat="43.161147" lon="6.467524">
        <ele>0.0</ele>
    </trkpt>
    <trkpt lat="43.161308" lon="6.467224">
        <ele>0.0</ele>
    </trkpt>
    <trkpt lat="43.161286" lon="6.466907">
        <ele>0.0</ele>
    </trkpt>
    <trkpt lat="43.161152" lon="6.466661">
        <ele>0.0</ele>
    </trkpt>
    <trkpt lat="43.160793" lon="6.466344">
        <ele>0.0</ele>
    </trkpt>
    <trkpt lat="43.160739" lon="6.466253">
        <ele>0.0</ele>
    </trkpt>
    <trkpt lat="43.160541" lon="6.466049">
        <ele>0.0</ele>
    </trkpt>
    <trkpt lat="43.16039" lon="6.465824">
        <ele>0.0</ele>
    </trkpt>
    <trkpt lat="43.160326" lon="6.465534">
        <ele>0.0</ele>
    </trkpt>
    <trkpt lat="43.160353" lon="6.465362">
        <ele>0.0</ele>
    </trkpt>
    <trkpt lat="43.160337" lon="6.465094">
        <ele>0.0</ele>
    </trkpt>
    <trkpt lat="43.160235" lon="6.464847">
        <ele>0.0</ele>
    </trkpt>
    <trkpt lat="43.16002" lon="6.464638">
        <ele>0.0</ele>
    </trkpt>
    <trkpt lat="43.159409" lon="6.464273">
        <ele>0.0</ele>
    </trkpt>
    <trkpt lat="43.159285" lon="6.464161">
        <ele>0.0</ele>
    </trkpt>
    <trkpt lat="43.15914" lon="6.463887">
        <ele>0.0</ele>
    </trkpt>
    <trkpt lat="43.159001" lon="6.463345">
        <ele>0.0</ele>
    </trkpt>
    <trkpt lat="43.158845" lon="6.462889">
        <ele>0.0</ele>
    </trkpt>
    <trkpt lat="43.158625" lon="6.461784">
        <ele>0.0</ele>
    </trkpt>
    <trkpt lat="43.158593" lon="6.461484">
        <ele>0.0</ele>
    </trkpt>
    <trkpt lat="43.158615" lon="6.461028">
        <ele>0.0</ele>
    </trkpt>
    <trkpt lat="43.158566" lon="6.460829">
        <ele>0.0</ele>
    </trkpt>
    <trkpt lat="43.158389" lon="6.46069">
        <ele>0.0</ele>
    </trkpt>
    <trkpt lat="43.158137" lon="6.460416">
        <ele>0.0</ele>
    </trkpt>
    <trkpt lat="43.158062" lon="6.460255">
        <ele>0.0</ele>
    </trkpt>
    <trkpt lat="43.158009" lon="6.460014">
        <ele>0.0</ele>
    </trkpt>
    <trkpt lat="43.157901" lon="6.45981">
        <ele>0.0</ele>
    </trkpt>
    <trkpt lat="43.157751" lon="6.459655">
        <ele>0.0</ele>
    </trkpt>
    <trkpt lat="43.157477" lon="6.459462">
        <ele>0.0</ele>
    </trkpt>
    <trkpt lat="43.157306" lon="6.459274">
        <ele>0.0</ele>
    </trkpt>
    <trkpt lat="43.156903" lon="6.458925">
        <ele>0.0</ele>
    </trkpt>
    <trkpt lat="43.156844" lon="6.458796">
        <ele>0.0</ele>
    </trkpt>
    <trkpt lat="43.156383" lon="6.458222">
        <ele>0.0</ele>
    </trkpt>
    <trkpt lat="43.156088" lon="6.457584">
        <ele>0.0</ele>
    </trkpt>
    <trkpt lat="43.156029" lon="6.457284">
        <ele>0.0</ele>
    </trkpt>
    <trkpt lat="43.156142" lon="6.457058">
        <ele>0.0</ele>
    </trkpt>
    <trkpt lat="43.156185" lon="6.456994">
        <ele>0.0</ele>
    </trkpt>
    <trkpt lat="43.156319" lon="6.45694">
        <ele>0.0</ele>
    </trkpt>
    <trkpt lat="43.156399" lon="6.456871">
        <ele>0.0</ele>
    </trkpt>
    <trkpt lat="43.156555" lon="6.456677">
        <ele>0.0</ele>
    </trkpt>
    <trkpt lat="43.156802" lon="6.456447">
        <ele>0.0</ele>
    </trkpt>
    <trkpt lat="43.156909" lon="6.456329">
        <ele>0.0</ele>
    </trkpt>
    <trkpt lat="43.157027" lon="6.456087">
        <ele>0.0</ele>
    </trkpt>
    <trkpt lat="43.15707" lon="6.455883">
        <ele>0.0</ele>
    </trkpt>
    <trkpt lat="43.157" lon="6.455454">
        <ele>0.0</ele>
    </trkpt>
    <trkpt lat="43.156646" lon="6.454666">
        <ele>0.0</ele>
    </trkpt>
    <trkpt lat="43.156512" lon="6.453813">
        <ele>0.0</ele>
    </trkpt>
    <trkpt lat="43.156394" lon="6.453491">
        <ele>0.0</ele>
    </trkpt>
    <trkpt lat="43.156067" lon="6.452976">
        <ele>0.0</ele>
    </trkpt>
    <trkpt lat="43.155841" lon="6.452681">
        <ele>0.0</ele>
    </trkpt>
    <trkpt lat="43.155578" lon="6.452214">
        <ele>0.0</ele>
    </trkpt>
    <trkpt lat="43.15508" lon="6.451442">
        <ele>0.0</ele>
    </trkpt>
    <trkpt lat="43.154865" lon="6.451206">
        <ele>0.0</ele>
    </trkpt>
    <trkpt lat="43.154393" lon="6.450578">
        <ele>0.0</ele>
    </trkpt>
    <trkpt lat="43.154264" lon="6.450347">
        <ele>0.0</ele>
    </trkpt>
    <trkpt lat="43.154211" lon="6.450149">
        <ele>0.0</ele>
    </trkpt>
    <trkpt lat="43.154216" lon="6.449929">
        <ele>0.0</ele>
    </trkpt>
    <trkpt lat="43.154371" lon="6.449505">
        <ele>0.0</ele>
    </trkpt>
    <trkpt lat="43.154591" lon="6.449092">
        <ele>0.0</ele>
    </trkpt>
    <trkpt lat="43.154763" lon="6.448856">
        <ele>0.0</ele>
    </trkpt>
    <trkpt lat="43.154833" lon="6.448797">
        <ele>0.0</ele>
    </trkpt>
    <trkpt lat="43.155214" lon="6.44876">
        <ele>0.0</ele>
    </trkpt>
    <trkpt lat="43.155396" lon="6.448674">
        <ele>0.0</ele>
    </trkpt>
    <trkpt lat="43.155616" lon="6.448448">
        <ele>0.0</ele>
    </trkpt>
    <trkpt lat="43.155755" lon="6.448148">
        <ele>0.0</ele>
    </trkpt>
    <trkpt lat="43.155815" lon="6.447772">
        <ele>0.0</ele>
    </trkpt>
    <trkpt lat="43.155798" lon="6.447671">
        <ele>0.0</ele>
    </trkpt>
    <trkpt lat="43.155723" lon="6.447606">
        <ele>0.0</ele>
    </trkpt>
    <trkpt lat="43.155471" lon="6.447075">
        <ele>0.0</ele>
    </trkpt>
    <trkpt lat="43.155385" lon="6.446716">
        <ele>0.0</ele>
    </trkpt>
    <trkpt lat="43.155375" lon="6.446533">
        <ele>0.0</ele>
    </trkpt>
    <trkpt lat="43.1553" lon="6.446313">
        <ele>0.0</ele>
    </trkpt>
    <trkpt lat="43.155198" lon="6.446142">
        <ele>0.0</ele>
    </trkpt>
    <trkpt lat="43.154929" lon="6.445927">
        <ele>0.0</ele>
    </trkpt>
    <trkpt lat="43.154779" lon="6.445836">
        <ele>0.0</ele>
    </trkpt>
    <trkpt lat="43.154489" lon="6.445761">
        <ele>0.0</ele>
    </trkpt>
    <trkpt lat="43.154194" lon="6.445605">
        <ele>0.0</ele>
    </trkpt>
    <trkpt lat="43.153674" lon="6.445428">
        <ele>0.0</ele>
    </trkpt>
    <trkpt lat="43.153427" lon="6.445273">
        <ele>0.0</ele>
    </trkpt>
    <trkpt lat="43.153159" lon="6.445058">
        <ele>0.0</ele>
    </trkpt>
    <trkpt lat="43.153025" lon="6.445015">
        <ele>0.0</ele>
    </trkpt>
    <trkpt lat="43.152971" lon="6.444903">
        <ele>0.0</ele>
    </trkpt>
    <trkpt lat="43.152644" lon="6.444661">
        <ele>0.0</ele>
    </trkpt>
    <trkpt lat="43.152199" lon="6.444414">
        <ele>0.0</ele>
    </trkpt>
    <trkpt lat="43.151818" lon="6.444141">
        <ele>0.0</ele>
    </trkpt>
    <trkpt lat="43.151673" lon="6.443996">
        <ele>0.0</ele>
    </trkpt>
    <trkpt lat="43.151652" lon="6.443926">
        <ele>0.0</ele>
    </trkpt>
    <trkpt lat="43.151534" lon="6.443883">
        <ele>0.0</ele>
    </trkpt>
    <trkpt lat="43.151507" lon="6.443814">
        <ele>0.0</ele>
    </trkpt>
    <trkpt lat="43.151228" lon="6.443524">
        <ele>0.0</ele>
    </trkpt>
    <trkpt lat="43.151051" lon="6.443261">
        <ele>0.0</ele>
    </trkpt>
    <trkpt lat="43.150954" lon="6.443202">
        <ele>0.0</ele>
    </trkpt>
    <trkpt lat="43.150852" lon="6.443025">
        <ele>0.0</ele>
    </trkpt>
    <trkpt lat="43.150729" lon="6.442923">
        <ele>0.0</ele>
    </trkpt>
    <trkpt lat="43.150708" lon="6.442853">
        <ele>0.0</ele>
    </trkpt>
    <trkpt lat="43.150659" lon="6.442843">
        <ele>0.0</ele>
    </trkpt>
    <trkpt lat="43.150557" lon="6.442746">
        <ele>0.0</ele>
    </trkpt>
    <trkpt lat="43.150305" lon="6.442376">
        <ele>0.0</ele>
    </trkpt>
    <trkpt lat="43.150219" lon="6.442193">
        <ele>0.0</ele>
    </trkpt>
    <trkpt lat="43.150112" lon="6.441829">
        <ele>0.0</ele>
    </trkpt>
    <trkpt lat="43.150053" lon="6.441496">
        <ele>0.0</ele>
    </trkpt>
    <trkpt lat="43.15008" lon="6.44118">
        <ele>0.0</ele>
    </trkpt>
    <trkpt lat="43.150042" lon="6.440976">
        <ele>0.0</ele>
    </trkpt>
    <trkpt lat="43.150134" lon="6.440429">
        <ele>0.0</ele>
    </trkpt>
    <trkpt lat="43.150155" lon="6.43986">
        <ele>0.0</ele>
    </trkpt>
    <trkpt lat="43.150203" lon="6.43964">
        <ele>0.0</ele>
    </trkpt>
    <trkpt lat="43.150155" lon="6.439281">
        <ele>0.0</ele>
    </trkpt>
    <trkpt lat="43.150225" lon="6.439018">
        <ele>0.0</ele>
    </trkpt>
    <trkpt lat="43.150354" lon="6.43883">
        <ele>0.0</ele>
    </trkpt>
    <trkpt lat="43.150445" lon="6.438755">
        <ele>0.0</ele>
    </trkpt>
    <trkpt lat="43.150584" lon="6.438508">
        <ele>0.0</ele>
    </trkpt>
    <trkpt lat="43.150997" lon="6.43817">
        <ele>0.0</ele>
    </trkpt>
    <trkpt lat="43.151249" lon="6.437762">
        <ele>0.0</ele>
    </trkpt>
    <trkpt lat="43.151534" lon="6.436663">
        <ele>0.0</ele>
    </trkpt>
    <trkpt lat="43.151587" lon="6.43662">
        <ele>0.0</ele>
    </trkpt>
    <trkpt lat="43.151641" lon="6.436513">
        <ele>0.0</ele>
    </trkpt>
    <trkpt lat="43.151893" lon="6.435767">
        <ele>0.0</ele>
    </trkpt>
    <trkpt lat="43.152043" lon="6.435472">
        <ele>0.0</ele>
    </trkpt>
    <trkpt lat="43.152258" lon="6.435209">
        <ele>0.0</ele>
    </trkpt>
    <trkpt lat="43.152703" lon="6.434801">
        <ele>0.0</ele>
    </trkpt>
    <trkpt lat="43.152907" lon="6.434538">
        <ele>0.0</ele>
    </trkpt>
    <trkpt lat="43.15317" lon="6.433852">
        <ele>0.0</ele>
    </trkpt>
    <trkpt lat="43.153266" lon="6.433476">
        <ele>0.0</ele>
    </trkpt>
    <trkpt lat="43.153272" lon="6.433267">
        <ele>0.0</ele>
    </trkpt>
  </trkseg>
</trk>
<trk>
  <name>2011/09/07 17:08:00</name>
  <extensions>
  </extensions>
  <trkseg>
    <trkpt lat="43.153256" lon="6.433154">
        <ele>0.0</ele>
    </trkpt>
    <trkpt lat="43.153159" lon="6.432554">
        <ele>0.0</ele>
    </trkpt>
    <trkpt lat="43.153127" lon="6.432157">
        <ele>0.0</ele>
    </trkpt>
    <trkpt lat="43.152912" lon="6.43117">
        <ele>0.0</ele>
    </trkpt>
    <trkpt lat="43.152644" lon="6.429587">
        <ele>0.0</ele>
    </trkpt>
    <trkpt lat="43.152649" lon="6.429394">
        <ele>0.0</ele>
    </trkpt>
    <trkpt lat="43.152601" lon="6.428986">
        <ele>0.0</ele>
    </trkpt>
    <trkpt lat="43.152612" lon="6.428761">
        <ele>0.0</ele>
    </trkpt>
    <trkpt lat="43.152333" lon="6.427726">
        <ele>0.0</ele>
    </trkpt>
    <trkpt lat="43.152253" lon="6.427232">
        <ele>0.0</ele>
    </trkpt>
    <trkpt lat="43.152253" lon="6.427034">
        <ele>0.0</ele>
    </trkpt>
    <trkpt lat="43.152199" lon="6.42683">
        <ele>0.0</ele>
    </trkpt>
    <trkpt lat="43.152156" lon="6.426465">
        <ele>0.0</ele>
    </trkpt>
    <trkpt lat="43.15222" lon="6.426106">
        <ele>0.0</ele>
    </trkpt>
    <trkpt lat="43.152204" lon="6.425891">
        <ele>0.0</ele>
    </trkpt>
    <trkpt lat="43.152247" lon="6.42566">
        <ele>0.0</ele>
    </trkpt>
    <trkpt lat="43.152199" lon="6.425194">
        <ele>0.0</ele>
    </trkpt>
    <trkpt lat="43.152177" lon="6.425129">
        <ele>0.0</ele>
    </trkpt>
    <trkpt lat="43.151963" lon="6.425033">
        <ele>0.0</ele>
    </trkpt>
    <trkpt lat="43.151866" lon="6.424893">
        <ele>0.0</ele>
    </trkpt>
    <trkpt lat="43.151764" lon="6.424357">
        <ele>0.0</ele>
    </trkpt>
    <trkpt lat="43.15162" lon="6.424056">
        <ele>0.0</ele>
    </trkpt>
    <trkpt lat="43.151571" lon="6.42404">
        <ele>0.0</ele>
    </trkpt>
    <trkpt lat="43.151448" lon="6.423869">
        <ele>0.0</ele>
    </trkpt>
    <trkpt lat="43.1514" lon="6.423718">
        <ele>0.0</ele>
    </trkpt>
    <trkpt lat="43.151051" lon="6.423139">
        <ele>0.0</ele>
    </trkpt>
    <trkpt lat="43.151024" lon="6.422978">
        <ele>0.0</ele>
    </trkpt>
    <trkpt lat="43.150627" lon="6.42234">
        <ele>0.0</ele>
    </trkpt>
    <trkpt lat="43.150547" lon="6.42212">
        <ele>0.0</ele>
    </trkpt>
    <trkpt lat="43.150295" lon="6.421777">
        <ele>0.0</ele>
    </trkpt>
    <trkpt lat="43.150064" lon="6.421321">
        <ele>0.0</ele>
    </trkpt>
    <trkpt lat="43.149624" lon="6.420575">
        <ele>0.0</ele>
    </trkpt>
    <trkpt lat="43.149501" lon="6.420414">
        <ele>0.0</ele>
    </trkpt>
    <trkpt lat="43.149447" lon="6.420382">
        <ele>0.0</ele>
    </trkpt>
    <trkpt lat="43.149286" lon="6.420049">
        <ele>0.0</ele>
    </trkpt>
    <trkpt lat="43.149077" lon="6.419727">
        <ele>0.0</ele>
    </trkpt>
    <trkpt lat="43.149002" lon="6.419491">
        <ele>0.0</ele>
    </trkpt>
    <trkpt lat="43.148798" lon="6.41911">
        <ele>0.0</ele>
    </trkpt>
    <trkpt lat="43.149243" lon="6.417195">
        <ele>0.0</ele>
    </trkpt>
    <trkpt lat="43.149345" lon="6.417045">
        <ele>0.0</ele>
    </trkpt>
    <trkpt lat="43.149511" lon="6.41653">
        <ele>0.0</ele>
    </trkpt>
    <trkpt lat="43.149592" lon="6.414942">
        <ele>0.0</ele>
    </trkpt>
    <trkpt lat="43.149704" lon="6.41469">
        <ele>0.0</ele>
    </trkpt>
    <trkpt lat="43.149839" lon="6.414197">
        <ele>0.0</ele>
    </trkpt>
    <trkpt lat="43.150058" lon="6.41373">
        <ele>0.0</ele>
    </trkpt>
    <trkpt lat="43.150193" lon="6.413558">
        <ele>0.0</ele>
    </trkpt>
    <trkpt lat="43.15023" lon="6.413403">
        <ele>0.0</ele>
    </trkpt>
    <trkpt lat="43.1503" lon="6.413274">
        <ele>0.0</ele>
    </trkpt>
    <trkpt lat="43.150337" lon="6.413027">
        <ele>0.0</ele>
    </trkpt>
    <trkpt lat="43.150337" lon="6.412298">
        <ele>0.0</ele>
    </trkpt>
    <trkpt lat="43.150289" lon="6.412094">
        <ele>0.0</ele>
    </trkpt>
    <trkpt lat="43.150241" lon="6.412024">
        <ele>0.0</ele>
    </trkpt>
    <trkpt lat="43.150193" lon="6.41175">
        <ele>0.0</ele>
    </trkpt>
    <trkpt lat="43.150053" lon="6.411343">
        <ele>0.0</ele>
    </trkpt>
    <trkpt lat="43.149839" lon="6.410994">
        <ele>0.0</ele>
    </trkpt>
    <trkpt lat="43.149715" lon="6.410688">
        <ele>0.0</ele>
    </trkpt>
    <trkpt lat="43.149511" lon="6.410415">
        <ele>0.0</ele>
    </trkpt>
    <trkpt lat="43.149297" lon="6.409948">
        <ele>0.0</ele>
    </trkpt>
    <trkpt lat="43.149189" lon="6.409428">
        <ele>0.0</ele>
    </trkpt>
    <trkpt lat="43.149238" lon="6.408768">
        <ele>0.0</ele>
    </trkpt>
    <trkpt lat="43.149452" lon="6.40762">
        <ele>0.0</ele>
    </trkpt>
    <trkpt lat="43.149404" lon="6.40733">
        <ele>0.0</ele>
    </trkpt>
    <trkpt lat="43.149431" lon="6.406788">
        <ele>0.0</ele>
    </trkpt>
    <trkpt lat="43.149619" lon="6.406064">
        <ele>0.0</ele>
    </trkpt>
    <trkpt lat="43.149656" lon="6.405501">
        <ele>0.0</ele>
    </trkpt>
    <trkpt lat="43.149737" lon="6.404991">
        <ele>0.0</ele>
    </trkpt>
    <trkpt lat="43.149828" lon="6.404637">
        <ele>0.0</ele>
    </trkpt>
    <trkpt lat="43.149876" lon="6.404262">
        <ele>0.0</ele>
    </trkpt>
    <trkpt lat="43.14986" lon="6.404176">
        <ele>0.0</ele>
    </trkpt>
    <trkpt lat="43.149898" lon="6.403607">
        <ele>0.0</ele>
    </trkpt>
    <trkpt lat="43.149812" lon="6.402808">
        <ele>0.0</ele>
    </trkpt>
    <trkpt lat="43.14978" lon="6.40196">
        <ele>0.0</ele>
    </trkpt>
    <trkpt lat="43.149731" lon="6.401579">
        <ele>0.0</ele>
    </trkpt>
    <trkpt lat="43.14964" lon="6.401311">
        <ele>0.0</ele>
    </trkpt>
    <trkpt lat="43.149425" lon="6.401064">
        <ele>0.0</ele>
    </trkpt>
    <trkpt lat="43.149243" lon="6.400995">
        <ele>0.0</ele>
    </trkpt>
    <trkpt lat="43.14891" lon="6.401043">
        <ele>0.0</ele>
    </trkpt>
    <trkpt lat="43.148846" lon="6.401016">
        <ele>0.0</ele>
    </trkpt>
    <trkpt lat="43.148691" lon="6.401027">
        <ele>0.0</ele>
    </trkpt>
    <trkpt lat="43.148653" lon="6.400973">
        <ele>0.0</ele>
    </trkpt>
    <trkpt lat="43.148347" lon="6.400904">
        <ele>0.0</ele>
    </trkpt>
    <trkpt lat="43.148256" lon="6.400823">
        <ele>0.0</ele>
    </trkpt>
    <trkpt lat="43.148036" lon="6.40048">
        <ele>0.0</ele>
    </trkpt>
    <trkpt lat="43.14794" lon="6.400228">
        <ele>0.0</ele>
    </trkpt>
    <trkpt lat="43.147789" lon="6.400072">
        <ele>0.0</ele>
    </trkpt>
    <trkpt lat="43.147773" lon="6.400002">
        <ele>0.0</ele>
    </trkpt>
    <trkpt lat="43.147816" lon="6.399965">
        <ele>0.0</ele>
    </trkpt>
    <trkpt lat="43.147811" lon="6.399868">
        <ele>0.0</ele>
    </trkpt>
    <trkpt lat="43.147248" lon="6.39886">
        <ele>0.0</ele>
    </trkpt>
    <trkpt lat="43.147081" lon="6.398629">
        <ele>0.0</ele>
    </trkpt>
    <trkpt lat="43.146652" lon="6.398243">
        <ele>0.0</ele>
    </trkpt>
    <trkpt lat="43.146368" lon="6.397932">
        <ele>0.0</ele>
    </trkpt>
    <trkpt lat="43.146223" lon="6.39769">
        <ele>0.0</ele>
    </trkpt>
    <trkpt lat="43.146083" lon="6.39732">
        <ele>0.0</ele>
    </trkpt>
    <trkpt lat="43.146046" lon="6.396891">
        <ele>0.0</ele>
    </trkpt>
    <trkpt lat="43.146089" lon="6.396811">
        <ele>0.0</ele>
    </trkpt>
    <trkpt lat="43.146062" lon="6.396741">
        <ele>0.0</ele>
    </trkpt>
    <trkpt lat="43.14611" lon="6.396655">
        <ele>0.0</ele>
    </trkpt>
    <trkpt lat="43.146116" lon="6.396521">
        <ele>0.0</ele>
    </trkpt>
    <trkpt lat="43.14625" lon="6.396092">
        <ele>0.0</ele>
    </trkpt>
    <trkpt lat="43.146502" lon="6.395491">
        <ele>0.0</ele>
    </trkpt>
    <trkpt lat="43.146561" lon="6.395201">
        <ele>0.0</ele>
    </trkpt>
    <trkpt lat="43.146598" lon="6.394885">
        <ele>0.0</ele>
    </trkpt>
    <trkpt lat="43.146529" lon="6.394359">
        <ele>0.0</ele>
    </trkpt>
    <trkpt lat="43.146427" lon="6.394">
        <ele>0.0</ele>
    </trkpt>
    <trkpt lat="43.14626" lon="6.393651">
        <ele>0.0</ele>
    </trkpt>
    <trkpt lat="43.146159" lon="6.393511">
        <ele>0.0</ele>
    </trkpt>
    <trkpt lat="43.145729" lon="6.393066">
        <ele>0.0</ele>
    </trkpt>
    <trkpt lat="43.145477" lon="6.392739">
        <ele>0.0</ele>
    </trkpt>
    <trkpt lat="43.145279" lon="6.392401">
        <ele>0.0</ele>
    </trkpt>
    <trkpt lat="43.144909" lon="6.391301">
        <ele>0.0</ele>
    </trkpt>
    <trkpt lat="43.144587" lon="6.390035">
        <ele>0.0</ele>
    </trkpt>
    <trkpt lat="43.144576" lon="6.389633">
        <ele>0.0</ele>
    </trkpt>
    <trkpt lat="43.14464" lon="6.389161">
        <ele>0.0</ele>
    </trkpt>
    <trkpt lat="43.144823" lon="6.388603">
        <ele>0.0</ele>
    </trkpt>
    <trkpt lat="43.145182" lon="6.387922">
        <ele>0.0</ele>
    </trkpt>
    <trkpt lat="43.145327" lon="6.387535">
        <ele>0.0</ele>
    </trkpt>
    <trkpt lat="43.145418" lon="6.387117">
        <ele>0.0</ele>
    </trkpt>
    <trkpt lat="43.14544" lon="6.386672">
        <ele>0.0</ele>
    </trkpt>
    <trkpt lat="43.145413" lon="6.386371">
        <ele>0.0</ele>
    </trkpt>
    <trkpt lat="43.14529" lon="6.386108">
        <ele>0.0</ele>
    </trkpt>
    <trkpt lat="43.144887" lon="6.384783">
        <ele>0.0</ele>
    </trkpt>
    <trkpt lat="43.144769" lon="6.384494">
        <ele>0.0</ele>
    </trkpt>
    <trkpt lat="43.144758" lon="6.383346">
        <ele>0.0</ele>
    </trkpt>
    <trkpt lat="43.144796" lon="6.382933">
        <ele>0.0</ele>
    </trkpt>
    <trkpt lat="43.144796" lon="6.382251">
        <ele>0.0</ele>
    </trkpt>
    <trkpt lat="43.144823" lon="6.381994">
        <ele>0.0</ele>
    </trkpt>
    <trkpt lat="43.144828" lon="6.380808">
        <ele>0.0</ele>
    </trkpt>
    <trkpt lat="43.144807" lon="6.380583">
        <ele>0.0</ele>
    </trkpt>
    <trkpt lat="43.14464" lon="6.380052">
        <ele>0.0</ele>
    </trkpt>
    <trkpt lat="43.144667" lon="6.379682">
        <ele>0.0</ele>
    </trkpt>
    <trkpt lat="43.144549" lon="6.379548">
        <ele>0.0</ele>
    </trkpt>
    <trkpt lat="43.143911" lon="6.379145">
        <ele>0.0</ele>
    </trkpt>
    <trkpt lat="43.143621" lon="6.37907">
        <ele>0.0</ele>
    </trkpt>
    <trkpt lat="43.143251" lon="6.379027">
        <ele>0.0</ele>
    </trkpt>
    <trkpt lat="43.142618" lon="6.379135">
        <ele>0.0</ele>
    </trkpt>
    <trkpt lat="43.142409" lon="6.379108">
        <ele>0.0</ele>
    </trkpt>
    <trkpt lat="43.142318" lon="6.379065">
        <ele>0.0</ele>
    </trkpt>
    <trkpt lat="43.142146" lon="6.379065">
        <ele>0.0</ele>
    </trkpt>
    <trkpt lat="43.141738" lon="6.379247">
        <ele>0.0</ele>
    </trkpt>
    <trkpt lat="43.141572" lon="6.37929">
        <ele>0.0</ele>
    </trkpt>
    <trkpt lat="43.141373" lon="6.379301">
        <ele>0.0</ele>
    </trkpt>
    <trkpt lat="43.14117" lon="6.379365">
        <ele>0.0</ele>
    </trkpt>
    <trkpt lat="43.140982" lon="6.379473">
        <ele>0.0</ele>
    </trkpt>
    <trkpt lat="43.140209" lon="6.379778">
        <ele>0.0</ele>
    </trkpt>
    <trkpt lat="43.139893" lon="6.379934">
        <ele>0.0</ele>
    </trkpt>
    <trkpt lat="43.13963" lon="6.379998">
        <ele>0.0</ele>
    </trkpt>
    <trkpt lat="43.139442" lon="6.380004">
        <ele>0.0</ele>
    </trkpt>
    <trkpt lat="43.139115" lon="6.37988">
        <ele>0.0</ele>
    </trkpt>
    <trkpt lat="43.139013" lon="6.379816">
        <ele>0.0</ele>
    </trkpt>
    <trkpt lat="43.138836" lon="6.379585">
        <ele>0.0</ele>
    </trkpt>
    <trkpt lat="43.138729" lon="6.379398">
        <ele>0.0</ele>
    </trkpt>
    <trkpt lat="43.138632" lon="6.379145">
        <ele>0.0</ele>
    </trkpt>
    <trkpt lat="43.138595" lon="6.378443">
        <ele>0.0</ele>
    </trkpt>
    <trkpt lat="43.138616" lon="6.378201">
        <ele>0.0</ele>
    </trkpt>
    <trkpt lat="43.138568" lon="6.377949">
        <ele>0.0</ele>
    </trkpt>
    <trkpt lat="43.13853" lon="6.377391">
        <ele>0.0</ele>
    </trkpt>
    <trkpt lat="43.138525" lon="6.377166">
        <ele>0.0</ele>
    </trkpt>
    <trkpt lat="43.138552" lon="6.377037">
        <ele>0.0</ele>
    </trkpt>
    <trkpt lat="43.13853" lon="6.376721">
        <ele>0.0</ele>
    </trkpt>
    <trkpt lat="43.138493" lon="6.376683">
        <ele>0.0</ele>
    </trkpt>
    <trkpt lat="43.138445" lon="6.376383">
        <ele>0.0</ele>
    </trkpt>
    <trkpt lat="43.13831" lon="6.376045">
        <ele>0.0</ele>
    </trkpt>
    <trkpt lat="43.138192" lon="6.375589">
        <ele>0.0</ele>
    </trkpt>
    <trkpt lat="43.138149" lon="6.375069">
        <ele>0.0</ele>
    </trkpt>
    <trkpt lat="43.138348" lon="6.374398">
        <ele>0.0</ele>
    </trkpt>
    <trkpt lat="43.138809" lon="6.373513">
        <ele>0.0</ele>
    </trkpt>
    <trkpt lat="43.13874" lon="6.373502">
        <ele>0.0</ele>
    </trkpt>
    <trkpt lat="43.138788" lon="6.373513">
        <ele>0.0</ele>
    </trkpt>
    <trkpt lat="43.138782" lon="6.373577">
        <ele>0.0</ele>
    </trkpt>
    <trkpt lat="43.138815" lon="6.373534">
        <ele>0.0</ele>
    </trkpt>
    <trkpt lat="43.138868" lon="6.373352">
        <ele>0.0</ele>
    </trkpt>
    <trkpt lat="43.138874" lon="6.373127">
        <ele>0.0</ele>
    </trkpt>
    <trkpt lat="43.13897" lon="6.37288">
        <ele>0.0</ele>
    </trkpt>
    <trkpt lat="43.138976" lon="6.372579">
        <ele>0.0</ele>
    </trkpt>
    <trkpt lat="43.138911" lon="6.372145">
        <ele>0.0</ele>
    </trkpt>
    <trkpt lat="43.139056" lon="6.370224">
        <ele>0.0</ele>
    </trkpt>
    <trkpt lat="43.139099" lon="6.369946">
        <ele>0.0</ele>
    </trkpt>
    <trkpt lat="43.139094" lon="6.369559">
        <ele>0.0</ele>
    </trkpt>
    <trkpt lat="43.139067" lon="6.369377">
        <ele>0.0</ele>
    </trkpt>
    <trkpt lat="43.138981" lon="6.369114">
        <ele>0.0</ele>
    </trkpt>
    <trkpt lat="43.138396" lon="6.367918">
        <ele>0.0</ele>
    </trkpt>
    <trkpt lat="43.138343" lon="6.367719">
        <ele>0.0</ele>
    </trkpt>
    <trkpt lat="43.138294" lon="6.367397">
        <ele>0.0</ele>
    </trkpt>
    <trkpt lat="43.138257" lon="6.366432">
        <ele>0.0</ele>
    </trkpt>
    <trkpt lat="43.138273" lon="6.366174">
        <ele>0.0</ele>
    </trkpt>
    <trkpt lat="43.138208" lon="6.365692">
        <ele>0.0</ele>
    </trkpt>
    <trkpt lat="43.138208" lon="6.365493">
        <ele>0.0</ele>
    </trkpt>
    <trkpt lat="43.13808" lon="6.365429">
        <ele>0.0</ele>
    </trkpt>
    <trkpt lat="43.138031" lon="6.365466">
        <ele>0.0</ele>
    </trkpt>
    <trkpt lat="43.137962" lon="6.365472">
        <ele>0.0</ele>
    </trkpt>
    <trkpt lat="43.13786" lon="6.365386">
        <ele>0.0</ele>
    </trkpt>
    <trkpt lat="43.137608" lon="6.365348">
        <ele>0.0</ele>
    </trkpt>
    <trkpt lat="43.137409" lon="6.365241">
        <ele>0.0</ele>
    </trkpt>
    <trkpt lat="43.13727" lon="6.365209">
        <ele>0.0</ele>
    </trkpt>
    <trkpt lat="43.137168" lon="6.365225">
        <ele>0.0</ele>
    </trkpt>
    <trkpt lat="43.137082" lon="6.365144">
        <ele>0.0</ele>
    </trkpt>
    <trkpt lat="43.137039" lon="6.365177">
        <ele>0.0</ele>
    </trkpt>
    <trkpt lat="43.137023" lon="6.365112">
        <ele>0.0</ele>
    </trkpt>
    <trkpt lat="43.136878" lon="6.365343">
        <ele>0.0</ele>
    </trkpt>
    <trkpt lat="43.136964" lon="6.36537">
        <ele>0.0</ele>
    </trkpt>
    <trkpt lat="43.136905" lon="6.365407">
        <ele>0.0</ele>
    </trkpt>
    <trkpt lat="43.137007" lon="6.365327">
        <ele>0.0</ele>
    </trkpt>
    <trkpt lat="43.136916" lon="6.365466">
        <ele>0.0</ele>
    </trkpt>
    <trkpt lat="43.136862" lon="6.365654">
        <ele>0.0</ele>
    </trkpt>
    <trkpt lat="43.136717" lon="6.365724">
        <ele>0.0</ele>
    </trkpt>
    <trkpt lat="43.136664" lon="6.365911">
        <ele>0.0</ele>
    </trkpt>
    <trkpt lat="43.136551" lon="6.365874">
        <ele>0.0</ele>
    </trkpt>
    <trkpt lat="43.136513" lon="6.36582">
        <ele>0.0</ele>
    </trkpt>
    <trkpt lat="43.136395" lon="6.365949">
        <ele>0.0</ele>
    </trkpt>
    <trkpt lat="43.136385" lon="6.366013">
        <ele>0.0</ele>
    </trkpt>
    <trkpt lat="43.136497" lon="6.366153">
        <ele>0.0</ele>
    </trkpt>
    <trkpt lat="43.136578" lon="6.366405">
        <ele>0.0</ele>
    </trkpt>
    <trkpt lat="43.136508" lon="6.366684">
        <ele>0.0</ele>
    </trkpt>
    <trkpt lat="43.136427" lon="6.366786">
        <ele>0.0</ele>
    </trkpt>
    <trkpt lat="43.136417" lon="6.366947">
        <ele>0.0</ele>
    </trkpt>
    <trkpt lat="43.136476" lon="6.367215">
        <ele>0.0</ele>
    </trkpt>
    <trkpt lat="43.136417" lon="6.367204">
        <ele>0.0</ele>
    </trkpt>
    <trkpt lat="43.136368" lon="6.367253">
        <ele>0.0</ele>
    </trkpt>
    <trkpt lat="43.136385" lon="6.367381">
        <ele>0.0</ele>
    </trkpt>
    <trkpt lat="43.136299" lon="6.367446">
        <ele>0.0</ele>
    </trkpt>
    <trkpt lat="43.136315" lon="6.36751">
        <ele>0.0</ele>
    </trkpt>
    <trkpt lat="43.136363" lon="6.367505">
        <ele>0.0</ele>
    </trkpt>
    <trkpt lat="43.136444" lon="6.367596">
        <ele>0.0</ele>
    </trkpt>
    <trkpt lat="43.136685" lon="6.367746">
        <ele>0.0</ele>
    </trkpt>
    <trkpt lat="43.136851" lon="6.367907">
        <ele>0.0</ele>
    </trkpt>
    <trkpt lat="43.136916" lon="6.367923">
        <ele>0.0</ele>
    </trkpt>
    <trkpt lat="43.137071" lon="6.368095">
        <ele>0.0</ele>
    </trkpt>
    <trkpt lat="43.137345" lon="6.368535">
        <ele>0.0</ele>
    </trkpt>
    <trkpt lat="43.137388" lon="6.368508">
        <ele>0.0</ele>
    </trkpt>
    <trkpt lat="43.137393" lon="6.368374">
        <ele>0.0</ele>
    </trkpt>
    <trkpt lat="43.13735" lon="6.368513">
        <ele>0.0</ele>
    </trkpt>
    <trkpt lat="43.137382" lon="6.368658">
        <ele>0.0</ele>
    </trkpt>
    <trkpt lat="43.137602" lon="6.369227">
        <ele>0.0</ele>
    </trkpt>
    <trkpt lat="43.137683" lon="6.369307">
        <ele>0.0</ele>
    </trkpt>
    <trkpt lat="43.137779" lon="6.37016">
        <ele>0.0</ele>
    </trkpt>
    <trkpt lat="43.137812" lon="6.370106">
        <ele>0.0</ele>
    </trkpt>
    <trkpt lat="43.137962" lon="6.370053">
        <ele>0.0</ele>
    </trkpt>
    <trkpt lat="43.138053" lon="6.370074">
        <ele>0.0</ele>
    </trkpt>
    <trkpt lat="43.13809" lon="6.369715">
        <ele>0.0</ele>
    </trkpt>
    <trkpt lat="43.138058" lon="6.369667">
        <ele>0.0</ele>
    </trkpt>
    <trkpt lat="43.138037" lon="6.369967">
        <ele>0.0</ele>
    </trkpt>
    <trkpt lat="43.137924" lon="6.37001">
        <ele>0.0</ele>
    </trkpt>
    <trkpt lat="43.137908" lon="6.370074">
        <ele>0.0</ele>
    </trkpt>
    <trkpt lat="43.137956" lon="6.370214">
        <ele>0.0</ele>
    </trkpt>
    <trkpt lat="43.137967" lon="6.370428">
        <ele>0.0</ele>
    </trkpt>
    <trkpt lat="43.138048" lon="6.370605">
        <ele>0.0</ele>
    </trkpt>
    <trkpt lat="43.138123" lon="6.370498">
        <ele>0.0</ele>
    </trkpt>
    <trkpt lat="43.138139" lon="6.370391">
        <ele>0.0</ele>
    </trkpt>
    <trkpt lat="43.138112" lon="6.369876">
        <ele>0.0</ele>
    </trkpt>
    <trkpt lat="43.138026" lon="6.369693">
        <ele>0.0</ele>
    </trkpt>
    <trkpt lat="43.138053" lon="6.369538">
        <ele>0.0</ele>
    </trkpt>
    <trkpt lat="43.138031" lon="6.369468">
        <ele>0.0</ele>
    </trkpt>
    <trkpt lat="43.137844" lon="6.369275">
        <ele>0.0</ele>
    </trkpt>
    <trkpt lat="43.137785" lon="6.369152">
        <ele>0.0</ele>
    </trkpt>
    <trkpt lat="43.13772" lon="6.368889">
        <ele>0.0</ele>
    </trkpt>
    <trkpt lat="43.137608" lon="6.368706">
        <ele>0.0</ele>
    </trkpt>
    <trkpt lat="43.137533" lon="6.368454">
        <ele>0.0</ele>
    </trkpt>
    <trkpt lat="43.137436" lon="6.368395">
        <ele>0.0</ele>
    </trkpt>
    <trkpt lat="43.137297" lon="6.368046">
        <ele>0.0</ele>
    </trkpt>
    <trkpt lat="43.137248" lon="6.368009">
        <ele>0.0</ele>
    </trkpt>
    <trkpt lat="43.137109" lon="6.367784">
        <ele>0.0</ele>
    </trkpt>
    <trkpt lat="43.137001" lon="6.367692">
        <ele>0.0</ele>
    </trkpt>
    <trkpt lat="43.136776" lon="6.367569">
        <ele>0.0</ele>
    </trkpt>
    <trkpt lat="43.136551" lon="6.367537">
        <ele>0.0</ele>
    </trkpt>
    <trkpt lat="43.136406" lon="6.367451">
        <ele>0.0</ele>
    </trkpt>
    <trkpt lat="43.136374" lon="6.367515">
        <ele>0.0</ele>
    </trkpt>
    <trkpt lat="43.136315" lon="6.367526">
        <ele>0.0</ele>
    </trkpt>
    <trkpt lat="43.136304" lon="6.367462">
        <ele>0.0</ele>
    </trkpt>
    <trkpt lat="43.136277" lon="6.367515">
        <ele>0.0</ele>
    </trkpt>
    <trkpt lat="43.136326" lon="6.367515">
        <ele>0.0</ele>
    </trkpt>
    <trkpt lat="43.13632" lon="6.367451">
        <ele>0.0</ele>
    </trkpt>
    <trkpt lat="43.136347" lon="6.367532">
        <ele>0.0</ele>
    </trkpt>
    <trkpt lat="43.136835" lon="6.367837">
        <ele>0.0</ele>
    </trkpt>
    <trkpt lat="43.137098" lon="6.368095">
        <ele>0.0</ele>
    </trkpt>
    <trkpt lat="43.137248" lon="6.368299">
        <ele>0.0</ele>
    </trkpt>
    <trkpt lat="43.137291" lon="6.368433">
        <ele>0.0</ele>
    </trkpt>
    <trkpt lat="43.137377" lon="6.368492">
        <ele>0.0</ele>
    </trkpt>
    <trkpt lat="43.137398" lon="6.368427">
        <ele>0.0</ele>
    </trkpt>
    <trkpt lat="43.137382" lon="6.368288">
        <ele>0.0</ele>
    </trkpt>
    <trkpt lat="43.137431" lon="6.368272">
        <ele>0.0</ele>
    </trkpt>
  </trkseg>
</trk>
<trk>
  <name>2011/09/07 22:14:00</name>
  <extensions>
  </extensions>
  <trkseg>
    <trkpt lat="43.137264" lon="6.368165">
        <ele>0.0</ele>
    </trkpt>
    <trkpt lat="43.137345" lon="6.36824">
        <ele>0.0</ele>
    </trkpt>
    <trkpt lat="43.137484" lon="6.368535">
        <ele>0.0</ele>
    </trkpt>
    <trkpt lat="43.137463" lon="6.368384">
        <ele>0.0</ele>
    </trkpt>
    <trkpt lat="43.137077" lon="6.367832">
        <ele>0.0</ele>
    </trkpt>
    <trkpt lat="43.137034" lon="6.367692">
        <ele>0.0</ele>
    </trkpt>
    <trkpt lat="43.137012" lon="6.367762">
        <ele>0.0</ele>
    </trkpt>
    <trkpt lat="43.137028" lon="6.367591">
        <ele>0.0</ele>
    </trkpt>
    <trkpt lat="43.137136" lon="6.367424">
        <ele>0.0</ele>
    </trkpt>
    <trkpt lat="43.137184" lon="6.367397">
        <ele>0.0</ele>
    </trkpt>
    <trkpt lat="43.137173" lon="6.367306">
        <ele>0.0</ele>
    </trkpt>
    <trkpt lat="43.137109" lon="6.36736">
        <ele>0.0</ele>
    </trkpt>
    <trkpt lat="43.13698" lon="6.36758">
        <ele>0.0</ele>
    </trkpt>
    <trkpt lat="43.136985" lon="6.367644">
        <ele>0.0</ele>
    </trkpt>
    <trkpt lat="43.137028" lon="6.367687">
        <ele>0.0</ele>
    </trkpt>
    <trkpt lat="43.137077" lon="6.367687">
        <ele>0.0</ele>
    </trkpt>
    <trkpt lat="43.137114" lon="6.36765">
        <ele>0.0</ele>
    </trkpt>
    <trkpt lat="43.137012" lon="6.36765">
        <ele>0.0</ele>
    </trkpt>
    <trkpt lat="43.136969" lon="6.367676">
        <ele>0.0</ele>
    </trkpt>
    <trkpt lat="43.136808" lon="6.36765">
        <ele>0.0</ele>
    </trkpt>
    <trkpt lat="43.136701" lon="6.367596">
        <ele>0.0</ele>
    </trkpt>
    <trkpt lat="43.136664" lon="6.367521">
        <ele>0.0</ele>
    </trkpt>
    <trkpt lat="43.136664" lon="6.367376">
        <ele>0.0</ele>
    </trkpt>
    <trkpt lat="43.13676" lon="6.366936">
        <ele>0.0</ele>
    </trkpt>
    <trkpt lat="43.13676" lon="6.366684">
        <ele>0.0</ele>
    </trkpt>
    <trkpt lat="43.13683" lon="6.366426">
        <ele>0.0</ele>
    </trkpt>
    <trkpt lat="43.137044" lon="6.366426">
        <ele>0.0</ele>
    </trkpt>
    <trkpt lat="43.137087" lon="6.366544">
        <ele>0.0</ele>
    </trkpt>
    <trkpt lat="43.137238" lon="6.366695">
        <ele>0.0</ele>
    </trkpt>
    <trkpt lat="43.137339" lon="6.366861">
        <ele>0.0</ele>
    </trkpt>
    <trkpt lat="43.137388" lon="6.366834">
        <ele>0.0</ele>
    </trkpt>
    <trkpt lat="43.137575" lon="6.366561">
        <ele>0.0</ele>
    </trkpt>
    <trkpt lat="43.137581" lon="6.366282">
        <ele>0.0</ele>
    </trkpt>
    <trkpt lat="43.137543" lon="6.366239">
        <ele>0.0</ele>
    </trkpt>
    <trkpt lat="43.137618" lon="6.366067">
        <ele>0.0</ele>
    </trkpt>
    <trkpt lat="43.137597" lon="6.365445">
        <ele>0.0</ele>
    </trkpt>
    <trkpt lat="43.137629" lon="6.36538">
        <ele>0.0</ele>
    </trkpt>
    <trkpt lat="43.137688" lon="6.364951">
        <ele>0.0</ele>
    </trkpt>
    <trkpt lat="43.137667" lon="6.36471">
        <ele>0.0</ele>
    </trkpt>
    <trkpt lat="43.137704" lon="6.364538">
        <ele>0.0</ele>
    </trkpt>
    <trkpt lat="43.137699" lon="6.364039">
        <ele>0.0</ele>
    </trkpt>
    <trkpt lat="43.137661" lon="6.363674">
        <ele>0.0</ele>
    </trkpt>
    <trkpt lat="43.137704" lon="6.363374">
        <ele>0.0</ele>
    </trkpt>
    <trkpt lat="43.137656" lon="6.363122">
        <ele>0.0</ele>
    </trkpt>
    <trkpt lat="43.137661" lon="6.363009">
        <ele>0.0</ele>
    </trkpt>
    <trkpt lat="43.137769" lon="6.362366">
        <ele>0.0</ele>
    </trkpt>
    <trkpt lat="43.137854" lon="6.362017">
        <ele>0.0</ele>
    </trkpt>
    <trkpt lat="43.137983" lon="6.36169">
        <ele>0.0</ele>
    </trkpt>
    <trkpt lat="43.138353" lon="6.360992">
        <ele>0.0</ele>
    </trkpt>
    <trkpt lat="43.138514" lon="6.360547">
        <ele>0.0</ele>
    </trkpt>
    <trkpt lat="43.139002" lon="6.359619">
        <ele>0.0</ele>
    </trkpt>
    <trkpt lat="43.139061" lon="6.359555">
        <ele>0.0</ele>
    </trkpt>
    <trkpt lat="43.139067" lon="6.359469">
        <ele>0.0</ele>
    </trkpt>
    <trkpt lat="43.13919" lon="6.359201">
        <ele>0.0</ele>
    </trkpt>
    <trkpt lat="43.139292" lon="6.359093">
        <ele>0.0</ele>
    </trkpt>
    <trkpt lat="43.139415" lon="6.358605">
        <ele>0.0</ele>
    </trkpt>
    <trkpt lat="43.139453" lon="6.35824">
        <ele>0.0</ele>
    </trkpt>
    <trkpt lat="43.139421" lon="6.357484">
        <ele>0.0</ele>
    </trkpt>
    <trkpt lat="43.139212" lon="6.354802">
        <ele>0.0</ele>
    </trkpt>
    <trkpt lat="43.139174" lon="6.354625">
        <ele>0.0</ele>
    </trkpt>
    <trkpt lat="43.13919" lon="6.354389">
        <ele>0.0</ele>
    </trkpt>
    <trkpt lat="43.139126" lon="6.353761">
        <ele>0.0</ele>
    </trkpt>
    <trkpt lat="43.139169" lon="6.353557">
        <ele>0.0</ele>
    </trkpt>
    <trkpt lat="43.13926" lon="6.353498">
        <ele>0.0</ele>
    </trkpt>
    <trkpt lat="43.139276" lon="6.353434">
        <ele>0.0</ele>
    </trkpt>
    <trkpt lat="43.139415" lon="6.352833">
        <ele>0.0</ele>
    </trkpt>
    <trkpt lat="43.139432" lon="6.352592">
        <ele>0.0</ele>
    </trkpt>
    <trkpt lat="43.139544" lon="6.35205">
        <ele>0.0</ele>
    </trkpt>
    <trkpt lat="43.139657" lon="6.351744">
        <ele>0.0</ele>
    </trkpt>
    <trkpt lat="43.139936" lon="6.351326">
        <ele>0.0</ele>
    </trkpt>
    <trkpt lat="43.14" lon="6.351347">
        <ele>0.0</ele>
    </trkpt>
    <trkpt lat="43.140038" lon="6.351261">
        <ele>0.0</ele>
    </trkpt>
    <trkpt lat="43.140215" lon="6.351127">
        <ele>0.0</ele>
    </trkpt>
    <trkpt lat="43.140537" lon="6.350982">
        <ele>0.0</ele>
    </trkpt>
    <trkpt lat="43.140762" lon="6.350821">
        <ele>0.0</ele>
    </trkpt>
    <trkpt lat="43.14088" lon="6.350789">
        <ele>0.0</ele>
    </trkpt>
    <trkpt lat="43.141041" lon="6.350655">
        <ele>0.0</ele>
    </trkpt>
    <trkpt lat="43.141336" lon="6.35051">
        <ele>0.0</ele>
    </trkpt>
    <trkpt lat="43.141674" lon="6.350113">
        <ele>0.0</ele>
    </trkpt>
    <trkpt lat="43.141883" lon="6.34977">
        <ele>0.0</ele>
    </trkpt>
    <trkpt lat="43.142377" lon="6.348627">
        <ele>0.0</ele>
    </trkpt>
    <trkpt lat="43.142693" lon="6.347678">
        <ele>0.0</ele>
    </trkpt>
    <trkpt lat="43.143176" lon="6.346449">
        <ele>0.0</ele>
    </trkpt>
    <trkpt lat="43.143412" lon="6.34595">
        <ele>0.0</ele>
    </trkpt>
    <trkpt lat="43.143648" lon="6.345607">
        <ele>0.0</ele>
    </trkpt>
    <trkpt lat="43.143798" lon="6.345242">
        <ele>0.0</ele>
    </trkpt>
    <trkpt lat="43.144147" lon="6.344266">
        <ele>0.0</ele>
    </trkpt>
    <trkpt lat="43.144243" lon="6.343805">
        <ele>0.0</ele>
    </trkpt>
    <trkpt lat="43.144313" lon="6.343054">
        <ele>0.0</ele>
    </trkpt>
    <trkpt lat="43.144265" lon="6.342549">
        <ele>0.0</ele>
    </trkpt>
    <trkpt lat="43.144131" lon="6.341943">
        <ele>0.0</ele>
    </trkpt>
    <trkpt lat="43.144131" lon="6.341868">
        <ele>0.0</ele>
    </trkpt>
    <trkpt lat="43.144227" lon="6.341745">
        <ele>0.0</ele>
    </trkpt>
    <trkpt lat="43.144292" lon="6.341541">
        <ele>0.0</ele>
    </trkpt>
    <trkpt lat="43.144243" lon="6.341053">
        <ele>0.0</ele>
    </trkpt>
    <trkpt lat="43.144211" lon="6.340988">
        <ele>0.0</ele>
    </trkpt>
    <trkpt lat="43.144066" lon="6.340929">
        <ele>0.0</ele>
    </trkpt>
    <trkpt lat="43.144029" lon="6.340876">
        <ele>0.0</ele>
    </trkpt>
    <trkpt lat="43.143911" lon="6.340608">
        <ele>0.0</ele>
    </trkpt>
    <trkpt lat="43.143696" lon="6.340243">
        <ele>0.0</ele>
    </trkpt>
    <trkpt lat="43.143643" lon="6.340066">
        <ele>0.0</ele>
    </trkpt>
    <trkpt lat="43.143535" lon="6.339932">
        <ele>0.0</ele>
    </trkpt>
    <trkpt lat="43.143085" lon="6.338853">
        <ele>0.0</ele>
    </trkpt>
    <trkpt lat="43.143063" lon="6.338768">
        <ele>0.0</ele>
    </trkpt>
    <trkpt lat="43.143122" lon="6.338494">
        <ele>0.0</ele>
    </trkpt>
    <trkpt lat="43.143095" lon="6.338333">
        <ele>0.0</ele>
    </trkpt>
    <trkpt lat="43.142983" lon="6.338263">
        <ele>0.0</ele>
    </trkpt>
    <trkpt lat="43.142677" lon="6.338279">
        <ele>0.0</ele>
    </trkpt>
    <trkpt lat="43.142548" lon="6.338231">
        <ele>0.0</ele>
    </trkpt>
    <trkpt lat="43.1425" lon="6.338183">
        <ele>0.0</ele>
    </trkpt>
    <trkpt lat="43.142473" lon="6.338006">
        <ele>0.0</ele>
    </trkpt>
    <trkpt lat="43.142495" lon="6.337861">
        <ele>0.0</ele>
    </trkpt>
    <trkpt lat="43.142859" lon="6.337062">
        <ele>0.0</ele>
    </trkpt>
    <trkpt lat="43.142833" lon="6.337008">
        <ele>0.0</ele>
    </trkpt>
    <trkpt lat="43.142897" lon="6.336804">
        <ele>0.0</ele>
    </trkpt>
    <trkpt lat="43.142849" lon="6.336568">
        <ele>0.0</ele>
    </trkpt>
    <trkpt lat="43.142838" lon="6.336295">
        <ele>0.0</ele>
    </trkpt>
    <trkpt lat="43.142881" lon="6.335758">
        <ele>0.0</ele>
    </trkpt>
    <trkpt lat="43.142833" lon="6.335211">
        <ele>0.0</ele>
    </trkpt>
    <trkpt lat="43.142597" lon="6.334438">
        <ele>0.0</ele>
    </trkpt>
    <trkpt lat="43.142377" lon="6.333891">
        <ele>0.0</ele>
    </trkpt>
    <trkpt lat="43.142339" lon="6.333666">
        <ele>0.0</ele>
    </trkpt>
    <trkpt lat="43.142269" lon="6.333505">
        <ele>0.0</ele>
    </trkpt>
    <trkpt lat="43.142194" lon="6.333194">
        <ele>0.0</ele>
    </trkpt>
    <trkpt lat="43.142119" lon="6.332502">
        <ele>0.0</ele>
    </trkpt>
    <trkpt lat="43.142146" lon="6.332089">
        <ele>0.0</ele>
    </trkpt>
    <trkpt lat="43.142232" lon="6.331633">
        <ele>0.0</ele>
    </trkpt>
    <trkpt lat="43.142361" lon="6.331161">
        <ele>0.0</ele>
    </trkpt>
    <trkpt lat="43.142908" lon="6.329669">
        <ele>0.0</ele>
    </trkpt>
    <trkpt lat="43.143187" lon="6.328688">
        <ele>0.0</ele>
    </trkpt>
    <trkpt lat="43.143498" lon="6.32776">
        <ele>0.0</ele>
    </trkpt>
    <trkpt lat="43.143986" lon="6.326649">
        <ele>0.0</ele>
    </trkpt>
    <trkpt lat="43.144351" lon="6.325941">
        <ele>0.0</ele>
    </trkpt>
    <trkpt lat="43.145123" lon="6.32431">
        <ele>0.0</ele>
    </trkpt>
    <trkpt lat="43.145547" lon="6.323495">
        <ele>0.0</ele>
    </trkpt>
    <trkpt lat="43.14566" lon="6.323243">
        <ele>0.0</ele>
    </trkpt>
    <trkpt lat="43.145805" lon="6.322787">
        <ele>0.0</ele>
    </trkpt>
    <trkpt lat="43.145933" lon="6.322594">
        <ele>0.0</ele>
    </trkpt>
    <trkpt lat="43.146051" lon="6.32254">
        <ele>0.0</ele>
    </trkpt>
    <trkpt lat="43.146089" lon="6.322481">
        <ele>0.0</ele>
    </trkpt>
    <trkpt lat="43.14611" lon="6.322299">
        <ele>0.0</ele>
    </trkpt>
    <trkpt lat="43.146051" lon="6.321961">
        <ele>0.0</ele>
    </trkpt>
    <trkpt lat="43.14611" lon="6.321682">
        <ele>0.0</ele>
    </trkpt>
    <trkpt lat="43.146234" lon="6.321371">
        <ele>0.0</ele>
    </trkpt>
    <trkpt lat="43.146867" lon="6.320512">
        <ele>0.0</ele>
    </trkpt>
    <trkpt lat="43.147022" lon="6.320223">
        <ele>0.0</ele>
    </trkpt>
    <trkpt lat="43.147215" lon="6.320142">
        <ele>0.0</ele>
    </trkpt>
    <trkpt lat="43.147414" lon="6.319997">
        <ele>0.0</ele>
    </trkpt>
    <trkpt lat="43.147553" lon="6.319853">
        <ele>0.0</ele>
    </trkpt>
    <trkpt lat="43.1478" lon="6.319697">
        <ele>0.0</ele>
    </trkpt>
    <trkpt lat="43.148143" lon="6.319316">
        <ele>0.0</ele>
    </trkpt>
    <trkpt lat="43.149667" lon="6.317347">
        <ele>0.0</ele>
    </trkpt>
    <trkpt lat="43.150836" lon="6.31569">
        <ele>0.0</ele>
    </trkpt>
    <trkpt lat="43.150874" lon="6.315647">
        <ele>0.0</ele>
    </trkpt>
    <trkpt lat="43.150922" lon="6.315658">
        <ele>0.0</ele>
    </trkpt>
    <trkpt lat="43.151174" lon="6.315245">
        <ele>0.0</ele>
    </trkpt>
    <trkpt lat="43.151582" lon="6.314252">
        <ele>0.0</ele>
    </trkpt>
    <trkpt lat="43.151738" lon="6.313614">
        <ele>0.0</ele>
    </trkpt>
    <trkpt lat="43.151797" lon="6.312873">
        <ele>0.0</ele>
    </trkpt>
    <trkpt lat="43.151775" lon="6.312101">
        <ele>0.0</ele>
    </trkpt>
    <trkpt lat="43.151711" lon="6.311736">
        <ele>0.0</ele>
    </trkpt>
    <trkpt lat="43.151689" lon="6.311291">
        <ele>0.0</ele>
    </trkpt>
    <trkpt lat="43.151603" lon="6.311023">
        <ele>0.0</ele>
    </trkpt>
    <trkpt lat="43.151566" lon="6.310459">
        <ele>0.0</ele>
    </trkpt>
    <trkpt lat="43.151523" lon="6.310336">
        <ele>0.0</ele>
    </trkpt>
    <trkpt lat="43.151512" lon="6.310036">
        <ele>0.0</ele>
    </trkpt>
    <trkpt lat="43.151534" lon="6.309961">
        <ele>0.0</ele>
    </trkpt>
    <trkpt lat="43.151459" lon="6.309446">
        <ele>0.0</ele>
    </trkpt>
    <trkpt lat="43.151464" lon="6.309306">
        <ele>0.0</ele>
    </trkpt>
    <trkpt lat="43.151362" lon="6.308909">
        <ele>0.0</ele>
    </trkpt>
    <trkpt lat="43.151287" lon="6.308319">
        <ele>0.0</ele>
    </trkpt>
    <trkpt lat="43.151201" lon="6.308142">
        <ele>0.0</ele>
    </trkpt>
    <trkpt lat="43.151137" lon="6.30789">
        <ele>0.0</ele>
    </trkpt>
    <trkpt lat="43.150944" lon="6.307396">
        <ele>0.0</ele>
    </trkpt>
    <trkpt lat="43.150413" lon="6.306656">
        <ele>0.0</ele>
    </trkpt>
    <trkpt lat="43.149892" lon="6.305846">
        <ele>0.0</ele>
    </trkpt>
    <trkpt lat="43.149222" lon="6.304913">
        <ele>0.0</ele>
    </trkpt>
    <trkpt lat="43.149034" lon="6.304451">
        <ele>0.0</ele>
    </trkpt>
    <trkpt lat="43.148953" lon="6.303899">
        <ele>0.0</ele>
    </trkpt>
    <trkpt lat="43.148948" lon="6.303577">
        <ele>0.0</ele>
    </trkpt>
    <trkpt lat="43.149109" lon="6.30031">
        <ele>0.0</ele>
    </trkpt>
    <trkpt lat="43.149098" lon="6.299945">
        <ele>0.0</ele>
    </trkpt>
    <trkpt lat="43.149206" lon="6.299355">
        <ele>0.0</ele>
    </trkpt>
    <trkpt lat="43.149366" lon="6.298744">
        <ele>0.0</ele>
    </trkpt>
    <trkpt lat="43.149307" lon="6.298604">
        <ele>0.0</ele>
    </trkpt>
    <trkpt lat="43.149168" lon="6.298454">
        <ele>0.0</ele>
    </trkpt>
    <trkpt lat="43.149281" lon="6.298599">
        <ele>0.0</ele>
    </trkpt>
    <trkpt lat="43.149334" lon="6.298497">
        <ele>0.0</ele>
    </trkpt>
    <trkpt lat="43.14964" lon="6.29744">
        <ele>0.0</ele>
    </trkpt>
    <trkpt lat="43.149603" lon="6.297376">
        <ele>0.0</ele>
    </trkpt>
    <trkpt lat="43.149688" lon="6.297317">
        <ele>0.0</ele>
    </trkpt>
    <trkpt lat="43.149796" lon="6.296984">
        <ele>0.0</ele>
    </trkpt>
    <trkpt lat="43.149887" lon="6.296378">
        <ele>0.0</ele>
    </trkpt>
    <trkpt lat="43.149871" lon="6.295815">
        <ele>0.0</ele>
    </trkpt>
    <trkpt lat="43.149758" lon="6.29486">
        <ele>0.0</ele>
    </trkpt>
    <trkpt lat="43.149715" lon="6.294828">
        <ele>0.0</ele>
    </trkpt>
    <trkpt lat="43.149629" lon="6.294892">
        <ele>0.0</ele>
    </trkpt>
    <trkpt lat="43.14964" lon="6.294951">
        <ele>0.0</ele>
    </trkpt>
    <trkpt lat="43.149721" lon="6.294876">
        <ele>0.0</ele>
    </trkpt>
    <trkpt lat="43.149747" lon="6.294806">
        <ele>0.0</ele>
    </trkpt>
    <trkpt lat="43.149774" lon="6.294656">
        <ele>0.0</ele>
    </trkpt>
    <trkpt lat="43.149753" lon="6.294575">
        <ele>0.0</ele>
    </trkpt>
    <trkpt lat="43.149812" lon="6.29435">
        <ele>0.0</ele>
    </trkpt>
    <trkpt lat="43.149667" lon="6.29391">
        <ele>0.0</ele>
    </trkpt>
    <trkpt lat="43.149603" lon="6.293798">
        <ele>0.0</ele>
    </trkpt>
    <trkpt lat="43.149425" lon="6.293814">
        <ele>0.0</ele>
    </trkpt>
    <trkpt lat="43.149248" lon="6.293615">
        <ele>0.0</ele>
    </trkpt>
    <trkpt lat="43.149302" lon="6.293615">
        <ele>0.0</ele>
    </trkpt>
    <trkpt lat="43.149173" lon="6.293352">
        <ele>0.0</ele>
    </trkpt>
    <trkpt lat="43.14913" lon="6.293063">
        <ele>0.0</ele>
    </trkpt>
    <trkpt lat="43.148835" lon="6.292499">
        <ele>0.0</ele>
    </trkpt>
    <trkpt lat="43.148444" lon="6.29221">
        <ele>0.0</ele>
    </trkpt>
    <trkpt lat="43.148192" lon="6.292135">
        <ele>0.0</ele>
    </trkpt>
    <trkpt lat="43.147966" lon="6.292119">
        <ele>0.0</ele>
    </trkpt>
    <trkpt lat="43.147666" lon="6.29222">
        <ele>0.0</ele>
    </trkpt>
    <trkpt lat="43.147317" lon="6.292435">
        <ele>0.0</ele>
    </trkpt>
    <trkpt lat="43.147049" lon="6.292693">
        <ele>0.0</ele>
    </trkpt>
    <trkpt lat="43.146899" lon="6.292778">
        <ele>0.0</ele>
    </trkpt>
    <trkpt lat="43.146368" lon="6.292725">
        <ele>0.0</ele>
    </trkpt>
    <trkpt lat="43.146132" lon="6.292773">
        <ele>0.0</ele>
    </trkpt>
    <trkpt lat="43.145724" lon="6.292918">
        <ele>0.0</ele>
    </trkpt>
    <trkpt lat="43.145552" lon="6.292934">
        <ele>0.0</ele>
    </trkpt>
    <trkpt lat="43.145418" lon="6.29288">
        <ele>0.0</ele>
    </trkpt>
    <trkpt lat="43.14529" lon="6.29273">
        <ele>0.0</ele>
    </trkpt>
    <trkpt lat="43.145118" lon="6.292156">
        <ele>0.0</ele>
    </trkpt>
    <trkpt lat="43.145016" lon="6.292113">
        <ele>0.0</ele>
    </trkpt>
    <trkpt lat="43.144914" lon="6.292119">
        <ele>0.0</ele>
    </trkpt>
    <trkpt lat="43.144801" lon="6.292274">
        <ele>0.0</ele>
    </trkpt>
    <trkpt lat="43.144673" lon="6.292607">
        <ele>0.0</ele>
    </trkpt>
    <trkpt lat="43.144469" lon="6.292805">
        <ele>0.0</ele>
    </trkpt>
    <trkpt lat="43.144281" lon="6.292811">
        <ele>0.0</ele>
    </trkpt>
    <trkpt lat="43.144211" lon="6.292778">
        <ele>0.0</ele>
    </trkpt>
    <trkpt lat="43.143417" lon="6.292312">
        <ele>0.0</ele>
    </trkpt>
    <trkpt lat="43.143128" lon="6.292086">
        <ele>0.0</ele>
    </trkpt>
    <trkpt lat="43.143053" lon="6.291915">
        <ele>0.0</ele>
    </trkpt>
    <trkpt lat="43.142999" lon="6.291646">
        <ele>0.0</ele>
    </trkpt>
    <trkpt lat="43.143026" lon="6.291298">
        <ele>0.0</ele>
    </trkpt>
    <trkpt lat="43.143015" lon="6.290906">
        <ele>0.0</ele>
    </trkpt>
    <trkpt lat="43.142918" lon="6.290777">
        <ele>0.0</ele>
    </trkpt>
    <trkpt lat="43.142849" lon="6.290756">
        <ele>0.0</ele>
    </trkpt>
    <trkpt lat="43.142688" lon="6.290772">
        <ele>0.0</ele>
    </trkpt>
    <trkpt lat="43.1425" lon="6.29089">
        <ele>0.0</ele>
    </trkpt>
    <trkpt lat="43.142462" lon="6.290987">
        <ele>0.0</ele>
    </trkpt>
    <trkpt lat="43.142334" lon="6.291062">
        <ele>0.0</ele>
    </trkpt>
    <trkpt lat="43.142157" lon="6.290987">
        <ele>0.0</ele>
    </trkpt>
    <trkpt lat="43.141947" lon="6.290836">
        <ele>0.0</ele>
    </trkpt>
    <trkpt lat="43.141781" lon="6.290616">
        <ele>0.0</ele>
    </trkpt>
    <trkpt lat="43.141604" lon="6.290279">
        <ele>0.0</ele>
    </trkpt>
    <trkpt lat="43.141384" lon="6.289651">
        <ele>0.0</ele>
    </trkpt>
    <trkpt lat="43.141288" lon="6.289528">
        <ele>0.0</ele>
    </trkpt>
    <trkpt lat="43.141223" lon="6.28949">
        <ele>0.0</ele>
    </trkpt>
    <trkpt lat="43.140998" lon="6.289495">
        <ele>0.0</ele>
    </trkpt>
    <trkpt lat="43.140767" lon="6.289587">
        <ele>0.0</ele>
    </trkpt>
    <trkpt lat="43.140714" lon="6.289592">
        <ele>0.0</ele>
    </trkpt>
    <trkpt lat="43.140714" lon="6.289528">
        <ele>0.0</ele>
    </trkpt>
    <trkpt lat="43.140665" lon="6.289538">
        <ele>0.0</ele>
    </trkpt>
    <trkpt lat="43.140633" lon="6.289587">
        <ele>0.0</ele>
    </trkpt>
    <trkpt lat="43.14058" lon="6.289597">
        <ele>0.0</ele>
    </trkpt>
    <trkpt lat="43.140521" lon="6.289581">
        <ele>0.0</ele>
    </trkpt>
    <trkpt lat="43.140231" lon="6.289334">
        <ele>0.0</ele>
    </trkpt>
    <trkpt lat="43.140134" lon="6.289324">
        <ele>0.0</ele>
    </trkpt>
    <trkpt lat="43.140188" lon="6.289436">
        <ele>0.0</ele>
    </trkpt>
    <trkpt lat="43.140231" lon="6.289463">
        <ele>0.0</ele>
    </trkpt>
    <trkpt lat="43.140199" lon="6.289404">
        <ele>0.0</ele>
    </trkpt>
    <trkpt lat="43.140209" lon="6.289463">
        <ele>0.0</ele>
    </trkpt>
    <trkpt lat="43.140317" lon="6.289452">
        <ele>0.0</ele>
    </trkpt>
    <trkpt lat="43.140488" lon="6.289597">
        <ele>0.0</ele>
    </trkpt>
    <trkpt lat="43.140585" lon="6.289619">
        <ele>0.0</ele>
    </trkpt>
    <trkpt lat="43.141089" lon="6.289501">
        <ele>0.0</ele>
    </trkpt>
    <trkpt lat="43.141207" lon="6.289533">
        <ele>0.0</ele>
    </trkpt>
    <trkpt lat="43.141336" lon="6.289662">
        <ele>0.0</ele>
    </trkpt>
    <trkpt lat="43.141551" lon="6.290139">
        <ele>0.0</ele>
    </trkpt>
    <trkpt lat="43.141642" lon="6.290423">
        <ele>0.0</ele>
    </trkpt>
    <trkpt lat="43.141781" lon="6.290649">
        <ele>0.0</ele>
    </trkpt>
    <trkpt lat="43.142066" lon="6.290912">
        <ele>0.0</ele>
    </trkpt>
    <trkpt lat="43.142259" lon="6.291008">
        <ele>0.0</ele>
    </trkpt>
    <trkpt lat="43.142339" lon="6.291094">
        <ele>0.0</ele>
    </trkpt>
    <trkpt lat="43.142446" lon="6.291094">
        <ele>0.0</ele>
    </trkpt>
    <trkpt lat="43.1425" lon="6.291062">
        <ele>0.0</ele>
    </trkpt>
    <trkpt lat="43.142747" lon="6.290783">
        <ele>0.0</ele>
    </trkpt>
    <trkpt lat="43.142843" lon="6.29074">
        <ele>0.0</ele>
    </trkpt>
    <trkpt lat="43.142897" lon="6.290751">
        <ele>0.0</ele>
    </trkpt>
    <trkpt lat="43.142967" lon="6.290836">
        <ele>0.0</ele>
    </trkpt>
    <trkpt lat="43.143004" lon="6.290976">
        <ele>0.0</ele>
    </trkpt>
    <trkpt lat="43.142977" lon="6.291625">
        <ele>0.0</ele>
    </trkpt>
    <trkpt lat="43.142999" lon="6.291834">
        <ele>0.0</ele>
    </trkpt>
    <trkpt lat="43.143122" lon="6.292119">
        <ele>0.0</ele>
    </trkpt>
    <trkpt lat="43.14338" lon="6.292328">
        <ele>0.0</ele>
    </trkpt>
    <trkpt lat="43.144265" lon="6.292859">
        <ele>0.0</ele>
    </trkpt>
    <trkpt lat="43.144447" lon="6.29288">
        <ele>0.0</ele>
    </trkpt>
    <trkpt lat="43.144603" lon="6.292827">
        <ele>0.0</ele>
    </trkpt>
    <trkpt lat="43.144721" lon="6.292666">
        <ele>0.0</ele>
    </trkpt>
    <trkpt lat="43.144898" lon="6.292167">
        <ele>0.0</ele>
    </trkpt>
    <trkpt lat="43.144984" lon="6.292102">
        <ele>0.0</ele>
    </trkpt>
    <trkpt lat="43.145075" lon="6.292119">
        <ele>0.0</ele>
    </trkpt>
    <trkpt lat="43.145118" lon="6.292156">
        <ele>0.0</ele>
    </trkpt>
    <trkpt lat="43.145295" lon="6.292735">
        <ele>0.0</ele>
    </trkpt>
    <trkpt lat="43.145365" lon="6.292859">
        <ele>0.0</ele>
    </trkpt>
    <trkpt lat="43.145467" lon="6.292939">
        <ele>0.0</ele>
    </trkpt>
    <trkpt lat="43.145526" lon="6.29295">
        <ele>0.0</ele>
    </trkpt>
    <trkpt lat="43.145644" lon="6.292945">
        <ele>0.0</ele>
    </trkpt>
    <trkpt lat="43.14626" lon="6.292762">
        <ele>0.0</ele>
    </trkpt>
    <trkpt lat="43.146486" lon="6.292752">
        <ele>0.0</ele>
    </trkpt>
    <trkpt lat="43.146824" lon="6.292805">
        <ele>0.0</ele>
    </trkpt>
    <trkpt lat="43.146936" lon="6.292778">
        <ele>0.0</ele>
    </trkpt>
    <trkpt lat="43.147634" lon="6.292253">
        <ele>0.0</ele>
    </trkpt>
    <trkpt lat="43.1478" lon="6.292178">
        <ele>0.0</ele>
    </trkpt>
    <trkpt lat="43.147977" lon="6.292145">
        <ele>0.0</ele>
    </trkpt>
    <trkpt lat="43.148213" lon="6.292161">
        <ele>0.0</ele>
    </trkpt>
    <trkpt lat="43.148449" lon="6.292247">
        <ele>0.0</ele>
    </trkpt>
    <trkpt lat="43.148653" lon="6.292392">
        <ele>0.0</ele>
    </trkpt>
    <trkpt lat="43.148846" lon="6.292628">
        <ele>0.0</ele>
    </trkpt>
    <trkpt lat="43.149077" lon="6.293068">
        <ele>0.0</ele>
    </trkpt>
    <trkpt lat="43.149152" lon="6.293352">
        <ele>0.0</ele>
    </trkpt>
    <trkpt lat="43.149318" lon="6.293749">
        <ele>0.0</ele>
    </trkpt>
    <trkpt lat="43.14942" lon="6.293846">
        <ele>0.0</ele>
    </trkpt>
    <trkpt lat="43.149576" lon="6.293873">
        <ele>0.0</ele>
    </trkpt>
    <trkpt lat="43.149619" lon="6.293948">
        <ele>0.0</ele>
    </trkpt>
    <trkpt lat="43.149839" lon="6.295702">
        <ele>0.0</ele>
    </trkpt>
    <trkpt lat="43.149865" lon="6.296142">
        <ele>0.0</ele>
    </trkpt>
    <trkpt lat="43.14978" lon="6.296823">
        <ele>0.0</ele>
    </trkpt>
    <trkpt lat="43.149189" lon="6.29891">
        <ele>0.0</ele>
    </trkpt>
    <trkpt lat="43.149077" lon="6.299189">
        <ele>0.0</ele>
    </trkpt>
    <trkpt lat="43.149034" lon="6.299484">
        <ele>0.0</ele>
    </trkpt>
    <trkpt lat="43.148851" lon="6.300047">
        <ele>0.0</ele>
    </trkpt>
    <trkpt lat="43.148658" lon="6.301034">
        <ele>0.0</ele>
    </trkpt>
    <trkpt lat="43.148637" lon="6.301614">
        <ele>0.0</ele>
    </trkpt>
    <trkpt lat="43.148664" lon="6.301689">
        <ele>0.0</ele>
    </trkpt>
    <trkpt lat="43.148814" lon="6.301732">
        <ele>0.0</ele>
    </trkpt>
    <trkpt lat="43.148927" lon="6.301705">
        <ele>0.0</ele>
    </trkpt>
    <trkpt lat="43.148948" lon="6.301764">
        <ele>0.0</ele>
    </trkpt>
    <trkpt lat="43.148868" lon="6.303067">
        <ele>0.0</ele>
    </trkpt>
    <trkpt lat="43.148862" lon="6.303786">
        <ele>0.0</ele>
    </trkpt>
    <trkpt lat="43.14891" lon="6.30428">
        <ele>0.0</ele>
    </trkpt>
    <trkpt lat="43.148996" lon="6.304618">
        <ele>0.0</ele>
    </trkpt>
    <trkpt lat="43.149232" lon="6.305106">
        <ele>0.0</ele>
    </trkpt>
    <trkpt lat="43.150509" lon="6.306881">
        <ele>0.0</ele>
    </trkpt>
    <trkpt lat="43.150799" lon="6.307332">
        <ele>0.0</ele>
    </trkpt>
    <trkpt lat="43.150976" lon="6.307675">
        <ele>0.0</ele>
    </trkpt>
    <trkpt lat="43.151099" lon="6.307997">
        <ele>0.0</ele>
    </trkpt>
    <trkpt lat="43.151153" lon="6.308255">
        <ele>0.0</ele>
    </trkpt>
    <trkpt lat="43.151249" lon="6.308909">
        <ele>0.0</ele>
    </trkpt>
    <trkpt lat="43.151335" lon="6.309853">
        <ele>0.0</ele>
    </trkpt>
    <trkpt lat="43.151518" lon="6.310046">
        <ele>0.0</ele>
    </trkpt>
    <trkpt lat="43.151566" lon="6.310288">
        <ele>0.0</ele>
    </trkpt>
    <trkpt lat="43.151555" lon="6.310459">
        <ele>0.0</ele>
    </trkpt>
    <trkpt lat="43.151732" lon="6.311146">
        <ele>0.0</ele>
    </trkpt>
    <trkpt lat="43.151909" lon="6.311683">
        <ele>0.0</ele>
    </trkpt>
    <trkpt lat="43.152145" lon="6.311919">
        <ele>0.0</ele>
    </trkpt>
    <trkpt lat="43.152338" lon="6.312004">
        <ele>0.0</ele>
    </trkpt>
    <trkpt lat="43.152553" lon="6.312037">
        <ele>0.0</ele>
    </trkpt>
    <trkpt lat="43.1531" lon="6.311902">
        <ele>0.0</ele>
    </trkpt>
    <trkpt lat="43.154157" lon="6.311543">
        <ele>0.0</ele>
    </trkpt>
    <trkpt lat="43.154409" lon="6.311484">
        <ele>0.0</ele>
    </trkpt>
    <trkpt lat="43.154516" lon="6.311511">
        <ele>0.0</ele>
    </trkpt>
    <trkpt lat="43.154752" lon="6.31172">
        <ele>0.0</ele>
    </trkpt>
    <trkpt lat="43.1553" lon="6.312455">
        <ele>0.0</ele>
    </trkpt>
    <trkpt lat="43.155611" lon="6.312793">
        <ele>0.0</ele>
    </trkpt>
    <trkpt lat="43.155713" lon="6.31275">
        <ele>0.0</ele>
    </trkpt>
    <trkpt lat="43.155734" lon="6.312825">
        <ele>0.0</ele>
    </trkpt>
    <trkpt lat="43.155782" lon="6.312852">
        <ele>0.0</ele>
    </trkpt>
    <trkpt lat="43.157773" lon="6.313834">
        <ele>0.0</ele>
    </trkpt>
    <trkpt lat="43.157912" lon="6.314027">
        <ele>0.0</ele>
    </trkpt>
    <trkpt lat="43.158357" lon="6.31489">
        <ele>0.0</ele>
    </trkpt>
    <trkpt lat="43.158615" lon="6.31532">
        <ele>0.0</ele>
    </trkpt>
    <trkpt lat="43.158727" lon="6.315454">
        <ele>0.0</ele>
    </trkpt>
    <trkpt lat="43.158711" lon="6.315529">
        <ele>0.0</ele>
    </trkpt>
    <trkpt lat="43.158792" lon="6.315636">
        <ele>0.0</ele>
    </trkpt>
    <trkpt lat="43.158808" lon="6.315727">
        <ele>0.0</ele>
    </trkpt>
    <trkpt lat="43.158947" lon="6.315996">
        <ele>0.0</ele>
    </trkpt>
    <trkpt lat="43.15899" lon="6.316022">
        <ele>0.0</ele>
    </trkpt>
    <trkpt lat="43.159001" lon="6.316081">
        <ele>0.0</ele>
    </trkpt>
    <trkpt lat="43.159135" lon="6.31628">
        <ele>0.0</ele>
    </trkpt>
    <trkpt lat="43.159339" lon="6.316725">
        <ele>0.0</ele>
    </trkpt>
    <trkpt lat="43.159714" lon="6.317288">
        <ele>0.0</ele>
    </trkpt>
    <trkpt lat="43.159795" lon="6.317524">
        <ele>0.0</ele>
    </trkpt>
    <trkpt lat="43.159838" lon="6.317771">
        <ele>0.0</ele>
    </trkpt>
    <trkpt lat="43.159832" lon="6.318651">
        <ele>0.0</ele>
    </trkpt>
    <trkpt lat="43.159806" lon="6.31878">
        <ele>0.0</ele>
    </trkpt>
    <trkpt lat="43.159795" lon="6.319273">
        <ele>0.0</ele>
    </trkpt>
    <trkpt lat="43.159827" lon="6.319509">
        <ele>0.0</ele>
    </trkpt>
    <trkpt lat="43.160637" lon="6.321237">
        <ele>0.0</ele>
    </trkpt>
    <trkpt lat="43.161227" lon="6.322036">
        <ele>0.0</ele>
    </trkpt>
    <trkpt lat="43.162069" lon="6.323023">
        <ele>0.0</ele>
    </trkpt>
    <trkpt lat="43.162187" lon="6.323157">
        <ele>0.0</ele>
    </trkpt>
    <trkpt lat="43.162273" lon="6.323189">
        <ele>0.0</ele>
    </trkpt>
    <trkpt lat="43.162343" lon="6.32313">
        <ele>0.0</ele>
    </trkpt>
    <trkpt lat="43.162488" lon="6.322379">
        <ele>0.0</ele>
    </trkpt>
  </trkseg>
</trk>
<trk>
  <name>2011/09/07 22:14:00</name>
  <extensions>
  </extensions>
  <trkseg>
    <trkpt lat="43.162509" lon="6.322283">
        <ele>0.0</ele>
    </trkpt>
    <trkpt lat="43.162606" lon="6.321816">
        <ele>0.0</ele>
    </trkpt>
    <trkpt lat="43.162579" lon="6.321655">
        <ele>0.0</ele>
    </trkpt>
    <trkpt lat="43.162504" lon="6.321489">
        <ele>0.0</ele>
    </trkpt>
    <trkpt lat="43.162504" lon="6.32136">
        <ele>0.0</ele>
    </trkpt>
    <trkpt lat="43.162488" lon="6.321419">
        <ele>0.0</ele>
    </trkpt>
    <trkpt lat="43.162413" lon="6.321494">
        <ele>0.0</ele>
    </trkpt>
    <trkpt lat="43.162359" lon="6.321483">
        <ele>0.0</ele>
    </trkpt>
    <trkpt lat="43.162225" lon="6.321365">
        <ele>0.0</ele>
    </trkpt>
    <trkpt lat="43.162155" lon="6.321381">
        <ele>0.0</ele>
    </trkpt>
    <trkpt lat="43.162059" lon="6.321542">
        <ele>0.0</ele>
    </trkpt>
    <trkpt lat="43.161967" lon="6.321585">
        <ele>0.0</ele>
    </trkpt>
    <trkpt lat="43.161935" lon="6.321634">
        <ele>0.0</ele>
    </trkpt>
  </trkseg>
</trk>
<trk>
  <name>2011/09/08 15:54:00</name>
  <extensions>
  </extensions>
  <trkseg>
    <trkpt lat="43.162386" lon="6.322728">
        <ele>0.0</ele>
    </trkpt>
    <trkpt lat="43.162332" lon="6.322792">
        <ele>0.0</ele>
    </trkpt>
    <trkpt lat="43.162332" lon="6.323007">
        <ele>0.0</ele>
    </trkpt>
    <trkpt lat="43.162284" lon="6.323136">
        <ele>0.0</ele>
    </trkpt>
    <trkpt lat="43.162327" lon="6.323168">
        <ele>0.0</ele>
    </trkpt>
    <trkpt lat="43.162434" lon="6.322969">
        <ele>0.0</ele>
    </trkpt>
    <trkpt lat="43.162402" lon="6.322916">
        <ele>0.0</ele>
    </trkpt>
    <trkpt lat="43.162381" lon="6.323114">
        <ele>0.0</ele>
    </trkpt>
    <trkpt lat="43.162343" lon="6.323173">
        <ele>0.0</ele>
    </trkpt>
    <trkpt lat="43.1623" lon="6.323136">
        <ele>0.0</ele>
    </trkpt>
    <trkpt lat="43.162246" lon="6.323146">
        <ele>0.0</ele>
    </trkpt>
    <trkpt lat="43.162193" lon="6.323114">
        <ele>0.0</ele>
    </trkpt>
    <trkpt lat="43.162096" lon="6.322975">
        <ele>0.0</ele>
    </trkpt>
    <trkpt lat="43.161748" lon="6.322583">
        <ele>0.0</ele>
    </trkpt>
    <trkpt lat="43.161324" lon="6.322004">
        <ele>0.0</ele>
    </trkpt>
    <trkpt lat="43.160862" lon="6.321473">
        <ele>0.0</ele>
    </trkpt>
    <trkpt lat="43.160739" lon="6.32128">
        <ele>0.0</ele>
    </trkpt>
    <trkpt lat="43.160337" lon="6.32041">
        <ele>0.0</ele>
    </trkpt>
    <trkpt lat="43.160111" lon="6.319987">
        <ele>0.0</ele>
    </trkpt>
    <trkpt lat="43.160106" lon="6.319895">
        <ele>0.0</ele>
    </trkpt>
    <trkpt lat="43.160004" lon="6.319681">
        <ele>0.0</ele>
    </trkpt>
    <trkpt lat="43.159945" lon="6.319456">
        <ele>0.0</ele>
    </trkpt>
    <trkpt lat="43.159924" lon="6.31922">
        <ele>0.0</ele>
    </trkpt>
    <trkpt lat="43.159956" lon="6.318796">
        <ele>0.0</ele>
    </trkpt>
    <trkpt lat="43.159999" lon="6.318587">
        <ele>0.0</ele>
    </trkpt>
    <trkpt lat="43.159983" lon="6.31841">
        <ele>0.0</ele>
    </trkpt>
    <trkpt lat="43.160015" lon="6.317905">
        <ele>0.0</ele>
    </trkpt>
    <trkpt lat="43.159886" lon="6.317487">
        <ele>0.0</ele>
    </trkpt>
    <trkpt lat="43.159672" lon="6.317036">
        <ele>0.0</ele>
    </trkpt>
    <trkpt lat="43.158883" lon="6.315631">
        <ele>0.0</ele>
    </trkpt>
    <trkpt lat="43.158615" lon="6.31503">
        <ele>0.0</ele>
    </trkpt>
    <trkpt lat="43.158379" lon="6.314622">
        <ele>0.0</ele>
    </trkpt>
    <trkpt lat="43.158277" lon="6.314349">
        <ele>0.0</ele>
    </trkpt>
    <trkpt lat="43.157907" lon="6.313812">
        <ele>0.0</ele>
    </trkpt>
    <trkpt lat="43.157676" lon="6.313624">
        <ele>0.0</ele>
    </trkpt>
    <trkpt lat="43.15759" lon="6.313608">
        <ele>0.0</ele>
    </trkpt>
    <trkpt lat="43.156839" lon="6.313233">
        <ele>0.0</ele>
    </trkpt>
    <trkpt lat="43.15663" lon="6.313169">
        <ele>0.0</ele>
    </trkpt>
    <trkpt lat="43.155696" lon="6.312723">
        <ele>0.0</ele>
    </trkpt>
    <trkpt lat="43.155477" lon="6.312557">
        <ele>0.0</ele>
    </trkpt>
    <trkpt lat="43.154747" lon="6.311634">
        <ele>0.0</ele>
    </trkpt>
    <trkpt lat="43.154506" lon="6.31142">
        <ele>0.0</ele>
    </trkpt>
    <trkpt lat="43.154194" lon="6.311425">
        <ele>0.0</ele>
    </trkpt>
    <trkpt lat="43.153148" lon="6.311715">
        <ele>0.0</ele>
    </trkpt>
    <trkpt lat="43.153041" lon="6.311768">
        <ele>0.0</ele>
    </trkpt>
    <trkpt lat="43.152971" lon="6.311763">
        <ele>0.0</ele>
    </trkpt>
    <trkpt lat="43.152784" lon="6.311881">
        <ele>0.0</ele>
    </trkpt>
    <trkpt lat="43.152558" lon="6.311935">
        <ele>0.0</ele>
    </trkpt>
    <trkpt lat="43.152419" lon="6.311929">
        <ele>0.0</ele>
    </trkpt>
    <trkpt lat="43.152236" lon="6.31186">
        <ele>0.0</ele>
    </trkpt>
    <trkpt lat="43.151984" lon="6.31164">
        <ele>0.0</ele>
    </trkpt>
    <trkpt lat="43.151941" lon="6.311565">
        <ele>0.0</ele>
    </trkpt>
    <trkpt lat="43.151941" lon="6.311398">
        <ele>0.0</ele>
    </trkpt>
    <trkpt lat="43.151904" lon="6.311243">
        <ele>0.0</ele>
    </trkpt>
    <trkpt lat="43.151689" lon="6.310701">
        <ele>0.0</ele>
    </trkpt>
    <trkpt lat="43.151636" lon="6.310127">
        <ele>0.0</ele>
    </trkpt>
    <trkpt lat="43.151507" lon="6.309682">
        <ele>0.0</ele>
    </trkpt>
    <trkpt lat="43.151491" lon="6.309311">
        <ele>0.0</ele>
    </trkpt>
    <trkpt lat="43.151421" lon="6.309038">
        <ele>0.0</ele>
    </trkpt>
    <trkpt lat="43.151383" lon="6.308727">
        <ele>0.0</ele>
    </trkpt>
    <trkpt lat="43.151105" lon="6.307659">
        <ele>0.0</ele>
    </trkpt>
    <trkpt lat="43.151067" lon="6.307622">
        <ele>0.0</ele>
    </trkpt>
    <trkpt lat="43.151035" lon="6.307488">
        <ele>0.0</ele>
    </trkpt>
    <trkpt lat="43.150579" lon="6.306806">
        <ele>0.0</ele>
    </trkpt>
    <trkpt lat="43.14942" lon="6.305192">
        <ele>0.0</ele>
    </trkpt>
    <trkpt lat="43.149254" lon="6.304929">
        <ele>0.0</ele>
    </trkpt>
    <trkpt lat="43.149082" lon="6.304532">
        <ele>0.0</ele>
    </trkpt>
    <trkpt lat="43.149045" lon="6.304285">
        <ele>0.0</ele>
    </trkpt>
    <trkpt lat="43.149055" lon="6.303802">
        <ele>0.0</ele>
    </trkpt>
    <trkpt lat="43.149007" lon="6.303368">
        <ele>0.0</ele>
    </trkpt>
    <trkpt lat="43.148991" lon="6.302794">
        <ele>0.0</ele>
    </trkpt>
    <trkpt lat="43.149066" lon="6.30207">
        <ele>0.0</ele>
    </trkpt>
    <trkpt lat="43.149082" lon="6.301608">
        <ele>0.0</ele>
    </trkpt>
    <trkpt lat="43.149034" lon="6.301093">
        <ele>0.0</ele>
    </trkpt>
    <trkpt lat="43.149093" lon="6.300417">
        <ele>0.0</ele>
    </trkpt>
    <trkpt lat="43.149163" lon="6.2998">
        <ele>0.0</ele>
    </trkpt>
    <trkpt lat="43.149275" lon="6.299253">
        <ele>0.0</ele>
    </trkpt>
    <trkpt lat="43.14949" lon="6.298331">
        <ele>0.0</ele>
    </trkpt>
    <trkpt lat="43.149849" lon="6.297118">
        <ele>0.0</ele>
    </trkpt>
    <trkpt lat="43.149973" lon="6.296474">
        <ele>0.0</ele>
    </trkpt>
    <trkpt lat="43.149989" lon="6.296228">
        <ele>0.0</ele>
    </trkpt>
    <trkpt lat="43.149989" lon="6.295992">
        <ele>0.0</ele>
    </trkpt>
    <trkpt lat="43.149924" lon="6.295444">
        <ele>0.0</ele>
    </trkpt>
    <trkpt lat="43.14994" lon="6.29494">
        <ele>0.0</ele>
    </trkpt>
    <trkpt lat="43.149908" lon="6.294736">
        <ele>0.0</ele>
    </trkpt>
    <trkpt lat="43.149914" lon="6.294425">
        <ele>0.0</ele>
    </trkpt>
    <trkpt lat="43.149865" lon="6.294136">
        <ele>0.0</ele>
    </trkpt>
    <trkpt lat="43.149849" lon="6.293454">
        <ele>0.0</ele>
    </trkpt>
    <trkpt lat="43.149806" lon="6.293111">
        <ele>0.0</ele>
    </trkpt>
    <trkpt lat="43.149715" lon="6.2931">
        <ele>0.0</ele>
    </trkpt>
    <trkpt lat="43.149694" lon="6.293165">
        <ele>0.0</ele>
    </trkpt>
    <trkpt lat="43.149699" lon="6.293733">
        <ele>0.0</ele>
    </trkpt>
    <trkpt lat="43.14957" lon="6.293792">
        <ele>0.0</ele>
    </trkpt>
    <trkpt lat="43.149538" lon="6.293701">
        <ele>0.0</ele>
    </trkpt>
    <trkpt lat="43.149608" lon="6.29288">
        <ele>0.0</ele>
    </trkpt>
    <trkpt lat="43.149608" lon="6.292628">
        <ele>0.0</ele>
    </trkpt>
    <trkpt lat="43.149533" lon="6.292312">
        <ele>0.0</ele>
    </trkpt>
    <trkpt lat="43.149544" lon="6.292033">
        <ele>0.0</ele>
    </trkpt>
    <trkpt lat="43.149613" lon="6.291732">
        <ele>0.0</ele>
    </trkpt>
    <trkpt lat="43.149742" lon="6.291523">
        <ele>0.0</ele>
    </trkpt>
    <trkpt lat="43.149763" lon="6.291271">
        <ele>0.0</ele>
    </trkpt>
    <trkpt lat="43.149865" lon="6.291083">
        <ele>0.0</ele>
    </trkpt>
    <trkpt lat="43.150053" lon="6.2903">
        <ele>0.0</ele>
    </trkpt>
    <trkpt lat="43.150112" lon="6.289903">
        <ele>0.0</ele>
    </trkpt>
    <trkpt lat="43.15023" lon="6.289597">
        <ele>0.0</ele>
    </trkpt>
    <trkpt lat="43.150375" lon="6.288927">
        <ele>0.0</ele>
    </trkpt>
    <trkpt lat="43.150472" lon="6.288632">
        <ele>0.0</ele>
    </trkpt>
    <trkpt lat="43.150498" lon="6.288315">
        <ele>0.0</ele>
    </trkpt>
    <trkpt lat="43.150595" lon="6.287886">
        <ele>0.0</ele>
    </trkpt>
    <trkpt lat="43.150595" lon="6.28772">
        <ele>0.0</ele>
    </trkpt>
    <trkpt lat="43.150686" lon="6.287392">
        <ele>0.0</ele>
    </trkpt>
    <trkpt lat="43.150686" lon="6.28721">
        <ele>0.0</ele>
    </trkpt>
    <trkpt lat="43.15074" lon="6.287055">
        <ele>0.0</ele>
    </trkpt>
    <trkpt lat="43.150718" lon="6.286733">
        <ele>0.0</ele>
    </trkpt>
    <trkpt lat="43.150745" lon="6.28655">
        <ele>0.0</ele>
    </trkpt>
    <trkpt lat="43.150686" lon="6.285831">
        <ele>0.0</ele>
    </trkpt>
    <trkpt lat="43.150509" lon="6.284759">
        <ele>0.0</ele>
    </trkpt>
    <trkpt lat="43.149935" lon="6.282559">
        <ele>0.0</ele>
    </trkpt>
    <trkpt lat="43.149474" lon="6.280649">
        <ele>0.0</ele>
    </trkpt>
    <trkpt lat="43.149409" lon="6.280167">
        <ele>0.0</ele>
    </trkpt>
    <trkpt lat="43.149318" lon="6.27978">
        <ele>0.0</ele>
    </trkpt>
    <trkpt lat="43.149055" lon="6.278895">
        <ele>0.0</ele>
    </trkpt>
    <trkpt lat="43.148862" lon="6.277704">
        <ele>0.0</ele>
    </trkpt>
    <trkpt lat="43.148851" lon="6.277307">
        <ele>0.0</ele>
    </trkpt>
    <trkpt lat="43.148653" lon="6.276374">
        <ele>0.0</ele>
    </trkpt>
    <trkpt lat="43.148551" lon="6.275489">
        <ele>0.0</ele>
    </trkpt>
    <trkpt lat="43.148524" lon="6.275022">
        <ele>0.0</ele>
    </trkpt>
    <trkpt lat="43.148535" lon="6.274529">
        <ele>0.0</ele>
    </trkpt>
    <trkpt lat="43.148476" lon="6.273745">
        <ele>0.0</ele>
    </trkpt>
    <trkpt lat="43.148401" lon="6.273306">
        <ele>0.0</ele>
    </trkpt>
    <trkpt lat="43.148422" lon="6.272914">
        <ele>0.0</ele>
    </trkpt>
    <trkpt lat="43.148342" lon="6.272597">
        <ele>0.0</ele>
    </trkpt>
    <trkpt lat="43.148235" lon="6.271846">
        <ele>0.0</ele>
    </trkpt>
    <trkpt lat="43.148218" lon="6.271551">
        <ele>0.0</ele>
    </trkpt>
    <trkpt lat="43.148245" lon="6.271433">
        <ele>0.0</ele>
    </trkpt>
    <trkpt lat="43.1481" lon="6.27006">
        <ele>0.0</ele>
    </trkpt>
    <trkpt lat="43.14809" lon="6.269427">
        <ele>0.0</ele>
    </trkpt>
    <trkpt lat="43.148031" lon="6.268585">
        <ele>0.0</ele>
    </trkpt>
    <trkpt lat="43.148047" lon="6.268397">
        <ele>0.0</ele>
    </trkpt>
    <trkpt lat="43.147977" lon="6.268102">
        <ele>0.0</ele>
    </trkpt>
    <trkpt lat="43.147982" lon="6.267651">
        <ele>0.0</ele>
    </trkpt>
    <trkpt lat="43.147848" lon="6.266847">
        <ele>0.0</ele>
    </trkpt>
    <trkpt lat="43.147811" lon="6.266294">
        <ele>0.0</ele>
    </trkpt>
    <trkpt lat="43.147773" lon="6.266101">
        <ele>0.0</ele>
    </trkpt>
    <trkpt lat="43.147698" lon="6.264862">
        <ele>0.0</ele>
    </trkpt>
    <trkpt lat="43.147602" lon="6.264508">
        <ele>0.0</ele>
    </trkpt>
    <trkpt lat="43.147537" lon="6.263757">
        <ele>0.0</ele>
    </trkpt>
    <trkpt lat="43.14736" lon="6.262968">
        <ele>0.0</ele>
    </trkpt>
    <trkpt lat="43.147248" lon="6.262169">
        <ele>0.0</ele>
    </trkpt>
    <trkpt lat="43.146749" lon="6.259337">
        <ele>0.0</ele>
    </trkpt>
    <trkpt lat="43.146706" lon="6.259181">
        <ele>0.0</ele>
    </trkpt>
    <trkpt lat="43.146545" lon="6.258902">
        <ele>0.0</ele>
    </trkpt>
    <trkpt lat="43.1464" lon="6.258537">
        <ele>0.0</ele>
    </trkpt>
    <trkpt lat="43.146277" lon="6.25799">
        <ele>0.0</ele>
    </trkpt>
    <trkpt lat="43.146164" lon="6.257652">
        <ele>0.0</ele>
    </trkpt>
    <trkpt lat="43.145864" lon="6.257078">
        <ele>0.0</ele>
    </trkpt>
    <trkpt lat="43.145815" lon="6.256842">
        <ele>0.0</ele>
    </trkpt>
    <trkpt lat="43.145719" lon="6.25659">
        <ele>0.0</ele>
    </trkpt>
    <trkpt lat="43.145542" lon="6.256257">
        <ele>0.0</ele>
    </trkpt>
    <trkpt lat="43.145295" lon="6.255657">
        <ele>0.0</ele>
    </trkpt>
    <trkpt lat="43.145096" lon="6.255077">
        <ele>0.0</ele>
    </trkpt>
    <trkpt lat="43.145027" lon="6.254723">
        <ele>0.0</ele>
    </trkpt>
    <trkpt lat="43.144576" lon="6.253629">
        <ele>0.0</ele>
    </trkpt>
    <trkpt lat="43.144147" lon="6.25247">
        <ele>0.0</ele>
    </trkpt>
    <trkpt lat="43.14405" lon="6.252138">
        <ele>0.0</ele>
    </trkpt>
    <trkpt lat="43.143975" lon="6.251746">
        <ele>0.0</ele>
    </trkpt>
    <trkpt lat="43.143943" lon="6.251113">
        <ele>0.0</ele>
    </trkpt>
    <trkpt lat="43.143975" lon="6.250689">
        <ele>0.0</ele>
    </trkpt>
    <trkpt lat="43.144018" lon="6.25048">
        <ele>0.0</ele>
    </trkpt>
    <trkpt lat="43.144007" lon="6.25026">
        <ele>0.0</ele>
    </trkpt>
    <trkpt lat="43.144045" lon="6.249911">
        <ele>0.0</ele>
    </trkpt>
    <trkpt lat="43.144024" lon="6.249595">
        <ele>0.0</ele>
    </trkpt>
    <trkpt lat="43.143938" lon="6.249107">
        <ele>0.0</ele>
    </trkpt>
    <trkpt lat="43.143712" lon="6.248602">
        <ele>0.0</ele>
    </trkpt>
    <trkpt lat="43.143621" lon="6.248554">
        <ele>0.0</ele>
    </trkpt>
    <trkpt lat="43.143546" lon="6.248415">
        <ele>0.0</ele>
    </trkpt>
    <trkpt lat="43.143391" lon="6.248275">
        <ele>0.0</ele>
    </trkpt>
    <trkpt lat="43.143133" lon="6.247921">
        <ele>0.0</ele>
    </trkpt>
    <trkpt lat="43.143063" lon="6.247776">
        <ele>0.0</ele>
    </trkpt>
    <trkpt lat="43.142849" lon="6.247481">
        <ele>0.0</ele>
    </trkpt>
    <trkpt lat="43.142591" lon="6.247009">
        <ele>0.0</ele>
    </trkpt>
    <trkpt lat="43.142425" lon="6.246451">
        <ele>0.0</ele>
    </trkpt>
    <trkpt lat="43.142184" lon="6.245797">
        <ele>0.0</ele>
    </trkpt>
    <trkpt lat="43.141969" lon="6.24489">
        <ele>0.0</ele>
    </trkpt>
    <trkpt lat="43.141888" lon="6.244735">
        <ele>0.0</ele>
    </trkpt>
    <trkpt lat="43.141776" lon="6.244263">
        <ele>0.0</ele>
    </trkpt>
    <trkpt lat="43.141728" lon="6.244187">
        <ele>0.0</ele>
    </trkpt>
    <trkpt lat="43.14161" lon="6.243812">
        <ele>0.0</ele>
    </trkpt>
    <trkpt lat="43.141406" lon="6.243104">
        <ele>0.0</ele>
    </trkpt>
    <trkpt lat="43.141368" lon="6.242873">
        <ele>0.0</ele>
    </trkpt>
    <trkpt lat="43.1411" lon="6.242144">
        <ele>0.0</ele>
    </trkpt>
    <trkpt lat="43.141036" lon="6.241747">
        <ele>0.0</ele>
    </trkpt>
    <trkpt lat="43.140789" lon="6.241022">
        <ele>0.0</ele>
    </trkpt>
    <trkpt lat="43.14058" lon="6.240309">
        <ele>0.0</ele>
    </trkpt>
    <trkpt lat="43.140553" lon="6.2401">
        <ele>0.0</ele>
    </trkpt>
    <trkpt lat="43.140429" lon="6.239762">
        <ele>0.0</ele>
    </trkpt>
    <trkpt lat="43.140376" lon="6.239681">
        <ele>0.0</ele>
    </trkpt>
    <trkpt lat="43.140231" lon="6.239574">
        <ele>0.0</ele>
    </trkpt>
    <trkpt lat="43.139989" lon="6.239327">
        <ele>0.0</ele>
    </trkpt>
    <trkpt lat="43.139796" lon="6.239081">
        <ele>0.0</ele>
    </trkpt>
    <trkpt lat="43.139281" lon="6.238549">
        <ele>0.0</ele>
    </trkpt>
    <trkpt lat="43.139265" lon="6.238426">
        <ele>0.0</ele>
    </trkpt>
    <trkpt lat="43.138863" lon="6.2376">
        <ele>0.0</ele>
    </trkpt>
    <trkpt lat="43.1389" lon="6.237359">
        <ele>0.0</ele>
    </trkpt>
    <trkpt lat="43.1386" lon="6.236565">
        <ele>0.0</ele>
    </trkpt>
    <trkpt lat="43.138605" lon="6.236425">
        <ele>0.0</ele>
    </trkpt>
    <trkpt lat="43.138573" lon="6.236302">
        <ele>0.0</ele>
    </trkpt>
    <trkpt lat="43.138101" lon="6.235025">
        <ele>0.0</ele>
    </trkpt>
    <trkpt lat="43.138037" lon="6.234746">
        <ele>0.0</ele>
    </trkpt>
    <trkpt lat="43.137871" lon="6.234263">
        <ele>0.0</ele>
    </trkpt>
    <trkpt lat="43.137849" lon="6.234113">
        <ele>0.0</ele>
    </trkpt>
    <trkpt lat="43.137629" lon="6.233555">
        <ele>0.0</ele>
    </trkpt>
    <trkpt lat="43.13757" lon="6.233249">
        <ele>0.0</ele>
    </trkpt>
    <trkpt lat="43.137452" lon="6.233008">
        <ele>0.0</ele>
    </trkpt>
    <trkpt lat="43.137468" lon="6.232869">
        <ele>0.0</ele>
    </trkpt>
    <trkpt lat="43.137307" lon="6.232391">
        <ele>0.0</ele>
    </trkpt>
    <trkpt lat="43.137329" lon="6.232214">
        <ele>0.0</ele>
    </trkpt>
    <trkpt lat="43.13727" lon="6.231919">
        <ele>0.0</ele>
    </trkpt>
    <trkpt lat="43.137227" lon="6.231865">
        <ele>0.0</ele>
    </trkpt>
    <trkpt lat="43.137146" lon="6.231833">
        <ele>0.0</ele>
    </trkpt>
    <trkpt lat="43.136819" lon="6.231093">
        <ele>0.0</ele>
    </trkpt>
    <trkpt lat="43.136454" lon="6.230015">
        <ele>0.0</ele>
    </trkpt>
    <trkpt lat="43.136401" lon="6.229714">
        <ele>0.0</ele>
    </trkpt>
    <trkpt lat="43.136315" lon="6.229489">
        <ele>0.0</ele>
    </trkpt>
    <trkpt lat="43.136379" lon="6.229451">
        <ele>0.0</ele>
    </trkpt>
    <trkpt lat="43.136261" lon="6.229333">
        <ele>0.0</ele>
    </trkpt>
    <trkpt lat="43.136138" lon="6.228979">
        <ele>0.0</ele>
    </trkpt>
    <trkpt lat="43.135752" lon="6.228244">
        <ele>0.0</ele>
    </trkpt>
    <trkpt lat="43.135532" lon="6.227735">
        <ele>0.0</ele>
    </trkpt>
    <trkpt lat="43.135145" lon="6.227145">
        <ele>0.0</ele>
    </trkpt>
    <trkpt lat="43.134491" lon="6.225927">
        <ele>0.0</ele>
    </trkpt>
    <trkpt lat="43.134368" lon="6.225557">
        <ele>0.0</ele>
    </trkpt>
    <trkpt lat="43.134346" lon="6.225407">
        <ele>0.0</ele>
    </trkpt>
    <trkpt lat="43.134073" lon="6.225015">
        <ele>0.0</ele>
    </trkpt>
    <trkpt lat="43.133906" lon="6.224908">
        <ele>0.0</ele>
    </trkpt>
    <trkpt lat="43.133794" lon="6.224774">
        <ele>0.0</ele>
    </trkpt>
    <trkpt lat="43.133472" lon="6.224135">
        <ele>0.0</ele>
    </trkpt>
    <trkpt lat="43.133348" lon="6.223964">
        <ele>0.0</ele>
    </trkpt>
    <trkpt lat="43.133279" lon="6.223787">
        <ele>0.0</ele>
    </trkpt>
    <trkpt lat="43.133021" lon="6.223352">
        <ele>0.0</ele>
    </trkpt>
    <trkpt lat="43.132855" lon="6.222998">
        <ele>0.0</ele>
    </trkpt>
    <trkpt lat="43.132528" lon="6.222478">
        <ele>0.0</ele>
    </trkpt>
    <trkpt lat="43.132447" lon="6.222193">
        <ele>0.0</ele>
    </trkpt>
    <trkpt lat="43.132356" lon="6.222016">
        <ele>0.0</ele>
    </trkpt>
    <trkpt lat="43.132233" lon="6.221941">
        <ele>0.0</ele>
    </trkpt>
    <trkpt lat="43.132055" lon="6.221684">
        <ele>0.0</ele>
    </trkpt>
    <trkpt lat="43.131819" lon="6.221196">
        <ele>0.0</ele>
    </trkpt>
    <trkpt lat="43.131203" lon="6.220123">
        <ele>0.0</ele>
    </trkpt>
    <trkpt lat="43.13072" lon="6.219409">
        <ele>0.0</ele>
    </trkpt>
    <trkpt lat="43.130275" lon="6.218551">
        <ele>0.0</ele>
    </trkpt>
    <trkpt lat="43.130006" lon="6.218127">
        <ele>0.0</ele>
    </trkpt>
    <trkpt lat="43.129776" lon="6.217537">
        <ele>0.0</ele>
    </trkpt>
    <trkpt lat="43.129529" lon="6.21721">
        <ele>0.0</ele>
    </trkpt>
    <trkpt lat="43.129529" lon="6.217129">
        <ele>0.0</ele>
    </trkpt>
    <trkpt lat="43.129395" lon="6.217081">
        <ele>0.0</ele>
    </trkpt>
    <trkpt lat="43.129218" lon="6.216303">
        <ele>0.0</ele>
    </trkpt>
    <trkpt lat="43.129084" lon="6.215933">
        <ele>0.0</ele>
    </trkpt>
    <trkpt lat="43.128992" lon="6.215053">
        <ele>0.0</ele>
    </trkpt>
    <trkpt lat="43.128681" lon="6.213782">
        <ele>0.0</ele>
    </trkpt>
    <trkpt lat="43.128612" lon="6.213272">
        <ele>0.0</ele>
    </trkpt>
    <trkpt lat="43.128488" lon="6.212849">
        <ele>0.0</ele>
    </trkpt>
    <trkpt lat="43.128359" lon="6.211985">
        <ele>0.0</ele>
    </trkpt>
    <trkpt lat="43.127914" lon="6.209646">
        <ele>0.0</ele>
    </trkpt>
    <trkpt lat="43.127807" lon="6.209313">
        <ele>0.0</ele>
    </trkpt>
    <trkpt lat="43.127678" lon="6.209136">
        <ele>0.0</ele>
    </trkpt>
    <trkpt lat="43.127587" lon="6.208326">
        <ele>0.0</ele>
    </trkpt>
    <trkpt lat="43.127464" lon="6.207999">
        <ele>0.0</ele>
    </trkpt>
    <trkpt lat="43.127104" lon="6.205945">
        <ele>0.0</ele>
    </trkpt>
    <trkpt lat="43.127152" lon="6.205558">
        <ele>0.0</ele>
    </trkpt>
    <trkpt lat="43.127115" lon="6.20543">
        <ele>0.0</ele>
    </trkpt>
    <trkpt lat="43.126965" lon="6.20514">
        <ele>0.0</ele>
    </trkpt>
    <trkpt lat="43.12689" lon="6.204684">
        <ele>0.0</ele>
    </trkpt>
    <trkpt lat="43.126739" lon="6.204083">
        <ele>0.0</ele>
    </trkpt>
    <trkpt lat="43.126611" lon="6.203407">
        <ele>0.0</ele>
    </trkpt>
    <trkpt lat="43.126654" lon="6.203171">
        <ele>0.0</ele>
    </trkpt>
    <trkpt lat="43.126498" lon="6.202329">
        <ele>0.0</ele>
    </trkpt>
    <trkpt lat="43.126385" lon="6.201894">
        <ele>0.0</ele>
    </trkpt>
    <trkpt lat="43.126305" lon="6.201336">
        <ele>0.0</ele>
    </trkpt>
    <trkpt lat="43.12624" lon="6.201074">
        <ele>0.0</ele>
    </trkpt>
    <trkpt lat="43.126139" lon="6.200934">
        <ele>0.0</ele>
    </trkpt>
    <trkpt lat="43.125768" lon="6.200038">
        <ele>0.0</ele>
    </trkpt>
    <trkpt lat="43.125704" lon="6.19977">
        <ele>0.0</ele>
    </trkpt>
    <trkpt lat="43.125618" lon="6.199641">
        <ele>0.0</ele>
    </trkpt>
    <trkpt lat="43.125581" lon="6.199502">
        <ele>0.0</ele>
    </trkpt>
    <trkpt lat="43.125634" lon="6.199062">
        <ele>0.0</ele>
    </trkpt>
    <trkpt lat="43.125736" lon="6.198885">
        <ele>0.0</ele>
    </trkpt>
    <trkpt lat="43.125758" lon="6.198756">
        <ele>0.0</ele>
    </trkpt>
    <trkpt lat="43.125666" lon="6.198665">
        <ele>0.0</ele>
    </trkpt>
    <trkpt lat="43.125607" lon="6.198359">
        <ele>0.0</ele>
    </trkpt>
    <trkpt lat="43.1255" lon="6.197356">
        <ele>0.0</ele>
    </trkpt>
    <trkpt lat="43.125447" lon="6.197152">
        <ele>0.0</ele>
    </trkpt>
    <trkpt lat="43.125393" lon="6.19668">
        <ele>0.0</ele>
    </trkpt>
    <trkpt lat="43.125232" lon="6.194867">
        <ele>0.0</ele>
    </trkpt>
    <trkpt lat="43.125253" lon="6.194438">
        <ele>0.0</ele>
    </trkpt>
    <trkpt lat="43.125221" lon="6.193767">
        <ele>0.0</ele>
    </trkpt>
    <trkpt lat="43.125237" lon="6.192684">
        <ele>0.0</ele>
    </trkpt>
    <trkpt lat="43.125329" lon="6.191825">
        <ele>0.0</ele>
    </trkpt>
    <trkpt lat="43.125312" lon="6.191713">
        <ele>0.0</ele>
    </trkpt>
    <trkpt lat="43.125377" lon="6.190854">
        <ele>0.0</ele>
    </trkpt>
    <trkpt lat="43.125366" lon="6.190581">
        <ele>0.0</ele>
    </trkpt>
    <trkpt lat="43.12527" lon="6.190388">
        <ele>0.0</ele>
    </trkpt>
    <trkpt lat="43.125146" lon="6.190254">
        <ele>0.0</ele>
    </trkpt>
    <trkpt lat="43.124974" lon="6.189862">
        <ele>0.0</ele>
    </trkpt>
    <trkpt lat="43.124679" lon="6.189572">
        <ele>0.0</ele>
    </trkpt>
    <trkpt lat="43.124604" lon="6.189411">
        <ele>0.0</ele>
    </trkpt>
    <trkpt lat="43.124551" lon="6.189197">
        <ele>0.0</ele>
    </trkpt>
    <trkpt lat="43.124358" lon="6.18888">
        <ele>0.0</ele>
    </trkpt>
    <trkpt lat="43.124406" lon="6.188864">
        <ele>0.0</ele>
    </trkpt>
    <trkpt lat="43.124637" lon="6.189229">
        <ele>0.0</ele>
    </trkpt>
    <trkpt lat="43.124889" lon="6.189503">
        <ele>0.0</ele>
    </trkpt>
    <trkpt lat="43.125334" lon="6.189712">
        <ele>0.0</ele>
    </trkpt>
    <trkpt lat="43.125844" lon="6.189878">
        <ele>0.0</ele>
    </trkpt>
    <trkpt lat="43.126278" lon="6.19013">
        <ele>0.0</ele>
    </trkpt>
    <trkpt lat="43.126525" lon="6.190345">
        <ele>0.0</ele>
    </trkpt>
    <trkpt lat="43.126605" lon="6.190457">
        <ele>0.0</ele>
    </trkpt>
    <trkpt lat="43.126595" lon="6.19072">
        <ele>0.0</ele>
    </trkpt>
    <trkpt lat="43.126509" lon="6.190817">
        <ele>0.0</ele>
    </trkpt>
    <trkpt lat="43.12631" lon="6.190865">
        <ele>0.0</ele>
    </trkpt>
    <trkpt lat="43.126235" lon="6.190871">
        <ele>0.0</ele>
    </trkpt>
    <trkpt lat="43.126063" lon="6.190806">
        <ele>0.0</ele>
    </trkpt>
    <trkpt lat="43.125919" lon="6.19072">
        <ele>0.0</ele>
    </trkpt>
    <trkpt lat="43.125854" lon="6.19064">
        <ele>0.0</ele>
    </trkpt>
    <trkpt lat="43.125801" lon="6.190527">
        <ele>0.0</ele>
    </trkpt>
    <trkpt lat="43.125779" lon="6.19035">
        <ele>0.0</ele>
    </trkpt>
    <trkpt lat="43.125784" lon="6.190034">
        <ele>0.0</ele>
    </trkpt>
    <trkpt lat="43.125822" lon="6.189991">
        <ele>0.0</ele>
    </trkpt>
    <trkpt lat="43.125838" lon="6.18968">
        <ele>0.0</ele>
    </trkpt>
    <trkpt lat="43.125817" lon="6.188929">
        <ele>0.0</ele>
    </trkpt>
    <trkpt lat="43.125886" lon="6.187378">
        <ele>0.0</ele>
    </trkpt>
    <trkpt lat="43.125817" lon="6.186879">
        <ele>0.0</ele>
    </trkpt>
    <trkpt lat="43.125817" lon="6.186128">
        <ele>0.0</ele>
    </trkpt>
    <trkpt lat="43.125709" lon="6.185002">
        <ele>0.0</ele>
    </trkpt>
    <trkpt lat="43.125752" lon="6.184428">
        <ele>0.0</ele>
    </trkpt>
    <trkpt lat="43.125715" lon="6.184224">
        <ele>0.0</ele>
    </trkpt>
    <trkpt lat="43.125683" lon="6.183344">
        <ele>0.0</ele>
    </trkpt>
    <trkpt lat="43.125597" lon="6.182438">
        <ele>0.0</ele>
    </trkpt>
    <trkpt lat="43.125532" lon="6.18218">
        <ele>0.0</ele>
    </trkpt>
    <trkpt lat="43.125479" lon="6.181622">
        <ele>0.0</ele>
    </trkpt>
    <trkpt lat="43.125414" lon="6.181343">
        <ele>0.0</ele>
    </trkpt>
    <trkpt lat="43.125398" lon="6.181">
        <ele>0.0</ele>
    </trkpt>
    <trkpt lat="43.12543" lon="6.180308">
        <ele>0.0</ele>
    </trkpt>
    <trkpt lat="43.125382" lon="6.180115">
        <ele>0.0</ele>
    </trkpt>
    <trkpt lat="43.125307" lon="6.179149">
        <ele>0.0</ele>
    </trkpt>
    <trkpt lat="43.125125" lon="6.177803">
        <ele>0.0</ele>
    </trkpt>
    <trkpt lat="43.124996" lon="6.176456">
        <ele>0.0</ele>
    </trkpt>
    <trkpt lat="43.124991" lon="6.176113">
        <ele>0.0</ele>
    </trkpt>
    <trkpt lat="43.124926" lon="6.175641">
        <ele>0.0</ele>
    </trkpt>
    <trkpt lat="43.12491" lon="6.175222">
        <ele>0.0</ele>
    </trkpt>
    <trkpt lat="43.124765" lon="6.17386">
        <ele>0.0</ele>
    </trkpt>
  </trkseg>
</trk>
<trk>
  <name>2011/09/08 15:54:00</name>
  <extensions>
  </extensions>
  <trkseg>
    <trkpt lat="43.124749" lon="6.17379">
        <ele>0.0</ele>
    </trkpt>
    <trkpt lat="43.124744" lon="6.173388">
        <ele>0.0</ele>
    </trkpt>
    <trkpt lat="43.124647" lon="6.172497">
        <ele>0.0</ele>
    </trkpt>
    <trkpt lat="43.12469" lon="6.172417">
        <ele>0.0</ele>
    </trkpt>
    <trkpt lat="43.12469" lon="6.17231">
        <ele>0.0</ele>
    </trkpt>
    <trkpt lat="43.124358" lon="6.170926">
        <ele>0.0</ele>
    </trkpt>
    <trkpt lat="43.124272" lon="6.170303">
        <ele>0.0</ele>
    </trkpt>
    <trkpt lat="43.123456" lon="6.166296">
        <ele>0.0</ele>
    </trkpt>
    <trkpt lat="43.123371" lon="6.165733">
        <ele>0.0</ele>
    </trkpt>
    <trkpt lat="43.123124" lon="6.16488">
        <ele>0.0</ele>
    </trkpt>
    <trkpt lat="43.122941" lon="6.163812">
        <ele>0.0</ele>
    </trkpt>
    <trkpt lat="43.122121" lon="6.160663">
        <ele>0.0</ele>
    </trkpt>
    <trkpt lat="43.121134" lon="6.157016">
        <ele>0.0</ele>
    </trkpt>
    <trkpt lat="43.120624" lon="6.155337">
        <ele>0.0</ele>
    </trkpt>
    <trkpt lat="43.11983" lon="6.152526">
        <ele>0.0</ele>
    </trkpt>
    <trkpt lat="43.119803" lon="6.152225">
        <ele>0.0</ele>
    </trkpt>
    <trkpt lat="43.119084" lon="6.150053">
        <ele>0.0</ele>
    </trkpt>
    <trkpt lat="43.118741" lon="6.148867">
        <ele>0.0</ele>
    </trkpt>
    <trkpt lat="43.118585" lon="6.148191">
        <ele>0.0</ele>
    </trkpt>
    <trkpt lat="43.118333" lon="6.147306">
        <ele>0.0</ele>
    </trkpt>
    <trkpt lat="43.117813" lon="6.145611">
        <ele>0.0</ele>
    </trkpt>
    <trkpt lat="43.117309" lon="6.144109">
        <ele>0.0</ele>
    </trkpt>
    <trkpt lat="43.117352" lon="6.14398">
        <ele>0.0</ele>
    </trkpt>
    <trkpt lat="43.117352" lon="6.143841">
        <ele>0.0</ele>
    </trkpt>
    <trkpt lat="43.117293" lon="6.143712">
        <ele>0.0</ele>
    </trkpt>
    <trkpt lat="43.117234" lon="6.143406">
        <ele>0.0</ele>
    </trkpt>
    <trkpt lat="43.11711" lon="6.143041">
        <ele>0.0</ele>
    </trkpt>
    <trkpt lat="43.117062" lon="6.142746">
        <ele>0.0</ele>
    </trkpt>
    <trkpt lat="43.116611" lon="6.141346">
        <ele>0.0</ele>
    </trkpt>
    <trkpt lat="43.116316" lon="6.140252">
        <ele>0.0</ele>
    </trkpt>
    <trkpt lat="43.116134" lon="6.13986">
        <ele>0.0</ele>
    </trkpt>
    <trkpt lat="43.115989" lon="6.139099">
        <ele>0.0</ele>
    </trkpt>
    <trkpt lat="43.115785" lon="6.138809">
        <ele>0.0</ele>
    </trkpt>
    <trkpt lat="43.11578" lon="6.138653">
        <ele>0.0</ele>
    </trkpt>
    <trkpt lat="43.115426" lon="6.137543">
        <ele>0.0</ele>
    </trkpt>
    <trkpt lat="43.115351" lon="6.137173">
        <ele>0.0</ele>
    </trkpt>
    <trkpt lat="43.115217" lon="6.136888">
        <ele>0.0</ele>
    </trkpt>
    <trkpt lat="43.115109" lon="6.136454">
        <ele>0.0</ele>
    </trkpt>
    <trkpt lat="43.114964" lon="6.136159">
        <ele>0.0</ele>
    </trkpt>
    <trkpt lat="43.114954" lon="6.135976">
        <ele>0.0</ele>
    </trkpt>
    <trkpt lat="43.114739" lon="6.13515">
        <ele>0.0</ele>
    </trkpt>
    <trkpt lat="43.114594" lon="6.134796">
        <ele>0.0</ele>
    </trkpt>
    <trkpt lat="43.114476" lon="6.134405">
        <ele>0.0</ele>
    </trkpt>
    <trkpt lat="43.114487" lon="6.134179">
        <ele>0.0</ele>
    </trkpt>
    <trkpt lat="43.114551" lon="6.13404">
        <ele>0.0</ele>
    </trkpt>
    <trkpt lat="43.11453" lon="6.133965">
        <ele>0.0</ele>
    </trkpt>
    <trkpt lat="43.114503" lon="6.1339">
        <ele>0.0</ele>
    </trkpt>
    <trkpt lat="43.114326" lon="6.133777">
        <ele>0.0</ele>
    </trkpt>
    <trkpt lat="43.114256" lon="6.133675">
        <ele>0.0</ele>
    </trkpt>
    <trkpt lat="43.114144" lon="6.133224">
        <ele>0.0</ele>
    </trkpt>
    <trkpt lat="43.113945" lon="6.132168">
        <ele>0.0</ele>
    </trkpt>
    <trkpt lat="43.113897" lon="6.131427">
        <ele>0.0</ele>
    </trkpt>
    <trkpt lat="43.113757" lon="6.130569">
        <ele>0.0</ele>
    </trkpt>
    <trkpt lat="43.113704" lon="6.129212">
        <ele>0.0</ele>
    </trkpt>
    <trkpt lat="43.113677" lon="6.129137">
        <ele>0.0</ele>
    </trkpt>
    <trkpt lat="43.113736" lon="6.128976">
        <ele>0.0</ele>
    </trkpt>
    <trkpt lat="43.113918" lon="6.128847">
        <ele>0.0</ele>
    </trkpt>
    <trkpt lat="43.113983" lon="6.128718">
        <ele>0.0</ele>
    </trkpt>
    <trkpt lat="43.113677" lon="6.12845">
        <ele>0.0</ele>
    </trkpt>
    <trkpt lat="43.113682" lon="6.128311">
        <ele>0.0</ele>
    </trkpt>
    <trkpt lat="43.113607" lon="6.128139">
        <ele>0.0</ele>
    </trkpt>
    <trkpt lat="43.113677" lon="6.127924">
        <ele>0.0</ele>
    </trkpt>
    <trkpt lat="43.113661" lon="6.12735">
        <ele>0.0</ele>
    </trkpt>
    <trkpt lat="43.113613" lon="6.126916">
        <ele>0.0</ele>
    </trkpt>
    <trkpt lat="43.113639" lon="6.126846">
        <ele>0.0</ele>
    </trkpt>
    <trkpt lat="43.113634" lon="6.126052">
        <ele>0.0</ele>
    </trkpt>
    <trkpt lat="43.113591" lon="6.125768">
        <ele>0.0</ele>
    </trkpt>
    <trkpt lat="43.11358" lon="6.125076">
        <ele>0.0</ele>
    </trkpt>
    <trkpt lat="43.113543" lon="6.124958">
        <ele>0.0</ele>
    </trkpt>
    <trkpt lat="43.113597" lon="6.124507">
        <ele>0.0</ele>
    </trkpt>
    <trkpt lat="43.113575" lon="6.124341">
        <ele>0.0</ele>
    </trkpt>
    <trkpt lat="43.113688" lon="6.123992">
        <ele>0.0</ele>
    </trkpt>
    <trkpt lat="43.113731" lon="6.12367">
        <ele>0.0</ele>
    </trkpt>
    <trkpt lat="43.113613" lon="6.123493">
        <ele>0.0</ele>
    </trkpt>
    <trkpt lat="43.113607" lon="6.123408">
        <ele>0.0</ele>
    </trkpt>
    <trkpt lat="43.113505" lon="6.12322">
        <ele>0.0</ele>
    </trkpt>
    <trkpt lat="43.1135" lon="6.122758">
        <ele>0.0</ele>
    </trkpt>
    <trkpt lat="43.113452" lon="6.122882">
        <ele>0.0</ele>
    </trkpt>
    <trkpt lat="43.113452" lon="6.123145">
        <ele>0.0</ele>
    </trkpt>
    <trkpt lat="43.113484" lon="6.123316">
        <ele>0.0</ele>
    </trkpt>
    <trkpt lat="43.113226" lon="6.123123">
        <ele>0.0</ele>
    </trkpt>
    <trkpt lat="43.113157" lon="6.122968">
        <ele>0.0</ele>
    </trkpt>
    <trkpt lat="43.113092" lon="6.123096">
        <ele>0.0</ele>
    </trkpt>
    <trkpt lat="43.113076" lon="6.123306">
        <ele>0.0</ele>
    </trkpt>
    <trkpt lat="43.112953" lon="6.123456">
        <ele>0.0</ele>
    </trkpt>
    <trkpt lat="43.11291" lon="6.123477">
        <ele>0.0</ele>
    </trkpt>
    <trkpt lat="43.112867" lon="6.12344">
        <ele>0.0</ele>
    </trkpt>
    <trkpt lat="43.112776" lon="6.123467">
        <ele>0.0</ele>
    </trkpt>
    <trkpt lat="43.112422" lon="6.123284">
        <ele>0.0</ele>
    </trkpt>
    <trkpt lat="43.112137" lon="6.123037">
        <ele>0.0</ele>
    </trkpt>
    <trkpt lat="43.111885" lon="6.122893">
        <ele>0.0</ele>
    </trkpt>
    <trkpt lat="43.111799" lon="6.122812">
        <ele>0.0</ele>
    </trkpt>
    <trkpt lat="43.111816" lon="6.122742">
        <ele>0.0</ele>
    </trkpt>
    <trkpt lat="43.111708" lon="6.122544">
        <ele>0.0</ele>
    </trkpt>
    <trkpt lat="43.111596" lon="6.122517">
        <ele>0.0</ele>
    </trkpt>
    <trkpt lat="43.111553" lon="6.122565">
        <ele>0.0</ele>
    </trkpt>
    <trkpt lat="43.111521" lon="6.122512">
        <ele>0.0</ele>
    </trkpt>
    <trkpt lat="43.111531" lon="6.122426">
        <ele>0.0</ele>
    </trkpt>
    <trkpt lat="43.111585" lon="6.122437">
        <ele>0.0</ele>
    </trkpt>
    <trkpt lat="43.111622" lon="6.122388">
        <ele>0.0</ele>
    </trkpt>
    <trkpt lat="43.111671" lon="6.12183">
        <ele>0.0</ele>
    </trkpt>
    <trkpt lat="43.111773" lon="6.121321">
        <ele>0.0</ele>
    </trkpt>
    <trkpt lat="43.112046" lon="6.120704">
        <ele>0.0</ele>
    </trkpt>
    <trkpt lat="43.112003" lon="6.120575">
        <ele>0.0</ele>
    </trkpt>
    <trkpt lat="43.112207" lon="6.120141">
        <ele>0.0</ele>
    </trkpt>
    <trkpt lat="43.112572" lon="6.119057">
        <ele>0.0</ele>
    </trkpt>
    <trkpt lat="43.112744" lon="6.118639">
        <ele>0.0</ele>
    </trkpt>
    <trkpt lat="43.112733" lon="6.118467">
        <ele>0.0</ele>
    </trkpt>
    <trkpt lat="43.112668" lon="6.118344">
        <ele>0.0</ele>
    </trkpt>
    <trkpt lat="43.112706" lon="6.118193">
        <ele>0.0</ele>
    </trkpt>
    <trkpt lat="43.112819" lon="6.118215">
        <ele>0.0</ele>
    </trkpt>
    <trkpt lat="43.112921" lon="6.118059">
        <ele>0.0</ele>
    </trkpt>
    <trkpt lat="43.113001" lon="6.117732">
        <ele>0.0</ele>
    </trkpt>
    <trkpt lat="43.113554" lon="6.116257">
        <ele>0.0</ele>
    </trkpt>
    <trkpt lat="43.11365" lon="6.115774">
        <ele>0.0</ele>
    </trkpt>
    <trkpt lat="43.113656" lon="6.115576">
        <ele>0.0</ele>
    </trkpt>
    <trkpt lat="43.113607" lon="6.115404">
        <ele>0.0</ele>
    </trkpt>
    <trkpt lat="43.113441" lon="6.115195">
        <ele>0.0</ele>
    </trkpt>
    <trkpt lat="43.113398" lon="6.115012">
        <ele>0.0</ele>
    </trkpt>
    <trkpt lat="43.113205" lon="6.114621">
        <ele>0.0</ele>
    </trkpt>
    <trkpt lat="43.112937" lon="6.11424">
        <ele>0.0</ele>
    </trkpt>
    <trkpt lat="43.112626" lon="6.113939">
        <ele>0.0</ele>
    </trkpt>
    <trkpt lat="43.112213" lon="6.113768">
        <ele>0.0</ele>
    </trkpt>
    <trkpt lat="43.112159" lon="6.113736">
        <ele>0.0</ele>
    </trkpt>
    <trkpt lat="43.112121" lon="6.113666">
        <ele>0.0</ele>
    </trkpt>
    <trkpt lat="43.112218" lon="6.113408">
        <ele>0.0</ele>
    </trkpt>
    <trkpt lat="43.113318" lon="6.111069">
        <ele>0.0</ele>
    </trkpt>
    <trkpt lat="43.113752" lon="6.110216">
        <ele>0.0</ele>
    </trkpt>
    <trkpt lat="43.113945" lon="6.109895">
        <ele>0.0</ele>
    </trkpt>
    <trkpt lat="43.114079" lon="6.109771">
        <ele>0.0</ele>
    </trkpt>
    <trkpt lat="43.113999" lon="6.109524">
        <ele>0.0</ele>
    </trkpt>
    <trkpt lat="43.113897" lon="6.109471">
        <ele>0.0</ele>
    </trkpt>
    <trkpt lat="43.113924" lon="6.109111">
        <ele>0.0</ele>
    </trkpt>
    <trkpt lat="43.113768" lon="6.108822">
        <ele>0.0</ele>
    </trkpt>
    <trkpt lat="43.11358" lon="6.107974">
        <ele>0.0</ele>
    </trkpt>
    <trkpt lat="43.113167" lon="6.106848">
        <ele>0.0</ele>
    </trkpt>
    <trkpt lat="43.113087" lon="6.106553">
        <ele>0.0</ele>
    </trkpt>
    <trkpt lat="43.113023" lon="6.106113">
        <ele>0.0</ele>
    </trkpt>
    <trkpt lat="43.113065" lon="6.105464">
        <ele>0.0</ele>
    </trkpt>
    <trkpt lat="43.113205" lon="6.104627">
        <ele>0.0</ele>
    </trkpt>
    <trkpt lat="43.113312" lon="6.10364">
        <ele>0.0</ele>
    </trkpt>
    <trkpt lat="43.113387" lon="6.102218">
        <ele>0.0</ele>
    </trkpt>
    <trkpt lat="43.113575" lon="6.101306">
        <ele>0.0</ele>
    </trkpt>
    <trkpt lat="43.113575" lon="6.101204">
        <ele>0.0</ele>
    </trkpt>
    <trkpt lat="43.113634" lon="6.101011">
        <ele>0.0</ele>
    </trkpt>
    <trkpt lat="43.113677" lon="6.100544">
        <ele>0.0</ele>
    </trkpt>
    <trkpt lat="43.113768" lon="6.100206">
        <ele>0.0</ele>
    </trkpt>
    <trkpt lat="43.113752" lon="6.100099">
        <ele>0.0</ele>
    </trkpt>
    <trkpt lat="43.113918" lon="6.099552">
        <ele>0.0</ele>
    </trkpt>
    <trkpt lat="43.11401" lon="6.09908">
        <ele>0.0</ele>
    </trkpt>
    <trkpt lat="43.114471" lon="6.09775">
        <ele>0.0</ele>
    </trkpt>
    <trkpt lat="43.114669" lon="6.097288">
        <ele>0.0</ele>
    </trkpt>
    <trkpt lat="43.114809" lon="6.096875">
        <ele>0.0</ele>
    </trkpt>
    <trkpt lat="43.114846" lon="6.096575">
        <ele>0.0</ele>
    </trkpt>
    <trkpt lat="43.114825" lon="6.096489">
        <ele>0.0</ele>
    </trkpt>
    <trkpt lat="43.114932" lon="6.09621">
        <ele>0.0</ele>
    </trkpt>
    <trkpt lat="43.114927" lon="6.095931">
        <ele>0.0</ele>
    </trkpt>
    <trkpt lat="43.115018" lon="6.095464">
        <ele>0.0</ele>
    </trkpt>
    <trkpt lat="43.115882" lon="6.092825">
        <ele>0.0</ele>
    </trkpt>
    <trkpt lat="43.116311" lon="6.091039">
        <ele>0.0</ele>
    </trkpt>
    <trkpt lat="43.116815" lon="6.089848">
        <ele>0.0</ele>
    </trkpt>
    <trkpt lat="43.116917" lon="6.089531">
        <ele>0.0</ele>
    </trkpt>
    <trkpt lat="43.117035" lon="6.089016">
        <ele>0.0</ele>
    </trkpt>
    <trkpt lat="43.117126" lon="6.088367">
        <ele>0.0</ele>
    </trkpt>
    <trkpt lat="43.117309" lon="6.087396">
        <ele>0.0</ele>
    </trkpt>
    <trkpt lat="43.1174" lon="6.083094">
        <ele>0.0</ele>
    </trkpt>
    <trkpt lat="43.117496" lon="6.080943">
        <ele>0.0</ele>
    </trkpt>
    <trkpt lat="43.117614" lon="6.080503">
        <ele>0.0</ele>
    </trkpt>
    <trkpt lat="43.117958" lon="6.079591">
        <ele>0.0</ele>
    </trkpt>
    <trkpt lat="43.11829" lon="6.078159">
        <ele>0.0</ele>
    </trkpt>
    <trkpt lat="43.118441" lon="6.077027">
        <ele>0.0</ele>
    </trkpt>
    <trkpt lat="43.119106" lon="6.073277">
        <ele>0.0</ele>
    </trkpt>
    <trkpt lat="43.119245" lon="6.072826">
        <ele>0.0</ele>
    </trkpt>
    <trkpt lat="43.119176" lon="6.072671">
        <ele>0.0</ele>
    </trkpt>
    <trkpt lat="43.119176" lon="6.072456">
        <ele>0.0</ele>
    </trkpt>
    <trkpt lat="43.119106" lon="6.072167">
        <ele>0.0</ele>
    </trkpt>
    <trkpt lat="43.119106" lon="6.071856">
        <ele>0.0</ele>
    </trkpt>
    <trkpt lat="43.11902" lon="6.071292">
        <ele>0.0</ele>
    </trkpt>
    <trkpt lat="43.119009" lon="6.07082">
        <ele>0.0</ele>
    </trkpt>
    <trkpt lat="43.118977" lon="6.070649">
        <ele>0.0</ele>
    </trkpt>
    <trkpt lat="43.118999" lon="6.070584">
        <ele>0.0</ele>
    </trkpt>
    <trkpt lat="43.118999" lon="6.070016">
        <ele>0.0</ele>
    </trkpt>
    <trkpt lat="43.118939" lon="6.069828">
        <ele>0.0</ele>
    </trkpt>
    <trkpt lat="43.118999" lon="6.069356">
        <ele>0.0</ele>
    </trkpt>
    <trkpt lat="43.118977" lon="6.068862">
        <ele>0.0</ele>
    </trkpt>
    <trkpt lat="43.119015" lon="6.067913">
        <ele>0.0</ele>
    </trkpt>
    <trkpt lat="43.119251" lon="6.066159">
        <ele>0.0</ele>
    </trkpt>
    <trkpt lat="43.119261" lon="6.065622">
        <ele>0.0</ele>
    </trkpt>
    <trkpt lat="43.119143" lon="6.064844">
        <ele>0.0</ele>
    </trkpt>
    <trkpt lat="43.118982" lon="6.0642">
        <ele>0.0</ele>
    </trkpt>
    <trkpt lat="43.118795" lon="6.063707">
        <ele>0.0</ele>
    </trkpt>
    <trkpt lat="43.118253" lon="6.062548">
        <ele>0.0</ele>
    </trkpt>
    <trkpt lat="43.11807" lon="6.061969">
        <ele>0.0</ele>
    </trkpt>
    <trkpt lat="43.117856" lon="6.061014">
        <ele>0.0</ele>
    </trkpt>
    <trkpt lat="43.117706" lon="6.060601">
        <ele>0.0</ele>
    </trkpt>
    <trkpt lat="43.117523" lon="6.060242">
        <ele>0.0</ele>
    </trkpt>
    <trkpt lat="43.117298" lon="6.05993">
        <ele>0.0</ele>
    </trkpt>
    <trkpt lat="43.116558" lon="6.059067">
        <ele>0.0</ele>
    </trkpt>
    <trkpt lat="43.116295" lon="6.058686">
        <ele>0.0</ele>
    </trkpt>
    <trkpt lat="43.115742" lon="6.057447">
        <ele>0.0</ele>
    </trkpt>
    <trkpt lat="43.115453" lon="6.056953">
        <ele>0.0</ele>
    </trkpt>
    <trkpt lat="43.115056" lon="6.056508">
        <ele>0.0</ele>
    </trkpt>
    <trkpt lat="43.11438" lon="6.055939">
        <ele>0.0</ele>
    </trkpt>
    <trkpt lat="43.114181" lon="6.055735">
        <ele>0.0</ele>
    </trkpt>
    <trkpt lat="43.113843" lon="6.055247">
        <ele>0.0</ele>
    </trkpt>
    <trkpt lat="43.113387" lon="6.054475">
        <ele>0.0</ele>
    </trkpt>
    <trkpt lat="43.112626" lon="6.053563">
        <ele>0.0</ele>
    </trkpt>
    <trkpt lat="43.1121" lon="6.052812">
        <ele>0.0</ele>
    </trkpt>
    <trkpt lat="43.111617" lon="6.051803">
        <ele>0.0</ele>
    </trkpt>
    <trkpt lat="43.111558" lon="6.051551">
        <ele>0.0</ele>
    </trkpt>
    <trkpt lat="43.111376" lon="6.051084">
        <ele>0.0</ele>
    </trkpt>
    <trkpt lat="43.110727" lon="6.049845">
        <ele>0.0</ele>
    </trkpt>
    <trkpt lat="43.110056" lon="6.048778">
        <ele>0.0</ele>
    </trkpt>
    <trkpt lat="43.109729" lon="6.048392">
        <ele>0.0</ele>
    </trkpt>
    <trkpt lat="43.109192" lon="6.047871">
        <ele>0.0</ele>
    </trkpt>
    <trkpt lat="43.109015" lon="6.04763">
        <ele>0.0</ele>
    </trkpt>
    <trkpt lat="43.108849" lon="6.047335">
        <ele>0.0</ele>
    </trkpt>
    <trkpt lat="43.108811" lon="6.047056">
        <ele>0.0</ele>
    </trkpt>
    <trkpt lat="43.108683" lon="6.046873">
        <ele>0.0</ele>
    </trkpt>
    <trkpt lat="43.108677" lon="6.046804">
        <ele>0.0</ele>
    </trkpt>
    <trkpt lat="43.108779" lon="6.046632">
        <ele>0.0</ele>
    </trkpt>
    <trkpt lat="43.108822" lon="6.04646">
        <ele>0.0</ele>
    </trkpt>
    <trkpt lat="43.108903" lon="6.045913">
        <ele>0.0</ele>
    </trkpt>
    <trkpt lat="43.108935" lon="6.045055">
        <ele>0.0</ele>
    </trkpt>
    <trkpt lat="43.10916" lon="6.043826">
        <ele>0.0</ele>
    </trkpt>
    <trkpt lat="43.109139" lon="6.043392">
        <ele>0.0</ele>
    </trkpt>
    <trkpt lat="43.108956" lon="6.04292">
        <ele>0.0</ele>
    </trkpt>
    <trkpt lat="43.108854" lon="6.042512">
        <ele>0.0</ele>
    </trkpt>
    <trkpt lat="43.108763" lon="6.041922">
        <ele>0.0</ele>
    </trkpt>
    <trkpt lat="43.108806" lon="6.041096">
        <ele>0.0</ele>
    </trkpt>
    <trkpt lat="43.108967" lon="6.040189">
        <ele>0.0</ele>
    </trkpt>
    <trkpt lat="43.10901" lon="6.039594">
        <ele>0.0</ele>
    </trkpt>
    <trkpt lat="43.108972" lon="6.039358">
        <ele>0.0</ele>
    </trkpt>
    <trkpt lat="43.108865" lon="6.039106">
        <ele>0.0</ele>
    </trkpt>
    <trkpt lat="43.108758" lon="6.03895">
        <ele>0.0</ele>
    </trkpt>
    <trkpt lat="43.108763" lon="6.03887">
        <ele>0.0</ele>
    </trkpt>
    <trkpt lat="43.108924" lon="6.03858">
        <ele>0.0</ele>
    </trkpt>
    <trkpt lat="43.109042" lon="6.038146">
        <ele>0.0</ele>
    </trkpt>
    <trkpt lat="43.109101" lon="6.037421">
        <ele>0.0</ele>
    </trkpt>
    <trkpt lat="43.108715" lon="6.035217">
        <ele>0.0</ele>
    </trkpt>
    <trkpt lat="43.108645" lon="6.035082">
        <ele>0.0</ele>
    </trkpt>
    <trkpt lat="43.108602" lon="6.035125">
        <ele>0.0</ele>
    </trkpt>
    <trkpt lat="43.108645" lon="6.035163">
        <ele>0.0</ele>
    </trkpt>
    <trkpt lat="43.108688" lon="6.035023">
        <ele>0.0</ele>
    </trkpt>
    <trkpt lat="43.108613" lon="6.034787">
        <ele>0.0</ele>
    </trkpt>
    <trkpt lat="43.108404" lon="6.034321">
        <ele>0.0</ele>
    </trkpt>
    <trkpt lat="43.108173" lon="6.033602">
        <ele>0.0</ele>
    </trkpt>
    <trkpt lat="43.107959" lon="6.032014">
        <ele>0.0</ele>
    </trkpt>
    <trkpt lat="43.107835" lon="6.031408">
        <ele>0.0</ele>
    </trkpt>
    <trkpt lat="43.107985" lon="6.031215">
        <ele>0.0</ele>
    </trkpt>
    <trkpt lat="43.108119" lon="6.031274">
        <ele>0.0</ele>
    </trkpt>
    <trkpt lat="43.1082" lon="6.031268">
        <ele>0.0</ele>
    </trkpt>
    <trkpt lat="43.108516" lon="6.031172">
        <ele>0.0</ele>
    </trkpt>
    <trkpt lat="43.108629" lon="6.031322">
        <ele>0.0</ele>
    </trkpt>
    <trkpt lat="43.108592" lon="6.031365">
        <ele>0.0</ele>
    </trkpt>
    <trkpt lat="43.108581" lon="6.031504">
        <ele>0.0</ele>
    </trkpt>
    <trkpt lat="43.108629" lon="6.031488">
        <ele>0.0</ele>
    </trkpt>
    <trkpt lat="43.108592" lon="6.031542">
        <ele>0.0</ele>
    </trkpt>
    <trkpt lat="43.108618" lon="6.031209">
        <ele>0.0</ele>
    </trkpt>
    <trkpt lat="43.108795" lon="6.031488">
        <ele>0.0</ele>
    </trkpt>
    <trkpt lat="43.10872" lon="6.03152">
        <ele>0.0</ele>
    </trkpt>
    <trkpt lat="43.108811" lon="6.031365">
        <ele>0.0</ele>
    </trkpt>
    <trkpt lat="43.108629" lon="6.031424">
        <ele>0.0</ele>
    </trkpt>
    <trkpt lat="43.108683" lon="6.031461">
        <ele>0.0</ele>
    </trkpt>
    <trkpt lat="43.108618" lon="6.03151">
        <ele>0.0</ele>
    </trkpt>
    <trkpt lat="43.108581" lon="6.031596">
        <ele>0.0</ele>
    </trkpt>
    <trkpt lat="43.108549" lon="6.031451">
        <ele>0.0</ele>
    </trkpt>
    <trkpt lat="43.108602" lon="6.031376">
        <ele>0.0</ele>
    </trkpt>
    <trkpt lat="43.108785" lon="6.031306">
        <ele>0.0</ele>
    </trkpt>
    <trkpt lat="43.108811" lon="6.031242">
        <ele>0.0</ele>
    </trkpt>
    <trkpt lat="43.10886" lon="6.03122">
        <ele>0.0</ele>
    </trkpt>
    <trkpt lat="43.108929" lon="6.031038">
        <ele>0.0</ele>
    </trkpt>
    <trkpt lat="43.108972" lon="6.031005">
        <ele>0.0</ele>
    </trkpt>
    <trkpt lat="43.10894" lon="6.03107">
        <ele>0.0</ele>
    </trkpt>
    <trkpt lat="43.108892" lon="6.031016">
        <ele>0.0</ele>
    </trkpt>
    <trkpt lat="43.108811" lon="6.031129">
        <ele>0.0</ele>
    </trkpt>
    <trkpt lat="43.108806" lon="6.031064">
        <ele>0.0</ele>
    </trkpt>
    <trkpt lat="43.108677" lon="6.031064">
        <ele>0.0</ele>
    </trkpt>
    <trkpt lat="43.108527" lon="6.031172">
        <ele>0.0</ele>
    </trkpt>
    <trkpt lat="43.108506" lon="6.031231">
        <ele>0.0</ele>
    </trkpt>
    <trkpt lat="43.108538" lon="6.03136">
        <ele>0.0</ele>
    </trkpt>
    <trkpt lat="43.108608" lon="6.031333">
        <ele>0.0</ele>
    </trkpt>
    <trkpt lat="43.108656" lon="6.031381">
        <ele>0.0</ele>
    </trkpt>
    <trkpt lat="43.108629" lon="6.031456">
        <ele>0.0</ele>
    </trkpt>
    <trkpt lat="43.108656" lon="6.031504">
        <ele>0.0</ele>
    </trkpt>
    <trkpt lat="43.108672" lon="6.031429">
        <ele>0.0</ele>
    </trkpt>
    <trkpt lat="43.108624" lon="6.031429">
        <ele>0.0</ele>
    </trkpt>
    <trkpt lat="43.108581" lon="6.031542">
        <ele>0.0</ele>
    </trkpt>
    <trkpt lat="43.108581" lon="6.031606">
        <ele>0.0</ele>
    </trkpt>
    <trkpt lat="43.108629" lon="6.031622">
        <ele>0.0</ele>
    </trkpt>
    <trkpt lat="43.108586" lon="6.03151">
        <ele>0.0</ele>
    </trkpt>
    <trkpt lat="43.108608" lon="6.031451">
        <ele>0.0</ele>
    </trkpt>
    <trkpt lat="43.108506" lon="6.031429">
        <ele>0.0</ele>
    </trkpt>
    <trkpt lat="43.108516" lon="6.031365">
        <ele>0.0</ele>
    </trkpt>
    <trkpt lat="43.108484" lon="6.031301">
        <ele>0.0</ele>
    </trkpt>
    <trkpt lat="43.108549" lon="6.031118">
        <ele>0.0</ele>
    </trkpt>
    <trkpt lat="43.108533" lon="6.030828">
        <ele>0.0</ele>
    </trkpt>
    <trkpt lat="43.108511" lon="6.030705">
        <ele>0.0</ele>
    </trkpt>
    <trkpt lat="43.108436" lon="6.030603">
        <ele>0.0</ele>
    </trkpt>
    <trkpt lat="43.108286" lon="6.03055">
        <ele>0.0</ele>
    </trkpt>
    <trkpt lat="43.108168" lon="6.030592">
        <ele>0.0</ele>
    </trkpt>
    <trkpt lat="43.107964" lon="6.030721">
        <ele>0.0</ele>
    </trkpt>
    <trkpt lat="43.107819" lon="6.030635">
        <ele>0.0</ele>
    </trkpt>
    <trkpt lat="43.107765" lon="6.030662">
        <ele>0.0</ele>
    </trkpt>
    <trkpt lat="43.107712" lon="6.030619">
        <ele>0.0</ele>
    </trkpt>
    <trkpt lat="43.107685" lon="6.030206">
        <ele>0.0</ele>
    </trkpt>
    <trkpt lat="43.107588" lon="6.029584">
        <ele>0.0</ele>
    </trkpt>
    <trkpt lat="43.107481" lon="6.029187">
        <ele>0.0</ele>
    </trkpt>
    <trkpt lat="43.107406" lon="6.029031">
        <ele>0.0</ele>
    </trkpt>
    <trkpt lat="43.107283" lon="6.028629">
        <ele>0.0</ele>
    </trkpt>
    <trkpt lat="43.106902" lon="6.026719">
        <ele>0.0</ele>
    </trkpt>
    <trkpt lat="43.106805" lon="6.026381">
        <ele>0.0</ele>
    </trkpt>
    <trkpt lat="43.106768" lon="6.02585">
        <ele>0.0</ele>
    </trkpt>
    <trkpt lat="43.106778" lon="6.025475">
        <ele>0.0</ele>
    </trkpt>
    <trkpt lat="43.106644" lon="6.025013">
        <ele>0.0</ele>
    </trkpt>
    <trkpt lat="43.106639" lon="6.024783">
        <ele>0.0</ele>
    </trkpt>
    <trkpt lat="43.106505" lon="6.023989">
        <ele>0.0</ele>
    </trkpt>
    <trkpt lat="43.10644" lon="6.023721">
        <ele>0.0</ele>
    </trkpt>
    <trkpt lat="43.10636" lon="6.023629">
        <ele>0.0</ele>
    </trkpt>
    <trkpt lat="43.106328" lon="6.023678">
        <ele>0.0</ele>
    </trkpt>
    <trkpt lat="43.106301" lon="6.023619">
        <ele>0.0</ele>
    </trkpt>
    <trkpt lat="43.106371" lon="6.02334">
        <ele>0.0</ele>
    </trkpt>
    <trkpt lat="43.10643" lon="6.022487">
        <ele>0.0</ele>
    </trkpt>
    <trkpt lat="43.106462" lon="6.022433">
        <ele>0.0</ele>
    </trkpt>
    <trkpt lat="43.106521" lon="6.022422">
        <ele>0.0</ele>
    </trkpt>
    <trkpt lat="43.106564" lon="6.022337">
        <ele>0.0</ele>
    </trkpt>
    <trkpt lat="43.106634" lon="6.021468">
        <ele>0.0</ele>
    </trkpt>
    <trkpt lat="43.106714" lon="6.021189">
        <ele>0.0</ele>
    </trkpt>
    <trkpt lat="43.106698" lon="6.021065">
        <ele>0.0</ele>
    </trkpt>
    <trkpt lat="43.106821" lon="6.020384">
        <ele>0.0</ele>
    </trkpt>
    <trkpt lat="43.106934" lon="6.019349">
        <ele>0.0</ele>
    </trkpt>
    <trkpt lat="43.106955" lon="6.019134">
        <ele>0.0</ele>
    </trkpt>
    <trkpt lat="43.106902" lon="6.018528">
        <ele>0.0</ele>
    </trkpt>
    <trkpt lat="43.106886" lon="6.017863">
        <ele>0.0</ele>
    </trkpt>
  </trkseg>
</trk>
<trk>
  <name>2011/09/08 15:54:00</name>
  <extensions>
  </extensions>
  <trkseg>
    <trkpt lat="43.106886" lon="6.017798">
        <ele>0.0</ele>
    </trkpt>
    <trkpt lat="43.1068" lon="6.016709">
        <ele>0.0</ele>
    </trkpt>
    <trkpt lat="43.106768" lon="6.01583">
        <ele>0.0</ele>
    </trkpt>
    <trkpt lat="43.106778" lon="6.015502">
        <ele>0.0</ele>
    </trkpt>
    <trkpt lat="43.106848" lon="6.015121">
        <ele>0.0</ele>
    </trkpt>
    <trkpt lat="43.106988" lon="6.014751">
        <ele>0.0</ele>
    </trkpt>
    <trkpt lat="43.107084" lon="6.014606">
        <ele>0.0</ele>
    </trkpt>
    <trkpt lat="43.107712" lon="6.013941">
        <ele>0.0</ele>
    </trkpt>
    <trkpt lat="43.108018" lon="6.013496">
        <ele>0.0</ele>
    </trkpt>
    <trkpt lat="43.108345" lon="6.01275">
        <ele>0.0</ele>
    </trkpt>
    <trkpt lat="43.108468" lon="6.012353">
        <ele>0.0</ele>
    </trkpt>
    <trkpt lat="43.108468" lon="6.012166">
        <ele>0.0</ele>
    </trkpt>
    <trkpt lat="43.108533" lon="6.011865">
        <ele>0.0</ele>
    </trkpt>
    <trkpt lat="43.108559" lon="6.011474">
        <ele>0.0</ele>
    </trkpt>
    <trkpt lat="43.108575" lon="6.010352">
        <ele>0.0</ele>
    </trkpt>
    <trkpt lat="43.108629" lon="6.010127">
        <ele>0.0</ele>
    </trkpt>
    <trkpt lat="43.108597" lon="6.009875">
        <ele>0.0</ele>
    </trkpt>
    <trkpt lat="43.108597" lon="6.008003">
        <ele>0.0</ele>
    </trkpt>
    <trkpt lat="43.108661" lon="6.006463">
        <ele>0.0</ele>
    </trkpt>
    <trkpt lat="43.108956" lon="6.004017">
        <ele>0.0</ele>
    </trkpt>
    <trkpt lat="43.109262" lon="6.002526">
        <ele>0.0</ele>
    </trkpt>
    <trkpt lat="43.10938" lon="6.002086">
        <ele>0.0</ele>
    </trkpt>
    <trkpt lat="43.10945" lon="6.00134">
        <ele>0.0</ele>
    </trkpt>
    <trkpt lat="43.109461" lon="6.000337">
        <ele>0.0</ele>
    </trkpt>
    <trkpt lat="43.109423" lon="6.000187">
        <ele>0.0</ele>
    </trkpt>
    <trkpt lat="43.109428" lon="6.000021">
        <ele>0.0</ele>
    </trkpt>
    <trkpt lat="43.109541" lon="5.999608">
        <ele>0.0</ele>
    </trkpt>
    <trkpt lat="43.109632" lon="5.999425">
        <ele>0.0</ele>
    </trkpt>
    <trkpt lat="43.109638" lon="5.999275">
        <ele>0.0</ele>
    </trkpt>
    <trkpt lat="43.109874" lon="5.998653">
        <ele>0.0</ele>
    </trkpt>
    <trkpt lat="43.110083" lon="5.998234">
        <ele>0.0</ele>
    </trkpt>
    <trkpt lat="43.110249" lon="5.997698">
        <ele>0.0</ele>
    </trkpt>
    <trkpt lat="43.110678" lon="5.996614">
        <ele>0.0</ele>
    </trkpt>
    <trkpt lat="43.110984" lon="5.995697">
        <ele>0.0</ele>
    </trkpt>
    <trkpt lat="43.11144" lon="5.994522">
        <ele>0.0</ele>
    </trkpt>
    <trkpt lat="43.111553" lon="5.994109">
        <ele>0.0</ele>
    </trkpt>
    <trkpt lat="43.111751" lon="5.99309">
        <ele>0.0</ele>
    </trkpt>
    <trkpt lat="43.111773" lon="5.992822">
        <ele>0.0</ele>
    </trkpt>
    <trkpt lat="43.111794" lon="5.990601">
        <ele>0.0</ele>
    </trkpt>
    <trkpt lat="43.111858" lon="5.990198">
        <ele>0.0</ele>
    </trkpt>
    <trkpt lat="43.112068" lon="5.989528">
        <ele>0.0</ele>
    </trkpt>
    <trkpt lat="43.11232" lon="5.988535">
        <ele>0.0</ele>
    </trkpt>
    <trkpt lat="43.112567" lon="5.987859">
        <ele>0.0</ele>
    </trkpt>
    <trkpt lat="43.11277" lon="5.9872">
        <ele>0.0</ele>
    </trkpt>
    <trkpt lat="43.112813" lon="5.986958">
        <ele>0.0</ele>
    </trkpt>
    <trkpt lat="43.112937" lon="5.986636">
        <ele>0.0</ele>
    </trkpt>
    <trkpt lat="43.113827" lon="5.985429">
        <ele>0.0</ele>
    </trkpt>
    <trkpt lat="43.114144" lon="5.984877">
        <ele>0.0</ele>
    </trkpt>
    <trkpt lat="43.114739" lon="5.984088">
        <ele>0.0</ele>
    </trkpt>
    <trkpt lat="43.115045" lon="5.983734">
        <ele>0.0</ele>
    </trkpt>
    <trkpt lat="43.115211" lon="5.983423">
        <ele>0.0</ele>
    </trkpt>
    <trkpt lat="43.115335" lon="5.982978">
        <ele>0.0</ele>
    </trkpt>
    <trkpt lat="43.11556" lon="5.981857">
        <ele>0.0</ele>
    </trkpt>
    <trkpt lat="43.115528" lon="5.981395">
        <ele>0.0</ele>
    </trkpt>
    <trkpt lat="43.115437" lon="5.981047">
        <ele>0.0</ele>
    </trkpt>
    <trkpt lat="43.11542" lon="5.98058">
        <ele>0.0</ele>
    </trkpt>
    <trkpt lat="43.115447" lon="5.980376">
        <ele>0.0</ele>
    </trkpt>
    <trkpt lat="43.115614" lon="5.979523">
        <ele>0.0</ele>
    </trkpt>
    <trkpt lat="43.115914" lon="5.978295">
        <ele>0.0</ele>
    </trkpt>
    <trkpt lat="43.116123" lon="5.97661">
        <ele>0.0</ele>
    </trkpt>
    <trkpt lat="43.116338" lon="5.975881">
        <ele>0.0</ele>
    </trkpt>
    <trkpt lat="43.116563" lon="5.975468">
        <ele>0.0</ele>
    </trkpt>
    <trkpt lat="43.116724" lon="5.975049">
        <ele>0.0</ele>
    </trkpt>
    <trkpt lat="43.116783" lon="5.974652">
        <ele>0.0</ele>
    </trkpt>
    <trkpt lat="43.116767" lon="5.973789">
        <ele>0.0</ele>
    </trkpt>
    <trkpt lat="43.116804" lon="5.97359">
        <ele>0.0</ele>
    </trkpt>
    <trkpt lat="43.117046" lon="5.972936">
        <ele>0.0</ele>
    </trkpt>
    <trkpt lat="43.117293" lon="5.972539">
        <ele>0.0</ele>
    </trkpt>
    <trkpt lat="43.117523" lon="5.971798">
        <ele>0.0</ele>
    </trkpt>
    <trkpt lat="43.117593" lon="5.971707">
        <ele>0.0</ele>
    </trkpt>
    <trkpt lat="43.117711" lon="5.971407">
        <ele>0.0</ele>
    </trkpt>
    <trkpt lat="43.117904" lon="5.971112">
        <ele>0.0</ele>
    </trkpt>
    <trkpt lat="43.11806" lon="5.970951">
        <ele>0.0</ele>
    </trkpt>
    <trkpt lat="43.118097" lon="5.97086">
        <ele>0.0</ele>
    </trkpt>
    <trkpt lat="43.118435" lon="5.970479">
        <ele>0.0</ele>
    </trkpt>
    <trkpt lat="43.118714" lon="5.970098">
        <ele>0.0</ele>
    </trkpt>
    <trkpt lat="43.119251" lon="5.969626">
        <ele>0.0</ele>
    </trkpt>
    <trkpt lat="43.119583" lon="5.969293">
        <ele>0.0</ele>
    </trkpt>
    <trkpt lat="43.119862" lon="5.969089">
        <ele>0.0</ele>
    </trkpt>
    <trkpt lat="43.120028" lon="5.968912">
        <ele>0.0</ele>
    </trkpt>
    <trkpt lat="43.120141" lon="5.968837">
        <ele>0.0</ele>
    </trkpt>
    <trkpt lat="43.120324" lon="5.968628">
        <ele>0.0</ele>
    </trkpt>
    <trkpt lat="43.120543" lon="5.968462">
        <ele>0.0</ele>
    </trkpt>
    <trkpt lat="43.121069" lon="5.967877">
        <ele>0.0</ele>
    </trkpt>
    <trkpt lat="43.121337" lon="5.967657">
        <ele>0.0</ele>
    </trkpt>
    <trkpt lat="43.121627" lon="5.967507">
        <ele>0.0</ele>
    </trkpt>
    <trkpt lat="43.121702" lon="5.967485">
        <ele>0.0</ele>
    </trkpt>
    <trkpt lat="43.122003" lon="5.967507">
        <ele>0.0</ele>
    </trkpt>
    <trkpt lat="43.122212" lon="5.967432">
        <ele>0.0</ele>
    </trkpt>
    <trkpt lat="43.122314" lon="5.967357">
        <ele>0.0</ele>
    </trkpt>
    <trkpt lat="43.122577" lon="5.967083">
        <ele>0.0</ele>
    </trkpt>
    <trkpt lat="43.122754" lon="5.966724">
        <ele>0.0</ele>
    </trkpt>
    <trkpt lat="43.122829" lon="5.966257">
        <ele>0.0</ele>
    </trkpt>
    <trkpt lat="43.122791" lon="5.965747">
        <ele>0.0</ele>
    </trkpt>
    <trkpt lat="43.122335" lon="5.964776">
        <ele>0.0</ele>
    </trkpt>
    <trkpt lat="43.122244" lon="5.96439">
        <ele>0.0</ele>
    </trkpt>
    <trkpt lat="43.122244" lon="5.964031">
        <ele>0.0</ele>
    </trkpt>
    <trkpt lat="43.122319" lon="5.963752">
        <ele>0.0</ele>
    </trkpt>
    <trkpt lat="43.122314" lon="5.963548">
        <ele>0.0</ele>
    </trkpt>
    <trkpt lat="43.122378" lon="5.963392">
        <ele>0.0</ele>
    </trkpt>
    <trkpt lat="43.122587" lon="5.963022">
        <ele>0.0</ele>
    </trkpt>
    <trkpt lat="43.122931" lon="5.96255">
        <ele>0.0</ele>
    </trkpt>
    <trkpt lat="43.123172" lon="5.962035">
        <ele>0.0</ele>
    </trkpt>
    <trkpt lat="43.123349" lon="5.961386">
        <ele>0.0</ele>
    </trkpt>
    <trkpt lat="43.123381" lon="5.961059">
        <ele>0.0</ele>
    </trkpt>
    <trkpt lat="43.123365" lon="5.960388">
        <ele>0.0</ele>
    </trkpt>
    <trkpt lat="43.123317" lon="5.960099">
        <ele>0.0</ele>
    </trkpt>
    <trkpt lat="43.122963" lon="5.958752">
        <ele>0.0</ele>
    </trkpt>
    <trkpt lat="43.122566" lon="5.957781">
        <ele>0.0</ele>
    </trkpt>
    <trkpt lat="43.121911" lon="5.95577">
        <ele>0.0</ele>
    </trkpt>
    <trkpt lat="43.121691" lon="5.95526">
        <ele>0.0</ele>
    </trkpt>
    <trkpt lat="43.121423" lon="5.954412">
        <ele>0.0</ele>
    </trkpt>
    <trkpt lat="43.121075" lon="5.953549">
        <ele>0.0</ele>
    </trkpt>
    <trkpt lat="43.120769" lon="5.952916">
        <ele>0.0</ele>
    </trkpt>
    <trkpt lat="43.12057" lon="5.952352">
        <ele>0.0</ele>
    </trkpt>
    <trkpt lat="43.120399" lon="5.951467">
        <ele>0.0</ele>
    </trkpt>
    <trkpt lat="43.12012" lon="5.95063">
        <ele>0.0</ele>
    </trkpt>
    <trkpt lat="43.119975" lon="5.949912">
        <ele>0.0</ele>
    </trkpt>
    <trkpt lat="43.119943" lon="5.94901">
        <ele>0.0</ele>
    </trkpt>
    <trkpt lat="43.11998" lon="5.948817">
        <ele>0.0</ele>
    </trkpt>
    <trkpt lat="43.119943" lon="5.948613">
        <ele>0.0</ele>
    </trkpt>
    <trkpt lat="43.11976" lon="5.948141">
        <ele>0.0</ele>
    </trkpt>
    <trkpt lat="43.119658" lon="5.94798">
        <ele>0.0</ele>
    </trkpt>
    <trkpt lat="43.119605" lon="5.947718">
        <ele>0.0</ele>
    </trkpt>
    <trkpt lat="43.119395" lon="5.947455">
        <ele>0.0</ele>
    </trkpt>
    <trkpt lat="43.118543" lon="5.946092">
        <ele>0.0</ele>
    </trkpt>
    <trkpt lat="43.118366" lon="5.945883">
        <ele>0.0</ele>
    </trkpt>
    <trkpt lat="43.1177" lon="5.944735">
        <ele>0.0</ele>
    </trkpt>
    <trkpt lat="43.116858" lon="5.943458">
        <ele>0.0</ele>
    </trkpt>
    <trkpt lat="43.116493" lon="5.943158">
        <ele>0.0</ele>
    </trkpt>
    <trkpt lat="43.116375" lon="5.94326">
        <ele>0.0</ele>
    </trkpt>
    <trkpt lat="43.116311" lon="5.943265">
        <ele>0.0</ele>
    </trkpt>
    <trkpt lat="43.116112" lon="5.943152">
        <ele>0.0</ele>
    </trkpt>
    <trkpt lat="43.11585" lon="5.943109">
        <ele>0.0</ele>
    </trkpt>
    <trkpt lat="43.115447" lon="5.943201">
        <ele>0.0</ele>
    </trkpt>
    <trkpt lat="43.115383" lon="5.94326">
        <ele>0.0</ele>
    </trkpt>
    <trkpt lat="43.114948" lon="5.944472">
        <ele>0.0</ele>
    </trkpt>
    <trkpt lat="43.114836" lon="5.944713">
        <ele>0.0</ele>
    </trkpt>
    <trkpt lat="43.114798" lon="5.944767">
        <ele>0.0</ele>
    </trkpt>
    <trkpt lat="43.114809" lon="5.944703">
        <ele>0.0</ele>
    </trkpt>
    <trkpt lat="43.114782" lon="5.944756">
        <ele>0.0</ele>
    </trkpt>
    <trkpt lat="43.114739" lon="5.944912">
        <ele>0.0</ele>
    </trkpt>
    <trkpt lat="43.114444" lon="5.945502">
        <ele>0.0</ele>
    </trkpt>
    <trkpt lat="43.114289" lon="5.946044">
        <ele>0.0</ele>
    </trkpt>
    <trkpt lat="43.113988" lon="5.946629">
        <ele>0.0</ele>
    </trkpt>
    <trkpt lat="43.113489" lon="5.947809">
        <ele>0.0</ele>
    </trkpt>
    <trkpt lat="43.113377" lon="5.948007">
        <ele>0.0</ele>
    </trkpt>
    <trkpt lat="43.113344" lon="5.948216">
        <ele>0.0</ele>
    </trkpt>
    <trkpt lat="43.1132" lon="5.948511">
        <ele>0.0</ele>
    </trkpt>
    <trkpt lat="43.113071" lon="5.948597">
        <ele>0.0</ele>
    </trkpt>
    <trkpt lat="43.11277" lon="5.949364">
        <ele>0.0</ele>
    </trkpt>
    <trkpt lat="43.112486" lon="5.949858">
        <ele>0.0</ele>
    </trkpt>
    <trkpt lat="43.112143" lon="5.950791">
        <ele>0.0</ele>
    </trkpt>
    <trkpt lat="43.111901" lon="5.951043">
        <ele>0.0</ele>
    </trkpt>
    <trkpt lat="43.111622" lon="5.951108">
        <ele>0.0</ele>
    </trkpt>
    <trkpt lat="43.111472" lon="5.951076">
        <ele>0.0</ele>
    </trkpt>
    <trkpt lat="43.111327" lon="5.951081">
        <ele>0.0</ele>
    </trkpt>
    <trkpt lat="43.11114" lon="5.951199">
        <ele>0.0</ele>
    </trkpt>
    <trkpt lat="43.110968" lon="5.951355">
        <ele>0.0</ele>
    </trkpt>
    <trkpt lat="43.110893" lon="5.951805">
        <ele>0.0</ele>
    </trkpt>
    <trkpt lat="43.110947" lon="5.952186">
        <ele>0.0</ele>
    </trkpt>
    <trkpt lat="43.110957" lon="5.952755">
        <ele>0.0</ele>
    </trkpt>
    <trkpt lat="43.110786" lon="5.952953">
        <ele>0.0</ele>
    </trkpt>
    <trkpt lat="43.110523" lon="5.953189">
        <ele>0.0</ele>
    </trkpt>
    <trkpt lat="43.110378" lon="5.953189">
        <ele>0.0</ele>
    </trkpt>
    <trkpt lat="43.110163" lon="5.953264">
        <ele>0.0</ele>
    </trkpt>
    <trkpt lat="43.109799" lon="5.953468">
        <ele>0.0</ele>
    </trkpt>
    <trkpt lat="43.109369" lon="5.953495">
        <ele>0.0</ele>
    </trkpt>
    <trkpt lat="43.108726" lon="5.953339">
        <ele>0.0</ele>
    </trkpt>
    <trkpt lat="43.108634" lon="5.953254">
        <ele>0.0</ele>
    </trkpt>
    <trkpt lat="43.108645" lon="5.953012">
        <ele>0.0</ele>
    </trkpt>
    <trkpt lat="43.108608" lon="5.952814">
        <ele>0.0</ele>
    </trkpt>
    <trkpt lat="43.108672" lon="5.952706">
        <ele>0.0</ele>
    </trkpt>
    <trkpt lat="43.108656" lon="5.952486">
        <ele>0.0</ele>
    </trkpt>
    <trkpt lat="43.108559" lon="5.952395">
        <ele>0.0</ele>
    </trkpt>
    <trkpt lat="43.108516" lon="5.952277">
        <ele>0.0</ele>
    </trkpt>
    <trkpt lat="43.108415" lon="5.952213">
        <ele>0.0</ele>
    </trkpt>
    <trkpt lat="43.108302" lon="5.952234">
        <ele>0.0</ele>
    </trkpt>
    <trkpt lat="43.108152" lon="5.952406">
        <ele>0.0</ele>
    </trkpt>
    <trkpt lat="43.108071" lon="5.952299">
        <ele>0.0</ele>
    </trkpt>
    <trkpt lat="43.107964" lon="5.951929">
        <ele>0.0</ele>
    </trkpt>
    <trkpt lat="43.107873" lon="5.951789">
        <ele>0.0</ele>
    </trkpt>
    <trkpt lat="43.107808" lon="5.951762">
        <ele>0.0</ele>
    </trkpt>
    <trkpt lat="43.107722" lon="5.951773">
        <ele>0.0</ele>
    </trkpt>
    <trkpt lat="43.107583" lon="5.951848">
        <ele>0.0</ele>
    </trkpt>
    <trkpt lat="43.107395" lon="5.951853">
        <ele>0.0</ele>
    </trkpt>
    <trkpt lat="43.107025" lon="5.951698">
        <ele>0.0</ele>
    </trkpt>
    <trkpt lat="43.106757" lon="5.951714">
        <ele>0.0</ele>
    </trkpt>
    <trkpt lat="43.106778" lon="5.951768">
        <ele>0.0</ele>
    </trkpt>
    <trkpt lat="43.106827" lon="5.951778">
        <ele>0.0</ele>
    </trkpt>
    <trkpt lat="43.106853" lon="5.951725">
        <ele>0.0</ele>
    </trkpt>
    <trkpt lat="43.106816" lon="5.951499">
        <ele>0.0</ele>
    </trkpt>
    <trkpt lat="43.106848" lon="5.951194">
        <ele>0.0</ele>
    </trkpt>
    <trkpt lat="43.106837" lon="5.950228">
        <ele>0.0</ele>
    </trkpt>
    <trkpt lat="43.106875" lon="5.95011">
        <ele>0.0</ele>
    </trkpt>
    <trkpt lat="43.106918" lon="5.950067">
        <ele>0.0</ele>
    </trkpt>
    <trkpt lat="43.107138" lon="5.950019">
        <ele>0.0</ele>
    </trkpt>
    <trkpt lat="43.107309" lon="5.949922">
        <ele>0.0</ele>
    </trkpt>
    <trkpt lat="43.107444" lon="5.949783">
        <ele>0.0</ele>
    </trkpt>
    <trkpt lat="43.107588" lon="5.949525">
        <ele>0.0</ele>
    </trkpt>
    <trkpt lat="43.107685" lon="5.949252">
        <ele>0.0</ele>
    </trkpt>
    <trkpt lat="43.107717" lon="5.949053">
        <ele>0.0</ele>
    </trkpt>
    <trkpt lat="43.107739" lon="5.948764">
        <ele>0.0</ele>
    </trkpt>
    <trkpt lat="43.107717" lon="5.948458">
        <ele>0.0</ele>
    </trkpt>
    <trkpt lat="43.107739" lon="5.948517">
        <ele>0.0</ele>
    </trkpt>
    <trkpt lat="43.107706" lon="5.94915">
        <ele>0.0</ele>
    </trkpt>
    <trkpt lat="43.107562" lon="5.949536">
        <ele>0.0</ele>
    </trkpt>
    <trkpt lat="43.107342" lon="5.949938">
        <ele>0.0</ele>
    </trkpt>
    <trkpt lat="43.107379" lon="5.949885">
        <ele>0.0</ele>
    </trkpt>
    <trkpt lat="43.107175" lon="5.949981">
        <ele>0.0</ele>
    </trkpt>
    <trkpt lat="43.107122" lon="5.949976">
        <ele>0.0</ele>
    </trkpt>
    <trkpt lat="43.107224" lon="5.949944">
        <ele>0.0</ele>
    </trkpt>
    <trkpt lat="43.107728" lon="5.948222">
        <ele>0.0</ele>
    </trkpt>
    <trkpt lat="43.107395" lon="5.948136">
        <ele>0.0</ele>
    </trkpt>
    <trkpt lat="43.107486" lon="5.948243">
        <ele>0.0</ele>
    </trkpt>
    <trkpt lat="43.107535" lon="5.948216">
        <ele>0.0</ele>
    </trkpt>
    <trkpt lat="43.107594" lon="5.948233">
        <ele>0.0</ele>
    </trkpt>
    <trkpt lat="43.107696" lon="5.948211">
        <ele>0.0</ele>
    </trkpt>
    <trkpt lat="43.107701" lon="5.94842">
        <ele>0.0</ele>
    </trkpt>
    <trkpt lat="43.107819" lon="5.948576">
        <ele>0.0</ele>
    </trkpt>
    <trkpt lat="43.107873" lon="5.948565">
        <ele>0.0</ele>
    </trkpt>
    <trkpt lat="43.107942" lon="5.948458">
        <ele>0.0</ele>
    </trkpt>
    <trkpt lat="43.107921" lon="5.948318">
        <ele>0.0</ele>
    </trkpt>
    <trkpt lat="43.107964" lon="5.947927">
        <ele>0.0</ele>
    </trkpt>
    <trkpt lat="43.107921" lon="5.947991">
        <ele>0.0</ele>
    </trkpt>
    <trkpt lat="43.107921" lon="5.947911">
        <ele>0.0</ele>
    </trkpt>
    <trkpt lat="43.107782" lon="5.947519">
        <ele>0.0</ele>
    </trkpt>
    <trkpt lat="43.107626" lon="5.94724">
        <ele>0.0</ele>
    </trkpt>
    <trkpt lat="43.107524" lon="5.94695">
        <ele>0.0</ele>
    </trkpt>
    <trkpt lat="43.107562" lon="5.946596">
        <ele>0.0</ele>
    </trkpt>
    <trkpt lat="43.107739" lon="5.946022">
        <ele>0.0</ele>
    </trkpt>
    <trkpt lat="43.107883" lon="5.945298">
        <ele>0.0</ele>
    </trkpt>
    <trkpt lat="43.107905" lon="5.945051">
        <ele>0.0</ele>
    </trkpt>
    <trkpt lat="43.107862" lon="5.944901">
        <ele>0.0</ele>
    </trkpt>
    <trkpt lat="43.107604" lon="5.944542">
        <ele>0.0</ele>
    </trkpt>
    <trkpt lat="43.107594" lon="5.944375">
        <ele>0.0</ele>
    </trkpt>
    <trkpt lat="43.107331" lon="5.943501">
        <ele>0.0</ele>
    </trkpt>
    <trkpt lat="43.107299" lon="5.943238">
        <ele>0.0</ele>
    </trkpt>
    <trkpt lat="43.107336" lon="5.942691">
        <ele>0.0</ele>
    </trkpt>
    <trkpt lat="43.107385" lon="5.942455">
        <ele>0.0</ele>
    </trkpt>
    <trkpt lat="43.107519" lon="5.942139">
        <ele>0.0</ele>
    </trkpt>
    <trkpt lat="43.107701" lon="5.94194">
        <ele>0.0</ele>
    </trkpt>
    <trkpt lat="43.1079" lon="5.941817">
        <ele>0.0</ele>
    </trkpt>
    <trkpt lat="43.108098" lon="5.94157">
        <ele>0.0</ele>
    </trkpt>
    <trkpt lat="43.1082" lon="5.9415">
        <ele>0.0</ele>
    </trkpt>
    <trkpt lat="43.108286" lon="5.941253">
        <ele>0.0</ele>
    </trkpt>
    <trkpt lat="43.108264" lon="5.941173">
        <ele>0.0</ele>
    </trkpt>
    <trkpt lat="43.108313" lon="5.941184">
        <ele>0.0</ele>
    </trkpt>
    <trkpt lat="43.108382" lon="5.940958">
        <ele>0.0</ele>
    </trkpt>
    <trkpt lat="43.108425" lon="5.940905">
        <ele>0.0</ele>
    </trkpt>
    <trkpt lat="43.108946" lon="5.940492">
        <ele>0.0</ele>
    </trkpt>
    <trkpt lat="43.109048" lon="5.940325">
        <ele>0.0</ele>
    </trkpt>
    <trkpt lat="43.10952" lon="5.939907">
        <ele>0.0</ele>
    </trkpt>
    <trkpt lat="43.109632" lon="5.939853">
        <ele>0.0</ele>
    </trkpt>
    <trkpt lat="43.109675" lon="5.939746">
        <ele>0.0</ele>
    </trkpt>
    <trkpt lat="43.109772" lon="5.939692">
        <ele>0.0</ele>
    </trkpt>
    <trkpt lat="43.109997" lon="5.939478">
        <ele>0.0</ele>
    </trkpt>
    <trkpt lat="43.110501" lon="5.939113">
        <ele>0.0</ele>
    </trkpt>
    <trkpt lat="43.110877" lon="5.938796">
        <ele>0.0</ele>
    </trkpt>
    <trkpt lat="43.11093" lon="5.93878">
        <ele>0.0</ele>
    </trkpt>
    <trkpt lat="43.110973" lon="5.938802">
        <ele>0.0</ele>
    </trkpt>
    <trkpt lat="43.111081" lon="5.938673">
        <ele>0.0</ele>
    </trkpt>
    <trkpt lat="43.111199" lon="5.93863">
        <ele>0.0</ele>
    </trkpt>
    <trkpt lat="43.111542" lon="5.938319">
        <ele>0.0</ele>
    </trkpt>
    <trkpt lat="43.111934" lon="5.938233">
        <ele>0.0</ele>
    </trkpt>
    <trkpt lat="43.112143" lon="5.938298">
        <ele>0.0</ele>
    </trkpt>
    <trkpt lat="43.112288" lon="5.938491">
        <ele>0.0</ele>
    </trkpt>
    <trkpt lat="43.112341" lon="5.938614">
        <ele>0.0</ele>
    </trkpt>
    <trkpt lat="43.112529" lon="5.938721">
        <ele>0.0</ele>
    </trkpt>
    <trkpt lat="43.112733" lon="5.938931">
        <ele>0.0</ele>
    </trkpt>
    <trkpt lat="43.112921" lon="5.939392">
        <ele>0.0</ele>
    </trkpt>
    <trkpt lat="43.113017" lon="5.939515">
        <ele>0.0</ele>
    </trkpt>
    <trkpt lat="43.113049" lon="5.93966">
        <ele>0.0</ele>
    </trkpt>
    <trkpt lat="43.1132" lon="5.939918">
        <ele>0.0</ele>
    </trkpt>
    <trkpt lat="43.113452" lon="5.93988">
        <ele>0.0</ele>
    </trkpt>
    <trkpt lat="43.113527" lon="5.939923">
        <ele>0.0</ele>
    </trkpt>
    <trkpt lat="43.114042" lon="5.939526">
        <ele>0.0</ele>
    </trkpt>
    <trkpt lat="43.114117" lon="5.939354">
        <ele>0.0</ele>
    </trkpt>
    <trkpt lat="43.114369" lon="5.939059">
        <ele>0.0</ele>
    </trkpt>
    <trkpt lat="43.115007" lon="5.938421">
        <ele>0.0</ele>
    </trkpt>
    <trkpt lat="43.11526" lon="5.938287">
        <ele>0.0</ele>
    </trkpt>
    <trkpt lat="43.115453" lon="5.938147">
        <ele>0.0</ele>
    </trkpt>
    <trkpt lat="43.115662" lon="5.937885">
        <ele>0.0</ele>
    </trkpt>
    <trkpt lat="43.116053" lon="5.937498">
        <ele>0.0</ele>
    </trkpt>
    <trkpt lat="43.116745" lon="5.936908">
        <ele>0.0</ele>
    </trkpt>
    <trkpt lat="43.117207" lon="5.936452">
        <ele>0.0</ele>
    </trkpt>
    <trkpt lat="43.117309" lon="5.936404">
        <ele>0.0</ele>
    </trkpt>
    <trkpt lat="43.1174" lon="5.936302">
        <ele>0.0</ele>
    </trkpt>
    <trkpt lat="43.11769" lon="5.936704">
        <ele>0.0</ele>
    </trkpt>
    <trkpt lat="43.117781" lon="5.936678">
        <ele>0.0</ele>
    </trkpt>
    <trkpt lat="43.117893" lon="5.936699">
        <ele>0.0</ele>
    </trkpt>
    <trkpt lat="43.11807" lon="5.936817">
        <ele>0.0</ele>
    </trkpt>
    <trkpt lat="43.118612" lon="5.937568">
        <ele>0.0</ele>
    </trkpt>
    <trkpt lat="43.118923" lon="5.937938">
        <ele>0.0</ele>
    </trkpt>
    <trkpt lat="43.119117" lon="5.938437">
        <ele>0.0</ele>
    </trkpt>
    <trkpt lat="43.119251" lon="5.938582">
        <ele>0.0</ele>
    </trkpt>
    <trkpt lat="43.119208" lon="5.93856">
        <ele>0.0</ele>
    </trkpt>
    <trkpt lat="43.11924" lon="5.938619">
        <ele>0.0</ele>
    </trkpt>
    <trkpt lat="43.119294" lon="5.938646">
        <ele>0.0</ele>
    </trkpt>
    <trkpt lat="43.119385" lon="5.938625">
        <ele>0.0</ele>
    </trkpt>
    <trkpt lat="43.119637" lon="5.938834">
        <ele>0.0</ele>
    </trkpt>
    <trkpt lat="43.119996" lon="5.939349">
        <ele>0.0</ele>
    </trkpt>
    <trkpt lat="43.120157" lon="5.939682">
        <ele>0.0</ele>
    </trkpt>
    <trkpt lat="43.120356" lon="5.939934">
        <ele>0.0</ele>
    </trkpt>
    <trkpt lat="43.120415" lon="5.939955">
        <ele>0.0</ele>
    </trkpt>
    <trkpt lat="43.120517" lon="5.940057">
        <ele>0.0</ele>
    </trkpt>
    <trkpt lat="43.12086" lon="5.940556">
        <ele>0.0</ele>
    </trkpt>
    <trkpt lat="43.120994" lon="5.940658">
        <ele>0.0</ele>
    </trkpt>
    <trkpt lat="43.121016" lon="5.940803">
        <ele>0.0</ele>
    </trkpt>
    <trkpt lat="43.121123" lon="5.940712">
        <ele>0.0</ele>
    </trkpt>
    <trkpt lat="43.121187" lon="5.940567">
        <ele>0.0</ele>
    </trkpt>
    <trkpt lat="43.121337" lon="5.940679">
        <ele>0.0</ele>
    </trkpt>
    <trkpt lat="43.121434" lon="5.940508">
        <ele>0.0</ele>
    </trkpt>
    <trkpt lat="43.12145" lon="5.940427">
        <ele>0.0</ele>
    </trkpt>
    <trkpt lat="43.121477" lon="5.94024">
        <ele>0.0</ele>
    </trkpt>
    <trkpt lat="43.121472" lon="5.939698">
        <ele>0.0</ele>
    </trkpt>
    <trkpt lat="43.121557" lon="5.939247">
        <ele>0.0</ele>
    </trkpt>
    <trkpt lat="43.121702" lon="5.939183">
        <ele>0.0</ele>
    </trkpt>
    <trkpt lat="43.121938" lon="5.939263">
        <ele>0.0</ele>
    </trkpt>
    <trkpt lat="43.122088" lon="5.939274">
        <ele>0.0</ele>
    </trkpt>
    <trkpt lat="43.122126" lon="5.939306">
        <ele>0.0</ele>
    </trkpt>
    <trkpt lat="43.122298" lon="5.939215">
        <ele>0.0</ele>
    </trkpt>
    <trkpt lat="43.122437" lon="5.939258">
        <ele>0.0</ele>
    </trkpt>
    <trkpt lat="43.122501" lon="5.939027">
        <ele>0.0</ele>
    </trkpt>
    <trkpt lat="43.122544" lon="5.939054">
        <ele>0.0</ele>
    </trkpt>
    <trkpt lat="43.122636" lon="5.939027">
        <ele>0.0</ele>
    </trkpt>
    <trkpt lat="43.122673" lon="5.938979">
        <ele>0.0</ele>
    </trkpt>
    <trkpt lat="43.12336" lon="5.937686">
        <ele>0.0</ele>
    </trkpt>
    <trkpt lat="43.123531" lon="5.937461">
        <ele>0.0</ele>
    </trkpt>
    <trkpt lat="43.123628" lon="5.937407">
        <ele>0.0</ele>
    </trkpt>
    <trkpt lat="43.123649" lon="5.937348">
        <ele>0.0</ele>
    </trkpt>
    <trkpt lat="43.123708" lon="5.937327">
        <ele>0.0</ele>
    </trkpt>
    <trkpt lat="43.123794" lon="5.937225">
        <ele>0.0</ele>
    </trkpt>
    <trkpt lat="43.123848" lon="5.937075">
        <ele>0.0</ele>
    </trkpt>
    <trkpt lat="43.123923" lon="5.936978">
        <ele>0.0</ele>
    </trkpt>
    <trkpt lat="43.123982" lon="5.936742">
        <ele>0.0</ele>
    </trkpt>
    <trkpt lat="43.124063" lon="5.93664">
        <ele>0.0</ele>
    </trkpt>
    <trkpt lat="43.124079" lon="5.936576">
        <ele>0.0</ele>
    </trkpt>
    <trkpt lat="43.12403" lon="5.936452">
        <ele>0.0</ele>
    </trkpt>
    <trkpt lat="43.124095" lon="5.936141">
        <ele>0.0</ele>
    </trkpt>
    <trkpt lat="43.124213" lon="5.935916">
        <ele>0.0</ele>
    </trkpt>
    <trkpt lat="43.124213" lon="5.935621">
        <ele>0.0</ele>
    </trkpt>
    <trkpt lat="43.124449" lon="5.935143">
        <ele>0.0</ele>
    </trkpt>
    <trkpt lat="43.124577" lon="5.934623">
        <ele>0.0</ele>
    </trkpt>
    <trkpt lat="43.124577" lon="5.934457">
        <ele>0.0</ele>
    </trkpt>
    <trkpt lat="43.124647" lon="5.934076">
        <ele>0.0</ele>
    </trkpt>
    <trkpt lat="43.124765" lon="5.933818">
        <ele>0.0</ele>
    </trkpt>
    <trkpt lat="43.124749" lon="5.933657">
        <ele>0.0</ele>
    </trkpt>
    <trkpt lat="43.124835" lon="5.933464">
        <ele>0.0</ele>
    </trkpt>
    <trkpt lat="43.124803" lon="5.933175">
        <ele>0.0</ele>
    </trkpt>
    <trkpt lat="43.124905" lon="5.932847">
        <ele>0.0</ele>
    </trkpt>
    <trkpt lat="43.124867" lon="5.932525">
        <ele>0.0</ele>
    </trkpt>
    <trkpt lat="43.124905" lon="5.932638">
        <ele>0.0</ele>
    </trkpt>
    <trkpt lat="43.124964" lon="5.932429">
        <ele>0.0</ele>
    </trkpt>
    <trkpt lat="43.125012" lon="5.932466">
        <ele>0.0</ele>
    </trkpt>
    <trkpt lat="43.124937" lon="5.932493">
        <ele>0.0</ele>
    </trkpt>
    <trkpt lat="43.124867" lon="5.932472">
        <ele>0.0</ele>
    </trkpt>
    <trkpt lat="43.12476" lon="5.932488">
        <ele>0.0</ele>
    </trkpt>
    <trkpt lat="43.124712" lon="5.93252">
        <ele>0.0</ele>
    </trkpt>
    <trkpt lat="43.12462" lon="5.932402">
        <ele>0.0</ele>
    </trkpt>
    <trkpt lat="43.124551" lon="5.932359">
        <ele>0.0</ele>
    </trkpt>
    <trkpt lat="43.124529" lon="5.932182">
        <ele>0.0</ele>
    </trkpt>
    <trkpt lat="43.124476" lon="5.932166">
        <ele>0.0</ele>
    </trkpt>
    <trkpt lat="43.12425" lon="5.932193">
        <ele>0.0</ele>
    </trkpt>
    <trkpt lat="43.124164" lon="5.932273">
        <ele>0.0</ele>
    </trkpt>
    <trkpt lat="43.124111" lon="5.932284">
        <ele>0.0</ele>
    </trkpt>
    <trkpt lat="43.1241" lon="5.932424">
        <ele>0.0</ele>
    </trkpt>
    <trkpt lat="43.124052" lon="5.932407">
        <ele>0.0</ele>
    </trkpt>
    <trkpt lat="43.124025" lon="5.932461">
        <ele>0.0</ele>
    </trkpt>
    <trkpt lat="43.123971" lon="5.932005">
        <ele>0.0</ele>
    </trkpt>
    <trkpt lat="43.123928" lon="5.931951">
        <ele>0.0</ele>
    </trkpt>
    <trkpt lat="43.123826" lon="5.931957">
        <ele>0.0</ele>
    </trkpt>
    <trkpt lat="43.1238" lon="5.931801">
        <ele>0.0</ele>
    </trkpt>
    <trkpt lat="43.123864" lon="5.931646">
        <ele>0.0</ele>
    </trkpt>
    <trkpt lat="43.123859" lon="5.931501">
        <ele>0.0</ele>
    </trkpt>
    <trkpt lat="43.123805" lon="5.931501">
        <ele>0.0</ele>
    </trkpt>
    <trkpt lat="43.123773" lon="5.931437">
        <ele>0.0</ele>
    </trkpt>
    <trkpt lat="43.123794" lon="5.931324">
        <ele>0.0</ele>
    </trkpt>
    <trkpt lat="43.123912" lon="5.931104">
        <ele>0.0</ele>
    </trkpt>
    <trkpt lat="43.124095" lon="5.930916">
        <ele>0.0</ele>
    </trkpt>
    <trkpt lat="43.124079" lon="5.930846">
        <ele>0.0</ele>
    </trkpt>
    <trkpt lat="43.124116" lon="5.930718">
        <ele>0.0</ele>
    </trkpt>
    <trkpt lat="43.124068" lon="5.930712">
        <ele>0.0</ele>
    </trkpt>
    <trkpt lat="43.124084" lon="5.930637">
        <ele>0.0</ele>
    </trkpt>
    <trkpt lat="43.123966" lon="5.930616">
        <ele>0.0</ele>
    </trkpt>
    <trkpt lat="43.123902" lon="5.930643">
        <ele>0.0</ele>
    </trkpt>
    <trkpt lat="43.123837" lon="5.930546">
        <ele>0.0</ele>
    </trkpt>
    <trkpt lat="43.123762" lon="5.930514">
        <ele>0.0</ele>
    </trkpt>
    <trkpt lat="43.123387" lon="5.93061">
        <ele>0.0</ele>
    </trkpt>
    <trkpt lat="43.123344" lon="5.93046">
        <ele>0.0</ele>
    </trkpt>
    <trkpt lat="43.123365" lon="5.930519">
        <ele>0.0</ele>
    </trkpt>
    <trkpt lat="43.123322" lon="5.930492">
        <ele>0.0</ele>
    </trkpt>
    <trkpt lat="43.123365" lon="5.930471">
        <ele>0.0</ele>
    </trkpt>
    <trkpt lat="43.123403" lon="5.930401">
        <ele>0.0</ele>
    </trkpt>
    <trkpt lat="43.123435" lon="5.930514">
        <ele>0.0</ele>
    </trkpt>
    <trkpt lat="43.123371" lon="5.930514">
        <ele>0.0</ele>
    </trkpt>
    <trkpt lat="43.123311" lon="5.930712">
        <ele>0.0</ele>
    </trkpt>
    <trkpt lat="43.123258" lon="5.930734">
        <ele>0.0</ele>
    </trkpt>
    <trkpt lat="43.123306" lon="5.930846">
        <ele>0.0</ele>
    </trkpt>
    <trkpt lat="43.123279" lon="5.931018">
        <ele>0.0</ele>
    </trkpt>
    <trkpt lat="43.12322" lon="5.931131">
        <ele>0.0</ele>
    </trkpt>
    <trkpt lat="43.123242" lon="5.931217">
        <ele>0.0</ele>
    </trkpt>
    <trkpt lat="43.123167" lon="5.931249">
        <ele>0.0</ele>
    </trkpt>
    <trkpt lat="43.12322" lon="5.930632">
        <ele>0.0</ele>
    </trkpt>
    <trkpt lat="43.123263" lon="5.930653">
        <ele>0.0</ele>
    </trkpt>
    <trkpt lat="43.123317" lon="5.930605">
        <ele>0.0</ele>
    </trkpt>
    <trkpt lat="43.123408" lon="5.930262">
        <ele>0.0</ele>
    </trkpt>
    <trkpt lat="43.123451" lon="5.930203">
        <ele>0.0</ele>
    </trkpt>
    <trkpt lat="43.123574" lon="5.93016">
        <ele>0.0</ele>
    </trkpt>
    <trkpt lat="43.123617" lon="5.93009">
        <ele>0.0</ele>
    </trkpt>
    <trkpt lat="43.123633" lon="5.929854">
        <ele>0.0</ele>
    </trkpt>
    <trkpt lat="43.123526" lon="5.929682">
        <ele>0.0</ele>
    </trkpt>
    <trkpt lat="43.123472" lon="5.929532">
        <ele>0.0</ele>
    </trkpt>
    <trkpt lat="43.123596" lon="5.929248">
        <ele>0.0</ele>
    </trkpt>
    <trkpt lat="43.123708" lon="5.92913">
        <ele>0.0</ele>
    </trkpt>
    <trkpt lat="43.123773" lon="5.928813">
        <ele>0.0</ele>
    </trkpt>
    <trkpt lat="43.123826" lon="5.928808">
        <ele>0.0</ele>
    </trkpt>
    <trkpt lat="43.123821" lon="5.928872">
        <ele>0.0</ele>
    </trkpt>
  </trkseg>
</trk>
<trk>
  <name>2011/09/08 15:54:00</name>
  <extensions>
  </extensions>
  <trkseg>
    <trkpt lat="43.123794" lon="5.928926">
        <ele>0.0</ele>
    </trkpt>
    <trkpt lat="43.123601" lon="5.929312">
        <ele>0.0</ele>
    </trkpt>
    <trkpt lat="43.123569" lon="5.929264">
        <ele>0.0</ele>
    </trkpt>
    <trkpt lat="43.123687" lon="5.929049">
        <ele>0.0</ele>
    </trkpt>
    <trkpt lat="43.12395" lon="5.928293">
        <ele>0.0</ele>
    </trkpt>
    <trkpt lat="43.12395" lon="5.928062">
        <ele>0.0</ele>
    </trkpt>
    <trkpt lat="43.123998" lon="5.92781">
        <ele>0.0</ele>
    </trkpt>
    <trkpt lat="43.124191" lon="5.927338">
        <ele>0.0</ele>
    </trkpt>
    <trkpt lat="43.12424" lon="5.927134">
        <ele>0.0</ele>
    </trkpt>
    <trkpt lat="43.124443" lon="5.926727">
        <ele>0.0</ele>
    </trkpt>
    <trkpt lat="43.124443" lon="5.92663">
        <ele>0.0</ele>
    </trkpt>
    <trkpt lat="43.124572" lon="5.926383">
        <ele>0.0</ele>
    </trkpt>
    <trkpt lat="43.124588" lon="5.926254">
        <ele>0.0</ele>
    </trkpt>
    <trkpt lat="43.12462" lon="5.926212">
        <ele>0.0</ele>
    </trkpt>
    <trkpt lat="43.124674" lon="5.926233">
        <ele>0.0</ele>
    </trkpt>
    <trkpt lat="43.124824" lon="5.926389">
        <ele>0.0</ele>
    </trkpt>
    <trkpt lat="43.124894" lon="5.926394">
        <ele>0.0</ele>
    </trkpt>
    <trkpt lat="43.125157" lon="5.926313">
        <ele>0.0</ele>
    </trkpt>
    <trkpt lat="43.125318" lon="5.926308">
        <ele>0.0</ele>
    </trkpt>
    <trkpt lat="43.125484" lon="5.926238">
        <ele>0.0</ele>
    </trkpt>
    <trkpt lat="43.125624" lon="5.926217">
        <ele>0.0</ele>
    </trkpt>
    <trkpt lat="43.12565" lon="5.926088">
        <ele>0.0</ele>
    </trkpt>
    <trkpt lat="43.125747" lon="5.925986">
        <ele>0.0</ele>
    </trkpt>
    <trkpt lat="43.125886" lon="5.926018">
        <ele>0.0</ele>
    </trkpt>
    <trkpt lat="43.125972" lon="5.925906">
        <ele>0.0</ele>
    </trkpt>
    <trkpt lat="43.126074" lon="5.925471">
        <ele>0.0</ele>
    </trkpt>
    <trkpt lat="43.12616" lon="5.925257">
        <ele>0.0</ele>
    </trkpt>
    <trkpt lat="43.126273" lon="5.925144">
        <ele>0.0</ele>
    </trkpt>
    <trkpt lat="43.126455" lon="5.924484">
        <ele>0.0</ele>
    </trkpt>
    <trkpt lat="43.126546" lon="5.924001">
        <ele>0.0</ele>
    </trkpt>
    <trkpt lat="43.126702" lon="5.92354">
        <ele>0.0</ele>
    </trkpt>
    <trkpt lat="43.126734" lon="5.923347">
        <ele>0.0</ele>
    </trkpt>
    <trkpt lat="43.126788" lon="5.923224">
        <ele>0.0</ele>
    </trkpt>
    <trkpt lat="43.126906" lon="5.923148">
        <ele>0.0</ele>
    </trkpt>
    <trkpt lat="43.12697" lon="5.922709">
        <ele>0.0</ele>
    </trkpt>
    <trkpt lat="43.126938" lon="5.92265">
        <ele>0.0</ele>
    </trkpt>
    <trkpt lat="43.126949" lon="5.922467">
        <ele>0.0</ele>
    </trkpt>
    <trkpt lat="43.126991" lon="5.922274">
        <ele>0.0</ele>
    </trkpt>
    <trkpt lat="43.12705" lon="5.922161">
        <ele>0.0</ele>
    </trkpt>
    <trkpt lat="43.127099" lon="5.921893">
        <ele>0.0</ele>
    </trkpt>
    <trkpt lat="43.127099" lon="5.921534">
        <ele>0.0</ele>
    </trkpt>
    <trkpt lat="43.127126" lon="5.92141">
        <ele>0.0</ele>
    </trkpt>
    <trkpt lat="43.127099" lon="5.921244">
        <ele>0.0</ele>
    </trkpt>
    <trkpt lat="43.127217" lon="5.921003">
        <ele>0.0</ele>
    </trkpt>
    <trkpt lat="43.12734" lon="5.920552">
        <ele>0.0</ele>
    </trkpt>
    <trkpt lat="43.127313" lon="5.920139">
        <ele>0.0</ele>
    </trkpt>
    <trkpt lat="43.127372" lon="5.919898">
        <ele>0.0</ele>
    </trkpt>
    <trkpt lat="43.127356" lon="5.919833">
        <ele>0.0</ele>
    </trkpt>
    <trkpt lat="43.127399" lon="5.919506">
        <ele>0.0</ele>
    </trkpt>
    <trkpt lat="43.127458" lon="5.919232">
        <ele>0.0</ele>
    </trkpt>
    <trkpt lat="43.127598" lon="5.918846">
        <ele>0.0</ele>
    </trkpt>
    <trkpt lat="43.127624" lon="5.918557">
        <ele>0.0</ele>
    </trkpt>
    <trkpt lat="43.127592" lon="5.91802">
        <ele>0.0</ele>
    </trkpt>
    <trkpt lat="43.127512" lon="5.917924">
        <ele>0.0</ele>
    </trkpt>
    <trkpt lat="43.127474" lon="5.917575">
        <ele>0.0</ele>
    </trkpt>
    <trkpt lat="43.127405" lon="5.91736">
        <ele>0.0</ele>
    </trkpt>
    <trkpt lat="43.127351" lon="5.917049">
        <ele>0.0</ele>
    </trkpt>
    <trkpt lat="43.127297" lon="5.91654">
        <ele>0.0</ele>
    </trkpt>
    <trkpt lat="43.127061" lon="5.913342">
        <ele>0.0</ele>
    </trkpt>
    <trkpt lat="43.127034" lon="5.912227">
        <ele>0.0</ele>
    </trkpt>
    <trkpt lat="43.126852" lon="5.910826">
        <ele>0.0</ele>
    </trkpt>
    <trkpt lat="43.126863" lon="5.910295">
        <ele>0.0</ele>
    </trkpt>
    <trkpt lat="43.127018" lon="5.909727">
        <ele>0.0</ele>
    </trkpt>
    <trkpt lat="43.127485" lon="5.90853">
        <ele>0.0</ele>
    </trkpt>
    <trkpt lat="43.127871" lon="5.907661">
        <ele>0.0</ele>
    </trkpt>
    <trkpt lat="43.128107" lon="5.906953">
        <ele>0.0</ele>
    </trkpt>
    <trkpt lat="43.128161" lon="5.906288">
        <ele>0.0</ele>
    </trkpt>
    <trkpt lat="43.128413" lon="5.9047">
        <ele>0.0</ele>
    </trkpt>
    <trkpt lat="43.128397" lon="5.904593">
        <ele>0.0</ele>
    </trkpt>
    <trkpt lat="43.128547" lon="5.904105">
        <ele>0.0</ele>
    </trkpt>
    <trkpt lat="43.128606" lon="5.903761">
        <ele>0.0</ele>
    </trkpt>
    <trkpt lat="43.128697" lon="5.903509">
        <ele>0.0</ele>
    </trkpt>
    <trkpt lat="43.128713" lon="5.903295">
        <ele>0.0</ele>
    </trkpt>
    <trkpt lat="43.128853" lon="5.902994">
        <ele>0.0</ele>
    </trkpt>
    <trkpt lat="43.128923" lon="5.902699">
        <ele>0.0</ele>
    </trkpt>
    <trkpt lat="43.128982" lon="5.902597">
        <ele>0.0</ele>
    </trkpt>
    <trkpt lat="43.129025" lon="5.902436">
        <ele>0.0</ele>
    </trkpt>
    <trkpt lat="43.129148" lon="5.901889">
        <ele>0.0</ele>
    </trkpt>
    <trkpt lat="43.129121" lon="5.90183">
        <ele>0.0</ele>
    </trkpt>
    <trkpt lat="43.129218" lon="5.901417">
        <ele>0.0</ele>
    </trkpt>
    <trkpt lat="43.129304" lon="5.900709">
        <ele>0.0</ele>
    </trkpt>
    <trkpt lat="43.129368" lon="5.900446">
        <ele>0.0</ele>
    </trkpt>
    <trkpt lat="43.129352" lon="5.899609">
        <ele>0.0</ele>
    </trkpt>
    <trkpt lat="43.129304" lon="5.899164">
        <ele>0.0</ele>
    </trkpt>
    <trkpt lat="43.12932" lon="5.898815">
        <ele>0.0</ele>
    </trkpt>
    <trkpt lat="43.129255" lon="5.897823">
        <ele>0.0</ele>
    </trkpt>
    <trkpt lat="43.129153" lon="5.896815">
        <ele>0.0</ele>
    </trkpt>
    <trkpt lat="43.12911" lon="5.896021">
        <ele>0.0</ele>
    </trkpt>
    <trkpt lat="43.128874" lon="5.893821">
        <ele>0.0</ele>
    </trkpt>
    <trkpt lat="43.128869" lon="5.893306">
        <ele>0.0</ele>
    </trkpt>
    <trkpt lat="43.128831" lon="5.892882">
        <ele>0.0</ele>
    </trkpt>
    <trkpt lat="43.128724" lon="5.892276">
        <ele>0.0</ele>
    </trkpt>
    <trkpt lat="43.128563" lon="5.89159">
        <ele>0.0</ele>
    </trkpt>
    <trkpt lat="43.128504" lon="5.891069">
        <ele>0.0</ele>
    </trkpt>
    <trkpt lat="43.128536" lon="5.890769">
        <ele>0.0</ele>
    </trkpt>
    <trkpt lat="43.128671" lon="5.890511">
        <ele>0.0</ele>
    </trkpt>
    <trkpt lat="43.128751" lon="5.890249">
        <ele>0.0</ele>
    </trkpt>
    <trkpt lat="43.128842" lon="5.889503">
        <ele>0.0</ele>
    </trkpt>
    <trkpt lat="43.128762" lon="5.888103">
        <ele>0.0</ele>
    </trkpt>
    <trkpt lat="43.128772" lon="5.887781">
        <ele>0.0</ele>
    </trkpt>
    <trkpt lat="43.128719" lon="5.887202">
        <ele>0.0</ele>
    </trkpt>
    <trkpt lat="43.128633" lon="5.88696">
        <ele>0.0</ele>
    </trkpt>
    <trkpt lat="43.128279" lon="5.885421">
        <ele>0.0</ele>
    </trkpt>
    <trkpt lat="43.128279" lon="5.884825">
        <ele>0.0</ele>
    </trkpt>
    <trkpt lat="43.128231" lon="5.884149">
        <ele>0.0</ele>
    </trkpt>
    <trkpt lat="43.128257" lon="5.883967">
        <ele>0.0</ele>
    </trkpt>
    <trkpt lat="43.12822" lon="5.881757">
        <ele>0.0</ele>
    </trkpt>
    <trkpt lat="43.128241" lon="5.881531">
        <ele>0.0</ele>
    </trkpt>
    <trkpt lat="43.128215" lon="5.881231">
        <ele>0.0</ele>
    </trkpt>
    <trkpt lat="43.128231" lon="5.880834">
        <ele>0.0</ele>
    </trkpt>
    <trkpt lat="43.1283" lon="5.880394">
        <ele>0.0</ele>
    </trkpt>
    <trkpt lat="43.128504" lon="5.879525">
        <ele>0.0</ele>
    </trkpt>
    <trkpt lat="43.128553" lon="5.879176">
        <ele>0.0</ele>
    </trkpt>
    <trkpt lat="43.128848" lon="5.87798">
        <ele>0.0</ele>
    </trkpt>
    <trkpt lat="43.129105" lon="5.877326">
        <ele>0.0</ele>
    </trkpt>
    <trkpt lat="43.129196" lon="5.877213">
        <ele>0.0</ele>
    </trkpt>
    <trkpt lat="43.129202" lon="5.877138">
        <ele>0.0</ele>
    </trkpt>
    <trkpt lat="43.129357" lon="5.876837">
        <ele>0.0</ele>
    </trkpt>
    <trkpt lat="43.129845" lon="5.87562">
        <ele>0.0</ele>
    </trkpt>
    <trkpt lat="43.129958" lon="5.875427">
        <ele>0.0</ele>
    </trkpt>
    <trkpt lat="43.130017" lon="5.87518">
        <ele>0.0</ele>
    </trkpt>
    <trkpt lat="43.130301" lon="5.874601">
        <ele>0.0</ele>
    </trkpt>
    <trkpt lat="43.130489" lon="5.874096">
        <ele>0.0</ele>
    </trkpt>
    <trkpt lat="43.130671" lon="5.873474">
        <ele>0.0</ele>
    </trkpt>
    <trkpt lat="43.130714" lon="5.873426">
        <ele>0.0</ele>
    </trkpt>
    <trkpt lat="43.130725" lon="5.873335">
        <ele>0.0</ele>
    </trkpt>
    <trkpt lat="43.130875" lon="5.872959">
        <ele>0.0</ele>
    </trkpt>
    <trkpt lat="43.130924" lon="5.872771">
        <ele>0.0</ele>
    </trkpt>
    <trkpt lat="43.130913" lon="5.872567">
        <ele>0.0</ele>
    </trkpt>
    <trkpt lat="43.131068" lon="5.872079">
        <ele>0.0</ele>
    </trkpt>
    <trkpt lat="43.131149" lon="5.871446">
        <ele>0.0</ele>
    </trkpt>
    <trkpt lat="43.131315" lon="5.871119">
        <ele>0.0</ele>
    </trkpt>
    <trkpt lat="43.131374" lon="5.870894">
        <ele>0.0</ele>
    </trkpt>
    <trkpt lat="43.131406" lon="5.870738">
        <ele>0.0</ele>
    </trkpt>
    <trkpt lat="43.131396" lon="5.870593">
        <ele>0.0</ele>
    </trkpt>
    <trkpt lat="43.131487" lon="5.870266">
        <ele>0.0</ele>
    </trkpt>
    <trkpt lat="43.131487" lon="5.870121">
        <ele>0.0</ele>
    </trkpt>
    <trkpt lat="43.131589" lon="5.869756">
        <ele>0.0</ele>
    </trkpt>
    <trkpt lat="43.131685" lon="5.869563">
        <ele>0.0</ele>
    </trkpt>
    <trkpt lat="43.131782" lon="5.869048">
        <ele>0.0</ele>
    </trkpt>
    <trkpt lat="43.131921" lon="5.868608">
        <ele>0.0</ele>
    </trkpt>
    <trkpt lat="43.131927" lon="5.868442">
        <ele>0.0</ele>
    </trkpt>
    <trkpt lat="43.132007" lon="5.868147">
        <ele>0.0</ele>
    </trkpt>
    <trkpt lat="43.132018" lon="5.867992">
        <ele>0.0</ele>
    </trkpt>
    <trkpt lat="43.132216" lon="5.867267">
        <ele>0.0</ele>
    </trkpt>
    <trkpt lat="43.1322" lon="5.867182">
        <ele>0.0</ele>
    </trkpt>
    <trkpt lat="43.132259" lon="5.866827">
        <ele>0.0</ele>
    </trkpt>
    <trkpt lat="43.132565" lon="5.865728">
        <ele>0.0</ele>
    </trkpt>
    <trkpt lat="43.132651" lon="5.865583">
        <ele>0.0</ele>
    </trkpt>
    <trkpt lat="43.132688" lon="5.865266">
        <ele>0.0</ele>
    </trkpt>
    <trkpt lat="43.132957" lon="5.864285">
        <ele>0.0</ele>
    </trkpt>
    <trkpt lat="43.132973" lon="5.86407">
        <ele>0.0</ele>
    </trkpt>
    <trkpt lat="43.133107" lon="5.863668">
        <ele>0.0</ele>
    </trkpt>
    <trkpt lat="43.133182" lon="5.863239">
        <ele>0.0</ele>
    </trkpt>
    <trkpt lat="43.133407" lon="5.862675">
        <ele>0.0</ele>
    </trkpt>
    <trkpt lat="43.133531" lon="5.862246">
        <ele>0.0</ele>
    </trkpt>
    <trkpt lat="43.133718" lon="5.861796">
        <ele>0.0</ele>
    </trkpt>
    <trkpt lat="43.133826" lon="5.861425">
        <ele>0.0</ele>
    </trkpt>
    <trkpt lat="43.134196" lon="5.860524">
        <ele>0.0</ele>
    </trkpt>
    <trkpt lat="43.134335" lon="5.860052">
        <ele>0.0</ele>
    </trkpt>
    <trkpt lat="43.134775" lon="5.859124">
        <ele>0.0</ele>
    </trkpt>
    <trkpt lat="43.134818" lon="5.859065">
        <ele>0.0</ele>
    </trkpt>
    <trkpt lat="43.13499" lon="5.858995">
        <ele>0.0</ele>
    </trkpt>
    <trkpt lat="43.13506" lon="5.858893">
        <ele>0.0</ele>
    </trkpt>
    <trkpt lat="43.13507" lon="5.858743">
        <ele>0.0</ele>
    </trkpt>
    <trkpt lat="43.135027" lon="5.858491">
        <ele>0.0</ele>
    </trkpt>
    <trkpt lat="43.135043" lon="5.858298">
        <ele>0.0</ele>
    </trkpt>
    <trkpt lat="43.135108" lon="5.858003">
        <ele>0.0</ele>
    </trkpt>
    <trkpt lat="43.135387" lon="5.857188">
        <ele>0.0</ele>
    </trkpt>
    <trkpt lat="43.13543" lon="5.856893">
        <ele>0.0</ele>
    </trkpt>
    <trkpt lat="43.13544" lon="5.85649">
        <ele>0.0</ele>
    </trkpt>
    <trkpt lat="43.13492" lon="5.853931">
        <ele>0.0</ele>
    </trkpt>
    <trkpt lat="43.134904" lon="5.853492">
        <ele>0.0</ele>
    </trkpt>
    <trkpt lat="43.134979" lon="5.853019">
        <ele>0.0</ele>
    </trkpt>
    <trkpt lat="43.135102" lon="5.852724">
        <ele>0.0</ele>
    </trkpt>
    <trkpt lat="43.135285" lon="5.852429">
        <ele>0.0</ele>
    </trkpt>
    <trkpt lat="43.136288" lon="5.851233">
        <ele>0.0</ele>
    </trkpt>
    <trkpt lat="43.136336" lon="5.851206">
        <ele>0.0</ele>
    </trkpt>
    <trkpt lat="43.136422" lon="5.851067">
        <ele>0.0</ele>
    </trkpt>
    <trkpt lat="43.136814" lon="5.850793">
        <ele>0.0</ele>
    </trkpt>
    <trkpt lat="43.13712" lon="5.850761">
        <ele>0.0</ele>
    </trkpt>
    <trkpt lat="43.137629" lon="5.850552">
        <ele>0.0</ele>
    </trkpt>
    <trkpt lat="43.137404" lon="5.850579">
        <ele>0.0</ele>
    </trkpt>
    <trkpt lat="43.137141" lon="5.850654">
        <ele>0.0</ele>
    </trkpt>
    <trkpt lat="43.136975" lon="5.850729">
        <ele>0.0</ele>
    </trkpt>
    <trkpt lat="43.136588" lon="5.850836">
        <ele>0.0</ele>
    </trkpt>
    <trkpt lat="43.136427" lon="5.850917">
        <ele>0.0</ele>
    </trkpt>
    <trkpt lat="43.136368" lon="5.850911">
        <ele>0.0</ele>
    </trkpt>
    <trkpt lat="43.13632" lon="5.850868">
        <ele>0.0</ele>
    </trkpt>
    <trkpt lat="43.136181" lon="5.850654">
        <ele>0.0</ele>
    </trkpt>
    <trkpt lat="43.136202" lon="5.850439">
        <ele>0.0</ele>
    </trkpt>
    <trkpt lat="43.136299" lon="5.850386">
        <ele>0.0</ele>
    </trkpt>
    <trkpt lat="43.136664" lon="5.850718">
        <ele>0.0</ele>
    </trkpt>
    <trkpt lat="43.136771" lon="5.850686">
        <ele>0.0</ele>
    </trkpt>
    <trkpt lat="43.136873" lon="5.850605">
        <ele>0.0</ele>
    </trkpt>
    <trkpt lat="43.137634" lon="5.849683">
        <ele>0.0</ele>
    </trkpt>
    <trkpt lat="43.137683" lon="5.849667">
        <ele>0.0</ele>
    </trkpt>
    <trkpt lat="43.137795" lon="5.849538">
        <ele>0.0</ele>
    </trkpt>
    <trkpt lat="43.138101" lon="5.848991">
        <ele>0.0</ele>
    </trkpt>
    <trkpt lat="43.138149" lon="5.848792">
        <ele>0.0</ele>
    </trkpt>
    <trkpt lat="43.137983" lon="5.848417">
        <ele>0.0</ele>
    </trkpt>
    <trkpt lat="43.137919" lon="5.848202">
        <ele>0.0</ele>
    </trkpt>
    <trkpt lat="43.138058" lon="5.847371">
        <ele>0.0</ele>
    </trkpt>
    <trkpt lat="43.137967" lon="5.847317">
        <ele>0.0</ele>
    </trkpt>
    <trkpt lat="43.137404" lon="5.847162">
        <ele>0.0</ele>
    </trkpt>
    <trkpt lat="43.137093" lon="5.847038">
        <ele>0.0</ele>
    </trkpt>
    <trkpt lat="43.136717" lon="5.846979">
        <ele>0.0</ele>
    </trkpt>
    <trkpt lat="43.136567" lon="5.846925">
        <ele>0.0</ele>
    </trkpt>
    <trkpt lat="43.136454" lon="5.846925">
        <ele>0.0</ele>
    </trkpt>
    <trkpt lat="43.136304" lon="5.846861">
        <ele>0.0</ele>
    </trkpt>
    <trkpt lat="43.135929" lon="5.846818">
        <ele>0.0</ele>
    </trkpt>
    <trkpt lat="43.135827" lon="5.84684">
        <ele>0.0</ele>
    </trkpt>
    <trkpt lat="43.135462" lon="5.846829">
        <ele>0.0</ele>
    </trkpt>
    <trkpt lat="43.135274" lon="5.846722">
        <ele>0.0</ele>
    </trkpt>
    <trkpt lat="43.135194" lon="5.846625">
        <ele>0.0</ele>
    </trkpt>
    <trkpt lat="43.13514" lon="5.846486">
        <ele>0.0</ele>
    </trkpt>
    <trkpt lat="43.135027" lon="5.846373">
        <ele>0.0</ele>
    </trkpt>
    <trkpt lat="43.134979" lon="5.846373">
        <ele>0.0</ele>
    </trkpt>
    <trkpt lat="43.134706" lon="5.846121">
        <ele>0.0</ele>
    </trkpt>
    <trkpt lat="43.134518" lon="5.846024">
        <ele>0.0</ele>
    </trkpt>
    <trkpt lat="43.134223" lon="5.845987">
        <ele>0.0</ele>
    </trkpt>
    <trkpt lat="43.133397" lon="5.845987">
        <ele>0.0</ele>
    </trkpt>
    <trkpt lat="43.133198" lon="5.845938">
        <ele>0.0</ele>
    </trkpt>
    <trkpt lat="43.132785" lon="5.845606">
        <ele>0.0</ele>
    </trkpt>
    <trkpt lat="43.132683" lon="5.845606">
        <ele>0.0</ele>
    </trkpt>
    <trkpt lat="43.132587" lon="5.84544">
        <ele>0.0</ele>
    </trkpt>
    <trkpt lat="43.132426" lon="5.845354">
        <ele>0.0</ele>
    </trkpt>
    <trkpt lat="43.1322" lon="5.845128">
        <ele>0.0</ele>
    </trkpt>
    <trkpt lat="43.131691" lon="5.844538">
        <ele>0.0</ele>
    </trkpt>
    <trkpt lat="43.131106" lon="5.84427">
        <ele>0.0</ele>
    </trkpt>
    <trkpt lat="43.130666" lon="5.844141">
        <ele>0.0</ele>
    </trkpt>
    <trkpt lat="43.130441" lon="5.844104">
        <ele>0.0</ele>
    </trkpt>
    <trkpt lat="43.129304" lon="5.844249">
        <ele>0.0</ele>
    </trkpt>
    <trkpt lat="43.128998" lon="5.844184">
        <ele>0.0</ele>
    </trkpt>
    <trkpt lat="43.12889" lon="5.844056">
        <ele>0.0</ele>
    </trkpt>
    <trkpt lat="43.12873" lon="5.843782">
        <ele>0.0</ele>
    </trkpt>
    <trkpt lat="43.128172" lon="5.84309">
        <ele>0.0</ele>
    </trkpt>
    <trkpt lat="43.127936" lon="5.842693">
        <ele>0.0</ele>
    </trkpt>
    <trkpt lat="43.127839" lon="5.842516">
        <ele>0.0</ele>
    </trkpt>
    <trkpt lat="43.127587" lon="5.84184">
        <ele>0.0</ele>
    </trkpt>
    <trkpt lat="43.12712" lon="5.840891">
        <ele>0.0</ele>
    </trkpt>
    <trkpt lat="43.127002" lon="5.840456">
        <ele>0.0</ele>
    </trkpt>
    <trkpt lat="43.126959" lon="5.839447">
        <ele>0.0</ele>
    </trkpt>
    <trkpt lat="43.126884" lon="5.83911">
        <ele>0.0</ele>
    </trkpt>
    <trkpt lat="43.126777" lon="5.838922">
        <ele>0.0</ele>
    </trkpt>
    <trkpt lat="43.126702" lon="5.838852">
        <ele>0.0</ele>
    </trkpt>
    <trkpt lat="43.126573" lon="5.838734">
        <ele>0.0</ele>
    </trkpt>
    <trkpt lat="43.126525" lon="5.838739">
        <ele>0.0</ele>
    </trkpt>
    <trkpt lat="43.126321" lon="5.838595">
        <ele>0.0</ele>
    </trkpt>
    <trkpt lat="43.126106" lon="5.838353">
        <ele>0.0</ele>
    </trkpt>
    <trkpt lat="43.126026" lon="5.838192">
        <ele>0.0</ele>
    </trkpt>
    <trkpt lat="43.125806" lon="5.837152">
        <ele>0.0</ele>
    </trkpt>
    <trkpt lat="43.125742" lon="5.836384">
        <ele>0.0</ele>
    </trkpt>
    <trkpt lat="43.125725" lon="5.835789">
        <ele>0.0</ele>
    </trkpt>
    <trkpt lat="43.12587" lon="5.82815">
        <ele>0.0</ele>
    </trkpt>
    <trkpt lat="43.125913" lon="5.827839">
        <ele>0.0</ele>
    </trkpt>
    <trkpt lat="43.126031" lon="5.82734">
        <ele>0.0</ele>
    </trkpt>
    <trkpt lat="43.126482" lon="5.826036">
        <ele>0.0</ele>
    </trkpt>
    <trkpt lat="43.126557" lon="5.825468">
        <ele>0.0</ele>
    </trkpt>
    <trkpt lat="43.126541" lon="5.825028">
        <ele>0.0</ele>
    </trkpt>
    <trkpt lat="43.126477" lon="5.82477">
        <ele>0.0</ele>
    </trkpt>
    <trkpt lat="43.125956" lon="5.823424">
        <ele>0.0</ele>
    </trkpt>
    <trkpt lat="43.12564" lon="5.823086">
        <ele>0.0</ele>
    </trkpt>
    <trkpt lat="43.125334" lon="5.822941">
        <ele>0.0</ele>
    </trkpt>
    <trkpt lat="43.125066" lon="5.822861">
        <ele>0.0</ele>
    </trkpt>
    <trkpt lat="43.124454" lon="5.822829">
        <ele>0.0</ele>
    </trkpt>
    <trkpt lat="43.123875" lon="5.822759">
        <ele>0.0</ele>
    </trkpt>
    <trkpt lat="43.123247" lon="5.822474">
        <ele>0.0</ele>
    </trkpt>
    <trkpt lat="43.122485" lon="5.822244">
        <ele>0.0</ele>
    </trkpt>
    <trkpt lat="43.122244" lon="5.822131">
        <ele>0.0</ele>
    </trkpt>
    <trkpt lat="43.122115" lon="5.822035">
        <ele>0.0</ele>
    </trkpt>
    <trkpt lat="43.121879" lon="5.821648">
        <ele>0.0</ele>
    </trkpt>
    <trkpt lat="43.121579" lon="5.820146">
        <ele>0.0</ele>
    </trkpt>
    <trkpt lat="43.121611" lon="5.819824">
        <ele>0.0</ele>
    </trkpt>
    <trkpt lat="43.121729" lon="5.819304">
        <ele>0.0</ele>
    </trkpt>
    <trkpt lat="43.121729" lon="5.818971">
        <ele>0.0</ele>
    </trkpt>
    <trkpt lat="43.121622" lon="5.818564">
        <ele>0.0</ele>
    </trkpt>
    <trkpt lat="43.121353" lon="5.817958">
        <ele>0.0</ele>
    </trkpt>
    <trkpt lat="43.121214" lon="5.81748">
        <ele>0.0</ele>
    </trkpt>
    <trkpt lat="43.120957" lon="5.816772">
        <ele>0.0</ele>
    </trkpt>
    <trkpt lat="43.120935" lon="5.816665">
        <ele>0.0</ele>
    </trkpt>
    <trkpt lat="43.120957" lon="5.816504">
        <ele>0.0</ele>
    </trkpt>
    <trkpt lat="43.120892" lon="5.816327">
        <ele>0.0</ele>
    </trkpt>
    <trkpt lat="43.12064" lon="5.814658">
        <ele>0.0</ele>
    </trkpt>
    <trkpt lat="43.120543" lon="5.814245">
        <ele>0.0</ele>
    </trkpt>
    <trkpt lat="43.120442" lon="5.813966">
        <ele>0.0</ele>
    </trkpt>
    <trkpt lat="43.120184" lon="5.8135">
        <ele>0.0</ele>
    </trkpt>
    <trkpt lat="43.119964" lon="5.813167">
        <ele>0.0</ele>
    </trkpt>
    <trkpt lat="43.119637" lon="5.812765">
        <ele>0.0</ele>
    </trkpt>
    <trkpt lat="43.119181" lon="5.81151">
        <ele>0.0</ele>
    </trkpt>
    <trkpt lat="43.119111" lon="5.811247">
        <ele>0.0</ele>
    </trkpt>
    <trkpt lat="43.1191" lon="5.811043">
        <ele>0.0</ele>
    </trkpt>
    <trkpt lat="43.119181" lon="5.810936">
        <ele>0.0</ele>
    </trkpt>
    <trkpt lat="43.119208" lon="5.810651">
        <ele>0.0</ele>
    </trkpt>
    <trkpt lat="43.119294" lon="5.810469">
        <ele>0.0</ele>
    </trkpt>
    <trkpt lat="43.11946" lon="5.810238">
        <ele>0.0</ele>
    </trkpt>
    <trkpt lat="43.120141" lon="5.809047">
        <ele>0.0</ele>
    </trkpt>
    <trkpt lat="43.120431" lon="5.808436">
        <ele>0.0</ele>
    </trkpt>
    <trkpt lat="43.120763" lon="5.807953">
        <ele>0.0</ele>
    </trkpt>
    <trkpt lat="43.120887" lon="5.807717">
        <ele>0.0</ele>
    </trkpt>
    <trkpt lat="43.121026" lon="5.807341">
        <ele>0.0</ele>
    </trkpt>
    <trkpt lat="43.121069" lon="5.807089">
        <ele>0.0</ele>
    </trkpt>
    <trkpt lat="43.121332" lon="5.806269">
        <ele>0.0</ele>
    </trkpt>
    <trkpt lat="43.121541" lon="5.805351">
        <ele>0.0</ele>
    </trkpt>
    <trkpt lat="43.121659" lon="5.805185">
        <ele>0.0</ele>
    </trkpt>
    <trkpt lat="43.121691" lon="5.805035">
        <ele>0.0</ele>
    </trkpt>
    <trkpt lat="43.121675" lon="5.80496">
        <ele>0.0</ele>
    </trkpt>
    <trkpt lat="43.121595" lon="5.804858">
        <ele>0.0</ele>
    </trkpt>
    <trkpt lat="43.121536" lon="5.804836">
        <ele>0.0</ele>
    </trkpt>
    <trkpt lat="43.121386" lon="5.804868">
        <ele>0.0</ele>
    </trkpt>
    <trkpt lat="43.121203" lon="5.804756">
        <ele>0.0</ele>
    </trkpt>
    <trkpt lat="43.121101" lon="5.804536">
        <ele>0.0</ele>
    </trkpt>
    <trkpt lat="43.120887" lon="5.804316">
        <ele>0.0</ele>
    </trkpt>
    <trkpt lat="43.120361" lon="5.803243">
        <ele>0.0</ele>
    </trkpt>
    <trkpt lat="43.120152" lon="5.802685">
        <ele>0.0</ele>
    </trkpt>
    <trkpt lat="43.119884" lon="5.801795">
        <ele>0.0</ele>
    </trkpt>
    <trkpt lat="43.119723" lon="5.801403">
        <ele>0.0</ele>
    </trkpt>
    <trkpt lat="43.119707" lon="5.801226">
        <ele>0.0</ele>
    </trkpt>
    <trkpt lat="43.119615" lon="5.800985">
        <ele>0.0</ele>
    </trkpt>
    <trkpt lat="43.119572" lon="5.8007">
        <ele>0.0</ele>
    </trkpt>
    <trkpt lat="43.118838" lon="5.798351">
        <ele>0.0</ele>
    </trkpt>
    <trkpt lat="43.118516" lon="5.797106">
        <ele>0.0</ele>
    </trkpt>
    <trkpt lat="43.118478" lon="5.797052">
        <ele>0.0</ele>
    </trkpt>
    <trkpt lat="43.118333" lon="5.797042">
        <ele>0.0</ele>
    </trkpt>
    <trkpt lat="43.118135" lon="5.797138">
        <ele>0.0</ele>
    </trkpt>
    <trkpt lat="43.117931" lon="5.797197">
        <ele>0.0</ele>
    </trkpt>
    <trkpt lat="43.11777" lon="5.797321">
        <ele>0.0</ele>
    </trkpt>
    <trkpt lat="43.117507" lon="5.79746">
        <ele>0.0</ele>
    </trkpt>
    <trkpt lat="43.117255" lon="5.797353">
        <ele>0.0</ele>
    </trkpt>
    <trkpt lat="43.117116" lon="5.797079">
        <ele>0.0</ele>
    </trkpt>
    <trkpt lat="43.116863" lon="5.796141">
        <ele>0.0</ele>
    </trkpt>
    <trkpt lat="43.116719" lon="5.79547">
        <ele>0.0</ele>
    </trkpt>
    <trkpt lat="43.116407" lon="5.794773">
        <ele>0.0</ele>
    </trkpt>
    <trkpt lat="43.116279" lon="5.794354">
        <ele>0.0</ele>
    </trkpt>
    <trkpt lat="43.116182" lon="5.793882">
        <ele>0.0</ele>
    </trkpt>
    <trkpt lat="43.116139" lon="5.793077">
        <ele>0.0</ele>
    </trkpt>
    <trkpt lat="43.116295" lon="5.790937">
        <ele>0.0</ele>
    </trkpt>
    <trkpt lat="43.116316" lon="5.789902">
        <ele>0.0</ele>
    </trkpt>
    <trkpt lat="43.116381" lon="5.789548">
        <ele>0.0</ele>
    </trkpt>
    <trkpt lat="43.116359" lon="5.789419">
        <ele>0.0</ele>
    </trkpt>
    <trkpt lat="43.116504" lon="5.788909">
        <ele>0.0</ele>
    </trkpt>
    <trkpt lat="43.116568" lon="5.788818">
        <ele>0.0</ele>
    </trkpt>
    <trkpt lat="43.116585" lon="5.788738">
        <ele>0.0</ele>
    </trkpt>
    <trkpt lat="43.116686" lon="5.788131">
        <ele>0.0</ele>
    </trkpt>
    <trkpt lat="43.116713" lon="5.787777">
        <ele>0.0</ele>
    </trkpt>
    <trkpt lat="43.116697" lon="5.787622">
        <ele>0.0</ele>
    </trkpt>
    <trkpt lat="43.116633" lon="5.787584">
        <ele>0.0</ele>
    </trkpt>
    <trkpt lat="43.116332" lon="5.78679">
        <ele>0.0</ele>
    </trkpt>
    <trkpt lat="43.116295" lon="5.786603">
        <ele>0.0</ele>
    </trkpt>
    <trkpt lat="43.116306" lon="5.786485">
        <ele>0.0</ele>
    </trkpt>
    <trkpt lat="43.116257" lon="5.78634">
        <ele>0.0</ele>
    </trkpt>
    <trkpt lat="43.116268" lon="5.786152">
        <ele>0.0</ele>
    </trkpt>
    <trkpt lat="43.116214" lon="5.785852">
        <ele>0.0</ele>
    </trkpt>
    <trkpt lat="43.11644" lon="5.784757">
        <ele>0.0</ele>
    </trkpt>
    <trkpt lat="43.116488" lon="5.784269">
        <ele>0.0</ele>
    </trkpt>
    <trkpt lat="43.116483" lon="5.78391">
        <ele>0.0</ele>
    </trkpt>
    <trkpt lat="43.116531" lon="5.78377">
        <ele>0.0</ele>
    </trkpt>
    <trkpt lat="43.116526" lon="5.78369">
        <ele>0.0</ele>
    </trkpt>
    <trkpt lat="43.116633" lon="5.783432">
        <ele>0.0</ele>
    </trkpt>
    <trkpt lat="43.116649" lon="5.783303">
        <ele>0.0</ele>
    </trkpt>
  </trkseg>
</trk>
<trk>
  <name>2011/09/08 15:54:00</name>
  <extensions>
  </extensions>
  <trkseg>
    <trkpt lat="43.116665" lon="5.783244">
        <ele>0.0</ele>
    </trkpt>
    <trkpt lat="43.116654" lon="5.783164">
        <ele>0.0</ele>
    </trkpt>
    <trkpt lat="43.116767" lon="5.782595">
        <ele>0.0</ele>
    </trkpt>
    <trkpt lat="43.11688" lon="5.782241">
        <ele>0.0</ele>
    </trkpt>
    <trkpt lat="43.116933" lon="5.78156">
        <ele>0.0</ele>
    </trkpt>
    <trkpt lat="43.116906" lon="5.781506">
        <ele>0.0</ele>
    </trkpt>
    <trkpt lat="43.116858" lon="5.781506">
        <ele>0.0</ele>
    </trkpt>
    <trkpt lat="43.116992" lon="5.78141">
        <ele>0.0</ele>
    </trkpt>
    <trkpt lat="43.117228" lon="5.780927">
        <ele>0.0</ele>
    </trkpt>
    <trkpt lat="43.117389" lon="5.78068">
        <ele>0.0</ele>
    </trkpt>
    <trkpt lat="43.117539" lon="5.78031">
        <ele>0.0</ele>
    </trkpt>
    <trkpt lat="43.117539" lon="5.78016">
        <ele>0.0</ele>
    </trkpt>
    <trkpt lat="43.117491" lon="5.78002">
        <ele>0.0</ele>
    </trkpt>
    <trkpt lat="43.117298" lon="5.779564">
        <ele>0.0</ele>
    </trkpt>
    <trkpt lat="43.117207" lon="5.779479">
        <ele>0.0</ele>
    </trkpt>
    <trkpt lat="43.117201" lon="5.77957">
        <ele>0.0</ele>
    </trkpt>
    <trkpt lat="43.117378" lon="5.779892">
        <ele>0.0</ele>
    </trkpt>
    <trkpt lat="43.117518" lon="5.780278">
        <ele>0.0</ele>
    </trkpt>
    <trkpt lat="43.117572" lon="5.780251">
        <ele>0.0</ele>
    </trkpt>
    <trkpt lat="43.117797" lon="5.779758">
        <ele>0.0</ele>
    </trkpt>
    <trkpt lat="43.11814" lon="5.779151">
        <ele>0.0</ele>
    </trkpt>
    <trkpt lat="43.118521" lon="5.778347">
        <ele>0.0</ele>
    </trkpt>
    <trkpt lat="43.118693" lon="5.778052">
        <ele>0.0</ele>
    </trkpt>
    <trkpt lat="43.118762" lon="5.777778">
        <ele>0.0</ele>
    </trkpt>
    <trkpt lat="43.118752" lon="5.777708">
        <ele>0.0</ele>
    </trkpt>
    <trkpt lat="43.11888" lon="5.777488">
        <ele>0.0</ele>
    </trkpt>
    <trkpt lat="43.119047" lon="5.777081">
        <ele>0.0</ele>
    </trkpt>
    <trkpt lat="43.119176" lon="5.776866">
        <ele>0.0</ele>
    </trkpt>
    <trkpt lat="43.118961" lon="5.777209">
        <ele>0.0</ele>
    </trkpt>
    <trkpt lat="43.118929" lon="5.777344">
        <ele>0.0</ele>
    </trkpt>
    <trkpt lat="43.118741" lon="5.777751">
        <ele>0.0</ele>
    </trkpt>
    <trkpt lat="43.118671" lon="5.777993">
        <ele>0.0</ele>
    </trkpt>
    <trkpt lat="43.118344" lon="5.778695">
        <ele>0.0</ele>
    </trkpt>
    <trkpt lat="43.118108" lon="5.779098">
        <ele>0.0</ele>
    </trkpt>
    <trkpt lat="43.118065" lon="5.779243">
        <ele>0.0</ele>
    </trkpt>
    <trkpt lat="43.117851" lon="5.779645">
        <ele>0.0</ele>
    </trkpt>
    <trkpt lat="43.117797" lon="5.779902">
        <ele>0.0</ele>
    </trkpt>
    <trkpt lat="43.11777" lon="5.779849">
        <ele>0.0</ele>
    </trkpt>
    <trkpt lat="43.117727" lon="5.779881">
        <ele>0.0</ele>
    </trkpt>
    <trkpt lat="43.117657" lon="5.780069">
        <ele>0.0</ele>
    </trkpt>
    <trkpt lat="43.117577" lon="5.780165">
        <ele>0.0</ele>
    </trkpt>
    <trkpt lat="43.117496" lon="5.780369">
        <ele>0.0</ele>
    </trkpt>
    <trkpt lat="43.117352" lon="5.780557">
        <ele>0.0</ele>
    </trkpt>
    <trkpt lat="43.117207" lon="5.780884">
        <ele>0.0</ele>
    </trkpt>
  </trkseg>
</trk>
<trk>
  <name>2011/09/09 08:35:00</name>
  <extensions>
  </extensions>
  <trkseg>
    <trkpt lat="43.116547" lon="5.779194">
        <ele>0.0</ele>
    </trkpt>
    <trkpt lat="43.11667" lon="5.779575">
        <ele>0.0</ele>
    </trkpt>
    <trkpt lat="43.116611" lon="5.779554">
        <ele>0.0</ele>
    </trkpt>
    <trkpt lat="43.116606" lon="5.779618">
        <ele>0.0</ele>
    </trkpt>
    <trkpt lat="43.116767" lon="5.77987">
        <ele>0.0</ele>
    </trkpt>
    <trkpt lat="43.11681" lon="5.779908">
        <ele>0.0</ele>
    </trkpt>
    <trkpt lat="43.117035" lon="5.779951">
        <ele>0.0</ele>
    </trkpt>
    <trkpt lat="43.117303" lon="5.780155">
        <ele>0.0</ele>
    </trkpt>
    <trkpt lat="43.117346" lon="5.780096">
        <ele>0.0</ele>
    </trkpt>
    <trkpt lat="43.117384" lon="5.779935">
        <ele>0.0</ele>
    </trkpt>
    <trkpt lat="43.1174" lon="5.779725">
        <ele>0.0</ele>
    </trkpt>
    <trkpt lat="43.117352" lon="5.779586">
        <ele>0.0</ele>
    </trkpt>
    <trkpt lat="43.117126" lon="5.779237">
        <ele>0.0</ele>
    </trkpt>
    <trkpt lat="43.117094" lon="5.779162">
        <ele>0.0</ele>
    </trkpt>
    <trkpt lat="43.117089" lon="5.779028">
        <ele>0.0</ele>
    </trkpt>
    <trkpt lat="43.117384" lon="5.778207">
        <ele>0.0</ele>
    </trkpt>
    <trkpt lat="43.117566" lon="5.777859">
        <ele>0.0</ele>
    </trkpt>
    <trkpt lat="43.117604" lon="5.777671">
        <ele>0.0</ele>
    </trkpt>
    <trkpt lat="43.117663" lon="5.777542">
        <ele>0.0</ele>
    </trkpt>
    <trkpt lat="43.117963" lon="5.777494">
        <ele>0.0</ele>
    </trkpt>
    <trkpt lat="43.118087" lon="5.777526">
        <ele>0.0</ele>
    </trkpt>
    <trkpt lat="43.118537" lon="5.777735">
        <ele>0.0</ele>
    </trkpt>
    <trkpt lat="43.118682" lon="5.777762">
        <ele>0.0</ele>
    </trkpt>
    <trkpt lat="43.118832" lon="5.777703">
        <ele>0.0</ele>
    </trkpt>
    <trkpt lat="43.11888" lon="5.777724">
        <ele>0.0</ele>
    </trkpt>
    <trkpt lat="43.118848" lon="5.777671">
        <ele>0.0</ele>
    </trkpt>
    <trkpt lat="43.118923" lon="5.777553">
        <ele>0.0</ele>
    </trkpt>
    <trkpt lat="43.119015" lon="5.777301">
        <ele>0.0</ele>
    </trkpt>
    <trkpt lat="43.119256" lon="5.777038">
        <ele>0.0</ele>
    </trkpt>
    <trkpt lat="43.119326" lon="5.776823">
        <ele>0.0</ele>
    </trkpt>
    <trkpt lat="43.119487" lon="5.776566">
        <ele>0.0</ele>
    </trkpt>
    <trkpt lat="43.119594" lon="5.776281">
        <ele>0.0</ele>
    </trkpt>
    <trkpt lat="43.119792" lon="5.77618">
        <ele>0.0</ele>
    </trkpt>
    <trkpt lat="43.11975" lon="5.776137">
        <ele>0.0</ele>
    </trkpt>
    <trkpt lat="43.119632" lon="5.776137">
        <ele>0.0</ele>
    </trkpt>
    <trkpt lat="43.11961" lon="5.776239">
        <ele>0.0</ele>
    </trkpt>
    <trkpt lat="43.119508" lon="5.776314">
        <ele>0.0</ele>
    </trkpt>
    <trkpt lat="43.119267" lon="5.77663">
        <ele>0.0</ele>
    </trkpt>
    <trkpt lat="43.118913" lon="5.77744">
        <ele>0.0</ele>
    </trkpt>
    <trkpt lat="43.118891" lon="5.777596">
        <ele>0.0</ele>
    </trkpt>
    <trkpt lat="43.118982" lon="5.77781">
        <ele>0.0</ele>
    </trkpt>
    <trkpt lat="43.119277" lon="5.77788">
        <ele>0.0</ele>
    </trkpt>
    <trkpt lat="43.119374" lon="5.777848">
        <ele>0.0</ele>
    </trkpt>
    <trkpt lat="43.119556" lon="5.777655">
        <ele>0.0</ele>
    </trkpt>
    <trkpt lat="43.119653" lon="5.777467">
        <ele>0.0</ele>
    </trkpt>
    <trkpt lat="43.120012" lon="5.776941">
        <ele>0.0</ele>
    </trkpt>
    <trkpt lat="43.1202" lon="5.776818">
        <ele>0.0</ele>
    </trkpt>
    <trkpt lat="43.120651" lon="5.776684">
        <ele>0.0</ele>
    </trkpt>
    <trkpt lat="43.120833" lon="5.776684">
        <ele>0.0</ele>
    </trkpt>
    <trkpt lat="43.121112" lon="5.776598">
        <ele>0.0</ele>
    </trkpt>
    <trkpt lat="43.121364" lon="5.776636">
        <ele>0.0</ele>
    </trkpt>
    <trkpt lat="43.121498" lon="5.776721">
        <ele>0.0</ele>
    </trkpt>
    <trkpt lat="43.121831" lon="5.777322">
        <ele>0.0</ele>
    </trkpt>
    <trkpt lat="43.121949" lon="5.777467">
        <ele>0.0</ele>
    </trkpt>
    <trkpt lat="43.122019" lon="5.777494">
        <ele>0.0</ele>
    </trkpt>
    <trkpt lat="43.12292" lon="5.777204">
        <ele>0.0</ele>
    </trkpt>
    <trkpt lat="43.123113" lon="5.776936">
        <ele>0.0</ele>
    </trkpt>
    <trkpt lat="43.123392" lon="5.77678">
        <ele>0.0</ele>
    </trkpt>
    <trkpt lat="43.123628" lon="5.776566">
        <ele>0.0</ele>
    </trkpt>
    <trkpt lat="43.123843" lon="5.776442">
        <ele>0.0</ele>
    </trkpt>
    <trkpt lat="43.123885" lon="5.776389">
        <ele>0.0</ele>
    </trkpt>
    <trkpt lat="43.124191" lon="5.776239">
        <ele>0.0</ele>
    </trkpt>
    <trkpt lat="43.124379" lon="5.776088">
        <ele>0.0</ele>
    </trkpt>
    <trkpt lat="43.124551" lon="5.776019">
        <ele>0.0</ele>
    </trkpt>
    <trkpt lat="43.124856" lon="5.775766">
        <ele>0.0</ele>
    </trkpt>
    <trkpt lat="43.124889" lon="5.775724">
        <ele>0.0</ele>
    </trkpt>
    <trkpt lat="43.124942" lon="5.775471">
        <ele>0.0</ele>
    </trkpt>
    <trkpt lat="43.124894" lon="5.77523">
        <ele>0.0</ele>
    </trkpt>
    <trkpt lat="43.124905" lon="5.775053">
        <ele>0.0</ele>
    </trkpt>
    <trkpt lat="43.124873" lon="5.774849">
        <ele>0.0</ele>
    </trkpt>
    <trkpt lat="43.125634" lon="5.774779">
        <ele>0.0</ele>
    </trkpt>
    <trkpt lat="43.125897" lon="5.774817">
        <ele>0.0</ele>
    </trkpt>
    <trkpt lat="43.12609" lon="5.775042">
        <ele>0.0</ele>
    </trkpt>
    <trkpt lat="43.126332" lon="5.775423">
        <ele>0.0</ele>
    </trkpt>
    <trkpt lat="43.126863" lon="5.776029">
        <ele>0.0</ele>
    </trkpt>
    <trkpt lat="43.12727" lon="5.776652">
        <ele>0.0</ele>
    </trkpt>
    <trkpt lat="43.127673" lon="5.777129">
        <ele>0.0</ele>
    </trkpt>
    <trkpt lat="43.127769" lon="5.777494">
        <ele>0.0</ele>
    </trkpt>
    <trkpt lat="43.127844" lon="5.777623">
        <ele>0.0</ele>
    </trkpt>
    <trkpt lat="43.127946" lon="5.777928">
        <ele>0.0</ele>
    </trkpt>
    <trkpt lat="43.128392" lon="5.778878">
        <ele>0.0</ele>
    </trkpt>
    <trkpt lat="43.128467" lon="5.779125">
        <ele>0.0</ele>
    </trkpt>
    <trkpt lat="43.128536" lon="5.779216">
        <ele>0.0</ele>
    </trkpt>
    <trkpt lat="43.128579" lon="5.779232">
        <ele>0.0</ele>
    </trkpt>
    <trkpt lat="43.128531" lon="5.779227">
        <ele>0.0</ele>
    </trkpt>
    <trkpt lat="43.128504" lon="5.779162">
        <ele>0.0</ele>
    </trkpt>
    <trkpt lat="43.128451" lon="5.779323">
        <ele>0.0</ele>
    </trkpt>
    <trkpt lat="43.128526" lon="5.779259">
        <ele>0.0</ele>
    </trkpt>
    <trkpt lat="43.128413" lon="5.779119">
        <ele>0.0</ele>
    </trkpt>
    <trkpt lat="43.128418" lon="5.7792">
        <ele>0.0</ele>
    </trkpt>
    <trkpt lat="43.128467" lon="5.7792">
        <ele>0.0</ele>
    </trkpt>
    <trkpt lat="43.128563" lon="5.779049">
        <ele>0.0</ele>
    </trkpt>
    <trkpt lat="43.12851" lon="5.779184">
        <ele>0.0</ele>
    </trkpt>
    <trkpt lat="43.12852" lon="5.779532">
        <ele>0.0</ele>
    </trkpt>
    <trkpt lat="43.128461" lon="5.779817">
        <ele>0.0</ele>
    </trkpt>
    <trkpt lat="43.128435" lon="5.780171">
        <ele>0.0</ele>
    </trkpt>
    <trkpt lat="43.128467" lon="5.78023">
        <ele>0.0</ele>
    </trkpt>
    <trkpt lat="43.128429" lon="5.780509">
        <ele>0.0</ele>
    </trkpt>
    <trkpt lat="43.12852" lon="5.78112">
        <ele>0.0</ele>
    </trkpt>
    <trkpt lat="43.12852" lon="5.781404">
        <ele>0.0</ele>
    </trkpt>
    <trkpt lat="43.128488" lon="5.781539">
        <ele>0.0</ele>
    </trkpt>
    <trkpt lat="43.128601" lon="5.781882">
        <ele>0.0</ele>
    </trkpt>
    <trkpt lat="43.128649" lon="5.782236">
        <ele>0.0</ele>
    </trkpt>
    <trkpt lat="43.128638" lon="5.782397">
        <ele>0.0</ele>
    </trkpt>
    <trkpt lat="43.128778" lon="5.782735">
        <ele>0.0</ele>
    </trkpt>
    <trkpt lat="43.12889" lon="5.782901">
        <ele>0.0</ele>
    </trkpt>
    <trkpt lat="43.128949" lon="5.782955">
        <ele>0.0</ele>
    </trkpt>
    <trkpt lat="43.129116" lon="5.783025">
        <ele>0.0</ele>
    </trkpt>
    <trkpt lat="43.129298" lon="5.783239">
        <ele>0.0</ele>
    </trkpt>
    <trkpt lat="43.129346" lon="5.78325">
        <ele>0.0</ele>
    </trkpt>
    <trkpt lat="43.130623" lon="5.782043">
        <ele>0.0</ele>
    </trkpt>
    <trkpt lat="43.131412" lon="5.781372">
        <ele>0.0</ele>
    </trkpt>
    <trkpt lat="43.132141" lon="5.780954">
        <ele>0.0</ele>
    </trkpt>
    <trkpt lat="43.132345" lon="5.780809">
        <ele>0.0</ele>
    </trkpt>
    <trkpt lat="43.132774" lon="5.780589">
        <ele>0.0</ele>
    </trkpt>
    <trkpt lat="43.133026" lon="5.780391">
        <ele>0.0</ele>
    </trkpt>
    <trkpt lat="43.133257" lon="5.780294">
        <ele>0.0</ele>
    </trkpt>
    <trkpt lat="43.133536" lon="5.780219">
        <ele>0.0</ele>
    </trkpt>
    <trkpt lat="43.133718" lon="5.780063">
        <ele>0.0</ele>
    </trkpt>
    <trkpt lat="43.133826" lon="5.780031">
        <ele>0.0</ele>
    </trkpt>
    <trkpt lat="43.134073" lon="5.779876">
        <ele>0.0</ele>
    </trkpt>
    <trkpt lat="43.134394" lon="5.779634">
        <ele>0.0</ele>
    </trkpt>
    <trkpt lat="43.134469" lon="5.779527">
        <ele>0.0</ele>
    </trkpt>
    <trkpt lat="43.135038" lon="5.779023">
        <ele>0.0</ele>
    </trkpt>
    <trkpt lat="43.135119" lon="5.778996">
        <ele>0.0</ele>
    </trkpt>
    <trkpt lat="43.135296" lon="5.778808">
        <ele>0.0</ele>
    </trkpt>
    <trkpt lat="43.135634" lon="5.778368">
        <ele>0.0</ele>
    </trkpt>
    <trkpt lat="43.135784" lon="5.778121">
        <ele>0.0</ele>
    </trkpt>
    <trkpt lat="43.136181" lon="5.777639">
        <ele>0.0</ele>
    </trkpt>
    <trkpt lat="43.136835" lon="5.776662">
        <ele>0.0</ele>
    </trkpt>
    <trkpt lat="43.137254" lon="5.776115">
        <ele>0.0</ele>
    </trkpt>
    <trkpt lat="43.137613" lon="5.775455">
        <ele>0.0</ele>
    </trkpt>
    <trkpt lat="43.138391" lon="5.773572">
        <ele>0.0</ele>
    </trkpt>
    <trkpt lat="43.139292" lon="5.770499">
        <ele>0.0</ele>
    </trkpt>
    <trkpt lat="43.139453" lon="5.769919">
        <ele>0.0</ele>
    </trkpt>
    <trkpt lat="43.139491" lon="5.769646">
        <ele>0.0</ele>
    </trkpt>
    <trkpt lat="43.139432" lon="5.769388">
        <ele>0.0</ele>
    </trkpt>
    <trkpt lat="43.139415" lon="5.769039">
        <ele>0.0</ele>
    </trkpt>
    <trkpt lat="43.139448" lon="5.768643">
        <ele>0.0</ele>
    </trkpt>
    <trkpt lat="43.139421" lon="5.768165">
        <ele>0.0</ele>
    </trkpt>
    <trkpt lat="43.139421" lon="5.767613">
        <ele>0.0</ele>
    </trkpt>
    <trkpt lat="43.139458" lon="5.767055">
        <ele>0.0</ele>
    </trkpt>
    <trkpt lat="43.139442" lon="5.766513">
        <ele>0.0</ele>
    </trkpt>
    <trkpt lat="43.139153" lon="5.76581">
        <ele>0.0</ele>
    </trkpt>
    <trkpt lat="43.139056" lon="5.765692">
        <ele>0.0</ele>
    </trkpt>
    <trkpt lat="43.13904" lon="5.765628">
        <ele>0.0</ele>
    </trkpt>
    <trkpt lat="43.138997" lon="5.765649">
        <ele>0.0</ele>
    </trkpt>
    <trkpt lat="43.138943" lon="5.765429">
        <ele>0.0</ele>
    </trkpt>
    <trkpt lat="43.138681" lon="5.765011">
        <ele>0.0</ele>
    </trkpt>
    <trkpt lat="43.138568" lon="5.764303">
        <ele>0.0</ele>
    </trkpt>
    <trkpt lat="43.138525" lon="5.764265">
        <ele>0.0</ele>
    </trkpt>
    <trkpt lat="43.138396" lon="5.763986">
        <ele>0.0</ele>
    </trkpt>
    <trkpt lat="43.1383" lon="5.763541">
        <ele>0.0</ele>
    </trkpt>
    <trkpt lat="43.138235" lon="5.762827">
        <ele>0.0</ele>
    </trkpt>
    <trkpt lat="43.138149" lon="5.762602">
        <ele>0.0</ele>
    </trkpt>
    <trkpt lat="43.138171" lon="5.762506">
        <ele>0.0</ele>
    </trkpt>
    <trkpt lat="43.138107" lon="5.762334">
        <ele>0.0</ele>
    </trkpt>
    <trkpt lat="43.138198" lon="5.762275">
        <ele>0.0</ele>
    </trkpt>
    <trkpt lat="43.138192" lon="5.7622">
        <ele>0.0</ele>
    </trkpt>
    <trkpt lat="43.138144" lon="5.762119">
        <ele>0.0</ele>
    </trkpt>
    <trkpt lat="43.13809" lon="5.761862">
        <ele>0.0</ele>
    </trkpt>
    <trkpt lat="43.138031" lon="5.761304">
        <ele>0.0</ele>
    </trkpt>
    <trkpt lat="43.137983" lon="5.761245">
        <ele>0.0</ele>
    </trkpt>
    <trkpt lat="43.13793" lon="5.761047">
        <ele>0.0</ele>
    </trkpt>
    <trkpt lat="43.137844" lon="5.760891">
        <ele>0.0</ele>
    </trkpt>
    <trkpt lat="43.137608" lon="5.760655">
        <ele>0.0</ele>
    </trkpt>
    <trkpt lat="43.137452" lon="5.760354">
        <ele>0.0</ele>
    </trkpt>
    <trkpt lat="43.137356" lon="5.760022">
        <ele>0.0</ele>
    </trkpt>
    <trkpt lat="43.137232" lon="5.759995">
        <ele>0.0</ele>
    </trkpt>
    <trkpt lat="43.137189" lon="5.759941">
        <ele>0.0</ele>
    </trkpt>
    <trkpt lat="43.137012" lon="5.759448">
        <ele>0.0</ele>
    </trkpt>
    <trkpt lat="43.136975" lon="5.759233">
        <ele>0.0</ele>
    </trkpt>
    <trkpt lat="43.136819" lon="5.758761">
        <ele>0.0</ele>
    </trkpt>
    <trkpt lat="43.136771" lon="5.75845">
        <ele>0.0</ele>
    </trkpt>
    <trkpt lat="43.136717" lon="5.758295">
        <ele>0.0</ele>
    </trkpt>
    <trkpt lat="43.136664" lon="5.757881">
        <ele>0.0</ele>
    </trkpt>
    <trkpt lat="43.136444" lon="5.757147">
        <ele>0.0</ele>
    </trkpt>
    <trkpt lat="43.13639" lon="5.756798">
        <ele>0.0</ele>
    </trkpt>
    <trkpt lat="43.136122" lon="5.755827">
        <ele>0.0</ele>
    </trkpt>
    <trkpt lat="43.136036" lon="5.755248">
        <ele>0.0</ele>
    </trkpt>
    <trkpt lat="43.135993" lon="5.755172">
        <ele>0.0</ele>
    </trkpt>
    <trkpt lat="43.135923" lon="5.755156">
        <ele>0.0</ele>
    </trkpt>
    <trkpt lat="43.135854" lon="5.754969">
        <ele>0.0</ele>
    </trkpt>
    <trkpt lat="43.135714" lon="5.754421">
        <ele>0.0</ele>
    </trkpt>
    <trkpt lat="43.13573" lon="5.754357">
        <ele>0.0</ele>
    </trkpt>
    <trkpt lat="43.135676" lon="5.754341">
        <ele>0.0</ele>
    </trkpt>
    <trkpt lat="43.135714" lon="5.754266">
        <ele>0.0</ele>
    </trkpt>
    <trkpt lat="43.135671" lon="5.754083">
        <ele>0.0</ele>
    </trkpt>
    <trkpt lat="43.135634" lon="5.754019">
        <ele>0.0</ele>
    </trkpt>
    <trkpt lat="43.135591" lon="5.754051">
        <ele>0.0</ele>
    </trkpt>
    <trkpt lat="43.135575" lon="5.753896">
        <ele>0.0</ele>
    </trkpt>
    <trkpt lat="43.135489" lon="5.753788">
        <ele>0.0</ele>
    </trkpt>
    <trkpt lat="43.135414" lon="5.75352">
        <ele>0.0</ele>
    </trkpt>
    <trkpt lat="43.135371" lon="5.753542">
        <ele>0.0</ele>
    </trkpt>
    <trkpt lat="43.13543" lon="5.753729">
        <ele>0.0</ele>
    </trkpt>
    <trkpt lat="43.135473" lon="5.753756">
        <ele>0.0</ele>
    </trkpt>
    <trkpt lat="43.135451" lon="5.75381">
        <ele>0.0</ele>
    </trkpt>
    <trkpt lat="43.135494" lon="5.754073">
        <ele>0.0</ele>
    </trkpt>
    <trkpt lat="43.135526" lon="5.754202">
        <ele>0.0</ele>
    </trkpt>
    <trkpt lat="43.135596" lon="5.754314">
        <ele>0.0</ele>
    </trkpt>
    <trkpt lat="43.135644" lon="5.754336">
        <ele>0.0</ele>
    </trkpt>
    <trkpt lat="43.136057" lon="5.754067">
        <ele>0.0</ele>
    </trkpt>
    <trkpt lat="43.136047" lon="5.753853">
        <ele>0.0</ele>
    </trkpt>
    <trkpt lat="43.136213" lon="5.753343">
        <ele>0.0</ele>
    </trkpt>
    <trkpt lat="43.13625" lon="5.753273">
        <ele>0.0</ele>
    </trkpt>
    <trkpt lat="43.136363" lon="5.753188">
        <ele>0.0</ele>
    </trkpt>
    <trkpt lat="43.136422" lon="5.75307">
        <ele>0.0</ele>
    </trkpt>
    <trkpt lat="43.13654" lon="5.752962">
        <ele>0.0</ele>
    </trkpt>
    <trkpt lat="43.136529" lon="5.752898">
        <ele>0.0</ele>
    </trkpt>
    <trkpt lat="43.136728" lon="5.752614">
        <ele>0.0</ele>
    </trkpt>
    <trkpt lat="43.13683" lon="5.752565">
        <ele>0.0</ele>
    </trkpt>
    <trkpt lat="43.136873" lon="5.752474">
        <ele>0.0</ele>
    </trkpt>
    <trkpt lat="43.13698" lon="5.752372">
        <ele>0.0</ele>
    </trkpt>
    <trkpt lat="43.137125" lon="5.752319">
        <ele>0.0</ele>
    </trkpt>
    <trkpt lat="43.13757" lon="5.752286">
        <ele>0.0</ele>
    </trkpt>
    <trkpt lat="43.137747" lon="5.752206">
        <ele>0.0</ele>
    </trkpt>
    <trkpt lat="43.138042" lon="5.751584">
        <ele>0.0</ele>
    </trkpt>
    <trkpt lat="43.138107" lon="5.75153">
        <ele>0.0</ele>
    </trkpt>
    <trkpt lat="43.138139" lon="5.75145">
        <ele>0.0</ele>
    </trkpt>
    <trkpt lat="43.138353" lon="5.751332">
        <ele>0.0</ele>
    </trkpt>
    <trkpt lat="43.13845" lon="5.751358">
        <ele>0.0</ele>
    </trkpt>
    <trkpt lat="43.138605" lon="5.751273">
        <ele>0.0</ele>
    </trkpt>
    <trkpt lat="43.138686" lon="5.751133">
        <ele>0.0</ele>
    </trkpt>
    <trkpt lat="43.138734" lon="5.750956">
        <ele>0.0</ele>
    </trkpt>
    <trkpt lat="43.138895" lon="5.75065">
        <ele>0.0</ele>
    </trkpt>
    <trkpt lat="43.13897" lon="5.75057">
        <ele>0.0</ele>
    </trkpt>
    <trkpt lat="43.139067" lon="5.750623">
        <ele>0.0</ele>
    </trkpt>
    <trkpt lat="43.139249" lon="5.750849">
        <ele>0.0</ele>
    </trkpt>
    <trkpt lat="43.139255" lon="5.751214">
        <ele>0.0</ele>
    </trkpt>
    <trkpt lat="43.139158" lon="5.751659">
        <ele>0.0</ele>
    </trkpt>
    <trkpt lat="43.139212" lon="5.751873">
        <ele>0.0</ele>
    </trkpt>
    <trkpt lat="43.139314" lon="5.752024">
        <ele>0.0</ele>
    </trkpt>
    <trkpt lat="43.13941" lon="5.752115">
        <ele>0.0</ele>
    </trkpt>
    <trkpt lat="43.139528" lon="5.752125">
        <ele>0.0</ele>
    </trkpt>
    <trkpt lat="43.139576" lon="5.752163">
        <ele>0.0</ele>
    </trkpt>
    <trkpt lat="43.140145" lon="5.752243">
        <ele>0.0</ele>
    </trkpt>
    <trkpt lat="43.140193" lon="5.752254">
        <ele>0.0</ele>
    </trkpt>
    <trkpt lat="43.14022" lon="5.752303">
        <ele>0.0</ele>
    </trkpt>
    <trkpt lat="43.140327" lon="5.752286">
        <ele>0.0</ele>
    </trkpt>
    <trkpt lat="43.140397" lon="5.752179">
        <ele>0.0</ele>
    </trkpt>
    <trkpt lat="43.140515" lon="5.751793">
        <ele>0.0</ele>
    </trkpt>
    <trkpt lat="43.140628" lon="5.751208">
        <ele>0.0</ele>
    </trkpt>
    <trkpt lat="43.140708" lon="5.750613">
        <ele>0.0</ele>
    </trkpt>
    <trkpt lat="43.140773" lon="5.750355">
        <ele>0.0</ele>
    </trkpt>
    <trkpt lat="43.140767" lon="5.749824">
        <ele>0.0</ele>
    </trkpt>
    <trkpt lat="43.140859" lon="5.749454">
        <ele>0.0</ele>
    </trkpt>
    <trkpt lat="43.140869" lon="5.749223">
        <ele>0.0</ele>
    </trkpt>
    <trkpt lat="43.141019" lon="5.748676">
        <ele>0.0</ele>
    </trkpt>
    <trkpt lat="43.141084" lon="5.748542">
        <ele>0.0</ele>
    </trkpt>
    <trkpt lat="43.141234" lon="5.74837">
        <ele>0.0</ele>
    </trkpt>
    <trkpt lat="43.141717" lon="5.748108">
        <ele>0.0</ele>
    </trkpt>
    <trkpt lat="43.141926" lon="5.747963">
        <ele>0.0</ele>
    </trkpt>
    <trkpt lat="43.142023" lon="5.748006">
        <ele>0.0</ele>
    </trkpt>
    <trkpt lat="43.142066" lon="5.748134">
        <ele>0.0</ele>
    </trkpt>
    <trkpt lat="43.142259" lon="5.748177">
        <ele>0.0</ele>
    </trkpt>
    <trkpt lat="43.142344" lon="5.748167">
        <ele>0.0</ele>
    </trkpt>
    <trkpt lat="43.142532" lon="5.748059">
        <ele>0.0</ele>
    </trkpt>
    <trkpt lat="43.142645" lon="5.748049">
        <ele>0.0</ele>
    </trkpt>
    <trkpt lat="43.142682" lon="5.748011">
        <ele>0.0</ele>
    </trkpt>
    <trkpt lat="43.1428" lon="5.747984">
        <ele>0.0</ele>
    </trkpt>
    <trkpt lat="43.142908" lon="5.747909">
        <ele>0.0</ele>
    </trkpt>
    <trkpt lat="43.143015" lon="5.747952">
        <ele>0.0</ele>
    </trkpt>
    <trkpt lat="43.143176" lon="5.747893">
        <ele>0.0</ele>
    </trkpt>
    <trkpt lat="43.14323" lon="5.747866">
        <ele>0.0</ele>
    </trkpt>
    <trkpt lat="43.143187" lon="5.747839">
        <ele>0.0</ele>
    </trkpt>
    <trkpt lat="43.143235" lon="5.747834">
        <ele>0.0</ele>
    </trkpt>
    <trkpt lat="43.14324" lon="5.74777">
        <ele>0.0</ele>
    </trkpt>
    <trkpt lat="43.143348" lon="5.747866">
        <ele>0.0</ele>
    </trkpt>
    <trkpt lat="43.14331" lon="5.747952">
        <ele>0.0</ele>
    </trkpt>
    <trkpt lat="43.143412" lon="5.747818">
        <ele>0.0</ele>
    </trkpt>
    <trkpt lat="43.143358" lon="5.747796">
        <ele>0.0</ele>
    </trkpt>
    <trkpt lat="43.143326" lon="5.747866">
        <ele>0.0</ele>
    </trkpt>
    <trkpt lat="43.143289" lon="5.747796">
        <ele>0.0</ele>
    </trkpt>
    <trkpt lat="43.143594" lon="5.747839">
        <ele>0.0</ele>
    </trkpt>
    <trkpt lat="43.143852" lon="5.747711">
        <ele>0.0</ele>
    </trkpt>
    <trkpt lat="43.143879" lon="5.747652">
        <ele>0.0</ele>
    </trkpt>
    <trkpt lat="43.14405" lon="5.747657">
        <ele>0.0</ele>
    </trkpt>
    <trkpt lat="43.144099" lon="5.74763">
        <ele>0.0</ele>
    </trkpt>
    <trkpt lat="43.144158" lon="5.747635">
        <ele>0.0</ele>
    </trkpt>
    <trkpt lat="43.144372" lon="5.747748">
        <ele>0.0</ele>
    </trkpt>
    <trkpt lat="43.145027" lon="5.747834">
        <ele>0.0</ele>
    </trkpt>
    <trkpt lat="43.145123" lon="5.747904">
        <ele>0.0</ele>
    </trkpt>
    <trkpt lat="43.145381" lon="5.74799">
        <ele>0.0</ele>
    </trkpt>
    <trkpt lat="43.145654" lon="5.748226">
        <ele>0.0</ele>
    </trkpt>
    <trkpt lat="43.14589" lon="5.748344">
        <ele>0.0</ele>
    </trkpt>
    <trkpt lat="43.145976" lon="5.74851">
        <ele>0.0</ele>
    </trkpt>
    <trkpt lat="43.146448" lon="5.748735">
        <ele>0.0</ele>
    </trkpt>
    <trkpt lat="43.146529" lon="5.748821">
        <ele>0.0</ele>
    </trkpt>
    <trkpt lat="43.146545" lon="5.748762">
        <ele>0.0</ele>
    </trkpt>
    <trkpt lat="43.146593" lon="5.748741">
        <ele>0.0</ele>
    </trkpt>
    <trkpt lat="43.146824" lon="5.748735">
        <ele>0.0</ele>
    </trkpt>
    <trkpt lat="43.147124" lon="5.7488">
        <ele>0.0</ele>
    </trkpt>
    <trkpt lat="43.147548" lon="5.748939">
        <ele>0.0</ele>
    </trkpt>
    <trkpt lat="43.147661" lon="5.748923">
        <ele>0.0</ele>
    </trkpt>
    <trkpt lat="43.147934" lon="5.749116">
        <ele>0.0</ele>
    </trkpt>
    <trkpt lat="43.148235" lon="5.749213">
        <ele>0.0</ele>
    </trkpt>
    <trkpt lat="43.148825" lon="5.749948">
        <ele>0.0</ele>
    </trkpt>
    <trkpt lat="43.148996" lon="5.750098">
        <ele>0.0</ele>
    </trkpt>
    <trkpt lat="43.149152" lon="5.750157">
        <ele>0.0</ele>
    </trkpt>
    <trkpt lat="43.149189" lon="5.750414">
        <ele>0.0</ele>
    </trkpt>
    <trkpt lat="43.149173" lon="5.750489">
        <ele>0.0</ele>
    </trkpt>
    <trkpt lat="43.149216" lon="5.750543">
        <ele>0.0</ele>
    </trkpt>
    <trkpt lat="43.149259" lon="5.75072">
        <ele>0.0</ele>
    </trkpt>
    <trkpt lat="43.149356" lon="5.750699">
        <ele>0.0</ele>
    </trkpt>
    <trkpt lat="43.149527" lon="5.75072">
        <ele>0.0</ele>
    </trkpt>
    <trkpt lat="43.149624" lon="5.750613">
        <ele>0.0</ele>
    </trkpt>
    <trkpt lat="43.149785" lon="5.750307">
        <ele>0.0</ele>
    </trkpt>
    <trkpt lat="43.149946" lon="5.750216">
        <ele>0.0</ele>
    </trkpt>
    <trkpt lat="43.150348" lon="5.750162">
        <ele>0.0</ele>
    </trkpt>
    <trkpt lat="43.150531" lon="5.750103">
        <ele>0.0</ele>
    </trkpt>
    <trkpt lat="43.150622" lon="5.749964">
        <ele>0.0</ele>
    </trkpt>
    <trkpt lat="43.150788" lon="5.749824">
        <ele>0.0</ele>
    </trkpt>
    <trkpt lat="43.150917" lon="5.749803">
        <ele>0.0</ele>
    </trkpt>
    <trkpt lat="43.151131" lon="5.749636">
        <ele>0.0</ele>
    </trkpt>
    <trkpt lat="43.151845" lon="5.748751">
        <ele>0.0</ele>
    </trkpt>
    <trkpt lat="43.152022" lon="5.748429">
        <ele>0.0</ele>
    </trkpt>
    <trkpt lat="43.15222" lon="5.748193">
        <ele>0.0</ele>
    </trkpt>
    <trkpt lat="43.152279" lon="5.748167">
        <ele>0.0</ele>
    </trkpt>
    <trkpt lat="43.152435" lon="5.747979">
        <ele>0.0</ele>
    </trkpt>
    <trkpt lat="43.152725" lon="5.747796">
        <ele>0.0</ele>
    </trkpt>
    <trkpt lat="43.15288" lon="5.747732">
        <ele>0.0</ele>
    </trkpt>
    <trkpt lat="43.152966" lon="5.747576">
        <ele>0.0</ele>
    </trkpt>
    <trkpt lat="43.153025" lon="5.747593">
        <ele>0.0</ele>
    </trkpt>
    <trkpt lat="43.153116" lon="5.74755">
        <ele>0.0</ele>
    </trkpt>
    <trkpt lat="43.153186" lon="5.747458">
        <ele>0.0</ele>
    </trkpt>
    <trkpt lat="43.153315" lon="5.746954">
        <ele>0.0</ele>
    </trkpt>
    <trkpt lat="43.153363" lon="5.746605">
        <ele>0.0</ele>
    </trkpt>
    <trkpt lat="43.153438" lon="5.746359">
        <ele>0.0</ele>
    </trkpt>
    <trkpt lat="43.153583" lon="5.746091">
        <ele>0.0</ele>
    </trkpt>
    <trkpt lat="43.153771" lon="5.745865">
        <ele>0.0</ele>
    </trkpt>
    <trkpt lat="43.153819" lon="5.745731">
        <ele>0.0</ele>
    </trkpt>
    <trkpt lat="43.153948" lon="5.745635">
        <ele>0.0</ele>
    </trkpt>
    <trkpt lat="43.15427" lon="5.744765">
        <ele>0.0</ele>
    </trkpt>
    <trkpt lat="43.154296" lon="5.744487">
        <ele>0.0</ele>
    </trkpt>
    <trkpt lat="43.154382" lon="5.744138">
        <ele>0.0</ele>
    </trkpt>
    <trkpt lat="43.154581" lon="5.743655">
        <ele>0.0</ele>
    </trkpt>
    <trkpt lat="43.154693" lon="5.743414">
        <ele>0.0</ele>
    </trkpt>
    <trkpt lat="43.154833" lon="5.743269">
        <ele>0.0</ele>
    </trkpt>
    <trkpt lat="43.15516" lon="5.7427">
        <ele>0.0</ele>
    </trkpt>
    <trkpt lat="43.155267" lon="5.742609">
        <ele>0.0</ele>
    </trkpt>
    <trkpt lat="43.1553" lon="5.742394">
        <ele>0.0</ele>
    </trkpt>
    <trkpt lat="43.15545" lon="5.742094">
        <ele>0.0</ele>
    </trkpt>
    <trkpt lat="43.156394" lon="5.740635">
        <ele>0.0</ele>
    </trkpt>
    <trkpt lat="43.156684" lon="5.740098">
        <ele>0.0</ele>
    </trkpt>
    <trkpt lat="43.156844" lon="5.739959">
        <ele>0.0</ele>
    </trkpt>
    <trkpt lat="43.157097" lon="5.739594">
        <ele>0.0</ele>
    </trkpt>
    <trkpt lat="43.157241" lon="5.739498">
        <ele>0.0</ele>
    </trkpt>
    <trkpt lat="43.15795" lon="5.738741">
        <ele>0.0</ele>
    </trkpt>
    <trkpt lat="43.158566" lon="5.738199">
        <ele>0.0</ele>
    </trkpt>
    <trkpt lat="43.158829" lon="5.737711">
        <ele>0.0</ele>
    </trkpt>
    <trkpt lat="43.158974" lon="5.737143">
        <ele>0.0</ele>
    </trkpt>
    <trkpt lat="43.15898" lon="5.736654">
        <ele>0.0</ele>
    </trkpt>
    <trkpt lat="43.158872" lon="5.736102">
        <ele>0.0</ele>
    </trkpt>
    <trkpt lat="43.158797" lon="5.735973">
        <ele>0.0</ele>
    </trkpt>
    <trkpt lat="43.158717" lon="5.735533">
        <ele>0.0</ele>
    </trkpt>
    <trkpt lat="43.158727" lon="5.735313">
        <ele>0.0</ele>
    </trkpt>
    <trkpt lat="43.15869" lon="5.735088">
        <ele>0.0</ele>
    </trkpt>
    <trkpt lat="43.158588" lon="5.734723">
        <ele>0.0</ele>
    </trkpt>
    <trkpt lat="43.158395" lon="5.733742">
        <ele>0.0</ele>
    </trkpt>
    <trkpt lat="43.158078" lon="5.732744">
        <ele>0.0</ele>
    </trkpt>
    <trkpt lat="43.158062" lon="5.732073">
        <ele>0.0</ele>
    </trkpt>
    <trkpt lat="43.158164" lon="5.731505">
        <ele>0.0</ele>
    </trkpt>
    <trkpt lat="43.158577" lon="5.73063">
        <ele>0.0</ele>
    </trkpt>
    <trkpt lat="43.15869" lon="5.730265">
        <ele>0.0</ele>
    </trkpt>
    <trkpt lat="43.159114" lon="5.729632">
        <ele>0.0</ele>
    </trkpt>
    <trkpt lat="43.159865" lon="5.728908">
        <ele>0.0</ele>
    </trkpt>
    <trkpt lat="43.160213" lon="5.728704">
        <ele>0.0</ele>
    </trkpt>
    <trkpt lat="43.160541" lon="5.728442">
        <ele>0.0</ele>
    </trkpt>
    <trkpt lat="43.160701" lon="5.728286">
        <ele>0.0</ele>
    </trkpt>
    <trkpt lat="43.160771" lon="5.728173">
        <ele>0.0</ele>
    </trkpt>
    <trkpt lat="43.161013" lon="5.727685">
        <ele>0.0</ele>
    </trkpt>
    <trkpt lat="43.161125" lon="5.726929">
        <ele>0.0</ele>
    </trkpt>
    <trkpt lat="43.161195" lon="5.726644">
        <ele>0.0</ele>
    </trkpt>
    <trkpt lat="43.161334" lon="5.726387">
        <ele>0.0</ele>
    </trkpt>
    <trkpt lat="43.161431" lon="5.726285">
        <ele>0.0</ele>
    </trkpt>
    <trkpt lat="43.161796" lon="5.725749">
        <ele>0.0</ele>
    </trkpt>
    <trkpt lat="43.162531" lon="5.724322">
        <ele>0.0</ele>
    </trkpt>
    <trkpt lat="43.162761" lon="5.723651">
        <ele>0.0</ele>
    </trkpt>
    <trkpt lat="43.162761" lon="5.723528">
        <ele>0.0</ele>
    </trkpt>
    <trkpt lat="43.162938" lon="5.7229">
        <ele>0.0</ele>
    </trkpt>
    <trkpt lat="43.163067" lon="5.721999">
        <ele>0.0</ele>
    </trkpt>
    <trkpt lat="43.163137" lon="5.721876">
        <ele>0.0</ele>
    </trkpt>
    <trkpt lat="43.16325" lon="5.721511">
        <ele>0.0</ele>
    </trkpt>
    <trkpt lat="43.16348" lon="5.720942">
        <ele>0.0</ele>
    </trkpt>
    <trkpt lat="43.16363" lon="5.719617">
        <ele>0.0</ele>
    </trkpt>
    <trkpt lat="43.163759" lon="5.719204">
        <ele>0.0</ele>
    </trkpt>
    <trkpt lat="43.163824" lon="5.718539">
        <ele>0.0</ele>
    </trkpt>
    <trkpt lat="43.163915" lon="5.718104">
        <ele>0.0</ele>
    </trkpt>
    <trkpt lat="43.164086" lon="5.71775">
        <ele>0.0</ele>
    </trkpt>
    <trkpt lat="43.164167" lon="5.717477">
        <ele>0.0</ele>
    </trkpt>
    <trkpt lat="43.164301" lon="5.717235">
        <ele>0.0</ele>
    </trkpt>
    <trkpt lat="43.164435" lon="5.717101">
        <ele>0.0</ele>
    </trkpt>
    <trkpt lat="43.164457" lon="5.717021">
        <ele>0.0</ele>
    </trkpt>
    <trkpt lat="43.164843" lon="5.716474">
        <ele>0.0</ele>
    </trkpt>
    <trkpt lat="43.164993" lon="5.716356">
        <ele>0.0</ele>
    </trkpt>
    <trkpt lat="43.165116" lon="5.716205">
        <ele>0.0</ele>
    </trkpt>
    <trkpt lat="43.165422" lon="5.716007">
        <ele>0.0</ele>
    </trkpt>
    <trkpt lat="43.165546" lon="5.715948">
        <ele>0.0</ele>
    </trkpt>
    <trkpt lat="43.165712" lon="5.715964">
        <ele>0.0</ele>
    </trkpt>
    <trkpt lat="43.165819" lon="5.715873">
        <ele>0.0</ele>
    </trkpt>
    <trkpt lat="43.166152" lon="5.715959">
        <ele>0.0</ele>
    </trkpt>
    <trkpt lat="43.1662" lon="5.715996">
        <ele>0.0</ele>
    </trkpt>
    <trkpt lat="43.166307" lon="5.716001">
        <ele>0.0</ele>
    </trkpt>
    <trkpt lat="43.166581" lon="5.716125">
        <ele>0.0</ele>
    </trkpt>
    <trkpt lat="43.16672" lon="5.716254">
        <ele>0.0</ele>
    </trkpt>
    <trkpt lat="43.166833" lon="5.716307">
        <ele>0.0</ele>
    </trkpt>
    <trkpt lat="43.166854" lon="5.716366">
        <ele>0.0</ele>
    </trkpt>
    <trkpt lat="43.166913" lon="5.716388">
        <ele>0.0</ele>
    </trkpt>
    <trkpt lat="43.166962" lon="5.716361">
        <ele>0.0</ele>
    </trkpt>
    <trkpt lat="43.167053" lon="5.716393">
        <ele>0.0</ele>
    </trkpt>
    <trkpt lat="43.16752" lon="5.717021">
        <ele>0.0</ele>
    </trkpt>
    <trkpt lat="43.167622" lon="5.717133">
        <ele>0.0</ele>
    </trkpt>
    <trkpt lat="43.16782" lon="5.717257">
        <ele>0.0</ele>
    </trkpt>
    <trkpt lat="43.168045" lon="5.717546">
        <ele>0.0</ele>
    </trkpt>
    <trkpt lat="43.168067" lon="5.717654">
        <ele>0.0</ele>
    </trkpt>
    <trkpt lat="43.168185" lon="5.71789">
        <ele>0.0</ele>
    </trkpt>
    <trkpt lat="43.168137" lon="5.718399">
        <ele>0.0</ele>
    </trkpt>
    <trkpt lat="43.168174" lon="5.718737">
        <ele>0.0</ele>
    </trkpt>
    <trkpt lat="43.168271" lon="5.718968">
        <ele>0.0</ele>
    </trkpt>
    <trkpt lat="43.168469" lon="5.719236">
        <ele>0.0</ele>
    </trkpt>
    <trkpt lat="43.168625" lon="5.71937">
        <ele>0.0</ele>
    </trkpt>
    <trkpt lat="43.168861" lon="5.719451">
        <ele>0.0</ele>
    </trkpt>
    <trkpt lat="43.169268" lon="5.719467">
        <ele>0.0</ele>
    </trkpt>
    <trkpt lat="43.169687" lon="5.719413">
        <ele>0.0</ele>
    </trkpt>
    <trkpt lat="43.170116" lon="5.718737">
        <ele>0.0</ele>
    </trkpt>
    <trkpt lat="43.170567" lon="5.717836">
        <ele>0.0</ele>
    </trkpt>
    <trkpt lat="43.17091" lon="5.717267">
        <ele>0.0</ele>
    </trkpt>
    <trkpt lat="43.171157" lon="5.71679">
        <ele>0.0</ele>
    </trkpt>
    <trkpt lat="43.171366" lon="5.716575">
        <ele>0.0</ele>
    </trkpt>
    <trkpt lat="43.171623" lon="5.716243">
        <ele>0.0</ele>
    </trkpt>
    <trkpt lat="43.17187" lon="5.716082">
        <ele>0.0</ele>
    </trkpt>
    <trkpt lat="43.17238" lon="5.715551">
        <ele>0.0</ele>
    </trkpt>
    <trkpt lat="43.172718" lon="5.714993">
        <ele>0.0</ele>
    </trkpt>
    <trkpt lat="43.172836" lon="5.714746">
        <ele>0.0</ele>
    </trkpt>
    <trkpt lat="43.172938" lon="5.714612">
        <ele>0.0</ele>
    </trkpt>
    <trkpt lat="43.173168" lon="5.714129">
        <ele>0.0</ele>
    </trkpt>
    <trkpt lat="43.173796" lon="5.71311">
        <ele>0.0</ele>
    </trkpt>
    <trkpt lat="43.174172" lon="5.712665">
        <ele>0.0</ele>
    </trkpt>
    <trkpt lat="43.174697" lon="5.71193">
        <ele>0.0</ele>
    </trkpt>
    <trkpt lat="43.174906" lon="5.711688">
        <ele>0.0</ele>
    </trkpt>
    <trkpt lat="43.175293" lon="5.711286">
        <ele>0.0</ele>
    </trkpt>
    <trkpt lat="43.175497" lon="5.711168">
        <ele>0.0</ele>
    </trkpt>
    <trkpt lat="43.175657" lon="5.710975">
        <ele>0.0</ele>
    </trkpt>
    <trkpt lat="43.175899" lon="5.710787">
        <ele>0.0</ele>
    </trkpt>
    <trkpt lat="43.176199" lon="5.710653">
        <ele>0.0</ele>
    </trkpt>
    <trkpt lat="43.17629" lon="5.710573">
        <ele>0.0</ele>
    </trkpt>
    <trkpt lat="43.17658" lon="5.710455">
        <ele>0.0</ele>
    </trkpt>
    <trkpt lat="43.17717" lon="5.710288">
        <ele>0.0</ele>
    </trkpt>
    <trkpt lat="43.177417" lon="5.710245">
        <ele>0.0</ele>
    </trkpt>
    <trkpt lat="43.177626" lon="5.710245">
        <ele>0.0</ele>
    </trkpt>
    <trkpt lat="43.1779" lon="5.710186">
        <ele>0.0</ele>
    </trkpt>
    <trkpt lat="43.178597" lon="5.71016">
        <ele>0.0</ele>
    </trkpt>
    <trkpt lat="43.178833" lon="5.710192">
        <ele>0.0</ele>
    </trkpt>
    <trkpt lat="43.179187" lon="5.710321">
        <ele>0.0</ele>
    </trkpt>
    <trkpt lat="43.180099" lon="5.710814">
        <ele>0.0</ele>
    </trkpt>
    <trkpt lat="43.180249" lon="5.710943">
        <ele>0.0</ele>
    </trkpt>
    <trkpt lat="43.180384" lon="5.710991">
        <ele>0.0</ele>
    </trkpt>
    <trkpt lat="43.180459" lon="5.711093">
        <ele>0.0</ele>
    </trkpt>
    <trkpt lat="43.180614" lon="5.711179">
        <ele>0.0</ele>
    </trkpt>
    <trkpt lat="43.18063" lon="5.711265">
        <ele>0.0</ele>
    </trkpt>
    <trkpt lat="43.180668" lon="5.711297">
        <ele>0.0</ele>
    </trkpt>
    <trkpt lat="43.180925" lon="5.711383">
        <ele>0.0</ele>
    </trkpt>
    <trkpt lat="43.181188" lon="5.711367">
        <ele>0.0</ele>
    </trkpt>
    <trkpt lat="43.181247" lon="5.711388">
        <ele>0.0</ele>
    </trkpt>
    <trkpt lat="43.181322" lon="5.711356">
        <ele>0.0</ele>
    </trkpt>
    <trkpt lat="43.181558" lon="5.711157">
        <ele>0.0</ele>
    </trkpt>
    <trkpt lat="43.181768" lon="5.711029">
        <ele>0.0</ele>
    </trkpt>
    <trkpt lat="43.181843" lon="5.710921">
        <ele>0.0</ele>
    </trkpt>
    <trkpt lat="43.181982" lon="5.710846">
        <ele>0.0</ele>
    </trkpt>
    <trkpt lat="43.182014" lon="5.710782">
        <ele>0.0</ele>
    </trkpt>
    <trkpt lat="43.181988" lon="5.710659">
        <ele>0.0</ele>
    </trkpt>
    <trkpt lat="43.182036" lon="5.71046">
        <ele>0.0</ele>
    </trkpt>
    <trkpt lat="43.181988" lon="5.710229">
        <ele>0.0</ele>
    </trkpt>
    <trkpt lat="43.181988" lon="5.709811">
        <ele>0.0</ele>
    </trkpt>
    <trkpt lat="43.181886" lon="5.709532">
        <ele>0.0</ele>
    </trkpt>
    <trkpt lat="43.181751" lon="5.709269">
        <ele>0.0</ele>
    </trkpt>
    <trkpt lat="43.181692" lon="5.708937">
        <ele>0.0</ele>
    </trkpt>
    <trkpt lat="43.181703" lon="5.708706">
        <ele>0.0</ele>
    </trkpt>
    <trkpt lat="43.18165" lon="5.708448">
        <ele>0.0</ele>
    </trkpt>
    <trkpt lat="43.181757" lon="5.70729">
        <ele>0.0</ele>
    </trkpt>
    <trkpt lat="43.181768" lon="5.706952">
        <ele>0.0</ele>
    </trkpt>
    <trkpt lat="43.181735" lon="5.706753">
        <ele>0.0</ele>
    </trkpt>
    <trkpt lat="43.181816" lon="5.705686">
        <ele>0.0</ele>
    </trkpt>
    <trkpt lat="43.181778" lon="5.705133">
        <ele>0.0</ele>
    </trkpt>
  </trkseg>
</trk>
<trk>
  <name>2011/09/09 08:35:00</name>
  <extensions>
  </extensions>
  <trkseg>
    <trkpt lat="43.181757" lon="5.705004">
        <ele>0.0</ele>
    </trkpt>
    <trkpt lat="43.181644" lon="5.704463">
        <ele>0.0</ele>
    </trkpt>
    <trkpt lat="43.181628" lon="5.703937">
        <ele>0.0</ele>
    </trkpt>
    <trkpt lat="43.181451" lon="5.702676">
        <ele>0.0</ele>
    </trkpt>
    <trkpt lat="43.181521" lon="5.70221">
        <ele>0.0</ele>
    </trkpt>
    <trkpt lat="43.181687" lon="5.701528">
        <ele>0.0</ele>
    </trkpt>
    <trkpt lat="43.181768" lon="5.700938">
        <ele>0.0</ele>
    </trkpt>
    <trkpt lat="43.181794" lon="5.700289">
        <ele>0.0</ele>
    </trkpt>
    <trkpt lat="43.181762" lon="5.699549">
        <ele>0.0</ele>
    </trkpt>
    <trkpt lat="43.181435" lon="5.698095">
        <ele>0.0</ele>
    </trkpt>
    <trkpt lat="43.181414" lon="5.69787">
        <ele>0.0</ele>
    </trkpt>
    <trkpt lat="43.181338" lon="5.697666">
        <ele>0.0</ele>
    </trkpt>
    <trkpt lat="43.181204" lon="5.69751">
        <ele>0.0</ele>
    </trkpt>
    <trkpt lat="43.181092" lon="5.697242">
        <ele>0.0</ele>
    </trkpt>
    <trkpt lat="43.181108" lon="5.697172">
        <ele>0.0</ele>
    </trkpt>
    <trkpt lat="43.181285" lon="5.696947">
        <ele>0.0</ele>
    </trkpt>
    <trkpt lat="43.181333" lon="5.696507">
        <ele>0.0</ele>
    </trkpt>
    <trkpt lat="43.181601" lon="5.696121">
        <ele>0.0</ele>
    </trkpt>
    <trkpt lat="43.182004" lon="5.695633">
        <ele>0.0</ele>
    </trkpt>
    <trkpt lat="43.182358" lon="5.695107">
        <ele>0.0</ele>
    </trkpt>
    <trkpt lat="43.182781" lon="5.69426">
        <ele>0.0</ele>
    </trkpt>
    <trkpt lat="43.182926" lon="5.694099">
        <ele>0.0</ele>
    </trkpt>
    <trkpt lat="43.183044" lon="5.693911">
        <ele>0.0</ele>
    </trkpt>
    <trkpt lat="43.1832" lon="5.692993">
        <ele>0.0</ele>
    </trkpt>
    <trkpt lat="43.183221" lon="5.692725">
        <ele>0.0</ele>
    </trkpt>
    <trkpt lat="43.183361" lon="5.692119">
        <ele>0.0</ele>
    </trkpt>
    <trkpt lat="43.183468" lon="5.691947">
        <ele>0.0</ele>
    </trkpt>
    <trkpt lat="43.183543" lon="5.691695">
        <ele>0.0</ele>
    </trkpt>
    <trkpt lat="43.183645" lon="5.691615">
        <ele>0.0</ele>
    </trkpt>
    <trkpt lat="43.183946" lon="5.691261">
        <ele>0.0</ele>
    </trkpt>
    <trkpt lat="43.183972" lon="5.691014">
        <ele>0.0</ele>
    </trkpt>
    <trkpt lat="43.183865" lon="5.690649">
        <ele>0.0</ele>
    </trkpt>
    <trkpt lat="43.183586" lon="5.690215">
        <ele>0.0</ele>
    </trkpt>
    <trkpt lat="43.183479" lon="5.689828">
        <ele>0.0</ele>
    </trkpt>
    <trkpt lat="43.183457" lon="5.689576">
        <ele>0.0</ele>
    </trkpt>
    <trkpt lat="43.183495" lon="5.689308">
        <ele>0.0</ele>
    </trkpt>
    <trkpt lat="43.183468" lon="5.68874">
        <ele>0.0</ele>
    </trkpt>
    <trkpt lat="43.18349" lon="5.688541">
        <ele>0.0</ele>
    </trkpt>
    <trkpt lat="43.183414" lon="5.688037">
        <ele>0.0</ele>
    </trkpt>
    <trkpt lat="43.183473" lon="5.68771">
        <ele>0.0</ele>
    </trkpt>
    <trkpt lat="43.183463" lon="5.68742">
        <ele>0.0</ele>
    </trkpt>
    <trkpt lat="43.183516" lon="5.68668">
        <ele>0.0</ele>
    </trkpt>
    <trkpt lat="43.183323" lon="5.685993">
        <ele>0.0</ele>
    </trkpt>
    <trkpt lat="43.183329" lon="5.685886">
        <ele>0.0</ele>
    </trkpt>
    <trkpt lat="43.183141" lon="5.685575">
        <ele>0.0</ele>
    </trkpt>
    <trkpt lat="43.183082" lon="5.685403">
        <ele>0.0</ele>
    </trkpt>
    <trkpt lat="43.183103" lon="5.685306">
        <ele>0.0</ele>
    </trkpt>
    <trkpt lat="43.182878" lon="5.685027">
        <ele>0.0</ele>
    </trkpt>
    <trkpt lat="43.182379" lon="5.684019">
        <ele>0.0</ele>
    </trkpt>
    <trkpt lat="43.182325" lon="5.683971">
        <ele>0.0</ele>
    </trkpt>
    <trkpt lat="43.182138" lon="5.683397">
        <ele>0.0</ele>
    </trkpt>
    <trkpt lat="43.182036" lon="5.683193">
        <ele>0.0</ele>
    </trkpt>
    <trkpt lat="43.181816" lon="5.682871">
        <ele>0.0</ele>
    </trkpt>
    <trkpt lat="43.181639" lon="5.682506">
        <ele>0.0</ele>
    </trkpt>
    <trkpt lat="43.181526" lon="5.682216">
        <ele>0.0</ele>
    </trkpt>
    <trkpt lat="43.181376" lon="5.681658">
        <ele>0.0</ele>
    </trkpt>
    <trkpt lat="43.181226" lon="5.681369">
        <ele>0.0</ele>
    </trkpt>
    <trkpt lat="43.181011" lon="5.681079">
        <ele>0.0</ele>
    </trkpt>
    <trkpt lat="43.180845" lon="5.680752">
        <ele>0.0</ele>
    </trkpt>
    <trkpt lat="43.180705" lon="5.680553">
        <ele>0.0</ele>
    </trkpt>
    <trkpt lat="43.180603" lon="5.680242">
        <ele>0.0</ele>
    </trkpt>
    <trkpt lat="43.180507" lon="5.680097">
        <ele>0.0</ele>
    </trkpt>
    <trkpt lat="43.180212" lon="5.67947">
        <ele>0.0</ele>
    </trkpt>
    <trkpt lat="43.180158" lon="5.67918">
        <ele>0.0</ele>
    </trkpt>
    <trkpt lat="43.180164" lon="5.678799">
        <ele>0.0</ele>
    </trkpt>
    <trkpt lat="43.180212" lon="5.678477">
        <ele>0.0</ele>
    </trkpt>
    <trkpt lat="43.179976" lon="5.678257">
        <ele>0.0</ele>
    </trkpt>
    <trkpt lat="43.179928" lon="5.678182">
        <ele>0.0</ele>
    </trkpt>
    <trkpt lat="43.179858" lon="5.67793">
        <ele>0.0</ele>
    </trkpt>
    <trkpt lat="43.179858" lon="5.677673">
        <ele>0.0</ele>
    </trkpt>
    <trkpt lat="43.179815" lon="5.677539">
        <ele>0.0</ele>
    </trkpt>
    <trkpt lat="43.179863" lon="5.677281">
        <ele>0.0</ele>
    </trkpt>
    <trkpt lat="43.179869" lon="5.676943">
        <ele>0.0</ele>
    </trkpt>
    <trkpt lat="43.17997" lon="5.676299">
        <ele>0.0</ele>
    </trkpt>
    <trkpt lat="43.180013" lon="5.676235">
        <ele>0.0</ele>
    </trkpt>
    <trkpt lat="43.180013" lon="5.676155">
        <ele>0.0</ele>
    </trkpt>
    <trkpt lat="43.180051" lon="5.676117">
        <ele>0.0</ele>
    </trkpt>
    <trkpt lat="43.180088" lon="5.675865">
        <ele>0.0</ele>
    </trkpt>
    <trkpt lat="43.180137" lon="5.675784">
        <ele>0.0</ele>
    </trkpt>
    <trkpt lat="43.180131" lon="5.675645">
        <ele>0.0</ele>
    </trkpt>
    <trkpt lat="43.180228" lon="5.675237">
        <ele>0.0</ele>
    </trkpt>
    <trkpt lat="43.180249" lon="5.674862">
        <ele>0.0</ele>
    </trkpt>
    <trkpt lat="43.180335" lon="5.674567">
        <ele>0.0</ele>
    </trkpt>
    <trkpt lat="43.180378" lon="5.674223">
        <ele>0.0</ele>
    </trkpt>
    <trkpt lat="43.180367" lon="5.673869">
        <ele>0.0</ele>
    </trkpt>
    <trkpt lat="43.180437" lon="5.673692">
        <ele>0.0</ele>
    </trkpt>
    <trkpt lat="43.180518" lon="5.673124">
        <ele>0.0</ele>
    </trkpt>
    <trkpt lat="43.180502" lon="5.673049">
        <ele>0.0</ele>
    </trkpt>
    <trkpt lat="43.180587" lon="5.672845">
        <ele>0.0</ele>
    </trkpt>
    <trkpt lat="43.180764" lon="5.672212">
        <ele>0.0</ele>
    </trkpt>
    <trkpt lat="43.18099" lon="5.671616">
        <ele>0.0</ele>
    </trkpt>
    <trkpt lat="43.181328" lon="5.670924">
        <ele>0.0</ele>
    </trkpt>
    <trkpt lat="43.181617" lon="5.670506">
        <ele>0.0</ele>
    </trkpt>
    <trkpt lat="43.181687" lon="5.670361">
        <ele>0.0</ele>
    </trkpt>
    <trkpt lat="43.181869" lon="5.670211">
        <ele>0.0</ele>
    </trkpt>
    <trkpt lat="43.181966" lon="5.670077">
        <ele>0.0</ele>
    </trkpt>
    <trkpt lat="43.18247" lon="5.669594">
        <ele>0.0</ele>
    </trkpt>
    <trkpt lat="43.183227" lon="5.668516">
        <ele>0.0</ele>
    </trkpt>
    <trkpt lat="43.183602" lon="5.667883">
        <ele>0.0</ele>
    </trkpt>
    <trkpt lat="43.183726" lon="5.667448">
        <ele>0.0</ele>
    </trkpt>
    <trkpt lat="43.18386" lon="5.667142">
        <ele>0.0</ele>
    </trkpt>
    <trkpt lat="43.184182" lon="5.666075">
        <ele>0.0</ele>
    </trkpt>
    <trkpt lat="43.184283" lon="5.665528">
        <ele>0.0</ele>
    </trkpt>
    <trkpt lat="43.18468" lon="5.664042">
        <ele>0.0</ele>
    </trkpt>
    <trkpt lat="43.185045" lon="5.663082">
        <ele>0.0</ele>
    </trkpt>
    <trkpt lat="43.185104" lon="5.662524">
        <ele>0.0</ele>
    </trkpt>
    <trkpt lat="43.185324" lon="5.661928">
        <ele>0.0</ele>
    </trkpt>
    <trkpt lat="43.185442" lon="5.661746">
        <ele>0.0</ele>
    </trkpt>
    <trkpt lat="43.185437" lon="5.661681">
        <ele>0.0</ele>
    </trkpt>
    <trkpt lat="43.185608" lon="5.661172">
        <ele>0.0</ele>
    </trkpt>
    <trkpt lat="43.185764" lon="5.660941">
        <ele>0.0</ele>
    </trkpt>
    <trkpt lat="43.185839" lon="5.660485">
        <ele>0.0</ele>
    </trkpt>
    <trkpt lat="43.185984" lon="5.660099">
        <ele>0.0</ele>
    </trkpt>
    <trkpt lat="43.185984" lon="5.660024">
        <ele>0.0</ele>
    </trkpt>
    <trkpt lat="43.186102" lon="5.659702">
        <ele>0.0</ele>
    </trkpt>
    <trkpt lat="43.186129" lon="5.659552">
        <ele>0.0</ele>
    </trkpt>
    <trkpt lat="43.186343" lon="5.659021">
        <ele>0.0</ele>
    </trkpt>
    <trkpt lat="43.186322" lon="5.65894">
        <ele>0.0</ele>
    </trkpt>
    <trkpt lat="43.186392" lon="5.658704">
        <ele>0.0</ele>
    </trkpt>
    <trkpt lat="43.186612" lon="5.65827">
        <ele>0.0</ele>
    </trkpt>
    <trkpt lat="43.186606" lon="5.657851">
        <ele>0.0</ele>
    </trkpt>
    <trkpt lat="43.18673" lon="5.657572">
        <ele>0.0</ele>
    </trkpt>
    <trkpt lat="43.186917" lon="5.656086">
        <ele>0.0</ele>
    </trkpt>
    <trkpt lat="43.186923" lon="5.655555">
        <ele>0.0</ele>
    </trkpt>
    <trkpt lat="43.186966" lon="5.655319">
        <ele>0.0</ele>
    </trkpt>
    <trkpt lat="43.186998" lon="5.654718">
        <ele>0.0</ele>
    </trkpt>
    <trkpt lat="43.18717" lon="5.654171">
        <ele>0.0</ele>
    </trkpt>
    <trkpt lat="43.187234" lon="5.654005">
        <ele>0.0</ele>
    </trkpt>
    <trkpt lat="43.187465" lon="5.653613">
        <ele>0.0</ele>
    </trkpt>
    <trkpt lat="43.18769" lon="5.653399">
        <ele>0.0</ele>
    </trkpt>
    <trkpt lat="43.187738" lon="5.65327">
        <ele>0.0</ele>
    </trkpt>
    <trkpt lat="43.187947" lon="5.65298">
        <ele>0.0</ele>
    </trkpt>
    <trkpt lat="43.188055" lon="5.652905">
        <ele>0.0</ele>
    </trkpt>
    <trkpt lat="43.188183" lon="5.652685">
        <ele>0.0</ele>
    </trkpt>
    <trkpt lat="43.188462" lon="5.652347">
        <ele>0.0</ele>
    </trkpt>
    <trkpt lat="43.188881" lon="5.651907">
        <ele>0.0</ele>
    </trkpt>
    <trkpt lat="43.189181" lon="5.651419">
        <ele>0.0</ele>
    </trkpt>
    <trkpt lat="43.189508" lon="5.650609">
        <ele>0.0</ele>
    </trkpt>
    <trkpt lat="43.189712" lon="5.649595">
        <ele>0.0</ele>
    </trkpt>
    <trkpt lat="43.189648" lon="5.648834">
        <ele>0.0</ele>
    </trkpt>
    <trkpt lat="43.189535" lon="5.648093">
        <ele>0.0</ele>
    </trkpt>
    <trkpt lat="43.189503" lon="5.647648">
        <ele>0.0</ele>
    </trkpt>
    <trkpt lat="43.189519" lon="5.647181">
        <ele>0.0</ele>
    </trkpt>
    <trkpt lat="43.18946" lon="5.647047">
        <ele>0.0</ele>
    </trkpt>
    <trkpt lat="43.189449" lon="5.646661">
        <ele>0.0</ele>
    </trkpt>
    <trkpt lat="43.189519" lon="5.646135">
        <ele>0.0</ele>
    </trkpt>
    <trkpt lat="43.189476" lon="5.645958">
        <ele>0.0</ele>
    </trkpt>
    <trkpt lat="43.189492" lon="5.645374">
        <ele>0.0</ele>
    </trkpt>
    <trkpt lat="43.18953" lon="5.645046">
        <ele>0.0</ele>
    </trkpt>
    <trkpt lat="43.189653" lon="5.644703">
        <ele>0.0</ele>
    </trkpt>
    <trkpt lat="43.189723" lon="5.644188">
        <ele>0.0</ele>
    </trkpt>
    <trkpt lat="43.189943" lon="5.643534">
        <ele>0.0</ele>
    </trkpt>
    <trkpt lat="43.190297" lon="5.642643">
        <ele>0.0</ele>
    </trkpt>
    <trkpt lat="43.190512" lon="5.642241">
        <ele>0.0</ele>
    </trkpt>
    <trkpt lat="43.190528" lon="5.642128">
        <ele>0.0</ele>
    </trkpt>
    <trkpt lat="43.19064" lon="5.641935">
        <ele>0.0</ele>
    </trkpt>
    <trkpt lat="43.190732" lon="5.641661">
        <ele>0.0</ele>
    </trkpt>
    <trkpt lat="43.190817" lon="5.641506">
        <ele>0.0</ele>
    </trkpt>
    <trkpt lat="43.19085" lon="5.64135">
        <ele>0.0</ele>
    </trkpt>
    <trkpt lat="43.190678" lon="5.641232">
        <ele>0.0</ele>
    </trkpt>
    <trkpt lat="43.190732" lon="5.641243">
        <ele>0.0</ele>
    </trkpt>
    <trkpt lat="43.190715" lon="5.641173">
        <ele>0.0</ele>
    </trkpt>
    <trkpt lat="43.190785" lon="5.641066">
        <ele>0.0</ele>
    </trkpt>
    <trkpt lat="43.190844" lon="5.640884">
        <ele>0.0</ele>
    </trkpt>
    <trkpt lat="43.19086" lon="5.640792">
        <ele>0.0</ele>
    </trkpt>
    <trkpt lat="43.190833" lon="5.640642">
        <ele>0.0</ele>
    </trkpt>
    <trkpt lat="43.190871" lon="5.640288">
        <ele>0.0</ele>
    </trkpt>
    <trkpt lat="43.190732" lon="5.639457">
        <ele>0.0</ele>
    </trkpt>
    <trkpt lat="43.190705" lon="5.638727">
        <ele>0.0</ele>
    </trkpt>
    <trkpt lat="43.190587" lon="5.638003">
        <ele>0.0</ele>
    </trkpt>
    <trkpt lat="43.190018" lon="5.636163">
        <ele>0.0</ele>
    </trkpt>
    <trkpt lat="43.189728" lon="5.635503">
        <ele>0.0</ele>
    </trkpt>
    <trkpt lat="43.189637" lon="5.635364">
        <ele>0.0</ele>
    </trkpt>
    <trkpt lat="43.189546" lon="5.635074">
        <ele>0.0</ele>
    </trkpt>
    <trkpt lat="43.189401" lon="5.634811">
        <ele>0.0</ele>
    </trkpt>
    <trkpt lat="43.18931" lon="5.634484">
        <ele>0.0</ele>
    </trkpt>
    <trkpt lat="43.189128" lon="5.634028">
        <ele>0.0</ele>
    </trkpt>
    <trkpt lat="43.18909" lon="5.633717">
        <ele>0.0</ele>
    </trkpt>
    <trkpt lat="43.189052" lon="5.632719">
        <ele>0.0</ele>
    </trkpt>
    <trkpt lat="43.189111" lon="5.632381">
        <ele>0.0</ele>
    </trkpt>
    <trkpt lat="43.189224" lon="5.631169">
        <ele>0.0</ele>
    </trkpt>
    <trkpt lat="43.189347" lon="5.630584">
        <ele>0.0</ele>
    </trkpt>
    <trkpt lat="43.189594" lon="5.629039">
        <ele>0.0</ele>
    </trkpt>
    <trkpt lat="43.189685" lon="5.628846">
        <ele>0.0</ele>
    </trkpt>
    <trkpt lat="43.189771" lon="5.628765">
        <ele>0.0</ele>
    </trkpt>
    <trkpt lat="43.189857" lon="5.628556">
        <ele>0.0</ele>
    </trkpt>
    <trkpt lat="43.189852" lon="5.628331">
        <ele>0.0</ele>
    </trkpt>
    <trkpt lat="43.189766" lon="5.628057">
        <ele>0.0</ele>
    </trkpt>
    <trkpt lat="43.189771" lon="5.62766">
        <ele>0.0</ele>
    </trkpt>
    <trkpt lat="43.189959" lon="5.6264">
        <ele>0.0</ele>
    </trkpt>
    <trkpt lat="43.189997" lon="5.62597">
        <ele>0.0</ele>
    </trkpt>
    <trkpt lat="43.1902" lon="5.624747">
        <ele>0.0</ele>
    </trkpt>
    <trkpt lat="43.190581" lon="5.622875">
        <ele>0.0</ele>
    </trkpt>
    <trkpt lat="43.190726" lon="5.622521">
        <ele>0.0</ele>
    </trkpt>
    <trkpt lat="43.190914" lon="5.62236">
        <ele>0.0</ele>
    </trkpt>
    <trkpt lat="43.190978" lon="5.62228">
        <ele>0.0</ele>
    </trkpt>
    <trkpt lat="43.19101" lon="5.622183">
        <ele>0.0</ele>
    </trkpt>
    <trkpt lat="43.191027" lon="5.621958">
        <ele>0.0</ele>
    </trkpt>
    <trkpt lat="43.190951" lon="5.62177">
        <ele>0.0</ele>
    </trkpt>
    <trkpt lat="43.190962" lon="5.621566">
        <ele>0.0</ele>
    </trkpt>
    <trkpt lat="43.191187" lon="5.620901">
        <ele>0.0</ele>
    </trkpt>
    <trkpt lat="43.191418" lon="5.619919">
        <ele>0.0</ele>
    </trkpt>
    <trkpt lat="43.191901" lon="5.618568">
        <ele>0.0</ele>
    </trkpt>
    <trkpt lat="43.192035" lon="5.617833">
        <ele>0.0</ele>
    </trkpt>
    <trkpt lat="43.192014" lon="5.617607">
        <ele>0.0</ele>
    </trkpt>
    <trkpt lat="43.192035" lon="5.617237">
        <ele>0.0</ele>
    </trkpt>
    <trkpt lat="43.192276" lon="5.615987">
        <ele>0.0</ele>
    </trkpt>
    <trkpt lat="43.192411" lon="5.615472">
        <ele>0.0</ele>
    </trkpt>
    <trkpt lat="43.192523" lon="5.614727">
        <ele>0.0</ele>
    </trkpt>
    <trkpt lat="43.192652" lon="5.614517">
        <ele>0.0</ele>
    </trkpt>
    <trkpt lat="43.192743" lon="5.613552">
        <ele>0.0</ele>
    </trkpt>
    <trkpt lat="43.192818" lon="5.613219">
        <ele>0.0</ele>
    </trkpt>
    <trkpt lat="43.192791" lon="5.613015">
        <ele>0.0</ele>
    </trkpt>
    <trkpt lat="43.192695" lon="5.612785">
        <ele>0.0</ele>
    </trkpt>
    <trkpt lat="43.192657" lon="5.612592">
        <ele>0.0</ele>
    </trkpt>
    <trkpt lat="43.192636" lon="5.611744">
        <ele>0.0</ele>
    </trkpt>
    <trkpt lat="43.192491" lon="5.610902">
        <ele>0.0</ele>
    </trkpt>
    <trkpt lat="43.192437" lon="5.610371">
        <ele>0.0</ele>
    </trkpt>
    <trkpt lat="43.192507" lon="5.609571">
        <ele>0.0</ele>
    </trkpt>
    <trkpt lat="43.192631" lon="5.609443">
        <ele>0.0</ele>
    </trkpt>
    <trkpt lat="43.192673" lon="5.609266">
        <ele>0.0</ele>
    </trkpt>
    <trkpt lat="43.192668" lon="5.609067">
        <ele>0.0</ele>
    </trkpt>
    <trkpt lat="43.192641" lon="5.608971">
        <ele>0.0</ele>
    </trkpt>
    <trkpt lat="43.192459" lon="5.608713">
        <ele>0.0</ele>
    </trkpt>
    <trkpt lat="43.192293" lon="5.60778">
        <ele>0.0</ele>
    </trkpt>
    <trkpt lat="43.192239" lon="5.607072">
        <ele>0.0</ele>
    </trkpt>
    <trkpt lat="43.192132" lon="5.60624">
        <ele>0.0</ele>
    </trkpt>
    <trkpt lat="43.192142" lon="5.605902">
        <ele>0.0</ele>
    </trkpt>
    <trkpt lat="43.192083" lon="5.605511">
        <ele>0.0</ele>
    </trkpt>
    <trkpt lat="43.192073" lon="5.605248">
        <ele>0.0</ele>
    </trkpt>
    <trkpt lat="43.192116" lon="5.60492">
        <ele>0.0</ele>
    </trkpt>
    <trkpt lat="43.192287" lon="5.604497">
        <ele>0.0</ele>
    </trkpt>
    <trkpt lat="43.192609" lon="5.603923">
        <ele>0.0</ele>
    </trkpt>
    <trkpt lat="43.192936" lon="5.603123">
        <ele>0.0</ele>
    </trkpt>
    <trkpt lat="43.193156" lon="5.602764">
        <ele>0.0</ele>
    </trkpt>
    <trkpt lat="43.193274" lon="5.602474">
        <ele>0.0</ele>
    </trkpt>
    <trkpt lat="43.193634" lon="5.601777">
        <ele>0.0</ele>
    </trkpt>
    <trkpt lat="43.193891" lon="5.601439">
        <ele>0.0</ele>
    </trkpt>
    <trkpt lat="43.194224" lon="5.601096">
        <ele>0.0</ele>
    </trkpt>
    <trkpt lat="43.19446" lon="5.600779">
        <ele>0.0</ele>
    </trkpt>
    <trkpt lat="43.194589" lon="5.600398">
        <ele>0.0</ele>
    </trkpt>
    <trkpt lat="43.194583" lon="5.600329">
        <ele>0.0</ele>
    </trkpt>
    <trkpt lat="43.194503" lon="5.600189">
        <ele>0.0</ele>
    </trkpt>
    <trkpt lat="43.194615" lon="5.599867">
        <ele>0.0</ele>
    </trkpt>
    <trkpt lat="43.194685" lon="5.599492">
        <ele>0.0</ele>
    </trkpt>
    <trkpt lat="43.194857" lon="5.599004">
        <ele>0.0</ele>
    </trkpt>
    <trkpt lat="43.194937" lon="5.598886">
        <ele>0.0</ele>
    </trkpt>
    <trkpt lat="43.195023" lon="5.598671">
        <ele>0.0</ele>
    </trkpt>
    <trkpt lat="43.195409" lon="5.598172">
        <ele>0.0</ele>
    </trkpt>
    <trkpt lat="43.195688" lon="5.597974">
        <ele>0.0</ele>
    </trkpt>
    <trkpt lat="43.195962" lon="5.597614">
        <ele>0.0</ele>
    </trkpt>
    <trkpt lat="43.196074" lon="5.597308">
        <ele>0.0</ele>
    </trkpt>
    <trkpt lat="43.196101" lon="5.597115">
        <ele>0.0</ele>
    </trkpt>
    <trkpt lat="43.196439" lon="5.596391">
        <ele>0.0</ele>
    </trkpt>
    <trkpt lat="43.196568" lon="5.596005">
        <ele>0.0</ele>
    </trkpt>
    <trkpt lat="43.196654" lon="5.595613">
        <ele>0.0</ele>
    </trkpt>
    <trkpt lat="43.197056" lon="5.594685">
        <ele>0.0</ele>
    </trkpt>
    <trkpt lat="43.197078" lon="5.594353">
        <ele>0.0</ele>
    </trkpt>
    <trkpt lat="43.197067" lon="5.594277">
        <ele>0.0</ele>
    </trkpt>
    <trkpt lat="43.197013" lon="5.594235">
        <ele>0.0</ele>
    </trkpt>
    <trkpt lat="43.196943" lon="5.594079">
        <ele>0.0</ele>
    </trkpt>
    <trkpt lat="43.196927" lon="5.593779">
        <ele>0.0</ele>
    </trkpt>
    <trkpt lat="43.197169" lon="5.593237">
        <ele>0.0</ele>
    </trkpt>
    <trkpt lat="43.197217" lon="5.593194">
        <ele>0.0</ele>
    </trkpt>
    <trkpt lat="43.197281" lon="5.593054">
        <ele>0.0</ele>
    </trkpt>
    <trkpt lat="43.197308" lon="5.592963">
        <ele>0.0</ele>
    </trkpt>
    <trkpt lat="43.197298" lon="5.592765">
        <ele>0.0</ele>
    </trkpt>
    <trkpt lat="43.197335" lon="5.592615">
        <ele>0.0</ele>
    </trkpt>
    <trkpt lat="43.197437" lon="5.592523">
        <ele>0.0</ele>
    </trkpt>
    <trkpt lat="43.197475" lon="5.592405">
        <ele>0.0</ele>
    </trkpt>
    <trkpt lat="43.197576" lon="5.592464">
        <ele>0.0</ele>
    </trkpt>
    <trkpt lat="43.197823" lon="5.592507">
        <ele>0.0</ele>
    </trkpt>
    <trkpt lat="43.198054" lon="5.592529">
        <ele>0.0</ele>
    </trkpt>
    <trkpt lat="43.198167" lon="5.592507">
        <ele>0.0</ele>
    </trkpt>
    <trkpt lat="43.19822" lon="5.592539">
        <ele>0.0</ele>
    </trkpt>
    <trkpt lat="43.19829" lon="5.592523">
        <ele>0.0</ele>
    </trkpt>
    <trkpt lat="43.198333" lon="5.592486">
        <ele>0.0</ele>
    </trkpt>
    <trkpt lat="43.198451" lon="5.592234">
        <ele>0.0</ele>
    </trkpt>
    <trkpt lat="43.198499" lon="5.59189">
        <ele>0.0</ele>
    </trkpt>
    <trkpt lat="43.198306" lon="5.591161">
        <ele>0.0</ele>
    </trkpt>
    <trkpt lat="43.198344" lon="5.590925">
        <ele>0.0</ele>
    </trkpt>
    <trkpt lat="43.198408" lon="5.590785">
        <ele>0.0</ele>
    </trkpt>
    <trkpt lat="43.198451" lon="5.590479">
        <ele>0.0</ele>
    </trkpt>
    <trkpt lat="43.198569" lon="5.590297">
        <ele>0.0</ele>
    </trkpt>
    <trkpt lat="43.198606" lon="5.590254">
        <ele>0.0</ele>
    </trkpt>
    <trkpt lat="43.198665" lon="5.590254">
        <ele>0.0</ele>
    </trkpt>
    <trkpt lat="43.198805" lon="5.590163">
        <ele>0.0</ele>
    </trkpt>
    <trkpt lat="43.19888" lon="5.590152">
        <ele>0.0</ele>
    </trkpt>
    <trkpt lat="43.199105" lon="5.589991">
        <ele>0.0</ele>
    </trkpt>
    <trkpt lat="43.199379" lon="5.589991">
        <ele>0.0</ele>
    </trkpt>
    <trkpt lat="43.199465" lon="5.5899">
        <ele>0.0</ele>
    </trkpt>
    <trkpt lat="43.199658" lon="5.589793">
        <ele>0.0</ele>
    </trkpt>
    <trkpt lat="43.199808" lon="5.58961">
        <ele>0.0</ele>
    </trkpt>
    <trkpt lat="43.199851" lon="5.589487">
        <ele>0.0</ele>
    </trkpt>
    <trkpt lat="43.199926" lon="5.58939">
        <ele>0.0</ele>
    </trkpt>
    <trkpt lat="43.20013" lon="5.588988">
        <ele>0.0</ele>
    </trkpt>
    <trkpt lat="43.200205" lon="5.588355">
        <ele>0.0</ele>
    </trkpt>
    <trkpt lat="43.200382" lon="5.588071">
        <ele>0.0</ele>
    </trkpt>
    <trkpt lat="43.200532" lon="5.587947">
        <ele>0.0</ele>
    </trkpt>
    <trkpt lat="43.200581" lon="5.587958">
        <ele>0.0</ele>
    </trkpt>
    <trkpt lat="43.200929" lon="5.587824">
        <ele>0.0</ele>
    </trkpt>
    <trkpt lat="43.201128" lon="5.587862">
        <ele>0.0</ele>
    </trkpt>
    <trkpt lat="43.201332" lon="5.587969">
        <ele>0.0</ele>
    </trkpt>
    <trkpt lat="43.201546" lon="5.588167">
        <ele>0.0</ele>
    </trkpt>
    <trkpt lat="43.201868" lon="5.588532">
        <ele>0.0</ele>
    </trkpt>
    <trkpt lat="43.20197" lon="5.588602">
        <ele>0.0</ele>
    </trkpt>
    <trkpt lat="43.202233" lon="5.58894">
        <ele>0.0</ele>
    </trkpt>
    <trkpt lat="43.202308" lon="5.589154">
        <ele>0.0</ele>
    </trkpt>
    <trkpt lat="43.202388" lon="5.589154">
        <ele>0.0</ele>
    </trkpt>
    <trkpt lat="43.202442" lon="5.589203">
        <ele>0.0</ele>
    </trkpt>
    <trkpt lat="43.20249" lon="5.589353">
        <ele>0.0</ele>
    </trkpt>
    <trkpt lat="43.202539" lon="5.589364">
        <ele>0.0</ele>
    </trkpt>
    <trkpt lat="43.202614" lon="5.58945">
        <ele>0.0</ele>
    </trkpt>
    <trkpt lat="43.202683" lon="5.589466">
        <ele>0.0</ele>
    </trkpt>
    <trkpt lat="43.20293" lon="5.589374">
        <ele>0.0</ele>
    </trkpt>
    <trkpt lat="43.203386" lon="5.588902">
        <ele>0.0</ele>
    </trkpt>
    <trkpt lat="43.203493" lon="5.588741">
        <ele>0.0</ele>
    </trkpt>
    <trkpt lat="43.20359" lon="5.588693">
        <ele>0.0</ele>
    </trkpt>
    <trkpt lat="43.203885" lon="5.588441">
        <ele>0.0</ele>
    </trkpt>
    <trkpt lat="43.204105" lon="5.588183">
        <ele>0.0</ele>
    </trkpt>
    <trkpt lat="43.204303" lon="5.588023">
        <ele>0.0</ele>
    </trkpt>
    <trkpt lat="43.204599" lon="5.587926">
        <ele>0.0</ele>
    </trkpt>
    <trkpt lat="43.204808" lon="5.587926">
        <ele>0.0</ele>
    </trkpt>
    <trkpt lat="43.204894" lon="5.587856">
        <ele>0.0</ele>
    </trkpt>
    <trkpt lat="43.205114" lon="5.587867">
        <ele>0.0</ele>
    </trkpt>
    <trkpt lat="43.205333" lon="5.587744">
        <ele>0.0</ele>
    </trkpt>
    <trkpt lat="43.205468" lon="5.587577">
        <ele>0.0</ele>
    </trkpt>
    <trkpt lat="43.20565" lon="5.587229">
        <ele>0.0</ele>
    </trkpt>
    <trkpt lat="43.205736" lon="5.586939">
        <ele>0.0</ele>
    </trkpt>
    <trkpt lat="43.205714" lon="5.586778">
        <ele>0.0</ele>
    </trkpt>
    <trkpt lat="43.205747" lon="5.586585">
        <ele>0.0</ele>
    </trkpt>
    <trkpt lat="43.205961" lon="5.58629">
        <ele>0.0</ele>
    </trkpt>
    <trkpt lat="43.20639" lon="5.586022">
        <ele>0.0</ele>
    </trkpt>
    <trkpt lat="43.206498" lon="5.585818">
        <ele>0.0</ele>
    </trkpt>
    <trkpt lat="43.206562" lon="5.585587">
        <ele>0.0</ele>
    </trkpt>
    <trkpt lat="43.206589" lon="5.585201">
        <ele>0.0</ele>
    </trkpt>
    <trkpt lat="43.206573" lon="5.585018">
        <ele>0.0</ele>
    </trkpt>
    <trkpt lat="43.206626" lon="5.584734">
        <ele>0.0</ele>
    </trkpt>
    <trkpt lat="43.206814" lon="5.584321">
        <ele>0.0</ele>
    </trkpt>
    <trkpt lat="43.207055" lon="5.583425">
        <ele>0.0</ele>
    </trkpt>
    <trkpt lat="43.207334" lon="5.582637">
        <ele>0.0</ele>
    </trkpt>
    <trkpt lat="43.207549" lon="5.58232">
        <ele>0.0</ele>
    </trkpt>
    <trkpt lat="43.207629" lon="5.582116">
        <ele>0.0</ele>
    </trkpt>
    <trkpt lat="43.207705" lon="5.582047">
        <ele>0.0</ele>
    </trkpt>
    <trkpt lat="43.207737" lon="5.581902">
        <ele>0.0</ele>
    </trkpt>
    <trkpt lat="43.207951" lon="5.581564">
        <ele>0.0</ele>
    </trkpt>
    <trkpt lat="43.208085" lon="5.581462">
        <ele>0.0</ele>
    </trkpt>
    <trkpt lat="43.208295" lon="5.581204">
        <ele>0.0</ele>
    </trkpt>
    <trkpt lat="43.208472" lon="5.581043">
        <ele>0.0</ele>
    </trkpt>
    <trkpt lat="43.208536" lon="5.580925">
        <ele>0.0</ele>
    </trkpt>
    <trkpt lat="43.208831" lon="5.580598">
        <ele>0.0</ele>
    </trkpt>
    <trkpt lat="43.209217" lon="5.580351">
        <ele>0.0</ele>
    </trkpt>
    <trkpt lat="43.209276" lon="5.580244">
        <ele>0.0</ele>
    </trkpt>
    <trkpt lat="43.209335" lon="5.580244">
        <ele>0.0</ele>
    </trkpt>
    <trkpt lat="43.209512" lon="5.580115">
        <ele>0.0</ele>
    </trkpt>
    <trkpt lat="43.209786" lon="5.580003">
        <ele>0.0</ele>
    </trkpt>
    <trkpt lat="43.209882" lon="5.579912">
        <ele>0.0</ele>
    </trkpt>
    <trkpt lat="43.209995" lon="5.579928">
        <ele>0.0</ele>
    </trkpt>
    <trkpt lat="43.210065" lon="5.579869">
        <ele>0.0</ele>
    </trkpt>
    <trkpt lat="43.210161" lon="5.579853">
        <ele>0.0</ele>
    </trkpt>
    <trkpt lat="43.210269" lon="5.579858">
        <ele>0.0</ele>
    </trkpt>
    <trkpt lat="43.21043" lon="5.579912">
        <ele>0.0</ele>
    </trkpt>
    <trkpt lat="43.210574" lon="5.579863">
        <ele>0.0</ele>
    </trkpt>
    <trkpt lat="43.210794" lon="5.579906">
        <ele>0.0</ele>
    </trkpt>
    <trkpt lat="43.210864" lon="5.579895">
        <ele>0.0</ele>
    </trkpt>
    <trkpt lat="43.21124" lon="5.579987">
        <ele>0.0</ele>
    </trkpt>
    <trkpt lat="43.211368" lon="5.580072">
        <ele>0.0</ele>
    </trkpt>
    <trkpt lat="43.211433" lon="5.580067">
        <ele>0.0</ele>
    </trkpt>
    <trkpt lat="43.211808" lon="5.580217">
        <ele>0.0</ele>
    </trkpt>
    <trkpt lat="43.211975" lon="5.580346">
        <ele>0.0</ele>
    </trkpt>
    <trkpt lat="43.21213" lon="5.580421">
        <ele>0.0</ele>
    </trkpt>
    <trkpt lat="43.212211" lon="5.580523">
        <ele>0.0</ele>
    </trkpt>
    <trkpt lat="43.212254" lon="5.580491">
        <ele>0.0</ele>
    </trkpt>
    <trkpt lat="43.212286" lon="5.58055">
        <ele>0.0</ele>
    </trkpt>
    <trkpt lat="43.212414" lon="5.580641">
        <ele>0.0</ele>
    </trkpt>
    <trkpt lat="43.212634" lon="5.580668">
        <ele>0.0</ele>
    </trkpt>
    <trkpt lat="43.212774" lon="5.580636">
        <ele>0.0</ele>
    </trkpt>
    <trkpt lat="43.213085" lon="5.580427">
        <ele>0.0</ele>
    </trkpt>
    <trkpt lat="43.213144" lon="5.580416">
        <ele>0.0</ele>
    </trkpt>
    <trkpt lat="43.213316" lon="5.580271">
        <ele>0.0</ele>
    </trkpt>
    <trkpt lat="43.213337" lon="5.580201">
        <ele>0.0</ele>
    </trkpt>
    <trkpt lat="43.213487" lon="5.58003">
        <ele>0.0</ele>
    </trkpt>
    <trkpt lat="43.213589" lon="5.579944">
        <ele>0.0</ele>
    </trkpt>
    <trkpt lat="43.213648" lon="5.579938">
        <ele>0.0</ele>
    </trkpt>
    <trkpt lat="43.213798" lon="5.579836">
        <ele>0.0</ele>
    </trkpt>
    <trkpt lat="43.213879" lon="5.579735">
        <ele>0.0</ele>
    </trkpt>
    <trkpt lat="43.213986" lon="5.579702">
        <ele>0.0</ele>
    </trkpt>
    <trkpt lat="43.214206" lon="5.579397">
        <ele>0.0</ele>
    </trkpt>
    <trkpt lat="43.214453" lon="5.578876">
        <ele>0.0</ele>
    </trkpt>
    <trkpt lat="43.214501" lon="5.578866">
        <ele>0.0</ele>
    </trkpt>
    <trkpt lat="43.21455" lon="5.578903">
        <ele>0.0</ele>
    </trkpt>
    <trkpt lat="43.214651" lon="5.578914">
        <ele>0.0</ele>
    </trkpt>
    <trkpt lat="43.214984" lon="5.579273">
        <ele>0.0</ele>
    </trkpt>
    <trkpt lat="43.215032" lon="5.57938">
        <ele>0.0</ele>
    </trkpt>
    <trkpt lat="43.215081" lon="5.579402">
        <ele>0.0</ele>
    </trkpt>
    <trkpt lat="43.215032" lon="5.579831">
        <ele>0.0</ele>
    </trkpt>
    <trkpt lat="43.214957" lon="5.579938">
        <ele>0.0</ele>
    </trkpt>
    <trkpt lat="43.214898" lon="5.580158">
        <ele>0.0</ele>
    </trkpt>
    <trkpt lat="43.214893" lon="5.580641">
        <ele>0.0</ele>
    </trkpt>
    <trkpt lat="43.214861" lon="5.580706">
        <ele>0.0</ele>
    </trkpt>
    <trkpt lat="43.214855" lon="5.580861">
        <ele>0.0</ele>
    </trkpt>
    <trkpt lat="43.214914" lon="5.581065">
        <ele>0.0</ele>
    </trkpt>
    <trkpt lat="43.214984" lon="5.581151">
        <ele>0.0</ele>
    </trkpt>
    <trkpt lat="43.214968" lon="5.58121">
        <ele>0.0</ele>
    </trkpt>
    <trkpt lat="43.215402" lon="5.581623">
        <ele>0.0</ele>
    </trkpt>
    <trkpt lat="43.215461" lon="5.581639">
        <ele>0.0</ele>
    </trkpt>
    <trkpt lat="43.215504" lon="5.581612">
        <ele>0.0</ele>
    </trkpt>
    <trkpt lat="43.215821" lon="5.581655">
        <ele>0.0</ele>
    </trkpt>
    <trkpt lat="43.216454" lon="5.58144">
        <ele>0.0</ele>
    </trkpt>
    <trkpt lat="43.216744" lon="5.581237">
        <ele>0.0</ele>
    </trkpt>
    <trkpt lat="43.217232" lon="5.580995">
        <ele>0.0</ele>
    </trkpt>
    <trkpt lat="43.217414" lon="5.58099">
        <ele>0.0</ele>
    </trkpt>
    <trkpt lat="43.217602" lon="5.58106">
        <ele>0.0</ele>
    </trkpt>
    <trkpt lat="43.217725" lon="5.581038">
        <ele>0.0</ele>
    </trkpt>
    <trkpt lat="43.217768" lon="5.581065">
        <ele>0.0</ele>
    </trkpt>
    <trkpt lat="43.217918" lon="5.581001">
        <ele>0.0</ele>
    </trkpt>
    <trkpt lat="43.218283" lon="5.581022">
        <ele>0.0</ele>
    </trkpt>
    <trkpt lat="43.218353" lon="5.580968">
        <ele>0.0</ele>
    </trkpt>
    <trkpt lat="43.218905" lon="5.580915">
        <ele>0.0</ele>
    </trkpt>
    <trkpt lat="43.219125" lon="5.580824">
        <ele>0.0</ele>
    </trkpt>
    <trkpt lat="43.219141" lon="5.580759">
        <ele>0.0</ele>
    </trkpt>
    <trkpt lat="43.219549" lon="5.58085">
        <ele>0.0</ele>
    </trkpt>
    <trkpt lat="43.219705" lon="5.580781">
        <ele>0.0</ele>
    </trkpt>
    <trkpt lat="43.219871" lon="5.580775">
        <ele>0.0</ele>
    </trkpt>
    <trkpt lat="43.220064" lon="5.580684">
        <ele>0.0</ele>
    </trkpt>
    <trkpt lat="43.220225" lon="5.580684">
        <ele>0.0</ele>
    </trkpt>
    <trkpt lat="43.220703" lon="5.580325">
        <ele>0.0</ele>
    </trkpt>
    <trkpt lat="43.22088" lon="5.580266">
        <ele>0.0</ele>
    </trkpt>
    <trkpt lat="43.221067" lon="5.580153">
        <ele>0.0</ele>
    </trkpt>
    <trkpt lat="43.2217" lon="5.579933">
        <ele>0.0</ele>
    </trkpt>
    <trkpt lat="43.221952" lon="5.579997">
        <ele>0.0</ele>
    </trkpt>
    <trkpt lat="43.222076" lon="5.579981">
        <ele>0.0</ele>
    </trkpt>
    <trkpt lat="43.222162" lon="5.579895">
        <ele>0.0</ele>
    </trkpt>
    <trkpt lat="43.222258" lon="5.5796">
        <ele>0.0</ele>
    </trkpt>
    <trkpt lat="43.222301" lon="5.579622">
        <ele>0.0</ele>
    </trkpt>
    <trkpt lat="43.222478" lon="5.579445">
        <ele>0.0</ele>
    </trkpt>
    <trkpt lat="43.222639" lon="5.579386">
        <ele>0.0</ele>
    </trkpt>
    <trkpt lat="43.2228" lon="5.579262">
        <ele>0.0</ele>
    </trkpt>
  </trkseg>
</trk>
<trk>
  <name>2011/09/09 08:35:00</name>
  <extensions>
  </extensions>
  <trkseg>
    <trkpt lat="43.222854" lon="5.579214">
        <ele>0.0</ele>
    </trkpt>
    <trkpt lat="43.223041" lon="5.579053">
        <ele>0.0</ele>
    </trkpt>
    <trkpt lat="43.223181" lon="5.578753">
        <ele>0.0</ele>
    </trkpt>
    <trkpt lat="43.223208" lon="5.578538">
        <ele>0.0</ele>
    </trkpt>
    <trkpt lat="43.223186" lon="5.578275">
        <ele>0.0</ele>
    </trkpt>
    <trkpt lat="43.223052" lon="5.578018">
        <ele>0.0</ele>
    </trkpt>
    <trkpt lat="43.222923" lon="5.577916">
        <ele>0.0</ele>
    </trkpt>
    <trkpt lat="43.222843" lon="5.5779">
        <ele>0.0</ele>
    </trkpt>
    <trkpt lat="43.222634" lon="5.577766">
        <ele>0.0</ele>
    </trkpt>
    <trkpt lat="43.222446" lon="5.577444">
        <ele>0.0</ele>
    </trkpt>
    <trkpt lat="43.222371" lon="5.577251">
        <ele>0.0</ele>
    </trkpt>
    <trkpt lat="43.222323" lon="5.576999">
        <ele>0.0</ele>
    </trkpt>
    <trkpt lat="43.222339" lon="5.576521">
        <ele>0.0</ele>
    </trkpt>
    <trkpt lat="43.2225" lon="5.575277">
        <ele>0.0</ele>
    </trkpt>
    <trkpt lat="43.2225" lon="5.574719">
        <ele>0.0</ele>
    </trkpt>
    <trkpt lat="43.222607" lon="5.57407">
        <ele>0.0</ele>
    </trkpt>
    <trkpt lat="43.222661" lon="5.573903">
        <ele>0.0</ele>
    </trkpt>
    <trkpt lat="43.2228" lon="5.572873">
        <ele>0.0</ele>
    </trkpt>
    <trkpt lat="43.222752" lon="5.572096">
        <ele>0.0</ele>
    </trkpt>
    <trkpt lat="43.222677" lon="5.571532">
        <ele>0.0</ele>
    </trkpt>
    <trkpt lat="43.222365" lon="5.57032">
        <ele>0.0</ele>
    </trkpt>
    <trkpt lat="43.222124" lon="5.569826">
        <ele>0.0</ele>
    </trkpt>
    <trkpt lat="43.221759" lon="5.568813">
        <ele>0.0</ele>
    </trkpt>
    <trkpt lat="43.221631" lon="5.568609">
        <ele>0.0</ele>
    </trkpt>
    <trkpt lat="43.22118" lon="5.568335">
        <ele>0.0</ele>
    </trkpt>
    <trkpt lat="43.220917" lon="5.567954">
        <ele>0.0</ele>
    </trkpt>
    <trkpt lat="43.22067" lon="5.567734">
        <ele>0.0</ele>
    </trkpt>
    <trkpt lat="43.220434" lon="5.567616">
        <ele>0.0</ele>
    </trkpt>
    <trkpt lat="43.220182" lon="5.567563">
        <ele>0.0</ele>
    </trkpt>
    <trkpt lat="43.21993" lon="5.567445">
        <ele>0.0</ele>
    </trkpt>
    <trkpt lat="43.219571" lon="5.567155">
        <ele>0.0</ele>
    </trkpt>
    <trkpt lat="43.219141" lon="5.566908">
        <ele>0.0</ele>
    </trkpt>
    <trkpt lat="43.218986" lon="5.566779">
        <ele>0.0</ele>
    </trkpt>
    <trkpt lat="43.218868" lon="5.566619">
        <ele>0.0</ele>
    </trkpt>
    <trkpt lat="43.218868" lon="5.566474">
        <ele>0.0</ele>
    </trkpt>
    <trkpt lat="43.218793" lon="5.566189">
        <ele>0.0</ele>
    </trkpt>
    <trkpt lat="43.218841" lon="5.565975">
        <ele>0.0</ele>
    </trkpt>
    <trkpt lat="43.21904" lon="5.565422">
        <ele>0.0</ele>
    </trkpt>
    <trkpt lat="43.219034" lon="5.565315">
        <ele>0.0</ele>
    </trkpt>
    <trkpt lat="43.218857" lon="5.564612">
        <ele>0.0</ele>
    </trkpt>
    <trkpt lat="43.218428" lon="5.562418">
        <ele>0.0</ele>
    </trkpt>
    <trkpt lat="43.218208" lon="5.561957">
        <ele>0.0</ele>
    </trkpt>
    <trkpt lat="43.21816" lon="5.561646">
        <ele>0.0</ele>
    </trkpt>
    <trkpt lat="43.218069" lon="5.561378">
        <ele>0.0</ele>
    </trkpt>
    <trkpt lat="43.217902" lon="5.561179">
        <ele>0.0</ele>
    </trkpt>
    <trkpt lat="43.217532" lon="5.560911">
        <ele>0.0</ele>
    </trkpt>
    <trkpt lat="43.217377" lon="5.560637">
        <ele>0.0</ele>
    </trkpt>
    <trkpt lat="43.217334" lon="5.560299">
        <ele>0.0</ele>
    </trkpt>
    <trkpt lat="43.217559" lon="5.559591">
        <ele>0.0</ele>
    </trkpt>
    <trkpt lat="43.217532" lon="5.559328">
        <ele>0.0</ele>
    </trkpt>
    <trkpt lat="43.21736" lon="5.558819">
        <ele>0.0</ele>
    </trkpt>
    <trkpt lat="43.216658" lon="5.557762">
        <ele>0.0</ele>
    </trkpt>
    <trkpt lat="43.216207" lon="5.556963">
        <ele>0.0</ele>
    </trkpt>
    <trkpt lat="43.215896" lon="5.556303">
        <ele>0.0</ele>
    </trkpt>
    <trkpt lat="43.215891" lon="5.5559">
        <ele>0.0</ele>
    </trkpt>
    <trkpt lat="43.216003" lon="5.555198">
        <ele>0.0</ele>
    </trkpt>
    <trkpt lat="43.215848" lon="5.554318">
        <ele>0.0</ele>
    </trkpt>
    <trkpt lat="43.215891" lon="5.55368">
        <ele>0.0</ele>
    </trkpt>
    <trkpt lat="43.215842" lon="5.553304">
        <ele>0.0</ele>
    </trkpt>
    <trkpt lat="43.215628" lon="5.552912">
        <ele>0.0</ele>
    </trkpt>
    <trkpt lat="43.215499" lon="5.552591">
        <ele>0.0</ele>
    </trkpt>
    <trkpt lat="43.215494" lon="5.552355">
        <ele>0.0</ele>
    </trkpt>
    <trkpt lat="43.215553" lon="5.551856">
        <ele>0.0</ele>
    </trkpt>
    <trkpt lat="43.215649" lon="5.551448">
        <ele>0.0</ele>
    </trkpt>
    <trkpt lat="43.215799" lon="5.55111">
        <ele>0.0</ele>
    </trkpt>
    <trkpt lat="43.215869" lon="5.551013">
        <ele>0.0</ele>
    </trkpt>
    <trkpt lat="43.216191" lon="5.550713">
        <ele>0.0</ele>
    </trkpt>
    <trkpt lat="43.216352" lon="5.55067">
        <ele>0.0</ele>
    </trkpt>
    <trkpt lat="43.216475" lon="5.550681">
        <ele>0.0</ele>
    </trkpt>
    <trkpt lat="43.216781" lon="5.55059">
        <ele>0.0</ele>
    </trkpt>
    <trkpt lat="43.217221" lon="5.550171">
        <ele>0.0</ele>
    </trkpt>
    <trkpt lat="43.217597" lon="5.549715">
        <ele>0.0</ele>
    </trkpt>
    <trkpt lat="43.217693" lon="5.549528">
        <ele>0.0</ele>
    </trkpt>
    <trkpt lat="43.217859" lon="5.549356">
        <ele>0.0</ele>
    </trkpt>
    <trkpt lat="43.218085" lon="5.548986">
        <ele>0.0</ele>
    </trkpt>
    <trkpt lat="43.218128" lon="5.54883">
        <ele>0.0</ele>
    </trkpt>
    <trkpt lat="43.218181" lon="5.548809">
        <ele>0.0</ele>
    </trkpt>
    <trkpt lat="43.218256" lon="5.548455">
        <ele>0.0</ele>
    </trkpt>
    <trkpt lat="43.218272" lon="5.548176">
        <ele>0.0</ele>
    </trkpt>
    <trkpt lat="43.21823" lon="5.548052">
        <ele>0.0</ele>
    </trkpt>
    <trkpt lat="43.218224" lon="5.547607">
        <ele>0.0</ele>
    </trkpt>
    <trkpt lat="43.218176" lon="5.547473">
        <ele>0.0</ele>
    </trkpt>
    <trkpt lat="43.218031" lon="5.547317">
        <ele>0.0</ele>
    </trkpt>
    <trkpt lat="43.21794" lon="5.547124">
        <ele>0.0</ele>
    </trkpt>
    <trkpt lat="43.217709" lon="5.546979">
        <ele>0.0</ele>
    </trkpt>
    <trkpt lat="43.217548" lon="5.546797">
        <ele>0.0</ele>
    </trkpt>
    <trkpt lat="43.21743" lon="5.546625">
        <ele>0.0</ele>
    </trkpt>
    <trkpt lat="43.217398" lon="5.546491">
        <ele>0.0</ele>
    </trkpt>
    <trkpt lat="43.217189" lon="5.546191">
        <ele>0.0</ele>
    </trkpt>
    <trkpt lat="43.217157" lon="5.546132">
        <ele>0.0</ele>
    </trkpt>
    <trkpt lat="43.217162" lon="5.545982">
        <ele>0.0</ele>
    </trkpt>
    <trkpt lat="43.217087" lon="5.54581">
        <ele>0.0</ele>
    </trkpt>
    <trkpt lat="43.217098" lon="5.54566">
        <ele>0.0</ele>
    </trkpt>
    <trkpt lat="43.217065" lon="5.545606">
        <ele>0.0</ele>
    </trkpt>
    <trkpt lat="43.217044" lon="5.545397">
        <ele>0.0</ele>
    </trkpt>
    <trkpt lat="43.216883" lon="5.545113">
        <ele>0.0</ele>
    </trkpt>
    <trkpt lat="43.216878" lon="5.544517">
        <ele>0.0</ele>
    </trkpt>
    <trkpt lat="43.216964" lon="5.544313">
        <ele>0.0</ele>
    </trkpt>
    <trkpt lat="43.217167" lon="5.544034">
        <ele>0.0</ele>
    </trkpt>
    <trkpt lat="43.217216" lon="5.543922">
        <ele>0.0</ele>
    </trkpt>
    <trkpt lat="43.217446" lon="5.543809">
        <ele>0.0</ele>
    </trkpt>
    <trkpt lat="43.21765" lon="5.543809">
        <ele>0.0</ele>
    </trkpt>
    <trkpt lat="43.217827" lon="5.543879">
        <ele>0.0</ele>
    </trkpt>
    <trkpt lat="43.217993" lon="5.543986">
        <ele>0.0</ele>
    </trkpt>
    <trkpt lat="43.218058" lon="5.543975">
        <ele>0.0</ele>
    </trkpt>
    <trkpt lat="43.218128" lon="5.544077">
        <ele>0.0</ele>
    </trkpt>
    <trkpt lat="43.218256" lon="5.544088">
        <ele>0.0</ele>
    </trkpt>
    <trkpt lat="43.218433" lon="5.544227">
        <ele>0.0</ele>
    </trkpt>
    <trkpt lat="43.218702" lon="5.54427">
        <ele>0.0</ele>
    </trkpt>
    <trkpt lat="43.218766" lon="5.544372">
        <ele>0.0</ele>
    </trkpt>
    <trkpt lat="43.219077" lon="5.544447">
        <ele>0.0</ele>
    </trkpt>
    <trkpt lat="43.219372" lon="5.544351">
        <ele>0.0</ele>
    </trkpt>
    <trkpt lat="43.219839" lon="5.544394">
        <ele>0.0</ele>
    </trkpt>
    <trkpt lat="43.220075" lon="5.544227">
        <ele>0.0</ele>
    </trkpt>
    <trkpt lat="43.22015" lon="5.544233">
        <ele>0.0</ele>
    </trkpt>
    <trkpt lat="43.220188" lon="5.544195">
        <ele>0.0</ele>
    </trkpt>
    <trkpt lat="43.220263" lon="5.54419">
        <ele>0.0</ele>
    </trkpt>
    <trkpt lat="43.22037" lon="5.544136">
        <ele>0.0</ele>
    </trkpt>
    <trkpt lat="43.220842" lon="5.544018">
        <ele>0.0</ele>
    </trkpt>
    <trkpt lat="43.221185" lon="5.543809">
        <ele>0.0</ele>
    </trkpt>
    <trkpt lat="43.221802" lon="5.543793">
        <ele>0.0</ele>
    </trkpt>
    <trkpt lat="43.22199" lon="5.543841">
        <ele>0.0</ele>
    </trkpt>
    <trkpt lat="43.222231" lon="5.543857">
        <ele>0.0</ele>
    </trkpt>
    <trkpt lat="43.222296" lon="5.543906">
        <ele>0.0</ele>
    </trkpt>
    <trkpt lat="43.222414" lon="5.543927">
        <ele>0.0</ele>
    </trkpt>
    <trkpt lat="43.222532" lon="5.544024">
        <ele>0.0</ele>
    </trkpt>
    <trkpt lat="43.222553" lon="5.544099">
        <ele>0.0</ele>
    </trkpt>
    <trkpt lat="43.222612" lon="5.544142">
        <ele>0.0</ele>
    </trkpt>
    <trkpt lat="43.222886" lon="5.544211">
        <ele>0.0</ele>
    </trkpt>
    <trkpt lat="43.2231" lon="5.544206">
        <ele>0.0</ele>
    </trkpt>
    <trkpt lat="43.223261" lon="5.544335">
        <ele>0.0</ele>
    </trkpt>
    <trkpt lat="43.223412" lon="5.544329">
        <ele>0.0</ele>
    </trkpt>
    <trkpt lat="43.223481" lon="5.544426">
        <ele>0.0</ele>
    </trkpt>
    <trkpt lat="43.223631" lon="5.544463">
        <ele>0.0</ele>
    </trkpt>
    <trkpt lat="43.223728" lon="5.544544">
        <ele>0.0</ele>
    </trkpt>
    <trkpt lat="43.223792" lon="5.544555">
        <ele>0.0</ele>
    </trkpt>
    <trkpt lat="43.223921" lon="5.544431">
        <ele>0.0</ele>
    </trkpt>
    <trkpt lat="43.223991" lon="5.54419">
        <ele>0.0</ele>
    </trkpt>
    <trkpt lat="43.224055" lon="5.543734">
        <ele>0.0</ele>
    </trkpt>
    <trkpt lat="43.224141" lon="5.543627">
        <ele>0.0</ele>
    </trkpt>
    <trkpt lat="43.224463" lon="5.543015">
        <ele>0.0</ele>
    </trkpt>
    <trkpt lat="43.224919" lon="5.542575">
        <ele>0.0</ele>
    </trkpt>
    <trkpt lat="43.225252" lon="5.542178">
        <ele>0.0</ele>
    </trkpt>
    <trkpt lat="43.225643" lon="5.541304">
        <ele>0.0</ele>
    </trkpt>
    <trkpt lat="43.22596" lon="5.540805">
        <ele>0.0</ele>
    </trkpt>
    <trkpt lat="43.226062" lon="5.540505">
        <ele>0.0</ele>
    </trkpt>
    <trkpt lat="43.226174" lon="5.540317">
        <ele>0.0</ele>
    </trkpt>
    <trkpt lat="43.226271" lon="5.540043">
        <ele>0.0</ele>
    </trkpt>
    <trkpt lat="43.226544" lon="5.539496">
        <ele>0.0</ele>
    </trkpt>
    <trkpt lat="43.226662" lon="5.53934">
        <ele>0.0</ele>
    </trkpt>
    <trkpt lat="43.226705" lon="5.539153">
        <ele>0.0</ele>
    </trkpt>
    <trkpt lat="43.226898" lon="5.53896">
        <ele>0.0</ele>
    </trkpt>
    <trkpt lat="43.226823" lon="5.538847">
        <ele>0.0</ele>
    </trkpt>
    <trkpt lat="43.226673" lon="5.538761">
        <ele>0.0</ele>
    </trkpt>
    <trkpt lat="43.226646" lon="5.538702">
        <ele>0.0</ele>
    </trkpt>
    <trkpt lat="43.226539" lon="5.538665">
        <ele>0.0</ele>
    </trkpt>
    <trkpt lat="43.226501" lon="5.538606">
        <ele>0.0</ele>
    </trkpt>
    <trkpt lat="43.226448" lon="5.538648">
        <ele>0.0</ele>
    </trkpt>
    <trkpt lat="43.226459" lon="5.538493">
        <ele>0.0</ele>
    </trkpt>
    <trkpt lat="43.226335" lon="5.53845">
        <ele>0.0</ele>
    </trkpt>
    <trkpt lat="43.226185" lon="5.538235">
        <ele>0.0</ele>
    </trkpt>
    <trkpt lat="43.225858" lon="5.538005">
        <ele>0.0</ele>
    </trkpt>
    <trkpt lat="43.22575" lon="5.537838">
        <ele>0.0</ele>
    </trkpt>
    <trkpt lat="43.225702" lon="5.537822">
        <ele>0.0</ele>
    </trkpt>
    <trkpt lat="43.225568" lon="5.537865">
        <ele>0.0</ele>
    </trkpt>
    <trkpt lat="43.225616" lon="5.537812">
        <ele>0.0</ele>
    </trkpt>
    <trkpt lat="43.225595" lon="5.537887">
        <ele>0.0</ele>
    </trkpt>
    <trkpt lat="43.225708" lon="5.537849">
        <ele>0.0</ele>
    </trkpt>
    <trkpt lat="43.225708" lon="5.537774">
        <ele>0.0</ele>
    </trkpt>
    <trkpt lat="43.225783" lon="5.537694">
        <ele>0.0</ele>
    </trkpt>
    <trkpt lat="43.225944" lon="5.537318">
        <ele>0.0</ele>
    </trkpt>
    <trkpt lat="43.225933" lon="5.537248">
        <ele>0.0</ele>
    </trkpt>
    <trkpt lat="43.225976" lon="5.53705">
        <ele>0.0</ele>
    </trkpt>
    <trkpt lat="43.225949" lon="5.536991">
        <ele>0.0</ele>
    </trkpt>
    <trkpt lat="43.225976" lon="5.536862">
        <ele>0.0</ele>
    </trkpt>
    <trkpt lat="43.225965" lon="5.536637">
        <ele>0.0</ele>
    </trkpt>
    <trkpt lat="43.225938" lon="5.536492">
        <ele>0.0</ele>
    </trkpt>
    <trkpt lat="43.22589" lon="5.536492">
        <ele>0.0</ele>
    </trkpt>
    <trkpt lat="43.22589" lon="5.536422">
        <ele>0.0</ele>
    </trkpt>
    <trkpt lat="43.225852" lon="5.53646">
        <ele>0.0</ele>
    </trkpt>
    <trkpt lat="43.225858" lon="5.536379">
        <ele>0.0</ele>
    </trkpt>
    <trkpt lat="43.225804" lon="5.536175">
        <ele>0.0</ele>
    </trkpt>
    <trkpt lat="43.225842" lon="5.536047">
        <ele>0.0</ele>
    </trkpt>
    <trkpt lat="43.22574" lon="5.53588">
        <ele>0.0</ele>
    </trkpt>
    <trkpt lat="43.225648" lon="5.535623">
        <ele>0.0</ele>
    </trkpt>
    <trkpt lat="43.225455" lon="5.53536">
        <ele>0.0</ele>
    </trkpt>
    <trkpt lat="43.225348" lon="5.535038">
        <ele>0.0</ele>
    </trkpt>
    <trkpt lat="43.225321" lon="5.534845">
        <ele>0.0</ele>
    </trkpt>
    <trkpt lat="43.22523" lon="5.534657">
        <ele>0.0</ele>
    </trkpt>
    <trkpt lat="43.224973" lon="5.534373">
        <ele>0.0</ele>
    </trkpt>
    <trkpt lat="43.224951" lon="5.534309">
        <ele>0.0</ele>
    </trkpt>
    <trkpt lat="43.224656" lon="5.533998">
        <ele>0.0</ele>
    </trkpt>
    <trkpt lat="43.224425" lon="5.533815">
        <ele>0.0</ele>
    </trkpt>
    <trkpt lat="43.224447" lon="5.533885">
        <ele>0.0</ele>
    </trkpt>
    <trkpt lat="43.224474" lon="5.53382">
        <ele>0.0</ele>
    </trkpt>
    <trkpt lat="43.224458" lon="5.533681">
        <ele>0.0</ele>
    </trkpt>
    <trkpt lat="43.224415" lon="5.533617">
        <ele>0.0</ele>
    </trkpt>
    <trkpt lat="43.224447" lon="5.533558">
        <ele>0.0</ele>
    </trkpt>
    <trkpt lat="43.22442" lon="5.533499">
        <ele>0.0</ele>
    </trkpt>
    <trkpt lat="43.224474" lon="5.533375">
        <ele>0.0</ele>
    </trkpt>
    <trkpt lat="43.224533" lon="5.533348">
        <ele>0.0</ele>
    </trkpt>
    <trkpt lat="43.224661" lon="5.533128">
        <ele>0.0</ele>
    </trkpt>
    <trkpt lat="43.22486" lon="5.532914">
        <ele>0.0</ele>
    </trkpt>
    <trkpt lat="43.224962" lon="5.532871">
        <ele>0.0</ele>
    </trkpt>
    <trkpt lat="43.225037" lon="5.532796">
        <ele>0.0</ele>
    </trkpt>
    <trkpt lat="43.225128" lon="5.532603">
        <ele>0.0</ele>
    </trkpt>
    <trkpt lat="43.225176" lon="5.532576">
        <ele>0.0</ele>
    </trkpt>
    <trkpt lat="43.225278" lon="5.532313">
        <ele>0.0</ele>
    </trkpt>
    <trkpt lat="43.225305" lon="5.5319">
        <ele>0.0</ele>
    </trkpt>
    <trkpt lat="43.225412" lon="5.531889">
        <ele>0.0</ele>
    </trkpt>
    <trkpt lat="43.225552" lon="5.531761">
        <ele>0.0</ele>
    </trkpt>
    <trkpt lat="43.225654" lon="5.531755">
        <ele>0.0</ele>
    </trkpt>
    <trkpt lat="43.225804" lon="5.531803">
        <ele>0.0</ele>
    </trkpt>
    <trkpt lat="43.225842" lon="5.531857">
        <ele>0.0</ele>
    </trkpt>
    <trkpt lat="43.226035" lon="5.53197">
        <ele>0.0</ele>
    </trkpt>
    <trkpt lat="43.22618" lon="5.532007">
        <ele>0.0</ele>
    </trkpt>
    <trkpt lat="43.226373" lon="5.531997">
        <ele>0.0</ele>
    </trkpt>
    <trkpt lat="43.226416" lon="5.53197">
        <ele>0.0</ele>
    </trkpt>
    <trkpt lat="43.226866" lon="5.531519">
        <ele>0.0</ele>
    </trkpt>
    <trkpt lat="43.227102" lon="5.531358">
        <ele>0.0</ele>
    </trkpt>
    <trkpt lat="43.227215" lon="5.531224">
        <ele>0.0</ele>
    </trkpt>
    <trkpt lat="43.227258" lon="5.531101">
        <ele>0.0</ele>
    </trkpt>
    <trkpt lat="43.227429" lon="5.531047">
        <ele>0.0</ele>
    </trkpt>
    <trkpt lat="43.227435" lon="5.530977">
        <ele>0.0</ele>
    </trkpt>
    <trkpt lat="43.227526" lon="5.530929">
        <ele>0.0</ele>
    </trkpt>
    <trkpt lat="43.227633" lon="5.530773">
        <ele>0.0</ele>
    </trkpt>
    <trkpt lat="43.227826" lon="5.530623">
        <ele>0.0</ele>
    </trkpt>
    <trkpt lat="43.228218" lon="5.530446">
        <ele>0.0</ele>
    </trkpt>
    <trkpt lat="43.228492" lon="5.530194">
        <ele>0.0</ele>
    </trkpt>
    <trkpt lat="43.228588" lon="5.530028">
        <ele>0.0</ele>
    </trkpt>
    <trkpt lat="43.228658" lon="5.529829">
        <ele>0.0</ele>
    </trkpt>
    <trkpt lat="43.22876" lon="5.529679">
        <ele>0.0</ele>
    </trkpt>
    <trkpt lat="43.228899" lon="5.529556">
        <ele>0.0</ele>
    </trkpt>
    <trkpt lat="43.229092" lon="5.529234">
        <ele>0.0</ele>
    </trkpt>
    <trkpt lat="43.229098" lon="5.529153">
        <ele>0.0</ele>
    </trkpt>
    <trkpt lat="43.22928" lon="5.528697">
        <ele>0.0</ele>
    </trkpt>
    <trkpt lat="43.229425" lon="5.528182">
        <ele>0.0</ele>
    </trkpt>
    <trkpt lat="43.229618" lon="5.527871">
        <ele>0.0</ele>
    </trkpt>
    <trkpt lat="43.229699" lon="5.527657">
        <ele>0.0</ele>
    </trkpt>
    <trkpt lat="43.229693" lon="5.527592">
        <ele>0.0</ele>
    </trkpt>
    <trkpt lat="43.229768" lon="5.527308">
        <ele>0.0</ele>
    </trkpt>
    <trkpt lat="43.22994" lon="5.526975">
        <ele>0.0</ele>
    </trkpt>
    <trkpt lat="43.230026" lon="5.526654">
        <ele>0.0</ele>
    </trkpt>
    <trkpt lat="43.230139" lon="5.526412">
        <ele>0.0</ele>
    </trkpt>
    <trkpt lat="43.230176" lon="5.526262">
        <ele>0.0</ele>
    </trkpt>
    <trkpt lat="43.230267" lon="5.525693">
        <ele>0.0</ele>
    </trkpt>
    <trkpt lat="43.230273" lon="5.525484">
        <ele>0.0</ele>
    </trkpt>
    <trkpt lat="43.230224" lon="5.525361">
        <ele>0.0</ele>
    </trkpt>
    <trkpt lat="43.230224" lon="5.525205">
        <ele>0.0</ele>
    </trkpt>
    <trkpt lat="43.230332" lon="5.524443">
        <ele>0.0</ele>
    </trkpt>
    <trkpt lat="43.230358" lon="5.52299">
        <ele>0.0</ele>
    </trkpt>
    <trkpt lat="43.230428" lon="5.522169">
        <ele>0.0</ele>
    </trkpt>
    <trkpt lat="43.230476" lon="5.52197">
        <ele>0.0</ele>
    </trkpt>
    <trkpt lat="43.230552" lon="5.521697">
        <ele>0.0</ele>
    </trkpt>
    <trkpt lat="43.230814" lon="5.521171">
        <ele>0.0</ele>
    </trkpt>
    <trkpt lat="43.230857" lon="5.521155">
        <ele>0.0</ele>
    </trkpt>
    <trkpt lat="43.231179" lon="5.520694">
        <ele>0.0</ele>
    </trkpt>
    <trkpt lat="43.231324" lon="5.520399">
        <ele>0.0</ele>
    </trkpt>
    <trkpt lat="43.231533" lon="5.520109">
        <ele>0.0</ele>
    </trkpt>
    <trkpt lat="43.23192" lon="5.519127">
        <ele>0.0</ele>
    </trkpt>
    <trkpt lat="43.232188" lon="5.518296">
        <ele>0.0</ele>
    </trkpt>
    <trkpt lat="43.232322" lon="5.517851">
        <ele>0.0</ele>
    </trkpt>
    <trkpt lat="43.232418" lon="5.517352">
        <ele>0.0</ele>
    </trkpt>
    <trkpt lat="43.232585" lon="5.515506">
        <ele>0.0</ele>
    </trkpt>
    <trkpt lat="43.23266" lon="5.515018">
        <ele>0.0</ele>
    </trkpt>
    <trkpt lat="43.232826" lon="5.514584">
        <ele>0.0</ele>
    </trkpt>
    <trkpt lat="43.232821" lon="5.514487">
        <ele>0.0</ele>
    </trkpt>
    <trkpt lat="43.233137" lon="5.513978">
        <ele>0.0</ele>
    </trkpt>
    <trkpt lat="43.233191" lon="5.513929">
        <ele>0.0</ele>
    </trkpt>
    <trkpt lat="43.233239" lon="5.513924">
        <ele>0.0</ele>
    </trkpt>
    <trkpt lat="43.233261" lon="5.513978">
        <ele>0.0</ele>
    </trkpt>
    <trkpt lat="43.23332" lon="5.51394">
        <ele>0.0</ele>
    </trkpt>
    <trkpt lat="43.234789" lon="5.512239">
        <ele>0.0</ele>
    </trkpt>
    <trkpt lat="43.234875" lon="5.512046">
        <ele>0.0</ele>
    </trkpt>
    <trkpt lat="43.234977" lon="5.511928">
        <ele>0.0</ele>
    </trkpt>
    <trkpt lat="43.235042" lon="5.5118">
        <ele>0.0</ele>
    </trkpt>
    <trkpt lat="43.235095" lon="5.511623">
        <ele>0.0</ele>
    </trkpt>
    <trkpt lat="43.235278" lon="5.511322">
        <ele>0.0</ele>
    </trkpt>
    <trkpt lat="43.235589" lon="5.510662">
        <ele>0.0</ele>
    </trkpt>
    <trkpt lat="43.235583" lon="5.51055">
        <ele>0.0</ele>
    </trkpt>
    <trkpt lat="43.235803" lon="5.509536">
        <ele>0.0</ele>
    </trkpt>
    <trkpt lat="43.236206" lon="5.508007">
        <ele>0.0</ele>
    </trkpt>
    <trkpt lat="43.236318" lon="5.507465">
        <ele>0.0</ele>
    </trkpt>
    <trkpt lat="43.236436" lon="5.507036">
        <ele>0.0</ele>
    </trkpt>
    <trkpt lat="43.236485" lon="5.506988">
        <ele>0.0</ele>
    </trkpt>
    <trkpt lat="43.23649" lon="5.5068">
        <ele>0.0</ele>
    </trkpt>
    <trkpt lat="43.236554" lon="5.506639">
        <ele>0.0</ele>
    </trkpt>
    <trkpt lat="43.236635" lon="5.506204">
        <ele>0.0</ele>
    </trkpt>
    <trkpt lat="43.236683" lon="5.506129">
        <ele>0.0</ele>
    </trkpt>
    <trkpt lat="43.237059" lon="5.50444">
        <ele>0.0</ele>
    </trkpt>
    <trkpt lat="43.237155" lon="5.503898">
        <ele>0.0</ele>
    </trkpt>
    <trkpt lat="43.23723" lon="5.503157">
        <ele>0.0</ele>
    </trkpt>
    <trkpt lat="43.237252" lon="5.502583">
        <ele>0.0</ele>
    </trkpt>
    <trkpt lat="43.237305" lon="5.499268">
        <ele>0.0</ele>
    </trkpt>
    <trkpt lat="43.237493" lon="5.497192">
        <ele>0.0</ele>
    </trkpt>
    <trkpt lat="43.23759" lon="5.495733">
        <ele>0.0</ele>
    </trkpt>
    <trkpt lat="43.237708" lon="5.495288">
        <ele>0.0</ele>
    </trkpt>
    <trkpt lat="43.237933" lon="5.495266">
        <ele>0.0</ele>
    </trkpt>
    <trkpt lat="43.237863" lon="5.495234">
        <ele>0.0</ele>
    </trkpt>
    <trkpt lat="43.237783" lon="5.49525">
        <ele>0.0</ele>
    </trkpt>
    <trkpt lat="43.237697" lon="5.495159">
        <ele>0.0</ele>
    </trkpt>
    <trkpt lat="43.237745" lon="5.49524">
        <ele>0.0</ele>
    </trkpt>
    <trkpt lat="43.237713" lon="5.49532">
        <ele>0.0</ele>
    </trkpt>
    <trkpt lat="43.237692" lon="5.494891">
        <ele>0.0</ele>
    </trkpt>
    <trkpt lat="43.237729" lon="5.49444">
        <ele>0.0</ele>
    </trkpt>
    <trkpt lat="43.237981" lon="5.492477">
        <ele>0.0</ele>
    </trkpt>
    <trkpt lat="43.238131" lon="5.491833">
        <ele>0.0</ele>
    </trkpt>
    <trkpt lat="43.23826" lon="5.490953">
        <ele>0.0</ele>
    </trkpt>
    <trkpt lat="43.238314" lon="5.490825">
        <ele>0.0</ele>
    </trkpt>
    <trkpt lat="43.238357" lon="5.490519">
        <ele>0.0</ele>
    </trkpt>
    <trkpt lat="43.238464" lon="5.490213">
        <ele>0.0</ele>
    </trkpt>
    <trkpt lat="43.238528" lon="5.489484">
        <ele>0.0</ele>
    </trkpt>
    <trkpt lat="43.238711" lon="5.488818">
        <ele>0.0</ele>
    </trkpt>
    <trkpt lat="43.238775" lon="5.488185">
        <ele>0.0</ele>
    </trkpt>
    <trkpt lat="43.238936" lon="5.487456">
        <ele>0.0</ele>
    </trkpt>
    <trkpt lat="43.238942" lon="5.487311">
        <ele>0.0</ele>
    </trkpt>
    <trkpt lat="43.239001" lon="5.487161">
        <ele>0.0</ele>
    </trkpt>
    <trkpt lat="43.239092" lon="5.486705">
        <ele>0.0</ele>
    </trkpt>
    <trkpt lat="43.239124" lon="5.486088">
        <ele>0.0</ele>
    </trkpt>
    <trkpt lat="43.23921" lon="5.485407">
        <ele>0.0</ele>
    </trkpt>
    <trkpt lat="43.239204" lon="5.484817">
        <ele>0.0</ele>
    </trkpt>
    <trkpt lat="43.239102" lon="5.484253">
        <ele>0.0</ele>
    </trkpt>
    <trkpt lat="43.239022" lon="5.48354">
        <ele>0.0</ele>
    </trkpt>
    <trkpt lat="43.238899" lon="5.483068">
        <ele>0.0</ele>
    </trkpt>
    <trkpt lat="43.238781" lon="5.482311">
        <ele>0.0</ele>
    </trkpt>
    <trkpt lat="43.238754" lon="5.481898">
        <ele>0.0</ele>
    </trkpt>
    <trkpt lat="43.238765" lon="5.481083">
        <ele>0.0</ele>
    </trkpt>
    <trkpt lat="43.238958" lon="5.478122">
        <ele>0.0</ele>
    </trkpt>
    <trkpt lat="43.238942" lon="5.477966">
        <ele>0.0</ele>
    </trkpt>
    <trkpt lat="43.238984" lon="5.477757">
        <ele>0.0</ele>
    </trkpt>
    <trkpt lat="43.238984" lon="5.477269">
        <ele>0.0</ele>
    </trkpt>
    <trkpt lat="43.23906" lon="5.47648">
        <ele>0.0</ele>
    </trkpt>
    <trkpt lat="43.239049" lon="5.475938">
        <ele>0.0</ele>
    </trkpt>
    <trkpt lat="43.239102" lon="5.475214">
        <ele>0.0</ele>
    </trkpt>
    <trkpt lat="43.239145" lon="5.47501">
        <ele>0.0</ele>
    </trkpt>
    <trkpt lat="43.239199" lon="5.475107">
        <ele>0.0</ele>
    </trkpt>
    <trkpt lat="43.239344" lon="5.475144">
        <ele>0.0</ele>
    </trkpt>
    <trkpt lat="43.239435" lon="5.475069">
        <ele>0.0</ele>
    </trkpt>
    <trkpt lat="43.239532" lon="5.475059">
        <ele>0.0</ele>
    </trkpt>
    <trkpt lat="43.239542" lon="5.474994">
        <ele>0.0</ele>
    </trkpt>
    <trkpt lat="43.239263" lon="5.475096">
        <ele>0.0</ele>
    </trkpt>
    <trkpt lat="43.239167" lon="5.475048">
        <ele>0.0</ele>
    </trkpt>
    <trkpt lat="43.239194" lon="5.474984">
        <ele>0.0</ele>
    </trkpt>
    <trkpt lat="43.239156" lon="5.474769">
        <ele>0.0</ele>
    </trkpt>
    <trkpt lat="43.239188" lon="5.474554">
        <ele>0.0</ele>
    </trkpt>
    <trkpt lat="43.239145" lon="5.474431">
        <ele>0.0</ele>
    </trkpt>
    <trkpt lat="43.239204" lon="5.474061">
        <ele>0.0</ele>
    </trkpt>
    <trkpt lat="43.239172" lon="5.473911">
        <ele>0.0</ele>
    </trkpt>
    <trkpt lat="43.239161" lon="5.473546">
        <ele>0.0</ele>
    </trkpt>
    <trkpt lat="43.239086" lon="5.472999">
        <ele>0.0</ele>
    </trkpt>
    <trkpt lat="43.239022" lon="5.472752">
        <ele>0.0</ele>
    </trkpt>
    <trkpt lat="43.238636" lon="5.469673">
        <ele>0.0</ele>
    </trkpt>
    <trkpt lat="43.238507" lon="5.468943">
        <ele>0.0</ele>
    </trkpt>
    <trkpt lat="43.238486" lon="5.468294">
        <ele>0.0</ele>
    </trkpt>
    <trkpt lat="43.238614" lon="5.467312">
        <ele>0.0</ele>
    </trkpt>
    <trkpt lat="43.238834" lon="5.466658">
        <ele>0.0</ele>
    </trkpt>
    <trkpt lat="43.238952" lon="5.466427">
        <ele>0.0</ele>
    </trkpt>
    <trkpt lat="43.239145" lon="5.466148">
        <ele>0.0</ele>
    </trkpt>
    <trkpt lat="43.239735" lon="5.46559">
        <ele>0.0</ele>
    </trkpt>
    <trkpt lat="43.239998" lon="5.465177">
        <ele>0.0</ele>
    </trkpt>
    <trkpt lat="43.240063" lon="5.464898">
        <ele>0.0</ele>
    </trkpt>
    <trkpt lat="43.240073" lon="5.464603">
        <ele>0.0</ele>
    </trkpt>
    <trkpt lat="43.240036" lon="5.464249">
        <ele>0.0</ele>
    </trkpt>
    <trkpt lat="43.239982" lon="5.464142">
        <ele>0.0</ele>
    </trkpt>
    <trkpt lat="43.239891" lon="5.463584">
        <ele>0.0</ele>
    </trkpt>
    <trkpt lat="43.239784" lon="5.463246">
        <ele>0.0</ele>
    </trkpt>
    <trkpt lat="43.2398" lon="5.463187">
        <ele>0.0</ele>
    </trkpt>
    <trkpt lat="43.239773" lon="5.462978">
        <ele>0.0</ele>
    </trkpt>
    <trkpt lat="43.239623" lon="5.462211">
        <ele>0.0</ele>
    </trkpt>
    <trkpt lat="43.239612" lon="5.461975">
        <ele>0.0</ele>
    </trkpt>
    <trkpt lat="43.239644" lon="5.461653">
        <ele>0.0</ele>
    </trkpt>
    <trkpt lat="43.239778" lon="5.461342">
        <ele>0.0</ele>
    </trkpt>
    <trkpt lat="43.239923" lon="5.461159">
        <ele>0.0</ele>
    </trkpt>
    <trkpt lat="43.240186" lon="5.46102">
        <ele>0.0</ele>
    </trkpt>
    <trkpt lat="43.240562" lon="5.460934">
        <ele>0.0</ele>
    </trkpt>
    <trkpt lat="43.240841" lon="5.460709">
        <ele>0.0</ele>
    </trkpt>
    <trkpt lat="43.240921" lon="5.460526">
        <ele>0.0</ele>
    </trkpt>
    <trkpt lat="43.240969" lon="5.460312">
        <ele>0.0</ele>
    </trkpt>
    <trkpt lat="43.240921" lon="5.459888">
        <ele>0.0</ele>
    </trkpt>
    <trkpt lat="43.240744" lon="5.459319">
        <ele>0.0</ele>
    </trkpt>
    <trkpt lat="43.24061" lon="5.45874">
        <ele>0.0</ele>
    </trkpt>
    <trkpt lat="43.240433" lon="5.458236">
        <ele>0.0</ele>
    </trkpt>
    <trkpt lat="43.240272" lon="5.457538">
        <ele>0.0</ele>
    </trkpt>
    <trkpt lat="43.239971" lon="5.456793">
        <ele>0.0</ele>
    </trkpt>
    <trkpt lat="43.23995" lon="5.456621">
        <ele>0.0</ele>
    </trkpt>
    <trkpt lat="43.239811" lon="5.456374">
        <ele>0.0</ele>
    </trkpt>
    <trkpt lat="43.240299" lon="5.454947">
        <ele>0.0</ele>
    </trkpt>
    <trkpt lat="43.240363" lon="5.454609">
        <ele>0.0</ele>
    </trkpt>
    <trkpt lat="43.240358" lon="5.45425">
        <ele>0.0</ele>
    </trkpt>
    <trkpt lat="43.240395" lon="5.453735">
        <ele>0.0</ele>
    </trkpt>
    <trkpt lat="43.240315" lon="5.453317">
        <ele>0.0</ele>
    </trkpt>
    <trkpt lat="43.240181" lon="5.452904">
        <ele>0.0</ele>
    </trkpt>
    <trkpt lat="43.239961" lon="5.452491">
        <ele>0.0</ele>
    </trkpt>
    <trkpt lat="43.239853" lon="5.452212">
        <ele>0.0</ele>
    </trkpt>
    <trkpt lat="43.239811" lon="5.452035">
        <ele>0.0</ele>
    </trkpt>
    <trkpt lat="43.239827" lon="5.451863">
        <ele>0.0</ele>
    </trkpt>
    <trkpt lat="43.239843" lon="5.451788">
        <ele>0.0</ele>
    </trkpt>
    <trkpt lat="43.239955" lon="5.451697">
        <ele>0.0</ele>
    </trkpt>
    <trkpt lat="43.240025" lon="5.451697">
        <ele>0.0</ele>
    </trkpt>
    <trkpt lat="43.24017" lon="5.451788">
        <ele>0.0</ele>
    </trkpt>
    <trkpt lat="43.240578" lon="5.452131">
        <ele>0.0</ele>
    </trkpt>
    <trkpt lat="43.241232" lon="5.452834">
        <ele>0.0</ele>
    </trkpt>
    <trkpt lat="43.241597" lon="5.453043">
        <ele>0.0</ele>
    </trkpt>
    <trkpt lat="43.242257" lon="5.453236">
        <ele>0.0</ele>
    </trkpt>
    <trkpt lat="43.242428" lon="5.453209">
        <ele>0.0</ele>
    </trkpt>
    <trkpt lat="43.242504" lon="5.453156">
        <ele>0.0</ele>
    </trkpt>
    <trkpt lat="43.242648" lon="5.452941">
        <ele>0.0</ele>
    </trkpt>
    <trkpt lat="43.242627" lon="5.452753">
        <ele>0.0</ele>
    </trkpt>
    <trkpt lat="43.242648" lon="5.452271">
        <ele>0.0</ele>
    </trkpt>
    <trkpt lat="43.242605" lon="5.451557">
        <ele>0.0</ele>
    </trkpt>
    <trkpt lat="43.242557" lon="5.451219">
        <ele>0.0</ele>
    </trkpt>
    <trkpt lat="43.242552" lon="5.450538">
        <ele>0.0</ele>
    </trkpt>
    <trkpt lat="43.242509" lon="5.450211">
        <ele>0.0</ele>
    </trkpt>
    <trkpt lat="43.2423" lon="5.449529">
        <ele>0.0</ele>
    </trkpt>
    <trkpt lat="43.242273" lon="5.44925">
        <ele>0.0</ele>
    </trkpt>
    <trkpt lat="43.242326" lon="5.449036">
        <ele>0.0</ele>
    </trkpt>
    <trkpt lat="43.24252" lon="5.448912">
        <ele>0.0</ele>
    </trkpt>
    <trkpt lat="43.242584" lon="5.448837">
        <ele>0.0</ele>
    </trkpt>
    <trkpt lat="43.24267" lon="5.448671">
        <ele>0.0</ele>
    </trkpt>
    <trkpt lat="43.242686" lon="5.448575">
        <ele>0.0</ele>
    </trkpt>
    <trkpt lat="43.242654" lon="5.448344">
        <ele>0.0</ele>
    </trkpt>
    <trkpt lat="43.242428" lon="5.447791">
        <ele>0.0</ele>
    </trkpt>
    <trkpt lat="43.24238" lon="5.447582">
        <ele>0.0</ele>
    </trkpt>
    <trkpt lat="43.242364" lon="5.447266">
        <ele>0.0</ele>
    </trkpt>
    <trkpt lat="43.242412" lon="5.447067">
        <ele>0.0</ele>
    </trkpt>
    <trkpt lat="43.242761" lon="5.446627">
        <ele>0.0</ele>
    </trkpt>
    <trkpt lat="43.243013" lon="5.44571">
        <ele>0.0</ele>
    </trkpt>
    <trkpt lat="43.243104" lon="5.445533">
        <ele>0.0</ele>
    </trkpt>
    <trkpt lat="43.243233" lon="5.445383">
        <ele>0.0</ele>
    </trkpt>
    <trkpt lat="43.243405" lon="5.445334">
        <ele>0.0</ele>
    </trkpt>
    <trkpt lat="43.243684" lon="5.445361">
        <ele>0.0</ele>
    </trkpt>
    <trkpt lat="43.243898" lon="5.445426">
        <ele>0.0</ele>
    </trkpt>
    <trkpt lat="43.244011" lon="5.445399">
        <ele>0.0</ele>
    </trkpt>
    <trkpt lat="43.244134" lon="5.44542">
        <ele>0.0</ele>
    </trkpt>
    <trkpt lat="43.244306" lon="5.445544">
        <ele>0.0</ele>
    </trkpt>
    <trkpt lat="43.244751" lon="5.446236">
        <ele>0.0</ele>
    </trkpt>
    <trkpt lat="43.244858" lon="5.446311">
        <ele>0.0</ele>
    </trkpt>
    <trkpt lat="43.245014" lon="5.446364">
        <ele>0.0</ele>
    </trkpt>
    <trkpt lat="43.245309" lon="5.44638">
        <ele>0.0</ele>
    </trkpt>
    <trkpt lat="43.245486" lon="5.446343">
        <ele>0.0</ele>
    </trkpt>
    <trkpt lat="43.245658" lon="5.446246">
        <ele>0.0</ele>
    </trkpt>
    <trkpt lat="43.246087" lon="5.445919">
        <ele>0.0</ele>
    </trkpt>
    <trkpt lat="43.246232" lon="5.445951">
        <ele>0.0</ele>
    </trkpt>
    <trkpt lat="43.246339" lon="5.446075">
        <ele>0.0</ele>
    </trkpt>
  </trkseg>
</trk>
<trk>
  <name>2011/09/09 08:35:00</name>
  <extensions>
  </extensions>
  <trkseg>
    <trkpt lat="43.246387" lon="5.44615">
        <ele>0.0</ele>
    </trkpt>
    <trkpt lat="43.246495" lon="5.446311">
        <ele>0.0</ele>
    </trkpt>
    <trkpt lat="43.24658" lon="5.446557">
        <ele>0.0</ele>
    </trkpt>
    <trkpt lat="43.246543" lon="5.447201">
        <ele>0.0</ele>
    </trkpt>
    <trkpt lat="43.246554" lon="5.447534">
        <ele>0.0</ele>
    </trkpt>
    <trkpt lat="43.246774" lon="5.448113">
        <ele>0.0</ele>
    </trkpt>
    <trkpt lat="43.246843" lon="5.448575">
        <ele>0.0</ele>
    </trkpt>
    <trkpt lat="43.246704" lon="5.449508">
        <ele>0.0</ele>
    </trkpt>
    <trkpt lat="43.246774" lon="5.449712">
        <ele>0.0</ele>
    </trkpt>
    <trkpt lat="43.24694" lon="5.450039">
        <ele>0.0</ele>
    </trkpt>
    <trkpt lat="43.24702" lon="5.450533">
        <ele>0.0</ele>
    </trkpt>
    <trkpt lat="43.247031" lon="5.450881">
        <ele>0.0</ele>
    </trkpt>
    <trkpt lat="43.247074" lon="5.451123">
        <ele>0.0</ele>
    </trkpt>
    <trkpt lat="43.247069" lon="5.451772">
        <ele>0.0</ele>
    </trkpt>
    <trkpt lat="43.246999" lon="5.452297">
        <ele>0.0</ele>
    </trkpt>
    <trkpt lat="43.246929" lon="5.454035">
        <ele>0.0</ele>
    </trkpt>
    <trkpt lat="43.246784" lon="5.45462">
        <ele>0.0</ele>
    </trkpt>
    <trkpt lat="43.246575" lon="5.455006">
        <ele>0.0</ele>
    </trkpt>
    <trkpt lat="43.246554" lon="5.455216">
        <ele>0.0</ele>
    </trkpt>
    <trkpt lat="43.246607" lon="5.455881">
        <ele>0.0</ele>
    </trkpt>
    <trkpt lat="43.246656" lon="5.456122">
        <ele>0.0</ele>
    </trkpt>
    <trkpt lat="43.246736" lon="5.456299">
        <ele>0.0</ele>
    </trkpt>
    <trkpt lat="43.246811" lon="5.456342">
        <ele>0.0</ele>
    </trkpt>
    <trkpt lat="43.246945" lon="5.456358">
        <ele>0.0</ele>
    </trkpt>
    <trkpt lat="43.246999" lon="5.456331">
        <ele>0.0</ele>
    </trkpt>
    <trkpt lat="43.247192" lon="5.456074">
        <ele>0.0</ele>
    </trkpt>
    <trkpt lat="43.24746" lon="5.455634">
        <ele>0.0</ele>
    </trkpt>
    <trkpt lat="43.247605" lon="5.455339">
        <ele>0.0</ele>
    </trkpt>
    <trkpt lat="43.247745" lon="5.455141">
        <ele>0.0</ele>
    </trkpt>
    <trkpt lat="43.248002" lon="5.454615">
        <ele>0.0</ele>
    </trkpt>
    <trkpt lat="43.248168" lon="5.454347">
        <ele>0.0</ele>
    </trkpt>
    <trkpt lat="43.248367" lon="5.454154">
        <ele>0.0</ele>
    </trkpt>
    <trkpt lat="43.248517" lon="5.453821">
        <ele>0.0</ele>
    </trkpt>
    <trkpt lat="43.24864" lon="5.453215">
        <ele>0.0</ele>
    </trkpt>
    <trkpt lat="43.248941" lon="5.452292">
        <ele>0.0</ele>
    </trkpt>
    <trkpt lat="43.249145" lon="5.451536">
        <ele>0.0</ele>
    </trkpt>
    <trkpt lat="43.249145" lon="5.451455">
        <ele>0.0</ele>
    </trkpt>
    <trkpt lat="43.249386" lon="5.450704">
        <ele>0.0</ele>
    </trkpt>
    <trkpt lat="43.24945" lon="5.450125">
        <ele>0.0</ele>
    </trkpt>
    <trkpt lat="43.249461" lon="5.449642">
        <ele>0.0</ele>
    </trkpt>
    <trkpt lat="43.249552" lon="5.448832">
        <ele>0.0</ele>
    </trkpt>
    <trkpt lat="43.249568" lon="5.448322">
        <ele>0.0</ele>
    </trkpt>
    <trkpt lat="43.249649" lon="5.448027">
        <ele>0.0</ele>
    </trkpt>
    <trkpt lat="43.249654" lon="5.447775">
        <ele>0.0</ele>
    </trkpt>
    <trkpt lat="43.249729" lon="5.447475">
        <ele>0.0</ele>
    </trkpt>
    <trkpt lat="43.249842" lon="5.446584">
        <ele>0.0</ele>
    </trkpt>
    <trkpt lat="43.24981" lon="5.446289">
        <ele>0.0</ele>
    </trkpt>
    <trkpt lat="43.249713" lon="5.44601">
        <ele>0.0</ele>
    </trkpt>
    <trkpt lat="43.249488" lon="5.444739">
        <ele>0.0</ele>
    </trkpt>
    <trkpt lat="43.248968" lon="5.442792">
        <ele>0.0</ele>
    </trkpt>
    <trkpt lat="43.248834" lon="5.44211">
        <ele>0.0</ele>
    </trkpt>
    <trkpt lat="43.248785" lon="5.441794">
        <ele>0.0</ele>
    </trkpt>
    <trkpt lat="43.248753" lon="5.441134">
        <ele>0.0</ele>
    </trkpt>
    <trkpt lat="43.248769" lon="5.440587">
        <ele>0.0</ele>
    </trkpt>
    <trkpt lat="43.248721" lon="5.439439">
        <ele>0.0</ele>
    </trkpt>
    <trkpt lat="43.248587" lon="5.438886">
        <ele>0.0</ele>
    </trkpt>
    <trkpt lat="43.248206" lon="5.436864">
        <ele>0.0</ele>
    </trkpt>
    <trkpt lat="43.247981" lon="5.436129">
        <ele>0.0</ele>
    </trkpt>
    <trkpt lat="43.247948" lon="5.435759">
        <ele>0.0</ele>
    </trkpt>
    <trkpt lat="43.247916" lon="5.435652">
        <ele>0.0</ele>
    </trkpt>
    <trkpt lat="43.247793" lon="5.435496">
        <ele>0.0</ele>
    </trkpt>
    <trkpt lat="43.247605" lon="5.435378">
        <ele>0.0</ele>
    </trkpt>
    <trkpt lat="43.24753" lon="5.435362">
        <ele>0.0</ele>
    </trkpt>
    <trkpt lat="43.247149" lon="5.43511">
        <ele>0.0</ele>
    </trkpt>
    <trkpt lat="43.246886" lon="5.434852">
        <ele>0.0</ele>
    </trkpt>
    <trkpt lat="43.246682" lon="5.434563">
        <ele>0.0</ele>
    </trkpt>
    <trkpt lat="43.2465" lon="5.434203">
        <ele>0.0</ele>
    </trkpt>
    <trkpt lat="43.246489" lon="5.43372">
        <ele>0.0</ele>
    </trkpt>
    <trkpt lat="43.246409" lon="5.433393">
        <ele>0.0</ele>
    </trkpt>
    <trkpt lat="43.246377" lon="5.433061">
        <ele>0.0</ele>
    </trkpt>
    <trkpt lat="43.246312" lon="5.431923">
        <ele>0.0</ele>
    </trkpt>
    <trkpt lat="43.246098" lon="5.4307">
        <ele>0.0</ele>
    </trkpt>
    <trkpt lat="43.246092" lon="5.430448">
        <ele>0.0</ele>
    </trkpt>
    <trkpt lat="43.246017" lon="5.43018">
        <ele>0.0</ele>
    </trkpt>
    <trkpt lat="43.245996" lon="5.429992">
        <ele>0.0</ele>
    </trkpt>
    <trkpt lat="43.245921" lon="5.429853">
        <ele>0.0</ele>
    </trkpt>
    <trkpt lat="43.245706" lon="5.42915">
        <ele>0.0</ele>
    </trkpt>
    <trkpt lat="43.245658" lon="5.429091">
        <ele>0.0</ele>
    </trkpt>
    <trkpt lat="43.245513" lon="5.428656">
        <ele>0.0</ele>
    </trkpt>
    <trkpt lat="43.245298" lon="5.428324">
        <ele>0.0</ele>
    </trkpt>
    <trkpt lat="43.245164" lon="5.428045">
        <ele>0.0</ele>
    </trkpt>
    <trkpt lat="43.245036" lon="5.427884">
        <ele>0.0</ele>
    </trkpt>
    <trkpt lat="43.244966" lon="5.427648">
        <ele>0.0</ele>
    </trkpt>
    <trkpt lat="43.244982" lon="5.427455">
        <ele>0.0</ele>
    </trkpt>
    <trkpt lat="43.245175" lon="5.427015">
        <ele>0.0</ele>
    </trkpt>
    <trkpt lat="43.245277" lon="5.426913">
        <ele>0.0</ele>
    </trkpt>
    <trkpt lat="43.2454" lon="5.426489">
        <ele>0.0</ele>
    </trkpt>
    <trkpt lat="43.24554" lon="5.42636">
        <ele>0.0</ele>
    </trkpt>
    <trkpt lat="43.245824" lon="5.425792">
        <ele>0.0</ele>
    </trkpt>
    <trkpt lat="43.245921" lon="5.425706">
        <ele>0.0</ele>
    </trkpt>
    <trkpt lat="43.246259" lon="5.425009">
        <ele>0.0</ele>
    </trkpt>
    <trkpt lat="43.246366" lon="5.424896">
        <ele>0.0</ele>
    </trkpt>
    <trkpt lat="43.246816" lon="5.424649">
        <ele>0.0</ele>
    </trkpt>
    <trkpt lat="43.246838" lon="5.424531">
        <ele>0.0</ele>
    </trkpt>
    <trkpt lat="43.246886" lon="5.424499">
        <ele>0.0</ele>
    </trkpt>
    <trkpt lat="43.247053" lon="5.424451">
        <ele>0.0</ele>
    </trkpt>
    <trkpt lat="43.247342" lon="5.424301">
        <ele>0.0</ele>
    </trkpt>
    <trkpt lat="43.247525" lon="5.424274">
        <ele>0.0</ele>
    </trkpt>
    <trkpt lat="43.247718" lon="5.424199">
        <ele>0.0</ele>
    </trkpt>
    <trkpt lat="43.247954" lon="5.424064">
        <ele>0.0</ele>
    </trkpt>
    <trkpt lat="43.248233" lon="5.423823">
        <ele>0.0</ele>
    </trkpt>
    <trkpt lat="43.248281" lon="5.423727">
        <ele>0.0</ele>
    </trkpt>
    <trkpt lat="43.24841" lon="5.423587">
        <ele>0.0</ele>
    </trkpt>
    <trkpt lat="43.248587" lon="5.423485">
        <ele>0.0</ele>
    </trkpt>
    <trkpt lat="43.248764" lon="5.423313">
        <ele>0.0</ele>
    </trkpt>
    <trkpt lat="43.248946" lon="5.423185">
        <ele>0.0</ele>
    </trkpt>
    <trkpt lat="43.249043" lon="5.423061">
        <ele>0.0</ele>
    </trkpt>
    <trkpt lat="43.249327" lon="5.422852">
        <ele>0.0</ele>
    </trkpt>
    <trkpt lat="43.249467" lon="5.422793">
        <ele>0.0</ele>
    </trkpt>
    <trkpt lat="43.24974" lon="5.422562">
        <ele>0.0</ele>
    </trkpt>
    <trkpt lat="43.249896" lon="5.422466">
        <ele>0.0</ele>
    </trkpt>
    <trkpt lat="43.250228" lon="5.422369">
        <ele>0.0</ele>
    </trkpt>
    <trkpt lat="43.250496" lon="5.422369">
        <ele>0.0</ele>
    </trkpt>
    <trkpt lat="43.250749" lon="5.42231">
        <ele>0.0</ele>
    </trkpt>
    <trkpt lat="43.251108" lon="5.422273">
        <ele>0.0</ele>
    </trkpt>
    <trkpt lat="43.251366" lon="5.422182">
        <ele>0.0</ele>
    </trkpt>
    <trkpt lat="43.251784" lon="5.422133">
        <ele>0.0</ele>
    </trkpt>
    <trkpt lat="43.25195" lon="5.422021">
        <ele>0.0</ele>
    </trkpt>
    <trkpt lat="43.252176" lon="5.421935">
        <ele>0.0</ele>
    </trkpt>
    <trkpt lat="43.252299" lon="5.421962">
        <ele>0.0</ele>
    </trkpt>
    <trkpt lat="43.252422" lon="5.422101">
        <ele>0.0</ele>
    </trkpt>
    <trkpt lat="43.25254" lon="5.422117">
        <ele>0.0</ele>
    </trkpt>
    <trkpt lat="43.252632" lon="5.422047">
        <ele>0.0</ele>
    </trkpt>
    <trkpt lat="43.252723" lon="5.422058">
        <ele>0.0</ele>
    </trkpt>
    <trkpt lat="43.252975" lon="5.422005">
        <ele>0.0</ele>
    </trkpt>
    <trkpt lat="43.253147" lon="5.421913">
        <ele>0.0</ele>
    </trkpt>
    <trkpt lat="43.253452" lon="5.42157">
        <ele>0.0</ele>
    </trkpt>
    <trkpt lat="43.253629" lon="5.421425">
        <ele>0.0</ele>
    </trkpt>
    <trkpt lat="43.253763" lon="5.421372">
        <ele>0.0</ele>
    </trkpt>
    <trkpt lat="43.254042" lon="5.421109">
        <ele>0.0</ele>
    </trkpt>
    <trkpt lat="43.254134" lon="5.421055">
        <ele>0.0</ele>
    </trkpt>
    <trkpt lat="43.254343" lon="5.420776">
        <ele>0.0</ele>
    </trkpt>
    <trkpt lat="43.254472" lon="5.420722">
        <ele>0.0</ele>
    </trkpt>
    <trkpt lat="43.254573" lon="5.42061">
        <ele>0.0</ele>
    </trkpt>
    <trkpt lat="43.254756" lon="5.420481">
        <ele>0.0</ele>
    </trkpt>
    <trkpt lat="43.255024" lon="5.420379">
        <ele>0.0</ele>
    </trkpt>
    <trkpt lat="43.255174" lon="5.420358">
        <ele>0.0</ele>
    </trkpt>
    <trkpt lat="43.255405" lon="5.42024">
        <ele>0.0</ele>
    </trkpt>
    <trkpt lat="43.255738" lon="5.420197">
        <ele>0.0</ele>
    </trkpt>
    <trkpt lat="43.255963" lon="5.420127">
        <ele>0.0</ele>
    </trkpt>
    <trkpt lat="43.256129" lon="5.420057">
        <ele>0.0</ele>
    </trkpt>
    <trkpt lat="43.256419" lon="5.419875">
        <ele>0.0</ele>
    </trkpt>
    <trkpt lat="43.256837" lon="5.419376">
        <ele>0.0</ele>
    </trkpt>
    <trkpt lat="43.256961" lon="5.419285">
        <ele>0.0</ele>
    </trkpt>
    <trkpt lat="43.256977" lon="5.419355">
        <ele>0.0</ele>
    </trkpt>
    <trkpt lat="43.257025" lon="5.419312">
        <ele>0.0</ele>
    </trkpt>
    <trkpt lat="43.257084" lon="5.419145">
        <ele>0.0</ele>
    </trkpt>
    <trkpt lat="43.257143" lon="5.419119">
        <ele>0.0</ele>
    </trkpt>
    <trkpt lat="43.257261" lon="5.418974">
        <ele>0.0</ele>
    </trkpt>
    <trkpt lat="43.25732" lon="5.418963">
        <ele>0.0</ele>
    </trkpt>
    <trkpt lat="43.257379" lon="5.41884">
        <ele>0.0</ele>
    </trkpt>
    <trkpt lat="43.257417" lon="5.41862">
        <ele>0.0</ele>
    </trkpt>
    <trkpt lat="43.257615" lon="5.418314">
        <ele>0.0</ele>
    </trkpt>
    <trkpt lat="43.257755" lon="5.418217">
        <ele>0.0</ele>
    </trkpt>
    <trkpt lat="43.257953" lon="5.417954">
        <ele>0.0</ele>
    </trkpt>
    <trkpt lat="43.258023" lon="5.41789">
        <ele>0.0</ele>
    </trkpt>
    <trkpt lat="43.258168" lon="5.417836">
        <ele>0.0</ele>
    </trkpt>
    <trkpt lat="43.25843" lon="5.417525">
        <ele>0.0</ele>
    </trkpt>
    <trkpt lat="43.258629" lon="5.417423">
        <ele>0.0</ele>
    </trkpt>
    <trkpt lat="43.258709" lon="5.417348">
        <ele>0.0</ele>
    </trkpt>
    <trkpt lat="43.258731" lon="5.417289">
        <ele>0.0</ele>
    </trkpt>
    <trkpt lat="43.258876" lon="5.417187">
        <ele>0.0</ele>
    </trkpt>
    <trkpt lat="43.258956" lon="5.41708">
        <ele>0.0</ele>
    </trkpt>
    <trkpt lat="43.259021" lon="5.416887">
        <ele>0.0</ele>
    </trkpt>
    <trkpt lat="43.259267" lon="5.416683">
        <ele>0.0</ele>
    </trkpt>
    <trkpt lat="43.259385" lon="5.416527">
        <ele>0.0</ele>
    </trkpt>
    <trkpt lat="43.259621" lon="5.416436">
        <ele>0.0</ele>
    </trkpt>
    <trkpt lat="43.259965" lon="5.416163">
        <ele>0.0</ele>
    </trkpt>
    <trkpt lat="43.260061" lon="5.415975">
        <ele>0.0</ele>
    </trkpt>
    <trkpt lat="43.260233" lon="5.415835">
        <ele>0.0</ele>
    </trkpt>
    <trkpt lat="43.260544" lon="5.415476">
        <ele>0.0</ele>
    </trkpt>
    <trkpt lat="43.260662" lon="5.415422">
        <ele>0.0</ele>
    </trkpt>
    <trkpt lat="43.260839" lon="5.415261">
        <ele>0.0</ele>
    </trkpt>
    <trkpt lat="43.260995" lon="5.415176">
        <ele>0.0</ele>
    </trkpt>
    <trkpt lat="43.261204" lon="5.415004">
        <ele>0.0</ele>
    </trkpt>
    <trkpt lat="43.261268" lon="5.414993">
        <ele>0.0</ele>
    </trkpt>
    <trkpt lat="43.261719" lon="5.414548">
        <ele>0.0</ele>
    </trkpt>
    <trkpt lat="43.262068" lon="5.414033">
        <ele>0.0</ele>
    </trkpt>
    <trkpt lat="43.262336" lon="5.413502">
        <ele>0.0</ele>
    </trkpt>
    <trkpt lat="43.262405" lon="5.413244">
        <ele>0.0</ele>
    </trkpt>
    <trkpt lat="43.262781" lon="5.412504">
        <ele>0.0</ele>
    </trkpt>
    <trkpt lat="43.262867" lon="5.412032">
        <ele>0.0</ele>
    </trkpt>
    <trkpt lat="43.263226" lon="5.411286">
        <ele>0.0</ele>
    </trkpt>
    <trkpt lat="43.263323" lon="5.411179">
        <ele>0.0</ele>
    </trkpt>
    <trkpt lat="43.263382" lon="5.41105">
        <ele>0.0</ele>
    </trkpt>
    <trkpt lat="43.263328" lon="5.41104">
        <ele>0.0</ele>
    </trkpt>
    <trkpt lat="43.263301" lon="5.410959">
        <ele>0.0</ele>
    </trkpt>
    <trkpt lat="43.263419" lon="5.410686">
        <ele>0.0</ele>
    </trkpt>
    <trkpt lat="43.26379" lon="5.410407">
        <ele>0.0</ele>
    </trkpt>
    <trkpt lat="43.26402" lon="5.41016">
        <ele>0.0</ele>
    </trkpt>
    <trkpt lat="43.264197" lon="5.410031">
        <ele>0.0</ele>
    </trkpt>
    <trkpt lat="43.264321" lon="5.409817">
        <ele>0.0</ele>
    </trkpt>
    <trkpt lat="43.264546" lon="5.409591">
        <ele>0.0</ele>
    </trkpt>
    <trkpt lat="43.264691" lon="5.409505">
        <ele>0.0</ele>
    </trkpt>
    <trkpt lat="43.264862" lon="5.409264">
        <ele>0.0</ele>
    </trkpt>
    <trkpt lat="43.264991" lon="5.409141">
        <ele>0.0</ele>
    </trkpt>
    <trkpt lat="43.265056" lon="5.409103">
        <ele>0.0</ele>
    </trkpt>
    <trkpt lat="43.265147" lon="5.409098">
        <ele>0.0</ele>
    </trkpt>
    <trkpt lat="43.265377" lon="5.408899">
        <ele>0.0</ele>
    </trkpt>
    <trkpt lat="43.265662" lon="5.408819">
        <ele>0.0</ele>
    </trkpt>
    <trkpt lat="43.265935" lon="5.408647">
        <ele>0.0</ele>
    </trkpt>
    <trkpt lat="43.266236" lon="5.408551">
        <ele>0.0</ele>
    </trkpt>
    <trkpt lat="43.266311" lon="5.408465">
        <ele>0.0</ele>
    </trkpt>
    <trkpt lat="43.266472" lon="5.408384">
        <ele>0.0</ele>
    </trkpt>
    <trkpt lat="43.266558" lon="5.408379">
        <ele>0.0</ele>
    </trkpt>
    <trkpt lat="43.267089" lon="5.408159">
        <ele>0.0</ele>
    </trkpt>
    <trkpt lat="43.26725" lon="5.40803">
        <ele>0.0</ele>
    </trkpt>
    <trkpt lat="43.267373" lon="5.407885">
        <ele>0.0</ele>
    </trkpt>
    <trkpt lat="43.26748" lon="5.407816">
        <ele>0.0</ele>
    </trkpt>
    <trkpt lat="43.267539" lon="5.407832">
        <ele>0.0</ele>
    </trkpt>
    <trkpt lat="43.267604" lon="5.40781">
        <ele>0.0</ele>
    </trkpt>
    <trkpt lat="43.267893" lon="5.407553">
        <ele>0.0</ele>
    </trkpt>
    <trkpt lat="43.268011" lon="5.407209">
        <ele>0.0</ele>
    </trkpt>
    <trkpt lat="43.268043" lon="5.406898">
        <ele>0.0</ele>
    </trkpt>
    <trkpt lat="43.268097" lon="5.406796">
        <ele>0.0</ele>
    </trkpt>
    <trkpt lat="43.268065" lon="5.406491">
        <ele>0.0</ele>
    </trkpt>
    <trkpt lat="43.26821" lon="5.406389">
        <ele>0.0</ele>
    </trkpt>
    <trkpt lat="43.26821" lon="5.406324">
        <ele>0.0</ele>
    </trkpt>
    <trkpt lat="43.268167" lon="5.406276">
        <ele>0.0</ele>
    </trkpt>
    <trkpt lat="43.268322" lon="5.405933">
        <ele>0.0</ele>
    </trkpt>
    <trkpt lat="43.26836" lon="5.405627">
        <ele>0.0</ele>
    </trkpt>
    <trkpt lat="43.268478" lon="5.405332">
        <ele>0.0</ele>
    </trkpt>
    <trkpt lat="43.268601" lon="5.405144">
        <ele>0.0</ele>
    </trkpt>
    <trkpt lat="43.268585" lon="5.405058">
        <ele>0.0</ele>
    </trkpt>
    <trkpt lat="43.268634" lon="5.40493">
        <ele>0.0</ele>
    </trkpt>
    <trkpt lat="43.268719" lon="5.40486">
        <ele>0.0</ele>
    </trkpt>
    <trkpt lat="43.268703" lon="5.40479">
        <ele>0.0</ele>
    </trkpt>
    <trkpt lat="43.268757" lon="5.404758">
        <ele>0.0</ele>
    </trkpt>
    <trkpt lat="43.26873" lon="5.404543">
        <ele>0.0</ele>
    </trkpt>
    <trkpt lat="43.268752" lon="5.404479">
        <ele>0.0</ele>
    </trkpt>
    <trkpt lat="43.268725" lon="5.404415">
        <ele>0.0</ele>
    </trkpt>
    <trkpt lat="43.268741" lon="5.404264">
        <ele>0.0</ele>
    </trkpt>
    <trkpt lat="43.268875" lon="5.404168">
        <ele>0.0</ele>
    </trkpt>
    <trkpt lat="43.268918" lon="5.404098">
        <ele>0.0</ele>
    </trkpt>
    <trkpt lat="43.268939" lon="5.403851">
        <ele>0.0</ele>
    </trkpt>
    <trkpt lat="43.269004" lon="5.403583">
        <ele>0.0</ele>
    </trkpt>
    <trkpt lat="43.269149" lon="5.403449">
        <ele>0.0</ele>
    </trkpt>
    <trkpt lat="43.269304" lon="5.40317">
        <ele>0.0</ele>
    </trkpt>
    <trkpt lat="43.269513" lon="5.40309">
        <ele>0.0</ele>
    </trkpt>
    <trkpt lat="43.269749" lon="5.403133">
        <ele>0.0</ele>
    </trkpt>
    <trkpt lat="43.269814" lon="5.4031">
        <ele>0.0</ele>
    </trkpt>
    <trkpt lat="43.269851" lon="5.403036">
        <ele>0.0</ele>
    </trkpt>
    <trkpt lat="43.270066" lon="5.402977">
        <ele>0.0</ele>
    </trkpt>
    <trkpt lat="43.270457" lon="5.402719">
        <ele>0.0</ele>
    </trkpt>
    <trkpt lat="43.270527" lon="5.40258">
        <ele>0.0</ele>
    </trkpt>
    <trkpt lat="43.270597" lon="5.402516">
        <ele>0.0</ele>
    </trkpt>
    <trkpt lat="43.270828" lon="5.402457">
        <ele>0.0</ele>
    </trkpt>
    <trkpt lat="43.270967" lon="5.402371">
        <ele>0.0</ele>
    </trkpt>
    <trkpt lat="43.271418" lon="5.401958">
        <ele>0.0</ele>
    </trkpt>
    <trkpt lat="43.271541" lon="5.401883">
        <ele>0.0</ele>
    </trkpt>
    <trkpt lat="43.271697" lon="5.401834">
        <ele>0.0</ele>
    </trkpt>
    <trkpt lat="43.271922" lon="5.401652">
        <ele>0.0</ele>
    </trkpt>
    <trkpt lat="43.27234" lon="5.401384">
        <ele>0.0</ele>
    </trkpt>
    <trkpt lat="43.272415" lon="5.401373">
        <ele>0.0</ele>
    </trkpt>
    <trkpt lat="43.272646" lon="5.401207">
        <ele>0.0</ele>
    </trkpt>
    <trkpt lat="43.27292" lon="5.401078">
        <ele>0.0</ele>
    </trkpt>
    <trkpt lat="43.273462" lon="5.400697">
        <ele>0.0</ele>
    </trkpt>
    <trkpt lat="43.273494" lon="5.400643">
        <ele>0.0</ele>
    </trkpt>
    <trkpt lat="43.273816" lon="5.400445">
        <ele>0.0</ele>
    </trkpt>
    <trkpt lat="43.273982" lon="5.400402">
        <ele>0.0</ele>
    </trkpt>
    <trkpt lat="43.274111" lon="5.400279">
        <ele>0.0</ele>
    </trkpt>
    <trkpt lat="43.274427" lon="5.40008">
        <ele>0.0</ele>
    </trkpt>
    <trkpt lat="43.274513" lon="5.400102">
        <ele>0.0</ele>
    </trkpt>
    <trkpt lat="43.274674" lon="5.400021">
        <ele>0.0</ele>
    </trkpt>
    <trkpt lat="43.274803" lon="5.400021">
        <ele>0.0</ele>
    </trkpt>
    <trkpt lat="43.275285" lon="5.399791">
        <ele>0.0</ele>
    </trkpt>
    <trkpt lat="43.27543" lon="5.399823">
        <ele>0.0</ele>
    </trkpt>
    <trkpt lat="43.275768" lon="5.399683">
        <ele>0.0</ele>
    </trkpt>
    <trkpt lat="43.275929" lon="5.399683">
        <ele>0.0</ele>
    </trkpt>
    <trkpt lat="43.276171" lon="5.399592">
        <ele>0.0</ele>
    </trkpt>
    <trkpt lat="43.276256" lon="5.399587">
        <ele>0.0</ele>
    </trkpt>
    <trkpt lat="43.276417" lon="5.399458">
        <ele>0.0</ele>
    </trkpt>
    <trkpt lat="43.276546" lon="5.399479">
        <ele>0.0</ele>
    </trkpt>
    <trkpt lat="43.27682" lon="5.399442">
        <ele>0.0</ele>
    </trkpt>
    <trkpt lat="43.277115" lon="5.399297">
        <ele>0.0</ele>
    </trkpt>
    <trkpt lat="43.277233" lon="5.399281">
        <ele>0.0</ele>
    </trkpt>
    <trkpt lat="43.277319" lon="5.399217">
        <ele>0.0</ele>
    </trkpt>
    <trkpt lat="43.277388" lon="5.399082">
        <ele>0.0</ele>
    </trkpt>
    <trkpt lat="43.277394" lon="5.398991">
        <ele>0.0</ele>
    </trkpt>
    <trkpt lat="43.27734" lon="5.398852">
        <ele>0.0</ele>
    </trkpt>
    <trkpt lat="43.277211" lon="5.398712">
        <ele>0.0</ele>
    </trkpt>
    <trkpt lat="43.277136" lon="5.398508">
        <ele>0.0</ele>
    </trkpt>
    <trkpt lat="43.276943" lon="5.398246">
        <ele>0.0</ele>
    </trkpt>
    <trkpt lat="43.276927" lon="5.398165">
        <ele>0.0</ele>
    </trkpt>
    <trkpt lat="43.276841" lon="5.398063">
        <ele>0.0</ele>
    </trkpt>
    <trkpt lat="43.276734" lon="5.397993">
        <ele>0.0</ele>
    </trkpt>
    <trkpt lat="43.276492" lon="5.397602">
        <ele>0.0</ele>
    </trkpt>
    <trkpt lat="43.276401" lon="5.397076">
        <ele>0.0</ele>
    </trkpt>
    <trkpt lat="43.276203" lon="5.396867">
        <ele>0.0</ele>
    </trkpt>
    <trkpt lat="43.276101" lon="5.396819">
        <ele>0.0</ele>
    </trkpt>
    <trkpt lat="43.275897" lon="5.396824">
        <ele>0.0</ele>
    </trkpt>
    <trkpt lat="43.275795" lon="5.396797">
        <ele>0.0</ele>
    </trkpt>
    <trkpt lat="43.275768" lon="5.396722">
        <ele>0.0</ele>
    </trkpt>
    <trkpt lat="43.275817" lon="5.396642">
        <ele>0.0</ele>
    </trkpt>
    <trkpt lat="43.275774" lon="5.396389">
        <ele>0.0</ele>
    </trkpt>
    <trkpt lat="43.275768" lon="5.396132">
        <ele>0.0</ele>
    </trkpt>
    <trkpt lat="43.275693" lon="5.39603">
        <ele>0.0</ele>
    </trkpt>
    <trkpt lat="43.27564" lon="5.396057">
        <ele>0.0</ele>
    </trkpt>
    <trkpt lat="43.275575" lon="5.396041">
        <ele>0.0</ele>
    </trkpt>
    <trkpt lat="43.275554" lon="5.395976">
        <ele>0.0</ele>
    </trkpt>
    <trkpt lat="43.275634" lon="5.395628">
        <ele>0.0</ele>
    </trkpt>
    <trkpt lat="43.275725" lon="5.395537">
        <ele>0.0</ele>
    </trkpt>
    <trkpt lat="43.275747" lon="5.39537">
        <ele>0.0</ele>
    </trkpt>
    <trkpt lat="43.275784" lon="5.395317">
        <ele>0.0</ele>
    </trkpt>
    <trkpt lat="43.275725" lon="5.395311">
        <ele>0.0</ele>
    </trkpt>
    <trkpt lat="43.275704" lon="5.395247">
        <ele>0.0</ele>
    </trkpt>
    <trkpt lat="43.275843" lon="5.395102">
        <ele>0.0</ele>
    </trkpt>
    <trkpt lat="43.275897" lon="5.395075">
        <ele>0.0</ele>
    </trkpt>
    <trkpt lat="43.275945" lon="5.395091">
        <ele>0.0</ele>
    </trkpt>
    <trkpt lat="43.276138" lon="5.394995">
        <ele>0.0</ele>
    </trkpt>
    <trkpt lat="43.276176" lon="5.39493">
        <ele>0.0</ele>
    </trkpt>
    <trkpt lat="43.276187" lon="5.394796">
        <ele>0.0</ele>
    </trkpt>
    <trkpt lat="43.276337" lon="5.394726">
        <ele>0.0</ele>
    </trkpt>
    <trkpt lat="43.276857" lon="5.393852">
        <ele>0.0</ele>
    </trkpt>
    <trkpt lat="43.276959" lon="5.393815">
        <ele>0.0</ele>
    </trkpt>
    <trkpt lat="43.277018" lon="5.393841">
        <ele>0.0</ele>
    </trkpt>
    <trkpt lat="43.277125" lon="5.393616">
        <ele>0.0</ele>
    </trkpt>
    <trkpt lat="43.277345" lon="5.393283">
        <ele>0.0</ele>
    </trkpt>
    <trkpt lat="43.277458" lon="5.393267">
        <ele>0.0</ele>
    </trkpt>
    <trkpt lat="43.277512" lon="5.393214">
        <ele>0.0</ele>
    </trkpt>
    <trkpt lat="43.277576" lon="5.393064">
        <ele>0.0</ele>
    </trkpt>
    <trkpt lat="43.277753" lon="5.392951">
        <ele>0.0</ele>
    </trkpt>
    <trkpt lat="43.277796" lon="5.392886">
        <ele>0.0</ele>
    </trkpt>
    <trkpt lat="43.27778" lon="5.392827">
        <ele>0.0</ele>
    </trkpt>
    <trkpt lat="43.277812" lon="5.392774">
        <ele>0.0</ele>
    </trkpt>
    <trkpt lat="43.277758" lon="5.392543">
        <ele>0.0</ele>
    </trkpt>
    <trkpt lat="43.277839" lon="5.39257">
        <ele>0.0</ele>
    </trkpt>
    <trkpt lat="43.277925" lon="5.392516">
        <ele>0.0</ele>
    </trkpt>
    <trkpt lat="43.277952" lon="5.392463">
        <ele>0.0</ele>
    </trkpt>
    <trkpt lat="43.278048" lon="5.392511">
        <ele>0.0</ele>
    </trkpt>
    <trkpt lat="43.27815" lon="5.392463">
        <ele>0.0</ele>
    </trkpt>
    <trkpt lat="43.278172" lon="5.392393">
        <ele>0.0</ele>
    </trkpt>
    <trkpt lat="43.278327" lon="5.392329">
        <ele>0.0</ele>
    </trkpt>
    <trkpt lat="43.278418" lon="5.39235">
        <ele>0.0</ele>
    </trkpt>
    <trkpt lat="43.27844" lon="5.392404">
        <ele>0.0</ele>
    </trkpt>
    <trkpt lat="43.278488" lon="5.392372">
        <ele>0.0</ele>
    </trkpt>
    <trkpt lat="43.278611" lon="5.392157">
        <ele>0.0</ele>
    </trkpt>
    <trkpt lat="43.278751" lon="5.392119">
        <ele>0.0</ele>
    </trkpt>
    <trkpt lat="43.278719" lon="5.39198">
        <ele>0.0</ele>
    </trkpt>
    <trkpt lat="43.278735" lon="5.391889">
        <ele>0.0</ele>
    </trkpt>
    <trkpt lat="43.278837" lon="5.39184">
        <ele>0.0</ele>
    </trkpt>
    <trkpt lat="43.278998" lon="5.391862">
        <ele>0.0</ele>
    </trkpt>
    <trkpt lat="43.279094" lon="5.391776">
        <ele>0.0</ele>
    </trkpt>
    <trkpt lat="43.279083" lon="5.391712">
        <ele>0.0</ele>
    </trkpt>
    <trkpt lat="43.279121" lon="5.391567">
        <ele>0.0</ele>
    </trkpt>
    <trkpt lat="43.279244" lon="5.391551">
        <ele>0.0</ele>
    </trkpt>
    <trkpt lat="43.279282" lon="5.391508">
        <ele>0.0</ele>
    </trkpt>
    <trkpt lat="43.279389" lon="5.391304">
        <ele>0.0</ele>
    </trkpt>
    <trkpt lat="43.279448" lon="5.391116">
        <ele>0.0</ele>
    </trkpt>
    <trkpt lat="43.279539" lon="5.391068">
        <ele>0.0</ele>
    </trkpt>
    <trkpt lat="43.279534" lon="5.391004">
        <ele>0.0</ele>
    </trkpt>
    <trkpt lat="43.279588" lon="5.39117">
        <ele>0.0</ele>
    </trkpt>
    <trkpt lat="43.279577" lon="5.391299">
        <ele>0.0</ele>
    </trkpt>
    <trkpt lat="43.279598" lon="5.391159">
        <ele>0.0</ele>
    </trkpt>
    <trkpt lat="43.27947" lon="5.391079">
        <ele>0.0</ele>
    </trkpt>
    <trkpt lat="43.279421" lon="5.391089">
        <ele>0.0</ele>
    </trkpt>
    <trkpt lat="43.279475" lon="5.391116">
        <ele>0.0</ele>
    </trkpt>
    <trkpt lat="43.27955" lon="5.390832">
        <ele>0.0</ele>
    </trkpt>
    <trkpt lat="43.279539" lon="5.390698">
        <ele>0.0</ele>
    </trkpt>
    <trkpt lat="43.279733" lon="5.390553">
        <ele>0.0</ele>
    </trkpt>
    <trkpt lat="43.279754" lon="5.390478">
        <ele>0.0</ele>
    </trkpt>
    <trkpt lat="43.279845" lon="5.39044">
        <ele>0.0</ele>
    </trkpt>
    <trkpt lat="43.279888" lon="5.390494">
        <ele>0.0</ele>
    </trkpt>
    <trkpt lat="43.279872" lon="5.390553">
        <ele>0.0</ele>
    </trkpt>
    <trkpt lat="43.279963" lon="5.390413">
        <ele>0.0</ele>
    </trkpt>
    <trkpt lat="43.28014" lon="5.390328">
        <ele>0.0</ele>
    </trkpt>
    <trkpt lat="43.280371" lon="5.39007">
        <ele>0.0</ele>
    </trkpt>
    <trkpt lat="43.280559" lon="5.389716">
        <ele>0.0</ele>
    </trkpt>
    <trkpt lat="43.280709" lon="5.389544">
        <ele>0.0</ele>
    </trkpt>
    <trkpt lat="43.280859" lon="5.389502">
        <ele>0.0</ele>
    </trkpt>
    <trkpt lat="43.2811" lon="5.389491">
        <ele>0.0</ele>
    </trkpt>
    <trkpt lat="43.281138" lon="5.389459">
        <ele>0.0</ele>
    </trkpt>
    <trkpt lat="43.281229" lon="5.389507">
        <ele>0.0</ele>
    </trkpt>
    <trkpt lat="43.281278" lon="5.389502">
        <ele>0.0</ele>
    </trkpt>
    <trkpt lat="43.281315" lon="5.389453">
        <ele>0.0</ele>
    </trkpt>
    <trkpt lat="43.281347" lon="5.3894">
        <ele>0.0</ele>
    </trkpt>
    <trkpt lat="43.281278" lon="5.389266">
        <ele>0.0</ele>
    </trkpt>
    <trkpt lat="43.281229" lon="5.389282">
        <ele>0.0</ele>
    </trkpt>
    <trkpt lat="43.281186" lon="5.389255">
        <ele>0.0</ele>
    </trkpt>
    <trkpt lat="43.281165" lon="5.38919">
        <ele>0.0</ele>
    </trkpt>
    <trkpt lat="43.281192" lon="5.389072">
        <ele>0.0</ele>
    </trkpt>
    <trkpt lat="43.281133" lon="5.388938">
        <ele>0.0</ele>
    </trkpt>
    <trkpt lat="43.2811" lon="5.388692">
        <ele>0.0</ele>
    </trkpt>
    <trkpt lat="43.28095" lon="5.388413">
        <ele>0.0</ele>
    </trkpt>
    <trkpt lat="43.281004" lon="5.388316">
        <ele>0.0</ele>
    </trkpt>
    <trkpt lat="43.28102" lon="5.38838">
        <ele>0.0</ele>
    </trkpt>
    <trkpt lat="43.281068" lon="5.388402">
        <ele>0.0</ele>
    </trkpt>
    <trkpt lat="43.281041" lon="5.388343">
        <ele>0.0</ele>
    </trkpt>
    <trkpt lat="43.280923" lon="5.388193">
        <ele>0.0</ele>
    </trkpt>
    <trkpt lat="43.280773" lon="5.388064">
        <ele>0.0</ele>
    </trkpt>
    <trkpt lat="43.280559" lon="5.388021">
        <ele>0.0</ele>
    </trkpt>
    <trkpt lat="43.280435" lon="5.387941">
        <ele>0.0</ele>
    </trkpt>
    <trkpt lat="43.280392" lon="5.387887">
        <ele>0.0</ele>
    </trkpt>
    <trkpt lat="43.280376" lon="5.38779">
        <ele>0.0</ele>
    </trkpt>
    <trkpt lat="43.280328" lon="5.387758">
        <ele>0.0</ele>
    </trkpt>
    <trkpt lat="43.280317" lon="5.387662">
        <ele>0.0</ele>
    </trkpt>
    <trkpt lat="43.280408" lon="5.387495">
        <ele>0.0</ele>
    </trkpt>
    <trkpt lat="43.280467" lon="5.387468">
        <ele>0.0</ele>
    </trkpt>
    <trkpt lat="43.280516" lon="5.387485">
        <ele>0.0</ele>
    </trkpt>
    <trkpt lat="43.280553" lon="5.387447">
        <ele>0.0</ele>
    </trkpt>
    <trkpt lat="43.280746" lon="5.387066">
        <ele>0.0</ele>
    </trkpt>
    <trkpt lat="43.281004" lon="5.386803">
        <ele>0.0</ele>
    </trkpt>
    <trkpt lat="43.281143" lon="5.386734">
        <ele>0.0</ele>
    </trkpt>
    <trkpt lat="43.281556" lon="5.386422">
        <ele>0.0</ele>
    </trkpt>
    <trkpt lat="43.281626" lon="5.386487">
        <ele>0.0</ele>
    </trkpt>
    <trkpt lat="43.281674" lon="5.386492">
        <ele>0.0</ele>
    </trkpt>
    <trkpt lat="43.281905" lon="5.386326">
        <ele>0.0</ele>
    </trkpt>
    <trkpt lat="43.282018" lon="5.386363">
        <ele>0.0</ele>
    </trkpt>
    <trkpt lat="43.282265" lon="5.386256">
        <ele>0.0</ele>
    </trkpt>
    <trkpt lat="43.282415" lon="5.386138">
        <ele>0.0</ele>
    </trkpt>
    <trkpt lat="43.28278" lon="5.385999">
        <ele>0.0</ele>
    </trkpt>
    <trkpt lat="43.283032" lon="5.385763">
        <ele>0.0</ele>
    </trkpt>
    <trkpt lat="43.283193" lon="5.385682">
        <ele>0.0</ele>
    </trkpt>
    <trkpt lat="43.283729" lon="5.385269">
        <ele>0.0</ele>
    </trkpt>
    <trkpt lat="43.283949" lon="5.385162">
        <ele>0.0</ele>
    </trkpt>
    <trkpt lat="43.284105" lon="5.385199">
        <ele>0.0</ele>
    </trkpt>
    <trkpt lat="43.284528" lon="5.384904">
        <ele>0.0</ele>
    </trkpt>
    <trkpt lat="43.284662" lon="5.384861">
        <ele>0.0</ele>
    </trkpt>
    <trkpt lat="43.284748" lon="5.384759">
        <ele>0.0</ele>
    </trkpt>
    <trkpt lat="43.284861" lon="5.384695">
        <ele>0.0</ele>
    </trkpt>
    <trkpt lat="43.285183" lon="5.384593">
        <ele>0.0</ele>
    </trkpt>
    <trkpt lat="43.28529" lon="5.384523">
        <ele>0.0</ele>
    </trkpt>
    <trkpt lat="43.28536" lon="5.384556">
        <ele>0.0</ele>
    </trkpt>
    <trkpt lat="43.285413" lon="5.384545">
        <ele>0.0</ele>
    </trkpt>
    <trkpt lat="43.285472" lon="5.384427">
        <ele>0.0</ele>
    </trkpt>
    <trkpt lat="43.285521" lon="5.3844">
        <ele>0.0</ele>
    </trkpt>
    <trkpt lat="43.285537" lon="5.38433">
        <ele>0.0</ele>
    </trkpt>
    <trkpt lat="43.285591" lon="5.38432">
        <ele>0.0</ele>
    </trkpt>
    <trkpt lat="43.285633" lon="5.384346">
        <ele>0.0</ele>
    </trkpt>
    <trkpt lat="43.285676" lon="5.384325">
        <ele>0.0</ele>
    </trkpt>
    <trkpt lat="43.285714" lon="5.384202">
        <ele>0.0</ele>
    </trkpt>
    <trkpt lat="43.285692" lon="5.384142">
        <ele>0.0</ele>
    </trkpt>
    <trkpt lat="43.285757" lon="5.384142">
        <ele>0.0</ele>
    </trkpt>
    <trkpt lat="43.285859" lon="5.384196">
        <ele>0.0</ele>
    </trkpt>
    <trkpt lat="43.28581" lon="5.38418">
        <ele>0.0</ele>
    </trkpt>
    <trkpt lat="43.285853" lon="5.384164">
        <ele>0.0</ele>
    </trkpt>
    <trkpt lat="43.285757" lon="5.384132">
        <ele>0.0</ele>
    </trkpt>
    <trkpt lat="43.28573" lon="5.384067">
        <ele>0.0</ele>
    </trkpt>
    <trkpt lat="43.285896" lon="5.384159">
        <ele>0.0</ele>
    </trkpt>
    <trkpt lat="43.285977" lon="5.384148">
        <ele>0.0</ele>
    </trkpt>
    <trkpt lat="43.286127" lon="5.383971">
        <ele>0.0</ele>
    </trkpt>
    <trkpt lat="43.286095" lon="5.384073">
        <ele>0.0</ele>
    </trkpt>
    <trkpt lat="43.286138" lon="5.384711">
        <ele>0.0</ele>
    </trkpt>
    <trkpt lat="43.286063" lon="5.384668">
        <ele>0.0</ele>
    </trkpt>
    <trkpt lat="43.286004" lon="5.384711">
        <ele>0.0</ele>
    </trkpt>
    <trkpt lat="43.286057" lon="5.384808">
        <ele>0.0</ele>
    </trkpt>
  </trkseg>
</trk>
<trk>
  <name>2011/09/09 08:35:00</name>
  <extensions>
  </extensions>
  <trkseg>
    <trkpt lat="43.288766" lon="5.384175">
        <ele>0.0</ele>
    </trkpt>
    <trkpt lat="43.288809" lon="5.384105">
        <ele>0.0</ele>
    </trkpt>
    <trkpt lat="43.288927" lon="5.384067">
        <ele>0.0</ele>
    </trkpt>
    <trkpt lat="43.288992" lon="5.383987">
        <ele>0.0</ele>
    </trkpt>
    <trkpt lat="43.28904" lon="5.38396">
        <ele>0.0</ele>
    </trkpt>
    <trkpt lat="43.289056" lon="5.384116">
        <ele>0.0</ele>
    </trkpt>
    <trkpt lat="43.290451" lon="5.383268">
        <ele>0.0</ele>
    </trkpt>
    <trkpt lat="43.290622" lon="5.383418">
        <ele>0.0</ele>
    </trkpt>
    <trkpt lat="43.29066" lon="5.383343">
        <ele>0.0</ele>
    </trkpt>
    <trkpt lat="43.290885" lon="5.383161">
        <ele>0.0</ele>
    </trkpt>
    <trkpt lat="43.290901" lon="5.383102">
        <ele>0.0</ele>
    </trkpt>
    <trkpt lat="43.290944" lon="5.38308">
        <ele>0.0</ele>
    </trkpt>
    <trkpt lat="43.29103" lon="5.383123">
        <ele>0.0</ele>
    </trkpt>
    <trkpt lat="43.291143" lon="5.383123">
        <ele>0.0</ele>
    </trkpt>
    <trkpt lat="43.291186" lon="5.383096">
        <ele>0.0</ele>
    </trkpt>
    <trkpt lat="43.291314" lon="5.383113">
        <ele>0.0</ele>
    </trkpt>
    <trkpt lat="43.291427" lon="5.383048">
        <ele>0.0</ele>
    </trkpt>
    <trkpt lat="43.291652" lon="5.383043">
        <ele>0.0</ele>
    </trkpt>
    <trkpt lat="43.291813" lon="5.383005">
        <ele>0.0</ele>
    </trkpt>
    <trkpt lat="43.29191" lon="5.383054">
        <ele>0.0</ele>
    </trkpt>
    <trkpt lat="43.292237" lon="5.382834">
        <ele>0.0</ele>
    </trkpt>
    <trkpt lat="43.292296" lon="5.382828">
        <ele>0.0</ele>
    </trkpt>
    <trkpt lat="43.292403" lon="5.382683">
        <ele>0.0</ele>
    </trkpt>
    <trkpt lat="43.292457" lon="5.382651">
        <ele>0.0</ele>
    </trkpt>
    <trkpt lat="43.29265" lon="5.382624">
        <ele>0.0</ele>
    </trkpt>
    <trkpt lat="43.292731" lon="5.382587">
        <ele>0.0</ele>
    </trkpt>
    <trkpt lat="43.292843" lon="5.382474">
        <ele>0.0</ele>
    </trkpt>
    <trkpt lat="43.293015" lon="5.38241">
        <ele>0.0</ele>
    </trkpt>
    <trkpt lat="43.293133" lon="5.382415">
        <ele>0.0</ele>
    </trkpt>
    <trkpt lat="43.293192" lon="5.382356">
        <ele>0.0</ele>
    </trkpt>
    <trkpt lat="43.293482" lon="5.38227">
        <ele>0.0</ele>
    </trkpt>
    <trkpt lat="43.294259" lon="5.381911">
        <ele>0.0</ele>
    </trkpt>
    <trkpt lat="43.294506" lon="5.38183">
        <ele>0.0</ele>
    </trkpt>
    <trkpt lat="43.294549" lon="5.381879">
        <ele>0.0</ele>
    </trkpt>
    <trkpt lat="43.295032" lon="5.381664">
        <ele>0.0</ele>
    </trkpt>
    <trkpt lat="43.29508" lon="5.381669">
        <ele>0.0</ele>
    </trkpt>
    <trkpt lat="43.295348" lon="5.381578">
        <ele>0.0</ele>
    </trkpt>
    <trkpt lat="43.295386" lon="5.381535">
        <ele>0.0</ele>
    </trkpt>
    <trkpt lat="43.295488" lon="5.381498">
        <ele>0.0</ele>
    </trkpt>
    <trkpt lat="43.295788" lon="5.381417">
        <ele>0.0</ele>
    </trkpt>
    <trkpt lat="43.295971" lon="5.381584">
        <ele>0.0</ele>
    </trkpt>
    <trkpt lat="43.296003" lon="5.381653">
        <ele>0.0</ele>
    </trkpt>
    <trkpt lat="43.296223" lon="5.3816">
        <ele>0.0</ele>
    </trkpt>
    <trkpt lat="43.296464" lon="5.381396">
        <ele>0.0</ele>
    </trkpt>
    <trkpt lat="43.29655" lon="5.381455">
        <ele>0.0</ele>
    </trkpt>
    <trkpt lat="43.296727" lon="5.381353">
        <ele>0.0</ele>
    </trkpt>
    <trkpt lat="43.296883" lon="5.381348">
        <ele>0.0</ele>
    </trkpt>
    <trkpt lat="43.297011" lon="5.381155">
        <ele>0.0</ele>
    </trkpt>
    <trkpt lat="43.297269" lon="5.380972">
        <ele>0.0</ele>
    </trkpt>
    <trkpt lat="43.297435" lon="5.380967">
        <ele>0.0</ele>
    </trkpt>
    <trkpt lat="43.297569" lon="5.381122">
        <ele>0.0</ele>
    </trkpt>
    <trkpt lat="43.297644" lon="5.381155">
        <ele>0.0</ele>
    </trkpt>
    <trkpt lat="43.297768" lon="5.381289">
        <ele>0.0</ele>
    </trkpt>
    <trkpt lat="43.297923" lon="5.381224">
        <ele>0.0</ele>
    </trkpt>
    <trkpt lat="43.298041" lon="5.381096">
        <ele>0.0</ele>
    </trkpt>
    <trkpt lat="43.2981" lon="5.381096">
        <ele>0.0</ele>
    </trkpt>
    <trkpt lat="43.298181" lon="5.381036">
        <ele>0.0</ele>
    </trkpt>
    <trkpt lat="43.298358" lon="5.38101">
        <ele>0.0</ele>
    </trkpt>
    <trkpt lat="43.298492" lon="5.380849">
        <ele>0.0</ele>
    </trkpt>
    <trkpt lat="43.298685" lon="5.380752">
        <ele>0.0</ele>
    </trkpt>
    <trkpt lat="43.298857" lon="5.380854">
        <ele>0.0</ele>
    </trkpt>
    <trkpt lat="43.298964" lon="5.380983">
        <ele>0.0</ele>
    </trkpt>
    <trkpt lat="43.299141" lon="5.381053">
        <ele>0.0</ele>
    </trkpt>
    <trkpt lat="43.299313" lon="5.381026">
        <ele>0.0</ele>
    </trkpt>
    <trkpt lat="43.299463" lon="5.380908">
        <ele>0.0</ele>
    </trkpt>
    <trkpt lat="43.299581" lon="5.380902">
        <ele>0.0</ele>
    </trkpt>
    <trkpt lat="43.299667" lon="5.380843">
        <ele>0.0</ele>
    </trkpt>
    <trkpt lat="43.299731" lon="5.380892">
        <ele>0.0</ele>
    </trkpt>
    <trkpt lat="43.300032" lon="5.380763">
        <ele>0.0</ele>
    </trkpt>
    <trkpt lat="43.300117" lon="5.380672">
        <ele>0.0</ele>
    </trkpt>
    <trkpt lat="43.300192" lon="5.380715">
        <ele>0.0</ele>
    </trkpt>
    <trkpt lat="43.300359" lon="5.380682">
        <ele>0.0</ele>
    </trkpt>
    <trkpt lat="43.300418" lon="5.380865">
        <ele>0.0</ele>
    </trkpt>
    <trkpt lat="43.300573" lon="5.380795">
        <ele>0.0</ele>
    </trkpt>
    <trkpt lat="43.30067" lon="5.38087">
        <ele>0.0</ele>
    </trkpt>
    <trkpt lat="43.300793" lon="5.380902">
        <ele>0.0</ele>
    </trkpt>
    <trkpt lat="43.300874" lon="5.380881">
        <ele>0.0</ele>
    </trkpt>
    <trkpt lat="43.301008" lon="5.380758">
        <ele>0.0</ele>
    </trkpt>
    <trkpt lat="43.301346" lon="5.380699">
        <ele>0.0</ele>
    </trkpt>
    <trkpt lat="43.301389" lon="5.38072">
        <ele>0.0</ele>
    </trkpt>
    <trkpt lat="43.302102" lon="5.380591">
        <ele>0.0</ele>
    </trkpt>
    <trkpt lat="43.302236" lon="5.380661">
        <ele>0.0</ele>
    </trkpt>
  </trkseg>
</trk>
<trk>
  <name>2011/09/09 23:06:00</name>
  <extensions>
  </extensions>
  <trkseg>
    <trkpt lat="43.61076" lon="1.452416">
        <ele>0.0</ele>
    </trkpt>
    <trkpt lat="43.610975" lon="1.453043">
        <ele>0.0</ele>
    </trkpt>
    <trkpt lat="43.611034" lon="1.453301">
        <ele>0.0</ele>
    </trkpt>
    <trkpt lat="43.610841" lon="1.453194">
        <ele>0.0</ele>
    </trkpt>
    <trkpt lat="43.610787" lon="1.453204">
        <ele>0.0</ele>
    </trkpt>
    <trkpt lat="43.610755" lon="1.453274">
        <ele>0.0</ele>
    </trkpt>
    <trkpt lat="43.610621" lon="1.453371">
        <ele>0.0</ele>
    </trkpt>
    <trkpt lat="43.61046" lon="1.453424">
        <ele>0.0</ele>
    </trkpt>
    <trkpt lat="43.610358" lon="1.453408">
        <ele>0.0</ele>
    </trkpt>
    <trkpt lat="43.610411" lon="1.453392">
        <ele>0.0</ele>
    </trkpt>
    <trkpt lat="43.61054" lon="1.453247">
        <ele>0.0</ele>
    </trkpt>
    <trkpt lat="43.610626" lon="1.453231">
        <ele>0.0</ele>
    </trkpt>
    <trkpt lat="43.61068" lon="1.453129">
        <ele>0.0</ele>
    </trkpt>
    <trkpt lat="43.610803" lon="1.453124">
        <ele>0.0</ele>
    </trkpt>
    <trkpt lat="43.610959" lon="1.453059">
        <ele>0.0</ele>
    </trkpt>
    <trkpt lat="43.611012" lon="1.453081">
        <ele>0.0</ele>
    </trkpt>
    <trkpt lat="43.611227" lon="1.453059">
        <ele>0.0</ele>
    </trkpt>
    <trkpt lat="43.611323" lon="1.452941">
        <ele>0.0</ele>
    </trkpt>
    <trkpt lat="43.61142" lon="1.452898">
        <ele>0.0</ele>
    </trkpt>
    <trkpt lat="43.611463" lon="1.452759">
        <ele>0.0</ele>
    </trkpt>
    <trkpt lat="43.611431" lon="1.452609">
        <ele>0.0</ele>
    </trkpt>
    <trkpt lat="43.611484" lon="1.452485">
        <ele>0.0</ele>
    </trkpt>
    <trkpt lat="43.611683" lon="1.45233">
        <ele>0.0</ele>
    </trkpt>
    <trkpt lat="43.611726" lon="1.452244">
        <ele>0.0</ele>
    </trkpt>
    <trkpt lat="43.611962" lon="1.452094">
        <ele>0.0</ele>
    </trkpt>
    <trkpt lat="43.612214" lon="1.451842">
        <ele>0.0</ele>
    </trkpt>
    <trkpt lat="43.61245" lon="1.451708">
        <ele>0.0</ele>
    </trkpt>
    <trkpt lat="43.61253" lon="1.451616">
        <ele>0.0</ele>
    </trkpt>
    <trkpt lat="43.612648" lon="1.451552">
        <ele>0.0</ele>
    </trkpt>
    <trkpt lat="43.612772" lon="1.451359">
        <ele>0.0</ele>
    </trkpt>
    <trkpt lat="43.612911" lon="1.451284">
        <ele>0.0</ele>
    </trkpt>
    <trkpt lat="43.613002" lon="1.451171">
        <ele>0.0</ele>
    </trkpt>
    <trkpt lat="43.613099" lon="1.451123">
        <ele>0.0</ele>
    </trkpt>
    <trkpt lat="43.613356" lon="1.451091">
        <ele>0.0</ele>
    </trkpt>
    <trkpt lat="43.613491" lon="1.450994">
        <ele>0.0</ele>
    </trkpt>
    <trkpt lat="43.613619" lon="1.450758">
        <ele>0.0</ele>
    </trkpt>
    <trkpt lat="43.613614" lon="1.450608">
        <ele>0.0</ele>
    </trkpt>
    <trkpt lat="43.613662" lon="1.450603">
        <ele>0.0</ele>
    </trkpt>
    <trkpt lat="43.613732" lon="1.450651">
        <ele>0.0</ele>
    </trkpt>
    <trkpt lat="43.613861" lon="1.45049">
        <ele>0.0</ele>
    </trkpt>
    <trkpt lat="43.613834" lon="1.450334">
        <ele>0.0</ele>
    </trkpt>
    <trkpt lat="43.61393" lon="1.450039">
        <ele>0.0</ele>
    </trkpt>
    <trkpt lat="43.614204" lon="1.449712">
        <ele>0.0</ele>
    </trkpt>
    <trkpt lat="43.614386" lon="1.44924">
        <ele>0.0</ele>
    </trkpt>
    <trkpt lat="43.614392" lon="1.449122">
        <ele>0.0</ele>
    </trkpt>
    <trkpt lat="43.614719" lon="1.448596">
        <ele>0.0</ele>
    </trkpt>
    <trkpt lat="43.615019" lon="1.447952">
        <ele>0.0</ele>
    </trkpt>
    <trkpt lat="43.615116" lon="1.447877">
        <ele>0.0</ele>
    </trkpt>
    <trkpt lat="43.615191" lon="1.447733">
        <ele>0.0</ele>
    </trkpt>
    <trkpt lat="43.615277" lon="1.447475">
        <ele>0.0</ele>
    </trkpt>
    <trkpt lat="43.615266" lon="1.447207">
        <ele>0.0</ele>
    </trkpt>
    <trkpt lat="43.615325" lon="1.446547">
        <ele>0.0</ele>
    </trkpt>
    <trkpt lat="43.615288" lon="1.446247">
        <ele>0.0</ele>
    </trkpt>
    <trkpt lat="43.615245" lon="1.446198">
        <ele>0.0</ele>
    </trkpt>
    <trkpt lat="43.615223" lon="1.44608">
        <ele>0.0</ele>
    </trkpt>
    <trkpt lat="43.615213" lon="1.445544">
        <ele>0.0</ele>
    </trkpt>
    <trkpt lat="43.615111" lon="1.444852">
        <ele>0.0</ele>
    </trkpt>
    <trkpt lat="43.61496" lon="1.444149">
        <ele>0.0</ele>
    </trkpt>
    <trkpt lat="43.614971" lon="1.443666">
        <ele>0.0</ele>
    </trkpt>
    <trkpt lat="43.614944" lon="1.443125">
        <ele>0.0</ele>
    </trkpt>
    <trkpt lat="43.61503" lon="1.442331">
        <ele>0.0</ele>
    </trkpt>
    <trkpt lat="43.615314" lon="1.441172">
        <ele>0.0</ele>
    </trkpt>
    <trkpt lat="43.61547" lon="1.440866">
        <ele>0.0</ele>
    </trkpt>
    <trkpt lat="43.61547" lon="1.440775">
        <ele>0.0</ele>
    </trkpt>
    <trkpt lat="43.615754" lon="1.439895">
        <ele>0.0</ele>
    </trkpt>
    <trkpt lat="43.615888" lon="1.439627">
        <ele>0.0</ele>
    </trkpt>
    <trkpt lat="43.61599" lon="1.439316">
        <ele>0.0</ele>
    </trkpt>
    <trkpt lat="43.616012" lon="1.439048">
        <ele>0.0</ele>
    </trkpt>
    <trkpt lat="43.616082" lon="1.438672">
        <ele>0.0</ele>
    </trkpt>
    <trkpt lat="43.616119" lon="1.438608">
        <ele>0.0</ele>
    </trkpt>
    <trkpt lat="43.616092" lon="1.438527">
        <ele>0.0</ele>
    </trkpt>
    <trkpt lat="43.616076" lon="1.438195">
        <ele>0.0</ele>
    </trkpt>
    <trkpt lat="43.616033" lon="1.438114">
        <ele>0.0</ele>
    </trkpt>
    <trkpt lat="43.61598" lon="1.43776">
        <ele>0.0</ele>
    </trkpt>
    <trkpt lat="43.616001" lon="1.437519">
        <ele>0.0</ele>
    </trkpt>
    <trkpt lat="43.616312" lon="1.437374">
        <ele>0.0</ele>
    </trkpt>
    <trkpt lat="43.616457" lon="1.437224">
        <ele>0.0</ele>
    </trkpt>
    <trkpt lat="43.616698" lon="1.437175">
        <ele>0.0</ele>
    </trkpt>
    <trkpt lat="43.617444" lon="1.436875">
        <ele>0.0</ele>
    </trkpt>
    <trkpt lat="43.61753" lon="1.436811">
        <ele>0.0</ele>
    </trkpt>
    <trkpt lat="43.618083" lon="1.436682">
        <ele>0.0</ele>
    </trkpt>
    <trkpt lat="43.618415" lon="1.436564">
        <ele>0.0</ele>
    </trkpt>
    <trkpt lat="43.618764" lon="1.436414">
        <ele>0.0</ele>
    </trkpt>
    <trkpt lat="43.61908" lon="1.436199">
        <ele>0.0</ele>
    </trkpt>
    <trkpt lat="43.61923" lon="1.436237">
        <ele>0.0</ele>
    </trkpt>
    <trkpt lat="43.619429" lon="1.436172">
        <ele>0.0</ele>
    </trkpt>
    <trkpt lat="43.619767" lon="1.435984">
        <ele>0.0</ele>
    </trkpt>
    <trkpt lat="43.620142" lon="1.435974">
        <ele>0.0</ele>
    </trkpt>
    <trkpt lat="43.62055" lon="1.435818">
        <ele>0.0</ele>
    </trkpt>
    <trkpt lat="43.621274" lon="1.435437">
        <ele>0.0</ele>
    </trkpt>
    <trkpt lat="43.621478" lon="1.435244">
        <ele>0.0</ele>
    </trkpt>
    <trkpt lat="43.62187" lon="1.43511">
        <ele>0.0</ele>
    </trkpt>
    <trkpt lat="43.621923" lon="1.435062">
        <ele>0.0</ele>
    </trkpt>
    <trkpt lat="43.621977" lon="1.435062">
        <ele>0.0</ele>
    </trkpt>
    <trkpt lat="43.622127" lon="1.434938">
        <ele>0.0</ele>
    </trkpt>
    <trkpt lat="43.62224" lon="1.434777">
        <ele>0.0</ele>
    </trkpt>
    <trkpt lat="43.622514" lon="1.434751">
        <ele>0.0</ele>
    </trkpt>
    <trkpt lat="43.622615" lon="1.434681">
        <ele>0.0</ele>
    </trkpt>
    <trkpt lat="43.623147" lon="1.434499">
        <ele>0.0</ele>
    </trkpt>
    <trkpt lat="43.623624" lon="1.434257">
        <ele>0.0</ele>
    </trkpt>
    <trkpt lat="43.623742" lon="1.434139">
        <ele>0.0</ele>
    </trkpt>
    <trkpt lat="43.624278" lon="1.434268">
        <ele>0.0</ele>
    </trkpt>
    <trkpt lat="43.624724" lon="1.434203">
        <ele>0.0</ele>
    </trkpt>
    <trkpt lat="43.624847" lon="1.434075">
        <ele>0.0</ele>
    </trkpt>
    <trkpt lat="43.624933" lon="1.434043">
        <ele>0.0</ele>
    </trkpt>
    <trkpt lat="43.625137" lon="1.434048">
        <ele>0.0</ele>
    </trkpt>
    <trkpt lat="43.625314" lon="1.434102">
        <ele>0.0</ele>
    </trkpt>
    <trkpt lat="43.625791" lon="1.434075">
        <ele>0.0</ele>
    </trkpt>
    <trkpt lat="43.625995" lon="1.434139">
        <ele>0.0</ele>
    </trkpt>
    <trkpt lat="43.626108" lon="1.434032">
        <ele>0.0</ele>
    </trkpt>
    <trkpt lat="43.62643" lon="1.433914">
        <ele>0.0</ele>
    </trkpt>
    <trkpt lat="43.626682" lon="1.433887">
        <ele>0.0</ele>
    </trkpt>
    <trkpt lat="43.626961" lon="1.433984">
        <ele>0.0</ele>
    </trkpt>
    <trkpt lat="43.62702" lon="1.433941">
        <ele>0.0</ele>
    </trkpt>
    <trkpt lat="43.627122" lon="1.433683">
        <ele>0.0</ele>
    </trkpt>
    <trkpt lat="43.627299" lon="1.433517">
        <ele>0.0</ele>
    </trkpt>
    <trkpt lat="43.627374" lon="1.433522">
        <ele>0.0</ele>
    </trkpt>
    <trkpt lat="43.62762" lon="1.433452">
        <ele>0.0</ele>
    </trkpt>
    <trkpt lat="43.628076" lon="1.43327">
        <ele>0.0</ele>
    </trkpt>
    <trkpt lat="43.628693" lon="1.433088">
        <ele>0.0</ele>
    </trkpt>
    <trkpt lat="43.628924" lon="1.432975">
        <ele>0.0</ele>
    </trkpt>
    <trkpt lat="43.62938" lon="1.43283">
        <ele>0.0</ele>
    </trkpt>
    <trkpt lat="43.629675" lon="1.432701">
        <ele>0.0</ele>
    </trkpt>
    <trkpt lat="43.630142" lon="1.4326">
        <ele>0.0</ele>
    </trkpt>
    <trkpt lat="43.630721" lon="1.432353">
        <ele>0.0</ele>
    </trkpt>
    <trkpt lat="43.630887" lon="1.432331">
        <ele>0.0</ele>
    </trkpt>
    <trkpt lat="43.632014" lon="1.431967">
        <ele>0.0</ele>
    </trkpt>
    <trkpt lat="43.632545" lon="1.431757">
        <ele>0.0</ele>
    </trkpt>
    <trkpt lat="43.632658" lon="1.431682">
        <ele>0.0</ele>
    </trkpt>
    <trkpt lat="43.632888" lon="1.431645">
        <ele>0.0</ele>
    </trkpt>
    <trkpt lat="43.633977" lon="1.431253">
        <ele>0.0</ele>
    </trkpt>
    <trkpt lat="43.634272" lon="1.431189">
        <ele>0.0</ele>
    </trkpt>
    <trkpt lat="43.634659" lon="1.431028">
        <ele>0.0</ele>
    </trkpt>
    <trkpt lat="43.634712" lon="1.430979">
        <ele>0.0</ele>
    </trkpt>
    <trkpt lat="43.635104" lon="1.430851">
        <ele>0.0</ele>
    </trkpt>
    <trkpt lat="43.635179" lon="1.430861">
        <ele>0.0</ele>
    </trkpt>
    <trkpt lat="43.635329" lon="1.430765">
        <ele>0.0</ele>
    </trkpt>
    <trkpt lat="43.635538" lon="1.430711">
        <ele>0.0</ele>
    </trkpt>
    <trkpt lat="43.63564" lon="1.430647">
        <ele>0.0</ele>
    </trkpt>
    <trkpt lat="43.636171" lon="1.430545">
        <ele>0.0</ele>
    </trkpt>
    <trkpt lat="43.636364" lon="1.430395">
        <ele>0.0</ele>
    </trkpt>
    <trkpt lat="43.636606" lon="1.430368">
        <ele>0.0</ele>
    </trkpt>
    <trkpt lat="43.636767" lon="1.430293">
        <ele>0.0</ele>
    </trkpt>
    <trkpt lat="43.636938" lon="1.430325">
        <ele>0.0</ele>
    </trkpt>
    <trkpt lat="43.63711" lon="1.430304">
        <ele>0.0</ele>
    </trkpt>
    <trkpt lat="43.63725" lon="1.430164">
        <ele>0.0</ele>
    </trkpt>
    <trkpt lat="43.637384" lon="1.4301">
        <ele>0.0</ele>
    </trkpt>
    <trkpt lat="43.639803" lon="1.429284">
        <ele>0.0</ele>
    </trkpt>
    <trkpt lat="43.640184" lon="1.429182">
        <ele>0.0</ele>
    </trkpt>
    <trkpt lat="43.641198" lon="1.428764">
        <ele>0.0</ele>
    </trkpt>
    <trkpt lat="43.642099" lon="1.428458">
        <ele>0.0</ele>
    </trkpt>
    <trkpt lat="43.642625" lon="1.428233">
        <ele>0.0</ele>
    </trkpt>
    <trkpt lat="43.642721" lon="1.428142">
        <ele>0.0</ele>
    </trkpt>
    <trkpt lat="43.642871" lon="1.428093">
        <ele>0.0</ele>
    </trkpt>
    <trkpt lat="43.643011" lon="1.427975">
        <ele>0.0</ele>
    </trkpt>
    <trkpt lat="43.643247" lon="1.427943">
        <ele>0.0</ele>
    </trkpt>
    <trkpt lat="43.643456" lon="1.427965">
        <ele>0.0</ele>
    </trkpt>
    <trkpt lat="43.643703" lon="1.42789">
        <ele>0.0</ele>
    </trkpt>
    <trkpt lat="43.644062" lon="1.427718">
        <ele>0.0</ele>
    </trkpt>
    <trkpt lat="43.644395" lon="1.427648">
        <ele>0.0</ele>
    </trkpt>
    <trkpt lat="43.644572" lon="1.427573">
        <ele>0.0</ele>
    </trkpt>
    <trkpt lat="43.644878" lon="1.427385">
        <ele>0.0</ele>
    </trkpt>
    <trkpt lat="43.645103" lon="1.427208">
        <ele>0.0</ele>
    </trkpt>
    <trkpt lat="43.646036" lon="1.426232">
        <ele>0.0</ele>
    </trkpt>
    <trkpt lat="43.646321" lon="1.426012">
        <ele>0.0</ele>
    </trkpt>
    <trkpt lat="43.646825" lon="1.42576">
        <ele>0.0</ele>
    </trkpt>
    <trkpt lat="43.646986" lon="1.425749">
        <ele>0.0</ele>
    </trkpt>
    <trkpt lat="43.647131" lon="1.425797">
        <ele>0.0</ele>
    </trkpt>
    <trkpt lat="43.647378" lon="1.425948">
        <ele>0.0</ele>
    </trkpt>
    <trkpt lat="43.647453" lon="1.426082">
        <ele>0.0</ele>
    </trkpt>
    <trkpt lat="43.647603" lon="1.42621">
        <ele>0.0</ele>
    </trkpt>
    <trkpt lat="43.647764" lon="1.42621">
        <ele>0.0</ele>
    </trkpt>
    <trkpt lat="43.647866" lon="1.42606">
        <ele>0.0</ele>
    </trkpt>
    <trkpt lat="43.647919" lon="1.425846">
        <ele>0.0</ele>
    </trkpt>
    <trkpt lat="43.647844" lon="1.425647">
        <ele>0.0</ele>
    </trkpt>
    <trkpt lat="43.647705" lon="1.425476">
        <ele>0.0</ele>
    </trkpt>
    <trkpt lat="43.647673" lon="1.425315">
        <ele>0.0</ele>
    </trkpt>
    <trkpt lat="43.647834" lon="1.42532">
        <ele>0.0</ele>
    </trkpt>
  </trkseg>
</trk>
<trk>
  <name>2011/09/09 23:06:00</name>
  <extensions>
  </extensions>
  <trkseg>
    <trkpt lat="43.646391" lon="1.419119">
        <ele>0.0</ele>
    </trkpt>
    <trkpt lat="43.646358" lon="1.418722">
        <ele>0.0</ele>
    </trkpt>
    <trkpt lat="43.646412" lon="1.418727">
        <ele>0.0</ele>
    </trkpt>
    <trkpt lat="43.646364" lon="1.418738">
        <ele>0.0</ele>
    </trkpt>
    <trkpt lat="43.646412" lon="1.41869">
        <ele>0.0</ele>
    </trkpt>
    <trkpt lat="43.646605" lon="1.41869">
        <ele>0.0</ele>
    </trkpt>
    <trkpt lat="43.64683" lon="1.418743">
        <ele>0.0</ele>
    </trkpt>
    <trkpt lat="43.646986" lon="1.418813">
        <ele>0.0</ele>
    </trkpt>
    <trkpt lat="43.647002" lon="1.418749">
        <ele>0.0</ele>
    </trkpt>
    <trkpt lat="43.64668" lon="1.418582">
        <ele>0.0</ele>
    </trkpt>
    <trkpt lat="43.646407" lon="1.418609">
        <ele>0.0</ele>
    </trkpt>
    <trkpt lat="43.645285" lon="1.419435">
        <ele>0.0</ele>
    </trkpt>
    <trkpt lat="43.645162" lon="1.419489">
        <ele>0.0</ele>
    </trkpt>
    <trkpt lat="43.645017" lon="1.419414">
        <ele>0.0</ele>
    </trkpt>
    <trkpt lat="43.644556" lon="1.418824">
        <ele>0.0</ele>
    </trkpt>
    <trkpt lat="43.644395" lon="1.418405">
        <ele>0.0</ele>
    </trkpt>
    <trkpt lat="43.644164" lon="1.418057">
        <ele>0.0</ele>
    </trkpt>
    <trkpt lat="43.643918" lon="1.417542">
        <ele>0.0</ele>
    </trkpt>
    <trkpt lat="43.643757" lon="1.417279">
        <ele>0.0</ele>
    </trkpt>
    <trkpt lat="43.643429" lon="1.416479">
        <ele>0.0</ele>
    </trkpt>
    <trkpt lat="43.643295" lon="1.416227">
        <ele>0.0</ele>
    </trkpt>
    <trkpt lat="43.643124" lon="1.416109">
        <ele>0.0</ele>
    </trkpt>
    <trkpt lat="43.642711" lon="1.41568">
        <ele>0.0</ele>
    </trkpt>
    <trkpt lat="43.642099" lon="1.414328">
        <ele>0.0</ele>
    </trkpt>
    <trkpt lat="43.642002" lon="1.414146">
        <ele>0.0</ele>
    </trkpt>
    <trkpt lat="43.641874" lon="1.414001">
        <ele>0.0</ele>
    </trkpt>
    <trkpt lat="43.641697" lon="1.413572">
        <ele>0.0</ele>
    </trkpt>
    <trkpt lat="43.640592" lon="1.412193">
        <ele>0.0</ele>
    </trkpt>
    <trkpt lat="43.63961" lon="1.411142">
        <ele>0.0</ele>
    </trkpt>
    <trkpt lat="43.63902" lon="1.410428">
        <ele>0.0</ele>
    </trkpt>
    <trkpt lat="43.638746" lon="1.410139">
        <ele>0.0</ele>
    </trkpt>
    <trkpt lat="43.638644" lon="1.410085">
        <ele>0.0</ele>
    </trkpt>
    <trkpt lat="43.638537" lon="1.410074">
        <ele>0.0</ele>
    </trkpt>
    <trkpt lat="43.638231" lon="1.410171">
        <ele>0.0</ele>
    </trkpt>
    <trkpt lat="43.637995" lon="1.41008">
        <ele>0.0</ele>
    </trkpt>
    <trkpt lat="43.637266" lon="1.408991">
        <ele>0.0</ele>
    </trkpt>
    <trkpt lat="43.636134" lon="1.407167">
        <ele>0.0</ele>
    </trkpt>
    <trkpt lat="43.63601" lon="1.407049">
        <ele>0.0</ele>
    </trkpt>
    <trkpt lat="43.634648" lon="1.406872">
        <ele>0.0</ele>
    </trkpt>
    <trkpt lat="43.634423" lon="1.406802">
        <ele>0.0</ele>
    </trkpt>
    <trkpt lat="43.633945" lon="1.406722">
        <ele>0.0</ele>
    </trkpt>
    <trkpt lat="43.633607" lon="1.406593">
        <ele>0.0</ele>
    </trkpt>
    <trkpt lat="43.632652" lon="1.406416">
        <ele>0.0</ele>
    </trkpt>
    <trkpt lat="43.632309" lon="1.406437">
        <ele>0.0</ele>
    </trkpt>
    <trkpt lat="43.631992" lon="1.406528">
        <ele>0.0</ele>
    </trkpt>
    <trkpt lat="43.631767" lon="1.406657">
        <ele>0.0</ele>
    </trkpt>
    <trkpt lat="43.63085" lon="1.407333">
        <ele>0.0</ele>
    </trkpt>
    <trkpt lat="43.630684" lon="1.407387">
        <ele>0.0</ele>
    </trkpt>
    <trkpt lat="43.630319" lon="1.407408">
        <ele>0.0</ele>
    </trkpt>
    <trkpt lat="43.62997" lon="1.40751">
        <ele>0.0</ele>
    </trkpt>
    <trkpt lat="43.62946" lon="1.407719">
        <ele>0.0</ele>
    </trkpt>
    <trkpt lat="43.629305" lon="1.407848">
        <ele>0.0</ele>
    </trkpt>
    <trkpt lat="43.629176" lon="1.408256">
        <ele>0.0</ele>
    </trkpt>
    <trkpt lat="43.629133" lon="1.409661">
        <ele>0.0</ele>
    </trkpt>
    <trkpt lat="43.629096" lon="1.409924">
        <ele>0.0</ele>
    </trkpt>
    <trkpt lat="43.629058" lon="1.410031">
        <ele>0.0</ele>
    </trkpt>
    <trkpt lat="43.628919" lon="1.410176">
        <ele>0.0</ele>
    </trkpt>
    <trkpt lat="43.628575" lon="1.41031">
        <ele>0.0</ele>
    </trkpt>
    <trkpt lat="43.627974" lon="1.410471">
        <ele>0.0</ele>
    </trkpt>
    <trkpt lat="43.627374" lon="1.410702">
        <ele>0.0</ele>
    </trkpt>
    <trkpt lat="43.626966" lon="1.410927">
        <ele>0.0</ele>
    </trkpt>
    <trkpt lat="43.626467" lon="1.411297">
        <ele>0.0</ele>
    </trkpt>
    <trkpt lat="43.626306" lon="1.411356">
        <ele>0.0</ele>
    </trkpt>
    <trkpt lat="43.626194" lon="1.411265">
        <ele>0.0</ele>
    </trkpt>
    <trkpt lat="43.626172" lon="1.41119">
        <ele>0.0</ele>
    </trkpt>
    <trkpt lat="43.626161" lon="1.410997">
        <ele>0.0</ele>
    </trkpt>
    <trkpt lat="43.626199" lon="1.410697">
        <ele>0.0</ele>
    </trkpt>
    <trkpt lat="43.626038" lon="1.409935">
        <ele>0.0</ele>
    </trkpt>
    <trkpt lat="43.625872" lon="1.409463">
        <ele>0.0</ele>
    </trkpt>
    <trkpt lat="43.625872" lon="1.409393">
        <ele>0.0</ele>
    </trkpt>
    <trkpt lat="43.62541" lon="1.407805">
        <ele>0.0</ele>
    </trkpt>
    <trkpt lat="43.625394" lon="1.407655">
        <ele>0.0</ele>
    </trkpt>
    <trkpt lat="43.625324" lon="1.407424">
        <ele>0.0</ele>
    </trkpt>
    <trkpt lat="43.625249" lon="1.407296">
        <ele>0.0</ele>
    </trkpt>
    <trkpt lat="43.625174" lon="1.406909">
        <ele>0.0</ele>
    </trkpt>
    <trkpt lat="43.625056" lon="1.406539">
        <ele>0.0</ele>
    </trkpt>
    <trkpt lat="43.624793" lon="1.405429">
        <ele>0.0</ele>
    </trkpt>
    <trkpt lat="43.624584" lon="1.404688">
        <ele>0.0</ele>
    </trkpt>
    <trkpt lat="43.624525" lon="1.404399">
        <ele>0.0</ele>
    </trkpt>
    <trkpt lat="43.624504" lon="1.404109">
        <ele>0.0</ele>
    </trkpt>
    <trkpt lat="43.624573" lon="1.403235">
        <ele>0.0</ele>
    </trkpt>
    <trkpt lat="43.624632" lon="1.402918">
        <ele>0.0</ele>
    </trkpt>
    <trkpt lat="43.62475" lon="1.399866">
        <ele>0.0</ele>
    </trkpt>
    <trkpt lat="43.624922" lon="1.399093">
        <ele>0.0</ele>
    </trkpt>
    <trkpt lat="43.625196" lon="1.398884">
        <ele>0.0</ele>
    </trkpt>
    <trkpt lat="43.626891" lon="1.398342">
        <ele>0.0</ele>
    </trkpt>
    <trkpt lat="43.62754" lon="1.398187">
        <ele>0.0</ele>
    </trkpt>
    <trkpt lat="43.628184" lon="1.397983">
        <ele>0.0</ele>
    </trkpt>
    <trkpt lat="43.628634" lon="1.397881">
        <ele>0.0</ele>
    </trkpt>
    <trkpt lat="43.629208" lon="1.397677">
        <ele>0.0</ele>
    </trkpt>
    <trkpt lat="43.630185" lon="1.397425">
        <ele>0.0</ele>
    </trkpt>
    <trkpt lat="43.630909" lon="1.397361">
        <ele>0.0</ele>
    </trkpt>
    <trkpt lat="43.631386" lon="1.397409">
        <ele>0.0</ele>
    </trkpt>
    <trkpt lat="43.631697" lon="1.397339">
        <ele>0.0</ele>
    </trkpt>
    <trkpt lat="43.632062" lon="1.397382">
        <ele>0.0</ele>
    </trkpt>
    <trkpt lat="43.632116" lon="1.397414">
        <ele>0.0</ele>
    </trkpt>
    <trkpt lat="43.632647" lon="1.397377">
        <ele>0.0</ele>
    </trkpt>
    <trkpt lat="43.63314" lon="1.397382">
        <ele>0.0</ele>
    </trkpt>
    <trkpt lat="43.633296" lon="1.39735">
        <ele>0.0</ele>
    </trkpt>
    <trkpt lat="43.633559" lon="1.397221">
        <ele>0.0</ele>
    </trkpt>
    <trkpt lat="43.633779" lon="1.39691">
        <ele>0.0</ele>
    </trkpt>
    <trkpt lat="43.633972" lon="1.39684">
        <ele>0.0</ele>
    </trkpt>
    <trkpt lat="43.634047" lon="1.396824">
        <ele>0.0</ele>
    </trkpt>
    <trkpt lat="43.634514" lon="1.396872">
        <ele>0.0</ele>
    </trkpt>
    <trkpt lat="43.634873" lon="1.396856">
        <ele>0.0</ele>
    </trkpt>
    <trkpt lat="43.634997" lon="1.396889">
        <ele>0.0</ele>
    </trkpt>
    <trkpt lat="43.635233" lon="1.396846">
        <ele>0.0</ele>
    </trkpt>
    <trkpt lat="43.635286" lon="1.396787">
        <ele>0.0</ele>
    </trkpt>
    <trkpt lat="43.635308" lon="1.396594">
        <ele>0.0</ele>
    </trkpt>
    <trkpt lat="43.635361" lon="1.396465">
        <ele>0.0</ele>
    </trkpt>
    <trkpt lat="43.635458" lon="1.39602">
        <ele>0.0</ele>
    </trkpt>
    <trkpt lat="43.63578" lon="1.39521">
        <ele>0.0</ele>
    </trkpt>
    <trkpt lat="43.635785" lon="1.395006">
        <ele>0.0</ele>
    </trkpt>
    <trkpt lat="43.635871" lon="1.39463">
        <ele>0.0</ele>
    </trkpt>
    <trkpt lat="43.635855" lon="1.394367">
        <ele>0.0</ele>
    </trkpt>
    <trkpt lat="43.635908" lon="1.394067">
        <ele>0.0</ele>
    </trkpt>
    <trkpt lat="43.635994" lon="1.393042">
        <ele>0.0</ele>
    </trkpt>
    <trkpt lat="43.636075" lon="1.392683">
        <ele>0.0</ele>
    </trkpt>
    <trkpt lat="43.636402" lon="1.391744">
        <ele>0.0</ele>
    </trkpt>
    <trkpt lat="43.636863" lon="1.391122">
        <ele>0.0</ele>
    </trkpt>
    <trkpt lat="43.636912" lon="1.39109">
        <ele>0.0</ele>
    </trkpt>
    <trkpt lat="43.637153" lon="1.39073">
        <ele>0.0</ele>
    </trkpt>
    <trkpt lat="43.637201" lon="1.390467">
        <ele>0.0</ele>
    </trkpt>
    <trkpt lat="43.637174" lon="1.390247">
        <ele>0.0</ele>
    </trkpt>
    <trkpt lat="43.637287" lon="1.389743">
        <ele>0.0</ele>
    </trkpt>
    <trkpt lat="43.637368" lon="1.389116">
        <ele>0.0</ele>
    </trkpt>
    <trkpt lat="43.637443" lon="1.388783">
        <ele>0.0</ele>
    </trkpt>
    <trkpt lat="43.637738" lon="1.386605">
        <ele>0.0</ele>
    </trkpt>
    <trkpt lat="43.637743" lon="1.385951">
        <ele>0.0</ele>
    </trkpt>
    <trkpt lat="43.637657" lon="1.384813">
        <ele>0.0</ele>
    </trkpt>
    <trkpt lat="43.637663" lon="1.38454">
        <ele>0.0</ele>
    </trkpt>
    <trkpt lat="43.637625" lon="1.384255">
        <ele>0.0</ele>
    </trkpt>
    <trkpt lat="43.637555" lon="1.384132">
        <ele>0.0</ele>
    </trkpt>
    <trkpt lat="43.63755" lon="1.383987">
        <ele>0.0</ele>
    </trkpt>
    <trkpt lat="43.637582" lon="1.383799">
        <ele>0.0</ele>
    </trkpt>
    <trkpt lat="43.637577" lon="1.383102">
        <ele>0.0</ele>
    </trkpt>
    <trkpt lat="43.637845" lon="1.381439">
        <ele>0.0</ele>
    </trkpt>
    <trkpt lat="43.638258" lon="1.380162">
        <ele>0.0</ele>
    </trkpt>
    <trkpt lat="43.639057" lon="1.378633">
        <ele>0.0</ele>
    </trkpt>
    <trkpt lat="43.639057" lon="1.378403">
        <ele>0.0</ele>
    </trkpt>
    <trkpt lat="43.638886" lon="1.377936">
        <ele>0.0</ele>
    </trkpt>
    <trkpt lat="43.638891" lon="1.377759">
        <ele>0.0</ele>
    </trkpt>
    <trkpt lat="43.639267" lon="1.377544">
        <ele>0.0</ele>
    </trkpt>
    <trkpt lat="43.63931" lon="1.377673">
        <ele>0.0</ele>
    </trkpt>
    <trkpt lat="43.639417" lon="1.377743">
        <ele>0.0</ele>
    </trkpt>
    <trkpt lat="43.639583" lon="1.377797">
        <ele>0.0</ele>
    </trkpt>
    <trkpt lat="43.639637" lon="1.377764">
        <ele>0.0</ele>
    </trkpt>
    <trkpt lat="43.639658" lon="1.37763">
        <ele>0.0</ele>
    </trkpt>
    <trkpt lat="43.639739" lon="1.377507">
        <ele>0.0</ele>
    </trkpt>
    <trkpt lat="43.639717" lon="1.377185">
        <ele>0.0</ele>
    </trkpt>
    <trkpt lat="43.639685" lon="1.377078">
        <ele>0.0</ele>
    </trkpt>
    <trkpt lat="43.639637" lon="1.376981">
        <ele>0.0</ele>
    </trkpt>
    <trkpt lat="43.639379" lon="1.376815">
        <ele>0.0</ele>
    </trkpt>
    <trkpt lat="43.639272" lon="1.376686">
        <ele>0.0</ele>
    </trkpt>
    <trkpt lat="43.639181" lon="1.37637">
        <ele>0.0</ele>
    </trkpt>
    <trkpt lat="43.639186" lon="1.376246">
        <ele>0.0</ele>
    </trkpt>
    <trkpt lat="43.639261" lon="1.376096">
        <ele>0.0</ele>
    </trkpt>
    <trkpt lat="43.639331" lon="1.376037">
        <ele>0.0</ele>
    </trkpt>
    <trkpt lat="43.639932" lon="1.375672">
        <ele>0.0</ele>
    </trkpt>
    <trkpt lat="43.64013" lon="1.375511">
        <ele>0.0</ele>
    </trkpt>
    <trkpt lat="43.640468" lon="1.375356">
        <ele>0.0</ele>
    </trkpt>
    <trkpt lat="43.640871" lon="1.375114">
        <ele>0.0</ele>
    </trkpt>
    <trkpt lat="43.641589" lon="1.374149">
        <ele>0.0</ele>
    </trkpt>
    <trkpt lat="43.641863" lon="1.373596">
        <ele>0.0</ele>
    </trkpt>
    <trkpt lat="43.642013" lon="1.373205">
        <ele>0.0</ele>
    </trkpt>
    <trkpt lat="43.642496" lon="1.371161">
        <ele>0.0</ele>
    </trkpt>
    <trkpt lat="43.642732" lon="1.370367">
        <ele>0.0</ele>
    </trkpt>
    <trkpt lat="43.64315" lon="1.36953">
        <ele>0.0</ele>
    </trkpt>
    <trkpt lat="43.643547" lon="1.368983">
        <ele>0.0</ele>
    </trkpt>
    <trkpt lat="43.643907" lon="1.36865">
        <ele>0.0</ele>
    </trkpt>
    <trkpt lat="43.644234" lon="1.3685">
        <ele>0.0</ele>
    </trkpt>
    <trkpt lat="43.644481" lon="1.368323">
        <ele>0.0</ele>
    </trkpt>
    <trkpt lat="43.644588" lon="1.368323">
        <ele>0.0</ele>
    </trkpt>
    <trkpt lat="43.644642" lon="1.36828">
        <ele>0.0</ele>
    </trkpt>
    <trkpt lat="43.644749" lon="1.368264">
        <ele>0.0</ele>
    </trkpt>
    <trkpt lat="43.645135" lon="1.368044">
        <ele>0.0</ele>
    </trkpt>
    <trkpt lat="43.645446" lon="1.36799">
        <ele>0.0</ele>
    </trkpt>
    <trkpt lat="43.645618" lon="1.368055">
        <ele>0.0</ele>
    </trkpt>
    <trkpt lat="43.645709" lon="1.368162">
        <ele>0.0</ele>
    </trkpt>
    <trkpt lat="43.645784" lon="1.368677">
        <ele>0.0</ele>
    </trkpt>
    <trkpt lat="43.64587" lon="1.368811">
        <ele>0.0</ele>
    </trkpt>
    <trkpt lat="43.646069" lon="1.368892">
        <ele>0.0</ele>
    </trkpt>
    <trkpt lat="43.64624" lon="1.368838">
        <ele>0.0</ele>
    </trkpt>
    <trkpt lat="43.646342" lon="1.368731">
        <ele>0.0</ele>
    </trkpt>
    <trkpt lat="43.646407" lon="1.368634">
        <ele>0.0</ele>
    </trkpt>
    <trkpt lat="43.646433" lon="1.368446">
        <ele>0.0</ele>
    </trkpt>
    <trkpt lat="43.646374" lon="1.368151">
        <ele>0.0</ele>
    </trkpt>
    <trkpt lat="43.646273" lon="1.367953">
        <ele>0.0</ele>
    </trkpt>
    <trkpt lat="43.646203" lon="1.367889">
        <ele>0.0</ele>
    </trkpt>
    <trkpt lat="43.646063" lon="1.367835">
        <ele>0.0</ele>
    </trkpt>
    <trkpt lat="43.645951" lon="1.367701">
        <ele>0.0</ele>
    </trkpt>
    <trkpt lat="43.645972" lon="1.367626">
        <ele>0.0</ele>
    </trkpt>
    <trkpt lat="43.645956" lon="1.367508">
        <ele>0.0</ele>
    </trkpt>
    <trkpt lat="43.645902" lon="1.367288">
        <ele>0.0</ele>
    </trkpt>
    <trkpt lat="43.645849" lon="1.367213">
        <ele>0.0</ele>
    </trkpt>
    <trkpt lat="43.64579" lon="1.36702">
        <ele>0.0</ele>
    </trkpt>
    <trkpt lat="43.645795" lon="1.366816">
        <ele>0.0</ele>
    </trkpt>
  </trkseg>
</trk>
<trk>
  <name>2011/09/09 23:06:00</name>
  <extensions>
  </extensions>
  <trkseg>
    <trkpt lat="43.645817" lon="1.366719">
        <ele>0.0</ele>
    </trkpt>
    <trkpt lat="43.645902" lon="1.366338">
        <ele>0.0</ele>
    </trkpt>
    <trkpt lat="43.645784" lon="1.36607">
        <ele>0.0</ele>
    </trkpt>
    <trkpt lat="43.645441" lon="1.365802">
        <ele>0.0</ele>
    </trkpt>
    <trkpt lat="43.645387" lon="1.365507">
        <ele>0.0</ele>
    </trkpt>
    <trkpt lat="43.645291" lon="1.365228">
        <ele>0.0</ele>
    </trkpt>
    <trkpt lat="43.644626" lon="1.362615">
        <ele>0.0</ele>
    </trkpt>
    <trkpt lat="43.644663" lon="1.362465">
        <ele>0.0</ele>
    </trkpt>
    <trkpt lat="43.644733" lon="1.362336">
        <ele>0.0</ele>
    </trkpt>
    <trkpt lat="43.644883" lon="1.362304">
        <ele>0.0</ele>
    </trkpt>
    <trkpt lat="43.644974" lon="1.362422">
        <ele>0.0</ele>
    </trkpt>
    <trkpt lat="43.645023" lon="1.362733">
        <ele>0.0</ele>
    </trkpt>
    <trkpt lat="43.645039" lon="1.363125">
        <ele>0.0</ele>
    </trkpt>
    <trkpt lat="43.645098" lon="1.363232">
        <ele>0.0</ele>
    </trkpt>
    <trkpt lat="43.645243" lon="1.364032">
        <ele>0.0</ele>
    </trkpt>
    <trkpt lat="43.645393" lon="1.364343">
        <ele>0.0</ele>
    </trkpt>
    <trkpt lat="43.645441" lon="1.364536">
        <ele>0.0</ele>
    </trkpt>
    <trkpt lat="43.645666" lon="1.364589">
        <ele>0.0</ele>
    </trkpt>
    <trkpt lat="43.646273" lon="1.36452">
        <ele>0.0</ele>
    </trkpt>
    <trkpt lat="43.647388" lon="1.364772">
        <ele>0.0</ele>
    </trkpt>
    <trkpt lat="43.647667" lon="1.364799">
        <ele>0.0</ele>
    </trkpt>
    <trkpt lat="43.648531" lon="1.364665">
        <ele>0.0</ele>
    </trkpt>
    <trkpt lat="43.648998" lon="1.364439">
        <ele>0.0</ele>
    </trkpt>
    <trkpt lat="43.64911" lon="1.364412">
        <ele>0.0</ele>
    </trkpt>
    <trkpt lat="43.649175" lon="1.364353">
        <ele>0.0</ele>
    </trkpt>
    <trkpt lat="43.649223" lon="1.364364">
        <ele>0.0</ele>
    </trkpt>
    <trkpt lat="43.64932" lon="1.364316">
        <ele>0.0</ele>
    </trkpt>
    <trkpt lat="43.649577" lon="1.36415">
        <ele>0.0</ele>
    </trkpt>
    <trkpt lat="43.649877" lon="1.364015">
        <ele>0.0</ele>
    </trkpt>
    <trkpt lat="43.649979" lon="1.363935">
        <ele>0.0</ele>
    </trkpt>
    <trkpt lat="43.651546" lon="1.363726">
        <ele>0.0</ele>
    </trkpt>
    <trkpt lat="43.65198" lon="1.363704">
        <ele>0.0</ele>
    </trkpt>
    <trkpt lat="43.652259" lon="1.363667">
        <ele>0.0</ele>
    </trkpt>
    <trkpt lat="43.652366" lon="1.363624">
        <ele>0.0</ele>
    </trkpt>
    <trkpt lat="43.652442" lon="1.36334">
        <ele>0.0</ele>
    </trkpt>
    <trkpt lat="43.652383" lon="1.362529">
        <ele>0.0</ele>
    </trkpt>
    <trkpt lat="43.652898" lon="1.361237">
        <ele>0.0</ele>
    </trkpt>
    <trkpt lat="43.652983" lon="1.361199">
        <ele>0.0</ele>
    </trkpt>
    <trkpt lat="43.65426" lon="1.361913">
        <ele>0.0</ele>
    </trkpt>
    <trkpt lat="43.654206" lon="1.361896">
        <ele>0.0</ele>
    </trkpt>
    <trkpt lat="43.654319" lon="1.361886">
        <ele>0.0</ele>
    </trkpt>
  </trkseg>
</trk>
<trk>
  <name>2011/09/10 11:54:00</name>
  <extensions>
  </extensions>
  <trkseg>
    <trkpt lat="43.654373" lon="1.362106">
        <ele>0.0</ele>
    </trkpt>
    <trkpt lat="43.65433" lon="1.362041">
        <ele>0.0</ele>
    </trkpt>
    <trkpt lat="43.654265" lon="1.362041">
        <ele>0.0</ele>
    </trkpt>
    <trkpt lat="43.654228" lon="1.362133">
        <ele>0.0</ele>
    </trkpt>
    <trkpt lat="43.654335" lon="1.36239">
        <ele>0.0</ele>
    </trkpt>
    <trkpt lat="43.653831" lon="1.362395">
        <ele>0.0</ele>
    </trkpt>
    <trkpt lat="43.653724" lon="1.362465">
        <ele>0.0</ele>
    </trkpt>
    <trkpt lat="43.653718" lon="1.362599">
        <ele>0.0</ele>
    </trkpt>
    <trkpt lat="43.653681" lon="1.362658">
        <ele>0.0</ele>
    </trkpt>
    <trkpt lat="43.653729" lon="1.362717">
        <ele>0.0</ele>
    </trkpt>
    <trkpt lat="43.653595" lon="1.361607">
        <ele>0.0</ele>
    </trkpt>
    <trkpt lat="43.6536" lon="1.361301">
        <ele>0.0</ele>
    </trkpt>
    <trkpt lat="43.653547" lon="1.361162">
        <ele>0.0</ele>
    </trkpt>
    <trkpt lat="43.653504" lon="1.361135">
        <ele>0.0</ele>
    </trkpt>
    <trkpt lat="43.653198" lon="1.361129">
        <ele>0.0</ele>
    </trkpt>
    <trkpt lat="43.652908" lon="1.361167">
        <ele>0.0</ele>
    </trkpt>
    <trkpt lat="43.652645" lon="1.361113">
        <ele>0.0</ele>
    </trkpt>
    <trkpt lat="43.652586" lon="1.361129">
        <ele>0.0</ele>
    </trkpt>
    <trkpt lat="43.652495" lon="1.36121">
        <ele>0.0</ele>
    </trkpt>
    <trkpt lat="43.652388" lon="1.361204">
        <ele>0.0</ele>
    </trkpt>
    <trkpt lat="43.652275" lon="1.36114">
        <ele>0.0</ele>
    </trkpt>
    <trkpt lat="43.652254" lon="1.361215">
        <ele>0.0</ele>
    </trkpt>
    <trkpt lat="43.652307" lon="1.361317">
        <ele>0.0</ele>
    </trkpt>
    <trkpt lat="43.652281" lon="1.361478">
        <ele>0.0</ele>
    </trkpt>
    <trkpt lat="43.652238" lon="1.361446">
        <ele>0.0</ele>
    </trkpt>
    <trkpt lat="43.652281" lon="1.361414">
        <ele>0.0</ele>
    </trkpt>
    <trkpt lat="43.652334" lon="1.361285">
        <ele>0.0</ele>
    </trkpt>
    <trkpt lat="43.652286" lon="1.361263">
        <ele>0.0</ele>
    </trkpt>
    <trkpt lat="43.652211" lon="1.36136">
        <ele>0.0</ele>
    </trkpt>
    <trkpt lat="43.652313" lon="1.361371">
        <ele>0.0</ele>
    </trkpt>
    <trkpt lat="43.652366" lon="1.361269">
        <ele>0.0</ele>
    </trkpt>
    <trkpt lat="43.652275" lon="1.361296">
        <ele>0.0</ele>
    </trkpt>
    <trkpt lat="43.652243" lon="1.361349">
        <ele>0.0</ele>
    </trkpt>
    <trkpt lat="43.652088" lon="1.361076">
        <ele>0.0</ele>
    </trkpt>
    <trkpt lat="43.65212" lon="1.361124">
        <ele>0.0</ele>
    </trkpt>
    <trkpt lat="43.652114" lon="1.361188">
        <ele>0.0</ele>
    </trkpt>
    <trkpt lat="43.652168" lon="1.361204">
        <ele>0.0</ele>
    </trkpt>
    <trkpt lat="43.652141" lon="1.361151">
        <ele>0.0</ele>
    </trkpt>
    <trkpt lat="43.652093" lon="1.361129">
        <ele>0.0</ele>
    </trkpt>
    <trkpt lat="43.65205" lon="1.361151">
        <ele>0.0</ele>
    </trkpt>
    <trkpt lat="43.652098" lon="1.361188">
        <ele>0.0</ele>
    </trkpt>
    <trkpt lat="43.65205" lon="1.361215">
        <ele>0.0</ele>
    </trkpt>
    <trkpt lat="43.652098" lon="1.361231">
        <ele>0.0</ele>
    </trkpt>
    <trkpt lat="43.652071" lon="1.361285">
        <ele>0.0</ele>
    </trkpt>
    <trkpt lat="43.652163" lon="1.361339">
        <ele>0.0</ele>
    </trkpt>
    <trkpt lat="43.652222" lon="1.361746">
        <ele>0.0</ele>
    </trkpt>
    <trkpt lat="43.652313" lon="1.362068">
        <ele>0.0</ele>
    </trkpt>
    <trkpt lat="43.652259" lon="1.362293">
        <ele>0.0</ele>
    </trkpt>
    <trkpt lat="43.652291" lon="1.362352">
        <ele>0.0</ele>
    </trkpt>
    <trkpt lat="43.652227" lon="1.362492">
        <ele>0.0</ele>
    </trkpt>
    <trkpt lat="43.652254" lon="1.362594">
        <ele>0.0</ele>
    </trkpt>
    <trkpt lat="43.652324" lon="1.36269">
        <ele>0.0</ele>
    </trkpt>
    <trkpt lat="43.652356" lon="1.36283">
        <ele>0.0</ele>
    </trkpt>
    <trkpt lat="43.65234" lon="1.363039">
        <ele>0.0</ele>
    </trkpt>
    <trkpt lat="43.652388" lon="1.363259">
        <ele>0.0</ele>
    </trkpt>
    <trkpt lat="43.652366" lon="1.363522">
        <ele>0.0</ele>
    </trkpt>
    <trkpt lat="43.652324" lon="1.363581">
        <ele>0.0</ele>
    </trkpt>
    <trkpt lat="43.652211" lon="1.363602">
        <ele>0.0</ele>
    </trkpt>
    <trkpt lat="43.651841" lon="1.363565">
        <ele>0.0</ele>
    </trkpt>
    <trkpt lat="43.651401" lon="1.363726">
        <ele>0.0</ele>
    </trkpt>
    <trkpt lat="43.649877" lon="1.363908">
        <ele>0.0</ele>
    </trkpt>
    <trkpt lat="43.64947" lon="1.364069">
        <ele>0.0</ele>
    </trkpt>
    <trkpt lat="43.649223" lon="1.364225">
        <ele>0.0</ele>
    </trkpt>
    <trkpt lat="43.648504" lon="1.364595">
        <ele>0.0</ele>
    </trkpt>
    <trkpt lat="43.648284" lon="1.364648">
        <ele>0.0</ele>
    </trkpt>
    <trkpt lat="43.647506" lon="1.36474">
        <ele>0.0</ele>
    </trkpt>
    <trkpt lat="43.647378" lon="1.364734">
        <ele>0.0</ele>
    </trkpt>
    <trkpt lat="43.647184" lon="1.364654">
        <ele>0.0</ele>
    </trkpt>
    <trkpt lat="43.647104" lon="1.364665">
        <ele>0.0</ele>
    </trkpt>
    <trkpt lat="43.647045" lon="1.364589">
        <ele>0.0</ele>
    </trkpt>
    <trkpt lat="43.646745" lon="1.364547">
        <ele>0.0</ele>
    </trkpt>
    <trkpt lat="43.646541" lon="1.364461">
        <ele>0.0</ele>
    </trkpt>
    <trkpt lat="43.646262" lon="1.364434">
        <ele>0.0</ele>
    </trkpt>
    <trkpt lat="43.645688" lon="1.364466">
        <ele>0.0</ele>
    </trkpt>
    <trkpt lat="43.645382" lon="1.364434">
        <ele>0.0</ele>
    </trkpt>
    <trkpt lat="43.645361" lon="1.364509">
        <ele>0.0</ele>
    </trkpt>
    <trkpt lat="43.645189" lon="1.3646">
        <ele>0.0</ele>
    </trkpt>
    <trkpt lat="43.64521" lon="1.364836">
        <ele>0.0</ele>
    </trkpt>
    <trkpt lat="43.645393" lon="1.365389">
        <ele>0.0</ele>
    </trkpt>
    <trkpt lat="43.645457" lon="1.365453">
        <ele>0.0</ele>
    </trkpt>
    <trkpt lat="43.645495" lon="1.365678">
        <ele>0.0</ele>
    </trkpt>
    <trkpt lat="43.645468" lon="1.365807">
        <ele>0.0</ele>
    </trkpt>
    <trkpt lat="43.645371" lon="1.365866">
        <ele>0.0</ele>
    </trkpt>
    <trkpt lat="43.645194" lon="1.366322">
        <ele>0.0</ele>
    </trkpt>
    <trkpt lat="43.645194" lon="1.366429">
        <ele>0.0</ele>
    </trkpt>
    <trkpt lat="43.645264" lon="1.366687">
        <ele>0.0</ele>
    </trkpt>
    <trkpt lat="43.645184" lon="1.366601">
        <ele>0.0</ele>
    </trkpt>
    <trkpt lat="43.644931" lon="1.366521">
        <ele>0.0</ele>
    </trkpt>
    <trkpt lat="43.644888" lon="1.366467">
        <ele>0.0</ele>
    </trkpt>
    <trkpt lat="43.644824" lon="1.366456">
        <ele>0.0</ele>
    </trkpt>
    <trkpt lat="43.644717" lon="1.366381">
        <ele>0.0</ele>
    </trkpt>
    <trkpt lat="43.644454" lon="1.365936">
        <ele>0.0</ele>
    </trkpt>
    <trkpt lat="43.644229" lon="1.366075">
        <ele>0.0</ele>
    </trkpt>
    <trkpt lat="43.644175" lon="1.366242">
        <ele>0.0</ele>
    </trkpt>
    <trkpt lat="43.644159" lon="1.366639">
        <ele>0.0</ele>
    </trkpt>
    <trkpt lat="43.644127" lon="1.366767">
        <ele>0.0</ele>
    </trkpt>
    <trkpt lat="43.644164" lon="1.36695">
        <ele>0.0</ele>
    </trkpt>
    <trkpt lat="43.644255" lon="1.367073">
        <ele>0.0</ele>
    </trkpt>
    <trkpt lat="43.644642" lon="1.367159">
        <ele>0.0</ele>
    </trkpt>
    <trkpt lat="43.644647" lon="1.367234">
        <ele>0.0</ele>
    </trkpt>
    <trkpt lat="43.644749" lon="1.367352">
        <ele>0.0</ele>
    </trkpt>
    <trkpt lat="43.64476" lon="1.367422">
        <ele>0.0</ele>
    </trkpt>
    <trkpt lat="43.644787" lon="1.367368">
        <ele>0.0</ele>
    </trkpt>
    <trkpt lat="43.644652" lon="1.36718">
        <ele>0.0</ele>
    </trkpt>
    <trkpt lat="43.644588" lon="1.367218">
        <ele>0.0</ele>
    </trkpt>
    <trkpt lat="43.644508" lon="1.367529">
        <ele>0.0</ele>
    </trkpt>
    <trkpt lat="43.644164" lon="1.367642">
        <ele>0.0</ele>
    </trkpt>
    <trkpt lat="43.644196" lon="1.367223">
        <ele>0.0</ele>
    </trkpt>
    <trkpt lat="43.644266" lon="1.366982">
        <ele>0.0</ele>
    </trkpt>
    <trkpt lat="43.644325" lon="1.366961">
        <ele>0.0</ele>
    </trkpt>
    <trkpt lat="43.644374" lon="1.36703">
        <ele>0.0</ele>
    </trkpt>
    <trkpt lat="43.644626" lon="1.367111">
        <ele>0.0</ele>
    </trkpt>
    <trkpt lat="43.644679" lon="1.367154">
        <ele>0.0</ele>
    </trkpt>
    <trkpt lat="43.644765" lon="1.367336">
        <ele>0.0</ele>
    </trkpt>
    <trkpt lat="43.644835" lon="1.367331">
        <ele>0.0</ele>
    </trkpt>
    <trkpt lat="43.645055" lon="1.367207">
        <ele>0.0</ele>
    </trkpt>
    <trkpt lat="43.645216" lon="1.366944">
        <ele>0.0</ele>
    </trkpt>
    <trkpt lat="43.645312" lon="1.366939">
        <ele>0.0</ele>
    </trkpt>
    <trkpt lat="43.645339" lon="1.367068">
        <ele>0.0</ele>
    </trkpt>
    <trkpt lat="43.645312" lon="1.367191">
        <ele>0.0</ele>
    </trkpt>
    <trkpt lat="43.645355" lon="1.36717">
        <ele>0.0</ele>
    </trkpt>
    <trkpt lat="43.645361" lon="1.36695">
        <ele>0.0</ele>
    </trkpt>
    <trkpt lat="43.645403" lon="1.366896">
        <ele>0.0</ele>
    </trkpt>
    <trkpt lat="43.645559" lon="1.366977">
        <ele>0.0</ele>
    </trkpt>
    <trkpt lat="43.64565" lon="1.367095">
        <ele>0.0</ele>
    </trkpt>
    <trkpt lat="43.645747" lon="1.367545">
        <ele>0.0</ele>
    </trkpt>
    <trkpt lat="43.645854" lon="1.36784">
        <ele>0.0</ele>
    </trkpt>
    <trkpt lat="43.645849" lon="1.368087">
        <ele>0.0</ele>
    </trkpt>
    <trkpt lat="43.6458" lon="1.368125">
        <ele>0.0</ele>
    </trkpt>
    <trkpt lat="43.645666" lon="1.368575">
        <ele>0.0</ele>
    </trkpt>
    <trkpt lat="43.645607" lon="1.36864">
        <ele>0.0</ele>
    </trkpt>
    <trkpt lat="43.64543" lon="1.368666">
        <ele>0.0</ele>
    </trkpt>
    <trkpt lat="43.645076" lon="1.368849">
        <ele>0.0</ele>
    </trkpt>
    <trkpt lat="43.644894" lon="1.368736">
        <ele>0.0</ele>
    </trkpt>
    <trkpt lat="43.644749" lon="1.368822">
        <ele>0.0</ele>
    </trkpt>
    <trkpt lat="43.644636" lon="1.368945">
        <ele>0.0</ele>
    </trkpt>
    <trkpt lat="43.644534" lon="1.369181">
        <ele>0.0</ele>
    </trkpt>
    <trkpt lat="43.644331" lon="1.369289">
        <ele>0.0</ele>
    </trkpt>
    <trkpt lat="43.644159" lon="1.369455">
        <ele>0.0</ele>
    </trkpt>
    <trkpt lat="43.643853" lon="1.369873">
        <ele>0.0</ele>
    </trkpt>
    <trkpt lat="43.64366" lon="1.370447">
        <ele>0.0</ele>
    </trkpt>
    <trkpt lat="43.64359" lon="1.370962">
        <ele>0.0</ele>
    </trkpt>
    <trkpt lat="43.643703" lon="1.371762">
        <ele>0.0</ele>
    </trkpt>
    <trkpt lat="43.643826" lon="1.372261">
        <ele>0.0</ele>
    </trkpt>
    <trkpt lat="43.643821" lon="1.372459">
        <ele>0.0</ele>
    </trkpt>
    <trkpt lat="43.64351" lon="1.373387">
        <ele>0.0</ele>
    </trkpt>
    <trkpt lat="43.643386" lon="1.373419">
        <ele>0.0</ele>
    </trkpt>
    <trkpt lat="43.643322" lon="1.373473">
        <ele>0.0</ele>
    </trkpt>
    <trkpt lat="43.643285" lon="1.373559">
        <ele>0.0</ele>
    </trkpt>
    <trkpt lat="43.643268" lon="1.373661">
        <ele>0.0</ele>
    </trkpt>
    <trkpt lat="43.643327" lon="1.373848">
        <ele>0.0</ele>
    </trkpt>
    <trkpt lat="43.643322" lon="1.373961">
        <ele>0.0</ele>
    </trkpt>
    <trkpt lat="43.64307" lon="1.374728">
        <ele>0.0</ele>
    </trkpt>
    <trkpt lat="43.642914" lon="1.374943">
        <ele>0.0</ele>
    </trkpt>
    <trkpt lat="43.641713" lon="1.375581">
        <ele>0.0</ele>
    </trkpt>
    <trkpt lat="43.6416" lon="1.37571">
        <ele>0.0</ele>
    </trkpt>
    <trkpt lat="43.641471" lon="1.375774">
        <ele>0.0</ele>
    </trkpt>
    <trkpt lat="43.641155" lon="1.375731">
        <ele>0.0</ele>
    </trkpt>
    <trkpt lat="43.640849" lon="1.375597">
        <ele>0.0</ele>
    </trkpt>
    <trkpt lat="43.640586" lon="1.375705">
        <ele>0.0</ele>
    </trkpt>
    <trkpt lat="43.640366" lon="1.376209">
        <ele>0.0</ele>
    </trkpt>
    <trkpt lat="43.640114" lon="1.37659">
        <ele>0.0</ele>
    </trkpt>
    <trkpt lat="43.640061" lon="1.37674">
        <ele>0.0</ele>
    </trkpt>
    <trkpt lat="43.639894" lon="1.377024">
        <ele>0.0</ele>
    </trkpt>
    <trkpt lat="43.639803" lon="1.377062">
        <ele>0.0</ele>
    </trkpt>
    <trkpt lat="43.639765" lon="1.37711">
        <ele>0.0</ele>
    </trkpt>
    <trkpt lat="43.639706" lon="1.377115">
        <ele>0.0</ele>
    </trkpt>
    <trkpt lat="43.639615" lon="1.377013">
        <ele>0.0</ele>
    </trkpt>
    <trkpt lat="43.639352" lon="1.376847">
        <ele>0.0</ele>
    </trkpt>
    <trkpt lat="43.639224" lon="1.377153">
        <ele>0.0</ele>
    </trkpt>
    <trkpt lat="43.639202" lon="1.377443">
        <ele>0.0</ele>
    </trkpt>
    <trkpt lat="43.638848" lon="1.377652">
        <ele>0.0</ele>
    </trkpt>
    <trkpt lat="43.638736" lon="1.377646">
        <ele>0.0</ele>
    </trkpt>
    <trkpt lat="43.638698" lon="1.377705">
        <ele>0.0</ele>
    </trkpt>
    <trkpt lat="43.63902" lon="1.378687">
        <ele>0.0</ele>
    </trkpt>
    <trkpt lat="43.638977" lon="1.378725">
        <ele>0.0</ele>
    </trkpt>
    <trkpt lat="43.638521" lon="1.379572">
        <ele>0.0</ele>
    </trkpt>
    <trkpt lat="43.637979" lon="1.380785">
        <ele>0.0</ele>
    </trkpt>
    <trkpt lat="43.637689" lon="1.381949">
        <ele>0.0</ele>
    </trkpt>
    <trkpt lat="43.637641" lon="1.382212">
        <ele>0.0</ele>
    </trkpt>
    <trkpt lat="43.637668" lon="1.382281">
        <ele>0.0</ele>
    </trkpt>
    <trkpt lat="43.637582" lon="1.382566">
        <ele>0.0</ele>
    </trkpt>
    <trkpt lat="43.637571" lon="1.383408">
        <ele>0.0</ele>
    </trkpt>
    <trkpt lat="43.637539" lon="1.383612">
        <ele>0.0</ele>
    </trkpt>
    <trkpt lat="43.637711" lon="1.385859">
        <ele>0.0</ele>
    </trkpt>
    <trkpt lat="43.637706" lon="1.386401">
        <ele>0.0</ele>
    </trkpt>
    <trkpt lat="43.637679" lon="1.386771">
        <ele>0.0</ele>
    </trkpt>
    <trkpt lat="43.63748" lon="1.38823">
        <ele>0.0</ele>
    </trkpt>
    <trkpt lat="43.637228" lon="1.389867">
        <ele>0.0</ele>
    </trkpt>
    <trkpt lat="43.637164" lon="1.390596">
        <ele>0.0</ele>
    </trkpt>
    <trkpt lat="43.63711" lon="1.390768">
        <ele>0.0</ele>
    </trkpt>
    <trkpt lat="43.637051" lon="1.390832">
        <ele>0.0</ele>
    </trkpt>
    <trkpt lat="43.636992" lon="1.390875">
        <ele>0.0</ele>
    </trkpt>
    <trkpt lat="43.636858" lon="1.390897">
        <ele>0.0</ele>
    </trkpt>
    <trkpt lat="43.636541" lon="1.390918">
        <ele>0.0</ele>
    </trkpt>
    <trkpt lat="43.636279" lon="1.390972">
        <ele>0.0</ele>
    </trkpt>
    <trkpt lat="43.635812" lon="1.390982">
        <ele>0.0</ele>
    </trkpt>
    <trkpt lat="43.635249" lon="1.3911">
        <ele>0.0</ele>
    </trkpt>
    <trkpt lat="43.635109" lon="1.39109">
        <ele>0.0</ele>
    </trkpt>
    <trkpt lat="43.634916" lon="1.391138">
        <ele>0.0</ele>
    </trkpt>
    <trkpt lat="43.634744" lon="1.391218">
        <ele>0.0</ele>
    </trkpt>
    <trkpt lat="43.634546" lon="1.391256">
        <ele>0.0</ele>
    </trkpt>
    <trkpt lat="43.634321" lon="1.391234">
        <ele>0.0</ele>
    </trkpt>
    <trkpt lat="43.632733" lon="1.391438">
        <ele>0.0</ele>
    </trkpt>
    <trkpt lat="43.632577" lon="1.391433">
        <ele>0.0</ele>
    </trkpt>
    <trkpt lat="43.631536" lon="1.391546">
        <ele>0.0</ele>
    </trkpt>
    <trkpt lat="43.631349" lon="1.39154">
        <ele>0.0</ele>
    </trkpt>
    <trkpt lat="43.630823" lon="1.391685">
        <ele>0.0</ele>
    </trkpt>
    <trkpt lat="43.630072" lon="1.391782">
        <ele>0.0</ele>
    </trkpt>
    <trkpt lat="43.630013" lon="1.391723">
        <ele>0.0</ele>
    </trkpt>
    <trkpt lat="43.629847" lon="1.391814">
        <ele>0.0</ele>
    </trkpt>
    <trkpt lat="43.629149" lon="1.391916">
        <ele>0.0</ele>
    </trkpt>
    <trkpt lat="43.62909" lon="1.391953">
        <ele>0.0</ele>
    </trkpt>
    <trkpt lat="43.62886" lon="1.391932">
        <ele>0.0</ele>
    </trkpt>
    <trkpt lat="43.627985" lon="1.392045">
        <ele>0.0</ele>
    </trkpt>
    <trkpt lat="43.627486" lon="1.3922">
        <ele>0.0</ele>
    </trkpt>
    <trkpt lat="43.6254" lon="1.393504">
        <ele>0.0</ele>
    </trkpt>
    <trkpt lat="43.625153" lon="1.393616">
        <ele>0.0</ele>
    </trkpt>
    <trkpt lat="43.624718" lon="1.393885">
        <ele>0.0</ele>
    </trkpt>
    <trkpt lat="43.623189" lon="1.39492">
        <ele>0.0</ele>
    </trkpt>
    <trkpt lat="43.622701" lon="1.395381">
        <ele>0.0</ele>
    </trkpt>
    <trkpt lat="43.621918" lon="1.396384">
        <ele>0.0</ele>
    </trkpt>
    <trkpt lat="43.621993" lon="1.396572">
        <ele>0.0</ele>
    </trkpt>
    <trkpt lat="43.621972" lon="1.396926">
        <ele>0.0</ele>
    </trkpt>
    <trkpt lat="43.62194" lon="1.39698">
        <ele>0.0</ele>
    </trkpt>
    <trkpt lat="43.621757" lon="1.397092">
        <ele>0.0</ele>
    </trkpt>
    <trkpt lat="43.621714" lon="1.39705">
        <ele>0.0</ele>
    </trkpt>
    <trkpt lat="43.621591" lon="1.397017">
        <ele>0.0</ele>
    </trkpt>
    <trkpt lat="43.621339" lon="1.39705">
        <ele>0.0</ele>
    </trkpt>
    <trkpt lat="43.621231" lon="1.397168">
        <ele>0.0</ele>
    </trkpt>
    <trkpt lat="43.621183" lon="1.398906">
        <ele>0.0</ele>
    </trkpt>
    <trkpt lat="43.621376" lon="1.400279">
        <ele>0.0</ele>
    </trkpt>
    <trkpt lat="43.622149" lon="1.402993">
        <ele>0.0</ele>
    </trkpt>
    <trkpt lat="43.622283" lon="1.403669">
        <ele>0.0</ele>
    </trkpt>
    <trkpt lat="43.622401" lon="1.403954">
        <ele>0.0</ele>
    </trkpt>
    <trkpt lat="43.622487" lon="1.404302">
        <ele>0.0</ele>
    </trkpt>
    <trkpt lat="43.622573" lon="1.404485">
        <ele>0.0</ele>
    </trkpt>
    <trkpt lat="43.622648" lon="1.404865">
        <ele>0.0</ele>
    </trkpt>
    <trkpt lat="43.622685" lon="1.404962">
        <ele>0.0</ele>
    </trkpt>
    <trkpt lat="43.622739" lon="1.404989">
        <ele>0.0</ele>
    </trkpt>
    <trkpt lat="43.622986" lon="1.404887">
        <ele>0.0</ele>
    </trkpt>
    <trkpt lat="43.623034" lon="1.404812">
        <ele>0.0</ele>
    </trkpt>
    <trkpt lat="43.623098" lon="1.404796">
        <ele>0.0</ele>
    </trkpt>
    <trkpt lat="43.623147" lon="1.404747">
        <ele>0.0</ele>
    </trkpt>
    <trkpt lat="43.623254" lon="1.40479">
        <ele>0.0</ele>
    </trkpt>
    <trkpt lat="43.623238" lon="1.404855">
        <ele>0.0</ele>
    </trkpt>
    <trkpt lat="43.62335" lon="1.404833">
        <ele>0.0</ele>
    </trkpt>
    <trkpt lat="43.623592" lon="1.404699">
        <ele>0.0</ele>
    </trkpt>
    <trkpt lat="43.623828" lon="1.404522">
        <ele>0.0</ele>
    </trkpt>
    <trkpt lat="43.624252" lon="1.404291">
        <ele>0.0</ele>
    </trkpt>
    <trkpt lat="43.624316" lon="1.404329">
        <ele>0.0</ele>
    </trkpt>
    <trkpt lat="43.624396" lon="1.404469">
        <ele>0.0</ele>
    </trkpt>
    <trkpt lat="43.624933" lon="1.406212">
        <ele>0.0</ele>
    </trkpt>
    <trkpt lat="43.626102" lon="1.41031">
        <ele>0.0</ele>
    </trkpt>
    <trkpt lat="43.626194" lon="1.410825">
        <ele>0.0</ele>
    </trkpt>
    <trkpt lat="43.626183" lon="1.410927">
        <ele>0.0</ele>
    </trkpt>
    <trkpt lat="43.626129" lon="1.410959">
        <ele>0.0</ele>
    </trkpt>
    <trkpt lat="43.626129" lon="1.411153">
        <ele>0.0</ele>
    </trkpt>
    <trkpt lat="43.626194" lon="1.411195">
        <ele>0.0</ele>
    </trkpt>
    <trkpt lat="43.626247" lon="1.411351">
        <ele>0.0</ele>
    </trkpt>
    <trkpt lat="43.626392" lon="1.411373">
        <ele>0.0</ele>
    </trkpt>
    <trkpt lat="43.626494" lon="1.411335">
        <ele>0.0</ele>
    </trkpt>
    <trkpt lat="43.626912" lon="1.411018">
        <ele>0.0</ele>
    </trkpt>
    <trkpt lat="43.627411" lon="1.41075">
        <ele>0.0</ele>
    </trkpt>
    <trkpt lat="43.627776" lon="1.410605">
        <ele>0.0</ele>
    </trkpt>
    <trkpt lat="43.628591" lon="1.410375">
        <ele>0.0</ele>
    </trkpt>
    <trkpt lat="43.628758" lon="1.410353">
        <ele>0.0</ele>
    </trkpt>
    <trkpt lat="43.628924" lon="1.41038">
        <ele>0.0</ele>
    </trkpt>
    <trkpt lat="43.629069" lon="1.410487">
        <ele>0.0</ele>
    </trkpt>
    <trkpt lat="43.629149" lon="1.410498">
        <ele>0.0</ele>
    </trkpt>
    <trkpt lat="43.629455" lon="1.410434">
        <ele>0.0</ele>
    </trkpt>
    <trkpt lat="43.629493" lon="1.41038">
        <ele>0.0</ele>
    </trkpt>
    <trkpt lat="43.62931" lon="1.410257">
        <ele>0.0</ele>
    </trkpt>
    <trkpt lat="43.629176" lon="1.409988">
        <ele>0.0</ele>
    </trkpt>
    <trkpt lat="43.629214" lon="1.408663">
        <ele>0.0</ele>
    </trkpt>
    <trkpt lat="43.629246" lon="1.40832">
        <ele>0.0</ele>
    </trkpt>
    <trkpt lat="43.629321" lon="1.408025">
        <ele>0.0</ele>
    </trkpt>
    <trkpt lat="43.629471" lon="1.407827">
        <ele>0.0</ele>
    </trkpt>
    <trkpt lat="43.630072" lon="1.407553">
        <ele>0.0</ele>
    </trkpt>
    <trkpt lat="43.630388" lon="1.407456">
        <ele>0.0</ele>
    </trkpt>
    <trkpt lat="43.630678" lon="1.407462">
        <ele>0.0</ele>
    </trkpt>
    <trkpt lat="43.630844" lon="1.40743">
        <ele>0.0</ele>
    </trkpt>
    <trkpt lat="43.631681" lon="1.406797">
        <ele>0.0</ele>
    </trkpt>
    <trkpt lat="43.632089" lon="1.406582">
        <ele>0.0</ele>
    </trkpt>
    <trkpt lat="43.632373" lon="1.406507">
        <ele>0.0</ele>
    </trkpt>
    <trkpt lat="43.632674" lon="1.406496">
        <ele>0.0</ele>
    </trkpt>
    <trkpt lat="43.633693" lon="1.406722">
        <ele>0.0</ele>
    </trkpt>
    <trkpt lat="43.634036" lon="1.406759">
        <ele>0.0</ele>
    </trkpt>
    <trkpt lat="43.634943" lon="1.406974">
        <ele>0.0</ele>
    </trkpt>
    <trkpt lat="43.635882" lon="1.407081">
        <ele>0.0</ele>
    </trkpt>
    <trkpt lat="43.636037" lon="1.407135">
        <ele>0.0</ele>
    </trkpt>
    <trkpt lat="43.636171" lon="1.407258">
        <ele>0.0</ele>
    </trkpt>
    <trkpt lat="43.637035" lon="1.40868">
        <ele>0.0</ele>
    </trkpt>
    <trkpt lat="43.637899" lon="1.41001">
        <ele>0.0</ele>
    </trkpt>
    <trkpt lat="43.638043" lon="1.410273">
        <ele>0.0</ele>
    </trkpt>
    <trkpt lat="43.638145" lon="1.410664">
        <ele>0.0</ele>
    </trkpt>
    <trkpt lat="43.638215" lon="1.410815">
        <ele>0.0</ele>
    </trkpt>
    <trkpt lat="43.638296" lon="1.410884">
        <ele>0.0</ele>
    </trkpt>
    <trkpt lat="43.638376" lon="1.41089">
        <ele>0.0</ele>
    </trkpt>
    <trkpt lat="43.638805" lon="1.410584">
        <ele>0.0</ele>
    </trkpt>
    <trkpt lat="43.638902" lon="1.410557">
        <ele>0.0</ele>
    </trkpt>
    <trkpt lat="43.638955" lon="1.410552">
        <ele>0.0</ele>
    </trkpt>
    <trkpt lat="43.639138" lon="1.410638">
        <ele>0.0</ele>
    </trkpt>
    <trkpt lat="43.640012" lon="1.411651">
        <ele>0.0</ele>
    </trkpt>
    <trkpt lat="43.640887" lon="1.412601">
        <ele>0.0</ele>
    </trkpt>
    <trkpt lat="43.64152" lon="1.41339">
        <ele>0.0</ele>
    </trkpt>
    <trkpt lat="43.641745" lon="1.413701">
        <ele>0.0</ele>
    </trkpt>
    <trkpt lat="43.641745" lon="1.413765">
        <ele>0.0</ele>
    </trkpt>
    <trkpt lat="43.641874" lon="1.414033">
        <ele>0.0</ele>
    </trkpt>
    <trkpt lat="43.642019" lon="1.414237">
        <ele>0.0</ele>
    </trkpt>
    <trkpt lat="43.642732" lon="1.415761">
        <ele>0.0</ele>
    </trkpt>
    <trkpt lat="43.64277" lon="1.415916">
        <ele>0.0</ele>
    </trkpt>
    <trkpt lat="43.642877" lon="1.416077">
        <ele>0.0</ele>
    </trkpt>
    <trkpt lat="43.643215" lon="1.416351">
        <ele>0.0</ele>
    </trkpt>
    <trkpt lat="43.643344" lon="1.416528">
        <ele>0.0</ele>
    </trkpt>
    <trkpt lat="43.643617" lon="1.417107">
        <ele>0.0</ele>
    </trkpt>
    <trkpt lat="43.64388" lon="1.417563">
        <ele>0.0</ele>
    </trkpt>
    <trkpt lat="43.644164" lon="1.418255">
        <ele>0.0</ele>
    </trkpt>
    <trkpt lat="43.644406" lon="1.418657">
        <ele>0.0</ele>
    </trkpt>
    <trkpt lat="43.644508" lon="1.418883">
        <ele>0.0</ele>
    </trkpt>
    <trkpt lat="43.644905" lon="1.419376">
        <ele>0.0</ele>
    </trkpt>
    <trkpt lat="43.645108" lon="1.419569">
        <ele>0.0</ele>
    </trkpt>
    <trkpt lat="43.645226" lon="1.419602">
        <ele>0.0</ele>
    </trkpt>
    <trkpt lat="43.645291" lon="1.419585">
        <ele>0.0</ele>
    </trkpt>
    <trkpt lat="43.645554" lon="1.419403">
        <ele>0.0</ele>
    </trkpt>
    <trkpt lat="43.6458" lon="1.419172">
        <ele>0.0</ele>
    </trkpt>
    <trkpt lat="43.646208" lon="1.418856">
        <ele>0.0</ele>
    </trkpt>
    <trkpt lat="43.646256" lon="1.418861">
        <ele>0.0</ele>
    </trkpt>
    <trkpt lat="43.646433" lon="1.41906">
        <ele>0.0</ele>
    </trkpt>
    <trkpt lat="43.646594" lon="1.419178">
        <ele>0.0</ele>
    </trkpt>
    <trkpt lat="43.646476" lon="1.419231">
        <ele>0.0</ele>
    </trkpt>
    <trkpt lat="43.646519" lon="1.419199">
        <ele>0.0</ele>
    </trkpt>
    <trkpt lat="43.646412" lon="1.419205">
        <ele>0.0</ele>
    </trkpt>
    <trkpt lat="43.646369" lon="1.419162">
        <ele>0.0</ele>
    </trkpt>
    <trkpt lat="43.646294" lon="1.418926">
        <ele>0.0</ele>
    </trkpt>
    <trkpt lat="43.646294" lon="1.418834">
        <ele>0.0</ele>
    </trkpt>
    <trkpt lat="43.646326" lon="1.41877">
        <ele>0.0</ele>
    </trkpt>
    <trkpt lat="43.646476" lon="1.418706">
        <ele>0.0</ele>
    </trkpt>
    <trkpt lat="43.64668" lon="1.418711">
        <ele>0.0</ele>
    </trkpt>
    <trkpt lat="43.647061" lon="1.418899">
        <ele>0.0</ele>
    </trkpt>
    <trkpt lat="43.647168" lon="1.419178">
        <ele>0.0</ele>
    </trkpt>
    <trkpt lat="43.647281" lon="1.419757">
        <ele>0.0</ele>
    </trkpt>
    <trkpt lat="43.647496" lon="1.420401">
        <ele>0.0</ele>
    </trkpt>
    <trkpt lat="43.647565" lon="1.420873">
        <ele>0.0</ele>
    </trkpt>
    <trkpt lat="43.647678" lon="1.421383">
        <ele>0.0</ele>
    </trkpt>
    <trkpt lat="43.64793" lon="1.422246">
        <ele>0.0</ele>
    </trkpt>
    <trkpt lat="43.647994" lon="1.422568">
        <ele>0.0</ele>
    </trkpt>
    <trkpt lat="43.648386" lon="1.423786">
        <ele>0.0</ele>
    </trkpt>
    <trkpt lat="43.648595" lon="1.424542">
        <ele>0.0</ele>
    </trkpt>
    <trkpt lat="43.648622" lon="1.424687">
        <ele>0.0</ele>
    </trkpt>
    <trkpt lat="43.648595" lon="1.424875">
        <ele>0.0</ele>
    </trkpt>
    <trkpt lat="43.648386" lon="1.425154">
        <ele>0.0</ele>
    </trkpt>
    <trkpt lat="43.648225" lon="1.42524">
        <ele>0.0</ele>
    </trkpt>
    <trkpt lat="43.648129" lon="1.425256">
        <ele>0.0</ele>
    </trkpt>
    <trkpt lat="43.647775" lon="1.425256">
        <ele>0.0</ele>
    </trkpt>
    <trkpt lat="43.64763" lon="1.425223">
        <ele>0.0</ele>
    </trkpt>
    <trkpt lat="43.647453" lon="1.42525">
        <ele>0.0</ele>
    </trkpt>
    <trkpt lat="43.646991" lon="1.4254">
        <ele>0.0</ele>
    </trkpt>
    <trkpt lat="43.64653" lon="1.425626">
        <ele>0.0</ele>
    </trkpt>
    <trkpt lat="43.646171" lon="1.425878">
        <ele>0.0</ele>
    </trkpt>
    <trkpt lat="43.645961" lon="1.426066">
        <ele>0.0</ele>
    </trkpt>
    <trkpt lat="43.645495" lon="1.426597">
        <ele>0.0</ele>
    </trkpt>
    <trkpt lat="43.64528" lon="1.426886">
        <ele>0.0</ele>
    </trkpt>
    <trkpt lat="43.644867" lon="1.427208">
        <ele>0.0</ele>
    </trkpt>
    <trkpt lat="43.64461" lon="1.427358">
        <ele>0.0</ele>
    </trkpt>
    <trkpt lat="43.644406" lon="1.427375">
        <ele>0.0</ele>
    </trkpt>
    <trkpt lat="43.644159" lon="1.427487">
        <ele>0.0</ele>
    </trkpt>
    <trkpt lat="43.64322" lon="1.427772">
        <ele>0.0</ele>
    </trkpt>
    <trkpt lat="43.642898" lon="1.427927">
        <ele>0.0</ele>
    </trkpt>
    <trkpt lat="43.642566" lon="1.428008">
        <ele>0.0</ele>
    </trkpt>
    <trkpt lat="43.642367" lon="1.428115">
        <ele>0.0</ele>
    </trkpt>
    <trkpt lat="43.642249" lon="1.428217">
        <ele>0.0</ele>
    </trkpt>
    <trkpt lat="43.642013" lon="1.428303">
        <ele>0.0</ele>
    </trkpt>
    <trkpt lat="43.641557" lon="1.428453">
        <ele>0.0</ele>
    </trkpt>
    <trkpt lat="43.641192" lon="1.428517">
        <ele>0.0</ele>
    </trkpt>
    <trkpt lat="43.640205" lon="1.429016">
        <ele>0.0</ele>
    </trkpt>
    <trkpt lat="43.639771" lon="1.429156">
        <ele>0.0</ele>
    </trkpt>
    <trkpt lat="43.638741" lon="1.429563">
        <ele>0.0</ele>
    </trkpt>
    <trkpt lat="43.637341" lon="1.430019">
        <ele>0.0</ele>
    </trkpt>
    <trkpt lat="43.637137" lon="1.429933">
        <ele>0.0</ele>
    </trkpt>
    <trkpt lat="43.637067" lon="1.429939">
        <ele>0.0</ele>
    </trkpt>
    <trkpt lat="43.636799" lon="1.430202">
        <ele>0.0</ele>
    </trkpt>
    <trkpt lat="43.636643" lon="1.430223">
        <ele>0.0</ele>
    </trkpt>
    <trkpt lat="43.635528" lon="1.430668">
        <ele>0.0</ele>
    </trkpt>
    <trkpt lat="43.635034" lon="1.430808">
        <ele>0.0</ele>
    </trkpt>
    <trkpt lat="43.634739" lon="1.430942">
        <ele>0.0</ele>
    </trkpt>
    <trkpt lat="43.633897" lon="1.431178">
        <ele>0.0</ele>
    </trkpt>
    <trkpt lat="43.633607" lon="1.431301">
        <ele>0.0</ele>
    </trkpt>
    <trkpt lat="43.633355" lon="1.431355">
        <ele>0.0</ele>
    </trkpt>
    <trkpt lat="43.632722" lon="1.431596">
        <ele>0.0</ele>
    </trkpt>
    <trkpt lat="43.632261" lon="1.43173">
        <ele>0.0</ele>
    </trkpt>
    <trkpt lat="43.631676" lon="1.431999">
        <ele>0.0</ele>
    </trkpt>
    <trkpt lat="43.630705" lon="1.432283">
        <ele>0.0</ele>
    </trkpt>
    <trkpt lat="43.629868" lon="1.432605">
        <ele>0.0</ele>
    </trkpt>
    <trkpt lat="43.629444" lon="1.432712">
        <ele>0.0</ele>
    </trkpt>
    <trkpt lat="43.629149" lon="1.432846">
        <ele>0.0</ele>
    </trkpt>
    <trkpt lat="43.628565" lon="1.43305">
        <ele>0.0</ele>
    </trkpt>
    <trkpt lat="43.628393" lon="1.433072">
        <ele>0.0</ele>
    </trkpt>
    <trkpt lat="43.627958" lon="1.433227">
        <ele>0.0</ele>
    </trkpt>
  </trkseg>
</trk>
<trk>
  <name>2011/09/10 11:54:00</name>
  <extensions>
  </extensions>
  <trkseg>
    <trkpt lat="43.627883" lon="1.433249">
        <ele>0.0</ele>
    </trkpt>
    <trkpt lat="43.627674" lon="1.433356">
        <ele>0.0</ele>
    </trkpt>
    <trkpt lat="43.627427" lon="1.433393">
        <ele>0.0</ele>
    </trkpt>
    <trkpt lat="43.627014" lon="1.433549">
        <ele>0.0</ele>
    </trkpt>
    <trkpt lat="43.626853" lon="1.43357">
        <ele>0.0</ele>
    </trkpt>
    <trkpt lat="43.626628" lon="1.433726">
        <ele>0.0</ele>
    </trkpt>
    <trkpt lat="43.626505" lon="1.433731">
        <ele>0.0</ele>
    </trkpt>
    <trkpt lat="43.626215" lon="1.433833">
        <ele>0.0</ele>
    </trkpt>
    <trkpt lat="43.625802" lon="1.433898">
        <ele>0.0</ele>
    </trkpt>
    <trkpt lat="43.625544" lon="1.433973">
        <ele>0.0</ele>
    </trkpt>
    <trkpt lat="43.625405" lon="1.434043">
        <ele>0.0</ele>
    </trkpt>
    <trkpt lat="43.62533" lon="1.434037">
        <ele>0.0</ele>
    </trkpt>
    <trkpt lat="43.625029" lon="1.434107">
        <ele>0.0</ele>
    </trkpt>
    <trkpt lat="43.624842" lon="1.434096">
        <ele>0.0</ele>
    </trkpt>
    <trkpt lat="43.624638" lon="1.434037">
        <ele>0.0</ele>
    </trkpt>
    <trkpt lat="43.624579" lon="1.434069">
        <ele>0.0</ele>
    </trkpt>
    <trkpt lat="43.624531" lon="1.434048">
        <ele>0.0</ele>
    </trkpt>
    <trkpt lat="43.624413" lon="1.434118">
        <ele>0.0</ele>
    </trkpt>
    <trkpt lat="43.62416" lon="1.434166">
        <ele>0.0</ele>
    </trkpt>
    <trkpt lat="43.623822" lon="1.434284">
        <ele>0.0</ele>
    </trkpt>
    <trkpt lat="43.623468" lon="1.434321">
        <ele>0.0</ele>
    </trkpt>
    <trkpt lat="43.622492" lon="1.434633">
        <ele>0.0</ele>
    </trkpt>
    <trkpt lat="43.622363" lon="1.434681">
        <ele>0.0</ele>
    </trkpt>
    <trkpt lat="43.622074" lon="1.434895">
        <ele>0.0</ele>
    </trkpt>
    <trkpt lat="43.62195" lon="1.434949">
        <ele>0.0</ele>
    </trkpt>
    <trkpt lat="43.621832" lon="1.435056">
        <ele>0.0</ele>
    </trkpt>
    <trkpt lat="43.621644" lon="1.435158">
        <ele>0.0</ele>
    </trkpt>
    <trkpt lat="43.621414" lon="1.435362">
        <ele>0.0</ele>
    </trkpt>
    <trkpt lat="43.621264" lon="1.435432">
        <ele>0.0</ele>
    </trkpt>
    <trkpt lat="43.621108" lon="1.435421">
        <ele>0.0</ele>
    </trkpt>
    <trkpt lat="43.62092" lon="1.435545">
        <ele>0.0</ele>
    </trkpt>
    <trkpt lat="43.620427" lon="1.4357">
        <ele>0.0</ele>
    </trkpt>
    <trkpt lat="43.62011" lon="1.435861">
        <ele>0.0</ele>
    </trkpt>
    <trkpt lat="43.619955" lon="1.435974">
        <ele>0.0</ele>
    </trkpt>
    <trkpt lat="43.619563" lon="1.436054">
        <ele>0.0</ele>
    </trkpt>
    <trkpt lat="43.618919" lon="1.436263">
        <ele>0.0</ele>
    </trkpt>
    <trkpt lat="43.61863" lon="1.436296">
        <ele>0.0</ele>
    </trkpt>
    <trkpt lat="43.618077" lon="1.436537">
        <ele>0.0</ele>
    </trkpt>
    <trkpt lat="43.616682" lon="1.43695">
        <ele>0.0</ele>
    </trkpt>
    <trkpt lat="43.616425" lon="1.437014">
        <ele>0.0</ele>
    </trkpt>
    <trkpt lat="43.616318" lon="1.437014">
        <ele>0.0</ele>
    </trkpt>
    <trkpt lat="43.615669" lon="1.43725">
        <ele>0.0</ele>
    </trkpt>
    <trkpt lat="43.615829" lon="1.437438">
        <ele>0.0</ele>
    </trkpt>
    <trkpt lat="43.615931" lon="1.438259">
        <ele>0.0</ele>
    </trkpt>
    <trkpt lat="43.615942" lon="1.438887">
        <ele>0.0</ele>
    </trkpt>
    <trkpt lat="43.615803" lon="1.439632">
        <ele>0.0</ele>
    </trkpt>
    <trkpt lat="43.615813" lon="1.439809">
        <ele>0.0</ele>
    </trkpt>
    <trkpt lat="43.615567" lon="1.440394">
        <ele>0.0</ele>
    </trkpt>
    <trkpt lat="43.615454" lon="1.440909">
        <ele>0.0</ele>
    </trkpt>
    <trkpt lat="43.615352" lon="1.441177">
        <ele>0.0</ele>
    </trkpt>
    <trkpt lat="43.615325" lon="1.441365">
        <ele>0.0</ele>
    </trkpt>
    <trkpt lat="43.615078" lon="1.442137">
        <ele>0.0</ele>
    </trkpt>
    <trkpt lat="43.614928" lon="1.442449">
        <ele>0.0</ele>
    </trkpt>
    <trkpt lat="43.614896" lon="1.442781">
        <ele>0.0</ele>
    </trkpt>
    <trkpt lat="43.614923" lon="1.442888">
        <ele>0.0</ele>
    </trkpt>
    <trkpt lat="43.614912" lon="1.442996">
        <ele>0.0</ele>
    </trkpt>
    <trkpt lat="43.614821" lon="1.443221">
        <ele>0.0</ele>
    </trkpt>
    <trkpt lat="43.614869" lon="1.443779">
        <ele>0.0</ele>
    </trkpt>
    <trkpt lat="43.614848" lon="1.44423">
        <ele>0.0</ele>
    </trkpt>
    <trkpt lat="43.614944" lon="1.444476">
        <ele>0.0</ele>
    </trkpt>
    <trkpt lat="43.614966" lon="1.444712">
        <ele>0.0</ele>
    </trkpt>
    <trkpt lat="43.615025" lon="1.444879">
        <ele>0.0</ele>
    </trkpt>
    <trkpt lat="43.615068" lon="1.445555">
        <ele>0.0</ele>
    </trkpt>
    <trkpt lat="43.615116" lon="1.445608">
        <ele>0.0</ele>
    </trkpt>
    <trkpt lat="43.615154" lon="1.44578">
        <ele>0.0</ele>
    </trkpt>
    <trkpt lat="43.615127" lon="1.446011">
        <ele>0.0</ele>
    </trkpt>
    <trkpt lat="43.61518" lon="1.446059">
        <ele>0.0</ele>
    </trkpt>
    <trkpt lat="43.615191" lon="1.446445">
        <ele>0.0</ele>
    </trkpt>
    <trkpt lat="43.615266" lon="1.446644">
        <ele>0.0</ele>
    </trkpt>
    <trkpt lat="43.615207" lon="1.446815">
        <ele>0.0</ele>
    </trkpt>
    <trkpt lat="43.615127" lon="1.447582">
        <ele>0.0</ele>
    </trkpt>
    <trkpt lat="43.614885" lon="1.448344">
        <ele>0.0</ele>
    </trkpt>
    <trkpt lat="43.614816" lon="1.448704">
        <ele>0.0</ele>
    </trkpt>
    <trkpt lat="43.614676" lon="1.448907">
        <ele>0.0</ele>
    </trkpt>
    <trkpt lat="43.614687" lon="1.448972">
        <ele>0.0</ele>
    </trkpt>
    <trkpt lat="43.614531" lon="1.449503">
        <ele>0.0</ele>
    </trkpt>
    <trkpt lat="43.614403" lon="1.449615">
        <ele>0.0</ele>
    </trkpt>
    <trkpt lat="43.614247" lon="1.449884">
        <ele>0.0</ele>
    </trkpt>
    <trkpt lat="43.613882" lon="1.450265">
        <ele>0.0</ele>
    </trkpt>
    <trkpt lat="43.613845" lon="1.450484">
        <ele>0.0</ele>
    </trkpt>
    <trkpt lat="43.61393" lon="1.450592">
        <ele>0.0</ele>
    </trkpt>
    <trkpt lat="43.614043" lon="1.450645">
        <ele>0.0</ele>
    </trkpt>
    <trkpt lat="43.614124" lon="1.450726">
        <ele>0.0</ele>
    </trkpt>
    <trkpt lat="43.614124" lon="1.450919">
        <ele>0.0</ele>
    </trkpt>
    <trkpt lat="43.614081" lon="1.451075">
        <ele>0.0</ele>
    </trkpt>
    <trkpt lat="43.613904" lon="1.451343">
        <ele>0.0</ele>
    </trkpt>
    <trkpt lat="43.613807" lon="1.451402">
        <ele>0.0</ele>
    </trkpt>
    <trkpt lat="43.613668" lon="1.451568">
        <ele>0.0</ele>
    </trkpt>
    <trkpt lat="43.613432" lon="1.451681">
        <ele>0.0</ele>
    </trkpt>
    <trkpt lat="43.613399" lon="1.451729">
        <ele>0.0</ele>
    </trkpt>
    <trkpt lat="43.613094" lon="1.451815">
        <ele>0.0</ele>
    </trkpt>
    <trkpt lat="43.613045" lon="1.451772">
        <ele>0.0</ele>
    </trkpt>
    <trkpt lat="43.612976" lon="1.451804">
        <ele>0.0</ele>
    </trkpt>
    <trkpt lat="43.612906" lon="1.451928">
        <ele>0.0</ele>
    </trkpt>
    <trkpt lat="43.61275" lon="1.452072">
        <ele>0.0</ele>
    </trkpt>
    <trkpt lat="43.612412" lon="1.452212">
        <ele>0.0</ele>
    </trkpt>
    <trkpt lat="43.612278" lon="1.452405">
        <ele>0.0</ele>
    </trkpt>
    <trkpt lat="43.612214" lon="1.452652">
        <ele>0.0</ele>
    </trkpt>
    <trkpt lat="43.611972" lon="1.452721">
        <ele>0.0</ele>
    </trkpt>
    <trkpt lat="43.611951" lon="1.452786">
        <ele>0.0</ele>
    </trkpt>
    <trkpt lat="43.61201" lon="1.452947">
        <ele>0.0</ele>
    </trkpt>
    <trkpt lat="43.61201" lon="1.452882">
        <ele>0.0</ele>
    </trkpt>
  </trkseg>
</trk>
<trk>
  <name>2011/09/10 11:54:00</name>
  <extensions>
  </extensions>
  <trkseg>
    <trkpt lat="43.693946" lon="7.258052">
        <ele>0.0</ele>
    </trkpt>
    <trkpt lat="43.693968" lon="7.257971">
        <ele>0.0</ele>
    </trkpt>
    <trkpt lat="43.693994" lon="7.258025">
        <ele>0.0</ele>
    </trkpt>
    <trkpt lat="43.693909" lon="7.25781">
        <ele>0.0</ele>
    </trkpt>
    <trkpt lat="43.693887" lon="7.257623">
        <ele>0.0</ele>
    </trkpt>
  </trkseg>
</trk>
<trk>
  <name>2011/09/10 11:54:00</name>
  <extensions>
  </extensions>
  <trkseg>
    <trkpt lat="43.692964" lon="7.25376">
        <ele>0.0</ele>
    </trkpt>
    <trkpt lat="43.693029" lon="7.253744">
        <ele>0.0</ele>
    </trkpt>
    <trkpt lat="43.692986" lon="7.253637">
        <ele>0.0</ele>
    </trkpt>
    <trkpt lat="43.693018" lon="7.253685">
        <ele>0.0</ele>
    </trkpt>
    <trkpt lat="43.693061" lon="7.253648">
        <ele>0.0</ele>
    </trkpt>
    <trkpt lat="43.693061" lon="7.253583">
        <ele>0.0</ele>
    </trkpt>
    <trkpt lat="43.692943" lon="7.253261">
        <ele>0.0</ele>
    </trkpt>
    <trkpt lat="43.692916" lon="7.253036">
        <ele>0.0</ele>
    </trkpt>
    <trkpt lat="43.692562" lon="7.252151">
        <ele>0.0</ele>
    </trkpt>
    <trkpt lat="43.692498" lon="7.252119">
        <ele>0.0</ele>
    </trkpt>
    <trkpt lat="43.692541" lon="7.252156">
        <ele>0.0</ele>
    </trkpt>
    <trkpt lat="43.692578" lon="7.252119">
        <ele>0.0</ele>
    </trkpt>
    <trkpt lat="43.692621" lon="7.252151">
        <ele>0.0</ele>
    </trkpt>
    <trkpt lat="43.692696" lon="7.251952">
        <ele>0.0</ele>
    </trkpt>
  </trkseg>
</trk>
<trk>
  <name>2011/09/10 11:54:00</name>
  <extensions>
  </extensions>
  <trkseg>
    <trkpt lat="43.691575" lon="7.248991">
        <ele>0.0</ele>
    </trkpt>
    <trkpt lat="43.691559" lon="7.248782">
        <ele>0.0</ele>
    </trkpt>
    <trkpt lat="43.691682" lon="7.249023">
        <ele>0.0</ele>
    </trkpt>
  </trkseg>
</trk>
<trk>
  <name>2011/09/10 11:54:00</name>
  <extensions>
  </extensions>
  <trkseg>
    <trkpt lat="43.677874" lon="7.229481">
        <ele>0.0</ele>
    </trkpt>
  </trkseg>
</trk>
</gpx>
