Latitude,Longitude,Elevation
42.68818000,18.04993000,6.0
42.68817000,18.04986000,4.0
42.68811000,18.04968000,1.0
42.68809000,18.04974000,1.0
42.68810000,18.04988000,4.0
42.68812000,18.04986000,4.0
42.68795000,18.04991000,5.0
42.68799000,18.04988000,4.0
42.68801000,18.05000000,6.0
42.68802000,18.04992000,5.0
42.68806000,18.04985000,3.0
42.68789000,18.05007000,7.0
42.68784000,18.04997000,6.0
42.68783000,18.04996000,6.0
42.68782000,18.04984000,3.0
42.68781000,18.04983000,3.0
42.68781000,18.04971000,1.0
42.68781000,18.04968000,1.0
42.68780000,18.04960000,1.0
42.68779000,18.04953000,1.0
42.68773000,18.04945000,1.0
42.68772000,18.04945000,1.0
42.68771000,18.04934000,1.0
42.68771000,18.04933000,1.0
42.68768000,18.04944000,1.0
42.68768000,18.04945000,1.0
42.68761000,18.04946000,1.0
42.68759000,18.04947000,1.0
42.68751000,18.04950000,1.0
42.68749000,18.04951000,1.0
42.68742000,18.04957000,4.0
42.68741000,18.04958000,4.0
42.68741000,18.04959000,4.0
42.68755000,18.04955000,1.0
42.68758000,18.04966000,2.0
42.68758000,18.04968000,2.0
42.68758000,18.04980000,4.0
42.68758000,18.04981000,4.0
42.68755000,18.04992000,7.0
42.68755000,18.04994000,7.0
42.68752000,18.05004000,9.0
42.68751000,18.05005000,9.0
42.68750000,18.05016000,11.0
42.68749000,18.05018000,12.0
42.68747000,18.05029000,15.0
42.68747000,18.05032000,15.0
42.68748000,18.05042000,17.0
42.68747000,18.05045000,18.0
42.68747000,18.05055000,19.0
42.68747000,18.05057000,19.0
42.68746000,18.05068000,21.0
42.68747000,18.05070000,21.0
42.68746000,18.05082000,23.0
42.68747000,18.05084000,23.0
42.68746000,18.05095000,24.0
42.68745000,18.05097000,25.0
42.68741000,18.05108000,27.0
42.68741000,18.05109000,27.0
42.68742000,18.05120000,28.0
42.68742000,18.05122000,28.0
42.68743000,18.05129000,29.0
42.68744000,18.05134000,29.0
42.68747000,18.05143000,29.0
42.68747000,18.05146000,29.0
42.68751000,18.05154000,28.0
42.68753000,18.05156000,28.0
42.68758000,18.05165000,29.0
42.68758000,18.05167000,29.0
42.68761000,18.05178000,30.0
42.68762000,18.05180000,30.0
42.68764000,18.05190000,30.0
42.68764000,18.05192000,30.0
42.68767000,18.05204000,30.0
42.68767000,18.05206000,30.0
42.68770000,18.05216000,30.0
42.68771000,18.05217000,30.0
42.68776000,18.05225000,29.0
42.68777000,18.05227000,28.0
42.68780000,18.05238000,29.0
42.68781000,18.05240000,29.0
42.68783000,18.05251000,31.0
42.68783000,18.05252000,31.0
42.68787000,18.05263000,33.0
42.68787000,18.05265000,34.0
42.68788000,18.05277000,36.0
42.68788000,18.05278000,37.0
42.68785000,18.05289000,39.0
42.68785000,18.05291000,39.0
42.68789000,18.05301000,42.0
42.68789000,18.05302000,42.0
42.68788000,18.05313000,43.0
42.68788000,18.05314000,43.0
42.68794000,18.05322000,44.0
42.68794000,18.05324000,45.0
42.68792000,18.05334000,45.0
42.68792000,18.05336000,45.0
42.68789000,18.05346000,45.0
42.68788000,18.05350000,45.0
42.68786000,18.05357000,45.0
42.68783000,18.05360000,45.0
42.68777000,18.05369000,45.0
42.68776000,18.05371000,45.0
42.68771000,18.05381000,46.0
42.68770000,18.05382000,46.0
42.68767000,18.05388000,47.0
42.68765000,18.05391000,47.0
42.68761000,18.05381000,46.0
42.68762000,18.05379000,46.0
42.68767000,18.05368000,45.0
42.68768000,18.05367000,45.0
42.68768000,18.05356000,44.0
42.68768000,18.05354000,44.0
42.68769000,18.05343000,45.0
42.68769000,18.05341000,45.0
42.68769000,18.05330000,45.0
42.68769000,18.05328000,45.0
42.68769000,18.05317000,44.0
42.68769000,18.05314000,44.0
42.68768000,18.05310000,44.0
42.68759000,18.05319000,46.0
42.68756000,18.05321000,47.0
42.68756000,18.05324000,47.0
42.68762000,18.05329000,46.0
42.68766000,18.05331000,45.0
42.68775000,18.05334000,44.0
42.68779000,18.05334000,44.0
42.68785000,18.05334000,44.0
42.68790000,18.05334000,45.0
42.68795000,18.05332000,45.0
42.68799000,18.05329000,45.0
42.68804000,18.05325000,45.0
42.68806000,18.05321000,45.0
42.68813000,18.05317000,48.0
42.68820000,18.05312000,51.0
42.68827000,18.05306000,54.0
42.68836000,18.05299000,57.0
42.68843000,18.05291000,60.0
42.68849000,18.05281000,60.0
42.68848000,18.05271000,57.0
42.68850000,18.05261000,56.0
42.68851000,18.05249000,53.0
42.68849000,18.05237000,52.0
42.68848000,18.05227000,51.0
42.68846000,18.05217000,49.0
42.68843000,18.05207000,48.0
42.68839000,18.05198000,46.0
42.68836000,18.05188000,44.0
42.68833000,18.05179000,42.0
42.68831000,18.05169000,42.0
42.68828000,18.05158000,40.0
42.68830000,18.05145000,41.0
42.68831000,18.05132000,40.0
42.68831000,18.05121000,38.0
42.68834000,18.05109000,37.0
42.68836000,18.05097000,35.0
42.68841000,18.05086000,35.0
42.68845000,18.05075000,33.0
42.68849000,18.05065000,31.0
42.68856000,18.05057000,30.0
42.68862000,18.05048000,29.0
42.68867000,18.05039000,28.0
42.68871000,18.05029000,25.0
42.68877000,18.05019000,23.0
42.68884000,18.05008000,20.0
42.68891000,18.04999000,17.0
42.68900000,18.04991000,15.0
42.68907000,18.04983000,10.0
42.68914000,18.04975000,3.0
42.68921000,18.04968000,5.0
42.68929000,18.04961000,9.0
42.68938000,18.04955000,10.0
42.68945000,18.04950000,8.0
42.68952000,18.04943000,11.0
42.68960000,18.04934000,19.0
42.68967000,18.04924000,24.0
42.68974000,18.04906000,22.0
42.68981000,18.04896000,19.0
42.68989000,18.04888000,18.0
42.68997000,18.04882000,17.0
42.69005000,18.04874000,16.0
42.69012000,18.04866000,15.0
42.69019000,18.04856000,15.0
42.69026000,18.04846000,15.0
42.69032000,18.04836000,16.0
42.69038000,18.04825000,16.0
42.69043000,18.04814000,15.0
42.69048000,18.04804000,15.0
42.69054000,18.04794000,14.0
42.69060000,18.04782000,12.0
42.69065000,18.04772000,11.0
42.69071000,18.04761000,10.0
42.69078000,18.04752000,9.0
42.69085000,18.04745000,9.0
42.69093000,18.04738000,9.0
42.69101000,18.04732000,9.0
42.69111000,18.04728000,9.0
42.69120000,18.04725000,9.0
42.69129000,18.04722000,9.0
42.69138000,18.04720000,9.0
42.69146000,18.04719000,9.0
42.69155000,18.04719000,10.0
42.69164000,18.04720000,10.0
42.69173000,18.04721000,9.0
42.69183000,18.04721000,5.0
42.69192000,18.04721000,1.0
42.69201000,18.04719000,3.0
42.69210000,18.04717000,5.0
42.69216000,18.04715000,6.0
42.69225000,18.04713000,7.0
42.69233000,18.04712000,8.0
42.69241000,18.04711000,8.0
42.69249000,18.04710000,8.0
42.69259000,18.04710000,8.0
42.69268000,18.04710000,8.0
42.69276000,18.04709000,8.0
42.69285000,18.04707000,9.0
42.69293000,18.04705000,9.0
42.69301000,18.04700000,8.0
42.69308000,18.04695000,8.0
42.69315000,18.04690000,9.0
42.69322000,18.04684000,10.0
42.69329000,18.04679000,11.0
42.69336000,18.04673000,11.0
42.69343000,18.04666000,13.0
42.69350000,18.04660000,14.0
42.69355000,18.04652000,14.0
42.69358000,18.04644000,13.0
42.69361000,18.04636000,12.0
42.69364000,18.04627000,11.0
42.69366000,18.04620000,10.0
42.69367000,18.04612000,9.0
42.69370000,18.04603000,8.0
42.69374000,18.04594000,8.0
42.69377000,18.04586000,8.0
42.69381000,18.04578000,6.0
42.69387000,18.04571000,5.0
42.69391000,18.04564000,4.0
42.69396000,18.04558000,3.0
42.69401000,18.04553000,4.0
42.69407000,18.04549000,4.0
42.69412000,18.04544000,4.0
42.69417000,18.04540000,4.0
42.69421000,18.04537000,4.0
42.69426000,18.04534000,3.0
42.69432000,18.04531000,2.0
42.69437000,18.04529000,1.0
42.69443000,18.04526000,1.0
42.69449000,18.04524000,3.0
42.69455000,18.04523000,6.0
42.69460000,18.04522000,8.0
42.69466000,18.04521000,10.0
42.69472000,18.04520000,12.0
42.69477000,18.04520000,10.0
42.69484000,18.04520000,7.0
42.69489000,18.04520000,5.0
42.69494000,18.04520000,3.0
42.69500000,18.04521000,1.0
42.69506000,18.04523000,1.0
42.69511000,18.04526000,1.0
42.69516000,18.04529000,1.0
42.69522000,18.04532000,3.0
42.69527000,18.04536000,5.0
42.69533000,18.04540000,6.0
42.69538000,18.04543000,6.0
42.69543000,18.04547000,5.0
42.69548000,18.04550000,4.0
42.69553000,18.04555000,2.0
42.69558000,18.04559000,1.0
42.69562000,18.04565000,1.0
42.69566000,18.04571000,1.0
42.69571000,18.04577000,1.0
42.69575000,18.04583000,1.0
42.69579000,18.04588000,1.0
42.69584000,18.04592000,1.0
42.69588000,18.04597000,1.0
42.69592000,18.04602000,1.0
42.69597000,18.04607000,1.0
42.69602000,18.04612000,2.0
42.69606000,18.04616000,2.0
42.69611000,18.04620000,2.0
42.69616000,18.04623000,1.0
42.69622000,18.04625000,1.0
42.69628000,18.04628000,1.0
42.69633000,18.04630000,1.0
42.69639000,18.04632000,1.0
42.69645000,18.04633000,2.0
42.69650000,18.04634000,2.0
42.69655000,18.04634000,2.0
42.69660000,18.04634000,3.0
42.69665000,18.04634000,3.0
42.69670000,18.04633000,4.0
42.69676000,18.04632000,5.0
42.69681000,18.04631000,6.0
42.69686000,18.04630000,6.0
42.69691000,18.04628000,7.0
42.69695000,18.04626000,7.0
42.69701000,18.04624000,8.0
42.69705000,18.04622000,8.0
42.69710000,18.04620000,9.0
42.69715000,18.04618000,10.0
42.69721000,18.04617000,11.0
42.69726000,18.04615000,12.0
42.69730000,18.04612000,12.0
42.69735000,18.04610000,13.0
42.69739000,18.04608000,13.0
42.69746000,18.04604000,12.0
42.69751000,18.04603000,12.0
42.69759000,18.04601000,12.0
42.69764000,18.04601000,13.0
42.69768000,18.04600000,13.0
42.69774000,18.04601000,14.0
42.69779000,18.04602000,15.0
42.69785000,18.04604000,15.0
42.69791000,18.04607000,16.0
42.69796000,18.04609000,17.0
42.69804000,18.04609000,17.0
42.69808000,18.04611000,18.0
42.69816000,18.04615000,18.0
42.69820000,18.04616000,17.0
42.69828000,18.04620000,17.0
42.69832000,18.04621000,16.0
42.69840000,18.04626000,15.0
42.69844000,18.04628000,14.0
42.69849000,18.04630000,12.0
42.69853000,18.04633000,11.0
42.69860000,18.04638000,10.0
42.69864000,18.04641000,9.0
42.69868000,18.04644000,9.0
42.69872000,18.04647000,9.0
42.69881000,18.04650000,8.0
42.69885000,18.04652000,8.0
42.69891000,18.04655000,7.0
42.69894000,18.04656000,8.0
42.69900000,18.04657000,8.0
42.69903000,18.04658000,8.0
42.69911000,18.04661000,9.0
42.69914000,18.04662000,9.0
42.69922000,18.04664000,11.0
42.69924000,18.04664000,11.0
42.69933000,18.04665000,14.0
42.69934000,18.04664000,14.0
42.69940000,18.04661000,15.0
42.69943000,18.04660000,15.0
42.69949000,18.04658000,16.0
42.69953000,18.04656000,16.0
42.69958000,18.04655000,17.0
42.69964000,18.04652000,17.0
42.69969000,18.04650000,16.0
42.69975000,18.04648000,16.0
42.69981000,18.04648000,17.0
42.69987000,18.04647000,18.0
42.69992000,18.04645000,17.0
42.69997000,18.04643000,17.0
42.70002000,18.04642000,18.0
42.70007000,18.04641000,17.0
42.70012000,18.04640000,17.0
42.70018000,18.04639000,17.0
42.70023000,18.04636000,17.0
42.70028000,18.04634000,16.0
42.70033000,18.04632000,17.0
42.70038000,18.04630000,17.0
42.70043000,18.04628000,17.0
42.70048000,18.04626000,17.0
42.70053000,18.04619000,16.0
42.70058000,18.04616000,15.0
42.70063000,18.04614000,15.0
42.70068000,18.04612000,14.0
42.70072000,18.04610000,14.0
42.70077000,18.04609000,14.0
42.70082000,18.04607000,14.0
42.70087000,18.04606000,14.0
42.70095000,18.04604000,15.0
42.70099000,18.04604000,16.0
42.70108000,18.04602000,17.0
42.70111000,18.04600000,17.0
42.70116000,18.04599000,18.0
42.70121000,18.04598000,18.0
42.70126000,18.04597000,19.0
42.70132000,18.04596000,20.0
42.70137000,18.04594000,20.0
42.70141000,18.04593000,21.0
42.70146000,18.04593000,21.0
42.70150000,18.04593000,22.0
42.70158000,18.04590000,22.0
42.70163000,18.04588000,23.0
42.70167000,18.04587000,23.0
42.70172000,18.04585000,23.0
42.70176000,18.04583000,23.0
42.70182000,18.04579000,23.0
42.70186000,18.04577000,23.0
42.70191000,18.04573000,23.0
42.70195000,18.04570000,22.0
42.70199000,18.04566000,22.0
42.70203000,18.04562000,21.0
42.70206000,18.04556000,20.0
42.70209000,18.04550000,19.0
42.70213000,18.04545000,19.0
42.70217000,18.04539000,19.0
42.70219000,18.04532000,17.0
42.70224000,18.04526000,18.0
42.70228000,18.04519000,18.0
42.70232000,18.04512000,19.0
42.70235000,18.04504000,19.0
42.70239000,18.04497000,19.0
42.70243000,18.04489000,21.0
42.70246000,18.04482000,21.0
42.70248000,18.04473000,22.0
42.70250000,18.04465000,22.0
42.70252000,18.04457000,22.0
42.70253000,18.04449000,22.0
42.70254000,18.04442000,22.0
42.70254000,18.04434000,21.0
42.70255000,18.04426000,21.0
42.70255000,18.04418000,21.0
42.70254000,18.04411000,20.0
42.70254000,18.04404000,20.0
42.70254000,18.04396000,20.0
42.70254000,18.04389000,20.0
42.70253000,18.04381000,20.0
42.70252000,18.04374000,21.0
42.70251000,18.04368000,21.0
42.70249000,18.04361000,21.0
42.70247000,18.04354000,22.0
42.70245000,18.04347000,23.0
42.70243000,18.04341000,24.0
42.70240000,18.04335000,23.0
42.70237000,18.04329000,23.0
42.70234000,18.04323000,22.0
42.70231000,18.04318000,21.0
42.70227000,18.04312000,20.0
42.70224000,18.04304000,20.0
42.70221000,18.04297000,19.0
42.70217000,18.04290000,19.0
42.70213000,18.04285000,18.0
42.70209000,18.04280000,18.0
42.70204000,18.04274000,17.0
42.70200000,18.04268000,17.0
42.70196000,18.04261000,17.0
42.70192000,18.04255000,17.0
42.70190000,18.04248000,18.0
42.70188000,18.04240000,18.0
42.70185000,18.04233000,18.0
42.70182000,18.04224000,19.0
42.70180000,18.04216000,19.0
42.70179000,18.04207000,19.0
42.70177000,18.04199000,18.0
42.70173000,18.04192000,17.0
42.70171000,18.04184000,15.0
42.70167000,18.04177000,14.0
42.70165000,18.04169000,13.0
42.70163000,18.04159000,12.0
42.70162000,18.04150000,12.0
42.70160000,18.04142000,11.0
42.70158000,18.04134000,11.0
42.70156000,18.04126000,11.0
42.70154000,18.04118000,11.0
42.70152000,18.04111000,10.0
42.70150000,18.04105000,10.0
42.70148000,18.04099000,10.0
42.70146000,18.04092000,10.0
42.70144000,18.04086000,10.0
42.70142000,18.04080000,10.0
42.70139000,18.04075000,10.0
42.70137000,18.04070000,10.0
42.70134000,18.04064000,10.0
42.70131000,18.04059000,10.0
42.70128000,18.04054000,10.0
42.70125000,18.04049000,10.0
42.70123000,18.04043000,10.0
42.70120000,18.04038000,10.0
42.70117000,18.04033000,10.0
42.70114000,18.04026000,10.0
42.70110000,18.04022000,10.0
42.70104000,18.04014000,10.0
42.70101000,18.04010000,10.0
42.70094000,18.04001000,10.0
42.70091000,18.03997000,10.0
42.70087000,18.03993000,10.0
42.70083000,18.03988000,10.0
42.70078000,18.03984000,10.0
42.70074000,18.03979000,11.0
42.70069000,18.03975000,11.0
42.70065000,18.03970000,12.0
42.70060000,18.03967000,12.0
42.70055000,18.03963000,12.0
42.70050000,18.03961000,12.0
42.70046000,18.03957000,12.0
42.70042000,18.03953000,12.0
42.70037000,18.03949000,12.0
42.70033000,18.03945000,11.0
42.70027000,18.03943000,11.0
42.70021000,18.03940000,11.0
42.70016000,18.03937000,12.0
42.70011000,18.03934000,12.0
42.70006000,18.03932000,13.0
42.70002000,18.03930000,13.0
42.69997000,18.03927000,13.0
42.69992000,18.03924000,14.0
42.69987000,18.03920000,15.0
42.69979000,18.03915000,15.0
42.69975000,18.03913000,16.0
42.69967000,18.03909000,16.0
42.69962000,18.03907000,15.0
42.69954000,18.03904000,15.0
42.69949000,18.03903000,14.0
42.69942000,18.03903000,13.0
42.69937000,18.03903000,12.0
42.69932000,18.03901000,11.0
42.69927000,18.03900000,10.0
42.69919000,18.03897000,9.0
42.69913000,18.03895000,9.0
42.69905000,18.03892000,9.0
42.69901000,18.03890000,9.0
42.69896000,18.03888000,10.0
42.69891000,18.03887000,10.0
42.69882000,18.03885000,11.0
42.69878000,18.03885000,11.0
42.69869000,18.03886000,12.0
42.69865000,18.03886000,13.0
42.69857000,18.03886000,13.0
42.69851000,18.03887000,13.0
42.69846000,18.03888000,13.0
42.69842000,18.03890000,13.0
42.69834000,18.03894000,13.0
42.69829000,18.03897000,12.0
42.69824000,18.03900000,12.0
42.69817000,18.03904000,12.0
42.69811000,18.03907000,12.0
42.69806000,18.03911000,11.0
42.69800000,18.03915000,12.0
42.69793000,18.03919000,13.0
42.69786000,18.03923000,14.0
42.69779000,18.03927000,15.0
42.69773000,18.03931000,15.0
42.69766000,18.03934000,15.0
42.69761000,18.03937000,15.0
42.69754000,18.03939000,16.0
42.69747000,18.03941000,16.0
42.69739000,18.03942000,16.0
42.69731000,18.03943000,16.0
42.69722000,18.03940000,16.0
42.69715000,18.03938000,15.0
42.69707000,18.03936000,15.0
42.69699000,18.03931000,14.0
42.69691000,18.03926000,14.0
42.69681000,18.03922000,13.0
42.69674000,18.03917000,12.0
42.69666000,18.03912000,11.0
42.69661000,18.03906000,11.0
42.69654000,18.03900000,10.0
42.69647000,18.03894000,9.0
42.69642000,18.03888000,8.0
42.69635000,18.03884000,8.0
42.69628000,18.03880000,8.0
42.69622000,18.03876000,8.0
42.69616000,18.03872000,7.0
42.69608000,18.03871000,7.0
42.69605000,18.03867000,7.0
42.69599000,18.03866000,7.0
42.69593000,18.03866000,7.0
42.69587000,18.03868000,7.0
42.69581000,18.03870000,7.0
42.69575000,18.03873000,7.0
42.69569000,18.03878000,6.0
42.69563000,18.03883000,6.0
42.69557000,18.03887000,6.0
42.69551000,18.03892000,7.0
42.69547000,18.03899000,8.0
42.69542000,18.03906000,9.0
42.69538000,18.03914000,10.0
42.69534000,18.03922000,10.0
42.69531000,18.03931000,11.0
42.69528000,18.03940000,12.0
42.69527000,18.03949000,11.0
42.69526000,18.03958000,11.0
42.69524000,18.03966000,12.0
42.69523000,18.03975000,11.0
42.69522000,18.03983000,11.0
42.69521000,18.03990000,11.0
42.69521000,18.03997000,11.0
42.69521000,18.04003000,11.0
42.69521000,18.04010000,11.0
42.69521000,18.04022000,12.0
42.69520000,18.04028000,13.0
42.69520000,18.04039000,13.0
42.69519000,18.04046000,14.0
42.69519000,18.04051000,14.0
42.69517000,18.04058000,15.0
42.69516000,18.04064000,14.0
42.69514000,18.04071000,14.0
42.69512000,18.04078000,14.0
42.69507000,18.04085000,14.0
42.69504000,18.04090000,14.0
42.69500000,18.04097000,14.0
42.69496000,18.04103000,14.0
42.69493000,18.04109000,14.0
42.69488000,18.04116000,14.0
42.69484000,18.04121000,15.0
42.69479000,18.04127000,15.0
42.69474000,18.04133000,15.0
42.69467000,18.04136000,16.0
42.69462000,18.04140000,16.0
42.69455000,18.04141000,17.0
42.69447000,18.04141000,19.0
42.69439000,18.04142000,20.0
42.69431000,18.04143000,21.0
42.69425000,18.04143000,21.0
42.69419000,18.04143000,22.0
42.69413000,18.04143000,22.0
42.69407000,18.04143000,21.0
42.69401000,18.04142000,21.0
42.69398000,18.04139000,21.0
42.69390000,18.04136000,20.0
42.69385000,18.04135000,20.0
42.69377000,18.04132000,19.0
42.69372000,18.04131000,18.0
42.69366000,18.04130000,17.0
42.69363000,18.04128000,17.0
42.69356000,18.04125000,18.0
42.69351000,18.04124000,17.0
42.69343000,18.04119000,18.0
42.69337000,18.04119000,17.0
42.69333000,18.04117000,17.0
42.69328000,18.04114000,16.0
42.69322000,18.04111000,16.0
42.69318000,18.04109000,16.0
42.69312000,18.04107000,15.0
42.69307000,18.04105000,14.0
42.69303000,18.04100000,14.0
42.69298000,18.04095000,14.0
42.69294000,18.04090000,14.0
42.69292000,18.04083000,15.0
42.69291000,18.04076000,16.0
42.69287000,18.04071000,15.0
42.69283000,18.04065000,15.0
42.69277000,18.04062000,14.0
42.69275000,18.04055000,14.0
42.69272000,18.04050000,15.0
42.69272000,18.04041000,17.0
42.69274000,18.04031000,19.0
42.69272000,18.04025000,20.0
42.69268000,18.04019000,20.0
42.69265000,18.04013000,20.0
42.69263000,18.04006000,20.0
42.69261000,18.03999000,21.0
42.69259000,18.03993000,20.0
42.69257000,18.03986000,20.0
42.69255000,18.03981000,20.0
42.69252000,18.03971000,20.0
42.69251000,18.03966000,20.0
42.69249000,18.03959000,20.0
42.69242000,18.03958000,19.0
42.69241000,18.03953000,19.0
42.69239000,18.03946000,19.0
42.69238000,18.03940000,19.0
42.69236000,18.03933000,19.0
42.69235000,18.03926000,19.0
42.69233000,18.03920000,19.0
42.69227000,18.03911000,18.0
42.69225000,18.03906000,18.0
42.69218000,18.03898000,17.0
42.69202000,18.03904000,12.0
42.69195000,18.03898000,10.0
42.69193000,18.03895000,10.0
42.69188000,18.03889000,10.0
42.69186000,18.03886000,11.0
42.69181000,18.03879000,11.0
42.69178000,18.03875000,12.0
42.69173000,18.03870000,12.0
42.69171000,18.03867000,12.0
42.69165000,18.03861000,13.0
42.69162000,18.03857000,13.0
42.69159000,18.03853000,14.0
42.69157000,18.03847000,14.0
42.69154000,18.03838000,14.0
42.69150000,18.03834000,14.0
42.69145000,18.03828000,15.0
42.69141000,18.03826000,15.0
42.69135000,18.03821000,15.0
42.69133000,18.03818000,15.0
42.69126000,18.03810000,15.0
42.69123000,18.03807000,16.0
42.69117000,18.03801000,16.0
42.69114000,18.03798000,16.0
42.69108000,18.03789000,16.0
42.69105000,18.03786000,16.0
42.69099000,18.03781000,16.0
42.69097000,18.03779000,16.0
42.69089000,18.03772000,17.0
42.69087000,18.03769000,18.0
42.69081000,18.03761000,18.0
42.69079000,18.03758000,19.0
42.69074000,18.03751000,19.0
42.69072000,18.03747000,19.0
42.69068000,18.03740000,20.0
42.69066000,18.03735000,20.0
42.69063000,18.03726000,21.0
42.69062000,18.03722000,21.0
42.69060000,18.03714000,21.0
42.69059000,18.03710000,21.0
42.69058000,18.03701000,21.0
42.69057000,18.03696000,21.0
42.69056000,18.03687000,21.0
42.69055000,18.03683000,22.0
42.69051000,18.03673000,22.0
42.69051000,18.03670000,22.0
42.69051000,18.03658000,22.0
42.69051000,18.03654000,23.0
42.69050000,18.03644000,23.0
42.69050000,18.03641000,23.0
42.69051000,18.03630000,23.0
42.69051000,18.03627000,24.0
42.69052000,18.03616000,24.0
42.69052000,18.03613000,24.0
42.69053000,18.03602000,24.0
42.69053000,18.03599000,24.0
42.69053000,18.03589000,25.0
42.69053000,18.03586000,25.0
42.69055000,18.03575000,25.0
42.69055000,18.03571000,25.0
42.69052000,18.03560000,26.0
42.69052000,18.03556000,26.0
42.69052000,18.03544000,27.0
42.69052000,18.03540000,28.0
42.69052000,18.03529000,29.0
42.69051000,18.03526000,29.0
42.69051000,18.03514000,30.0
42.69051000,18.03510000,31.0
42.69049000,18.03502000,31.0
42.69049000,18.03498000,31.0
42.69052000,18.03487000,31.0
42.69053000,18.03482000,31.0
42.69050000,18.03472000,31.0
42.69049000,18.03468000,31.0
42.69045000,18.03462000,31.0
42.69042000,18.03460000,31.0
42.69038000,18.03451000,30.0
42.69036000,18.03448000,30.0
42.69033000,18.03438000,29.0
42.69032000,18.03434000,29.0
42.69028000,18.03425000,29.0
42.69028000,18.03421000,29.0
42.69024000,18.03411000,30.0
42.69023000,18.03408000,31.0
42.69019000,18.03398000,32.0
42.69019000,18.03395000,32.0
42.69016000,18.03384000,33.0
42.69015000,18.03380000,33.0
42.69013000,18.03370000,34.0
42.69012000,18.03366000,34.0
42.69010000,18.03356000,34.0
42.69009000,18.03352000,34.0
42.69008000,18.03342000,34.0
42.69008000,18.03339000,34.0
42.69007000,18.03328000,34.0
42.69008000,18.03324000,33.0
42.69008000,18.03313000,33.0
42.69008000,18.03309000,33.0
42.69008000,18.03297000,32.0
42.69009000,18.03294000,32.0
42.69010000,18.03283000,32.0
42.69011000,18.03279000,32.0
42.69013000,18.03268000,33.0
42.69014000,18.03265000,33.0
42.69016000,18.03255000,34.0
42.69017000,18.03251000,35.0
42.69020000,18.03242000,36.0
42.69021000,18.03238000,37.0
42.69023000,18.03230000,39.0
42.69024000,18.03227000,39.0
42.69027000,18.03216000,41.0
42.69028000,18.03213000,42.0
42.69032000,18.03202000,43.0
42.69033000,18.03198000,44.0
42.69037000,18.03189000,45.0
42.69039000,18.03185000,45.0
42.69044000,18.03176000,46.0
42.69046000,18.03173000,46.0
42.69048000,18.03164000,46.0
42.69049000,18.03161000,46.0
42.69052000,18.03152000,45.0
42.69052000,18.03149000,45.0
42.69055000,18.03138000,44.0
42.69055000,18.03135000,44.0
42.69058000,18.03125000,45.0
42.69059000,18.03123000,45.0
42.69065000,18.03114000,46.0
42.69066000,18.03111000,46.0
42.69071000,18.03102000,48.0
42.69072000,18.03098000,49.0
42.69076000,18.03090000,50.0
42.69077000,18.03087000,51.0
42.69081000,18.03078000,52.0
42.69082000,18.03075000,52.0
42.69087000,18.03066000,52.0
42.69087000,18.03063000,52.0
42.69090000,18.03054000,51.0
42.69090000,18.03051000,50.0
42.69093000,18.03041000,49.0
42.69094000,18.03039000,48.0
42.69097000,18.03030000,47.0
42.69099000,18.03027000,47.0
42.69104000,18.03018000,48.0
42.69106000,18.03015000,48.0
42.69110000,18.03006000,48.0
42.69111000,18.03004000,48.0
42.69115000,18.02994000,49.0
42.69117000,18.02991000,50.0
42.69122000,18.02981000,51.0
42.69124000,18.02978000,51.0
42.69129000,18.02969000,52.0
42.69131000,18.02966000,52.0
42.69135000,18.02956000,53.0
42.69136000,18.02953000,53.0
42.69141000,18.02942000,54.0
42.69142000,18.02940000,54.0
42.69147000,18.02930000,55.0
42.69149000,18.02927000,56.0
42.69154000,18.02917000,57.0
42.69155000,18.02914000,57.0
42.69159000,18.02907000,58.0
42.69160000,18.02903000,58.0
42.69164000,18.02893000,59.0
42.69165000,18.02890000,59.0
42.69167000,18.02880000,59.0
42.69168000,18.02876000,59.0
42.69172000,18.02869000,59.0
42.69173000,18.02865000,59.0
42.69176000,18.02857000,59.0
42.69177000,18.02852000,58.0
42.69180000,18.02843000,58.0
42.69183000,18.02840000,58.0
42.69185000,18.02831000,57.0
42.69184000,18.02827000,57.0
42.69185000,18.02819000,56.0
42.69185000,18.02814000,56.0
42.69185000,18.02805000,56.0
42.69185000,18.02801000,56.0
42.69186000,18.02792000,57.0
42.69186000,18.02787000,57.0
42.69186000,18.02775000,58.0
42.69186000,18.02770000,59.0
42.69185000,18.02761000,60.0
42.69184000,18.02756000,61.0
42.69185000,18.02748000,62.0
42.69185000,18.02743000,62.0
42.69186000,18.02732000,63.0
42.69187000,18.02728000,63.0
42.69188000,18.02719000,64.0
42.69188000,18.02714000,64.0
42.69187000,18.02705000,64.0
42.69188000,18.02700000,64.0
42.69188000,18.02691000,65.0
42.69187000,18.02687000,65.0
42.69189000,18.02677000,65.0
42.69189000,18.02672000,65.0
42.69191000,18.02664000,65.0
42.69191000,18.02659000,65.0
42.69191000,18.02650000,65.0
42.69192000,18.02646000,65.0
42.69193000,18.02636000,64.0
42.69194000,18.02632000,64.0
42.69196000,18.02623000,64.0
42.69196000,18.02618000,64.0
42.69197000,18.02609000,64.0
42.69198000,18.02605000,64.0
42.69200000,18.02595000,65.0
42.69201000,18.02591000,65.0
42.69201000,18.02579000,65.0
42.69202000,18.02575000,65.0
42.69203000,18.02567000,66.0
42.69204000,18.02563000,66.0
42.69207000,18.02554000,66.0
42.69209000,18.02549000,66.0
42.69211000,18.02541000,66.0
42.69212000,18.02536000,66.0
42.69214000,18.02526000,66.0
42.69214000,18.02522000,65.0
42.69216000,18.02512000,65.0
42.69217000,18.02508000,64.0
42.69220000,18.02500000,64.0
42.69221000,18.02496000,64.0
42.69223000,18.02489000,64.0
42.69224000,18.02484000,64.0
42.69227000,18.02476000,64.0
42.69227000,18.02472000,64.0
42.69228000,18.02464000,64.0
42.69229000,18.02460000,64.0
42.69231000,18.02450000,64.0
42.69232000,18.02446000,64.0
42.69234000,18.02437000,65.0
42.69237000,18.02432000,66.0
42.69239000,18.02423000,66.0
42.69240000,18.02419000,66.0
42.69242000,18.02409000,66.0
42.69243000,18.02404000,66.0
42.69246000,18.02393000,66.0
42.69247000,18.02388000,66.0
42.69251000,18.02378000,66.0
42.69252000,18.02374000,66.0
42.69254000,18.02365000,66.0
42.69255000,18.02360000,66.0
42.69257000,18.02349000,65.0
42.69258000,18.02344000,65.0
42.69259000,18.02334000,65.0
42.69260000,18.02329000,65.0
42.69263000,18.02318000,64.0
42.69266000,18.02314000,64.0
42.69271000,18.02304000,64.0
42.69274000,18.02300000,64.0
42.69279000,18.02293000,64.0
42.69282000,18.02290000,64.0
42.69287000,18.02284000,63.0
42.69290000,18.02281000,63.0
42.69296000,18.02275000,63.0
42.69300000,18.02272000,63.0
42.69307000,18.02265000,62.0
42.69310000,18.02261000,62.0
42.69316000,18.02254000,62.0
42.69320000,18.02250000,62.0
42.69324000,18.02246000,61.0
42.69328000,18.02241000,61.0
42.69332000,18.02238000,62.0
42.69335000,18.02233000,62.0
42.69339000,18.02230000,63.0
42.69343000,18.02225000,63.0
42.69347000,18.02219000,63.0
42.69351000,18.02213000,63.0
42.69354000,18.02208000,63.0
42.69357000,18.02202000,63.0
42.69361000,18.02196000,63.0
42.69364000,18.02190000,62.0
42.69368000,18.02184000,62.0
42.69371000,18.02177000,62.0
42.69375000,18.02171000,62.0
42.69378000,18.02165000,61.0
42.69382000,18.02159000,61.0
42.69386000,18.02153000,61.0
42.69390000,18.02146000,60.0
42.69394000,18.02141000,60.0
42.69399000,18.02135000,59.0
42.69403000,18.02130000,58.0
42.69408000,18.02125000,57.0
42.69412000,18.02120000,55.0
42.69417000,18.02115000,53.0
42.69421000,18.02110000,52.0
42.69426000,18.02106000,53.0
42.69430000,18.02101000,52.0
42.69435000,18.02097000,52.0
42.69439000,18.02093000,51.0
42.69444000,18.02089000,50.0
42.69449000,18.02085000,49.0
42.69454000,18.02081000,50.0
42.69460000,18.02078000,51.0
42.69465000,18.02075000,51.0
42.69469000,18.02073000,52.0

42.69474000,18.02071000,53.0
42.69480000,18.02068000,54.0
42.69485000,18.02067000,55.0
42.69492000,18.02066000,57.0
42.69497000,18.02064000,58.0
42.69502000,18.02063000,59.0
42.69508000,18.02063000,60.0
42.69513000,18.02063000,61.0
42.69519000,18.02063000,62.0
42.69523000,18.02063000,63.0
42.69529000,18.02063000,63.0
42.69533000,18.02064000,63.0
42.69538000,18.02064000,62.0
42.69543000,18.02063000,61.0
42.69550000,18.02064000,60.0
42.69555000,18.02064000,60.0
42.69561000,18.02065000,60.0
42.69567000,18.02064000,59.0
42.69572000,18.02064000,59.0
42.69578000,18.02064000,58.0
42.69583000,18.02063000,58.0
42.69588000,18.02062000,57.0
42.69593000,18.02060000,57.0
42.69598000,18.02058000,56.0
42.69604000,18.02056000,56.0
42.69608000,18.02053000,55.0
42.69614000,18.02047000,54.0
42.69618000,18.02044000,54.0
42.69625000,18.02037000,54.0
42.69628000,18.02034000,54.0
42.69633000,18.02025000,53.0
42.69636000,18.02020000,53.0
42.69639000,18.02015000,53.0
42.69641000,18.02009000,53.0
42.69644000,18.01999000,53.0
42.69646000,18.01995000,53.0
42.69651000,18.01985000,55.0
42.69653000,18.01981000,55.0
42.69656000,18.01971000,55.0
42.69657000,18.01967000,55.0
42.69661000,18.01958000,55.0
42.69663000,18.01953000,55.0
42.69665000,18.01948000,55.0
42.69667000,18.01942000,56.0
42.69671000,18.01932000,61.0
42.69673000,18.01927000,62.0
42.69675000,18.01916000,64.0
42.69676000,18.01910000,64.0
42.69678000,18.01903000,63.0
42.69681000,18.01896000,63.0
42.69682000,18.01891000,62.0
42.69684000,18.01885000,61.0
42.69686000,18.01879000,59.0
42.69689000,18.01874000,58.0
42.69694000,18.01865000,56.0
42.69695000,18.01858000,55.0
42.69699000,18.01848000,56.0
42.69701000,18.01842000,56.0
42.69704000,18.01831000,57.0
42.69705000,18.01825000,58.0
42.69706000,18.01818000,59.0
42.69708000,18.01812000,60.0
42.69709000,18.01806000,61.0
42.69711000,18.01800000,63.0
42.69712000,18.01794000,65.0
42.69714000,18.01788000,67.0
42.69717000,18.01777000,70.0
42.69718000,18.01771000,71.0
42.69722000,18.01760000,73.0
42.69723000,18.01754000,73.0
42.69723000,18.01748000,72.0
42.69724000,18.01742000,71.0
42.69725000,18.01736000,70.0
42.69726000,18.01729000,69.0
42.69727000,18.01718000,67.0
42.69727000,18.01712000,66.0
42.69726000,18.01706000,65.0
42.69727000,18.01699000,64.0
42.69726000,18.01687000,62.0
42.69727000,18.01682000,62.0
42.69726000,18.01674000,62.0
42.69727000,18.01670000,62.0
42.69728000,18.01659000,62.0
42.69729000,18.01653000,63.0
42.69730000,18.01641000,64.0
42.69731000,18.01635000,65.0
42.69733000,18.01625000,65.0
42.69734000,18.01620000,65.0
42.69736000,18.01611000,65.0
42.69737000,18.01605000,64.0
42.69740000,18.01594000,63.0
42.69742000,18.01589000,63.0
42.69746000,18.01580000,62.0
42.69747000,18.01575000,62.0
42.69751000,18.01566000,61.0
42.69754000,18.01562000,62.0
42.69758000,18.01553000,62.0
42.69761000,18.01549000,62.0
42.69765000,18.01544000,63.0
42.69769000,18.01542000,64.0
42.69774000,18.01535000,65.0
42.69776000,18.01532000,65.0
42.69781000,18.01525000,66.0
42.69784000,18.01521000,66.0
42.69789000,18.01514000,68.0
42.69791000,18.01510000,68.0
42.69797000,18.01503000,70.0
42.69799000,18.01499000,70.0
42.69803000,18.01491000,70.0
42.69806000,18.01487000,71.0
42.69811000,18.01480000,72.0
42.69813000,18.01476000,72.0
42.69816000,18.01468000,71.0
42.69818000,18.01464000,71.0
42.69824000,18.01455000,70.0
42.69826000,18.01451000,70.0
42.69829000,18.01443000,69.0
42.69832000,18.01439000,69.0
42.69834000,18.01431000,68.0
42.69835000,18.01427000,68.0
42.69839000,18.01418000,67.0
42.69840000,18.01415000,67.0
42.69845000,18.01405000,67.0
42.69848000,18.01401000,67.0
42.69851000,18.01395000,67.0
42.69852000,18.01391000,67.0
42.69855000,18.01383000,66.0
42.69856000,18.01379000,65.0
42.69861000,18.01372000,65.0
42.69864000,18.01369000,66.0
42.69868000,18.01361000,66.0
42.69870000,18.01355000,66.0
42.69875000,18.01345000,67.0
42.69876000,18.01341000,67.0
42.69881000,18.01334000,68.0
42.69883000,18.01330000,68.0
42.69890000,18.01322000,69.0
42.69893000,18.01318000,68.0
42.69898000,18.01310000,68.0
42.69901000,18.01306000,68.0
42.69906000,18.01297000,67.0
42.69908000,18.01293000,66.0
42.69911000,18.01285000,64.0
42.69913000,18.01283000,64.0
42.69916000,18.01276000,63.0
42.69919000,18.01272000,63.0
42.69923000,18.01265000,63.0
42.69925000,18.01262000,63.0
42.69929000,18.01255000,62.0
42.69932000,18.01251000,62.0
42.69937000,18.01244000,63.0
42.69939000,18.01241000,64.0
42.69943000,18.01232000,64.0
42.69946000,18.01228000,64.0
42.69951000,18.01220000,63.0
42.69953000,18.01216000,63.0
42.69957000,18.01208000,64.0
42.69959000,18.01204000,64.0
42.69963000,18.01197000,65.0
42.69965000,18.01193000,65.0
42.69968000,18.01186000,66.0
42.69970000,18.01182000,66.0
42.69974000,18.01171000,66.0
42.69975000,18.01167000,66.0
42.69978000,18.01158000,65.0
42.69980000,18.01154000,65.0
42.69984000,18.01145000,64.0
42.69985000,18.01140000,64.0
42.69988000,18.01132000,64.0
42.69990000,18.01127000,64.0
42.69992000,18.01117000,63.0
42.69993000,18.01113000,63.0
42.69995000,18.01104000,63.0
42.69996000,18.01100000,63.0
42.69998000,18.01091000,64.0
42.69999000,18.01086000,64.0
42.70001000,18.01077000,65.0
42.70002000,18.01071000,66.0
42.70003000,18.01061000,67.0
42.70003000,18.01055000,68.0
42.70004000,18.01046000,69.0
42.70004000,18.01041000,69.0
42.70003000,18.01033000,70.0
42.70001000,18.01030000,69.0
42.70000000,18.01021000,70.0
42.69999000,18.01016000,70.0
42.69999000,18.01007000,71.0
42.69998000,18.01002000,71.0
42.69996000,18.00993000,70.0
42.69995000,18.00988000,70.0
42.69994000,18.00979000,70.0
42.69993000,18.00975000,70.0
42.69992000,18.00966000,71.0
42.69991000,18.00961000,71.0
42.69989000,18.00952000,71.0
42.69988000,18.00947000,71.0
42.69987000,18.00939000,71.0
42.69987000,18.00935000,72.0
42.69985000,18.00927000,71.0
42.69983000,18.00923000,71.0
42.69982000,18.00914000,71.0
42.69980000,18.00909000,71.0
42.69979000,18.00901000,71.0
42.69978000,18.00897000,70.0
42.69974000,18.00890000,70.0
42.69973000,18.00885000,70.0
42.69973000,18.00876000,70.0
42.69972000,18.00871000,70.0
42.69970000,18.00864000,70.0
42.69969000,18.00860000,70.0
42.69968000,18.00851000,72.0
42.69968000,18.00847000,72.0
42.69967000,18.00838000,74.0
42.69967000,18.00834000,74.0
42.69965000,18.00823000,76.0
42.69965000,18.00820000,77.0
42.69965000,18.00810000,78.0
42.69964000,18.00805000,79.0
42.69964000,18.00797000,80.0
42.69963000,18.00792000,80.0
42.69961000,18.00783000,81.0
42.69960000,18.00778000,82.0
42.69959000,18.00770000,82.0
42.69958000,18.00766000,82.0
42.69957000,18.00757000,82.0
42.69957000,18.00751000,82.0
42.69955000,18.00740000,81.0
42.69955000,18.00736000,81.0
42.69955000,18.00724000,81.0
42.69955000,18.00720000,80.0
42.69955000,18.00712000,80.0
42.69956000,18.00707000,80.0
42.69953000,18.00698000,80.0
42.69953000,18.00693000,80.0
42.69955000,18.00683000,80.0
42.69956000,18.00678000,80.0
42.69960000,18.00668000,80.0
42.69961000,18.00664000,80.0
42.69963000,18.00655000,80.0
42.69964000,18.00651000,80.0
42.69967000,18.00641000,80.0
42.69968000,18.00637000,80.0
42.69970000,18.00629000,80.0
42.69970000,18.00624000,80.0
42.69970000,18.00613000,80.0
42.69971000,18.00609000,80.0
42.69974000,18.00601000,80.0
42.69975000,18.00597000,80.0
42.69977000,18.00589000,81.0
42.69978000,18.00585000,81.0
42.69982000,18.00577000,82.0
42.69983000,18.00573000,82.0
42.69985000,18.00565000,83.0
42.69987000,18.00561000,83.0
42.69991000,18.00553000,84.0
42.69993000,18.00550000,84.0
42.69997000,18.00542000,85.0
42.69999000,18.00538000,85.0
42.70004000,18.00528000,86.0
42.70006000,18.00525000,86.0
42.70011000,18.00516000,85.0
42.70013000,18.00513000,85.0
42.70015000,18.00504000,85.0
42.70017000,18.00501000,85.0
42.70021000,18.00491000,85.0
42.70022000,18.00487000,85.0
42.70026000,18.00480000,85.0
42.70029000,18.00477000,86.0
42.70035000,18.00470000,87.0
42.70037000,18.00466000,87.0
42.70039000,18.00459000,87.0
42.70041000,18.00455000,87.0
42.70044000,18.00448000,88.0
42.70045000,18.00444000,88.0
42.70049000,18.00434000,88.0
42.70051000,18.00430000,88.0
42.70055000,18.00424000,89.0
42.70057000,18.00420000,90.0
42.70062000,18.00411000,91.0
42.70062000,18.00409000,91.0
42.70066000,18.00401000,91.0
42.70069000,18.00398000,92.0
42.70072000,18.00392000,92.0
42.70074000,18.00388000,92.0
42.70078000,18.00382000,92.0
42.70080000,18.00377000,91.0
42.70084000,18.00369000,90.0
42.70086000,18.00365000,90.0
42.70088000,18.00358000,89.0
42.70090000,18.00355000,90.0
42.70094000,18.00349000,90.0
42.70097000,18.00346000,91.0
42.70101000,18.00337000,92.0
42.70103000,18.00333000,92.0
42.70108000,18.00326000,93.0
42.70110000,18.00323000,93.0
42.70115000,18.00316000,94.0
42.70118000,18.00312000,94.0
42.70123000,18.00305000,95.0
42.70125000,18.00301000,95.0
42.70129000,18.00293000,96.0
42.70131000,18.00289000,96.0
42.70136000,18.00282000,96.0
42.70138000,18.00278000,96.0
42.70142000,18.00271000,97.0
42.70145000,18.00267000,97.0
42.70148000,18.00260000,97.0
42.70149000,18.00256000,97.0
42.70153000,18.00247000,97.0
42.70155000,18.00245000,98.0
42.70159000,18.00238000,98.0
42.70161000,18.00235000,99.0
42.70164000,18.00228000,99.0
42.70166000,18.00225000,99.0
42.70170000,18.00218000,99.0
42.70172000,18.00214000,99.0
42.70176000,18.00204000,98.0
42.70178000,18.00201000,98.0
42.70181000,18.00191000,97.0
42.70183000,18.00188000,97.0
42.70187000,18.00181000,97.0
42.70188000,18.00177000,97.0
42.70191000,18.00169000,97.0
42.70194000,18.00166000,97.0
42.70197000,18.00158000,97.0
42.70198000,18.00155000,97.0
42.70201000,18.00148000,97.0
42.70202000,18.00144000,97.0
42.70207000,18.00136000,98.0
42.70209000,18.00132000,98.0
42.70212000,18.00124000,99.0
42.70213000,18.00120000,99.0
42.70216000,18.00112000,100.0
42.70217000,18.00109000,100.0
42.70221000,18.00098000,99.0
42.70223000,18.00094000,98.0
42.70227000,18.00087000,98.0
42.70230000,18.00083000,98.0
42.70234000,18.00076000,98.0
42.70236000,18.00072000,99.0
42.70239000,18.00064000,99.0
42.70241000,18.00059000,99.0
42.70245000,18.00051000,100.0
42.70247000,18.00045000,101.0
42.70249000,18.00036000,102.0
42.70250000,18.00031000,102.0
42.70251000,18.00022000,103.0
42.70252000,18.00018000,104.0
42.70255000,18.00009000,106.0
42.70256000,18.00005000,106.0
42.70257000,17.99995000,107.0
42.70257000,17.99991000,107.0
42.70259000,17.99983000,108.0
42.70260000,17.99978000,108.0
42.70262000,17.99970000,109.0
42.70263000,17.99965000,109.0
42.70264000,17.99956000,109.0
42.70265000,17.99951000,109.0
42.70266000,17.99941000,109.0
42.70266000,17.99936000,108.0
42.70266000,17.99925000,108.0
42.70266000,17.99920000,108.0
42.70267000,17.99909000,107.0
42.70266000,17.99903000,106.0
42.70266000,17.99893000,105.0
42.70266000,17.99887000,104.0
42.70267000,17.99877000,102.0
42.70267000,17.99873000,101.0
42.70268000,17.99863000,100.0
42.70269000,17.99858000,99.0
42.70269000,17.99848000,98.0
42.70270000,17.99843000,98.0
42.70271000,17.99834000,97.0
42.70272000,17.99829000,97.0
42.70274000,17.99819000,98.0
42.70274000,17.99814000,98.0
42.70275000,17.99804000,99.0
42.70275000,17.99799000,99.0
42.70275000,17.99788000,98.0
42.70275000,17.99783000,98.0
42.70275000,17.99773000,98.0
42.70276000,17.99769000,97.0
42.70278000,17.99760000,97.0
42.70278000,17.99756000,97.0
42.70279000,17.99746000,97.0
42.70280000,17.99741000,97.0
42.70281000,17.99729000,97.0
42.70282000,17.99723000,98.0
42.70284000,17.99713000,99.0
42.70285000,17.99707000,99.0
42.70287000,17.99698000,100.0
42.70287000,17.99694000,100.0
42.70289000,17.99686000,100.0
42.70289000,17.99681000,100.0
42.70290000,17.99671000,100.0
42.70292000,17.99667000,101.0
42.70293000,17.99657000,102.0
42.70293000,17.99652000,102.0
42.70295000,17.99644000,103.0
42.70296000,17.99639000,104.0
42.70298000,17.99629000,105.0
42.70299000,17.99623000,106.0
42.70302000,17.99614000,108.0
42.70302000,17.99610000,108.0
42.70305000,17.99600000,108.0
42.70306000,17.99595000,108.0
42.70308000,17.99586000,107.0
42.70310000,17.99581000,107.0
42.70313000,17.99571000,108.0
42.70315000,17.99566000,108.0
42.70318000,17.99556000,108.0
42.70320000,17.99550000,108.0
42.70322000,17.99540000,108.0
42.70324000,17.99536000,108.0
42.70327000,17.99527000,108.0
42.70328000,17.99522000,107.0
42.70329000,17.99514000,106.0
42.70330000,17.99510000,105.0
42.70331000,17.99502000,104.0
42.70332000,17.99498000,103.0
42.70335000,17.99488000,103.0
42.70337000,17.99483000,103.0
42.70340000,17.99472000,102.0
42.70341000,17.99467000,102.0
42.70342000,17.99457000,102.0
42.70343000,17.99452000,102.0
42.70346000,17.99441000,102.0
42.70347000,17.99436000,102.0
42.70349000,17.99426000,102.0
42.70350000,17.99421000,102.0
42.70353000,17.99411000,103.0
42.70355000,17.99407000,104.0
42.70358000,17.99397000,105.0
42.70359000,17.99392000,105.0
42.70360000,17.99381000,105.0
42.70360000,17.99376000,105.0
42.70361000,17.99366000,105.0
42.70362000,17.99361000,106.0
42.70364000,17.99351000,106.0
42.70364000,17.99345000,105.0
42.70365000,17.99334000,105.0
42.70366000,17.99330000,105.0
42.70367000,17.99321000,105.0
42.70368000,17.99316000,105.0
42.70369000,17.99307000,104.0
42.70370000,17.99303000,105.0
42.70371000,17.99293000,104.0
42.70372000,17.99288000,104.0
42.70373000,17.99277000,104.0
42.70375000,17.99271000,105.0
42.70377000,17.99261000,105.0
42.70378000,17.99256000,105.0
42.70380000,17.99250000,106.0
42.70382000,17.99245000,106.0
42.70383000,17.99234000,105.0
42.70384000,17.99228000,105.0
42.70386000,17.99217000,105.0
42.70386000,17.99212000,104.0
42.70388000,17.99201000,104.0
42.70389000,17.99197000,104.0
42.70390000,17.99186000,104.0
42.70391000,17.99181000,104.0
42.70391000,17.99171000,103.0
42.70391000,17.99165000,103.0
42.70393000,17.99155000,102.0
42.70393000,17.99150000,101.0
42.70395000,17.99140000,101.0
42.70396000,17.99135000,100.0
42.70398000,17.99126000,100.0
42.70399000,17.99121000,100.0
42.70402000,17.99112000,100.0
42.70404000,17.99107000,100.0
42.70407000,17.99096000,99.0
42.70409000,17.99091000,99.0
42.70413000,17.99081000,99.0
42.70414000,17.99077000,99.0
42.70419000,17.99068000,99.0
42.70421000,17.99063000,99.0
42.70423000,17.99054000,99.0
42.70426000,17.99051000,99.0
42.70431000,17.99043000,99.0
42.70433000,17.99040000,99.0
42.70438000,17.99032000,99.0
42.70440000,17.99028000,99.0
42.70444000,17.99021000,99.0
42.70447000,17.99017000,98.0
42.70454000,17.99010000,98.0
42.70458000,17.99006000,97.0
42.70465000,17.99001000,97.0
42.70467000,17.98998000,96.0
42.70474000,17.98992000,96.0
42.70476000,17.98989000,95.0
42.70483000,17.98984000,95.0
42.70486000,17.98981000,95.0
42.70493000,17.98975000,95.0
42.70497000,17.98973000,95.0
42.70503000,17.98968000,96.0
42.70507000,17.98965000,96.0
42.70514000,17.98959000,97.0
42.70517000,17.98956000,97.0
42.70522000,17.98953000,97.0
42.70526000,17.98950000,98.0
42.70531000,17.98947000,99.0
42.70535000,17.98943000,99.0
42.70539000,17.98939000,100.0
42.70542000,17.98936000,100.0
42.70548000,17.98927000,101.0
42.70550000,17.98924000,101.0
42.70556000,17.98915000,102.0
42.70559000,17.98910000,103.0
42.70565000,17.98901000,103.0
42.70568000,17.98896000,104.0
42.70570000,17.98891000,103.0
42.70572000,17.98885000,103.0
42.70575000,17.98880000,103.0
42.70577000,17.98875000,104.0
42.70580000,17.98870000,104.0
42.70582000,17.98864000,104.0
42.70586000,17.98854000,104.0
42.70588000,17.98849000,104.0
42.70591000,17.98838000,104.0
42.70593000,17.98832000,103.0
42.70597000,17.98821000,103.0
42.70598000,17.98816000,103.0
42.70601000,17.98805000,102.0
42.70602000,17.98800000,102.0
42.70604000,17.98794000,102.0
42.70607000,17.98788000,102.0
42.70610000,17.98777000,102.0
42.70611000,17.98772000,102.0
42.70613000,17.98766000,102.0
42.70615000,17.98760000,102.0
42.70618000,17.98750000,101.0
42.70619000,17.98744000,100.0
42.70620000,17.98737000,100.0
42.70622000,17.98730000,99.0
42.70624000,17.98724000,99.0
42.70625000,17.98718000,98.0
42.70627000,17.98712000,98.0
42.70629000,17.98705000,98.0
42.70631000,17.98698000,98.0
42.70633000,17.98692000,98.0
42.70635000,17.98685000,98.0
42.70638000,17.98679000,98.0
42.70641000,17.98672000,99.0
42.70644000,17.98666000,99.0
42.70646000,17.98660000,99.0
42.70648000,17.98653000,98.0
42.70651000,17.98647000,98.0
42.70653000,17.98641000,98.0
42.70656000,17.98634000,98.0
42.70658000,17.98628000,97.0
42.70661000,17.98623000,98.0
42.70663000,17.98617000,97.0
42.70666000,17.98611000,97.0
42.70669000,17.98606000,97.0
42.70672000,17.98600000,97.0
42.70675000,17.98596000,97.0
42.70678000,17.98591000,96.0
42.70681000,17.98587000,96.0
42.70684000,17.98582000,96.0
42.70687000,17.98577000,96.0
42.70690000,17.98571000,96.0
42.70693000,17.98566000,95.0
42.70697000,17.98560000,96.0
42.70701000,17.98554000,96.0
42.70705000,17.98549000,96.0
42.70708000,17.98543000,97.0
42.70712000,17.98538000,97.0
42.70715000,17.98533000,97.0
42.70719000,17.98528000,97.0
42.70722000,17.98524000,97.0
42.70728000,17.98515000,98.0
42.70732000,17.98511000,98.0
42.70735000,17.98506000,98.0
42.70738000,17.98501000,98.0
42.70741000,17.98497000,98.0
42.70745000,17.98491000,98.0
42.70749000,17.98486000,97.0
42.70753000,17.98480000,98.0
42.70757000,17.98475000,98.0
42.70760000,17.98470000,98.0
42.70765000,17.98464000,99.0
42.70769000,17.98459000,100.0
42.70772000,17.98454000,100.0
42.70776000,17.98448000,100.0
42.70780000,17.98444000,101.0
42.70783000,17.98439000,101.0
42.70786000,17.98435000,101.0
42.70790000,17.98430000,101.0
42.70794000,17.98425000,101.0
42.70798000,17.98420000,101.0
42.70801000,17.98415000,100.0
42.70804000,17.98410000,100.0
42.70807000,17.98405000,101.0
42.70810000,17.98400000,102.0
42.70814000,17.98395000,103.0
42.70818000,17.98391000,104.0
42.70821000,17.98386000,105.0
42.70825000,17.98381000,105.0
42.70828000,17.98376000,105.0
42.70831000,17.98371000,105.0
42.70835000,17.98366000,105.0
42.70840000,17.98363000,106.0
42.70843000,17.98359000,106.0
42.70846000,17.98355000,107.0
42.70853000,17.98346000,107.0
42.70855000,17.98342000,107.0
42.70861000,17.98335000,108.0
42.70864000,17.98330000,107.0
42.70870000,17.98322000,107.0
42.70873000,17.98317000,107.0
42.70877000,17.98313000,107.0
42.70881000,17.98308000,106.0
42.70885000,17.98303000,106.0
42.70888000,17.98300000,106.0
42.70892000,17.98296000,107.0
42.70896000,17.98291000,107.0
42.70900000,17.98286000,108.0
42.70904000,17.98281000,108.0
42.70908000,17.98277000,108.0
42.70911000,17.98272000,107.0
42.70915000,17.98268000,107.0
42.70919000,17.98263000,107.0
42.70923000,17.98259000,107.0
42.70927000,17.98254000,107.0
42.70933000,17.98247000,107.0
42.70937000,17.98244000,107.0
42.70944000,17.98238000,107.0
42.70947000,17.98235000,107.0
42.70951000,17.98231000,107.0
42.70954000,17.98227000,106.0
42.70958000,17.98224000,106.0
42.70962000,17.98217000,105.0
42.70966000,17.98213000,104.0
42.70969000,17.98207000,103.0
42.70973000,17.98202000,102.0
42.70977000,17.98198000,102.0
42.70980000,17.98191000,101.0
42.70984000,17.98187000,102.0
42.70987000,17.98182000,101.0
42.70990000,17.98177000,101.0
42.70993000,17.98173000,100.0
42.70996000,17.98169000,100.0
42.71003000,17.98162000,100.0
42.71005000,17.98159000,99.0
42.71012000,17.98151000,98.0
42.71016000,17.98147000,98.0
42.71020000,17.98143000,98.0
42.71024000,17.98139000,98.0
42.71028000,17.98134000,98.0
42.71033000,17.98130000,98.0
42.71037000,17.98126000,97.0
42.71042000,17.98122000,97.0
42.71047000,17.98118000,97.0
42.71052000,17.98114000,98.0
42.71056000,17.98111000,98.0
42.71059000,17.98107000,97.0
42.71064000,17.98103000,98.0
42.71068000,17.98099000,98.0
42.71075000,17.98095000,99.0
42.71080000,17.98091000,99.0
42.71083000,17.98087000,99.0
42.71087000,17.98082000,99.0
42.71091000,17.98078000,100.0
42.71095000,17.98074000,100.0
42.71099000,17.98069000,99.0
42.71103000,17.98065000,99.0
42.71108000,17.98061000,99.0
42.71112000,17.98056000,99.0
42.71116000,17.98053000,99.0
42.71118000,17.98048000,98.0
42.71123000,17.98044000,97.0
42.71127000,17.98040000,97.0
42.71130000,17.98036000,96.0
42.71134000,17.98031000,95.0
42.71137000,17.98026000,94.0
42.71142000,17.98022000,94.0
42.71145000,17.98018000,93.0
42.71149000,17.98014000,93.0
42.71153000,17.98010000,93.0
42.71157000,17.98007000,93.0
42.71161000,17.98003000,92.0
42.71165000,17.98000000,92.0
42.71171000,17.97993000,94.0
42.71175000,17.97990000,95.0
42.71182000,17.97984000,96.0
42.71187000,17.97981000,97.0
42.71194000,17.97975000,98.0
42.71197000,17.97973000,98.0
42.71201000,17.97970000,99.0
42.71205000,17.97967000,99.0
42.71210000,17.97964000,100.0
42.71214000,17.97962000,100.0
42.71219000,17.97960000,101.0
42.71224000,17.97958000,101.0
42.71229000,17.97956000,101.0
42.71234000,17.97954000,100.0
42.71240000,17.97953000,100.0
42.71245000,17.97952000,99.0
42.71250000,17.97952000,99.0
42.71255000,17.97952000,99.0
42.71260000,17.97952000,98.0
42.71265000,17.97952000,98.0
42.71270000,17.97952000,98.0
42.71276000,17.97952000,97.0
42.71281000,17.97953000,97.0
42.71286000,17.97953000,96.0
42.71291000,17.97953000,95.0
42.71295000,17.97950000,94.0
42.71301000,17.97951000,93.0
42.71306000,17.97951000,93.0
42.71312000,17.97951000,93.0
42.71317000,17.97951000,94.0
42.71323000,17.97950000,94.0
42.71330000,17.97951000,94.0
42.71337000,17.97950000,95.0
42.71344000,17.97949000,97.0
42.71352000,17.97948000,98.0
42.71358000,17.97945000,99.0
42.71365000,17.97942000,100.0
42.71371000,17.97938000,100.0
42.71380000,17.97939000,100.0
42.71386000,17.97935000,100.0
42.71390000,17.97931000,100.0
42.71394000,17.97925000,100.0
42.71399000,17.97920000,100.0
42.71404000,17.97915000,99.0
42.71409000,17.97909000,99.0
42.71413000,17.97902000,98.0
42.71417000,17.97895000,98.0
42.71420000,17.97888000,98.0
42.71424000,17.97882000,99.0
42.71427000,17.97876000,99.0
42.71430000,17.97872000,99.0
42.71435000,17.97864000,100.0
42.71438000,17.97860000,100.0
42.71441000,17.97854000,100.0
42.71443000,17.97846000,100.0
42.71446000,17.97839000,100.0
42.71449000,17.97832000,100.0
42.71452000,17.97826000,99.0
42.71455000,17.97821000,99.0
42.71460000,17.97811000,98.0
42.71462000,17.97805000,98.0
42.71464000,17.97800000,97.0
42.71466000,17.97793000,96.0
42.71469000,17.97788000,96.0
42.71471000,17.97783000,95.0
42.71476000,17.97772000,95.0
42.71478000,17.97767000,95.0
42.71480000,17.97762000,95.0
42.71482000,17.97756000,95.0
42.71485000,17.97750000,95.0
42.71487000,17.97746000,95.0
42.71488000,17.97739000,95.0
42.71490000,17.97734000,95.0
42.71493000,17.97724000,94.0
42.71495000,17.97718000,95.0
42.71498000,17.97709000,96.0
42.71499000,17.97705000,96.0
42.71502000,17.97700000,97.0
42.71503000,17.97700000,97.0
42.71504000,17.97689000,98.0
42.71504000,17.97686000,98.0
42.71505000,17.97677000,98.0
42.71506000,17.97672000,99.0
42.71510000,17.97661000,100.0
42.71511000,17.97655000,100.0
42.71513000,17.97649000,100.0
42.71514000,17.97639000,100.0
42.71516000,17.97627000,100.0
42.71518000,17.97618000,100.0
42.71522000,17.97609000,101.0
42.71525000,17.97600000,101.0
42.71528000,17.97590000,101.0
42.71530000,17.97580000,100.0
42.71532000,17.97572000,99.0
42.71534000,17.97564000,99.0
42.71536000,17.97555000,98.0
42.71538000,17.97547000,99.0
42.71540000,17.97538000,99.0
42.71542000,17.97530000,100.0
42.71543000,17.97522000,100.0
42.71543000,17.97513000,100.0
42.71543000,17.97504000,101.0
42.71543000,17.97495000,101.0
42.71543000,17.97486000,101.0
42.71543000,17.97477000,101.0
42.71543000,17.97468000,101.0
42.71543000,17.97459000,100.0
42.71542000,17.97451000,100.0
42.71541000,17.97441000,99.0
42.71540000,17.97432000,99.0
42.71540000,17.97423000,99.0
42.71538000,17.97414000,99.0
42.71536000,17.97405000,99.0
42.71534000,17.97397000,99.0
42.71531000,17.97388000,98.0
42.71529000,17.97380000,99.0
42.71526000,17.97371000,99.0
42.71523000,17.97362000,100.0
42.71520000,17.97353000,100.0
42.71518000,17.97344000,101.0
42.71515000,17.97336000,101.0
42.71513000,17.97328000,102.0
42.71511000,17.97319000,102.0
42.71510000,17.97312000,103.0
42.71508000,17.97304000,104.0
42.71507000,17.97296000,104.0
42.71505000,17.97288000,105.0
42.71503000,17.97279000,105.0
42.71501000,17.97270000,106.0
42.71500000,17.97259000,107.0
42.71499000,17.97251000,107.0
42.71499000,17.97242000,108.0
42.71500000,17.97234000,109.0
42.71501000,17.97226000,109.0
42.71502000,17.97218000,110.0
42.71502000,17.97209000,110.0
42.71502000,17.97201000,110.0
42.71504000,17.97193000,110.0
42.71505000,17.97186000,110.0
42.71506000,17.97179000,109.0
42.71507000,17.97172000,109.0
42.71507000,17.97166000,109.0
42.71507000,17.97159000,107.0
42.71508000,17.97153000,106.0
42.71507000,17.97147000,105.0
42.71507000,17.97135000,102.0
42.71509000,17.97129000,102.0
42.71511000,17.97118000,101.0
42.71512000,17.97113000,101.0
42.71515000,17.97107000,101.0
42.71517000,17.97101000,101.0
42.71519000,17.97095000,101.0
42.71521000,17.97089000,101.0
42.71524000,17.97084000,101.0
42.71526000,17.97078000,101.0
42.71529000,17.97071000,102.0
42.71532000,17.97065000,103.0
42.71534000,17.97060000,103.0
42.71537000,17.97055000,104.0
42.71541000,17.97050000,105.0
42.71545000,17.97044000,106.0
42.71548000,17.97039000,106.0
42.71552000,17.97033000,107.0
42.71555000,17.97027000,107.0
42.71558000,17.97020000,108.0
42.71562000,17.97014000,109.0
42.71566000,17.97009000,111.0
42.71570000,17.97003000,112.0
42.71573000,17.96997000,113.0
42.71577000,17.96993000,114.0
42.71580000,17.96988000,114.0
42.71583000,17.96983000,115.0
42.71586000,17.96977000,115.0
42.71589000,17.96972000,115.0
42.71592000,17.96967000,114.0
42.71595000,17.96961000,114.0
42.71599000,17.96956000,114.0
42.71603000,17.96951000,115.0
42.71607000,17.96947000,115.0
42.71612000,17.96941000,116.0
42.71615000,17.96937000,116.0
42.71618000,17.96933000,116.0
42.71622000,17.96928000,116.0
42.71626000,17.96923000,117.0
42.71630000,17.96918000,117.0
42.71633000,17.96912000,116.0
42.71636000,17.96904000,114.0
42.71639000,17.96898000,113.0
42.71642000,17.96892000,112.0
42.71645000,17.96887000,112.0
42.71648000,17.96881000,111.0
42.71651000,17.96875000,110.0
42.71654000,17.96871000,109.0
42.71656000,17.96866000,108.0
42.71659000,17.96861000,107.0
42.71662000,17.96850000,104.0
42.71665000,17.96845000,103.0
42.71670000,17.96838000,103.0
42.71673000,17.96835000,103.0
42.71680000,17.96827000,105.0
42.71683000,17.96822000,106.0
42.71686000,17.96816000,106.0
42.71690000,17.96811000,107.0
42.71693000,17.96807000,108.0
42.71696000,17.96803000,109.0
42.71700000,17.96799000,110.0
42.71703000,17.96795000,111.0
42.71709000,17.96787000,113.0
42.71712000,17.96782000,114.0
42.71716000,17.96777000,115.0
42.71719000,17.96773000,117.0
42.71725000,17.96765000,118.0
42.71728000,17.96761000,118.0
42.71735000,17.96753000,117.0
42.71738000,17.96749000,116.0
42.71745000,17.96742000,114.0
42.71749000,17.96739000,113.0
42.71752000,17.96735000,112.0
42.71756000,17.96730000,111.0
42.71763000,17.96722000,110.0
42.71766000,17.96719000,110.0
42.71773000,17.96713000,110.0
42.71776000,17.96708000,108.0
42.71780000,17.96703000,108.0
42.71784000,17.96699000,108.0
42.71788000,17.96694000,108.0
42.71792000,17.96689000,108.0
42.71797000,17.96685000,108.0
42.71801000,17.96681000,109.0
42.71805000,17.96676000,108.0
42.71811000,17.96673000,108.0
42.71817000,17.96669000,107.0
42.71823000,17.96666000,107.0
42.71828000,17.96664000,106.0
42.71834000,17.96661000,106.0
42.71839000,17.96659000,106.0
42.71845000,17.96657000,106.0
42.71850000,17.96654000,106.0
42.71856000,17.96650000,105.0
42.71862000,17.96648000,105.0
42.71867000,17.96646000,105.0
42.71872000,17.96641000,104.0
42.71875000,17.96639000,104.0
42.71880000,17.96638000,104.0
42.71884000,17.96641000,105.0
42.71893000,17.96641000,105.0
42.71897000,17.96641000,105.0
42.71902000,17.96640000,105.0
42.71908000,17.96640000,105.0
42.71912000,17.96640000,105.0
42.71917000,17.96641000,105.0
42.71922000,17.96641000,103.0
42.71928000,17.96643000,101.0
42.71935000,17.96646000,100.0
42.71940000,17.96647000,98.0
42.71946000,17.96649000,97.0
42.71952000,17.96651000,97.0
42.71957000,17.96654000,97.0
42.71963000,17.96657000,97.0
42.71970000,17.96661000,97.0
42.71977000,17.96665000,97.0
42.71982000,17.96668000,97.0
42.71990000,17.96673000,97.0
42.71997000,17.96678000,98.0
42.72004000,17.96684000,99.0
42.72010000,17.96688000,99.0
42.72016000,17.96693000,99.0
42.72021000,17.96697000,99.0
42.72027000,17.96702000,100.0
42.72032000,17.96705000,101.0
42.72038000,17.96709000,102.0
42.72045000,17.96712000,103.0
42.72051000,17.96713000,103.0
42.72056000,17.96716000,104.0
42.72062000,17.96721000,104.0
42.72068000,17.96727000,105.0
42.72075000,17.96730000,105.0
42.72081000,17.96734000,105.0
42.72088000,17.96736000,103.0
42.72097000,17.96736000,99.0
42.72105000,17.96736000,95.0
42.72112000,17.96736000,92.0
42.72119000,17.96736000,92.0
42.72126000,17.96735000,92.0
42.72134000,17.96733000,92.0
42.72142000,17.96731000,92.0
42.72149000,17.96728000,91.0
42.72158000,17.96724000,91.0
42.72165000,17.96721000,91.0
42.72172000,17.96716000,91.0
42.72178000,17.96711000,91.0
42.72184000,17.96705000,92.0
42.72190000,17.96698000,92.0
42.72196000,17.96691000,93.0
42.72202000,17.96685000,93.0
42.72207000,17.96677000,94.0
42.72212000,17.96670000,94.0
42.72216000,17.96661000,95.0
42.72219000,17.96652000,94.0
42.72221000,17.96642000,94.0
42.72223000,17.96632000,93.0
42.72226000,17.96623000,92.0
42.72228000,17.96613000,91.0
42.72229000,17.96603000,90.0
42.72231000,17.96593000,89.0
42.72232000,17.96582000,87.0
42.72234000,17.96572000,86.0
42.72235000,17.96562000,85.0
42.72236000,17.96552000,84.0
42.72236000,17.96541000,83.0
42.72237000,17.96531000,84.0
42.72237000,17.96520000,84.0
42.72237000,17.96510000,84.0
42.72237000,17.96499000,84.0

42.72237000,17.96489000,84.0
42.72238000,17.96478000,84.0
42.72239000,17.96467000,83.0
42.72240000,17.96456000,82.0
42.72241000,17.96445000,82.0
42.72243000,17.96434000,81.0
42.72244000,17.96424000,81.0
42.72246000,17.96413000,80.0
42.72247000,17.96402000,79.0
42.72249000,17.96391000,78.0
42.72252000,17.96382000,78.0
42.72254000,17.96373000,77.0
42.72256000,17.96363000,77.0
42.72258000,17.96354000,77.0
42.72261000,17.96345000,78.0
42.72264000,17.96335000,79.0
42.72268000,17.96327000,80.0
42.72271000,17.96318000,80.0
42.72275000,17.96310000,80.0
42.72280000,17.96301000,79.0
42.72285000,17.96295000,79.0
42.72289000,17.96288000,79.0
42.72294000,17.96282000,79.0
42.72300000,17.96275000,79.0
42.72306000,17.96269000,79.0
42.72311000,17.96262000,78.0
42.72316000,17.96256000,78.0
42.72322000,17.96251000,78.0
42.72327000,17.96245000,78.0
42.72333000,17.96239000,78.0
42.72338000,17.96234000,78.0
42.72343000,17.96229000,78.0
42.72348000,17.96225000,78.0
42.72353000,17.96220000,78.0
42.72359000,17.96216000,78.0
42.72364000,17.96211000,78.0
42.72370000,17.96207000,77.0
42.72375000,17.96203000,77.0
42.72380000,17.96199000,76.0
42.72385000,17.96196000,76.0
42.72389000,17.96191000,75.0
42.72394000,17.96187000,75.0
42.72397000,17.96183000,75.0
42.72402000,17.96179000,75.0
42.72407000,17.96176000,75.0
42.72411000,17.96172000,75.0
42.72416000,17.96169000,76.0
42.72422000,17.96164000,76.0
42.72427000,17.96160000,76.0
42.72433000,17.96157000,76.0
42.72440000,17.96150000,76.0
42.72444000,17.96146000,76.0
42.72448000,17.96143000,77.0
42.72452000,17.96140000,77.0
42.72458000,17.96138000,77.0
42.72463000,17.96136000,78.0
42.72468000,17.96133000,78.0
42.72473000,17.96130000,78.0
42.72478000,17.96128000,79.0
42.72483000,17.96125000,80.0
42.72487000,17.96122000,80.0
42.72492000,17.96120000,81.0
42.72497000,17.96114000,80.0
42.72501000,17.96111000,81.0
42.72509000,17.96106000,81.0
42.72513000,17.96102000,80.0
42.72517000,17.96099000,80.0
42.72521000,17.96097000,80.0
42.72529000,17.96092000,80.0
42.72532000,17.96089000,80.0
42.72538000,17.96087000,81.0
42.72541000,17.96084000,81.0
42.72546000,17.96082000,82.0
42.72551000,17.96079000,82.0
42.72556000,17.96077000,82.0
42.72560000,17.96074000,82.0
42.72564000,17.96071000,82.0
42.72568000,17.96068000,81.0
42.72576000,17.96063000,81.0
42.72580000,17.96060000,81.0
42.72587000,17.96056000,81.0
42.72591000,17.96053000,80.0
42.72598000,17.96048000,80.0
42.72601000,17.96045000,79.0
42.72609000,17.96038000,79.0
42.72612000,17.96035000,78.0
42.72619000,17.96028000,78.0
42.72622000,17.96024000,78.0
42.72629000,17.96017000,78.0
42.72633000,17.96013000,78.0
42.72637000,17.96010000,78.0
42.72640000,17.96007000,78.0
42.72647000,17.95999000,79.0
42.72650000,17.95995000,79.0
42.72654000,17.95992000,79.0
42.72658000,17.95988000,80.0
42.72663000,17.95985000,80.0
42.72666000,17.95981000,80.0
42.72670000,17.95976000,80.0
42.72674000,17.95973000,81.0
42.72678000,17.95969000,82.0
42.72682000,17.95966000,83.0
42.72688000,17.95959000,83.0
42.72692000,17.95956000,84.0
42.72698000,17.95950000,84.0
42.72701000,17.95947000,84.0
42.72708000,17.95941000,85.0
42.72712000,17.95937000,85.0
42.72719000,17.95931000,85.0
42.72723000,17.95928000,85.0
42.72730000,17.95921000,85.0
42.72733000,17.95918000,85.0
42.72739000,17.95912000,85.0
42.72742000,17.95909000,85.0
42.72748000,17.95902000,84.0
42.72753000,17.95899000,84.0
42.72759000,17.95892000,84.0
42.72763000,17.95888000,84.0
42.72769000,17.95882000,84.0
42.72773000,17.95878000,84.0
42.72780000,17.95871000,84.0
42.72783000,17.95867000,84.0
42.72787000,17.95863000,85.0
42.72790000,17.95859000,85.0
42.72796000,17.95851000,84.0
42.72800000,17.95847000,84.0
42.72804000,17.95843000,84.0
42.72808000,17.95840000,85.0
42.72815000,17.95831000,85.0
42.72819000,17.95827000,85.0
42.72822000,17.95823000,85.0
42.72826000,17.95820000,85.0
42.72830000,17.95816000,85.0
42.72833000,17.95812000,85.0
42.72836000,17.95807000,85.0
42.72840000,17.95803000,85.0
42.72844000,17.95799000,84.0
42.72847000,17.95794000,84.0
42.72853000,17.95786000,84.0
42.72856000,17.95782000,84.0
42.72862000,17.95774000,83.0
42.72865000,17.95769000,83.0
42.72869000,17.95765000,84.0
42.72873000,17.95760000,84.0
42.72876000,17.95755000,84.0
42.72879000,17.95750000,84.0
42.72882000,17.95745000,84.0
42.72886000,17.95741000,84.0
42.72889000,17.95736000,84.0
42.72893000,17.95731000,84.0
42.72897000,17.95726000,84.0
42.72900000,17.95721000,84.0
42.72903000,17.95716000,84.0
42.72908000,17.95711000,84.0
42.72912000,17.95706000,84.0
42.72916000,17.95700000,84.0
42.72919000,17.95695000,84.0
42.72922000,17.95689000,84.0
42.72925000,17.95683000,84.0
42.72929000,17.95678000,84.0
42.72933000,17.95672000,84.0
42.72936000,17.95665000,83.0
42.72940000,17.95659000,83.0
42.72943000,17.95654000,83.0
42.72947000,17.95648000,83.0
42.72952000,17.95642000,83.0
42.72955000,17.95635000,82.0
42.72958000,17.95629000,82.0
42.72961000,17.95622000,82.0
42.72964000,17.95616000,82.0
42.72966000,17.95609000,82.0
42.72969000,17.95603000,82.0
42.72972000,17.95592000,82.0
42.72976000,17.95584000,83.0
42.72980000,17.95577000,83.0
42.72984000,17.95570000,83.0
42.72988000,17.95563000,83.0
42.72991000,17.95556000,83.0
42.72995000,17.95549000,83.0
42.72998000,17.95543000,82.0
42.73002000,17.95536000,82.0
42.73006000,17.95529000,82.0
42.73008000,17.95522000,81.0
42.73012000,17.95515000,81.0
42.73015000,17.95508000,80.0
42.73019000,17.95502000,81.0
42.73024000,17.95496000,81.0
42.73028000,17.95489000,81.0
42.73032000,17.95482000,82.0
42.73036000,17.95475000,82.0
42.73040000,17.95467000,82.0
42.73044000,17.95460000,82.0
42.73048000,17.95453000,83.0
42.73051000,17.95446000,84.0
42.73055000,17.95439000,86.0
42.73059000,17.95432000,87.0
42.73062000,17.95425000,87.0
42.73066000,17.95417000,88.0
42.73069000,17.95408000,88.0
42.73072000,17.95400000,88.0
42.73075000,17.95392000,88.0
42.73078000,17.95382000,88.0
42.73080000,17.95374000,87.0
42.73083000,17.95365000,87.0
42.73086000,17.95355000,87.0
42.73089000,17.95345000,87.0
42.73092000,17.95335000,87.0
42.73095000,17.95325000,88.0
42.73096000,17.95315000,88.0
42.73098000,17.95305000,88.0
42.73101000,17.95296000,89.0
42.73104000,17.95286000,90.0
42.73107000,17.95276000,91.0
42.73110000,17.95266000,92.0
42.73112000,17.95256000,93.0
42.73113000,17.95245000,93.0
42.73114000,17.95235000,92.0
42.73113000,17.95225000,90.0
42.73113000,17.95214000,88.0
42.73112000,17.95205000,85.0
42.73110000,17.95195000,81.0
42.73109000,17.95184000,81.0
42.73102000,17.95176000,78.0
42.73096000,17.95168000,75.0
42.73089000,17.95160000,74.0
42.73082000,17.95154000,74.0
42.73075000,17.95148000,76.0
42.73067000,17.95144000,76.0
42.73059000,17.95140000,77.0
42.73050000,17.95137000,76.0
42.73042000,17.95136000,75.0
42.73033000,17.95135000,74.0
42.73026000,17.95137000,73.0
42.73019000,17.95138000,73.0
42.73010000,17.95140000,74.0
42.73002000,17.95141000,75.0
42.72994000,17.95144000,74.0
42.72987000,17.95147000,72.0
42.72979000,17.95149000,70.0
42.72971000,17.95150000,69.0
42.72964000,17.95151000,68.0
42.72957000,17.95150000,67.0
42.72951000,17.95149000,67.0
42.72944000,17.95146000,66.0
42.72939000,17.95142000,66.0
42.72932000,17.95137000,65.0
42.72925000,17.95130000,63.0
42.72920000,17.95122000,62.0
42.72915000,17.95113000,61.0
42.72911000,17.95103000,61.0
42.72908000,17.95092000,61.0
42.72906000,17.95082000,61.0
42.72904000,17.95071000,61.0
42.72903000,17.95061000,62.0
42.72903000,17.95051000,62.0
42.72903000,17.95041000,63.0
42.72904000,17.95031000,63.0
42.72907000,17.95022000,64.0
42.72910000,17.95012000,65.0
42.72913000,17.95003000,65.0
42.72916000,17.94995000,65.0
42.72919000,17.94986000,65.0
42.72923000,17.94977000,65.0
42.72927000,17.94968000,65.0
42.72931000,17.94959000,65.0
42.72935000,17.94951000,66.0
42.72939000,17.94943000,66.0
42.72943000,17.94935000,67.0
42.72948000,17.94926000,67.0
42.72953000,17.94918000,67.0
42.72959000,17.94910000,68.0
42.72963000,17.94901000,67.0
42.72969000,17.94893000,67.0
42.72973000,17.94885000,66.0
42.72978000,17.94878000,65.0
42.72984000,17.94870000,65.0
42.72989000,17.94862000,65.0
42.72994000,17.94854000,64.0
42.72999000,17.94846000,63.0
42.73005000,17.94838000,63.0
42.73011000,17.94831000,63.0
42.73017000,17.94824000,63.0
42.73022000,17.94816000,62.0
42.73027000,17.94807000,62.0
42.73033000,17.94799000,62.0
42.73039000,17.94791000,62.0
42.73045000,17.94784000,63.0
42.73050000,17.94776000,63.0
42.73055000,17.94769000,63.0
42.73060000,17.94760000,62.0
42.73065000,17.94752000,62.0
42.73070000,17.94744000,62.0
42.73075000,17.94736000,63.0
42.73079000,17.94728000,64.0
42.73082000,17.94720000,64.0
42.73087000,17.94712000,65.0
42.73090000,17.94702000,64.0
42.73094000,17.94694000,64.0
42.73098000,17.94686000,64.0
42.73101000,17.94677000,63.0
42.73104000,17.94667000,62.0
42.73106000,17.94658000,61.0
42.73108000,17.94650000,60.0
42.73112000,17.94641000,60.0
42.73115000,17.94633000,60.0
42.73119000,17.94624000,59.0
42.73122000,17.94616000,58.0
42.73125000,17.94607000,57.0
42.73127000,17.94598000,56.0
42.73130000,17.94589000,55.0
42.73133000,17.94581000,55.0
42.73136000,17.94573000,55.0
42.73137000,17.94565000,54.0
42.73139000,17.94556000,53.0
42.73141000,17.94547000,53.0
42.73142000,17.94537000,53.0
42.73144000,17.94527000,54.0
42.73146000,17.94518000,54.0
42.73148000,17.94508000,55.0
42.73149000,17.94497000,55.0
42.73151000,17.94487000,55.0
42.73153000,17.94477000,55.0
42.73154000,17.94467000,54.0
42.73156000,17.94457000,54.0
42.73157000,17.94447000,53.0
42.73158000,17.94436000,52.0
42.73159000,17.94426000,52.0
42.73161000,17.94414000,52.0
42.73163000,17.94403000,52.0
42.73164000,17.94393000,52.0
42.73165000,17.94384000,52.0
42.73166000,17.94373000,52.0
42.73168000,17.94363000,52.0
42.73169000,17.94352000,52.0
42.73170000,17.94342000,51.0
42.73171000,17.94331000,51.0
42.73172000,17.94322000,51.0
42.73172000,17.94312000,51.0
42.73173000,17.94301000,51.0
42.73174000,17.94291000,51.0
42.73175000,17.94281000,50.0
42.73176000,17.94271000,49.0
42.73176000,17.94261000,49.0
42.73177000,17.94250000,48.0
42.73178000,17.94240000,47.0
42.73180000,17.94230000,47.0
42.73181000,17.94220000,46.0
42.73182000,17.94210000,45.0
42.73183000,17.94200000,44.0
42.73184000,17.94190000,43.0
42.73185000,17.94180000,42.0
42.73185000,17.94170000,41.0
42.73186000,17.94160000,41.0
42.73188000,17.94150000,40.0
42.73190000,17.94140000,40.0
42.73192000,17.94131000,40.0
42.73194000,17.94121000,38.0
42.73197000,17.94111000,38.0
42.73199000,17.94103000,37.0
42.73202000,17.94094000,37.0
42.73206000,17.94086000,38.0
42.73210000,17.94077000,38.0
42.73214000,17.94070000,38.0
42.73218000,17.94064000,39.0
42.73223000,17.94058000,39.0
42.73229000,17.94051000,39.0
42.73235000,17.94046000,40.0
42.73242000,17.94041000,40.0
42.73248000,17.94037000,40.0
42.73255000,17.94034000,41.0
42.73261000,17.94031000,41.0
42.73267000,17.94029000,42.0
42.73274000,17.94026000,42.0
42.73280000,17.94023000,42.0
42.73286000,17.94021000,42.0
42.73292000,17.94019000,42.0
42.73299000,17.94018000,43.0
42.73305000,17.94014000,42.0
42.73312000,17.94011000,41.0
42.73320000,17.94008000,41.0
42.73326000,17.94004000,40.0
42.73333000,17.93998000,38.0
42.73340000,17.93992000,37.0
42.73345000,17.93986000,36.0
42.73351000,17.93979000,35.0
42.73356000,17.93972000,34.0
42.73360000,17.93964000,33.0
42.73364000,17.93957000,33.0
42.73367000,17.93949000,33.0
42.73371000,17.93941000,35.0
42.73373000,17.93933000,36.0
42.73375000,17.93925000,37.0
42.73378000,17.93917000,38.0
42.73380000,17.93908000,40.0
42.73381000,17.93901000,41.0
42.73382000,17.93893000,42.0
42.73383000,17.93886000,42.0
42.73385000,17.93878000,42.0
42.73387000,17.93870000,42.0
42.73389000,17.93861000,42.0
42.73391000,17.93853000,40.0
42.73393000,17.93845000,39.0
42.73395000,17.93838000,38.0
42.73397000,17.93830000,38.0
42.73400000,17.93823000,37.0
42.73402000,17.93815000,36.0
42.73405000,17.93809000,36.0
42.73407000,17.93802000,36.0
42.73410000,17.93795000,35.0
42.73414000,17.93790000,36.0
42.73418000,17.93784000,36.0
42.73422000,17.93779000,35.0
42.73426000,17.93773000,35.0
42.73430000,17.93767000,35.0
42.73435000,17.93762000,35.0
42.73439000,17.93757000,34.0
42.73444000,17.93754000,35.0
42.73448000,17.93750000,35.0
42.73453000,17.93746000,35.0
42.73458000,17.93741000,34.0
42.73462000,17.93737000,34.0
42.73466000,17.93733000,33.0
42.73470000,17.93729000,33.0
42.73475000,17.93726000,33.0
42.73479000,17.93722000,32.0
42.73484000,17.93718000,32.0
42.73488000,17.93714000,31.0
42.73492000,17.93709000,30.0
42.73496000,17.93705000,30.0
42.73499000,17.93700000,28.0
42.73502000,17.93696000,28.0
42.73506000,17.93691000,28.0
42.73510000,17.93686000,28.0
42.73514000,17.93681000,28.0
42.73517000,17.93676000,27.0
42.73521000,17.93670000,27.0
42.73525000,17.93665000,27.0
42.73527000,17.93660000,28.0
42.73531000,17.93653000,29.0
42.73533000,17.93647000,30.0
42.73536000,17.93641000,31.0
42.73538000,17.93635000,32.0
42.73541000,17.93630000,34.0
42.73542000,17.93624000,35.0
42.73544000,17.93618000,37.0
42.73547000,17.93611000,39.0
42.73549000,17.93605000,39.0
42.73552000,17.93599000,41.0
42.73554000,17.93594000,41.0
42.73556000,17.93588000,42.0
42.73561000,17.93581000,45.0
42.73563000,17.93575000,46.0
42.73566000,17.93570000,48.0
42.73570000,17.93563000,50.0
42.73573000,17.93556000,51.0
42.73576000,17.93549000,52.0
42.73578000,17.93542000,53.0
42.73578000,17.93535000,52.0
42.73579000,17.93528000,51.0
42.73578000,17.93519000,49.0
42.73578000,17.93510000,48.0
42.73577000,17.93503000,46.0
42.73576000,17.93496000,45.0
42.73576000,17.93489000,44.0
42.73574000,17.93482000,43.0
42.73573000,17.93475000,41.0
42.73571000,17.93469000,40.0
42.73569000,17.93462000,39.0
42.73570000,17.93454000,38.0
42.73570000,17.93447000,38.0
42.73571000,17.93439000,37.0
42.73569000,17.93432000,36.0
42.73566000,17.93426000,34.0
42.73564000,17.93419000,33.0
42.73563000,17.93411000,31.0
42.73563000,17.93403000,30.0
42.73563000,17.93395000,29.0
42.73564000,17.93387000,28.0
42.73563000,17.93379000,27.0
42.73563000,17.93372000,26.0
42.73563000,17.93364000,25.0
42.73563000,17.93356000,24.0
42.73563000,17.93348000,23.0
42.73563000,17.93341000,23.0
42.73563000,17.93333000,23.0
42.73563000,17.93326000,23.0
42.73563000,17.93318000,24.0
42.73564000,17.93312000,24.0
42.73564000,17.93305000,25.0
42.73564000,17.93298000,25.0
42.73565000,17.93291000,26.0
42.73565000,17.93284000,27.0
42.73566000,17.93277000,27.0
42.73568000,17.93269000,29.0
42.73569000,17.93261000,29.0
42.73570000,17.93253000,30.0
42.73572000,17.93246000,31.0
42.73573000,17.93239000,31.0
42.73575000,17.93231000,31.0
42.73577000,17.93224000,31.0
42.73579000,17.93217000,31.0
42.73581000,17.93210000,31.0
42.73584000,17.93204000,32.0
42.73586000,17.93198000,32.0
42.73588000,17.93192000,32.0
42.73592000,17.93182000,32.0
42.73595000,17.93176000,32.0
42.73598000,17.93169000,32.0
42.73600000,17.93163000,32.0
42.73602000,17.93158000,33.0
42.73604000,17.93152000,33.0
42.73608000,17.93144000,34.0
42.73612000,17.93137000,35.0
42.73615000,17.93129000,35.0
42.73619000,17.93122000,35.0
42.73622000,17.93115000,34.0
42.73627000,17.93107000,34.0
42.73630000,17.93101000,34.0
42.73634000,17.93094000,33.0
42.73637000,17.93087000,33.0
42.73641000,17.93081000,32.0
42.73644000,17.93075000,32.0
42.73647000,17.93069000,31.0
42.73651000,17.93063000,30.0
42.73654000,17.93057000,29.0
42.73658000,17.93052000,29.0
42.73662000,17.93046000,29.0
42.73666000,17.93040000,28.0
42.73669000,17.93035000,28.0
42.73673000,17.93029000,28.0
42.73677000,17.93024000,28.0
42.73681000,17.93019000,27.0
42.73685000,17.93014000,27.0
42.73690000,17.93010000,27.0
42.73694000,17.93005000,26.0
42.73699000,17.92999000,26.0
42.73702000,17.92995000,25.0
42.73706000,17.92991000,25.0
42.73710000,17.92987000,25.0
42.73714000,17.92983000,24.0
42.73719000,17.92980000,24.0
42.73724000,17.92976000,24.0
42.73728000,17.92972000,24.0
42.73732000,17.92967000,22.0
42.73737000,17.92963000,22.0
42.73741000,17.92960000,23.0
42.73747000,17.92957000,24.0
42.73752000,17.92955000,25.0
42.73758000,17.92953000,25.0
42.73763000,17.92951000,25.0
42.73770000,17.92948000,25.0
42.73776000,17.92946000,26.0
42.73781000,17.92945000,26.0
42.73787000,17.92942000,24.0
42.73793000,17.92940000,23.0
42.73799000,17.92936000,21.0
42.73804000,17.92935000,21.0
42.73810000,17.92933000,21.0
42.73815000,17.92932000,21.0
42.73820000,17.92931000,21.0
42.73825000,17.92930000,21.0
42.73830000,17.92928000,21.0
42.73836000,17.92928000,21.0
42.73841000,17.92928000,22.0
42.73848000,17.92926000,22.0
42.73854000,17.92924000,22.0
42.73861000,17.92921000,21.0
42.73867000,17.92919000,21.0
42.73874000,17.92917000,21.0
42.73879000,17.92914000,20.0
42.73886000,17.92912000,20.0
42.73892000,17.92910000,20.0
42.73898000,17.92907000,21.0
42.73904000,17.92904000,22.0
42.73910000,17.92902000,22.0
42.73916000,17.92900000,23.0
42.73922000,17.92898000,23.0
42.73928000,17.92896000,23.0
42.73934000,17.92893000,22.0
42.73939000,17.92892000,22.0
42.73945000,17.92891000,22.0
42.73951000,17.92889000,22.0
42.73957000,17.92888000,22.0
42.73962000,17.92886000,21.0
42.73968000,17.92885000,21.0
42.73973000,17.92886000,21.0
42.73979000,17.92886000,21.0
42.73984000,17.92884000,21.0
42.73990000,17.92884000,20.0
42.73995000,17.92884000,20.0
42.74001000,17.92884000,20.0
42.74006000,17.92883000,20.0
42.74013000,17.92883000,20.0
42.74019000,17.92883000,21.0
42.74026000,17.92883000,21.0
42.74031000,17.92884000,21.0
42.74037000,17.92884000,20.0
42.74043000,17.92884000,19.0
42.74049000,17.92884000,18.0
42.74054000,17.92883000,17.0
42.74059000,17.92882000,17.0
42.74064000,17.92880000,16.0
42.74070000,17.92879000,16.0
42.74075000,17.92877000,16.0
42.74080000,17.92875000,15.0
42.74085000,17.92872000,14.0
42.74090000,17.92868000,14.0
42.74095000,17.92865000,14.0
42.74100000,17.92861000,13.0
42.74105000,17.92857000,14.0
42.74110000,17.92852000,14.0
42.74114000,17.92847000,14.0
42.74117000,17.92841000,15.0
42.74121000,17.92835000,16.0
42.74123000,17.92829000,17.0
42.74126000,17.92823000,18.0
42.74128000,17.92816000,18.0
42.74130000,17.92809000,19.0
42.74131000,17.92802000,19.0
42.74132000,17.92794000,20.0
42.74133000,17.92786000,21.0
42.74134000,17.92779000,21.0
42.74134000,17.92772000,22.0
42.74134000,17.92766000,23.0
42.74133000,17.92758000,24.0
42.74133000,17.92752000,24.0
42.74133000,17.92744000,26.0
42.74131000,17.92732000,27.0
42.74130000,17.92727000,27.0
42.74128000,17.92717000,28.0
42.74126000,17.92712000,28.0
42.74124000,17.92707000,28.0
42.74122000,17.92701000,28.0
42.74119000,17.92695000,27.0
42.74117000,17.92689000,27.0
42.74115000,17.92683000,27.0
42.74112000,17.92677000,25.0
42.74111000,17.92671000,25.0
42.74108000,17.92666000,24.0
42.74106000,17.92660000,24.0
42.74105000,17.92654000,25.0
42.74103000,17.92643000,26.0
42.74103000,17.92638000,27.0
42.74104000,17.92627000,30.0
42.74105000,17.92621000,32.0
42.74105000,17.92614000,33.0
42.74106000,17.92608000,34.0
42.74103000,17.92596000,31.0
42.74103000,17.92591000,31.0
42.74104000,17.92581000,30.0
42.74104000,17.92577000,29.0
42.74106000,17.92569000,28.0
42.74107000,17.92564000,28.0
42.74112000,17.92556000,31.0
42.74114000,17.92551000,31.0
42.74117000,17.92546000,32.0
42.74120000,17.92541000,33.0
42.74125000,17.92532000,34.0
42.74127000,17.92528000,34.0
42.74130000,17.92521000,35.0
42.74132000,17.92517000,35.0
42.74136000,17.92509000,35.0
42.74137000,17.92505000,35.0
42.74141000,17.92496000,34.0
42.74143000,17.92491000,33.0
42.74147000,17.92482000,32.0
42.74150000,17.92479000,33.0
42.74154000,17.92470000,32.0
42.74156000,17.92467000,32.0
42.74161000,17.92460000,33.0
42.74163000,17.92456000,33.0
42.74168000,17.92449000,34.0
42.74170000,17.92446000,34.0
42.74177000,17.92437000,37.0
42.74178000,17.92434000,37.0
42.74183000,17.92425000,38.0
42.74185000,17.92420000,39.0
42.74189000,17.92414000,40.0
42.74191000,17.92410000,40.0
42.74195000,17.92400000,38.0
42.74198000,17.92396000,38.0
42.74203000,17.92388000,38.0
42.74205000,17.92383000,37.0
42.74209000,17.92376000,37.0
42.74211000,17.92372000,37.0
42.74215000,17.92364000,36.0
42.74217000,17.92360000,36.0
42.74222000,17.92351000,37.0
42.74225000,17.92346000,36.0
42.74230000,17.92339000,36.0
42.74232000,17.92334000,35.0
42.74235000,17.92324000,34.0
42.74237000,17.92320000,34.0
42.74243000,17.92312000,35.0
42.74245000,17.92308000,34.0
42.74250000,17.92300000,34.0
42.74252000,17.92296000,34.0
42.74255000,17.92286000,33.0
42.74257000,17.92283000,33.0
42.74260000,17.92274000,32.0
42.74262000,17.92269000,31.0
42.74266000,17.92261000,30.0
42.74267000,17.92257000,29.0
42.74272000,17.92248000,28.0
42.74274000,17.92243000,27.0
42.74279000,17.92236000,26.0
42.74282000,17.92232000,26.0
42.74287000,17.92226000,26.0
42.74289000,17.92223000,26.0
42.74294000,17.92213000,26.0
42.74297000,17.92208000,26.0
42.74303000,17.92200000,27.0
42.74305000,17.92196000,27.0
42.74309000,17.92188000,27.0
42.74311000,17.92183000,27.0
42.74316000,17.92176000,28.0
42.74317000,17.92172000,28.0
42.74320000,17.92163000,27.0
42.74321000,17.92159000,27.0
42.74324000,17.92148000,27.0
42.74325000,17.92144000,27.0
42.74325000,17.92135000,26.0
42.74326000,17.92130000,26.0
42.74326000,17.92118000,26.0
42.74326000,17.92112000,26.0
42.74328000,17.92100000,28.0
42.74328000,17.92095000,28.0
42.74328000,17.92086000,29.0
42.74328000,17.92082000,29.0
42.74328000,17.92073000,29.0
42.74328000,17.92069000,30.0
42.74329000,17.92057000,31.0
42.74329000,17.92052000,32.0
42.74329000,17.92041000,34.0
42.74328000,17.92037000,35.0
42.74329000,17.92028000,37.0
42.74330000,17.92023000,38.0
42.74331000,17.92013000,39.0
42.74332000,17.92008000,40.0
42.74332000,17.91997000,40.0
42.74332000,17.91991000,39.0
42.74332000,17.91981000,37.0
42.74333000,17.91977000,36.0
42.74331000,17.91967000,34.0
42.74331000,17.91963000,33.0
42.74331000,17.91954000,32.0
42.74332000,17.91949000,32.0
42.74335000,17.91940000,33.0
42.74337000,17.91936000,35.0
42.74340000,17.91926000,37.0
42.74341000,17.91922000,38.0
42.74343000,17.91915000,38.0
42.74346000,17.91911000,39.0
42.74351000,17.91905000,41.0
42.74353000,17.91901000,41.0
42.74358000,17.91894000,42.0
42.74360000,17.91889000,42.0
42.74364000,17.91880000,43.0
42.74365000,17.91876000,42.0
42.74368000,17.91865000,41.0
42.74370000,17.91862000,42.0
42.74373000,17.91851000,42.0
42.74374000,17.91849000,42.0
42.74378000,17.91841000,43.0
42.74380000,17.91837000,43.0
42.74383000,17.91830000,42.0
42.74385000,17.91827000,43.0
42.74387000,17.91818000,42.0
42.74389000,17.91814000,42.0
42.74392000,17.91805000,42.0
42.74395000,17.91800000,44.0
42.74398000,17.91789000,45.0
42.74400000,17.91785000,47.0
42.74402000,17.91775000,47.0
42.74403000,17.91770000,48.0
42.74406000,17.91761000,50.0
42.74407000,17.91756000,50.0
42.74409000,17.91747000,51.0
42.74409000,17.91743000,50.0
42.74410000,17.91735000,48.0
42.74411000,17.91729000,47.0
42.74414000,17.91719000,45.0
42.74415000,17.91713000,43.0
42.74417000,17.91703000,41.0
42.74419000,17.91698000,40.0
42.74421000,17.91689000,39.0
42.74423000,17.91684000,39.0
42.74426000,17.91673000,39.0
42.74427000,17.91668000,39.0
42.74429000,17.91663000,40.0
42.74431000,17.91656000,41.0
42.74433000,17.91650000,42.0
42.74436000,17.91644000,43.0
42.74438000,17.91637000,43.0
42.74441000,17.91632000,44.0
42.74443000,17.91626000,44.0
42.74445000,17.91620000,44.0
42.74447000,17.91614000,43.0
42.74450000,17.91607000,43.0
42.74454000,17.91601000,44.0
42.74456000,17.91596000,44.0
42.74459000,17.91590000,43.0
42.74461000,17.91582000,41.0
42.74466000,17.91572000,42.0
42.74468000,17.91567000,41.0
42.74473000,17.91556000,41.0
42.74476000,17.91551000,41.0
42.74480000,17.91541000,40.0
42.74483000,17.91536000,40.0
42.74486000,17.91531000,41.0
42.74489000,17.91526000,41.0
42.74492000,17.91521000,41.0
42.74495000,17.91516000,41.0
42.74498000,17.91510000,40.0
42.74501000,17.91504000,39.0
42.74505000,17.91499000,39.0
42.74506000,17.91493000,37.0
42.74509000,17.91486000,36.0
42.74513000,17.91480000,36.0
42.74517000,17.91474000,36.0
42.74521000,17.91467000,35.0
42.74525000,17.91460000,35.0
42.74529000,17.91455000,35.0
42.74533000,17.91448000,35.0
42.74536000,17.91442000,34.0
42.74540000,17.91436000,35.0
42.74543000,17.91430000,34.0
42.74547000,17.91422000,34.0
42.74550000,17.91415000,33.0
42.74553000,17.91408000,32.0
42.74556000,17.91402000,31.0
42.74559000,17.91394000,30.0
42.74561000,17.91387000,29.0
42.74563000,17.91379000,29.0
42.74566000,17.91371000,30.0
42.74568000,17.91362000,31.0
42.74569000,17.91353000,32.0
42.74570000,17.91343000,34.0
42.74572000,17.91333000,36.0
42.74573000,17.91323000,38.0
42.74573000,17.91313000,38.0
42.74574000,17.91302000,39.0
42.74574000,17.91291000,38.0
42.74574000,17.91280000,37.0
42.74574000,17.91269000,35.0
42.74574000,17.91259000,33.0
42.74575000,17.91248000,32.0
42.74575000,17.91237000,31.0
42.74575000,17.91228000,30.0
42.74575000,17.91217000,29.0
42.74575000,17.91205000,29.0
42.74575000,17.91193000,28.0
42.74575000,17.91182000,28.0
42.74576000,17.91170000,28.0
42.74576000,17.91158000,27.0
42.74577000,17.91148000,28.0
42.74578000,17.91138000,29.0
42.74579000,17.91128000,29.0
42.74580000,17.91118000,30.0
42.74581000,17.91108000,30.0
42.74581000,17.91099000,30.0
42.74582000,17.91090000,30.0
42.74583000,17.91081000,30.0
42.74585000,17.91072000,31.0
42.74585000,17.91064000,31.0
42.74586000,17.91056000,31.0
42.74587000,17.91049000,30.0
42.74588000,17.91042000,29.0
42.74589000,17.91036000,29.0
42.74589000,17.91028000,27.0
42.74590000,17.91019000,26.0
42.74592000,17.91012000,27.0
42.74593000,17.91004000,26.0
42.74594000,17.90997000,26.0
42.74595000,17.90990000,26.0
42.74597000,17.90981000,27.0
42.74599000,17.90974000,27.0
42.74599000,17.90967000,27.0
42.74599000,17.90960000,27.0
42.74600000,17.90952000,27.0
42.74599000,17.90946000,26.0
42.74600000,17.90939000,26.0
42.74599000,17.90933000,25.0
42.74601000,17.90927000,26.0
42.74601000,17.90921000,26.0
42.74601000,17.90909000,25.0
42.74601000,17.90903000,25.0
42.74602000,17.90891000,25.0
42.74603000,17.90884000,25.0
42.74604000,17.90877000,26.0
42.74604000,17.90870000,26.0
42.74605000,17.90863000,26.0
42.74606000,17.90855000,26.0
42.74606000,17.90848000,26.0
42.74607000,17.90841000,26.0
42.74607000,17.90833000,26.0
42.74607000,17.90826000,26.0
42.74607000,17.90817000,26.0
42.74607000,17.90810000,25.0
42.74607000,17.90803000,25.0
42.74606000,17.90796000,25.0
42.74605000,17.90789000,25.0
42.74604000,17.90782000,25.0
42.74603000,17.90774000,25.0
42.74602000,17.90767000,25.0
42.74601000,17.90760000,25.0
42.74600000,17.90753000,26.0
42.74599000,17.90746000,26.0
42.74598000,17.90740000,26.0
42.74596000,17.90733000,25.0
42.74595000,17.90727000,25.0
42.74594000,17.90720000,25.0
42.74594000,17.90713000,25.0
42.74594000,17.90705000,25.0
42.74596000,17.90675000,25.0
42.74593000,17.90669000,24.0
42.74592000,17.90662000,23.0
42.74591000,17.90656000,22.0
42.74591000,17.90649000,22.0
42.74592000,17.90642000,21.0
42.74592000,17.90635000,21.0
42.74592000,17.90629000,20.0
42.74590000,17.90623000,19.0
42.74587000,17.90617000,18.0
42.74589000,17.90611000,18.0
42.74592000,17.90599000,18.0
42.74593000,17.90594000,18.0
42.74596000,17.90585000,18.0
42.74597000,17.90581000,18.0
42.74600000,17.90572000,18.0
42.74602000,17.90567000,19.0
42.74606000,17.90558000,20.0
42.74611000,17.90553000,21.0
42.74616000,17.90544000,23.0
42.74621000,17.90538000,24.0
42.74623000,17.90527000,24.0
42.74628000,17.90521000,25.0
42.74633000,17.90512000,26.0
42.74635000,17.90509000,26.0
42.74643000,17.90503000,28.0
42.74646000,17.90500000,29.0
42.74652000,17.90493000,29.0
42.74656000,17.90490000,29.0
42.74661000,17.90483000,29.0
42.74664000,17.90480000,29.0
42.74668000,17.90474000,28.0
42.74671000,17.90470000,28.0
42.74677000,17.90464000,29.0
42.74680000,17.90460000,29.0
42.74686000,17.90453000,29.0
42.74689000,17.90451000,30.0
42.74695000,17.90445000,31.0
42.74698000,17.90442000,31.0
42.74702000,17.90432000,30.0
42.74703000,17.90428000,30.0
42.74707000,17.90422000,31.0
42.74710000,17.90419000,32.0
42.74715000,17.90410000,32.0
42.74716000,17.90407000,32.0
42.74720000,17.90397000,32.0
42.74722000,17.90394000,32.0
42.74727000,17.90386000,32.0
42.74729000,17.90383000,32.0
42.74733000,17.90376000,32.0
42.74736000,17.90372000,33.0
42.74742000,17.90366000,34.0
42.74743000,17.90361000,34.0
42.74746000,17.90352000,33.0
42.74749000,17.90348000,33.0
42.74753000,17.90339000,33.0
42.74756000,17.90335000,33.0
42.74759000,17.90326000,33.0
42.74761000,17.90322000,33.0
42.74765000,17.90317000,35.0
42.74768000,17.90312000,35.0
42.74772000,17.90302000,35.0
42.74774000,17.90297000,35.0
42.74777000,17.90289000,34.0
42.74780000,17.90286000,35.0
42.74785000,17.90277000,34.0
42.74787000,17.90273000,33.0
42.74791000,17.90265000,32.0
42.74793000,17.90261000,32.0
42.74797000,17.90254000,31.0
42.74800000,17.90251000,31.0
42.74805000,17.90244000,31.0
42.74807000,17.90241000,31.0
42.74813000,17.90235000,32.0
42.74816000,17.90232000,33.0
42.74820000,17.90225000,33.0
42.74823000,17.90221000,34.0
42.74827000,17.90214000,34.0
42.74830000,17.90210000,34.0
42.74834000,17.90204000,34.0
42.74837000,17.90201000,35.0
42.74840000,17.90195000,35.0
42.74843000,17.90192000,35.0
42.74848000,17.90186000,35.0
42.74850000,17.90182000,35.0

42.74856000,17.90175000,35.0
42.74859000,17.90172000,36.0
42.74864000,17.90165000,36.0
42.74868000,17.90163000,36.0
42.74874000,17.90158000,36.0
42.74875000,17.90155000,35.0
42.74879000,17.90149000,34.0
42.74881000,17.90145000,34.0
42.74886000,17.90137000,33.0
42.74888000,17.90133000,32.0
42.74892000,17.90126000,32.0
42.74893000,17.90122000,31.0
42.74897000,17.90115000,31.0
42.74898000,17.90112000,30.0
42.74903000,17.90106000,30.0
42.74906000,17.90103000,31.0
42.74909000,17.90096000,30.0
42.74911000,17.90093000,29.0
42.74915000,17.90087000,29.0
42.74918000,17.90084000,29.0
42.74924000,17.90077000,30.0
42.74928000,17.90073000,30.0
42.74931000,17.90068000,30.0
42.74934000,17.90064000,31.0
42.74940000,17.90057000,31.0
42.74943000,17.90054000,32.0
42.74949000,17.90047000,33.0
42.74952000,17.90043000,34.0
42.74958000,17.90033000,34.0
42.74959000,17.90029000,34.0
42.74965000,17.90020000,35.0
42.74967000,17.90015000,35.0
42.74972000,17.90007000,36.0
42.74973000,17.90003000,36.0
42.74975000,17.89994000,35.0
42.74976000,17.89990000,34.0
42.74978000,17.89981000,33.0
42.74979000,17.89976000,33.0
42.74982000,17.89966000,32.0
42.74984000,17.89961000,32.0
42.74984000,17.89952000,30.0
42.74985000,17.89948000,30.0
42.74986000,17.89939000,29.0
42.74987000,17.89934000,29.0
42.74991000,17.89923000,28.0
42.74992000,17.89917000,28.0
42.74995000,17.89912000,28.0
42.74997000,17.89907000,28.0
42.75001000,17.89896000,27.0
42.75002000,17.89892000,26.0
42.75005000,17.89883000,27.0
42.75006000,17.89879000,27.0
42.75011000,17.89875000,29.0
42.75015000,17.89871000,30.0
42.75018000,17.89865000,31.0
42.75020000,17.89859000,31.0
42.75023000,17.89853000,32.0
42.75023000,17.89846000,31.0
42.75026000,17.89835000,31.0
42.75029000,17.89829000,31.0
42.75034000,17.89819000,32.0
42.75037000,17.89816000,33.0
42.75041000,17.89808000,33.0
42.75043000,17.89803000,33.0
42.75047000,17.89794000,33.0
42.75049000,17.89790000,32.0
42.75054000,17.89784000,33.0
42.75057000,17.89782000,34.0
42.75054000,17.89781000,33.0
42.75053000,17.89782000,32.0
42.75060000,17.89782000,35.0
42.75060000,17.89780000,34.0
42.75064000,17.89771000,33.0
42.75066000,17.89767000,33.0
42.75071000,17.89762000,33.0
42.75073000,17.89759000,33.0
42.75078000,17.89751000,32.0
42.75081000,17.89747000,32.0
42.75085000,17.89742000,31.0
42.75088000,17.89737000,30.0
42.75093000,17.89732000,30.0
42.75096000,17.89727000,29.0
42.75099000,17.89723000,29.0
42.75103000,17.89718000,28.0
42.75107000,17.89713000,28.0
42.75110000,17.89709000,27.0
42.75117000,17.89702000,28.0
42.75120000,17.89697000,28.0
42.75124000,17.89693000,29.0
42.75128000,17.89690000,30.0
42.75130000,17.89684000,28.0
42.75132000,17.89679000,27.0
42.75135000,17.89675000,27.0
42.75139000,17.89670000,27.0
42.75144000,17.89664000,28.0
42.75147000,17.89659000,28.0
42.75150000,17.89655000,28.0
42.75153000,17.89649000,28.0
42.75155000,17.89644000,27.0
42.75161000,17.89638000,29.0
42.75164000,17.89633000,28.0
42.75170000,17.89628000,29.0
42.75176000,17.89624000,30.0
42.75181000,17.89619000,30.0
42.75185000,17.89615000,30.0
42.75189000,17.89610000,30.0
42.75194000,17.89604000,31.0
42.75197000,17.89598000,30.0
42.75202000,17.89592000,31.0
42.75206000,17.89586000,30.0
42.75210000,17.89580000,30.0
42.75215000,17.89574000,31.0
42.75220000,17.89569000,32.0
42.75225000,17.89562000,32.0
42.75230000,17.89554000,31.0
42.75235000,17.89546000,31.0
42.75238000,17.89539000,31.0
42.75242000,17.89532000,31.0
42.75245000,17.89525000,30.0
42.75249000,17.89519000,30.0
42.75252000,17.89512000,30.0
42.75255000,17.89505000,30.0
42.75257000,17.89499000,30.0
42.75260000,17.89493000,30.0
42.75263000,17.89485000,30.0
42.75266000,17.89478000,30.0
42.75269000,17.89470000,29.0
42.75273000,17.89464000,30.0
42.75276000,17.89457000,30.0
42.75278000,17.89449000,29.0
42.75281000,17.89441000,29.0
42.75286000,17.89433000,30.0
42.75293000,17.89426000,32.0
42.75297000,17.89419000,33.0
42.75300000,17.89413000,33.0
42.75304000,17.89405000,34.0
42.75306000,17.89397000,34.0
42.75308000,17.89389000,33.0
42.75311000,17.89380000,33.0
42.75314000,17.89372000,33.0
42.75318000,17.89365000,34.0
42.75320000,17.89358000,33.0
42.75323000,17.89351000,32.0
42.75326000,17.89343000,32.0
42.75330000,17.89336000,31.0
42.75334000,17.89331000,31.0
42.75338000,17.89324000,31.0
42.75341000,17.89317000,30.0
42.75344000,17.89310000,30.0
42.75346000,17.89305000,30.0
42.75349000,17.89299000,30.0
42.75351000,17.89294000,30.0
42.75353000,17.89284000,28.0
42.75356000,17.89279000,28.0
42.75362000,17.89271000,28.0
42.75365000,17.89267000,28.0
42.75371000,17.89258000,29.0
42.75374000,17.89251000,28.0
42.75378000,17.89247000,29.0
42.75381000,17.89241000,28.0
42.75387000,17.89235000,29.0
42.75391000,17.89230000,30.0
42.75395000,17.89225000,31.0
42.75400000,17.89218000,31.0
42.75402000,17.89212000,30.0
42.75405000,17.89206000,30.0
42.75408000,17.89201000,30.0
42.75412000,17.89195000,30.0
42.75417000,17.89186000,29.0
42.75419000,17.89182000,29.0
42.75423000,17.89177000,30.0
42.75426000,17.89171000,29.0
42.75428000,17.89165000,29.0
42.75431000,17.89159000,29.0
42.75433000,17.89154000,29.0
42.75435000,17.89149000,28.0
42.75441000,17.89139000,29.0
42.75443000,17.89134000,29.0
42.75446000,17.89129000,30.0
42.75450000,17.89123000,31.0
42.75452000,17.89117000,31.0
42.75455000,17.89112000,31.0
42.75460000,17.89102000,33.0
42.75462000,17.89096000,33.0
42.75466000,17.89090000,34.0
42.75469000,17.89085000,34.0
42.75474000,17.89076000,34.0
42.75477000,17.89073000,34.0
42.75481000,17.89064000,33.0
42.75482000,17.89060000,32.0
42.75484000,17.89051000,31.0
42.75486000,17.89046000,30.0
42.75490000,17.89036000,29.0
42.75493000,17.89028000,27.0
42.75496000,17.89017000,26.0
42.75499000,17.89012000,26.0
42.75504000,17.89004000,26.0
42.75507000,17.89000000,27.0
42.75512000,17.88991000,27.0
42.75515000,17.88986000,27.0
42.75519000,17.88978000,26.0
42.75519000,17.88974000,25.0
42.75523000,17.88965000,24.0
42.75527000,17.88961000,24.0
42.75531000,17.88952000,23.0
42.75533000,17.88946000,23.0
42.75538000,17.88938000,24.0
42.75540000,17.88933000,24.0
42.75543000,17.88928000,25.0
42.75547000,17.88924000,26.0
42.75552000,17.88920000,28.0
42.75556000,17.88915000,29.0
42.75558000,17.88910000,29.0
42.75561000,17.88906000,30.0
42.75567000,17.88897000,31.0
42.75570000,17.88893000,32.0
42.75575000,17.88888000,33.0
42.75578000,17.88884000,34.0
42.75582000,17.88879000,35.0
42.75584000,17.88874000,35.0
42.75586000,17.88866000,35.0
42.75588000,17.88862000,35.0
42.75593000,17.88854000,37.0
42.75595000,17.88849000,37.0
42.75598000,17.88841000,36.0
42.75600000,17.88836000,36.0
42.75605000,17.88829000,37.0
42.75607000,17.88823000,36.0
42.75611000,17.88814000,35.0
42.75613000,17.88809000,34.0
42.75618000,17.88800000,34.0
42.75621000,17.88796000,34.0
42.75624000,17.88786000,33.0
42.75626000,17.88783000,33.0
42.75631000,17.88777000,34.0
42.75634000,17.88774000,34.0
42.75639000,17.88767000,35.0
42.75640000,17.88763000,34.0
42.75646000,17.88756000,36.0
42.75649000,17.88753000,37.0
42.75655000,17.88746000,39.0
42.75657000,17.88743000,40.0
42.75661000,17.88736000,41.0
42.75664000,17.88733000,42.0
42.75669000,17.88727000,43.0
42.75671000,17.88723000,43.0
42.75675000,17.88716000,42.0
42.75676000,17.88713000,42.0
42.75681000,17.88707000,43.0
42.75683000,17.88703000,42.0
42.75689000,17.88696000,43.0
42.75690000,17.88690000,42.0
42.75694000,17.88684000,42.0
42.75695000,17.88680000,41.0
42.75697000,17.88672000,39.0
42.75699000,17.88669000,39.0
42.75701000,17.88661000,37.0
42.75703000,17.88657000,37.0
42.75706000,17.88649000,35.0
42.75709000,17.88645000,35.0
42.75711000,17.88638000,34.0
42.75713000,17.88634000,34.0
42.75717000,17.88627000,34.0
42.75720000,17.88623000,34.0
42.75727000,17.88617000,35.0
42.75730000,17.88614000,36.0
42.75735000,17.88605000,36.0
42.75737000,17.88602000,36.0
42.75741000,17.88596000,36.0
42.75744000,17.88593000,37.0
42.75747000,17.88586000,37.0
42.75750000,17.88583000,37.0
42.75753000,17.88578000,37.0
42.75757000,17.88575000,39.0
42.75762000,17.88569000,40.0
42.75766000,17.88566000,41.0
42.75770000,17.88560000,41.0
42.75774000,17.88557000,42.0
42.75780000,17.88552000,44.0
42.75781000,17.88550000,43.0
42.75788000,17.88545000,46.0
42.75790000,17.88541000,45.0
42.75795000,17.88536000,46.0
42.75797000,17.88533000,46.0
42.75802000,17.88527000,46.0
42.75804000,17.88525000,47.0
42.75809000,17.88517000,46.0
42.75811000,17.88515000,47.0
42.75816000,17.88510000,48.0
42.75818000,17.88506000,47.0
42.75823000,17.88498000,47.0
42.75826000,17.88493000,47.0
42.75831000,17.88487000,48.0
42.75834000,17.88484000,48.0
42.75838000,17.88474000,46.0
42.75840000,17.88470000,46.0
42.75845000,17.88465000,46.0
42.75848000,17.88463000,47.0
42.75853000,17.88458000,47.0
42.75856000,17.88455000,47.0
42.75861000,17.88448000,47.0
42.75862000,17.88445000,46.0
42.75869000,17.88437000,46.0
42.75872000,17.88435000,47.0
42.75877000,17.88431000,47.0
42.75880000,17.88426000,47.0
42.75885000,17.88419000,46.0
42.75889000,17.88417000,47.0
42.75894000,17.88409000,48.0
42.75895000,17.88407000,47.0
42.75900000,17.88399000,48.0
42.75902000,17.88397000,48.0
42.75908000,17.88389000,48.0
42.75910000,17.88386000,48.0
42.75916000,17.88382000,50.0
42.75918000,17.88380000,50.0
42.75923000,17.88373000,50.0
42.75925000,17.88370000,50.0
42.75931000,17.88361000,50.0
42.75933000,17.88358000,50.0
42.75938000,17.88352000,50.0
42.75939000,17.88348000,49.0
42.75942000,17.88342000,48.0
42.75945000,17.88337000,48.0
42.75950000,17.88330000,49.0
42.75953000,17.88327000,50.0
42.75958000,17.88321000,51.0
42.75960000,17.88319000,51.0
42.75965000,17.88313000,52.0
42.75967000,17.88310000,52.0
42.75973000,17.88303000,53.0
42.75976000,17.88299000,53.0
42.75982000,17.88293000,54.0
42.75985000,17.88289000,54.0
42.75992000,17.88283000,56.0
42.75995000,17.88279000,56.0
42.75998000,17.88273000,55.0
42.76001000,17.88270000,56.0
42.76006000,17.88263000,55.0
42.76009000,17.88260000,56.0
42.76013000,17.88254000,56.0
42.76016000,17.88249000,56.0
42.76020000,17.88243000,56.0
42.76023000,17.88240000,56.0
42.76028000,17.88232000,56.0
42.76031000,17.88229000,56.0
42.76037000,17.88222000,55.0
42.76039000,17.88220000,55.0
42.76045000,17.88213000,55.0
42.76047000,17.88211000,55.0
42.76053000,17.88204000,55.0
42.76055000,17.88201000,55.0
42.76060000,17.88196000,56.0
42.76062000,17.88192000,56.0
42.76066000,17.88188000,57.0
42.76070000,17.88185000,59.0
42.76076000,17.88177000,60.0
42.76080000,17.88171000,61.0
42.76084000,17.88163000,61.0
42.76088000,17.88157000,62.0
42.76093000,17.88149000,62.0
42.76095000,17.88145000,62.0
42.76100000,17.88137000,63.0
42.76102000,17.88133000,63.0
42.76108000,17.88126000,63.0
42.76109000,17.88124000,63.0
42.76114000,17.88118000,63.0
42.76116000,17.88114000,62.0
42.76123000,17.88106000,61.0
42.76125000,17.88102000,60.0
42.76128000,17.88095000,58.0
42.76130000,17.88091000,57.0
42.76135000,17.88083000,56.0
42.76137000,17.88081000,57.0
42.76143000,17.88072000,55.0
42.76146000,17.88069000,55.0
42.76150000,17.88062000,54.0
42.76152000,17.88059000,54.0
42.76157000,17.88053000,54.0
42.76159000,17.88050000,54.0
42.76165000,17.88042000,54.0
42.76169000,17.88039000,55.0
42.76174000,17.88033000,56.0
42.76176000,17.88029000,55.0
42.76182000,17.88023000,57.0
42.76185000,17.88019000,57.0
42.76192000,17.88014000,59.0
42.76195000,17.88009000,58.0
42.76200000,17.88001000,58.0
42.76202000,17.87997000,57.0
42.76205000,17.87988000,55.0
42.76208000,17.87985000,55.0
42.76215000,17.87978000,55.0
42.76217000,17.87976000,56.0
42.76221000,17.87966000,53.0
42.76223000,17.87962000,52.0
42.76228000,17.87958000,52.0
42.76231000,17.87956000,53.0
42.76237000,17.87950000,53.0
42.76240000,17.87948000,53.0
42.76247000,17.87942000,54.0
42.76251000,17.87940000,55.0
42.76257000,17.87935000,56.0
42.76259000,17.87934000,56.0
42.76267000,17.87930000,59.0
42.76272000,17.87928000,61.0
42.76280000,17.87922000,62.0
42.76283000,17.87920000,63.0
42.76289000,17.87914000,64.0
42.76292000,17.87911000,64.0
42.76298000,17.87903000,64.0
42.76299000,17.87901000,64.0
42.76304000,17.87895000,65.0
42.76307000,17.87892000,65.0
42.76312000,17.87887000,65.0
42.76314000,17.87883000,64.0
42.76321000,17.87875000,63.0
42.76324000,17.87872000,63.0
42.76328000,17.87866000,63.0
42.76331000,17.87864000,63.0
42.76336000,17.87857000,63.0
42.76339000,17.87855000,63.0
42.76346000,17.87847000,62.0
42.76349000,17.87844000,62.0
42.76355000,17.87839000,62.0
42.76358000,17.87835000,62.0
42.76360000,17.87829000,60.0
42.76361000,17.87822000,57.0
42.76364000,17.87815000,56.0
42.76366000,17.87811000,55.0
42.76371000,17.87803000,54.0
42.76373000,17.87799000,53.0
42.76377000,17.87792000,52.0
42.76379000,17.87789000,52.0
42.76383000,17.87781000,50.0
42.76386000,17.87778000,51.0
42.76394000,17.87781000,57.0
42.76397000,17.87782000,58.0
42.76405000,17.87778000,61.0
42.76408000,17.87775000,61.0
42.76414000,17.87768000,61.0
42.76418000,17.87764000,60.0
42.76425000,17.87757000,60.0
42.76429000,17.87754000,60.0
42.76433000,17.87751000,60.0
42.76437000,17.87747000,59.0
42.76444000,17.87740000,59.0
42.76447000,17.87736000,58.0
42.76454000,17.87731000,58.0
42.76457000,17.87728000,58.0
42.76464000,17.87721000,57.0
42.76468000,17.87718000,56.0
42.76471000,17.87714000,55.0
42.76475000,17.87710000,55.0
42.76481000,17.87701000,53.0
42.76484000,17.87698000,53.0
42.76490000,17.87692000,53.0
42.76493000,17.87688000,52.0
42.76501000,17.87686000,54.0
42.76505000,17.87684000,55.0
42.76511000,17.87679000,55.0
42.76514000,17.87678000,55.0
42.76521000,17.87674000,56.0
42.76524000,17.87671000,56.0
42.76529000,17.87665000,55.0
42.76531000,17.87662000,54.0
42.76536000,17.87657000,54.0
42.76539000,17.87655000,54.0
42.76545000,17.87650000,54.0
42.76547000,17.87648000,54.0
42.76554000,17.87643000,55.0
42.76556000,17.87641000,55.0
42.76562000,17.87634000,54.0
42.76565000,17.87633000,54.0
42.76573000,17.87628000,55.0
42.76576000,17.87627000,56.0
42.76582000,17.87623000,57.0
42.76585000,17.87621000,57.0
42.76593000,17.87620000,59.0
42.76594000,17.87617000,58.0
42.76602000,17.87613000,59.0
42.76605000,17.87612000,59.0
42.76611000,17.87606000,58.0
42.76614000,17.87604000,58.0
42.76618000,17.87595000,56.0
42.76620000,17.87592000,55.0
42.76627000,17.87589000,56.0
42.76629000,17.87587000,55.0
42.76638000,17.87584000,57.0
42.76641000,17.87583000,57.0
42.76648000,17.87578000,57.0
42.76651000,17.87577000,58.0
42.76660000,17.87572000,58.0
42.76663000,17.87572000,59.0
42.76671000,17.87568000,60.0
42.76674000,17.87568000,61.0
42.76681000,17.87565000,61.0
42.76683000,17.87562000,60.0
42.76692000,17.87559000,61.0
42.76695000,17.87558000,61.0
42.76702000,17.87553000,61.0
42.76705000,17.87552000,62.0
42.76713000,17.87547000,62.0
42.76716000,17.87545000,62.0
42.76722000,17.87545000,64.0
42.76725000,17.87547000,66.0
42.76732000,17.87549000,69.0
42.76735000,17.87549000,70.0
42.76743000,17.87549000,72.0
42.76745000,17.87549000,73.0
42.76754000,17.87549000,74.0
42.76756000,17.87550000,74.0
42.76763000,17.87549000,73.0
42.76766000,17.87550000,73.0
42.76772000,17.87556000,75.0
42.76773000,17.87559000,76.0
42.76780000,17.87565000,77.0
42.76783000,17.87567000,77.0
42.76790000,17.87573000,78.0
42.76793000,17.87576000,78.0
42.76796000,17.87584000,79.0
42.76798000,17.87587000,79.0
42.76804000,17.87591000,78.0
42.76809000,17.87593000,77.0
42.76814000,17.87596000,77.0
42.76819000,17.87597000,76.0
42.76832000,17.87597000,74.0
42.76838000,17.87595000,73.0
42.76842000,17.87595000,72.0
42.76850000,17.87598000,72.0
42.76853000,17.87599000,72.0
42.76860000,17.87603000,72.0
42.76863000,17.87604000,72.0
42.76868000,17.87607000,72.0
42.76871000,17.87608000,73.0
42.76878000,17.87610000,73.0
42.76881000,17.87611000,73.0
42.76889000,17.87613000,73.0
42.76893000,17.87614000,73.0
42.76899000,17.87615000,73.0
42.76903000,17.87615000,73.0
42.76910000,17.87614000,72.0
42.76914000,17.87615000,73.0
42.76921000,17.87615000,73.0
42.76925000,17.87616000,74.0
42.76933000,17.87617000,74.0
42.76937000,17.87617000,75.0
42.76943000,17.87617000,75.0
42.76946000,17.87615000,75.0
42.76953000,17.87615000,76.0
42.76956000,17.87615000,76.0
42.76963000,17.87615000,77.0
42.76967000,17.87617000,78.0
42.76974000,17.87619000,79.0
42.76977000,17.87620000,79.0
42.76984000,17.87625000,79.0
42.76987000,17.87628000,79.0
42.76993000,17.87635000,80.0
42.76995000,17.87638000,80.0
42.77001000,17.87645000,80.0
42.77006000,17.87648000,79.0
42.77011000,17.87654000,79.0
42.77012000,17.87657000,79.0
42.77018000,17.87666000,78.0
42.77022000,17.87668000,77.0
42.77024000,17.87676000,77.0
42.77025000,17.87679000,77.0
42.77029000,17.87688000,77.0
42.77034000,17.87694000,77.0
42.77037000,17.87699000,76.0
42.77039000,17.87705000,76.0
42.77041000,17.87710000,76.0
42.77045000,17.87715000,76.0
42.77053000,17.87721000,76.0
42.77057000,17.87727000,75.0
42.77061000,17.87735000,75.0
42.77063000,17.87741000,75.0
42.77063000,17.87748000,75.0
42.77064000,17.87755000,75.0
42.77063000,17.87763000,75.0
42.77063000,17.87771000,75.0
42.77063000,17.87779000,75.0
42.77062000,17.87787000,74.0
42.77060000,17.87796000,74.0
42.77060000,17.87805000,73.0
42.77058000,17.87814000,72.0
42.77056000,17.87823000,72.0
42.77053000,17.87833000,71.0
42.77050000,17.87842000,70.0
42.77045000,17.87851000,69.0
42.77040000,17.87860000,68.0
42.77036000,17.87868000,67.0
42.77031000,17.87876000,67.0
42.77026000,17.87886000,66.0
42.77022000,17.87895000,65.0
42.77018000,17.87904000,64.0
42.77013000,17.87914000,64.0
42.77010000,17.87923000,64.0
42.77005000,17.87932000,65.0
42.77001000,17.87943000,64.0
42.76998000,17.87953000,64.0
42.76994000,17.87965000,64.0
42.76991000,17.87976000,63.0
42.76990000,17.87988000,62.0
42.76989000,17.88000000,62.0
42.76989000,17.88012000,61.0
42.76989000,17.88023000,60.0
42.76990000,17.88035000,59.0
42.76992000,17.88046000,59.0
42.76994000,17.88057000,58.0
42.76998000,17.88068000,58.0
42.77002000,17.88078000,58.0
42.77006000,17.88086000,58.0
42.77011000,17.88095000,58.0
42.77018000,17.88101000,57.0
42.77024000,17.88109000,58.0
42.77031000,17.88115000,58.0
42.77037000,17.88121000,58.0
42.77045000,17.88126000,59.0
42.77051000,17.88132000,59.0
42.77063000,17.88140000,61.0
42.77070000,17.88142000,61.0
42.77076000,17.88145000,62.0
42.77082000,17.88147000,62.0
42.77089000,17.88150000,63.0
42.77095000,17.88153000,63.0
42.77101000,17.88156000,64.0
42.77108000,17.88159000,64.0
42.77114000,17.88162000,64.0
42.77118000,17.88162000,64.0
42.77124000,17.88163000,65.0
42.77131000,17.88167000,65.0
42.77138000,17.88171000,66.0
42.77144000,17.88177000,66.0
42.77150000,17.88183000,67.0
42.77155000,17.88191000,68.0
42.77160000,17.88197000,68.0
42.77165000,17.88204000,69.0
42.77170000,17.88211000,69.0
42.77172000,17.88220000,70.0
42.77174000,17.88228000,70.0
42.77177000,17.88237000,69.0
42.77178000,17.88246000,70.0
42.77178000,17.88255000,70.0
42.77179000,17.88265000,69.0
42.77181000,17.88275000,69.0
42.77184000,17.88284000,67.0
42.77188000,17.88292000,65.0
42.77191000,17.88299000,63.0
42.77192000,17.88308000,62.0
42.77194000,17.88317000,61.0
42.77195000,17.88326000,59.0
42.77196000,17.88336000,58.0
42.77196000,17.88346000,57.0
42.77198000,17.88355000,55.0
42.77198000,17.88367000,55.0
42.77198000,17.88377000,55.0
42.77197000,17.88387000,55.0
42.77198000,17.88396000,55.0
42.77198000,17.88406000,56.0
42.77198000,17.88415000,56.0
42.77199000,17.88425000,56.0
42.77200000,17.88435000,56.0
42.77201000,17.88445000,56.0
42.77201000,17.88456000,57.0
42.77203000,17.88467000,56.0
42.77204000,17.88476000,56.0
42.77206000,17.88484000,56.0
42.77207000,17.88492000,56.0
42.77209000,17.88501000,56.0
42.77210000,17.88509000,56.0
42.77212000,17.88516000,56.0
42.77215000,17.88523000,55.0
42.77217000,17.88530000,55.0
42.77219000,17.88536000,55.0
42.77221000,17.88543000,54.0
42.77223000,17.88550000,54.0
42.77227000,17.88557000,54.0
42.77230000,17.88563000,54.0
42.77233000,17.88570000,55.0
42.77236000,17.88578000,56.0
42.77238000,17.88586000,57.0
42.77240000,17.88597000,60.0
42.77243000,17.88607000,61.0
42.77246000,17.88616000,62.0
42.77248000,17.88626000,64.0
42.77250000,17.88636000,66.0
42.77253000,17.88645000,67.0
42.77257000,17.88652000,68.0
42.77260000,17.88660000,69.0
42.77263000,17.88667000,69.0
42.77268000,17.88674000,69.0
42.77272000,17.88681000,70.0
42.77277000,17.88688000,69.0
42.77283000,17.88695000,67.0
42.77290000,17.88701000,64.0
42.77298000,17.88706000,60.0
42.77305000,17.88710000,57.0
42.77310000,17.88717000,57.0
42.77323000,17.88719000,55.0
42.77333000,17.88722000,54.0
42.77341000,17.88726000,53.0
42.77348000,17.88730000,54.0
42.77354000,17.88735000,54.0
42.77361000,17.88739000,55.0
42.77367000,17.88743000,55.0
42.77373000,17.88748000,56.0
42.77380000,17.88752000,56.0
42.77386000,17.88757000,56.0
42.77393000,17.88760000,57.0
42.77399000,17.88763000,57.0
42.77405000,17.88765000,57.0
42.77411000,17.88769000,58.0
42.77416000,17.88772000,59.0
42.77422000,17.88775000,60.0
42.77425000,17.88777000,61.0
42.77431000,17.88779000,61.0
42.77436000,17.88780000,61.0
42.77440000,17.88781000,61.0
42.77445000,17.88781000,61.0
42.77451000,17.88782000,61.0
42.77455000,17.88782000,61.0
42.77460000,17.88783000,61.0
42.77464000,17.88784000,62.0
42.77470000,17.88785000,62.0
42.77474000,17.88786000,62.0
42.77479000,17.88786000,62.0
42.77484000,17.88787000,63.0
42.77488000,17.88786000,63.0
42.77494000,17.88788000,64.0
42.77499000,17.88788000,64.0
42.77508000,17.88787000,65.0
42.77515000,17.88787000,66.0
42.77521000,17.88786000,66.0
42.77526000,17.88784000,66.0
42.77533000,17.88783000,66.0
42.77539000,17.88782000,65.0
42.77545000,17.88780000,65.0
42.77549000,17.88778000,64.0
42.77554000,17.88775000,64.0
42.77559000,17.88774000,64.0
42.77564000,17.88772000,63.0
42.77569000,17.88770000,63.0
42.77575000,17.88768000,63.0
42.77580000,17.88765000,62.0
42.77585000,17.88762000,62.0
42.77590000,17.88758000,62.0
42.77595000,17.88754000,61.0
42.77601000,17.88751000,60.0
42.77607000,17.88747000,60.0
42.77612000,17.88744000,59.0
42.77617000,17.88741000,59.0
42.77622000,17.88738000,59.0
42.77627000,17.88734000,58.0
42.77631000,17.88729000,57.0
42.77636000,17.88725000,56.0
42.77642000,17.88721000,56.0
42.77648000,17.88718000,56.0
42.77653000,17.88714000,56.0
42.77658000,17.88710000,56.0
42.77663000,17.88706000,56.0
42.77669000,17.88702000,56.0
42.77675000,17.88698000,55.0
42.77681000,17.88695000,55.0
42.77687000,17.88693000,55.0
42.77692000,17.88690000,56.0
42.77698000,17.88688000,56.0
42.77703000,17.88686000,56.0
42.77709000,17.88684000,56.0
42.77715000,17.88682000,56.0
42.77721000,17.88681000,57.0
42.77727000,17.88679000,56.0
42.77733000,17.88678000,56.0
42.77739000,17.88678000,56.0
42.77743000,17.88679000,56.0
42.77748000,17.88680000,56.0
42.77754000,17.88682000,57.0
42.77760000,17.88686000,58.0
42.77768000,17.88688000,58.0
42.77775000,17.88693000,59.0
42.77783000,17.88697000,59.0
42.77791000,17.88702000,58.0
42.77799000,17.88706000,57.0
42.77806000,17.88711000,56.0
42.77814000,17.88716000,55.0
42.77822000,17.88722000,54.0
42.77829000,17.88727000,53.0
42.77831000,17.88733000,53.0
42.77831000,17.88739000,53.0
42.77834000,17.88745000,53.0
42.77838000,17.88750000,52.0
42.77841000,17.88757000,52.0
42.77845000,17.88763000,51.0
42.77848000,17.88769000,51.0
42.77852000,17.88775000,51.0
42.77855000,17.88780000,51.0
42.77859000,17.88786000,51.0
42.77861000,17.88792000,52.0
42.77864000,17.88798000,52.0
42.77867000,17.88804000,53.0
42.77870000,17.88811000,53.0
42.77872000,17.88818000,54.0
42.77874000,17.88825000,54.0
42.77877000,17.88831000,55.0
42.77879000,17.88838000,55.0
42.77881000,17.88845000,55.0
42.77882000,17.88852000,55.0
42.77884000,17.88859000,55.0
42.77886000,17.88866000,55.0
42.77887000,17.88872000,56.0
42.77890000,17.88878000,56.0
42.77892000,17.88885000,56.0
42.77895000,17.88891000,57.0
42.77899000,17.88898000,57.0
42.77902000,17.88905000,57.0
42.77906000,17.88912000,57.0
42.77910000,17.88920000,57.0
42.77913000,17.88927000,57.0
42.77915000,17.88933000,57.0
42.77916000,17.88941000,57.0
42.77921000,17.88947000,55.0
42.77922000,17.88954000,54.0
42.77925000,17.88961000,51.0
42.77931000,17.88968000,48.0
42.77931000,17.88976000,47.0
42.77930000,17.88984000,46.0
42.77931000,17.88991000,45.0
42.77931000,17.88999000,45.0
42.77935000,17.89004000,44.0
42.77939000,17.89010000,44.0
42.77942000,17.89015000,43.0
42.77946000,17.89022000,44.0
42.77952000,17.89027000,44.0
42.77957000,17.89031000,44.0
42.77963000,17.89038000,46.0
42.77968000,17.89042000,47.0
42.77974000,17.89045000,48.0
42.77981000,17.89048000,49.0
42.77987000,17.89051000,50.0
42.77993000,17.89052000,51.0
42.78000000,17.89053000,51.0
42.78006000,17.89054000,52.0
42.78012000,17.89055000,53.0
42.78018000,17.89057000,55.0
42.78026000,17.89058000,56.0
42.78032000,17.89058000,56.0
42.78039000,17.89059000,57.0
42.78045000,17.89060000,57.0
42.78052000,17.89060000,58.0
42.78059000,17.89060000,57.0
42.78068000,17.89058000,56.0
42.78076000,17.89058000,56.0
42.78084000,17.89059000,56.0
42.78091000,17.89060000,56.0
42.78098000,17.89059000,55.0
42.78104000,17.89059000,55.0
42.78110000,17.89059000,55.0
42.78118000,17.89059000,54.0
42.78124000,17.89059000,53.0
42.78130000,17.89059000,52.0
42.78135000,17.89059000,52.0
42.78140000,17.89059000,51.0
42.78146000,17.89059000,50.0
42.78152000,17.89061000,51.0
42.78158000,17.89062000,50.0
42.78165000,17.89063000,50.0
42.78171000,17.89065000,49.0
42.78179000,17.89066000,48.0
42.78185000,17.89067000,47.0
42.78190000,17.89069000,47.0
42.78196000,17.89072000,47.0
42.78202000,17.89074000,46.0
42.78207000,17.89077000,46.0
42.78213000,17.89080000,45.0
42.78220000,17.89082000,44.0
42.78226000,17.89086000,44.0
42.78234000,17.89091000,45.0
42.78243000,17.89097000,47.0
42.78251000,17.89103000,48.0
42.78259000,17.89107000,47.0
42.78266000,17.89113000,48.0
42.78272000,17.89118000,48.0
42.78278000,17.89122000,48.0
42.78284000,17.89127000,48.0
42.78289000,17.89132000,48.0
42.78295000,17.89137000,48.0
42.78301000,17.89143000,48.0
42.78308000,17.89149000,48.0
42.78313000,17.89154000,46.0
42.78319000,17.89160000,44.0
42.78325000,17.89166000,41.0
42.78330000,17.89172000,40.0
42.78336000,17.89178000,39.0
42.78340000,17.89184000,39.0
42.78346000,17.89190000,38.0
42.78354000,17.89196000,36.0
42.78359000,17.89203000,36.0
42.78362000,17.89210000,37.0
42.78365000,17.89218000,38.0
42.78367000,17.89227000,40.0
42.78370000,17.89236000,41.0
42.78371000,17.89244000,43.0
42.78374000,17.89253000,44.0
42.78377000,17.89261000,44.0
42.78380000,17.89269000,44.0
42.78381000,17.89278000,46.0
42.78383000,17.89286000,46.0
42.78385000,17.89294000,45.0
42.78389000,17.89301000,44.0
42.78394000,17.89309000,42.0
42.78399000,17.89316000,39.0
42.78403000,17.89322000,37.0
42.78407000,17.89329000,36.0
42.78411000,17.89335000,35.0
42.78414000,17.89342000,35.0
42.78419000,17.89349000,34.0
42.78424000,17.89355000,34.0
42.78429000,17.89362000,34.0
42.78435000,17.89368000,34.0
42.78440000,17.89374000,34.0
42.78446000,17.89380000,33.0
42.78451000,17.89383000,33.0
42.78457000,17.89387000,33.0
42.78463000,17.89391000,33.0
42.78468000,17.89396000,33.0
42.78473000,17.89402000,33.0
42.78478000,17.89408000,34.0
42.78484000,17.89414000,34.0
42.78489000,17.89421000,35.0
42.78494000,17.89427000,36.0
42.78499000,17.89433000,37.0
42.78505000,17.89437000,38.0
42.78510000,17.89442000,39.0
42.78514000,17.89447000,41.0
42.78518000,17.89452000,42.0
42.78524000,17.89457000,44.0
42.78530000,17.89460000,44.0
42.78536000,17.89465000,44.0
42.78541000,17.89469000,44.0
42.78547000,17.89472000,43.0
42.78552000,17.89473000,42.0
42.78558000,17.89475000,41.0
42.78564000,17.89474000,39.0
42.78570000,17.89474000,36.0
42.78576000,17.89474000,34.0
42.78584000,17.89473000,31.0
42.78592000,17.89472000,30.0
42.78603000,17.89471000,28.0
42.78611000,17.89469000,27.0
42.78618000,17.89468000,27.0
42.78625000,17.89466000,27.0
42.78632000,17.89464000,27.0
42.78639000,17.89462000,27.0
42.78646000,17.89460000,26.0
42.78653000,17.89457000,26.0
42.78660000,17.89454000,26.0
42.78666000,17.89450000,26.0
42.78673000,17.89446000,26.0
42.78680000,17.89442000,27.0
42.78687000,17.89438000,27.0
42.78693000,17.89433000,27.0
42.78700000,17.89428000,29.0
42.78707000,17.89422000,30.0
42.78713000,17.89415000,31.0
42.78719000,17.89408000,31.0
42.78726000,17.89401000,32.0
42.78732000,17.89394000,32.0
42.78738000,17.89387000,32.0
42.78744000,17.89378000,31.0
42.78750000,17.89370000,30.0
42.78755000,17.89360000,30.0
42.78761000,17.89351000,30.0
42.78766000,17.89342000,30.0
42.78772000,17.89332000,29.0
42.78777000,17.89322000,28.0
42.78782000,17.89311000,26.0
42.78786000,17.89300000,23.0
42.78791000,17.89288000,21.0
42.78795000,17.89277000,19.0
42.78799000,17.89265000,18.0
42.78803000,17.89253000,17.0
42.78806000,17.89240000,16.0
42.78809000,17.89228000,16.0

42.78809000,17.89228000,16.0
42.78811000,17.89215000,15.0
42.78814000,17.89202000,14.0
42.78817000,17.89188000,14.0
42.78819000,17.89175000,13.0
42.78822000,17.89162000,13.0
42.78824000,17.89149000,13.0
42.78826000,17.89135000,12.0
42.78827000,17.89123000,11.0
42.78829000,17.89111000,9.0
42.78830000,17.89099000,8.0
42.78832000,17.89087000,8.0
42.78834000,17.89075000,8.0
42.78835000,17.89064000,9.0
42.78836000,17.89053000,9.0
42.78838000,17.89042000,10.0
42.78839000,17.89031000,10.0
42.78841000,17.89020000,11.0
42.78842000,17.89009000,10.0
42.78843000,17.88999000,10.0
42.78843000,17.88989000,10.0
42.78844000,17.88978000,10.0
42.78846000,17.88968000,11.0
42.78848000,17.88958000,12.0
42.78850000,17.88948000,13.0
42.78852000,17.88937000,14.0
42.78854000,17.88928000,15.0
42.78856000,17.88918000,16.0
42.78858000,17.88909000,16.0
42.78861000,17.88901000,16.0
42.78863000,17.88893000,17.0
42.78864000,17.88886000,17.0
42.78865000,17.88878000,16.0
42.78866000,17.88872000,16.0
42.78867000,17.88860000,15.0
42.78867000,17.88856000,14.0
42.78870000,17.88848000,14.0
42.78871000,17.88844000,13.0
42.78875000,17.88837000,13.0
42.78877000,17.88833000,12.0
42.78881000,17.88826000,12.0
42.78883000,17.88822000,12.0
42.78887000,17.88815000,12.0
42.78889000,17.88813000,12.0
42.78894000,17.88807000,12.0
42.78896000,17.88804000,12.0
42.78900000,17.88797000,13.0
42.78903000,17.88794000,13.0
42.78907000,17.88787000,13.0
42.78911000,17.88785000,13.0
42.78917000,17.88778000,14.0
42.78920000,17.88776000,14.0
42.78926000,17.88769000,16.0
42.78928000,17.88768000,16.0
42.78935000,17.88764000,18.0
42.78937000,17.88763000,18.0
42.78945000,17.88759000,20.0
42.78948000,17.88758000,20.0
42.78956000,17.88753000,21.0
42.78959000,17.88751000,21.0
42.78965000,17.88748000,22.0
42.78968000,17.88746000,22.0
42.78976000,17.88742000,23.0
42.78978000,17.88741000,24.0
42.78986000,17.88736000,25.0
42.78988000,17.88735000,25.0
42.78995000,17.88730000,25.0
42.78997000,17.88728000,25.0
42.79004000,17.88723000,25.0
42.79007000,17.88721000,25.0
42.79013000,17.88717000,25.0
42.79015000,17.88716000,25.0
42.79022000,17.88709000,25.0
42.79024000,17.88707000,25.0
42.79032000,17.88700000,25.0
42.79034000,17.88698000,25.0
42.79040000,17.88690000,26.0
42.79042000,17.88687000,26.0
42.79047000,17.88679000,27.0
42.79048000,17.88676000,27.0
42.79052000,17.88668000,27.0
42.79054000,17.88665000,28.0
42.79057000,17.88657000,29.0
42.79058000,17.88654000,29.0
42.79061000,17.88643000,29.0
42.79061000,17.88640000,29.0
42.79064000,17.88631000,30.0
42.79065000,17.88628000,30.0
42.79067000,17.88616000,31.0
42.79068000,17.88613000,32.0
42.79070000,17.88602000,32.0
42.79070000,17.88599000,32.0
42.79073000,17.88588000,33.0
42.79073000,17.88585000,33.0
42.79075000,17.88574000,34.0
42.79074000,17.88570000,33.0
42.79076000,17.88559000,34.0
42.79076000,17.88556000,34.0
42.79078000,17.88544000,35.0
42.79079000,17.88540000,35.0
42.79078000,17.88533000,35.0
42.79078000,17.88528000,35.0
42.79080000,17.88516000,36.0
42.79081000,17.88512000,36.0
42.79081000,17.88504000,36.0
42.79080000,17.88500000,36.0
42.79081000,17.88492000,37.0
42.79081000,17.88488000,37.0
42.79083000,17.88476000,38.0
42.79083000,17.88473000,38.0
42.79085000,17.88461000,39.0
42.79085000,17.88458000,39.0
42.79085000,17.88447000,40.0
42.79085000,17.88443000,40.0
42.79085000,17.88433000,40.0
42.79084000,17.88428000,40.0
42.79083000,17.88418000,39.0
42.79083000,17.88413000,39.0
42.79085000,17.88403000,39.0
42.79085000,17.88399000,38.0
42.79084000,17.88390000,38.0
42.79083000,17.88385000,37.0
42.79083000,17.88375000,37.0
42.79083000,17.88371000,37.0
42.79081000,17.88362000,37.0
42.79080000,17.88357000,36.0
42.79079000,17.88347000,36.0
42.79078000,17.88342000,36.0
42.79077000,17.88331000,35.0
42.79077000,17.88326000,35.0
42.79075000,17.88314000,35.0
42.79074000,17.88308000,35.0
42.79073000,17.88302000,34.0
42.79073000,17.88295000,34.0
42.79072000,17.88288000,33.0
42.79071000,17.88282000,33.0
42.79069000,17.88275000,32.0
42.79068000,17.88268000,32.0
42.79067000,17.88261000,31.0
42.79065000,17.88253000,30.0
42.79064000,17.88246000,30.0
42.79062000,17.88239000,29.0
42.79061000,17.88231000,29.0
42.79059000,17.88223000,29.0
42.79058000,17.88215000,28.0
42.79057000,17.88206000,28.0
42.79056000,17.88197000,28.0
42.79054000,17.88188000,29.0
42.79052000,17.88179000,29.0
42.79050000,17.88170000,29.0
42.79048000,17.88161000,29.0
42.79045000,17.88151000,29.0
42.79043000,17.88141000,29.0
42.79039000,17.88132000,30.0
42.79036000,17.88123000,30.0
42.79031000,17.88113000,30.0
42.79026000,17.88105000,30.0
42.79022000,17.88095000,30.0
42.79017000,17.88087000,30.0
42.79014000,17.88078000,30.0
42.79010000,17.88068000,28.0
42.79006000,17.88059000,27.0
42.79001000,17.88050000,26.0
42.78997000,17.88042000,25.0
42.78992000,17.88033000,23.0
42.78987000,17.88024000,22.0
42.78983000,17.88015000,21.0
42.78979000,17.88006000,21.0
42.78974000,17.87998000,20.0
42.78970000,17.87990000,20.0
42.78965000,17.87982000,20.0
42.78960000,17.87973000,19.0
42.78955000,17.87965000,19.0
42.78950000,17.87958000,19.0
42.78946000,17.87951000,19.0
42.78941000,17.87944000,19.0
42.78937000,17.87937000,19.0
42.78933000,17.87929000,19.0
42.78928000,17.87920000,19.0
42.78925000,17.87913000,19.0
42.78920000,17.87906000,20.0
42.78917000,17.87900000,20.0
42.78914000,17.87894000,20.0
42.78909000,17.87889000,21.0
42.78905000,17.87883000,21.0
42.78900000,17.87876000,22.0
42.78896000,17.87872000,22.0
42.78893000,17.87867000,23.0
42.78889000,17.87862000,23.0
42.78885000,17.87857000,24.0
42.78879000,17.87850000,24.0
42.78875000,17.87847000,25.0
42.78871000,17.87842000,25.0
42.78866000,17.87838000,25.0
42.78862000,17.87833000,25.0
42.78859000,17.87828000,26.0
42.78855000,17.87823000,26.0
42.78850000,17.87818000,27.0
42.78846000,17.87814000,28.0
42.78842000,17.87809000,28.0
42.78838000,17.87804000,29.0
42.78835000,17.87799000,29.0
42.78831000,17.87794000,29.0
42.78828000,17.87790000,29.0
42.78825000,17.87786000,29.0
42.78821000,17.87781000,29.0
42.78817000,17.87778000,29.0
42.78813000,17.87774000,29.0
42.78809000,17.87770000,29.0
42.78805000,17.87765000,29.0
42.78802000,17.87761000,29.0
42.78798000,17.87757000,30.0
42.78794000,17.87753000,30.0
42.78791000,17.87748000,30.0
42.78787000,17.87744000,31.0
42.78783000,17.87741000,31.0
42.78777000,17.87733000,31.0
42.78774000,17.87730000,31.0
42.78769000,17.87722000,31.0
42.78766000,17.87719000,31.0
42.78763000,17.87714000,31.0
42.78759000,17.87710000,31.0
42.78755000,17.87706000,31.0
42.78751000,17.87701000,31.0
42.78745000,17.87693000,31.0
42.78742000,17.87688000,31.0
42.78737000,17.87680000,32.0
42.78734000,17.87677000,33.0
42.78731000,17.87668000,33.0
42.78729000,17.87665000,34.0
42.78724000,17.87656000,34.0
42.78722000,17.87653000,34.0
42.78718000,17.87644000,34.0
42.78716000,17.87641000,34.0
42.78713000,17.87631000,35.0
42.78712000,17.87628000,35.0
42.78707000,17.87617000,35.0
42.78705000,17.87613000,35.0
42.78703000,17.87603000,35.0
42.78702000,17.87601000,35.0
42.78698000,17.87592000,36.0
42.78697000,17.87589000,36.0
42.78694000,17.87580000,36.0
42.78694000,17.87576000,36.0
42.78690000,17.87566000,36.0
42.78688000,17.87562000,36.0
42.78685000,17.87553000,37.0
42.78684000,17.87549000,37.0
42.78681000,17.87540000,37.0
42.78680000,17.87537000,38.0
42.78678000,17.87527000,38.0
42.78678000,17.87524000,38.0
42.78675000,17.87514000,38.0
42.78674000,17.87511000,38.0
42.78671000,17.87502000,38.0
42.78670000,17.87498000,38.0
42.78669000,17.87487000,39.0
42.78669000,17.87484000,39.0
42.78668000,17.87474000,39.0
42.78667000,17.87471000,40.0
42.78666000,17.87461000,40.0
42.78665000,17.87457000,40.0
42.78664000,17.87448000,41.0
42.78663000,17.87445000,41.0
42.78662000,17.87435000,42.0
42.78662000,17.87432000,42.0
42.78662000,17.87422000,43.0
42.78662000,17.87419000,43.0
42.78661000,17.87408000,44.0
42.78660000,17.87405000,45.0
42.78660000,17.87395000,46.0
42.78660000,17.87391000,46.0
42.78662000,17.87382000,46.0
42.78662000,17.87379000,46.0
42.78663000,17.87369000,47.0
42.78663000,17.87365000,47.0
42.78664000,17.87355000,47.0
42.78665000,17.87352000,47.0
42.78666000,17.87343000,48.0
42.78666000,17.87339000,48.0
42.78668000,17.87329000,48.0
42.78669000,17.87326000,48.0
42.78670000,17.87316000,48.0
42.78670000,17.87312000,48.0
42.78670000,17.87303000,48.0
42.78671000,17.87300000,48.0
42.78673000,17.87289000,48.0
42.78674000,17.87285000,48.0
42.78674000,17.87274000,48.0
42.78675000,17.87271000,49.0
42.78675000,17.87261000,50.0
42.78676000,17.87259000,50.0
42.78677000,17.87248000,50.0
42.78677000,17.87245000,51.0
42.78678000,17.87234000,51.0
42.78679000,17.87231000,51.0
42.78682000,17.87222000,51.0
42.78682000,17.87218000,51.0
42.78685000,17.87207000,50.0
42.78685000,17.87206000,50.0
42.78686000,17.87199000,50.0
42.78686000,17.87197000,50.0
42.78689000,17.87188000,50.0
42.78691000,17.87185000,49.0
42.78695000,17.87175000,48.0
42.78696000,17.87171000,48.0
42.78700000,17.87161000,49.0
42.78701000,17.87159000,49.0
42.78703000,17.87149000,50.0
42.78705000,17.87145000,50.0
42.78708000,17.87135000,51.0
42.78709000,17.87132000,51.0
42.78711000,17.87123000,52.0
42.78712000,17.87120000,52.0
42.78716000,17.87110000,53.0
42.78717000,17.87106000,53.0
42.78722000,17.87097000,54.0
42.78723000,17.87094000,54.0
42.78727000,17.87084000,54.0
42.78727000,17.87080000,54.0
42.78729000,17.87071000,55.0
42.78730000,17.87068000,55.0
42.78733000,17.87059000,55.0
42.78735000,17.87056000,56.0
42.78738000,17.87046000,56.0
42.78739000,17.87043000,56.0
42.78743000,17.87034000,57.0
42.78744000,17.87031000,57.0
42.78748000,17.87021000,57.0
42.78750000,17.87018000,58.0
42.78753000,17.87009000,58.0
42.78755000,17.87006000,59.0
42.78758000,17.86996000,60.0
42.78758000,17.86993000,60.0
42.78759000,17.86982000,62.0
42.78759000,17.86979000,62.0
42.78762000,17.86970000,63.0
42.78763000,17.86967000,63.0
42.78766000,17.86958000,64.0
42.78767000,17.86955000,65.0
42.78770000,17.86946000,66.0
42.78772000,17.86942000,66.0
42.78774000,17.86933000,67.0
42.78775000,17.86929000,67.0
42.78777000,17.86919000,68.0
42.78777000,17.86915000,69.0
42.78781000,17.86905000,68.0
42.78782000,17.86902000,68.0
42.78783000,17.86891000,68.0
42.78783000,17.86888000,68.0
42.78783000,17.86878000,68.0
42.78783000,17.86874000,68.0
42.78783000,17.86864000,68.0
42.78784000,17.86860000,68.0
42.78786000,17.86850000,68.0
42.78786000,17.86846000,68.0
42.78788000,17.86836000,69.0
42.78788000,17.86832000,69.0
42.78790000,17.86822000,69.0
42.78790000,17.86818000,69.0
42.78790000,17.86807000,70.0
42.78791000,17.86803000,70.0
42.78792000,17.86792000,71.0
42.78793000,17.86788000,71.0
42.78795000,17.86777000,71.0
42.78795000,17.86774000,71.0
42.78794000,17.86764000,71.0
42.78795000,17.86760000,71.0
42.78795000,17.86749000,71.0
42.78795000,17.86745000,71.0
42.78794000,17.86735000,71.0
42.78794000,17.86731000,71.0
42.78795000,17.86720000,71.0
42.78794000,17.86716000,72.0
42.78794000,17.86705000,72.0
42.78795000,17.86702000,72.0
42.78794000,17.86690000,73.0
42.78794000,17.86687000,73.0
42.78792000,17.86676000,74.0
42.78791000,17.86673000,74.0
42.78791000,17.86661000,74.0
42.78789000,17.86657000,75.0
42.78787000,17.86646000,75.0
42.78786000,17.86642000,75.0
42.78785000,17.86630000,76.0
42.78785000,17.86626000,76.0
42.78784000,17.86616000,76.0
42.78784000,17.86612000,77.0
42.78782000,17.86601000,77.0
42.78781000,17.86597000,77.0
42.78779000,17.86589000,77.0
42.78779000,17.86585000,77.0
42.78777000,17.86574000,78.0
42.78776000,17.86571000,79.0
42.78775000,17.86560000,80.0
42.78775000,17.86555000,80.0
42.78772000,17.86544000,82.0
42.78771000,17.86540000,83.0
42.78767000,17.86529000,84.0
42.78766000,17.86525000,85.0
42.78764000,17.86514000,85.0
42.78763000,17.86510000,85.0
42.78761000,17.86500000,86.0
42.78760000,17.86494000,86.0
42.78757000,17.86485000,86.0
42.78756000,17.86480000,86.0
42.78754000,17.86470000,86.0
42.78753000,17.86466000,86.0
42.78750000,17.86456000,86.0
42.78749000,17.86452000,86.0
42.78746000,17.86444000,86.0
42.78744000,17.86439000,86.0
42.78741000,17.86429000,86.0
42.78740000,17.86424000,86.0
42.78737000,17.86413000,86.0
42.78736000,17.86409000,86.0
42.78734000,17.86398000,86.0
42.78732000,17.86394000,86.0
42.78729000,17.86386000,87.0
42.78728000,17.86381000,87.0
42.78724000,17.86372000,87.0
42.78722000,17.86367000,87.0
42.78718000,17.86357000,87.0
42.78716000,17.86351000,87.0
42.78713000,17.86344000,86.0
42.78711000,17.86337000,86.0
42.78709000,17.86331000,86.0
42.78707000,17.86325000,85.0
42.78704000,17.86319000,85.0
42.78702000,17.86313000,85.0
42.78699000,17.86307000,85.0
42.78696000,17.86301000,84.0
42.78694000,17.86296000,84.0
42.78691000,17.86290000,84.0
42.78689000,17.86284000,83.0
42.78686000,17.86278000,83.0
42.78684000,17.86273000,83.0
42.78681000,17.86267000,83.0
42.78678000,17.86261000,82.0
42.78675000,17.86255000,82.0
42.78672000,17.86248000,82.0
42.78668000,17.86242000,82.0
42.78665000,17.86235000,81.0
42.78661000,17.86228000,81.0
42.78657000,17.86221000,81.0
42.78653000,17.86213000,81.0
42.78649000,17.86204000,81.0
42.78645000,17.86196000,80.0
42.78641000,17.86186000,80.0
42.78638000,17.86178000,79.0
42.78634000,17.86168000,78.0
42.78630000,17.86159000,78.0
42.78626000,17.86149000,77.0
42.78621000,17.86140000,76.0
42.78618000,17.86129000,76.0
42.78615000,17.86119000,77.0
42.78612000,17.86108000,77.0
42.78609000,17.86096000,78.0
42.78606000,17.86084000,78.0
42.78603000,17.86072000,77.0
42.78600000,17.86060000,75.0
42.78599000,17.86047000,74.0
42.78598000,17.86034000,72.0
42.78597000,17.86021000,71.0
42.78597000,17.86007000,70.0
42.78597000,17.85993000,69.0
42.78597000,17.85979000,68.0
42.78597000,17.85965000,67.0
42.78598000,17.85952000,67.0
42.78598000,17.85938000,67.0
42.78600000,17.85924000,67.0
42.78602000,17.85910000,67.0
42.78603000,17.85896000,66.0
42.78606000,17.85883000,66.0
42.78607000,17.85869000,65.0
42.78611000,17.85856000,66.0
42.78614000,17.85843000,66.0
42.78618000,17.85830000,66.0
42.78622000,17.85818000,66.0
42.78627000,17.85806000,67.0
42.78632000,17.85794000,68.0
42.78636000,17.85782000,68.0
42.78643000,17.85771000,68.0
42.78649000,17.85761000,68.0
42.78655000,17.85749000,68.0
42.78660000,17.85738000,66.0
42.78665000,17.85726000,63.0
42.78672000,17.85716000,63.0
42.78678000,17.85704000,62.0
42.78684000,17.85694000,62.0
42.78690000,17.85682000,62.0
42.78696000,17.85672000,61.0
42.78703000,17.85661000,61.0
42.78710000,17.85651000,61.0
42.78717000,17.85641000,60.0
42.78723000,17.85632000,58.0
42.78730000,17.85623000,57.0
42.78737000,17.85613000,56.0
42.78744000,17.85604000,56.0
42.78751000,17.85595000,56.0
42.78757000,17.85588000,56.0
42.78764000,17.85580000,56.0
42.78771000,17.85572000,56.0
42.78777000,17.85565000,57.0
42.78784000,17.85559000,56.0
42.78792000,17.85553000,55.0
42.78798000,17.85547000,54.0
42.78803000,17.85541000,53.0
42.78808000,17.85536000,52.0
42.78813000,17.85532000,53.0
42.78820000,17.85524000,52.0
42.78820000,17.85519000,51.0
42.78820000,17.85507000,48.0
42.78820000,17.85506000,47.0
42.78823000,17.85508000,48.0
42.78826000,17.85511000,50.0
42.78835000,17.85508000,51.0
42.78826000,17.85507000,49.0
42.78825000,17.85510000,49.0
42.78825000,17.85521000,53.0
42.78827000,17.85523000,54.0
42.78830000,17.85512000,51.0
42.78830000,17.85511000,51.0
42.78835000,17.85519000,54.0
42.78837000,17.85520000,55.0
42.78845000,17.85518000,56.0
42.78849000,17.85516000,56.0
42.78853000,17.85513000,56.0
42.78857000,17.85509000,56.0
42.78862000,17.85506000,56.0
42.78867000,17.85503000,55.0
42.78873000,17.85500000,54.0
42.78878000,17.85498000,54.0
42.78883000,17.85495000,54.0
42.78888000,17.85492000,53.0
42.78894000,17.85489000,53.0
42.78901000,17.85485000,52.0
42.78906000,17.85481000,51.0
42.78913000,17.85478000,50.0
42.78919000,17.85474000,49.0
42.78925000,17.85471000,49.0
42.78931000,17.85469000,50.0
42.78936000,17.85466000,50.0
42.78942000,17.85463000,50.0
42.78949000,17.85461000,50.0
42.78954000,17.85458000,50.0
42.78959000,17.85456000,50.0
42.78965000,17.85453000,50.0
42.78971000,17.85450000,50.0
42.78978000,17.85448000,50.0
42.78984000,17.85444000,48.0
42.78992000,17.85441000,47.0
42.78998000,17.85438000,46.0
42.79007000,17.85438000,46.0
42.79015000,17.85435000,44.0
42.79022000,17.85434000,44.0
42.79028000,17.85432000,43.0
42.79037000,17.85431000,43.0
42.79044000,17.85430000,43.0
42.79052000,17.85429000,42.0
42.79059000,17.85427000,42.0
42.79067000,17.85427000,41.0
42.79075000,17.85427000,41.0
42.79083000,17.85427000,41.0
42.79090000,17.85427000,40.0
42.79096000,17.85427000,40.0
42.79102000,17.85427000,40.0
42.79109000,17.85427000,40.0
42.79115000,17.85428000,41.0
42.79121000,17.85428000,41.0
42.79130000,17.85429000,41.0
42.79136000,17.85430000,42.0
42.79142000,17.85430000,42.0
42.79150000,17.85431000,42.0
42.79157000,17.85432000,42.0
42.79164000,17.85432000,41.0
42.79171000,17.85432000,41.0
42.79179000,17.85432000,41.0
42.79185000,17.85433000,42.0
42.79191000,17.85433000,42.0
42.79198000,17.85434000,42.0
42.79204000,17.85434000,42.0
42.79211000,17.85435000,42.0
42.79218000,17.85436000,42.0
42.79225000,17.85436000,42.0
42.79231000,17.85438000,42.0
42.79238000,17.85438000,42.0
42.79244000,17.85438000,43.0
42.79251000,17.85439000,43.0
42.79257000,17.85439000,43.0
42.79263000,17.85440000,43.0
42.79270000,17.85441000,44.0
42.79276000,17.85441000,44.0
42.79281000,17.85440000,44.0
42.79287000,17.85441000,43.0
42.79293000,17.85440000,42.0
42.79300000,17.85441000,42.0
42.79306000,17.85442000,41.0
42.79311000,17.85444000,41.0
42.79318000,17.85444000,40.0
42.79324000,17.85445000,40.0
42.79332000,17.85445000,39.0
42.79339000,17.85446000,38.0
42.79345000,17.85447000,38.0
42.79352000,17.85447000,38.0
42.79359000,17.85448000,38.0
42.79365000,17.85449000,37.0
42.79372000,17.85448000,37.0
42.79379000,17.85448000,37.0
42.79386000,17.85448000,37.0
42.79392000,17.85448000,37.0
42.79398000,17.85447000,37.0
42.79403000,17.85446000,37.0
42.79410000,17.85446000,37.0
42.79416000,17.85446000,37.0
42.79422000,17.85445000,37.0
42.79428000,17.85445000,37.0
42.79433000,17.85445000,37.0
42.79439000,17.85445000,37.0
42.79443000,17.85444000,37.0
42.79449000,17.85444000,37.0
42.79454000,17.85443000,37.0
42.79460000,17.85442000,37.0
42.79466000,17.85442000,37.0
42.79473000,17.85440000,37.0
42.79478000,17.85440000,38.0
42.79483000,17.85438000,38.0
42.79492000,17.85435000,38.0
42.79495000,17.85433000,38.0
42.79500000,17.85432000,38.0
42.79504000,17.85431000,38.0
42.79509000,17.85430000,38.0
42.79514000,17.85428000,37.0
42.79519000,17.85427000,37.0
42.79523000,17.85425000,37.0
42.79528000,17.85423000,37.0
42.79532000,17.85421000,37.0
42.79536000,17.85418000,37.0
42.79541000,17.85417000,37.0
42.79549000,17.85414000,36.0
42.79554000,17.85411000,36.0
42.79560000,17.85406000,36.0
42.79565000,17.85403000,36.0
42.79572000,17.85397000,36.0
42.79576000,17.85394000,36.0
42.79581000,17.85391000,36.0
42.79585000,17.85388000,37.0
42.79590000,17.85384000,37.0
42.79594000,17.85381000,37.0
42.79599000,17.85378000,37.0
42.79603000,17.85374000,37.0
42.79607000,17.85370000,37.0
42.79611000,17.85367000,37.0
42.79615000,17.85362000,37.0
42.79620000,17.85358000,37.0
42.79624000,17.85354000,37.0
42.79628000,17.85350000,37.0
42.79632000,17.85346000,37.0
42.79636000,17.85341000,37.0
42.79640000,17.85336000,38.0
42.79643000,17.85332000,38.0
42.79647000,17.85327000,38.0
42.79649000,17.85322000,38.0
42.79653000,17.85317000,38.0
42.79656000,17.85312000,38.0
42.79659000,17.85306000,38.0
42.79662000,17.85301000,38.0
42.79666000,17.85295000,38.0
42.79669000,17.85290000,38.0
42.79672000,17.85285000,38.0
42.79674000,17.85279000,38.0
42.79679000,17.85269000,38.0
42.79682000,17.85264000,38.0
42.79685000,17.85254000,38.0
42.79686000,17.85249000,38.0
42.79689000,17.85239000,38.0
42.79691000,17.85234000,38.0
42.79695000,17.85226000,39.0
42.79696000,17.85224000,39.0
42.79698000,17.85222000,39.0
42.79705000,17.85217000,39.0
42.79706000,17.85215000,39.0
42.79709000,17.85206000,39.0
42.79710000,17.85202000,39.0
42.79712000,17.85194000,39.0
42.79715000,17.85189000,39.0
42.79719000,17.85179000,39.0
42.79721000,17.85174000,39.0
42.79725000,17.85164000,39.0
42.79727000,17.85160000,39.0
42.79731000,17.85151000,39.0
42.79734000,17.85145000,38.0
42.79736000,17.85140000,38.0
42.79739000,17.85134000,37.0
42.79742000,17.85129000,36.0
42.79744000,17.85124000,36.0
42.79748000,17.85119000,35.0
42.79751000,17.85114000,35.0
42.79754000,17.85109000,35.0
42.79758000,17.85104000,35.0
42.79761000,17.85099000,35.0
42.79765000,17.85094000,35.0
42.79769000,17.85089000,35.0
42.79773000,17.85085000,35.0
42.79777000,17.85080000,35.0
42.79782000,17.85076000,36.0
42.79786000,17.85072000,36.0
42.79790000,17.85068000,36.0
42.79794000,17.85064000,36.0
42.79797000,17.85061000,36.0
42.79805000,17.85054000,36.0
42.79809000,17.85051000,36.0
42.79814000,17.85049000,36.0
42.79818000,17.85046000,36.0
42.79823000,17.85043000,37.0
42.79828000,17.85041000,37.0
42.79832000,17.85038000,37.0
42.79837000,17.85035000,37.0
42.79842000,17.85033000,37.0
42.79847000,17.85031000,38.0
42.79853000,17.85029000,38.0
42.79858000,17.85027000,38.0
42.79864000,17.85025000,39.0
42.79869000,17.85023000,39.0
42.79874000,17.85021000,39.0
42.79879000,17.85020000,39.0
42.79884000,17.85018000,40.0
42.79888000,17.85017000,40.0
42.79897000,17.85015000,40.0
42.79902000,17.85014000,40.0
42.79907000,17.85012000,40.0
42.79914000,17.85011000,40.0
42.79920000,17.85010000,41.0
42.79925000,17.85009000,41.0
42.79934000,17.85007000,41.0
42.79939000,17.85006000,41.0
42.79946000,17.85006000,40.0
42.79950000,17.85006000,40.0
42.79954000,17.85005000,40.0
42.79959000,17.85005000,40.0
42.79965000,17.85005000,40.0
42.79970000,17.85005000,40.0
42.79975000,17.85006000,39.0
42.79980000,17.85005000,39.0
42.79985000,17.85005000,39.0
42.79991000,17.85005000,38.0
42.79996000,17.85004000,38.0
42.80000000,17.85004000,38.0
42.80006000,17.85003000,37.0
42.80012000,17.85004000,37.0
42.80018000,17.85004000,36.0
42.80025000,17.85003000,36.0
42.80034000,17.85004000,35.0
42.80042000,17.85003000,34.0
42.80049000,17.85000000,33.0
42.80056000,17.84997000,32.0
42.80062000,17.84993000,31.0
42.80069000,17.84988000,30.0
42.80076000,17.84983000,29.0
42.80083000,17.84976000,28.0
42.80090000,17.84969000,27.0
42.80097000,17.84961000,27.0
42.80104000,17.84953000,26.0
42.80109000,17.84945000,25.0
42.80116000,17.84936000,25.0
42.80122000,17.84927000,26.0
42.80126000,17.84916000,25.0
42.80129000,17.84905000,25.0
42.80133000,17.84895000,24.0
42.80137000,17.84883000,24.0
42.80141000,17.84872000,23.0
42.80146000,17.84861000,23.0
42.80150000,17.84850000,22.0
42.80154000,17.84838000,22.0
42.80160000,17.84827000,21.0
42.80164000,17.84815000,20.0
42.80170000,17.84804000,19.0
42.80175000,17.84792000,17.0
42.80182000,17.84782000,16.0
42.80188000,17.84772000,16.0
42.80195000,17.84763000,15.0
42.80201000,17.84755000,14.0
42.80209000,17.84748000,14.0
42.80217000,17.84742000,14.0
42.80225000,17.84737000,13.0
42.80233000,17.84732000,12.0
42.80242000,17.84728000,11.0
42.80251000,17.84725000,10.0
42.80260000,17.84721000,9.0
42.80268000,17.84718000,9.0
42.80277000,17.84715000,8.0
42.80284000,17.84711000,8.0
42.80291000,17.84707000,7.0
42.80299000,17.84702000,7.0
42.80306000,17.84698000,7.0
42.80314000,17.84692000,7.0
42.80321000,17.84686000,8.0
42.80327000,17.84680000,7.0
42.80332000,17.84673000,7.0
42.80337000,17.84666000,7.0
42.80342000,17.84659000,8.0
42.80346000,17.84652000,8.0
42.80351000,17.84646000,9.0
42.80354000,17.84639000,9.0
42.80358000,17.84632000,10.0
42.80363000,17.84625000,10.0
42.80367000,17.84618000,11.0
42.80370000,17.84610000,12.0
42.80372000,17.84602000,12.0
42.80374000,17.84596000,12.0
42.80375000,17.84589000,12.0
42.80377000,17.84582000,12.0
42.80378000,17.84575000,12.0
42.80380000,17.84567000,12.0
42.80381000,17.84559000,11.0
42.80382000,17.84552000,11.0
42.80384000,17.84545000,11.0
42.80386000,17.84538000,11.0
42.80388000,17.84532000,11.0
42.80389000,17.84525000,10.0
42.80390000,17.84518000,11.0
42.80391000,17.84512000,11.0
42.80392000,17.84506000,11.0
42.80393000,17.84499000,11.0
42.80395000,17.84491000,11.0
42.80395000,17.84483000,11.0
42.80398000,17.84478000,12.0
42.80400000,17.84471000,13.0
42.80401000,17.84465000,12.0
42.80403000,17.84459000,13.0
42.80404000,17.84453000,12.0
42.80406000,17.84446000,12.0
42.80407000,17.84439000,12.0
42.80408000,17.84431000,10.0
42.80410000,17.84425000,10.0
42.80412000,17.84419000,9.0
42.80414000,17.84412000,9.0
42.80416000,17.84407000,9.0
42.80418000,17.84401000,9.0
42.80420000,17.84396000,9.0
42.80422000,17.84390000,9.0
42.80425000,17.84385000,10.0
42.80427000,17.84379000,10.0
42.80430000,17.84374000,11.0
42.80432000,17.84369000,12.0
42.80437000,17.84360000,13.0
42.80439000,17.84356000,13.0
42.80443000,17.84347000,13.0
42.80446000,17.84342000,14.0
42.80449000,17.84337000,14.0
42.80451000,17.84332000,14.0
42.80454000,17.84326000,15.0
42.80456000,17.84320000,15.0
42.80458000,17.84314000,15.0
42.80460000,17.84308000,15.0
42.80462000,17.84303000,15.0
42.80464000,17.84297000,15.0
42.80466000,17.84290000,15.0
42.80469000,17.84285000,15.0
42.80471000,17.84279000,15.0
42.80474000,17.84274000,16.0
42.80475000,17.84267000,15.0
42.80477000,17.84261000,16.0
42.80479000,17.84250000,15.0
42.80480000,17.84244000,15.0
42.80484000,17.84235000,16.0
42.80485000,17.84228000,15.0
42.80490000,17.84218000,16.0
42.80491000,17.84213000,16.0
42.80495000,17.84202000,17.0
42.80494000,17.84195000,16.0
42.80496000,17.84188000,17.0
42.80498000,17.84182000,18.0
42.80500000,17.84171000,18.0
42.80501000,17.84165000,19.0
42.80502000,17.84155000,19.0
42.80503000,17.84150000,19.0
42.80506000,17.84140000,19.0
42.80507000,17.84136000,19.0
42.80510000,17.84129000,19.0
42.80510000,17.84124000,19.0
42.80512000,17.84112000,18.0
42.80512000,17.84106000,17.0
42.80512000,17.84101000,16.0
42.80513000,17.84094000,16.0
42.80514000,17.84087000,15.0
42.80513000,17.84079000,14.0
42.80514000,17.84071000,14.0
42.80513000,17.84064000,13.0
42.80514000,17.84058000,12.0
42.80514000,17.84050000,12.0
42.80514000,17.84043000,11.0
42.80515000,17.84036000,11.0
42.80515000,17.84029000,11.0
42.80516000,17.84022000,11.0
42.80516000,17.84015000,10.0
42.80516000,17.84008000,10.0
42.80515000,17.84002000,9.0
42.80515000,17.83995000,9.0
42.80515000,17.83984000,9.0
42.80514000,17.83977000,9.0
42.80514000,17.83965000,9.0
42.80513000,17.83960000,9.0
42.80512000,17.83949000,10.0
42.80512000,17.83944000,10.0
42.80511000,17.83934000,11.0
42.80510000,17.83930000,11.0
42.80507000,17.83920000,12.0
42.80505000,17.83915000,13.0
42.80505000,17.83907000,14.0
42.80504000,17.83902000,14.0
42.80502000,17.83893000,15.0
42.80501000,17.83887000,16.0
42.80500000,17.83877000,17.0
42.80499000,17.83872000,17.0
42.80496000,17.83862000,18.0
42.80495000,17.83857000,19.0
42.80494000,17.83850000,20.0
42.80492000,17.83845000,21.0
42.80491000,17.83837000,22.0
42.80490000,17.83833000,23.0
42.80487000,17.83826000,24.0
42.80484000,17.83822000,24.0
42.80480000,17.83815000,25.0
42.80477000,17.83812000,25.0
42.80471000,17.83807000,24.0
42.80469000,17.83803000,24.0
42.80464000,17.83796000,24.0
42.80460000,17.83793000,23.0
42.80454000,17.83788000,22.0
42.80451000,17.83785000,21.0
42.80443000,17.83779000,19.0

42.80440000,17.83777000,19.0
42.80434000,17.83772000,19.0
42.80431000,17.83769000,19.0
42.80426000,17.83764000,19.0
42.80422000,17.83761000,19.0
42.80417000,17.83755000,20.0
42.80415000,17.83752000,20.0
42.80407000,17.83745000,22.0
42.80405000,17.83743000,22.0
42.80398000,17.83735000,24.0
42.80396000,17.83732000,24.0
42.80391000,17.83727000,25.0
42.80388000,17.83724000,25.0
42.80384000,17.83717000,26.0
42.80381000,17.83714000,26.0
42.80377000,17.83708000,26.0
42.80374000,17.83705000,26.0
42.80368000,17.83697000,26.0
42.80367000,17.83695000,26.0
42.80362000,17.83687000,26.0
42.80359000,17.83683000,26.0
42.80354000,17.83674000,26.0
42.80353000,17.83670000,26.0
42.80348000,17.83662000,25.0
42.80345000,17.83659000,25.0
42.80341000,17.83649000,25.0
42.80340000,17.83646000,25.0
42.80337000,17.83636000,26.0
42.80336000,17.83632000,26.0
42.80333000,17.83622000,26.0
42.80333000,17.83620000,26.0
42.80331000,17.83610000,26.0
42.80330000,17.83606000,26.0
42.80328000,17.83595000,27.0
42.80328000,17.83592000,27.0
42.80328000,17.83581000,28.0
42.80328000,17.83578000,28.0
42.80328000,17.83567000,29.0
42.80327000,17.83563000,29.0
42.80324000,17.83554000,29.0
42.80324000,17.83551000,30.0
42.80323000,17.83539000,30.0
42.80322000,17.83535000,30.0
42.80320000,17.83526000,30.0
42.80320000,17.83522000,30.0
42.80320000,17.83514000,31.0
42.80321000,17.83510000,32.0
42.80322000,17.83501000,33.0
42.80322000,17.83496000,33.0
42.80323000,17.83485000,34.0
42.80323000,17.83482000,34.0
42.80322000,17.83470000,34.0
42.80321000,17.83466000,34.0
42.80319000,17.83455000,33.0
42.80318000,17.83453000,33.0
42.80318000,17.83443000,33.0
42.80318000,17.83439000,33.0
42.80316000,17.83430000,32.0
42.80315000,17.83426000,32.0
42.80314000,17.83414000,31.0
42.80312000,17.83411000,31.0
42.80310000,17.83400000,30.0
42.80309000,17.83397000,30.0
42.80305000,17.83389000,29.0
42.80303000,17.83386000,30.0
42.80298000,17.83377000,32.0
42.80296000,17.83373000,32.0
42.80292000,17.83363000,34.0
42.80290000,17.83360000,35.0
42.80286000,17.83351000,37.0
42.80285000,17.83348000,38.0
42.80281000,17.83338000,40.0
42.80279000,17.83335000,40.0
42.80275000,17.83328000,42.0
42.80274000,17.83325000,43.0
42.80269000,17.83317000,44.0
42.80266000,17.83316000,44.0
42.80260000,17.83308000,45.0
42.80257000,17.83306000,45.0
42.80252000,17.83300000,46.0
42.80250000,17.83296000,46.0
42.80245000,17.83288000,46.0
42.80243000,17.83285000,46.0
42.80237000,17.83276000,46.0
42.80235000,17.83273000,46.0
42.80230000,17.83266000,46.0
42.80227000,17.83265000,45.0
42.80225000,17.83256000,46.0
42.80224000,17.83252000,47.0
42.80218000,17.83245000,46.0
42.80216000,17.83242000,46.0
42.80211000,17.83234000,46.0
42.80210000,17.83232000,46.0
42.80207000,17.83224000,46.0
42.80206000,17.83221000,47.0
42.80202000,17.83212000,46.0
42.80201000,17.83208000,46.0
42.80197000,17.83197000,45.0
42.80197000,17.83193000,46.0
42.80194000,17.83182000,45.0
42.80194000,17.83179000,45.0
42.80190000,17.83170000,44.0
42.80188000,17.83165000,44.0
42.80187000,17.83156000,46.0
42.80186000,17.83153000,46.0
42.80183000,17.83143000,47.0
42.80183000,17.83140000,47.0
42.80181000,17.83132000,48.0
42.80179000,17.83126000,48.0
42.80177000,17.83119000,48.0
42.80176000,17.83114000,48.0
42.80174000,17.83104000,49.0
42.80173000,17.83100000,49.0
42.80172000,17.83090000,49.0
42.80171000,17.83087000,49.0
42.80169000,17.83076000,48.0
42.80168000,17.83072000,48.0
42.80166000,17.83061000,46.0
42.80166000,17.83057000,46.0
42.80165000,17.83048000,46.0
42.80164000,17.83044000,46.0
42.80162000,17.83036000,45.0
42.80162000,17.83032000,45.0
42.80162000,17.83021000,45.0
42.80163000,17.83017000,46.0
42.80162000,17.83009000,46.0
42.80161000,17.83005000,45.0
42.80160000,17.82997000,45.0
42.80160000,17.82992000,46.0
42.80158000,17.82982000,45.0
42.80158000,17.82977000,45.0
42.80158000,17.82968000,46.0
42.80158000,17.82964000,46.0
42.80160000,17.82955000,47.0
42.80160000,17.82951000,47.0
42.80162000,17.82940000,48.0
42.80162000,17.82937000,48.0
42.80162000,17.82925000,49.0
42.80162000,17.82922000,49.0
42.80162000,17.82910000,50.0
42.80162000,17.82906000,51.0
42.80163000,17.82897000,52.0
42.80163000,17.82893000,52.0
42.80162000,17.82882000,52.0
42.80162000,17.82879000,52.0
42.80161000,17.82869000,52.0
42.80162000,17.82865000,53.0
42.80164000,17.82855000,54.0
42.80164000,17.82852000,54.0
42.80166000,17.82841000,55.0
42.80167000,17.82837000,55.0
42.80167000,17.82827000,55.0
42.80167000,17.82823000,55.0
42.80170000,17.82811000,56.0
42.80170000,17.82807000,56.0
42.80172000,17.82798000,56.0
42.80172000,17.82794000,56.0
42.80174000,17.82784000,57.0
42.80174000,17.82780000,57.0
42.80176000,17.82771000,58.0
42.80176000,17.82767000,58.0
42.80179000,17.82758000,59.0
42.80179000,17.82755000,59.0
42.80183000,17.82744000,61.0
42.80183000,17.82741000,61.0
42.80185000,17.82733000,62.0
42.80186000,17.82729000,62.0
42.80188000,17.82719000,63.0
42.80188000,17.82716000,62.0
42.80192000,17.82706000,63.0
42.80192000,17.82702000,63.0
42.80194000,17.82694000,62.0
42.80196000,17.82691000,63.0
42.80200000,17.82680000,63.0
42.80201000,17.82678000,63.0
42.80205000,17.82669000,63.0
42.80205000,17.82666000,63.0
42.80207000,17.82656000,63.0
42.80209000,17.82653000,63.0
42.80213000,17.82644000,64.0
42.80214000,17.82639000,64.0
42.80218000,17.82630000,65.0
42.80220000,17.82627000,66.0
42.80224000,17.82619000,67.0
42.80225000,17.82616000,68.0
42.80227000,17.82607000,68.0
42.80229000,17.82603000,69.0
42.80234000,17.82596000,71.0
42.80236000,17.82594000,72.0
42.80242000,17.82587000,73.0
42.80244000,17.82584000,74.0
42.80245000,17.82574000,73.0
42.80247000,17.82571000,73.0
42.80251000,17.82562000,73.0
42.80253000,17.82558000,72.0
42.80260000,17.82551000,73.0
42.80262000,17.82548000,73.0
42.80268000,17.82543000,74.0
42.80269000,17.82541000,74.0
42.80273000,17.82533000,74.0
42.80275000,17.82530000,73.0
42.80278000,17.82523000,73.0
42.80281000,17.82521000,74.0
42.80287000,17.82514000,75.0
42.80288000,17.82512000,75.0
42.80290000,17.82512000,76.0
42.80291000,17.82510000,76.0
42.80295000,17.82500000,75.0
42.80296000,17.82497000,75.0
42.80301000,17.82489000,74.0
42.80303000,17.82487000,74.0
42.80308000,17.82480000,73.0
42.80310000,17.82478000,73.0
42.80316000,17.82473000,74.0
42.80318000,17.82472000,74.0
42.80324000,17.82465000,73.0
42.80326000,17.82463000,73.0
42.80331000,17.82454000,73.0
42.80331000,17.82450000,72.0
42.80335000,17.82441000,72.0
42.80337000,17.82437000,73.0
42.80340000,17.82429000,74.0
42.80341000,17.82426000,74.0
42.80345000,17.82415000,76.0
42.80345000,17.82411000,76.0
42.80347000,17.82399000,78.0
42.80347000,17.82396000,79.0
42.80348000,17.82384000,81.0
42.80348000,17.82380000,81.0
42.80347000,17.82369000,83.0
42.80347000,17.82364000,84.0
42.80350000,17.82355000,86.0
42.80350000,17.82350000,87.0
42.80352000,17.82340000,89.0
42.80353000,17.82336000,90.0
42.80354000,17.82325000,91.0
42.80354000,17.82320000,91.0
42.80355000,17.82311000,93.0
42.80355000,17.82307000,93.0
42.80356000,17.82296000,92.0
42.80355000,17.82293000,92.0
42.80355000,17.82283000,91.0
42.80355000,17.82278000,91.0
42.80356000,17.82267000,89.0
42.80357000,17.82264000,89.0
42.80359000,17.82253000,87.0
42.80361000,17.82250000,88.0
42.80365000,17.82241000,87.0
42.80366000,17.82237000,86.0
42.80371000,17.82228000,86.0
42.80372000,17.82225000,86.0
42.80376000,17.82215000,85.0
42.80378000,17.82212000,86.0
42.80383000,17.82204000,87.0
42.80384000,17.82201000,87.0
42.80389000,17.82192000,88.0
42.80390000,17.82189000,88.0
42.80393000,17.82178000,88.0
42.80395000,17.82176000,89.0
42.80398000,17.82166000,89.0
42.80401000,17.82164000,91.0
42.80406000,17.82157000,93.0
42.80408000,17.82155000,93.0
42.80411000,17.82148000,93.0
42.80412000,17.82144000,93.0
42.80416000,17.82134000,93.0
42.80418000,17.82131000,93.0
42.80421000,17.82120000,92.0
42.80422000,17.82116000,91.0
42.80424000,17.82105000,90.0
42.80424000,17.82102000,89.0
42.80426000,17.82094000,89.0
42.80428000,17.82090000,89.0
42.80430000,17.82081000,88.0
42.80430000,17.82078000,87.0
42.80433000,17.82068000,87.0
42.80434000,17.82064000,87.0
42.80438000,17.82055000,87.0
42.80440000,17.82053000,88.0
42.80445000,17.82046000,89.0
42.80447000,17.82044000,90.0
42.80452000,17.82035000,92.0
42.80453000,17.82031000,92.0
42.80458000,17.82023000,94.0
42.80461000,17.82019000,96.0
42.80466000,17.82009000,97.0
42.80467000,17.82006000,97.0
42.80472000,17.82001000,100.0
42.80476000,17.81999000,101.0
42.80481000,17.81993000,103.0
42.80484000,17.81991000,104.0
42.80488000,17.81980000,103.0
42.80490000,17.81977000,103.0
42.80496000,17.81969000,104.0
42.80497000,17.81966000,104.0
42.80500000,17.81957000,103.0
42.80502000,17.81955000,104.0
42.80507000,17.81946000,104.0
42.80509000,17.81944000,104.0
42.80512000,17.81936000,104.0
42.80513000,17.81933000,104.0
42.80517000,17.81925000,104.0
42.80519000,17.81921000,104.0
42.80523000,17.81915000,104.0
42.80525000,17.81912000,104.0
42.80529000,17.81903000,104.0
42.80529000,17.81899000,103.0
42.80534000,17.81889000,104.0
42.80536000,17.81885000,104.0
42.80538000,17.81876000,104.0
42.80539000,17.81872000,103.0
42.80542000,17.81863000,103.0
42.80543000,17.81860000,102.0
42.80548000,17.81851000,103.0
42.80549000,17.81848000,102.0
42.80553000,17.81843000,103.0
42.80556000,17.81839000,104.0
42.80559000,17.81831000,103.0
42.80561000,17.81828000,103.0
42.80566000,17.81823000,104.0
42.80568000,17.81820000,104.0
42.80574000,17.81814000,105.0
42.80577000,17.81810000,105.0
42.80582000,17.81802000,105.0
42.80584000,17.81798000,104.0
42.80590000,17.81789000,105.0
42.80592000,17.81786000,105.0
42.80598000,17.81777000,105.0
42.80601000,17.81775000,106.0
42.80607000,17.81766000,106.0
42.80609000,17.81764000,107.0
42.80614000,17.81754000,106.0
42.80617000,17.81752000,107.0
42.80625000,17.81749000,111.0
42.80626000,17.81747000,111.0
42.80631000,17.81745000,113.0
42.80630000,17.81734000,109.0
42.80630000,17.81731000,108.0
42.80631000,17.81731000,108.0
42.80630000,17.81724000,106.0
42.80628000,17.81716000,102.0
42.80627000,17.81714000,101.0
42.80635000,17.81711000,104.0
42.80627000,17.81715000,101.0
42.80635000,17.81711000,104.0
42.80640000,17.81703000,103.0
42.80641000,17.81701000,103.0
42.80647000,17.81697000,103.0
42.80650000,17.81695000,104.0
42.80655000,17.81689000,104.0
42.80659000,17.81687000,105.0
42.80663000,17.81681000,104.0
42.80666000,17.81678000,104.0
42.80673000,17.81673000,104.0
42.80676000,17.81671000,104.0
42.80684000,17.81668000,105.0
42.80686000,17.81669000,106.0
42.80693000,17.81668000,107.0
42.80696000,17.81666000,107.0
42.80703000,17.81662000,108.0
42.80706000,17.81660000,109.0
42.80712000,17.81654000,110.0
42.80714000,17.81651000,109.0
42.80718000,17.81644000,109.0
42.80721000,17.81641000,109.0
42.80726000,17.81634000,108.0
42.80728000,17.81631000,109.0
42.80732000,17.81623000,108.0
42.80734000,17.81619000,108.0
42.80737000,17.81609000,108.0
42.80739000,17.81604000,108.0
42.80742000,17.81595000,108.0
42.80744000,17.81590000,108.0
42.80745000,17.81581000,108.0
42.80743000,17.81576000,108.0
42.80743000,17.81566000,109.0
42.80744000,17.81561000,110.0
42.80744000,17.81552000,111.0
42.80744000,17.81547000,112.0
42.80745000,17.81537000,113.0
42.80745000,17.81532000,114.0
42.80744000,17.81523000,115.0
42.80744000,17.81519000,116.0
42.80742000,17.81510000,117.0
42.80741000,17.81506000,118.0
42.80738000,17.81496000,119.0
42.80737000,17.81491000,119.0
42.80734000,17.81484000,120.0
42.80733000,17.81480000,120.0
42.80730000,17.81472000,121.0
42.80728000,17.81468000,121.0
42.80724000,17.81461000,121.0
42.80723000,17.81457000,121.0
42.80720000,17.81451000,121.0
42.80718000,17.81447000,121.0
42.80713000,17.81440000,120.0
42.80711000,17.81437000,120.0
42.80709000,17.81426000,122.0
42.80706000,17.81424000,121.0
42.80700000,17.81417000,121.0
42.80698000,17.81414000,121.0
42.80694000,17.81406000,121.0
42.80693000,17.81402000,121.0
42.80688000,17.81396000,121.0
42.80686000,17.81392000,121.0
42.80680000,17.81383000,121.0
42.80679000,17.81380000,121.0
42.80673000,17.81372000,121.0
42.80671000,17.81370000,121.0
42.80666000,17.81361000,120.0
42.80665000,17.81358000,120.0
42.80661000,17.81350000,120.0
42.80659000,17.81347000,119.0
42.80655000,17.81337000,119.0
42.80653000,17.81334000,119.0
42.80649000,17.81323000,119.0
42.80648000,17.81320000,119.0
42.80643000,17.81310000,119.0
42.80642000,17.81306000,120.0
42.80637000,17.81296000,120.0
42.80636000,17.81293000,121.0
42.80633000,17.81282000,121.0
42.80631000,17.81279000,122.0
42.80628000,17.81268000,122.0
42.80627000,17.81265000,122.0
42.80624000,17.81254000,122.0
42.80623000,17.81251000,122.0
42.80621000,17.81242000,123.0
42.80620000,17.81239000,123.0
42.80618000,17.81228000,123.0
42.80617000,17.81225000,123.0
42.80615000,17.81215000,124.0
42.80615000,17.81212000,124.0
42.80615000,17.81202000,124.0
42.80615000,17.81199000,124.0
42.80615000,17.81187000,125.0
42.80615000,17.81183000,125.0
42.80616000,17.81172000,125.0
42.80616000,17.81167000,126.0
42.80617000,17.81156000,126.0
42.80617000,17.81153000,125.0
42.80615000,17.81145000,125.0
42.80615000,17.81141000,125.0
42.80617000,17.81130000,124.0
42.80618000,17.81126000,124.0
42.80621000,17.81119000,124.0
42.80623000,17.81116000,125.0
42.80627000,17.81106000,125.0
42.80629000,17.81102000,125.0
42.80633000,17.81093000,126.0
42.80635000,17.81090000,126.0
42.80639000,17.81083000,126.0
42.80641000,17.81080000,126.0
42.80646000,17.81071000,126.0
42.80648000,17.81068000,126.0
42.80653000,17.81060000,127.0
42.80655000,17.81057000,127.0
42.80661000,17.81050000,128.0
42.80663000,17.81048000,128.0
42.80669000,17.81041000,129.0
42.80671000,17.81039000,130.0
42.80677000,17.81033000,130.0
42.80679000,17.81030000,130.0
42.80684000,17.81024000,131.0
42.80686000,17.81022000,131.0
42.80693000,17.81015000,131.0
42.80695000,17.81013000,131.0
42.80702000,17.81007000,130.0
42.80704000,17.81005000,129.0
42.80711000,17.80999000,128.0
42.80713000,17.80997000,128.0
42.80719000,17.80993000,127.0
42.80722000,17.80992000,127.0
42.80729000,17.80987000,126.0
42.80733000,17.80985000,126.0
42.80738000,17.80982000,125.0
42.80741000,17.80980000,125.0
42.80747000,17.80977000,124.0
42.80750000,17.80975000,124.0
42.80757000,17.80970000,124.0
42.80760000,17.80969000,124.0
42.80768000,17.80964000,124.0
42.80771000,17.80963000,125.0
42.80777000,17.80960000,125.0
42.80780000,17.80958000,125.0
42.80787000,17.80952000,127.0
42.80790000,17.80950000,127.0
42.80798000,17.80945000,128.0
42.80800000,17.80943000,128.0
42.80805000,17.80939000,129.0
42.80808000,17.80937000,129.0
42.80815000,17.80933000,130.0
42.80818000,17.80931000,130.0
42.80823000,17.80927000,130.0
42.80825000,17.80924000,130.0
42.80832000,17.80918000,130.0
42.80835000,17.80916000,131.0
42.80841000,17.80911000,132.0
42.80845000,17.80909000,132.0
42.80851000,17.80904000,133.0
42.80854000,17.80901000,133.0
42.80859000,17.80896000,133.0
42.80862000,17.80892000,133.0
42.80867000,17.80886000,134.0
42.80870000,17.80883000,135.0
42.80875000,17.80878000,136.0
42.80878000,17.80874000,137.0
42.80883000,17.80868000,138.0
42.80886000,17.80864000,139.0
42.80891000,17.80857000,140.0
42.80893000,17.80855000,140.0
42.80899000,17.80850000,141.0
42.80902000,17.80847000,141.0
42.80907000,17.80840000,141.0
42.80909000,17.80837000,141.0
42.80914000,17.80830000,141.0
42.80915000,17.80826000,141.0
42.80919000,17.80817000,140.0
42.80921000,17.80813000,140.0
42.80925000,17.80805000,139.0
42.80928000,17.80800000,139.0
42.80932000,17.80790000,138.0
42.80934000,17.80787000,138.0
42.80939000,17.80779000,138.0
42.80941000,17.80774000,138.0
42.80945000,17.80766000,138.0
42.80947000,17.80762000,139.0
42.80951000,17.80754000,140.0
42.80952000,17.80750000,140.0
42.80956000,17.80741000,141.0
42.80957000,17.80737000,141.0
42.80961000,17.80728000,142.0
42.80963000,17.80724000,142.0
42.80966000,17.80715000,143.0
42.80968000,17.80711000,144.0
42.80968000,17.80703000,143.0
42.80968000,17.80699000,143.0
42.80970000,17.80690000,143.0
42.80971000,17.80686000,143.0
42.80972000,17.80676000,142.0
42.80972000,17.80673000,141.0
42.80975000,17.80662000,141.0
42.80977000,17.80657000,141.0
42.80979000,17.80649000,141.0
42.80980000,17.80645000,141.0
42.80982000,17.80633000,142.0
42.80983000,17.80628000,142.0
42.80984000,17.80620000,142.0
42.80984000,17.80615000,142.0
42.80985000,17.80603000,142.0
42.80986000,17.80598000,142.0
42.80987000,17.80589000,142.0
42.80987000,17.80584000,142.0
42.80987000,17.80575000,141.0
42.80988000,17.80570000,141.0
42.80988000,17.80568000,141.0
42.80984000,17.80572000,140.0
42.80983000,17.80572000,140.0
42.80981000,17.80571000,139.0
42.80980000,17.80571000,139.0
42.80983000,17.80569000,140.0
42.80981000,17.80574000,139.0
42.80979000,17.80572000,139.0
42.80984000,17.80573000,140.0
42.80986000,17.80572000,141.0
42.80987000,17.80570000,141.0
42.80989000,17.80560000,141.0
42.80990000,17.80555000,141.0
42.80990000,17.80544000,141.0
42.80991000,17.80539000,141.0
42.80992000,17.80529000,141.0
42.80993000,17.80524000,141.0
42.80993000,17.80513000,141.0
42.80994000,17.80508000,141.0
42.80996000,17.80497000,141.0
42.80997000,17.80491000,140.0
42.80998000,17.80485000,139.0
42.80999000,17.80479000,139.0
42.81001000,17.80472000,138.0
42.81002000,17.80465000,137.0
42.81004000,17.80458000,137.0
42.81005000,17.80452000,136.0
42.81008000,17.80446000,137.0
42.81009000,17.80440000,136.0
42.81012000,17.80433000,136.0
42.81014000,17.80427000,136.0
42.81016000,17.80421000,136.0
42.81019000,17.80414000,136.0
42.81022000,17.80408000,135.0
42.81024000,17.80401000,134.0
42.81027000,17.80395000,134.0
42.81029000,17.80388000,133.0
42.81032000,17.80382000,134.0
42.81034000,17.80374000,134.0
42.81036000,17.80367000,134.0
42.81039000,17.80360000,134.0
42.81042000,17.80353000,135.0
42.81045000,17.80346000,136.0
42.81048000,17.80339000,137.0
42.81051000,17.80332000,138.0
42.81054000,17.80326000,139.0
42.81058000,17.80319000,140.0
42.81060000,17.80311000,140.0
42.81064000,17.80304000,141.0
42.81066000,17.80298000,141.0
42.81068000,17.80291000,141.0
42.81071000,17.80284000,141.0
42.81074000,17.80279000,142.0
42.81078000,17.80273000,143.0
42.81080000,17.80267000,143.0
42.81083000,17.80260000,143.0
42.81085000,17.80253000,143.0
42.81088000,17.80246000,143.0
42.81090000,17.80240000,143.0
42.81091000,17.80234000,143.0
42.81092000,17.80227000,142.0
42.81093000,17.80221000,141.0
42.81093000,17.80211000,140.0
42.81093000,17.80204000,139.0
42.81092000,17.80196000,137.0
42.81091000,17.80187000,135.0
42.81091000,17.80179000,134.0
42.81090000,17.80169000,132.0
42.81089000,17.80160000,132.0
42.81088000,17.80151000,132.0
42.81087000,17.80144000,132.0
42.81086000,17.80135000,133.0
42.81085000,17.80127000,134.0
42.81084000,17.80119000,135.0
42.81083000,17.80112000,136.0
42.81080000,17.80106000,136.0
42.81078000,17.80098000,136.0
42.81076000,17.80090000,137.0
42.81075000,17.80081000,138.0
42.81073000,17.80072000,139.0
42.81069000,17.80064000,139.0
42.81067000,17.80055000,140.0
42.81066000,17.80047000,140.0
42.81064000,17.80038000,140.0
42.81063000,17.80030000,141.0
42.81063000,17.80022000,141.0
42.81063000,17.80014000,141.0
42.81062000,17.80007000,140.0
42.81062000,17.79998000,140.0
42.81062000,17.79990000,139.0
42.81063000,17.79982000,138.0
42.81064000,17.79975000,138.0
42.81066000,17.79968000,138.0
42.81068000,17.79960000,137.0
42.81070000,17.79953000,137.0
42.81071000,17.79944000,136.0
42.81072000,17.79937000,135.0
42.81072000,17.79929000,134.0
42.81073000,17.79921000,134.0
42.81075000,17.79913000,134.0
42.81076000,17.79905000,134.0
42.81078000,17.79897000,134.0
42.81079000,17.79889000,134.0
42.81080000,17.79882000,133.0
42.81081000,17.79874000,133.0
42.81082000,17.79867000,133.0
42.81084000,17.79859000,133.0
42.81085000,17.79850000,132.0
42.81086000,17.79842000,131.0
42.81087000,17.79834000,131.0
42.81088000,17.79827000,131.0
42.81089000,17.79819000,131.0
42.81090000,17.79812000,130.0
42.81091000,17.79804000,130.0
42.81092000,17.79796000,131.0
42.81092000,17.79788000,131.0
42.81093000,17.79780000,131.0
42.81093000,17.79772000,131.0
42.81094000,17.79765000,132.0
42.81094000,17.79756000,132.0
42.81095000,17.79749000,132.0
42.81095000,17.79740000,132.0
42.81095000,17.79731000,132.0
42.81094000,17.79722000,131.0
42.81094000,17.79714000,131.0
42.81093000,17.79705000,130.0
42.81093000,17.79696000,130.0
42.81092000,17.79688000,129.0
42.81091000,17.79680000,129.0
42.81090000,17.79671000,128.0
42.81089000,17.79662000,128.0
42.81089000,17.79653000,128.0
42.81088000,17.79644000,128.0
42.81086000,17.79635000,128.0
42.81086000,17.79626000,129.0
42.81085000,17.79617000,130.0
42.81084000,17.79608000,130.0
42.81083000,17.79599000,129.0
42.81083000,17.79589000,129.0
42.81082000,17.79580000,129.0
42.81082000,17.79571000,128.0
42.81081000,17.79562000,127.0
42.81081000,17.79553000,127.0
42.81081000,17.79544000,126.0
42.81082000,17.79535000,125.0
42.81082000,17.79526000,124.0
42.81082000,17.79518000,123.0
42.81083000,17.79510000,122.0
42.81083000,17.79502000,122.0
42.81084000,17.79494000,122.0
42.81086000,17.79488000,123.0
42.81088000,17.79480000,123.0
42.81089000,17.79472000,123.0
42.81091000,17.79464000,124.0
42.81093000,17.79456000,124.0
42.81094000,17.79448000,124.0
42.81096000,17.79440000,124.0
42.81098000,17.79432000,125.0
42.81100000,17.79425000,125.0
42.81102000,17.79418000,125.0
42.81105000,17.79411000,126.0
42.81106000,17.79404000,125.0
42.81109000,17.79397000,126.0
42.81111000,17.79391000,126.0
42.81113000,17.79384000,126.0
42.81116000,17.79378000,127.0
42.81119000,17.79373000,128.0
42.81122000,17.79367000,128.0
42.81124000,17.79361000,128.0
42.81128000,17.79356000,129.0
42.81132000,17.79350000,129.0
42.81135000,17.79345000,129.0
42.81139000,17.79339000,129.0
42.81143000,17.79334000,129.0
42.81146000,17.79329000,129.0
42.81149000,17.79323000,129.0
42.81152000,17.79319000,129.0
42.81157000,17.79315000,129.0
42.81161000,17.79311000,130.0
42.81165000,17.79306000,130.0
42.81169000,17.79303000,130.0
42.81174000,17.79299000,130.0
42.81178000,17.79295000,130.0
42.81183000,17.79291000,130.0
42.81187000,17.79287000,130.0
42.81192000,17.79284000,131.0
42.81196000,17.79279000,130.0
42.81200000,17.79275000,131.0
42.81204000,17.79271000,131.0
42.81208000,17.79266000,131.0
42.81212000,17.79262000,132.0
42.81216000,17.79258000,132.0
42.81220000,17.79254000,132.0
42.81224000,17.79250000,132.0
42.81228000,17.79245000,132.0
42.81231000,17.79239000,132.0
42.81235000,17.79234000,132.0
42.81238000,17.79227000,131.0
42.81241000,17.79220000,130.0
42.81245000,17.79214000,130.0
42.81249000,17.79209000,130.0
42.81252000,17.79204000,130.0
42.81255000,17.79199000,130.0
42.81259000,17.79192000,130.0
42.81262000,17.79187000,130.0
42.81265000,17.79181000,130.0
42.81268000,17.79175000,130.0
42.81270000,17.79168000,129.0
42.81273000,17.79162000,130.0
42.81276000,17.79155000,130.0
42.81278000,17.79149000,130.0
42.81280000,17.79143000,130.0
42.81283000,17.79136000,130.0
42.81285000,17.79129000,130.0
42.81288000,17.79123000,131.0
42.81290000,17.79116000,131.0
42.81292000,17.79108000,131.0
42.81295000,17.79101000,131.0
42.81296000,17.79094000,131.0
42.81298000,17.79087000,131.0
42.81299000,17.79079000,130.0
42.81300000,17.79072000,130.0
42.81302000,17.79064000,130.0
42.81303000,17.79055000,129.0
42.81305000,17.79047000,129.0
42.81306000,17.79038000,128.0
42.81307000,17.79029000,127.0
42.81309000,17.79021000,128.0
42.81311000,17.79015000,129.0
42.81311000,17.79007000,129.0
42.81312000,17.78999000,129.0
42.81313000,17.78990000,130.0
42.81313000,17.78981000,130.0
42.81314000,17.78971000,130.0
42.81315000,17.78962000,131.0
42.81315000,17.78953000,131.0
42.81316000,17.78944000,131.0
42.81317000,17.78935000,131.0
42.81318000,17.78926000,131.0
42.81319000,17.78917000,131.0
42.81321000,17.78908000,131.0
42.81322000,17.78899000,131.0
42.81322000,17.78891000,130.0
42.81324000,17.78882000,129.0
42.81325000,17.78872000,128.0
42.81328000,17.78862000,127.0
42.81330000,17.78853000,125.0
42.81333000,17.78843000,124.0
42.81335000,17.78835000,122.0
42.81338000,17.78827000,121.0
42.81341000,17.78818000,120.0
42.81344000,17.78810000,119.0
42.81348000,17.78803000,120.0
42.81351000,17.78797000,120.0
42.81355000,17.78790000,120.0
42.81358000,17.78784000,121.0
42.81362000,17.78779000,122.0
42.81365000,17.78773000,122.0
42.81369000,17.78768000,123.0
42.81372000,17.78762000,123.0
42.81376000,17.78756000,124.0
42.81380000,17.78751000,125.0
42.81384000,17.78745000,125.0
42.81388000,17.78739000,126.0
42.81392000,17.78734000,127.0
42.81396000,17.78729000,128.0
42.81400000,17.78723000,128.0
42.81403000,17.78717000,129.0
42.81407000,17.78710000,129.0
42.81410000,17.78705000,130.0
42.81412000,17.78700000,130.0
42.81415000,17.78694000,131.0
42.81418000,17.78688000,131.0
42.81422000,17.78683000,131.0
42.81425000,17.78676000,130.0
42.81427000,17.78670000,130.0
42.81430000,17.78663000,130.0
42.81432000,17.78657000,129.0
42.81435000,17.78650000,128.0
42.81438000,17.78642000,128.0
42.81440000,17.78634000,127.0
42.81442000,17.78627000,126.0
42.81443000,17.78621000,125.0
42.81446000,17.78615000,125.0
42.81447000,17.78609000,124.0
42.81449000,17.78598000,124.0
42.81449000,17.78592000,124.0
42.81449000,17.78586000,123.0
42.81450000,17.78580000,123.0
42.81451000,17.78574000,124.0
42.81451000,17.78567000,124.0
42.81452000,17.78561000,125.0
42.81452000,17.78555000,125.0
42.81453000,17.78543000,125.0
42.81453000,17.78536000,125.0
42.81453000,17.78530000,125.0
42.81453000,17.78523000,126.0
42.81452000,17.78516000,126.0
42.81452000,17.78510000,126.0
42.81452000,17.78503000,127.0
42.81452000,17.78496000,127.0
42.81451000,17.78490000,128.0
42.81450000,17.78483000,128.0
42.81450000,17.78477000,129.0
42.81449000,17.78471000,129.0
42.81447000,17.78459000,129.0
42.81447000,17.78453000,129.0
42.81445000,17.78442000,129.0
42.81444000,17.78436000,129.0
42.81442000,17.78427000,128.0
42.81441000,17.78422000,128.0
42.81439000,17.78411000,127.0
42.81438000,17.78406000,127.0
42.81436000,17.78397000,127.0
42.81435000,17.78392000,126.0
42.81433000,17.78381000,126.0
42.81432000,17.78376000,126.0
42.81432000,17.78370000,127.0
42.81431000,17.78363000,127.0
42.81431000,17.78352000,127.0
42.81430000,17.78347000,127.0
42.81429000,17.78338000,128.0
42.81429000,17.78334000,128.0
42.81430000,17.78325000,128.0
42.81430000,17.78321000,128.0
42.81430000,17.78311000,128.0
42.81431000,17.78307000,128.0
42.81431000,17.78298000,128.0
42.81431000,17.78293000,128.0
42.81431000,17.78284000,129.0
42.81431000,17.78279000,129.0
42.81431000,17.78269000,129.0
42.81431000,17.78265000,130.0
42.81431000,17.78255000,130.0
42.81432000,17.78250000,130.0
42.81432000,17.78238000,130.0
42.81433000,17.78234000,130.0
42.81435000,17.78223000,131.0
42.81436000,17.78217000,131.0
42.81439000,17.78205000,130.0
42.81440000,17.78199000,130.0
42.81444000,17.78190000,129.0
42.81445000,17.78185000,129.0
42.81447000,17.78175000,129.0
42.81448000,17.78170000,129.0
42.81451000,17.78160000,129.0
42.81452000,17.78155000,129.0
42.81455000,17.78143000,129.0
42.81457000,17.78138000,129.0
42.81461000,17.78128000,129.0
42.81463000,17.78123000,129.0
42.81465000,17.78117000,130.0
42.81468000,17.78112000,130.0
42.81473000,17.78102000,131.0
42.81475000,17.78097000,131.0
42.81480000,17.78088000,131.0
42.81483000,17.78083000,132.0
42.81486000,17.78077000,132.0
42.81489000,17.78072000,132.0
42.81494000,17.78062000,132.0
42.81497000,17.78058000,132.0
42.81501000,17.78054000,132.0
42.81504000,17.78049000,132.0
42.81507000,17.78045000,132.0
42.81511000,17.78040000,132.0
42.81515000,17.78036000,132.0
42.81518000,17.78032000,133.0
42.81522000,17.78028000,133.0
42.81526000,17.78024000,133.0
42.81531000,17.78019000,134.0
42.81535000,17.78015000,134.0
42.81538000,17.78010000,134.0
42.81541000,17.78006000,135.0
42.81547000,17.77998000,135.0
42.81550000,17.77994000,135.0
42.81553000,17.77990000,135.0
42.81556000,17.77985000,134.0
42.81560000,17.77980000,134.0
42.81563000,17.77976000,134.0
42.81566000,17.77971000,134.0
42.81570000,17.77965000,134.0
42.81573000,17.77960000,134.0
42.81577000,17.77956000,134.0
42.81581000,17.77951000,134.0
42.81585000,17.77946000,134.0
42.81588000,17.77941000,134.0
42.81591000,17.77936000,134.0
42.81595000,17.77930000,134.0
42.81599000,17.77925000,134.0
42.81602000,17.77921000,134.0
42.81605000,17.77915000,134.0
42.81609000,17.77910000,134.0
42.81611000,17.77906000,134.0
42.81615000,17.77901000,135.0
42.81618000,17.77896000,135.0
42.81621000,17.77891000,135.0
42.81624000,17.77886000,135.0
42.81627000,17.77880000,135.0
42.81629000,17.77875000,135.0
42.81632000,17.77870000,135.0
42.81634000,17.77864000,135.0
42.81637000,17.77859000,134.0
42.81639000,17.77853000,134.0
42.81641000,17.77847000,134.0
42.81644000,17.77841000,134.0
42.81647000,17.77835000,134.0
42.81649000,17.77829000,133.0
42.81652000,17.77823000,133.0
42.81654000,17.77817000,133.0
42.81656000,17.77811000,132.0
42.81656000,17.77805000,132.0
42.81658000,17.77799000,132.0
42.81660000,17.77793000,132.0
42.81663000,17.77787000,132.0
42.81665000,17.77781000,132.0
42.81667000,17.77774000,131.0
42.81669000,17.77766000,131.0
42.81671000,17.77760000,131.0
42.81673000,17.77754000,131.0
42.81675000,17.77747000,131.0
42.81678000,17.77741000,131.0
42.81680000,17.77734000,131.0
42.81682000,17.77727000,131.0
42.81684000,17.77721000,131.0
42.81687000,17.77714000,131.0
42.81689000,17.77706000,131.0
42.81692000,17.77700000,131.0
42.81695000,17.77693000,131.0
42.81697000,17.77685000,131.0
42.81699000,17.77678000,131.0
42.81701000,17.77671000,131.0
42.81702000,17.77663000,130.0
42.81705000,17.77654000,130.0
42.81708000,17.77646000,129.0
42.81711000,17.77638000,129.0
42.81713000,17.77630000,129.0
42.81715000,17.77623000,128.0
42.81718000,17.77616000,128.0
42.81720000,17.77608000,128.0
42.81723000,17.77600000,128.0
42.81726000,17.77593000,128.0
42.81728000,17.77586000,128.0

42.81732000,17.77579000,128.0
42.81734000,17.77571000,128.0
42.81737000,17.77564000,128.0
42.81740000,17.77556000,129.0
42.81743000,17.77549000,129.0
42.81746000,17.77542000,129.0
42.81748000,17.77535000,129.0
42.81751000,17.77528000,130.0
42.81754000,17.77522000,129.0
42.81756000,17.77515000,129.0
42.81760000,17.77508000,128.0
42.81763000,17.77501000,128.0
42.81766000,17.77494000,128.0
42.81769000,17.77487000,127.0
42.81773000,17.77481000,127.0
42.81775000,17.77474000,126.0
42.81779000,17.77467000,126.0
42.81782000,17.77460000,126.0
42.81785000,17.77453000,126.0
42.81789000,17.77446000,125.0
42.81792000,17.77439000,125.0
42.81795000,17.77433000,125.0
42.81798000,17.77427000,125.0
42.81802000,17.77420000,125.0
42.81806000,17.77414000,124.0
42.81809000,17.77408000,125.0
42.81813000,17.77401000,125.0
42.81816000,17.77395000,125.0
42.81820000,17.77389000,125.0
42.81823000,17.77383000,124.0
42.81827000,17.77377000,124.0
42.81831000,17.77370000,124.0
42.81836000,17.77363000,124.0
42.81839000,17.77357000,124.0
42.81844000,17.77349000,125.0
42.81848000,17.77343000,125.0
42.81852000,17.77337000,125.0
42.81855000,17.77330000,125.0
42.81858000,17.77324000,125.0
42.81862000,17.77317000,126.0
42.81865000,17.77311000,126.0
42.81869000,17.77305000,125.0
42.81873000,17.77298000,125.0
42.81877000,17.77292000,125.0
42.81881000,17.77286000,125.0
42.81884000,17.77279000,125.0
42.81889000,17.77272000,125.0
42.81892000,17.77266000,125.0
42.81895000,17.77260000,125.0
42.81899000,17.77254000,125.0
42.81902000,17.77247000,125.0
42.81905000,17.77241000,125.0
42.81909000,17.77234000,124.0
42.81913000,17.77227000,124.0
42.81917000,17.77221000,123.0
42.81920000,17.77214000,123.0
42.81924000,17.77208000,123.0
42.81927000,17.77202000,123.0
42.81931000,17.77195000,123.0
42.81935000,17.77189000,123.0
42.81938000,17.77183000,123.0
42.81942000,17.77177000,123.0
42.81946000,17.77171000,124.0
42.81950000,17.77165000,124.0
42.81954000,17.77158000,124.0
42.81958000,17.77152000,124.0
42.81962000,17.77146000,125.0
42.81966000,17.77139000,125.0
42.81970000,17.77133000,125.0
42.81973000,17.77126000,125.0
42.81976000,17.77119000,124.0
42.81980000,17.77112000,124.0
42.81984000,17.77106000,124.0
42.81987000,17.77100000,123.0
42.81990000,17.77094000,123.0
42.81994000,17.77088000,123.0
42.81998000,17.77082000,123.0
42.82002000,17.77076000,123.0
42.82006000,17.77069000,123.0
42.82010000,17.77063000,123.0
42.82014000,17.77056000,123.0
42.82018000,17.77049000,123.0
42.82023000,17.77043000,123.0
42.82026000,17.77037000,123.0
42.82030000,17.77030000,123.0
42.82034000,17.77025000,123.0
42.82038000,17.77018000,124.0
42.82043000,17.77011000,124.0
42.82047000,17.77004000,124.0
42.82050000,17.76998000,125.0
42.82054000,17.76992000,125.0
42.82057000,17.76985000,125.0
42.82061000,17.76979000,125.0
42.82065000,17.76973000,125.0
42.82069000,17.76967000,125.0
42.82073000,17.76961000,126.0
42.82077000,17.76955000,126.0
42.82081000,17.76949000,126.0
42.82084000,17.76942000,126.0
42.82088000,17.76936000,127.0
42.82092000,17.76929000,127.0
42.82096000,17.76923000,127.0
42.82100000,17.76918000,127.0
42.82103000,17.76912000,127.0
42.82107000,17.76906000,126.0
42.82111000,17.76901000,126.0
42.82114000,17.76895000,125.0
42.82117000,17.76890000,125.0
42.82120000,17.76885000,125.0
42.82124000,17.76880000,124.0
42.82127000,17.76874000,124.0
42.82130000,17.76869000,123.0
42.82133000,17.76863000,122.0
42.82137000,17.76857000,122.0
42.82140000,17.76850000,121.0
42.82143000,17.76844000,121.0
42.82147000,17.76838000,121.0
42.82150000,17.76831000,121.0
42.82154000,17.76826000,121.0
42.82158000,17.76820000,121.0
42.82161000,17.76815000,121.0
42.82165000,17.76809000,121.0
42.82168000,17.76802000,120.0
42.82171000,17.76796000,120.0
42.82174000,17.76791000,120.0
42.82178000,17.76785000,120.0
42.82182000,17.76779000,120.0
42.82185000,17.76774000,120.0
42.82188000,17.76768000,120.0
42.82192000,17.76762000,119.0
42.82196000,17.76757000,119.0
42.82199000,17.76751000,119.0
42.82202000,17.76746000,119.0
42.82205000,17.76740000,119.0
42.82207000,17.76735000,119.0
42.82211000,17.76730000,119.0
42.82214000,17.76724000,119.0
42.82217000,17.76718000,120.0
42.82220000,17.76713000,120.0
42.82223000,17.76707000,120.0
42.82226000,17.76702000,120.0
42.82231000,17.76691000,120.0
42.82234000,17.76686000,120.0
42.82236000,17.76680000,120.0
42.82238000,17.76674000,120.0
42.82241000,17.76669000,121.0
42.82244000,17.76663000,121.0
42.82246000,17.76657000,120.0
42.82249000,17.76650000,120.0
42.82252000,17.76644000,120.0
42.82255000,17.76639000,120.0
42.82258000,17.76633000,120.0
42.82261000,17.76627000,121.0
42.82263000,17.76621000,121.0
42.82266000,17.76616000,121.0
42.82268000,17.76610000,121.0
42.82270000,17.76604000,121.0
42.82273000,17.76599000,121.0
42.82276000,17.76592000,121.0
42.82278000,17.76586000,121.0
42.82280000,17.76579000,121.0
42.82282000,17.76573000,120.0
42.82284000,17.76566000,120.0
42.82287000,17.76560000,120.0
42.82288000,17.76553000,120.0
42.82290000,17.76546000,120.0
42.82291000,17.76539000,120.0
42.82293000,17.76532000,120.0
42.82295000,17.76525000,120.0
42.82297000,17.76518000,120.0
42.82299000,17.76511000,120.0
42.82301000,17.76504000,120.0
42.82302000,17.76497000,120.0
42.82304000,17.76490000,120.0
42.82306000,17.76483000,120.0
42.82307000,17.76476000,120.0
42.82309000,17.76469000,120.0
42.82311000,17.76461000,120.0
42.82312000,17.76454000,120.0
42.82314000,17.76446000,121.0
42.82316000,17.76438000,121.0
42.82318000,17.76430000,121.0
42.82320000,17.76422000,121.0
42.82322000,17.76414000,121.0
42.82323000,17.76406000,121.0
42.82325000,17.76397000,121.0
42.82327000,17.76387000,121.0
42.82330000,17.76378000,120.0
42.82332000,17.76369000,119.0
42.82334000,17.76359000,117.0
42.82335000,17.76350000,117.0
42.82337000,17.76340000,117.0
42.82339000,17.76329000,116.0
42.82342000,17.76319000,117.0
42.82344000,17.76308000,117.0
42.82346000,17.76297000,117.0
42.82347000,17.76286000,117.0
42.82350000,17.76275000,116.0
42.82352000,17.76263000,115.0
42.82354000,17.76251000,115.0
42.82356000,17.76239000,114.0
42.82358000,17.76227000,113.0
42.82361000,17.76215000,112.0
42.82363000,17.76204000,110.0
42.82365000,17.76192000,109.0
42.82368000,17.76180000,107.0
42.82369000,17.76168000,106.0
42.82371000,17.76156000,105.0
42.82373000,17.76144000,104.0
42.82375000,17.76133000,103.0
42.82377000,17.76120000,102.0
42.82380000,17.76107000,101.0
42.82383000,17.76094000,100.0
42.82386000,17.76081000,99.0
42.82388000,17.76069000,99.0
42.82390000,17.76056000,98.0
42.82392000,17.76043000,98.0
42.82394000,17.76031000,97.0
42.82396000,17.76019000,97.0
42.82398000,17.76006000,97.0
42.82400000,17.75993000,97.0
42.82401000,17.75981000,96.0
42.82404000,17.75969000,96.0
42.82407000,17.75956000,95.0
42.82411000,17.75943000,94.0
42.82416000,17.75931000,93.0
42.82420000,17.75919000,92.0
42.82424000,17.75906000,91.0
42.82429000,17.75894000,90.0
42.82433000,17.75881000,90.0
42.82438000,17.75869000,90.0
42.82444000,17.75857000,90.0
42.82449000,17.75845000,90.0
42.82456000,17.75833000,91.0
42.82462000,17.75822000,92.0
42.82469000,17.75811000,92.0
42.82476000,17.75800000,92.0
42.82483000,17.75790000,92.0
42.82491000,17.75780000,92.0
42.82498000,17.75770000,91.0
42.82505000,17.75760000,91.0
42.82512000,17.75750000,90.0
42.82520000,17.75741000,89.0
42.82528000,17.75732000,88.0
42.82536000,17.75723000,86.0
42.82545000,17.75714000,84.0
42.82553000,17.75706000,82.0
42.82562000,17.75697000,81.0
42.82570000,17.75689000,80.0
42.82579000,17.75680000,78.0
42.82587000,17.75671000,77.0
42.82596000,17.75663000,75.0
42.82604000,17.75654000,74.0
42.82613000,17.75645000,72.0
42.82621000,17.75636000,71.0
42.82630000,17.75627000,70.0
42.82638000,17.75619000,70.0
42.82647000,17.75611000,69.0
42.82655000,17.75603000,69.0
42.82663000,17.75595000,69.0
42.82671000,17.75587000,68.0
42.82679000,17.75580000,68.0
42.82688000,17.75572000,67.0
42.82695000,17.75564000,67.0
42.82702000,17.75556000,67.0
42.82709000,17.75549000,67.0
42.82716000,17.75541000,67.0
42.82723000,17.75534000,67.0
42.82730000,17.75527000,67.0
42.82736000,17.75521000,67.0
42.82743000,17.75514000,67.0
42.82748000,17.75508000,67.0
42.82753000,17.75502000,66.0
42.82759000,17.75496000,67.0
42.82763000,17.75489000,67.0
42.82769000,17.75484000,68.0
42.82775000,17.75478000,69.0
42.82780000,17.75472000,69.0
42.82785000,17.75466000,69.0
42.82791000,17.75460000,69.0
42.82796000,17.75455000,69.0
42.82801000,17.75449000,69.0
42.82807000,17.75444000,68.0
42.82813000,17.75439000,68.0
42.82818000,17.75433000,68.0
42.82823000,17.75428000,67.0
42.82828000,17.75422000,67.0
42.82833000,17.75417000,67.0
42.82840000,17.75411000,66.0
42.82846000,17.75405000,66.0
42.82851000,17.75400000,66.0
42.82857000,17.75393000,66.0
42.82863000,17.75388000,65.0
42.82870000,17.75382000,64.0
42.82876000,17.75375000,63.0
42.82882000,17.75369000,62.0
42.82889000,17.75363000,60.0
42.82896000,17.75356000,60.0
42.82903000,17.75350000,59.0
42.82910000,17.75343000,58.0
42.82918000,17.75336000,57.0
42.82924000,17.75328000,57.0
42.82931000,17.75321000,57.0
42.82938000,17.75314000,56.0
42.82946000,17.75306000,55.0
42.82953000,17.75299000,55.0
42.82961000,17.75292000,55.0
42.82968000,17.75285000,54.0
42.82975000,17.75278000,54.0
42.82982000,17.75270000,54.0
42.82989000,17.75263000,54.0
42.82996000,17.75255000,53.0
42.83004000,17.75248000,52.0
42.83011000,17.75240000,52.0
42.83018000,17.75233000,52.0
42.83025000,17.75227000,51.0
42.83032000,17.75220000,50.0
42.83039000,17.75213000,50.0
42.83046000,17.75206000,50.0
42.83053000,17.75199000,50.0
42.83060000,17.75192000,50.0
42.83067000,17.75185000,50.0
42.83074000,17.75178000,50.0
42.83081000,17.75171000,50.0
42.83087000,17.75165000,49.0
42.83092000,17.75158000,49.0
42.83099000,17.75151000,50.0
42.83105000,17.75144000,50.0
42.83110000,17.75137000,51.0
42.83116000,17.75130000,51.0
42.83121000,17.75124000,51.0
42.83127000,17.75118000,52.0
42.83131000,17.75111000,53.0
42.83137000,17.75104000,53.0
42.83142000,17.75098000,53.0
42.83147000,17.75091000,54.0
42.83152000,17.75085000,54.0
42.83156000,17.75078000,54.0
42.83159000,17.75072000,54.0
42.83164000,17.75065000,54.0
42.83169000,17.75059000,54.0
42.83174000,17.75053000,54.0
42.83179000,17.75046000,54.0
42.83183000,17.75040000,54.0
42.83187000,17.75034000,55.0
42.83191000,17.75028000,55.0
42.83195000,17.75022000,55.0
42.83199000,17.75016000,55.0
42.83203000,17.75010000,55.0
42.83207000,17.75004000,55.0
42.83211000,17.74999000,54.0
42.83214000,17.74993000,54.0
42.83218000,17.74987000,54.0
42.83222000,17.74981000,54.0
42.83226000,17.74975000,54.0
42.83230000,17.74968000,53.0
42.83235000,17.74961000,53.0
42.83238000,17.74955000,53.0
42.83242000,17.74949000,53.0
42.83247000,17.74942000,52.0
42.83252000,17.74936000,52.0
42.83256000,17.74929000,52.0
42.83261000,17.74922000,51.0
42.83265000,17.74915000,51.0
42.83269000,17.74909000,50.0
42.83274000,17.74903000,50.0
42.83279000,17.74897000,49.0
42.83283000,17.74891000,48.0
42.83288000,17.74885000,47.0
42.83291000,17.74879000,47.0
42.83295000,17.74873000,47.0
42.83299000,17.74866000,46.0
42.83303000,17.74859000,46.0
42.83307000,17.74853000,46.0
42.83310000,17.74847000,46.0
42.83315000,17.74841000,46.0
42.83319000,17.74835000,45.0
42.83323000,17.74830000,45.0
42.83326000,17.74824000,46.0
42.83330000,17.74819000,46.0
42.83332000,17.74815000,46.0
42.83336000,17.74811000,46.0
42.83340000,17.74807000,46.0
42.83343000,17.74803000,46.0
42.83346000,17.74798000,46.0
42.83352000,17.74792000,45.0
42.83354000,17.74790000,45.0
42.83357000,17.74788000,45.0
42.83358000,17.74789000,45.0
42.83357000,17.74791000,45.0
42.83356000,17.74789000,45.0
42.83354000,17.74778000,45.0
42.83353000,17.74776000,45.0
42.83353000,17.74764000,45.0
42.83352000,17.74763000,44.0
42.83348000,17.74755000,44.0
42.83346000,17.74754000,44.0
42.83341000,17.74745000,43.0
42.83339000,17.74744000,43.0
42.83338000,17.74752000,44.0
42.83332000,17.74753000,44.0
42.83337000,17.74743000,43.0
42.83339000,17.74743000,43.0
42.83345000,17.74735000,43.0
42.83345000,17.74734000,43.0
42.83346000,17.74744000,44.0
42.83349000,17.74747000,44.0
42.83355000,17.74754000,44.0
42.83355000,17.74756000,44.0
42.83352000,17.74747000,44.0
42.83354000,17.74742000,44.0
42.83351000,17.74743000,44.0
42.83350000,17.74730000,43.0
42.83345000,17.74733000,43.0
42.83348000,17.74742000,43.0
42.83358000,17.74744000,44.0
42.83356000,17.74754000,44.0
42.83355000,17.74756000,44.0
42.83351000,17.74765000,45.0
42.83351000,17.74768000,45.0
42.83348000,17.74778000,45.0
42.83348000,17.74780000,45.0
42.83353000,17.74790000,45.0
42.83360000,17.74785000,45.0
42.83360000,17.74782000,45.0
42.83364000,17.74777000,45.0
42.83367000,17.74773000,45.0
42.83372000,17.74766000,45.0
42.83375000,17.74762000,45.0
42.83379000,17.74757000,45.0
42.83383000,17.74753000,45.0
42.83386000,17.74749000,44.0
42.83390000,17.74745000,44.0
42.83395000,17.74740000,44.0
42.83400000,17.74736000,44.0
42.83406000,17.74732000,43.0
42.83411000,17.74728000,43.0
42.83415000,17.74724000,43.0
42.83420000,17.74720000,43.0
42.83427000,17.74716000,43.0
42.83433000,17.74711000,43.0
42.83438000,17.74707000,43.0
42.83445000,17.74702000,43.0
42.83451000,17.74698000,43.0
42.83457000,17.74692000,42.0
42.83462000,17.74687000,42.0
42.83468000,17.74681000,42.0
42.83474000,17.74676000,41.0
42.83480000,17.74670000,41.0
42.83486000,17.74665000,41.0
42.83492000,17.74660000,41.0
42.83498000,17.74655000,41.0
42.83504000,17.74649000,40.0
42.83511000,17.74644000,41.0
42.83516000,17.74638000,40.0
42.83522000,17.74632000,40.0
42.83527000,17.74626000,39.0
42.83533000,17.74619000,38.0
42.83539000,17.74613000,38.0
42.83545000,17.74608000,37.0
42.83551000,17.74603000,36.0
42.83557000,17.74597000,35.0
42.83563000,17.74592000,36.0
42.83568000,17.74586000,35.0
42.83574000,17.74581000,36.0
42.83580000,17.74575000,36.0
42.83586000,17.74570000,36.0
42.83593000,17.74564000,37.0
42.83599000,17.74559000,37.0
42.83606000,17.74555000,37.0
42.83611000,17.74549000,37.0
42.83617000,17.74544000,36.0
42.83623000,17.74538000,35.0
42.83628000,17.74533000,34.0
42.83634000,17.74527000,33.0
42.83640000,17.74521000,32.0
42.83646000,17.74516000,31.0
42.83652000,17.74510000,31.0
42.83658000,17.74505000,31.0
42.83664000,17.74500000,31.0
42.83670000,17.74495000,32.0
42.83675000,17.74490000,32.0
42.83681000,17.74485000,33.0
42.83686000,17.74480000,34.0
42.83692000,17.74476000,35.0
42.83698000,17.74471000,36.0
42.83703000,17.74465000,35.0
42.83708000,17.74460000,34.0
42.83714000,17.74455000,34.0
42.83720000,17.74450000,33.0
42.83727000,17.74445000,34.0
42.83732000,17.74440000,34.0
42.83738000,17.74435000,34.0
42.83744000,17.74430000,34.0
42.83749000,17.74425000,34.0
42.83755000,17.74419000,33.0
42.83760000,17.74414000,33.0
42.83766000,17.74409000,33.0
42.83771000,17.74404000,33.0
42.83777000,17.74399000,33.0
42.83783000,17.74393000,32.0
42.83788000,17.74388000,32.0
42.83793000,17.74382000,31.0
42.83798000,17.74377000,31.0
42.83803000,17.74371000,31.0
42.83808000,17.74365000,30.0
42.83814000,17.74359000,30.0
42.83819000,17.74352000,29.0
42.83823000,17.74345000,29.0
42.83827000,17.74338000,28.0
42.83830000,17.74331000,28.0
42.83833000,17.74323000,27.0
42.83836000,17.74316000,27.0
42.83838000,17.74308000,27.0
42.83840000,17.74300000,27.0
42.83843000,17.74292000,27.0
42.83846000,17.74283000,28.0
42.83848000,17.74275000,28.0
42.83851000,17.74267000,28.0
42.83853000,17.74260000,29.0
42.83855000,17.74253000,29.0
42.83857000,17.74245000,28.0
42.83860000,17.74237000,28.0
42.83863000,17.74229000,28.0
42.83865000,17.74221000,28.0
42.83867000,17.74212000,27.0
42.83869000,17.74204000,28.0
42.83870000,17.74198000,27.0
42.83872000,17.74191000,27.0
42.83875000,17.74183000,27.0
42.83877000,17.74177000,27.0
42.83879000,17.74170000,27.0
42.83882000,17.74163000,27.0
42.83884000,17.74157000,27.0
42.83886000,17.74151000,27.0
42.83889000,17.74145000,27.0
42.83891000,17.74139000,27.0
42.83894000,17.74133000,27.0
42.83896000,17.74126000,27.0
42.83898000,17.74120000,27.0
42.83900000,17.74115000,27.0
42.83902000,17.74109000,27.0
42.83904000,17.74104000,27.0
42.83908000,17.74093000,27.0
42.83910000,17.74087000,27.0
42.83914000,17.74077000,27.0
42.83916000,17.74073000,26.0
42.83920000,17.74063000,26.0
42.83922000,17.74059000,26.0
42.83927000,17.74049000,27.0
42.83929000,17.74044000,27.0
42.83932000,17.74038000,27.0
42.83935000,17.74034000,27.0
42.83940000,17.74025000,27.0
42.83943000,17.74020000,27.0
42.83948000,17.74011000,27.0
42.83951000,17.74007000,27.0
42.83957000,17.73999000,28.0
42.83960000,17.73995000,28.0
42.83966000,17.73988000,29.0
42.83968000,17.73983000,28.0
42.83971000,17.73979000,29.0
42.83974000,17.73974000,29.0
42.83980000,17.73967000,29.0
42.83983000,17.73964000,29.0
42.83988000,17.73956000,28.0
42.83991000,17.73952000,28.0
42.83997000,17.73946000,28.0
42.84000000,17.73941000,28.0
42.84006000,17.73933000,28.0
42.84009000,17.73929000,28.0
42.84015000,17.73921000,27.0
42.84018000,17.73917000,27.0
42.84022000,17.73914000,27.0
42.84025000,17.73910000,27.0
42.84029000,17.73906000,27.0
42.84033000,17.73901000,27.0
42.84036000,17.73896000,27.0
42.84040000,17.73891000,27.0
42.84046000,17.73885000,27.0
42.84051000,17.73881000,27.0
42.84054000,17.73876000,27.0
42.84057000,17.73872000,27.0
42.84061000,17.73867000,27.0
42.84064000,17.73863000,27.0
42.84068000,17.73859000,27.0
42.84071000,17.73855000,27.0
42.84077000,17.73847000,28.0
42.84080000,17.73842000,28.0
42.84084000,17.73837000,28.0
42.84087000,17.73832000,28.0
42.84091000,17.73827000,28.0
42.84094000,17.73823000,28.0
42.84100000,17.73813000,28.0
42.84101000,17.73808000,28.0
42.84104000,17.73803000,28.0
42.84107000,17.73797000,27.0
42.84109000,17.73792000,27.0
42.84112000,17.73786000,27.0
42.84115000,17.73781000,27.0
42.84118000,17.73776000,27.0
42.84122000,17.73765000,26.0
42.84124000,17.73760000,26.0
42.84128000,17.73750000,26.0
42.84131000,17.73744000,26.0
42.84133000,17.73738000,26.0
42.84135000,17.73732000,26.0
42.84136000,17.73726000,25.0
42.84139000,17.73720000,25.0
42.84141000,17.73714000,26.0
42.84142000,17.73707000,26.0
42.84144000,17.73701000,27.0
42.84146000,17.73694000,27.0
42.84148000,17.73686000,28.0
42.84149000,17.73680000,28.0
42.84151000,17.73673000,28.0
42.84152000,17.73667000,28.0
42.84153000,17.73661000,28.0
42.84155000,17.73655000,29.0
42.84156000,17.73648000,29.0
42.84158000,17.73641000,29.0
42.84159000,17.73629000,29.0
42.84160000,17.73624000,29.0
42.84162000,17.73618000,29.0
42.84163000,17.73611000,29.0
42.84164000,17.73604000,29.0
42.84166000,17.73596000,29.0
42.84167000,17.73589000,28.0
42.84169000,17.73582000,28.0
42.84171000,17.73575000,28.0
42.84172000,17.73568000,28.0
42.84174000,17.73561000,28.0
42.84175000,17.73554000,28.0
42.84176000,17.73549000,27.0
42.84177000,17.73542000,27.0
42.84179000,17.73535000,27.0
42.84180000,17.73529000,27.0
42.84181000,17.73518000,25.0
42.84183000,17.73512000,25.0
42.84184000,17.73506000,24.0
42.84186000,17.73499000,24.0
42.84188000,17.73492000,24.0
42.84190000,17.73485000,23.0
42.84193000,17.73479000,23.0
42.84195000,17.73473000,23.0
42.84198000,17.73467000,24.0
42.84200000,17.73459000,23.0
42.84202000,17.73453000,23.0
42.84205000,17.73447000,24.0
42.84207000,17.73440000,24.0
42.84210000,17.73435000,25.0
42.84213000,17.73428000,25.0
42.84214000,17.73422000,25.0
42.84218000,17.73416000,25.0
42.84221000,17.73409000,25.0
42.84224000,17.73402000,25.0
42.84227000,17.73396000,25.0
42.84230000,17.73389000,24.0
42.84234000,17.73383000,25.0
42.84238000,17.73376000,26.0
42.84241000,17.73369000,25.0
42.84244000,17.73363000,26.0
42.84247000,17.73356000,25.0
42.84250000,17.73350000,25.0
42.84254000,17.73343000,25.0
42.84257000,17.73337000,25.0
42.84260000,17.73330000,25.0
42.84263000,17.73324000,25.0
42.84266000,17.73318000,25.0
42.84269000,17.73312000,26.0
42.84272000,17.73306000,26.0
42.84276000,17.73300000,26.0
42.84279000,17.73294000,27.0
42.84282000,17.73288000,27.0
42.84285000,17.73281000,27.0
42.84288000,17.73276000,27.0
42.84291000,17.73270000,28.0
42.84294000,17.73264000,28.0
42.84295000,17.73258000,27.0
42.84298000,17.73252000,27.0
42.84301000,17.73245000,27.0
42.84304000,17.73238000,27.0
42.84307000,17.73232000,28.0
42.84309000,17.73225000,27.0
42.84312000,17.73219000,28.0
42.84315000,17.73213000,28.0
42.84317000,17.73207000,27.0
42.84320000,17.73201000,27.0
42.84322000,17.73195000,27.0
42.84324000,17.73189000,27.0
42.84326000,17.73183000,27.0
42.84328000,17.73178000,26.0
42.84329000,17.73171000,26.0
42.84332000,17.73164000,26.0
42.84334000,17.73157000,26.0
42.84337000,17.73150000,26.0
42.84340000,17.73143000,26.0
42.84343000,17.73136000,27.0
42.84346000,17.73129000,27.0
42.84348000,17.73122000,27.0
42.84351000,17.73114000,27.0
42.84353000,17.73107000,27.0
42.84356000,17.73100000,27.0
42.84359000,17.73093000,28.0
42.84361000,17.73086000,28.0
42.84363000,17.73078000,28.0
42.84366000,17.73072000,28.0
42.84369000,17.73065000,28.0
42.84372000,17.73058000,28.0
42.84375000,17.73049000,28.0
42.84378000,17.73043000,28.0
42.84381000,17.73036000,28.0
42.84384000,17.73028000,28.0
42.84387000,17.73021000,27.0
42.84390000,17.73014000,26.0
42.84393000,17.73006000,26.0
42.84397000,17.72999000,27.0
42.84400000,17.72992000,27.0
42.84403000,17.72985000,27.0
42.84406000,17.72979000,27.0
42.84410000,17.72972000,28.0
42.84413000,17.72966000,27.0
42.84417000,17.72960000,28.0
42.84420000,17.72953000,27.0
42.84423000,17.72946000,27.0
42.84426000,17.72940000,27.0
42.84429000,17.72934000,26.0
42.84434000,17.72927000,26.0
42.84438000,17.72921000,26.0
42.84442000,17.72915000,25.0
42.84446000,17.72910000,24.0
42.84450000,17.72905000,24.0
42.84453000,17.72900000,23.0
42.84458000,17.72894000,23.0
42.84462000,17.72889000,22.0
42.84467000,17.72885000,24.0
42.84472000,17.72881000,24.0
42.84476000,17.72877000,25.0
42.84480000,17.72873000,25.0
42.84485000,17.72870000,26.0
42.84490000,17.72867000,26.0
42.84495000,17.72862000,26.0
42.84499000,17.72859000,27.0
42.84503000,17.72856000,27.0
42.84507000,17.72853000,27.0
42.84515000,17.72847000,28.0
42.84519000,17.72844000,28.0
42.84524000,17.72840000,27.0
42.84527000,17.72836000,27.0
42.84531000,17.72833000,27.0
42.84535000,17.72830000,26.0
42.84539000,17.72826000,25.0
42.84543000,17.72822000,25.0
42.84547000,17.72819000,24.0
42.84551000,17.72815000,24.0
42.84558000,17.72808000,24.0
42.84561000,17.72805000,24.0
42.84565000,17.72801000,24.0
42.84569000,17.72796000,24.0
42.84573000,17.72792000,24.0
42.84577000,17.72788000,24.0
42.84581000,17.72783000,24.0
42.84584000,17.72779000,24.0
42.84589000,17.72771000,25.0
42.84591000,17.72766000,25.0
42.84596000,17.72757000,26.0
42.84597000,17.72752000,26.0
42.84601000,17.72742000,27.0
42.84604000,17.72736000,27.0
42.84607000,17.72725000,27.0
42.84609000,17.72720000,27.0
42.84611000,17.72709000,27.0
42.84612000,17.72703000,26.0
42.84615000,17.72692000,27.0
42.84617000,17.72686000,28.0
42.84618000,17.72679000,28.0
42.84620000,17.72674000,29.0
42.84623000,17.72664000,30.0
42.84624000,17.72659000,31.0
42.84627000,17.72648000,32.0
42.84628000,17.72644000,32.0
42.84630000,17.72633000,33.0
42.84631000,17.72627000,33.0
42.84633000,17.72615000,32.0
42.84633000,17.72609000,32.0
42.84636000,17.72597000,32.0
42.84637000,17.72592000,32.0
42.84639000,17.72580000,31.0
42.84640000,17.72574000,31.0
42.84642000,17.72562000,30.0
42.84644000,17.72557000,30.0
42.84646000,17.72551000,30.0
42.84648000,17.72546000,30.0
42.84650000,17.72540000,30.0
42.84653000,17.72534000,30.0
42.84654000,17.72528000,30.0
42.84657000,17.72522000,30.0
42.84660000,17.72517000,30.0
42.84663000,17.72511000,30.0
42.84666000,17.72506000,31.0
42.84668000,17.72501000,30.0
42.84671000,17.72495000,30.0
42.84675000,17.72490000,30.0
42.84678000,17.72483000,29.0
42.84681000,17.72478000,29.0
42.84685000,17.72473000,29.0
42.84688000,17.72468000,29.0
42.84692000,17.72463000,30.0
42.84695000,17.72458000,30.0
42.84698000,17.72454000,30.0
42.84701000,17.72448000,30.0
42.84704000,17.72442000,29.0
42.84708000,17.72436000,29.0
42.84711000,17.72431000,28.0
42.84715000,17.72425000,28.0
42.84718000,17.72420000,28.0
42.84721000,17.72415000,28.0
42.84727000,17.72408000,28.0
42.84730000,17.72402000,28.0
42.84733000,17.72398000,27.0
42.84736000,17.72392000,27.0
42.84740000,17.72387000,27.0
42.84743000,17.72382000,27.0
42.84746000,17.72377000,27.0
42.84749000,17.72371000,26.0
42.84752000,17.72365000,26.0
42.84755000,17.72360000,26.0
42.84758000,17.72354000,25.0
42.84761000,17.72349000,26.0
42.84764000,17.72343000,26.0
42.84767000,17.72337000,25.0
42.84771000,17.72330000,25.0
42.84774000,17.72324000,25.0
42.84777000,17.72318000,25.0
42.84780000,17.72312000,25.0
42.84783000,17.72305000,25.0
42.84786000,17.72300000,26.0
42.84788000,17.72294000,26.0
42.84791000,17.72288000,26.0
42.84793000,17.72283000,25.0
42.84797000,17.72277000,26.0
42.84799000,17.72270000,25.0
42.84802000,17.72264000,25.0
42.84804000,17.72258000,25.0
42.84807000,17.72252000,24.0
42.84809000,17.72247000,24.0
42.84812000,17.72242000,24.0
42.84814000,17.72236000,23.0
42.84817000,17.72231000,23.0
42.84820000,17.72225000,22.0
42.84822000,17.72220000,22.0
42.84825000,17.72215000,22.0
42.84827000,17.72209000,22.0
42.84830000,17.72204000,22.0
42.84832000,17.72198000,22.0
42.84835000,17.72193000,22.0
42.84837000,17.72187000,22.0
42.84839000,17.72181000,22.0
42.84842000,17.72175000,22.0
42.84844000,17.72169000,22.0
42.84848000,17.72163000,22.0
42.84850000,17.72157000,22.0
42.84853000,17.72152000,22.0
42.84856000,17.72147000,22.0
42.84859000,17.72141000,22.0
42.84862000,17.72135000,22.0
42.84864000,17.72130000,22.0
42.84867000,17.72124000,22.0
42.84869000,17.72118000,22.0
42.84872000,17.72113000,22.0
42.84875000,17.72108000,22.0
42.84878000,17.72101000,22.0
42.84881000,17.72098000,22.0
42.84884000,17.72092000,22.0
42.84887000,17.72087000,22.0
42.84890000,17.72080000,21.0
42.84893000,17.72075000,21.0
42.84895000,17.72069000,21.0
42.84898000,17.72063000,21.0
42.84901000,17.72058000,21.0
42.84905000,17.72053000,20.0
42.84909000,17.72048000,20.0
42.84913000,17.72042000,20.0
42.84917000,17.72037000,20.0
42.84921000,17.72032000,20.0
42.84925000,17.72026000,19.0
42.84929000,17.72020000,19.0
42.84932000,17.72014000,19.0
42.84936000,17.72008000,18.0
42.84939000,17.72001000,18.0
42.84942000,17.71995000,17.0
42.84945000,17.71989000,17.0
42.84950000,17.71984000,16.0
42.84955000,17.71977000,15.0
42.84959000,17.71971000,15.0
42.84964000,17.71966000,14.0
42.84967000,17.71960000,14.0
42.84971000,17.71955000,13.0
42.84976000,17.71950000,13.0
42.84980000,17.71944000,13.0
42.84985000,17.71938000,13.0
42.84989000,17.71932000,13.0
42.84993000,17.71927000,13.0
42.84995000,17.71921000,12.0
42.84998000,17.71915000,12.0
42.85001000,17.71910000,12.0
42.85005000,17.71905000,13.0
42.85009000,17.71900000,13.0
42.85012000,17.71896000,14.0
42.85015000,17.71891000,14.0
42.85018000,17.71887000,15.0
42.85024000,17.71879000,16.0
42.85027000,17.71876000,16.0
42.85032000,17.71868000,17.0
42.85034000,17.71865000,17.0
42.85039000,17.71857000,17.0
42.85042000,17.71853000,17.0
42.85048000,17.71844000,17.0
42.85051000,17.71840000,17.0
42.85054000,17.71835000,17.0
42.85058000,17.71830000,17.0
42.85061000,17.71825000,16.0
42.85066000,17.71820000,17.0
42.85069000,17.71816000,17.0
42.85073000,17.71811000,17.0
42.85079000,17.71803000,17.0
42.85082000,17.71798000,17.0
42.85088000,17.71791000,17.0
42.85090000,17.71787000,17.0
42.85094000,17.71783000,17.0
42.85097000,17.71778000,17.0
42.85101000,17.71774000,17.0
42.85104000,17.71769000,17.0
42.85107000,17.71765000,17.0

42.85111000,17.71760000,17.0
42.85115000,17.71754000,16.0
42.85119000,17.71750000,16.0
42.85122000,17.71745000,16.0
42.85126000,17.71741000,16.0
42.85130000,17.71737000,16.0
42.85133000,17.71733000,16.0
42.85140000,17.71727000,16.0
42.85143000,17.71724000,16.0
42.85147000,17.71720000,16.0
42.85150000,17.71715000,16.0
42.85154000,17.71711000,17.0
42.85158000,17.71707000,17.0
42.85162000,17.71703000,17.0
42.85166000,17.71699000,17.0
42.85169000,17.71694000,17.0
42.85172000,17.71689000,17.0
42.85175000,17.71685000,18.0
42.85179000,17.71680000,18.0
42.85182000,17.71676000,18.0
42.85185000,17.71671000,18.0
42.85189000,17.71666000,18.0
42.85193000,17.71661000,18.0
42.85196000,17.71656000,18.0
42.85200000,17.71652000,18.0
42.85204000,17.71647000,19.0
42.85207000,17.71643000,18.0
42.85211000,17.71638000,18.0
42.85215000,17.71632000,18.0
42.85219000,17.71627000,18.0
42.85223000,17.71621000,17.0
42.85226000,17.71616000,17.0
42.85230000,17.71609000,17.0
42.85234000,17.71604000,17.0
42.85238000,17.71599000,17.0
42.85241000,17.71594000,17.0
42.85245000,17.71588000,17.0
42.85249000,17.71582000,16.0
42.85254000,17.71578000,17.0
42.85258000,17.71573000,17.0
42.85262000,17.71567000,18.0
42.85266000,17.71561000,18.0
42.85270000,17.71555000,18.0
42.85273000,17.71550000,18.0
42.85277000,17.71544000,18.0
42.85281000,17.71538000,17.0
42.85285000,17.71532000,17.0
42.85288000,17.71527000,17.0
42.85293000,17.71522000,17.0
42.85297000,17.71517000,17.0
42.85301000,17.71513000,17.0
42.85305000,17.71508000,17.0
42.85308000,17.71502000,16.0
42.85311000,17.71497000,16.0
42.85314000,17.71492000,16.0
42.85318000,17.71487000,16.0
42.85321000,17.71482000,16.0
42.85325000,17.71478000,16.0
42.85329000,17.71473000,16.0
42.85332000,17.71469000,16.0
42.85336000,17.71464000,16.0
42.85339000,17.71460000,16.0
42.85343000,17.71455000,16.0
42.85346000,17.71451000,16.0
42.85350000,17.71446000,16.0
42.85353000,17.71441000,16.0
42.85357000,17.71437000,17.0
42.85361000,17.71432000,17.0
42.85365000,17.71427000,17.0
42.85368000,17.71422000,16.0
42.85372000,17.71416000,16.0
42.85375000,17.71412000,16.0
42.85379000,17.71406000,16.0
42.85382000,17.71397000,16.0
42.85386000,17.71392000,16.0
42.85389000,17.71387000,16.0
42.85394000,17.71383000,17.0
42.85398000,17.71378000,18.0
42.85401000,17.71373000,18.0
42.85405000,17.71368000,19.0
42.85410000,17.71363000,19.0
42.85413000,17.71358000,19.0
42.85417000,17.71353000,19.0
42.85420000,17.71348000,19.0
42.85423000,17.71343000,18.0
42.85426000,17.71338000,18.0
42.85430000,17.71333000,18.0
42.85433000,17.71327000,17.0
42.85436000,17.71322000,17.0
42.85440000,17.71317000,16.0
42.85443000,17.71311000,16.0
42.85447000,17.71306000,15.0
42.85450000,17.71301000,15.0
42.85453000,17.71296000,15.0
42.85456000,17.71290000,15.0
42.85459000,17.71285000,15.0
42.85463000,17.71280000,15.0
42.85466000,17.71275000,15.0
42.85470000,17.71270000,15.0
42.85473000,17.71263000,15.0
42.85477000,17.71258000,15.0
42.85480000,17.71253000,16.0
42.85484000,17.71248000,16.0
42.85488000,17.71241000,16.0
42.85489000,17.71237000,15.0
42.85494000,17.71230000,15.0
42.85497000,17.71227000,15.0
42.85501000,17.71221000,14.0
42.85503000,17.71218000,14.0
42.85505000,17.71214000,14.0
42.85506000,17.71214000,14.0
42.85506000,17.71216000,14.0
42.85510000,17.71206000,13.0
42.85512000,17.71204000,13.0
42.85518000,17.71196000,12.0
42.85520000,17.71191000,12.0
42.85525000,17.71184000,12.0
42.85528000,17.71180000,12.0
42.85533000,17.71171000,12.0
42.85534000,17.71168000,12.0
42.85537000,17.71163000,12.0
42.85539000,17.71156000,11.0
42.85543000,17.71151000,12.0
42.85546000,17.71146000,12.0
42.85550000,17.71141000,12.0
42.85553000,17.71135000,12.0
42.85557000,17.71130000,12.0
42.85560000,17.71124000,13.0
42.85564000,17.71119000,13.0
42.85568000,17.71113000,13.0
42.85571000,17.71108000,14.0
42.85575000,17.71102000,14.0
42.85579000,17.71096000,14.0
42.85583000,17.71091000,15.0
42.85586000,17.71085000,15.0
42.85590000,17.71080000,15.0
42.85594000,17.71075000,15.0
42.85598000,17.71069000,15.0
42.85602000,17.71063000,15.0
42.85605000,17.71057000,15.0
42.85609000,17.71052000,15.0
42.85613000,17.71046000,15.0
42.85617000,17.71041000,16.0
42.85621000,17.71035000,16.0
42.85625000,17.71029000,16.0
42.85629000,17.71023000,15.0
42.85633000,17.71017000,15.0
42.85637000,17.71010000,15.0
42.85641000,17.71004000,15.0
42.85645000,17.70998000,15.0
42.85650000,17.70991000,15.0
42.85653000,17.70984000,15.0
42.85656000,17.70978000,15.0
42.85660000,17.70973000,15.0
42.85664000,17.70967000,14.0
42.85667000,17.70962000,14.0
42.85671000,17.70956000,14.0
42.85675000,17.70951000,14.0
42.85678000,17.70946000,14.0
42.85682000,17.70940000,14.0
42.85686000,17.70935000,14.0
42.85690000,17.70930000,14.0
42.85694000,17.70924000,13.0
42.85697000,17.70919000,13.0
42.85700000,17.70914000,13.0
42.85703000,17.70909000,13.0
42.85706000,17.70905000,13.0
42.85709000,17.70900000,13.0
42.85712000,17.70894000,13.0
42.85716000,17.70888000,13.0
42.85719000,17.70882000,13.0
42.85722000,17.70877000,13.0
42.85725000,17.70870000,12.0
42.85728000,17.70865000,12.0
42.85732000,17.70858000,13.0
42.85735000,17.70852000,13.0
42.85739000,17.70846000,13.0
42.85743000,17.70840000,14.0
42.85747000,17.70834000,14.0
42.85751000,17.70828000,14.0
42.85755000,17.70822000,14.0
42.85759000,17.70816000,14.0
42.85763000,17.70811000,14.0
42.85766000,17.70806000,14.0
42.85770000,17.70802000,14.0
42.85773000,17.70797000,14.0
42.85776000,17.70792000,13.0
42.85780000,17.70787000,13.0
42.85785000,17.70777000,12.0
42.85788000,17.70772000,12.0
42.85791000,17.70767000,12.0
42.85794000,17.70763000,12.0
42.85799000,17.70755000,11.0
42.85802000,17.70751000,11.0
42.85807000,17.70742000,11.0
42.85816000,17.70726000,11.0
42.85821000,17.70719000,11.0
42.85825000,17.70715000,11.0
42.85830000,17.70712000,12.0
42.85833000,17.70707000,12.0
42.85837000,17.70702000,13.0
42.85840000,17.70699000,13.0
42.85845000,17.70692000,14.0
42.85848000,17.70689000,14.0
42.85853000,17.70683000,14.0
42.85857000,17.70679000,14.0
42.85863000,17.70672000,15.0
42.85867000,17.70668000,15.0
42.85871000,17.70661000,15.0
42.85874000,17.70658000,15.0
42.85878000,17.70653000,15.0
42.85882000,17.70649000,15.0
42.85889000,17.70642000,15.0
42.85891000,17.70639000,15.0
42.85897000,17.70632000,15.0
42.85901000,17.70628000,15.0
42.85907000,17.70622000,15.0
42.85910000,17.70618000,15.0
42.85916000,17.70611000,14.0
42.85920000,17.70607000,14.0
42.85923000,17.70603000,14.0
42.85927000,17.70599000,13.0
42.85934000,17.70594000,13.0
42.85937000,17.70591000,13.0
42.85941000,17.70586000,12.0
42.85944000,17.70581000,11.0
42.85948000,17.70577000,11.0
42.85952000,17.70573000,11.0
42.85958000,17.70565000,11.0
42.85959000,17.70563000,10.0
42.85965000,17.70560000,10.0
42.85968000,17.70559000,11.0
42.85976000,17.70552000,11.0
42.85978000,17.70546000,10.0
42.85982000,17.70542000,10.0
42.85987000,17.70537000,10.0
42.85991000,17.70532000,9.0
42.85995000,17.70527000,9.0
42.85999000,17.70523000,9.0
42.86003000,17.70519000,9.0
42.86008000,17.70514000,9.0
42.86014000,17.70510000,9.0
42.86018000,17.70505000,9.0
42.86024000,17.70501000,8.0
42.86029000,17.70499000,9.0
42.86033000,17.70495000,9.0
42.86038000,17.70491000,9.0
42.86043000,17.70486000,9.0
42.86047000,17.70481000,9.0
42.86051000,17.70477000,8.0
42.86056000,17.70473000,8.0
42.86060000,17.70468000,8.0
42.86065000,17.70465000,8.0
42.86069000,17.70461000,8.0
42.86074000,17.70458000,8.0
42.86078000,17.70455000,8.0
42.86083000,17.70452000,8.0
42.86088000,17.70448000,8.0
42.86092000,17.70444000,8.0
42.86097000,17.70441000,9.0
42.86103000,17.70438000,9.0
42.86107000,17.70435000,9.0
42.86112000,17.70430000,10.0
42.86117000,17.70427000,10.0
42.86121000,17.70424000,10.0
42.86129000,17.70419000,11.0
42.86133000,17.70417000,11.0
42.86139000,17.70409000,11.0
42.86143000,17.70406000,11.0
42.86148000,17.70402000,11.0
42.86153000,17.70399000,11.0
42.86157000,17.70396000,11.0
42.86162000,17.70392000,11.0
42.86167000,17.70389000,12.0
42.86172000,17.70386000,11.0
42.86178000,17.70383000,11.0
42.86182000,17.70381000,11.0
42.86187000,17.70379000,11.0
42.86191000,17.70376000,11.0
42.86195000,17.70373000,10.0
42.86200000,17.70370000,10.0
42.86204000,17.70368000,10.0
42.86209000,17.70366000,11.0
42.86214000,17.70363000,11.0
42.86220000,17.70361000,11.0
42.86225000,17.70359000,11.0
42.86230000,17.70357000,11.0
42.86235000,17.70354000,11.0
42.86238000,17.70352000,11.0
42.86244000,17.70349000,11.0
42.86248000,17.70347000,11.0
42.86253000,17.70344000,11.0
42.86258000,17.70342000,11.0
42.86263000,17.70340000,10.0
42.86268000,17.70337000,10.0
42.86272000,17.70335000,10.0
42.86277000,17.70332000,9.0
42.86283000,17.70331000,10.0
42.86288000,17.70329000,10.0
42.86296000,17.70325000,10.0
42.86302000,17.70322000,10.0
42.86307000,17.70319000,10.0
42.86313000,17.70316000,10.0
42.86318000,17.70314000,10.0
42.86324000,17.70312000,11.0
42.86330000,17.70309000,11.0
42.86336000,17.70308000,11.0
42.86342000,17.70306000,11.0
42.86347000,17.70304000,10.0
42.86352000,17.70302000,10.0
42.86357000,17.70300000,10.0
42.86361000,17.70299000,9.0
42.86368000,17.70298000,9.0
42.86375000,17.70297000,8.0
42.86381000,17.70295000,8.0
42.86387000,17.70293000,7.0
42.86393000,17.70292000,7.0
42.86398000,17.70291000,7.0
42.86402000,17.70289000,7.0
42.86408000,17.70287000,7.0
42.86414000,17.70285000,7.0
42.86419000,17.70284000,7.0
42.86426000,17.70283000,7.0
42.86433000,17.70282000,6.0
42.86439000,17.70281000,6.0
42.86446000,17.70279000,6.0
42.86453000,17.70278000,6.0
42.86460000,17.70276000,5.0
42.86466000,17.70275000,5.0
42.86471000,17.70273000,5.0
42.86477000,17.70272000,5.0
42.86484000,17.70270000,6.0
42.86490000,17.70269000,7.0
42.86497000,17.70267000,8.0
42.86503000,17.70266000,9.0
42.86509000,17.70265000,9.0
42.86516000,17.70264000,10.0
42.86522000,17.70263000,11.0
42.86527000,17.70262000,11.0
42.86532000,17.70261000,11.0
42.86538000,17.70259000,12.0
42.86544000,17.70259000,12.0
42.86549000,17.70258000,12.0
42.86555000,17.70257000,13.0
42.86561000,17.70254000,12.0
42.86567000,17.70252000,11.0
42.86573000,17.70251000,11.0
42.86579000,17.70249000,11.0
42.86585000,17.70247000,10.0
42.86591000,17.70246000,9.0
42.86597000,17.70243000,8.0
42.86604000,17.70240000,7.0
42.86608000,17.70238000,6.0
42.86615000,17.70234000,6.0
42.86618000,17.70232000,5.0
42.86626000,17.70228000,5.0
42.86631000,17.70226000,4.0
42.86639000,17.70221000,3.0
42.86642000,17.70220000,3.0
42.86650000,17.70216000,2.0
42.86654000,17.70213000,1.0
42.86660000,17.70208000,1.0
42.86664000,17.70206000,1.0
42.86671000,17.70202000,1.0
42.86675000,17.70200000,1.0
42.86683000,17.70196000,1.0
42.86686000,17.70194000,1.0
42.86693000,17.70189000,1.0
42.86697000,17.70187000,1.0
42.86705000,17.70182000,1.0
42.86709000,17.70179000,1.0
42.86713000,17.70175000,1.0
42.86716000,17.70172000,1.0
42.86724000,17.70165000,1.0
42.86727000,17.70162000,1.0
42.86734000,17.70155000,1.0
42.86736000,17.70152000,1.0
42.86743000,17.70144000,1.0
42.86744000,17.70143000,1.0
42.86746000,17.70144000,1.0
42.86744000,17.70137000,1.0
42.86744000,17.70136000,1.0
42.86749000,17.70126000,1.0
42.86750000,17.70123000,1.0
42.86755000,17.70117000,1.0
42.86758000,17.70113000,1.0
42.86761000,17.70105000,1.0
42.86764000,17.70102000,1.0
42.86769000,17.70094000,1.0
42.86771000,17.70089000,1.0
42.86777000,17.70081000,1.0
42.86780000,17.70076000,1.0
42.86783000,17.70071000,1.0
42.86786000,17.70067000,1.0
42.86789000,17.70062000,1.0
42.86792000,17.70057000,1.0
42.86797000,17.70048000,1.0
42.86800000,17.70043000,1.0
42.86802000,17.70038000,1.0
42.86804000,17.70032000,1.0
42.86806000,17.70027000,1.0
42.86809000,17.70021000,1.0
42.86811000,17.70015000,1.0
42.86813000,17.70009000,1.0
42.86818000,17.69999000,1.0
42.86820000,17.69993000,1.0
42.86822000,17.69987000,1.0
42.86824000,17.69981000,1.0
42.86826000,17.69975000,1.0
42.86828000,17.69968000,1.0
42.86829000,17.69961000,1.0
42.86831000,17.69955000,1.0
42.86833000,17.69948000,1.0
42.86834000,17.69940000,1.0
42.86836000,17.69933000,1.0
42.86837000,17.69926000,1.0
42.86837000,17.69920000,1.0
42.86838000,17.69913000,1.0
42.86839000,17.69905000,1.0
42.86839000,17.69898000,1.0
42.86840000,17.69890000,1.0
42.86841000,17.69881000,1.0
42.86842000,17.69873000,1.0
42.86842000,17.69865000,2.0
42.86843000,17.69857000,2.0
42.86843000,17.69850000,2.0
42.86843000,17.69842000,2.0
42.86843000,17.69835000,2.0
42.86843000,17.69828000,2.0
42.86844000,17.69819000,2.0
42.86844000,17.69812000,2.0
42.86843000,17.69804000,2.0
42.86843000,17.69796000,2.0
42.86842000,17.69788000,2.0
42.86842000,17.69780000,2.0
42.86841000,17.69771000,3.0
42.86841000,17.69763000,3.0
42.86840000,17.69754000,3.0
42.86839000,17.69746000,4.0
42.86837000,17.69739000,4.0
42.86836000,17.69730000,4.0
42.86834000,17.69723000,5.0
42.86833000,17.69715000,5.0
42.86832000,17.69708000,5.0
42.86830000,17.69700000,6.0
42.86829000,17.69693000,6.0
42.86828000,17.69685000,6.0
42.86826000,17.69677000,6.0
42.86825000,17.69668000,7.0
42.86823000,17.69660000,7.0
42.86821000,17.69653000,8.0
42.86820000,17.69645000,8.0
42.86818000,17.69638000,9.0
42.86817000,17.69632000,10.0
42.86815000,17.69625000,10.0
42.86814000,17.69620000,10.0
42.86811000,17.69610000,11.0
42.86809000,17.69604000,11.0
42.86807000,17.69593000,11.0
42.86805000,17.69588000,10.0
42.86804000,17.69579000,11.0
42.86803000,17.69574000,11.0
42.86802000,17.69565000,12.0
42.86801000,17.69561000,12.0
42.86797000,17.69552000,12.0
42.86796000,17.69547000,12.0
42.86793000,17.69537000,13.0
42.86792000,17.69532000,13.0
42.86791000,17.69522000,14.0
42.86790000,17.69518000,14.0
42.86787000,17.69509000,14.0
42.86785000,17.69505000,14.0
42.86784000,17.69494000,14.0
42.86783000,17.69489000,15.0
42.86782000,17.69479000,15.0
42.86781000,17.69474000,15.0
42.86780000,17.69468000,15.0
42.86779000,17.69461000,15.0
42.86779000,17.69449000,15.0
42.86779000,17.69443000,15.0
42.86779000,17.69436000,15.0
42.86779000,17.69429000,15.0
42.86780000,17.69423000,15.0
42.86780000,17.69416000,15.0
42.86781000,17.69404000,15.0
42.86782000,17.69399000,15.0
42.86784000,17.69388000,14.0
42.86785000,17.69383000,14.0
42.86786000,17.69377000,14.0
42.86787000,17.69370000,14.0
42.86790000,17.69358000,14.0
42.86791000,17.69352000,13.0
42.86793000,17.69346000,13.0
42.86794000,17.69340000,13.0
42.86796000,17.69334000,13.0
42.86797000,17.69327000,12.0
42.86799000,17.69322000,12.0
42.86801000,17.69315000,12.0
42.86803000,17.69309000,12.0
42.86805000,17.69304000,12.0
42.86807000,17.69298000,13.0
42.86809000,17.69292000,13.0
42.86810000,17.69285000,13.0
42.86812000,17.69280000,14.0
42.86814000,17.69273000,15.0
42.86815000,17.69268000,15.0
42.86818000,17.69262000,16.0
42.86821000,17.69256000,17.0
42.86823000,17.69250000,17.0
42.86825000,17.69244000,17.0
42.86828000,17.69238000,18.0
42.86831000,17.69232000,19.0
42.86833000,17.69226000,19.0
42.86836000,17.69222000,19.0
42.86839000,17.69216000,20.0
42.86840000,17.69210000,19.0
42.86843000,17.69205000,20.0
42.86845000,17.69198000,19.0
42.86848000,17.69191000,19.0
42.86851000,17.69185000,19.0
42.86853000,17.69179000,19.0
42.86855000,17.69173000,19.0
42.86857000,17.69167000,18.0
42.86859000,17.69160000,18.0
42.86861000,17.69154000,18.0
42.86863000,17.69149000,18.0
42.86865000,17.69143000,17.0
42.86867000,17.69137000,17.0
42.86870000,17.69132000,17.0
42.86873000,17.69126000,18.0
42.86875000,17.69120000,17.0
42.86877000,17.69114000,17.0
42.86879000,17.69107000,17.0
42.86881000,17.69102000,17.0
42.86884000,17.69096000,17.0
42.86887000,17.69090000,17.0
42.86889000,17.69084000,17.0
42.86891000,17.69079000,17.0
42.86893000,17.69073000,17.0
42.86895000,17.69066000,16.0
42.86898000,17.69060000,16.0
42.86901000,17.69054000,16.0
42.86903000,17.69048000,16.0
42.86906000,17.69043000,16.0
42.86911000,17.69033000,16.0
42.86913000,17.69027000,16.0
42.86915000,17.69021000,15.0
42.86916000,17.69015000,15.0
42.86920000,17.69005000,15.0
42.86923000,17.69000000,15.0
42.86925000,17.68995000,15.0
42.86927000,17.68989000,15.0
42.86930000,17.68983000,15.0
42.86933000,17.68977000,15.0
42.86935000,17.68972000,15.0
42.86937000,17.68966000,15.0
42.86940000,17.68961000,15.0
42.86942000,17.68954000,15.0
42.86944000,17.68948000,15.0
42.86947000,17.68942000,16.0
42.86951000,17.68933000,18.0
42.86953000,17.68927000,18.0
42.86955000,17.68922000,18.0
42.86958000,17.68916000,18.0
42.86960000,17.68911000,18.0
42.86962000,17.68905000,18.0
42.86967000,17.68895000,18.0
42.86969000,17.68889000,17.0
42.86972000,17.68883000,17.0
42.86974000,17.68877000,18.0
42.86977000,17.68871000,18.0
42.86980000,17.68866000,19.0
42.86982000,17.68859000,19.0
42.86984000,17.68853000,18.0
42.86987000,17.68848000,19.0
42.86989000,17.68843000,18.0
42.86992000,17.68837000,18.0
42.86995000,17.68832000,18.0
42.86999000,17.68822000,18.0
42.87002000,17.68817000,18.0
42.87005000,17.68812000,18.0
42.87008000,17.68807000,18.0
42.87010000,17.68801000,18.0
42.87013000,17.68796000,18.0
42.87015000,17.68790000,18.0
42.87017000,17.68785000,18.0
42.87021000,17.68775000,18.0
42.87023000,17.68770000,18.0
42.87027000,17.68760000,18.0
42.87030000,17.68756000,18.0
42.87035000,17.68747000,19.0
42.87037000,17.68742000,19.0
42.87042000,17.68732000,19.0
42.87045000,17.68727000,19.0
42.87050000,17.68718000,19.0
42.87053000,17.68712000,19.0
42.87055000,17.68707000,19.0
42.87058000,17.68702000,19.0
42.87063000,17.68693000,19.0
42.87066000,17.68688000,19.0
42.87072000,17.68679000,20.0
42.87074000,17.68674000,20.0
42.87078000,17.68665000,20.0
42.87081000,17.68660000,20.0
42.87084000,17.68649000,19.0
42.87086000,17.68645000,20.0
42.87090000,17.68636000,20.0
42.87092000,17.68632000,20.0
42.87096000,17.68623000,20.0
42.87099000,17.68618000,20.0
42.87102000,17.68613000,20.0
42.87104000,17.68608000,20.0
42.87107000,17.68602000,19.0
42.87110000,17.68597000,19.0
42.87113000,17.68592000,19.0
42.87116000,17.68587000,19.0
42.87120000,17.68578000,19.0
42.87122000,17.68574000,19.0
42.87126000,17.68565000,18.0
42.87130000,17.68561000,18.0
42.87136000,17.68551000,17.0
42.87138000,17.68546000,17.0
42.87142000,17.68536000,17.0
42.87144000,17.68531000,17.0
42.87149000,17.68523000,18.0
42.87151000,17.68519000,19.0
42.87156000,17.68509000,19.0
42.87158000,17.68504000,19.0
42.87162000,17.68495000,20.0
42.87164000,17.68491000,20.0
42.87167000,17.68483000,20.0
42.87170000,17.68479000,21.0
42.87174000,17.68469000,21.0
42.87177000,17.68465000,21.0
42.87181000,17.68455000,20.0
42.87183000,17.68452000,20.0
42.87188000,17.68444000,20.0
42.87189000,17.68439000,20.0
42.87194000,17.68431000,20.0
42.87195000,17.68427000,19.0
42.87200000,17.68418000,20.0
42.87202000,17.68414000,20.0
42.87207000,17.68404000,21.0
42.87209000,17.68399000,20.0
42.87213000,17.68390000,20.0
42.87215000,17.68386000,20.0
42.87219000,17.68378000,20.0
42.87221000,17.68374000,20.0
42.87225000,17.68364000,20.0
42.87227000,17.68359000,20.0
42.87231000,17.68350000,20.0
42.87233000,17.68345000,19.0
42.87237000,17.68337000,19.0
42.87238000,17.68334000,19.0
42.87241000,17.68327000,19.0
42.87242000,17.68323000,19.0
42.87247000,17.68313000,19.0
42.87249000,17.68309000,19.0
42.87253000,17.68299000,20.0
42.87254000,17.68295000,20.0
42.87257000,17.68289000,21.0
42.87259000,17.68284000,22.0
42.87263000,17.68274000,23.0
42.87265000,17.68269000,23.0
42.87270000,17.68259000,24.0
42.87272000,17.68255000,24.0
42.87276000,17.68245000,23.0
42.87278000,17.68241000,24.0
42.87280000,17.68233000,24.0
42.87282000,17.68228000,24.0
42.87285000,17.68218000,24.0
42.87286000,17.68213000,23.0
42.87288000,17.68206000,23.0
42.87290000,17.68202000,23.0
42.87293000,17.68192000,22.0
42.87295000,17.68187000,22.0
42.87297000,17.68178000,22.0
42.87299000,17.68173000,21.0
42.87303000,17.68164000,21.0
42.87305000,17.68158000,21.0
42.87310000,17.68149000,22.0
42.87313000,17.68144000,23.0
42.87317000,17.68136000,23.0
42.87319000,17.68131000,24.0
42.87322000,17.68121000,24.0
42.87324000,17.68117000,24.0
42.87327000,17.68108000,24.0
42.87328000,17.68103000,24.0
42.87332000,17.68094000,24.0
42.87334000,17.68090000,24.0
42.87337000,17.68082000,24.0
42.87338000,17.68077000,23.0
42.87342000,17.68067000,23.0
42.87343000,17.68062000,22.0
42.87347000,17.68053000,22.0
42.87349000,17.68048000,22.0
42.87353000,17.68039000,22.0
42.87354000,17.68034000,22.0
42.87357000,17.68025000,22.0
42.87359000,17.68021000,22.0
42.87364000,17.68011000,23.0
42.87366000,17.68006000,23.0
42.87370000,17.67997000,23.0
42.87372000,17.67992000,23.0
42.87374000,17.67983000,23.0
42.87376000,17.67979000,23.0
42.87380000,17.67968000,22.0
42.87381000,17.67964000,22.0
42.87383000,17.67956000,21.0
42.87386000,17.67952000,21.0
42.87389000,17.67943000,19.0
42.87391000,17.67939000,19.0
42.87395000,17.67931000,20.0
42.87397000,17.67928000,20.0
42.87401000,17.67919000,20.0
42.87402000,17.67916000,20.0
42.87406000,17.67908000,20.0
42.87407000,17.67904000,19.0
42.87410000,17.67896000,18.0
42.87411000,17.67892000,18.0
42.87413000,17.67885000,17.0
42.87416000,17.67881000,18.0
42.87421000,17.67871000,18.0
42.87422000,17.67867000,18.0
42.87426000,17.67858000,19.0
42.87427000,17.67855000,19.0
42.87430000,17.67846000,19.0
42.87431000,17.67842000,19.0
42.87436000,17.67832000,20.0
42.87437000,17.67828000,21.0
42.87441000,17.67818000,22.0
42.87442000,17.67815000,23.0
42.87446000,17.67805000,24.0
42.87448000,17.67801000,25.0
42.87451000,17.67795000,26.0
42.87453000,17.67791000,26.0
42.87457000,17.67781000,27.0
42.87458000,17.67777000,27.0
42.87464000,17.67769000,28.0
42.87465000,17.67766000,27.0
42.87469000,17.67756000,27.0
42.87471000,17.67753000,27.0
42.87476000,17.67743000,27.0
42.87478000,17.67740000,27.0
42.87483000,17.67730000,27.0
42.87485000,17.67727000,28.0
42.87490000,17.67719000,29.0
42.87491000,17.67716000,29.0
42.87494000,17.67708000,29.0
42.87496000,17.67705000,29.0
42.87499000,17.67698000,29.0
42.87500000,17.67694000,29.0
42.87503000,17.67687000,30.0
42.87505000,17.67683000,30.0
42.87510000,17.67674000,31.0
42.87513000,17.67670000,31.0
42.87517000,17.67661000,31.0
42.87518000,17.67658000,31.0
42.87521000,17.67650000,31.0
42.87522000,17.67645000,31.0
42.87525000,17.67638000,31.0
42.87527000,17.67634000,32.0
42.87531000,17.67626000,32.0
42.87532000,17.67622000,32.0
42.87536000,17.67615000,32.0
42.87537000,17.67612000,32.0
42.87541000,17.67605000,33.0
42.87542000,17.67602000,33.0
42.87547000,17.67592000,33.0
42.87549000,17.67589000,33.0
42.87553000,17.67579000,33.0
42.87554000,17.67575000,33.0
42.87559000,17.67568000,34.0
42.87560000,17.67564000,34.0
42.87563000,17.67553000,33.0
42.87564000,17.67550000,33.0
42.87568000,17.67544000,33.0
42.87569000,17.67540000,33.0
42.87574000,17.67530000,32.0
42.87575000,17.67527000,32.0
42.87579000,17.67519000,31.0
42.87581000,17.67516000,31.0
42.87586000,17.67507000,32.0
42.87587000,17.67503000,31.0
42.87590000,17.67495000,32.0
42.87591000,17.67491000,32.0
42.87595000,17.67481000,32.0
42.87596000,17.67478000,32.0
42.87600000,17.67468000,32.0
42.87601000,17.67466000,32.0
42.87603000,17.67456000,31.0
42.87604000,17.67452000,31.0
42.87607000,17.67441000,31.0
42.87609000,17.67438000,32.0
42.87613000,17.67427000,33.0
42.87614000,17.67424000,33.0
42.87618000,17.67414000,34.0
42.87619000,17.67411000,34.0
42.87623000,17.67401000,35.0
42.87623000,17.67397000,34.0
42.87626000,17.67387000,34.0
42.87626000,17.67384000,34.0
42.87631000,17.67373000,34.0
42.87632000,17.67370000,34.0
42.87637000,17.67361000,34.0
42.87638000,17.67357000,34.0
42.87644000,17.67348000,35.0
42.87645000,17.67345000,35.0
42.87649000,17.67334000,35.0
42.87650000,17.67331000,35.0
42.87653000,17.67321000,34.0
42.87654000,17.67318000,34.0
42.87658000,17.67308000,34.0
42.87659000,17.67305000,34.0
42.87661000,17.67297000,33.0
42.87663000,17.67293000,33.0
42.87668000,17.67284000,34.0
42.87669000,17.67280000,34.0
42.87673000,17.67271000,34.0
42.87674000,17.67268000,34.0
42.87678000,17.67257000,35.0
42.87679000,17.67254000,35.0
42.87682000,17.67245000,35.0
42.87683000,17.67242000,35.0
42.87686000,17.67232000,36.0
42.87686000,17.67229000,35.0
42.87690000,17.67219000,36.0
42.87691000,17.67215000,36.0
42.87695000,17.67204000,37.0
42.87696000,17.67201000,37.0
42.87700000,17.67191000,38.0
42.87701000,17.67188000,38.0
42.87706000,17.67180000,39.0
42.87708000,17.67177000,40.0
42.87712000,17.67168000,41.0
42.87713000,17.67165000,41.0
42.87718000,17.67156000,41.0
42.87719000,17.67153000,42.0
42.87723000,17.67143000,42.0
42.87725000,17.67139000,43.0
42.87729000,17.67132000,43.0
42.87730000,17.67129000,43.0
42.87733000,17.67122000,43.0
42.87735000,17.67118000,43.0
42.87738000,17.67107000,43.0
42.87738000,17.67103000,42.0
42.87742000,17.67093000,42.0
42.87743000,17.67089000,42.0
42.87746000,17.67082000,42.0
42.87748000,17.67079000,43.0
42.87752000,17.67072000,43.0
42.87754000,17.67068000,43.0
42.87758000,17.67061000,44.0
42.87760000,17.67058000,44.0
42.87765000,17.67052000,45.0
42.87766000,17.67048000,45.0
42.87770000,17.67040000,45.0
42.87772000,17.67036000,45.0
42.87775000,17.67028000,44.0
42.87777000,17.67024000,44.0
42.87781000,17.67016000,45.0
42.87783000,17.67012000,46.0
42.87787000,17.67004000,46.0
42.87788000,17.67000000,46.0
42.87792000,17.66992000,47.0
42.87795000,17.66988000,48.0
42.87798000,17.66979000,47.0
42.87800000,17.66974000,47.0
42.87804000,17.66966000,48.0
42.87806000,17.66962000,47.0
42.87811000,17.66954000,48.0
42.87813000,17.66948000,47.0
42.87818000,17.66939000,47.0
42.87821000,17.66936000,47.0
42.87826000,17.66929000,48.0
42.87829000,17.66925000,48.0
42.87835000,17.66916000,48.0
42.87838000,17.66911000,48.0
42.87841000,17.66903000,48.0
42.87844000,17.66898000,48.0
42.87847000,17.66893000,48.0
42.87850000,17.66888000,48.0
42.87853000,17.66883000,48.0
42.87856000,17.66879000,48.0
42.87861000,17.66869000,48.0
42.87864000,17.66864000,47.0
42.87867000,17.66859000,47.0
42.87870000,17.66854000,47.0
42.87873000,17.66850000,47.0
42.87876000,17.66845000,46.0
42.87879000,17.66840000,46.0
42.87882000,17.66835000,45.0
42.87887000,17.66825000,44.0
42.87890000,17.66820000,44.0
42.87895000,17.66812000,44.0
42.87897000,17.66809000,44.0
42.87901000,17.66799000,42.0
42.87904000,17.66794000,42.0
42.87907000,17.66784000,40.0
42.87909000,17.66780000,40.0
42.87914000,17.66771000,39.0
42.87916000,17.66766000,39.0
42.87919000,17.66761000,39.0
42.87921000,17.66756000,39.0
42.87924000,17.66751000,39.0
42.87927000,17.66746000,39.0
42.87933000,17.66737000,39.0
42.87936000,17.66733000,40.0
42.87939000,17.66728000,40.0
42.87942000,17.66723000,41.0
42.87947000,17.66714000,41.0
42.87949000,17.66709000,41.0
42.87952000,17.66704000,41.0
42.87955000,17.66699000,42.0
42.87961000,17.66690000,43.0
42.87963000,17.66685000,43.0
42.87968000,17.66676000,44.0
42.87971000,17.66672000,44.0
42.87976000,17.66664000,45.0
42.87978000,17.66660000,45.0
42.87984000,17.66653000,47.0
42.87986000,17.66650000,48.0
42.87991000,17.66644000,50.0
42.87993000,17.66641000,50.0
42.87997000,17.66634000,51.0
42.87999000,17.66631000,51.0
42.88004000,17.66623000,51.0
42.88006000,17.66620000,51.0
42.88012000,17.66613000,52.0
42.88014000,17.66609000,52.0
42.88019000,17.66602000,52.0
42.88022000,17.66597000,52.0
42.88028000,17.66587000,52.0
42.88030000,17.66583000,51.0
42.88035000,17.66574000,50.0
42.88037000,17.66570000,50.0
42.88042000,17.66560000,49.0
42.88044000,17.66556000,49.0
42.88048000,17.66548000,49.0
42.88050000,17.66544000,49.0
42.88053000,17.66535000,49.0
42.88056000,17.66530000,49.0
42.88061000,17.66523000,50.0
42.88064000,17.66519000,51.0
42.88067000,17.66511000,50.0
42.88069000,17.66507000,51.0
42.88073000,17.66498000,50.0
42.88076000,17.66493000,50.0
42.88081000,17.66484000,50.0
42.88083000,17.66481000,50.0
42.88087000,17.66473000,50.0
42.88088000,17.66469000,49.0
42.88092000,17.66460000,49.0
42.88094000,17.66455000,49.0
42.88098000,17.66446000,48.0
42.88100000,17.66442000,48.0
42.88104000,17.66432000,48.0
42.88106000,17.66427000,48.0
42.88109000,17.66419000,47.0
42.88111000,17.66414000,47.0
42.88115000,17.66405000,47.0
42.88116000,17.66400000,46.0
42.88119000,17.66392000,45.0
42.88121000,17.66387000,45.0
42.88124000,17.66382000,46.0
42.88128000,17.66373000,45.0
42.88132000,17.66365000,45.0
42.88135000,17.66361000,46.0
42.88139000,17.66352000,45.0
42.88140000,17.66347000,45.0
42.88145000,17.66339000,46.0
42.88147000,17.66334000,45.0
42.88152000,17.66327000,47.0
42.88153000,17.66323000,47.0
42.88158000,17.66315000,48.0
42.88160000,17.66311000,48.0
42.88163000,17.66304000,48.0
42.88165000,17.66300000,48.0
42.88168000,17.66291000,49.0
42.88170000,17.66287000,49.0
42.88174000,17.66277000,50.0
42.88177000,17.66272000,50.0
42.88181000,17.66261000,50.0
42.88184000,17.66257000,51.0
42.88188000,17.66250000,51.0
42.88190000,17.66244000,51.0
42.88194000,17.66234000,50.0
42.88196000,17.66229000,51.0
42.88200000,17.66220000,51.0
42.88202000,17.66215000,50.0
42.88207000,17.66206000,50.0
42.88210000,17.66201000,50.0
42.88214000,17.66191000,49.0
42.88217000,17.66186000,49.0
42.88222000,17.66177000,48.0
42.88225000,17.66172000,49.0
42.88230000,17.66162000,49.0

42.88233000,17.66158000,50.0
42.88238000,17.66149000,50.0
42.88240000,17.66145000,49.0
42.88244000,17.66136000,49.0
42.88246000,17.66132000,49.0
42.88249000,17.66123000,48.0
42.88251000,17.66118000,48.0
42.88256000,17.66110000,49.0
42.88258000,17.66105000,48.0
42.88262000,17.66096000,48.0
42.88264000,17.66093000,48.0
42.88268000,17.66086000,48.0
42.88271000,17.66083000,49.0
42.88275000,17.66077000,49.0
42.88278000,17.66074000,50.0
42.88283000,17.66068000,51.0
42.88285000,17.66065000,51.0
42.88289000,17.66059000,51.0
42.88292000,17.66056000,51.0
42.88296000,17.66050000,51.0
42.88298000,17.66046000,51.0
42.88302000,17.66038000,51.0
42.88304000,17.66034000,50.0
42.88308000,17.66027000,50.0
42.88310000,17.66023000,50.0
42.88314000,17.66016000,50.0
42.88318000,17.66012000,50.0
42.88324000,17.66005000,50.0
42.88327000,17.66003000,51.0
42.88333000,17.65998000,51.0
42.88335000,17.65995000,51.0
42.88340000,17.65989000,53.0
42.88342000,17.65985000,53.0
42.88346000,17.65978000,53.0
42.88348000,17.65974000,52.0
42.88353000,17.65967000,53.0
42.88355000,17.65963000,52.0
42.88358000,17.65957000,52.0
42.88361000,17.65953000,53.0
42.88366000,17.65947000,53.0
42.88368000,17.65943000,53.0
42.88372000,17.65936000,53.0
42.88375000,17.65933000,53.0
42.88379000,17.65926000,53.0
42.88381000,17.65923000,52.0
42.88387000,17.65917000,53.0
42.88389000,17.65914000,53.0
42.88394000,17.65906000,54.0
42.88397000,17.65903000,54.0
42.88401000,17.65897000,54.0
42.88403000,17.65894000,54.0
42.88409000,17.65886000,55.0
42.88411000,17.65883000,55.0
42.88415000,17.65877000,54.0
42.88416000,17.65873000,54.0
42.88421000,17.65866000,54.0
42.88424000,17.65863000,54.0
42.88428000,17.65857000,54.0
42.88431000,17.65853000,54.0
42.88436000,17.65846000,54.0
42.88439000,17.65843000,54.0
42.88443000,17.65838000,54.0
42.88446000,17.65835000,55.0
42.88452000,17.65829000,55.0
42.88455000,17.65825000,55.0
42.88460000,17.65820000,56.0
42.88463000,17.65817000,56.0
42.88469000,17.65810000,57.0
42.88471000,17.65807000,56.0
42.88476000,17.65801000,57.0
42.88479000,17.65799000,58.0
42.88485000,17.65793000,59.0
42.88488000,17.65790000,60.0
42.88494000,17.65782000,60.0
42.88495000,17.65779000,60.0
42.88499000,17.65773000,60.0
42.88501000,17.65769000,60.0
42.88507000,17.65761000,61.0
42.88509000,17.65758000,61.0
42.88513000,17.65750000,60.0
42.88515000,17.65746000,60.0
42.88520000,17.65740000,60.0
42.88522000,17.65736000,59.0
42.88527000,17.65729000,59.0
42.88529000,17.65726000,59.0
42.88534000,17.65720000,59.0
42.88536000,17.65717000,59.0
42.88540000,17.65710000,59.0
42.88542000,17.65706000,58.0
42.88547000,17.65698000,58.0
42.88550000,17.65695000,58.0
42.88554000,17.65688000,58.0
42.88556000,17.65684000,58.0
42.88561000,17.65676000,58.0
42.88563000,17.65673000,58.0
42.88566000,17.65665000,58.0
42.88568000,17.65662000,58.0
42.88574000,17.65654000,58.0
42.88576000,17.65650000,58.0
42.88580000,17.65644000,58.0
42.88582000,17.65641000,58.0
42.88586000,17.65633000,59.0
42.88588000,17.65630000,59.0
42.88592000,17.65623000,59.0
42.88594000,17.65620000,60.0
42.88599000,17.65612000,60.0
42.88602000,17.65609000,61.0
42.88605000,17.65601000,61.0
42.88607000,17.65598000,61.0
42.88612000,17.65592000,62.0
42.88614000,17.65589000,63.0
42.88619000,17.65582000,64.0
42.88621000,17.65578000,64.0
42.88624000,17.65571000,63.0
42.88625000,17.65567000,63.0
42.88629000,17.65561000,63.0
42.88631000,17.65557000,63.0
42.88635000,17.65551000,63.0
42.88636000,17.65547000,62.0
42.88640000,17.65540000,62.0
42.88642000,17.65536000,62.0
42.88648000,17.65529000,62.0
42.88651000,17.65526000,63.0
42.88656000,17.65519000,63.0
42.88657000,17.65515000,63.0
42.88662000,17.65508000,64.0
42.88664000,17.65504000,64.0
42.88669000,17.65497000,65.0
42.88672000,17.65493000,65.0
42.88676000,17.65487000,66.0
42.88678000,17.65484000,66.0
42.88683000,17.65477000,66.0
42.88685000,17.65474000,67.0
42.88691000,17.65467000,68.0
42.88693000,17.65464000,68.0
42.88698000,17.65456000,69.0
42.88700000,17.65452000,69.0
42.88705000,17.65445000,69.0
42.88707000,17.65441000,69.0
42.88712000,17.65434000,69.0
42.88714000,17.65431000,69.0
42.88718000,17.65424000,70.0
42.88720000,17.65421000,71.0
42.88724000,17.65413000,71.0
42.88726000,17.65409000,70.0
42.88730000,17.65402000,70.0
42.88732000,17.65398000,70.0
42.88736000,17.65391000,69.0
42.88738000,17.65388000,70.0
42.88743000,17.65380000,70.0
42.88745000,17.65378000,71.0
42.88750000,17.65368000,71.0
42.88751000,17.65365000,71.0
42.88755000,17.65358000,70.0
42.88757000,17.65354000,70.0
42.88762000,17.65346000,70.0
42.88763000,17.65343000,69.0
42.88770000,17.65337000,71.0
42.88772000,17.65336000,72.0
42.88773000,17.65336000,73.0
42.88778000,17.65337000,75.0
42.88777000,17.65336000,75.0
42.88784000,17.65328000,74.0
42.88786000,17.65328000,75.0
42.88793000,17.65327000,76.0
42.88795000,17.65327000,77.0
42.88802000,17.65323000,78.0
42.88806000,17.65321000,79.0
42.88810000,17.65317000,80.0
42.88814000,17.65315000,81.0
42.88820000,17.65307000,82.0
42.88822000,17.65304000,82.0
42.88827000,17.65299000,83.0
42.88830000,17.65295000,83.0
42.88834000,17.65289000,83.0
42.88836000,17.65286000,83.0
42.88840000,17.65276000,83.0
42.88842000,17.65272000,83.0
42.88846000,17.65263000,82.0
42.88848000,17.65259000,82.0
42.88854000,17.65251000,82.0
42.88856000,17.65247000,82.0
42.88860000,17.65239000,81.0
42.88862000,17.65235000,80.0
42.88867000,17.65228000,81.0
42.88870000,17.65225000,81.0
42.88875000,17.65218000,81.0
42.88877000,17.65214000,81.0
42.88882000,17.65208000,82.0
42.88883000,17.65204000,81.0
42.88885000,17.65196000,80.0
42.88888000,17.65192000,81.0
42.88892000,17.65184000,80.0
42.88894000,17.65181000,80.0
42.88899000,17.65175000,80.0
42.88902000,17.65173000,81.0
42.88908000,17.65168000,81.0
42.88911000,17.65166000,82.0
42.88918000,17.65160000,82.0
42.88920000,17.65159000,82.0
42.88928000,17.65159000,84.0
42.88929000,17.65160000,85.0
42.88937000,17.65158000,86.0
42.88938000,17.65158000,86.0
42.88931000,17.65164000,86.0
42.88929000,17.65164000,86.0
42.88924000,17.65171000,86.0
42.88921000,17.65173000,86.0
42.88915000,17.65180000,86.0
42.88914000,17.65182000,87.0
42.88915000,17.65172000,84.0
42.88917000,17.65170000,84.0
42.88924000,17.65167000,85.0
42.88926000,17.65168000,86.0
42.88931000,17.65163000,86.0
42.88934000,17.65161000,86.0
42.88937000,17.65150000,83.0
42.88936000,17.65148000,82.0
42.88932000,17.65138000,79.0
42.88932000,17.65137000,78.0
42.88931000,17.65145000,80.0
42.88932000,17.65149000,82.0
42.88937000,17.65155000,85.0
42.88941000,17.65159000,87.0
42.88945000,17.65150000,85.0
42.88951000,17.65151000,86.0
42.88960000,17.65149000,86.0
42.88968000,17.65144000,85.0
42.88972000,17.65141000,84.0
42.88978000,17.65139000,84.0
42.88982000,17.65138000,85.0
42.88988000,17.65129000,83.0
42.88989000,17.65125000,82.0
42.88993000,17.65117000,81.0
42.88995000,17.65113000,80.0
42.88998000,17.65103000,78.0
42.89001000,17.65099000,78.0
42.89005000,17.65090000,77.0
42.89007000,17.65086000,77.0
42.89011000,17.65079000,77.0
42.89014000,17.65074000,77.0
42.89017000,17.65069000,77.0
42.89019000,17.65063000,77.0
42.89021000,17.65058000,77.0
42.89024000,17.65052000,77.0
42.89027000,17.65042000,77.0
42.89029000,17.65037000,77.0
42.89031000,17.65031000,76.0
42.89033000,17.65025000,76.0
42.89034000,17.65019000,75.0
42.89036000,17.65013000,75.0
42.89037000,17.65006000,75.0
42.89039000,17.65000000,74.0
42.89039000,17.64993000,74.0
42.89040000,17.64986000,73.0
42.89041000,17.64975000,72.0
42.89041000,17.64971000,72.0
42.89042000,17.64960000,71.0
42.89044000,17.64950000,71.0
42.89046000,17.64940000,71.0
42.89046000,17.64937000,71.0
42.89047000,17.64935000,71.0
42.89047000,17.64933000,71.0
42.89047000,17.64923000,70.0
42.89048000,17.64919000,70.0
42.89050000,17.64910000,70.0
42.89051000,17.64905000,70.0
42.89054000,17.64896000,70.0
42.89056000,17.64891000,70.0
42.89060000,17.64881000,70.0
42.89061000,17.64875000,69.0
42.89065000,17.64865000,69.0
42.89068000,17.64859000,68.0
42.89072000,17.64849000,68.0
42.89075000,17.64844000,67.0
42.89080000,17.64837000,67.0
42.89083000,17.64834000,68.0
42.89089000,17.64826000,68.0
42.89091000,17.64821000,67.0
42.89098000,17.64815000,68.0
42.89101000,17.64811000,68.0
42.89106000,17.64806000,68.0
42.89109000,17.64803000,68.0
42.89115000,17.64799000,69.0
42.89117000,17.64797000,69.0
42.89124000,17.64789000,69.0
42.89127000,17.64787000,69.0
42.89133000,17.64780000,69.0
42.89136000,17.64778000,69.0
42.89142000,17.64774000,69.0
42.89145000,17.64772000,70.0
42.89152000,17.64767000,71.0
42.89154000,17.64765000,71.0
42.89162000,17.64760000,72.0
42.89165000,17.64757000,72.0
42.89172000,17.64750000,73.0
42.89175000,17.64748000,73.0
42.89181000,17.64744000,75.0
42.89184000,17.64743000,76.0
42.89190000,17.64740000,78.0
42.89193000,17.64738000,78.0
42.89198000,17.64734000,79.0
42.89201000,17.64732000,79.0
42.89207000,17.64727000,80.0
42.89209000,17.64725000,80.0
42.89214000,17.64720000,81.0
42.89217000,17.64718000,81.0
42.89222000,17.64713000,81.0
42.89225000,17.64710000,81.0
42.89231000,17.64704000,80.0
42.89234000,17.64702000,80.0
42.89240000,17.64695000,79.0
42.89243000,17.64693000,79.0
42.89249000,17.64689000,79.0
42.89252000,17.64687000,79.0
42.89258000,17.64684000,79.0
42.89261000,17.64681000,79.0
42.89267000,17.64676000,78.0
42.89269000,17.64674000,78.0
42.89276000,17.64668000,78.0
42.89279000,17.64664000,77.0
42.89285000,17.64659000,77.0
42.89289000,17.64657000,77.0
42.89295000,17.64653000,77.0
42.89298000,17.64651000,77.0
42.89305000,17.64646000,77.0
42.89308000,17.64645000,77.0
42.89314000,17.64640000,77.0
42.89317000,17.64638000,77.0
42.89324000,17.64634000,78.0
42.89327000,17.64632000,77.0
42.89333000,17.64629000,78.0
42.89336000,17.64628000,78.0
42.89341000,17.64624000,77.0
42.89344000,17.64622000,77.0
42.89352000,17.64618000,77.0
42.89356000,17.64617000,77.0
42.89364000,17.64614000,77.0
42.89369000,17.64612000,77.0
42.89375000,17.64609000,77.0
42.89379000,17.64608000,77.0
42.89384000,17.64607000,78.0
42.89388000,17.64607000,78.0
42.89395000,17.64605000,78.0
42.89399000,17.64604000,79.0
42.89406000,17.64604000,79.0
42.89411000,17.64603000,80.0
42.89418000,17.64602000,80.0
42.89422000,17.64601000,81.0
42.89430000,17.64600000,81.0
42.89434000,17.64600000,82.0
42.89441000,17.64599000,82.0
42.89446000,17.64598000,83.0
42.89451000,17.64598000,83.0
42.89455000,17.64597000,82.0
42.89464000,17.64595000,82.0
42.89468000,17.64595000,82.0
42.89477000,17.64593000,82.0
42.89481000,17.64592000,82.0
42.89486000,17.64591000,82.0
42.89491000,17.64590000,81.0
42.89495000,17.64590000,81.0
42.89500000,17.64590000,81.0
42.89504000,17.64590000,82.0
42.89510000,17.64591000,82.0
42.89515000,17.64591000,83.0
42.89521000,17.64591000,83.0
42.89526000,17.64590000,83.0
42.89530000,17.64590000,84.0
42.89536000,17.64589000,84.0
42.89539000,17.64588000,84.0
42.89547000,17.64587000,84.0
42.89551000,17.64586000,84.0
42.89557000,17.64585000,85.0
42.89561000,17.64584000,84.0
42.89568000,17.64582000,83.0
42.89572000,17.64581000,82.0
42.89579000,17.64578000,81.0
42.89582000,17.64575000,81.0
42.89590000,17.64572000,81.0
42.89596000,17.64571000,81.0
42.89600000,17.64569000,81.0
42.89605000,17.64566000,81.0
42.89611000,17.64561000,80.0
42.89614000,17.64558000,81.0
42.89621000,17.64552000,81.0
42.89625000,17.64548000,81.0
42.89632000,17.64542000,82.0
42.89635000,17.64538000,82.0
42.89640000,17.64531000,81.0
42.89643000,17.64528000,81.0
42.89647000,17.64520000,81.0
42.89649000,17.64516000,81.0
42.89654000,17.64508000,80.0
42.89657000,17.64504000,80.0
42.89662000,17.64497000,80.0
42.89665000,17.64494000,80.0
42.89670000,17.64487000,80.0
42.89672000,17.64483000,80.0
42.89677000,17.64476000,81.0
42.89680000,17.64472000,81.0
42.89684000,17.64465000,82.0
42.89686000,17.64461000,82.0
42.89691000,17.64454000,82.0
42.89693000,17.64450000,83.0
42.89698000,17.64443000,83.0
42.89700000,17.64439000,83.0
42.89705000,17.64432000,84.0
42.89707000,17.64429000,84.0
42.89713000,17.64422000,85.0
42.89715000,17.64418000,85.0
42.89720000,17.64411000,86.0
42.89722000,17.64407000,86.0
42.89728000,17.64399000,87.0
42.89730000,17.64395000,87.0
42.89736000,17.64389000,88.0
42.89738000,17.64386000,88.0
42.89745000,17.64380000,89.0
42.89749000,17.64377000,89.0
42.89755000,17.64371000,89.0
42.89758000,17.64369000,89.0
42.89763000,17.64365000,89.0
42.89767000,17.64363000,90.0
42.89773000,17.64359000,90.0
42.89775000,17.64356000,90.0
42.89783000,17.64355000,91.0
42.89787000,17.64354000,91.0
42.89794000,17.64352000,92.0
42.89797000,17.64353000,92.0
42.89803000,17.64351000,93.0
42.89807000,17.64350000,93.0
42.89815000,17.64348000,93.0
42.89818000,17.64348000,93.0
42.89824000,17.64345000,93.0
42.89827000,17.64344000,93.0
42.89834000,17.64341000,93.0
42.89838000,17.64340000,92.0
42.89844000,17.64338000,91.0
42.89847000,17.64337000,91.0
42.89853000,17.64333000,90.0
42.89858000,17.64331000,89.0
42.89866000,17.64329000,89.0
42.89869000,17.64328000,89.0
42.89876000,17.64322000,89.0
42.89880000,17.64320000,89.0
42.89885000,17.64316000,89.0
42.89889000,17.64312000,89.0
42.89894000,17.64309000,90.0
42.89898000,17.64306000,90.0
42.89905000,17.64300000,90.0
42.89909000,17.64297000,91.0
42.89915000,17.64290000,91.0
42.89918000,17.64285000,91.0
42.89922000,17.64280000,91.0
42.89925000,17.64276000,92.0
42.89931000,17.64266000,92.0
42.89933000,17.64261000,92.0
42.89937000,17.64250000,92.0
42.89937000,17.64245000,92.0
42.89939000,17.64236000,92.0
42.89940000,17.64231000,92.0
42.89942000,17.64220000,93.0
42.89943000,17.64214000,93.0
42.89944000,17.64203000,93.0
42.89945000,17.64197000,93.0
42.89946000,17.64190000,93.0
42.89947000,17.64183000,92.0
42.89948000,17.64176000,92.0
42.89949000,17.64171000,92.0
42.89950000,17.64160000,93.0
42.89951000,17.64155000,93.0
42.89952000,17.64149000,93.0
42.89953000,17.64142000,94.0
42.89955000,17.64131000,94.0
42.89956000,17.64125000,95.0
42.89957000,17.64117000,95.0
42.89956000,17.64111000,95.0
42.89956000,17.64100000,95.0
42.89957000,17.64094000,95.0
42.89960000,17.64083000,95.0
42.89962000,17.64077000,95.0
42.89963000,17.64071000,95.0
42.89965000,17.64065000,95.0
42.89967000,17.64059000,95.0
42.89970000,17.64054000,95.0
42.89974000,17.64043000,95.0
42.89977000,17.64038000,94.0
42.89980000,17.64032000,94.0
42.89983000,17.64027000,94.0
42.89987000,17.64022000,94.0
42.89990000,17.64018000,93.0
42.89995000,17.64010000,93.0
42.89997000,17.64008000,92.0
42.90002000,17.64000000,92.0
42.90003000,17.63998000,91.0
42.90008000,17.63989000,90.0
42.90010000,17.63989000,90.0
42.90016000,17.63991000,91.0
42.90019000,17.63990000,91.0
42.90026000,17.63988000,91.0
42.90028000,17.63986000,90.0
42.90036000,17.63983000,90.0
42.90041000,17.63982000,90.0
42.90045000,17.63981000,90.0
42.90054000,17.63982000,91.0
42.90060000,17.63983000,92.0
42.90065000,17.63984000,92.0
42.90070000,17.63985000,92.0
42.90074000,17.63986000,92.0
42.90083000,17.63989000,93.0
42.90087000,17.63989000,93.0
42.90092000,17.63990000,93.0
42.90097000,17.63991000,93.0
42.90105000,17.63995000,93.0
42.90109000,17.63998000,93.0
42.90116000,17.64002000,94.0
42.90118000,17.64005000,95.0
42.90126000,17.64009000,95.0
42.90129000,17.64011000,96.0
42.90136000,17.64013000,96.0
42.90138000,17.64015000,96.0
42.90143000,17.64018000,97.0
42.90146000,17.64019000,97.0
42.90153000,17.64024000,97.0
42.90157000,17.64026000,97.0
42.90165000,17.64029000,97.0
42.90168000,17.64031000,97.0
42.90176000,17.64032000,96.0
42.90179000,17.64033000,96.0
42.90186000,17.64036000,96.0
42.90189000,17.64036000,96.0
42.90196000,17.64039000,96.0
42.90200000,17.64041000,96.0
42.90207000,17.64045000,97.0
42.90211000,17.64047000,97.0
42.90217000,17.64049000,97.0
42.90220000,17.64052000,98.0
42.90226000,17.64054000,98.0
42.90229000,17.64055000,98.0
42.90235000,17.64057000,98.0
42.90240000,17.64057000,97.0
42.90244000,17.64058000,97.0
42.90250000,17.64058000,97.0
42.90258000,17.64056000,96.0
42.90261000,17.64056000,95.0
42.90268000,17.64058000,95.0
42.90272000,17.64058000,94.0
42.90275000,17.64059000,94.0
42.90281000,17.64060000,94.0
42.90286000,17.64061000,93.0
42.90292000,17.64062000,93.0
42.90296000,17.64062000,92.0
42.90301000,17.64062000,91.0
42.90309000,17.64063000,91.0
42.90313000,17.64064000,91.0
42.90322000,17.64065000,91.0
42.90325000,17.64065000,91.0
42.90334000,17.64065000,91.0
42.90338000,17.64065000,91.0
42.90347000,17.64065000,92.0
42.90351000,17.64066000,92.0
42.90359000,17.64066000,93.0
42.90363000,17.64066000,93.0
42.90372000,17.64067000,93.0
42.90376000,17.64067000,93.0
42.90384000,17.64066000,94.0
42.90388000,17.64066000,94.0
42.90396000,17.64068000,94.0
42.90400000,17.64068000,94.0
42.90408000,17.64068000,94.0
42.90411000,17.64068000,94.0
42.90420000,17.64066000,94.0
42.90424000,17.64066000,94.0
42.90429000,17.64066000,94.0
42.90436000,17.64065000,94.0
42.90441000,17.64065000,94.0
42.90446000,17.64064000,94.0
42.90455000,17.64064000,94.0
42.90459000,17.64064000,94.0
42.90468000,17.64063000,94.0
42.90472000,17.64062000,94.0
42.90480000,17.64061000,94.0
42.90484000,17.64060000,94.0
42.90492000,17.64056000,94.0
42.90497000,17.64055000,94.0
42.90501000,17.64052000,93.0
42.90505000,17.64050000,93.0
42.90510000,17.64047000,93.0
42.90514000,17.64044000,92.0
42.90519000,17.64040000,92.0
42.90524000,17.64036000,92.0
42.90529000,17.64031000,92.0
42.90534000,17.64025000,91.0
42.90540000,17.64020000,90.0
42.90544000,17.64013000,90.0
42.90548000,17.64007000,90.0
42.90552000,17.64000000,90.0
42.90557000,17.63993000,90.0
42.90562000,17.63987000,89.0
42.90566000,17.63979000,89.0
42.90570000,17.63971000,89.0
42.90574000,17.63962000,89.0
42.90578000,17.63953000,89.0
42.90582000,17.63944000,90.0
42.90586000,17.63935000,89.0
42.90589000,17.63927000,89.0
42.90592000,17.63919000,88.0
42.90595000,17.63913000,88.0
42.90597000,17.63908000,87.0
42.90601000,17.63900000,87.0
42.90603000,17.63896000,86.0
42.90605000,17.63886000,86.0
42.90605000,17.63884000,86.0
42.90597000,17.63878000,88.0
42.90596000,17.63877000,88.0
42.90591000,17.63867000,89.0
42.90591000,17.63866000,89.0
42.90599000,17.63860000,88.0
42.90600000,17.63860000,88.0
42.90592000,17.63858000,89.0
42.90586000,17.63856000,90.0
42.90579000,17.63857000,91.0
42.90577000,17.63857000,91.0
42.90570000,17.63856000,92.0
42.90565000,17.63857000,93.0
42.90557000,17.63855000,94.0
42.90555000,17.63856000,94.0
42.90547000,17.63857000,95.0
42.90545000,17.63856000,95.0
42.90553000,17.63856000,94.0
42.90554000,17.63856000,94.0
42.90560000,17.63857000,93.0
42.90566000,17.63856000,93.0
42.90575000,17.63856000,92.0
42.90582000,17.63853000,91.0
42.90586000,17.63851000,91.0
42.90581000,17.63844000,91.0
42.90578000,17.63844000,92.0
42.90570000,17.63849000,92.0
42.90569000,17.63848000,93.0
42.90577000,17.63846000,92.0
42.90579000,17.63846000,92.0
42.90586000,17.63853000,90.0
42.90588000,17.63854000,90.0
42.90589000,17.63866000,89.0
42.90594000,17.63863000,89.0
42.90600000,17.63860000,88.0
42.90604000,17.63870000,87.0
42.90605000,17.63871000,87.0
42.90608000,17.63882000,86.0
42.90609000,17.63883000,85.0
42.90606000,17.63873000,86.0
42.90608000,17.63869000,86.0
42.90612000,17.63859000,86.0
42.90613000,17.63855000,86.0
42.90617000,17.63845000,86.0
42.90620000,17.63840000,86.0
42.90625000,17.63830000,86.0
42.90628000,17.63825000,86.0
42.90633000,17.63815000,85.0
42.90637000,17.63811000,85.0
42.90640000,17.63806000,85.0
42.90643000,17.63801000,85.0
42.90649000,17.63792000,83.0
42.90652000,17.63786000,83.0
42.90655000,17.63782000,82.0
42.90658000,17.63777000,82.0
42.90661000,17.63773000,82.0
42.90664000,17.63768000,82.0
42.90668000,17.63763000,81.0
42.90671000,17.63759000,81.0
42.90675000,17.63754000,81.0
42.90679000,17.63749000,81.0
42.90683000,17.63744000,81.0
42.90686000,17.63739000,82.0
42.90689000,17.63734000,83.0
42.90693000,17.63729000,83.0
42.90696000,17.63723000,84.0
42.90700000,17.63718000,84.0
42.90705000,17.63713000,83.0
42.90710000,17.63707000,82.0
42.90715000,17.63701000,82.0
42.90720000,17.63695000,81.0
42.90724000,17.63689000,81.0
42.90728000,17.63682000,82.0
42.90731000,17.63677000,82.0
42.90734000,17.63672000,82.0
42.90738000,17.63664000,82.0
42.90742000,17.63661000,81.0
42.90748000,17.63653000,80.0
42.90758000,17.63653000,77.0
42.90759000,17.63653000,76.0
42.90757000,17.63646000,78.0
42.90759000,17.63639000,79.0
42.90761000,17.63634000,79.0
42.90765000,17.63628000,79.0
42.90769000,17.63622000,78.0
42.90773000,17.63617000,77.0
42.90776000,17.63611000,76.0
42.90779000,17.63605000,76.0
42.90782000,17.63599000,75.0
42.90786000,17.63591000,75.0
42.90790000,17.63584000,73.0
42.90795000,17.63576000,71.0
42.90799000,17.63569000,70.0
42.90802000,17.63561000,69.0
42.90807000,17.63554000,67.0
42.90811000,17.63546000,67.0
42.90815000,17.63537000,67.0
42.90819000,17.63529000,67.0
42.90822000,17.63521000,66.0
42.90827000,17.63513000,65.0
42.90831000,17.63505000,64.0
42.90836000,17.63497000,63.0
42.90840000,17.63489000,64.0
42.90846000,17.63480000,64.0
42.90852000,17.63472000,63.0
42.90856000,17.63463000,63.0
42.90861000,17.63454000,62.0
42.90866000,17.63444000,62.0
42.90870000,17.63436000,62.0
42.90872000,17.63427000,63.0
42.90877000,17.63418000,62.0
42.90882000,17.63409000,62.0
42.90887000,17.63400000,62.0
42.90892000,17.63391000,61.0
42.90897000,17.63382000,61.0
42.90901000,17.63373000,61.0
42.90903000,17.63364000,61.0
42.90908000,17.63355000,60.0
42.90912000,17.63346000,60.0
42.90917000,17.63338000,60.0
42.90921000,17.63329000,60.0
42.90925000,17.63321000,59.0
42.90930000,17.63313000,59.0
42.90933000,17.63305000,59.0
42.90938000,17.63296000,59.0
42.90942000,17.63288000,60.0
42.90946000,17.63280000,61.0
42.90950000,17.63272000,61.0
42.90953000,17.63264000,62.0
42.90958000,17.63256000,62.0
42.90962000,17.63248000,62.0
42.90966000,17.63241000,61.0
42.90971000,17.63233000,60.0
42.90975000,17.63225000,59.0
42.90978000,17.63217000,58.0
42.90982000,17.63209000,56.0
42.90986000,17.63201000,55.0
42.90990000,17.63193000,53.0
42.90994000,17.63184000,53.0
42.90999000,17.63176000,52.0
42.91002000,17.63167000,53.0
42.91006000,17.63159000,53.0
42.91009000,17.63151000,53.0
42.91017000,17.63142000,52.0
42.91021000,17.63134000,52.0
42.91026000,17.63125000,51.0
42.91031000,17.63116000,51.0
42.91034000,17.63108000,51.0
42.91039000,17.63099000,50.0
42.91043000,17.63089000,49.0
42.91048000,17.63080000,48.0
42.91052000,17.63072000,47.0
42.91057000,17.63063000,45.0
42.91061000,17.63054000,43.0
42.91066000,17.63045000,41.0
42.91070000,17.63035000,40.0
42.91073000,17.63026000,39.0
42.91077000,17.63016000,38.0
42.91082000,17.63007000,37.0
42.91086000,17.62998000,37.0
42.91090000,17.62989000,37.0
42.91094000,17.62979000,38.0
42.91100000,17.62970000,37.0
42.91104000,17.62960000,37.0
42.91107000,17.62951000,37.0
42.91112000,17.62941000,36.0
42.91116000,17.62931000,36.0
42.91122000,17.62922000,35.0
42.91127000,17.62912000,34.0
42.91133000,17.62903000,32.0
42.91138000,17.62894000,31.0
42.91144000,17.62885000,31.0
42.91150000,17.62876000,30.0
42.91157000,17.62868000,29.0
42.91163000,17.62858000,29.0
42.91170000,17.62850000,28.0
42.91177000,17.62841000,27.0
42.91185000,17.62833000,26.0
42.91193000,17.62825000,24.0
42.91200000,17.62817000,23.0
42.91208000,17.62809000,22.0
42.91216000,17.62802000,21.0
42.91224000,17.62795000,21.0
42.91232000,17.62789000,21.0
42.91240000,17.62783000,21.0
42.91249000,17.62777000,21.0
42.91257000,17.62771000,22.0
42.91265000,17.62765000,22.0
42.91272000,17.62759000,22.0
42.91280000,17.62754000,22.0
42.91287000,17.62749000,22.0
42.91294000,17.62744000,22.0
42.91301000,17.62739000,23.0
42.91308000,17.62735000,23.0
42.91314000,17.62732000,24.0
42.91320000,17.62728000,24.0
42.91326000,17.62724000,23.0
42.91333000,17.62720000,23.0
42.91339000,17.62716000,24.0
42.91345000,17.62712000,25.0
42.91352000,17.62708000,26.0
42.91359000,17.62704000,27.0
42.91366000,17.62700000,28.0
42.91372000,17.62696000,30.0
42.91377000,17.62693000,31.0
42.91382000,17.62690000,32.0
42.91388000,17.62686000,34.0
42.91393000,17.62683000,35.0
42.91398000,17.62681000,35.0
42.91402000,17.62678000,35.0
42.91407000,17.62675000,35.0
42.91411000,17.62672000,35.0
42.91415000,17.62670000,35.0
42.91419000,17.62668000,35.0
42.91424000,17.62666000,36.0
42.91429000,17.62663000,36.0
42.91433000,17.62661000,37.0
42.91437000,17.62659000,37.0
42.91441000,17.62657000,37.0
42.91449000,17.62653000,38.0
42.91453000,17.62649000,38.0
42.91457000,17.62647000,38.0
42.91461000,17.62644000,39.0
42.91468000,17.62639000,39.0
42.91472000,17.62637000,39.0
42.91480000,17.62632000,39.0
42.91483000,17.62629000,38.0
42.91491000,17.62623000,37.0
42.91494000,17.62620000,36.0
42.91500000,17.62615000,34.0
42.91503000,17.62613000,34.0
42.91509000,17.62605000,33.0
42.91512000,17.62602000,33.0
42.91517000,17.62596000,32.0
42.91519000,17.62593000,32.0
42.91524000,17.62588000,32.0
42.91527000,17.62585000,32.0
42.91533000,17.62578000,32.0
42.91535000,17.62575000,32.0
42.91539000,17.62568000,32.0
42.91540000,17.62565000,32.0
42.91544000,17.62558000,33.0
42.91546000,17.62555000,33.0
42.91550000,17.62548000,33.0
42.91551000,17.62545000,33.0
42.91554000,17.62537000,33.0
42.91555000,17.62533000,32.0
42.91560000,17.62523000,33.0
42.91561000,17.62520000,33.0
42.91566000,17.62509000,33.0
42.91567000,17.62505000,32.0
42.91571000,17.62499000,33.0
42.91573000,17.62495000,33.0
42.91578000,17.62487000,33.0
42.91579000,17.62483000,33.0
42.91584000,17.62476000,33.0
42.91586000,17.62472000,33.0
42.91589000,17.62465000,33.0
42.91591000,17.62462000,34.0
42.91596000,17.62455000,34.0
42.91597000,17.62452000,34.0
42.91602000,17.62445000,35.0
42.91604000,17.62442000,35.0
42.91609000,17.62436000,35.0
42.91611000,17.62433000,35.0
42.91618000,17.62426000,36.0
42.91620000,17.62424000,36.0
42.91627000,17.62419000,37.0
42.91630000,17.62418000,38.0
42.91637000,17.62415000,39.0
42.91639000,17.62415000,39.0
42.91647000,17.62414000,40.0
42.91649000,17.62414000,40.0
42.91658000,17.62415000,41.0
42.91658000,17.62416000,41.0
42.91665000,17.62412000,41.0
42.91666000,17.62412000,41.0
42.91672000,17.62416000,42.0
42.91673000,17.62416000,42.0
42.91680000,17.62418000,41.0
42.91682000,17.62419000,41.0
42.91690000,17.62420000,41.0
42.91692000,17.62421000,41.0
42.91700000,17.62426000,41.0
42.91701000,17.62428000,42.0
42.91708000,17.62433000,42.0
42.91710000,17.62434000,42.0
42.91716000,17.62440000,43.0
42.91718000,17.62442000,43.0
42.91725000,17.62449000,43.0
42.91726000,17.62452000,43.0
42.91729000,17.62461000,43.0
42.91730000,17.62464000,43.0
42.91734000,17.62473000,43.0
42.91734000,17.62475000,43.0
42.91737000,17.62485000,43.0
42.91737000,17.62488000,43.0
42.91745000,17.62492000,41.0
42.91746000,17.62493000,40.0
42.91739000,17.62486000,42.0
42.91738000,17.62485000,43.0
42.91735000,17.62475000,43.0
42.91734000,17.62473000,43.0
42.91741000,17.62475000,41.0
42.91743000,17.62477000,40.0
42.91746000,17.62483000,40.0
42.91749000,17.62488000,39.0
42.91752000,17.62496000,39.0
42.91754000,17.62502000,38.0
42.91756000,17.62508000,38.0
42.91758000,17.62513000,38.0
42.91762000,17.62522000,37.0
42.91764000,17.62525000,37.0
42.91772000,17.62525000,34.0
42.91779000,17.62533000,33.0
42.91787000,17.62534000,31.0
42.91788000,17.62534000,30.0
42.91796000,17.62531000,27.0
42.91798000,17.62530000,26.0
42.91807000,17.62530000,24.0
42.91809000,17.62530000,24.0
42.91812000,17.62530000,23.0
42.91813000,17.62529000,23.0
42.91812000,17.62521000,22.0
42.91812000,17.62520000,22.0
42.91814000,17.62521000,22.0
42.91814000,17.62520000,21.0
42.91817000,17.62520000,21.0
42.91818000,17.62519000,21.0
42.91826000,17.62516000,20.0
42.91827000,17.62517000,20.0
42.91834000,17.62512000,20.0
42.91835000,17.62511000,20.0
42.91837000,17.62509000,20.0
42.91845000,17.62509000,23.0
42.91850000,17.62500000,24.0
42.91851000,17.62494000,24.0
42.91851000,17.62488000,24.0
42.91851000,17.62481000,24.0
42.91851000,17.62473000,24.0
42.91851000,17.62466000,23.0
42.91852000,17.62459000,22.0
42.91852000,17.62451000,21.0
42.91852000,17.62443000,20.0
42.91854000,17.62435000,20.0
42.91857000,17.62429000,20.0
42.91859000,17.62421000,19.0
42.91862000,17.62414000,19.0
42.91863000,17.62407000,18.0
42.91865000,17.62399000,17.0
42.91868000,17.62391000,17.0
42.91871000,17.62384000,18.0
42.91872000,17.62377000,18.0
42.91872000,17.62368000,18.0
42.91872000,17.62360000,18.0
42.91871000,17.62353000,18.0
42.91870000,17.62345000,19.0
42.91869000,17.62338000,19.0
42.91867000,17.62330000,18.0
42.91865000,17.62322000,19.0
42.91863000,17.62313000,19.0
42.91861000,17.62306000,18.0
42.91859000,17.62297000,19.0
42.91857000,17.62291000,20.0

42.91856000,17.62284000,21.0
42.91853000,17.62278000,20.0
42.91851000,17.62272000,20.0
42.91848000,17.62262000,19.0
42.91846000,17.62258000,19.0
42.91843000,17.62247000,19.0
42.91841000,17.62242000,18.0
42.91839000,17.62233000,18.0
42.91837000,17.62229000,17.0
42.91833000,17.62218000,17.0
42.91832000,17.62215000,17.0
42.91830000,17.62207000,17.0
42.91830000,17.62203000,18.0
42.91825000,17.62192000,18.0
42.91823000,17.62189000,18.0
42.91820000,17.62179000,19.0
42.91818000,17.62174000,19.0
42.91817000,17.62166000,19.0
42.91815000,17.62161000,19.0
42.91813000,17.62152000,19.0
42.91811000,17.62147000,19.0
42.91811000,17.62137000,18.0
42.91812000,17.62132000,18.0
42.91813000,17.62123000,18.0
42.91814000,17.62118000,17.0
42.91815000,17.62108000,17.0
42.91816000,17.62103000,16.0
42.91819000,17.62093000,16.0
42.91819000,17.62091000,16.0
42.91819000,17.62089000,15.0
42.91818000,17.62088000,15.0
42.91816000,17.62081000,13.0
42.91822000,17.62074000,14.0
42.91825000,17.62072000,14.0
42.91833000,17.62067000,15.0
42.91837000,17.62066000,15.0
42.91844000,17.62061000,15.0
42.91848000,17.62057000,15.0
42.91856000,17.62053000,16.0
42.91859000,17.62049000,16.0
42.91863000,17.62046000,16.0
42.91867000,17.62042000,16.0
42.91875000,17.62037000,16.0
42.91878000,17.62033000,15.0
42.91884000,17.62026000,14.0
42.91888000,17.62023000,14.0
42.91895000,17.62017000,14.0
42.91899000,17.62014000,14.0
42.91904000,17.62006000,13.0
42.91907000,17.62001000,13.0
42.91912000,17.61993000,13.0
42.91914000,17.61990000,12.0
42.91920000,17.61985000,13.0
42.91923000,17.61981000,14.0
42.91927000,17.61974000,15.0
42.91929000,17.61971000,15.0
42.91934000,17.61963000,16.0
42.91936000,17.61958000,16.0
42.91940000,17.61951000,16.0
42.91942000,17.61947000,15.0
42.91945000,17.61940000,15.0
42.91948000,17.61936000,16.0
42.91952000,17.61925000,16.0
42.91953000,17.61919000,16.0
42.91957000,17.61909000,17.0
42.91960000,17.61904000,17.0
42.91963000,17.61899000,18.0
42.91966000,17.61894000,18.0
42.91971000,17.61885000,19.0
42.91973000,17.61879000,19.0
42.91975000,17.61869000,20.0
42.91976000,17.61865000,20.0
42.91978000,17.61856000,20.0
42.91979000,17.61853000,21.0
42.91980000,17.61842000,21.0
42.91981000,17.61838000,22.0
42.91982000,17.61827000,22.0
42.91982000,17.61823000,22.0
42.91980000,17.61814000,22.0
42.91979000,17.61812000,22.0
42.91976000,17.61803000,22.0
42.91974000,17.61801000,22.0
42.91966000,17.61796000,22.0
42.91963000,17.61795000,22.0
42.91958000,17.61789000,22.0
42.91955000,17.61788000,22.0
42.91950000,17.61783000,22.0
42.91947000,17.61780000,22.0
42.91942000,17.61775000,21.0
42.91940000,17.61772000,21.0
42.91937000,17.61765000,21.0
42.91934000,17.61760000,21.0
42.91929000,17.61753000,20.0
42.91927000,17.61749000,20.0
42.91924000,17.61741000,20.0
42.91922000,17.61737000,19.0
42.91920000,17.61729000,19.0
42.91919000,17.61725000,19.0
42.91917000,17.61716000,18.0
42.91916000,17.61712000,17.0
42.91916000,17.61702000,16.0
42.91916000,17.61698000,16.0
42.91919000,17.61686000,15.0
42.91920000,17.61683000,16.0
42.91922000,17.61675000,15.0
42.91923000,17.61671000,15.0
42.91926000,17.61662000,15.0
42.91929000,17.61659000,15.0
42.91932000,17.61651000,15.0
42.91933000,17.61647000,15.0
42.91935000,17.61644000,16.0
42.91942000,17.61642000,17.0
42.91946000,17.61632000,17.0
42.91947000,17.61629000,17.0
42.91952000,17.61619000,16.0
42.91953000,17.61616000,16.0
42.91957000,17.61609000,16.0
42.91959000,17.61606000,15.0
42.91964000,17.61598000,15.0
42.91966000,17.61597000,16.0
42.91972000,17.61593000,16.0
42.91974000,17.61592000,17.0
42.91982000,17.61587000,17.0
42.91982000,17.61586000,17.0
42.91989000,17.61585000,18.0
42.91992000,17.61587000,18.0
42.92000000,17.61584000,19.0
42.92003000,17.61583000,19.0
42.92011000,17.61579000,20.0
42.92014000,17.61579000,20.0
42.92022000,17.61576000,21.0
42.92025000,17.61575000,21.0
42.92032000,17.61572000,21.0
42.92033000,17.61570000,21.0
42.92042000,17.61566000,22.0
42.92044000,17.61564000,22.0
42.92050000,17.61558000,21.0
42.92051000,17.61557000,21.0
42.92058000,17.61551000,21.0
42.92060000,17.61549000,21.0
42.92064000,17.61543000,20.0
42.92066000,17.61540000,20.0
42.92071000,17.61533000,19.0
42.92073000,17.61530000,19.0
42.92079000,17.61525000,19.0
42.92082000,17.61522000,19.0
42.92088000,17.61514000,19.0
42.92090000,17.61512000,19.0
42.92094000,17.61507000,19.0
42.92097000,17.61505000,20.0
42.92102000,17.61500000,21.0
42.92105000,17.61498000,22.0
42.92110000,17.61493000,23.0
42.92113000,17.61491000,23.0
42.92120000,17.61487000,23.0
42.92124000,17.61484000,23.0
42.92130000,17.61480000,23.0
42.92134000,17.61479000,24.0
42.92141000,17.61476000,24.0
42.92145000,17.61475000,24.0
42.92151000,17.61473000,24.0
42.92154000,17.61473000,24.0
42.92161000,17.61471000,24.0
42.92164000,17.61470000,24.0
42.92171000,17.61468000,24.0
42.92174000,17.61467000,24.0
42.92182000,17.61463000,24.0
42.92184000,17.61458000,23.0
42.92190000,17.61455000,23.0
42.92193000,17.61454000,23.0
42.92201000,17.61451000,23.0
42.92203000,17.61449000,23.0
42.92210000,17.61446000,23.0
42.92212000,17.61444000,22.0
42.92219000,17.61442000,23.0
42.92222000,17.61440000,22.0
42.92228000,17.61437000,22.0
42.92232000,17.61433000,21.0
42.92239000,17.61428000,20.0
42.92242000,17.61426000,20.0
42.92249000,17.61425000,20.0
42.92252000,17.61425000,20.0
42.92258000,17.61424000,21.0
42.92261000,17.61424000,22.0
42.92268000,17.61422000,23.0
42.92272000,17.61420000,23.0
42.92279000,17.61418000,24.0
42.92282000,17.61418000,25.0
42.92289000,17.61415000,26.0
42.92291000,17.61415000,26.0
42.92296000,17.61422000,29.0
42.92299000,17.61428000,31.0
42.92304000,17.61426000,31.0
42.92310000,17.61434000,33.0
42.92311000,17.61436000,34.0
42.92312000,17.61447000,36.0
42.92312000,17.61449000,37.0
42.92317000,17.61447000,37.0
42.92314000,17.61433000,34.0
42.92318000,17.61426000,32.0
42.92320000,17.61423000,31.0
42.92321000,17.61423000,32.0
42.92322000,17.61422000,31.0
42.92324000,17.61423000,32.0
42.92326000,17.61411000,29.0
42.92327000,17.61419000,31.0
42.92328000,17.61422000,32.0
42.92326000,17.61419000,31.0
42.92329000,17.61431000,34.0
42.92329000,17.61434000,35.0
42.92330000,17.61426000,33.0
42.92330000,17.61416000,30.0
42.92329000,17.61413000,29.0
42.92328000,17.61423000,32.0
42.92325000,17.61427000,33.0
42.92327000,17.61436000,35.0
42.92327000,17.61440000,36.0
42.92334000,17.61440000,36.0
42.92331000,17.61427000,33.0
42.92324000,17.61420000,31.0
42.92330000,17.61429000,33.0
42.92332000,17.61425000,33.0
42.92335000,17.61415000,30.0
42.92337000,17.61413000,30.0
42.92342000,17.61409000,28.0
42.92344000,17.61406000,27.0
42.92350000,17.61400000,26.0
42.92353000,17.61397000,25.0
42.92360000,17.61391000,22.0
42.92364000,17.61387000,22.0
42.92372000,17.61382000,22.0
42.92375000,17.61380000,22.0
42.92379000,17.61374000,20.0
42.92382000,17.61371000,20.0
42.92384000,17.61366000,18.0
42.92388000,17.61361000,17.0
42.92393000,17.61356000,17.0
42.92397000,17.61352000,16.0
42.92401000,17.61348000,16.0
42.92404000,17.61344000,16.0
42.92410000,17.61335000,15.0
42.92413000,17.61332000,16.0
42.92420000,17.61325000,17.0
42.92421000,17.61325000,17.0
42.92415000,17.61316000,13.0
42.92414000,17.61316000,13.0
42.92412000,17.61314000,12.0
42.92403000,17.61317000,10.0
42.92403000,17.61316000,10.0
42.92412000,17.61315000,12.0
42.92411000,17.61315000,12.0
42.92402000,17.61312000,9.0
42.92410000,17.61315000,12.0
42.92406000,17.61315000,10.0
42.92414000,17.61312000,12.0
42.92415000,17.61312000,12.0
42.92415000,17.61311000,12.0
42.92407000,17.61315000,11.0
42.92415000,17.61313000,13.0
42.92416000,17.61312000,13.0
42.92415000,17.61311000,12.0
42.92406000,17.61311000,10.0
42.92406000,17.61312000,10.0
42.92415000,17.61315000,13.0
42.92416000,17.61315000,13.0
42.92406000,17.61316000,11.0
42.92415000,17.61313000,13.0
42.92408000,17.61320000,12.0
42.92415000,17.61312000,12.0
42.92414000,17.61311000,12.0
42.92405000,17.61310000,9.0
42.92406000,17.61312000,10.0
42.92411000,17.61319000,13.0
42.92413000,17.61327000,15.0
42.92419000,17.61323000,16.0
42.92423000,17.61312000,14.0
42.92424000,17.61307000,14.0
42.92427000,17.61301000,13.0
42.92429000,17.61295000,13.0
42.92431000,17.61290000,13.0
42.92434000,17.61283000,13.0
42.92438000,17.61276000,13.0
42.92443000,17.61270000,13.0
42.92446000,17.61263000,13.0
42.92449000,17.61256000,12.0
42.92450000,17.61248000,11.0
42.92452000,17.61240000,11.0
42.92453000,17.61232000,10.0
42.92455000,17.61225000,9.0
42.92456000,17.61218000,9.0
42.92458000,17.61212000,8.0
42.92460000,17.61206000,7.0
42.92463000,17.61201000,7.0
42.92469000,17.61192000,6.0
42.92473000,17.61189000,5.0
42.92478000,17.61182000,4.0
42.92480000,17.61180000,4.0
42.92488000,17.61179000,4.0
42.92492000,17.61180000,5.0
42.92499000,17.61181000,6.0
42.92503000,17.61183000,7.0
42.92511000,17.61187000,9.0
42.92515000,17.61188000,10.0
42.92518000,17.61190000,10.0
42.92524000,17.61193000,11.0
42.92528000,17.61195000,12.0
42.92532000,17.61198000,12.0
42.92539000,17.61205000,13.0
42.92542000,17.61211000,15.0
42.92546000,17.61215000,15.0
42.92550000,17.61218000,16.0
42.92558000,17.61223000,16.0
42.92562000,17.61226000,17.0
42.92567000,17.61229000,17.0
42.92571000,17.61230000,16.0
42.92579000,17.61231000,15.0
42.92581000,17.61233000,15.0
42.92585000,17.61236000,15.0
42.92595000,17.61240000,16.0
42.92602000,17.61244000,17.0
42.92604000,17.61244000,17.0
42.92611000,17.61246000,17.0
42.92614000,17.61247000,18.0
42.92623000,17.61244000,20.0
42.92625000,17.61242000,20.0
42.92629000,17.61236000,20.0
42.92632000,17.61231000,19.0
42.92630000,17.61220000,17.0
42.92631000,17.61216000,16.0
42.92630000,17.61206000,14.0
42.92629000,17.61203000,13.0
42.92626000,17.61192000,11.0
42.92626000,17.61188000,11.0
42.92625000,17.61180000,10.0
42.92625000,17.61176000,10.0
42.92624000,17.61164000,8.0
42.92625000,17.61161000,9.0
42.92623000,17.61151000,8.0
42.92623000,17.61148000,8.0
42.92617000,17.61156000,8.0
42.92616000,17.61159000,7.0
42.92610000,17.61149000,7.0
42.92610000,17.61148000,7.0
42.92617000,17.61155000,8.0
42.92621000,17.61149000,8.0
42.92626000,17.61147000,9.0
42.92620000,17.61138000,8.0
42.92620000,17.61135000,8.0
42.92624000,17.61127000,9.0
42.92624000,17.61123000,10.0
42.92626000,17.61113000,10.0
42.92626000,17.61108000,11.0
42.92626000,17.61098000,11.0
42.92626000,17.61093000,12.0
42.92627000,17.61082000,12.0
42.92628000,17.61077000,12.0
42.92629000,17.61067000,11.0
42.92630000,17.61062000,11.0
42.92633000,17.61051000,11.0
42.92633000,17.61045000,10.0
42.92634000,17.61039000,10.0
42.92634000,17.61033000,9.0
42.92636000,17.61021000,8.0
42.92638000,17.61016000,8.0
42.92638000,17.61005000,8.0
42.92640000,17.60998000,8.0
42.92641000,17.60993000,8.0
42.92643000,17.60987000,8.0
42.92644000,17.60976000,7.0
42.92644000,17.60970000,6.0
42.92646000,17.60960000,6.0
42.92647000,17.60955000,5.0
42.92651000,17.60946000,5.0
42.92652000,17.60938000,4.0
42.92655000,17.60927000,3.0
42.92658000,17.60923000,3.0
42.92665000,17.60915000,2.0
42.92667000,17.60913000,2.0
42.92673000,17.60910000,3.0
42.92676000,17.60907000,3.0
42.92682000,17.60900000,3.0
42.92685000,17.60895000,2.0
42.92692000,17.60889000,1.0
42.92695000,17.60886000,2.0
42.92701000,17.60882000,3.0
42.92704000,17.60880000,3.0
42.92711000,17.60878000,4.0
42.92714000,17.60877000,4.0
42.92720000,17.60875000,5.0
42.92724000,17.60874000,5.0
42.92731000,17.60872000,6.0
42.92734000,17.60871000,7.0
42.92739000,17.60868000,7.0
42.92743000,17.60866000,7.0
42.92750000,17.60865000,9.0
42.92753000,17.60864000,9.0
42.92758000,17.60865000,10.0
42.92763000,17.60864000,10.0
42.92768000,17.60857000,9.0
42.92767000,17.60853000,8.0
42.92776000,17.60848000,7.0
42.92779000,17.60848000,7.0
42.92786000,17.60846000,7.0
42.92790000,17.60844000,7.0
42.92794000,17.60842000,7.0
42.92799000,17.60841000,7.0
42.92807000,17.60840000,7.0
42.92811000,17.60839000,7.0
42.92817000,17.60837000,6.0
42.92821000,17.60836000,6.0
42.92828000,17.60829000,4.0
42.92833000,17.60827000,4.0
42.92841000,17.60822000,3.0
42.92843000,17.60821000,3.0
42.92844000,17.60820000,3.0
42.92846000,17.60823000,4.0
42.92849000,17.60824000,4.0
42.92856000,17.60829000,5.0
42.92859000,17.60831000,5.0
42.92865000,17.60837000,7.0
42.92868000,17.60840000,8.0
42.92872000,17.60843000,8.0
42.92876000,17.60846000,9.0
42.92880000,17.60850000,10.0
42.92884000,17.60854000,11.0
42.92891000,17.60861000,12.0
42.92894000,17.60864000,12.0
42.92900000,17.60869000,14.0
42.92906000,17.60866000,13.0
42.92912000,17.60862000,13.0
42.92920000,17.60853000,14.0
42.92924000,17.60848000,15.0
42.92926000,17.60842000,16.0
42.92925000,17.60832000,15.0
42.92924000,17.60827000,15.0
42.92922000,17.60816000,15.0
42.92921000,17.60811000,15.0
42.92920000,17.60800000,15.0
42.92919000,17.60795000,16.0
42.92916000,17.60784000,16.0
42.92915000,17.60779000,17.0
42.92911000,17.60769000,16.0
42.92909000,17.60765000,16.0
42.92906000,17.60754000,16.0
42.92905000,17.60749000,16.0
42.92903000,17.60737000,16.0
42.92901000,17.60733000,15.0
42.92897000,17.60725000,15.0
42.92896000,17.60722000,15.0
42.92893000,17.60712000,14.0
42.92891000,17.60708000,14.0
42.92887000,17.60698000,13.0
42.92886000,17.60695000,13.0
42.92884000,17.60685000,13.0
42.92883000,17.60682000,12.0
42.92880000,17.60673000,12.0
42.92880000,17.60669000,12.0
42.92881000,17.60659000,12.0
42.92879000,17.60657000,12.0
42.92880000,17.60646000,12.0
42.92880000,17.60644000,12.0
42.92885000,17.60634000,14.0
42.92885000,17.60632000,14.0
42.92886000,17.60621000,14.0
42.92886000,17.60620000,14.0
42.92889000,17.60611000,16.0
42.92890000,17.60608000,16.0
42.92892000,17.60598000,17.0
42.92892000,17.60595000,17.0
42.92892000,17.60584000,17.0
42.92892000,17.60582000,17.0
42.92895000,17.60570000,18.0
42.92895000,17.60568000,18.0
42.92894000,17.60558000,18.0
42.92897000,17.60556000,19.0
42.92891000,17.60549000,17.0
42.92891000,17.60546000,17.0
42.92894000,17.60539000,17.0
42.92897000,17.60535000,18.0
42.92900000,17.60525000,19.0
42.92901000,17.60521000,18.0
42.92905000,17.60512000,19.0
42.92907000,17.60508000,20.0
42.92909000,17.60498000,19.0
42.92910000,17.60494000,19.0
42.92912000,17.60485000,19.0
42.92913000,17.60481000,19.0
42.92915000,17.60469000,19.0
42.92916000,17.60465000,19.0
42.92918000,17.60454000,20.0
42.92918000,17.60450000,19.0
42.92919000,17.60442000,20.0
42.92920000,17.60437000,20.0
42.92921000,17.60428000,20.0
42.92922000,17.60423000,20.0
42.92921000,17.60414000,20.0
42.92920000,17.60409000,20.0
42.92918000,17.60400000,19.0
42.92917000,17.60395000,18.0
42.92915000,17.60386000,19.0
42.92914000,17.60382000,19.0
42.92912000,17.60372000,20.0
42.92911000,17.60367000,20.0
42.92909000,17.60357000,21.0
42.92908000,17.60352000,21.0
42.92906000,17.60343000,21.0
42.92904000,17.60338000,20.0
42.92902000,17.60330000,20.0
42.92901000,17.60326000,20.0
42.92899000,17.60314000,20.0
42.92899000,17.60311000,21.0
42.92897000,17.60302000,21.0
42.92897000,17.60298000,21.0
42.92897000,17.60289000,21.0
42.92896000,17.60283000,21.0
42.92896000,17.60274000,21.0
42.92896000,17.60269000,22.0
42.92895000,17.60257000,22.0
42.92895000,17.60254000,22.0
42.92893000,17.60242000,21.0
42.92893000,17.60238000,20.0
42.92892000,17.60227000,20.0
42.92892000,17.60222000,20.0
42.92893000,17.60215000,20.0
42.92893000,17.60210000,20.0
42.92894000,17.60201000,20.0
42.92895000,17.60197000,20.0
42.92896000,17.60188000,20.0
42.92896000,17.60184000,19.0
42.92898000,17.60175000,20.0
42.92899000,17.60171000,20.0
42.92901000,17.60161000,19.0
42.92901000,17.60158000,19.0
42.92902000,17.60147000,18.0
42.92903000,17.60143000,18.0
42.92904000,17.60134000,17.0
42.92906000,17.60129000,16.0
42.92909000,17.60121000,16.0
42.92911000,17.60116000,16.0
42.92913000,17.60108000,15.0
42.92913000,17.60104000,15.0
42.92915000,17.60093000,15.0
42.92915000,17.60088000,14.0
42.92918000,17.60077000,15.0
42.92920000,17.60073000,16.0
42.92921000,17.60065000,16.0
42.92921000,17.60060000,16.0
42.92922000,17.60051000,17.0
42.92922000,17.60047000,17.0
42.92923000,17.60037000,17.0
42.92923000,17.60033000,18.0
42.92928000,17.60026000,19.0
42.92929000,17.60021000,19.0
42.92931000,17.60010000,19.0
42.92931000,17.60006000,18.0
42.92933000,17.59997000,18.0
42.92934000,17.59993000,18.0
42.92935000,17.59985000,18.0
42.92936000,17.59980000,18.0
42.92940000,17.59972000,17.0
42.92942000,17.59967000,17.0
42.92945000,17.59960000,17.0
42.92946000,17.59956000,17.0
42.92951000,17.59947000,17.0
42.92952000,17.59946000,17.0
42.92952000,17.59942000,16.0
42.92952000,17.59941000,16.0
42.92959000,17.59948000,18.0
42.92960000,17.59948000,18.0
42.92963000,17.59939000,18.0
42.92980000,17.59958000,24.0
42.92975000,17.59959000,22.0
42.92970000,17.59952000,20.0
42.92967000,17.59948000,19.0
42.92961000,17.59944000,18.0
42.92958000,17.59943000,17.0
42.92953000,17.59951000,17.0
42.92957000,17.59960000,18.0
42.92963000,17.59955000,19.0
42.92962000,17.59946000,18.0
42.92962000,17.59939000,18.0
42.92962000,17.59932000,18.0
42.92963000,17.59920000,18.0
42.92964000,17.59915000,18.0
42.92966000,17.59907000,17.0
42.92969000,17.59902000,17.0
42.92971000,17.59894000,17.0
42.92971000,17.59889000,16.0
42.92973000,17.59880000,16.0
42.92973000,17.59876000,15.0
42.92976000,17.59867000,15.0
42.92978000,17.59863000,15.0
42.92981000,17.59854000,14.0
42.92982000,17.59850000,14.0
42.92987000,17.59843000,14.0
42.92990000,17.59838000,14.0
42.92994000,17.59831000,13.0
42.92997000,17.59827000,13.0
42.93004000,17.59821000,13.0
42.93007000,17.59817000,13.0
42.93012000,17.59814000,14.0
42.93016000,17.59810000,15.0
42.93020000,17.59806000,15.0
42.93024000,17.59802000,16.0
42.93028000,17.59798000,17.0
42.93032000,17.59793000,18.0
42.93035000,17.59787000,18.0
42.93037000,17.59781000,18.0
42.93040000,17.59769000,18.0
42.93041000,17.59764000,18.0
42.93041000,17.59752000,17.0
42.93041000,17.59746000,17.0
42.93042000,17.59735000,18.0
42.93043000,17.59729000,18.0
42.93044000,17.59718000,18.0
42.93044000,17.59713000,18.0
42.93045000,17.59703000,19.0
42.93046000,17.59698000,19.0
42.93046000,17.59689000,19.0
42.93046000,17.59684000,19.0
42.93047000,17.59674000,19.0
42.93048000,17.59669000,19.0
42.93049000,17.59660000,18.0
42.93048000,17.59655000,18.0
42.93048000,17.59645000,17.0
42.93050000,17.59640000,17.0
42.93052000,17.59632000,17.0
42.93053000,17.59628000,17.0
42.93056000,17.59618000,17.0
42.93056000,17.59612000,17.0
42.93060000,17.59601000,17.0
42.93061000,17.59596000,16.0
42.93064000,17.59586000,16.0
42.93066000,17.59581000,16.0
42.93069000,17.59575000,16.0
42.93072000,17.59570000,16.0
42.93075000,17.59559000,14.0
42.93077000,17.59554000,14.0
42.93081000,17.59545000,13.0
42.93083000,17.59541000,12.0
42.93089000,17.59533000,12.0
42.93091000,17.59529000,12.0
42.93097000,17.59521000,12.0
42.93101000,17.59516000,12.0
42.93105000,17.59513000,12.0
42.93109000,17.59509000,12.0
42.93116000,17.59503000,12.0
42.93119000,17.59499000,12.0
42.93126000,17.59495000,14.0
42.93129000,17.59493000,14.0
42.93136000,17.59488000,15.0
42.93141000,17.59486000,16.0
42.93145000,17.59483000,16.0
42.93150000,17.59481000,17.0
42.93154000,17.59479000,17.0
42.93158000,17.59476000,18.0
42.93165000,17.59470000,18.0
42.93169000,17.59468000,18.0
42.93176000,17.59462000,18.0
42.93180000,17.59460000,19.0
42.93184000,17.59456000,18.0
42.93187000,17.59450000,17.0
42.93190000,17.59444000,16.0
42.93192000,17.59438000,16.0
42.93194000,17.59431000,15.0
42.93197000,17.59424000,15.0
42.93199000,17.59417000,14.0
42.93201000,17.59409000,15.0
42.93203000,17.59402000,15.0
42.93205000,17.59397000,15.0
42.93207000,17.59386000,15.0
42.93208000,17.59383000,15.0
42.93209000,17.59371000,14.0
42.93208000,17.59370000,14.0
42.93211000,17.59359000,14.0
42.93212000,17.59358000,14.0
42.93220000,17.59355000,16.0
42.93221000,17.59355000,16.0
42.93222000,17.59345000,16.0
42.93223000,17.59344000,16.0
42.93226000,17.59336000,17.0
42.93227000,17.59335000,17.0
42.93226000,17.59339000,17.0
42.93226000,17.59341000,17.0
42.93225000,17.59342000,17.0
42.93225000,17.59343000,17.0
42.93232000,17.59339000,19.0
42.93232000,17.59336000,19.0
42.93233000,17.59333000,19.0
42.93240000,17.59327000,20.0
42.93242000,17.59323000,21.0
42.93247000,17.59316000,21.0
42.93250000,17.59313000,22.0
42.93255000,17.59305000,22.0
42.93258000,17.59301000,22.0
42.93262000,17.59298000,22.0
42.93266000,17.59294000,22.0
42.93273000,17.59289000,23.0
42.93277000,17.59286000,23.0
42.93284000,17.59282000,23.0
42.93287000,17.59279000,23.0
42.93293000,17.59274000,23.0
42.93296000,17.59272000,23.0
42.93301000,17.59269000,23.0
42.93306000,17.59266000,23.0
42.93313000,17.59261000,23.0
42.93318000,17.59259000,23.0
42.93325000,17.59254000,22.0
42.93328000,17.59252000,22.0
42.93335000,17.59249000,21.0
42.93337000,17.59247000,21.0
42.93344000,17.59242000,20.0
42.93348000,17.59240000,20.0
42.93354000,17.59235000,20.0
42.93358000,17.59232000,19.0
42.93361000,17.59228000,19.0
42.93364000,17.59223000,18.0
42.93368000,17.59219000,18.0
42.93372000,17.59215000,18.0
42.93376000,17.59211000,18.0
42.93380000,17.59206000,18.0
42.93383000,17.59202000,18.0
42.93387000,17.59196000,18.0
42.93391000,17.59191000,18.0
42.93394000,17.59186000,18.0
42.93397000,17.59180000,18.0
42.93400000,17.59175000,18.0
42.93403000,17.59169000,18.0
42.93405000,17.59163000,17.0
42.93408000,17.59157000,17.0
42.93410000,17.59151000,17.0
42.93412000,17.59145000,16.0
42.93414000,17.59139000,16.0
42.93417000,17.59133000,16.0
42.93419000,17.59127000,17.0
42.93421000,17.59120000,18.0
42.93424000,17.59114000,19.0
42.93427000,17.59105000,20.0
42.93429000,17.59099000,20.0
42.93430000,17.59092000,20.0
42.93432000,17.59086000,21.0
42.93434000,17.59080000,21.0
42.93435000,17.59073000,21.0
42.93435000,17.59067000,20.0
42.93436000,17.59060000,20.0
42.93436000,17.59053000,19.0
42.93437000,17.59046000,18.0
42.93438000,17.59040000,18.0
42.93439000,17.59034000,18.0
42.93440000,17.59028000,17.0
42.93440000,17.59021000,16.0
42.93441000,17.59015000,16.0
42.93442000,17.59008000,15.0
42.93443000,17.59002000,14.0
42.93443000,17.58995000,14.0
42.93444000,17.58989000,14.0
42.93444000,17.58983000,13.0
42.93445000,17.58976000,13.0
42.93447000,17.58969000,13.0
42.93449000,17.58962000,14.0
42.93451000,17.58956000,14.0
42.93452000,17.58949000,14.0
42.93454000,17.58942000,15.0
42.93455000,17.58936000,15.0
42.93457000,17.58930000,16.0
42.93458000,17.58923000,16.0
42.93461000,17.58917000,16.0
42.93462000,17.58911000,17.0
42.93464000,17.58905000,17.0
42.93467000,17.58900000,18.0
42.93468000,17.58894000,18.0
42.93471000,17.58884000,19.0
42.93472000,17.58878000,18.0
42.93475000,17.58867000,18.0
42.93477000,17.58861000,18.0
42.93478000,17.58856000,18.0
42.93480000,17.58850000,19.0
42.93481000,17.58844000,18.0
42.93483000,17.58838000,18.0
42.93484000,17.58832000,18.0
42.93485000,17.58826000,18.0
42.93487000,17.58819000,18.0
42.93488000,17.58811000,18.0
42.93490000,17.58805000,18.0
42.93492000,17.58799000,18.0
42.93493000,17.58793000,18.0
42.93494000,17.58786000,17.0
42.93496000,17.58778000,17.0
42.93496000,17.58771000,17.0
42.93497000,17.58764000,17.0
42.93496000,17.58758000,16.0
42.93497000,17.58752000,16.0
42.93498000,17.58746000,17.0
42.93498000,17.58740000,16.0
42.93498000,17.58733000,16.0
42.93498000,17.58727000,16.0
42.93497000,17.58721000,15.0
42.93497000,17.58714000,15.0
42.93496000,17.58707000,15.0
42.93496000,17.58701000,14.0
42.93496000,17.58695000,14.0
42.93496000,17.58688000,14.0
42.93496000,17.58682000,14.0
42.93496000,17.58670000,14.0
42.93496000,17.58664000,14.0
42.93496000,17.58653000,14.0
42.93497000,17.58643000,15.0
42.93498000,17.58634000,15.0
42.93497000,17.58628000,15.0
42.93497000,17.58622000,15.0
42.93497000,17.58615000,16.0
42.93498000,17.58604000,16.0
42.93497000,17.58597000,16.0
42.93498000,17.58585000,17.0
42.93497000,17.58579000,16.0
42.93498000,17.58573000,16.0
42.93498000,17.58566000,16.0
42.93499000,17.58555000,15.0
42.93501000,17.58550000,16.0
42.93502000,17.58540000,16.0
42.93504000,17.58534000,16.0
42.93505000,17.58523000,16.0
42.93506000,17.58517000,15.0
42.93508000,17.58510000,16.0
42.93509000,17.58504000,15.0
42.93511000,17.58499000,16.0
42.93513000,17.58493000,16.0
42.93515000,17.58488000,16.0
42.93517000,17.58482000,15.0
42.93519000,17.58475000,15.0
42.93522000,17.58469000,15.0
42.93525000,17.58463000,15.0
42.93527000,17.58457000,15.0
42.93529000,17.58451000,14.0
42.93531000,17.58445000,14.0
42.93534000,17.58439000,14.0
42.93536000,17.58434000,14.0
42.93541000,17.58424000,14.0
42.93544000,17.58419000,13.0
42.93547000,17.58414000,13.0
42.93550000,17.58409000,13.0
42.93553000,17.58403000,12.0
42.93556000,17.58399000,12.0
42.93562000,17.58391000,12.0
42.93564000,17.58387000,12.0
42.93570000,17.58377000,12.0
42.93573000,17.58372000,13.0
42.93577000,17.58368000,14.0
42.93581000,17.58365000,15.0
42.93587000,17.58358000,16.0
42.93591000,17.58355000,17.0
42.93597000,17.58348000,19.0
42.93601000,17.58344000,20.0
42.93605000,17.58340000,21.0
42.93609000,17.58336000,22.0
42.93613000,17.58332000,22.0
42.93616000,17.58328000,22.0
42.93620000,17.58323000,22.0
42.93623000,17.58319000,21.0
42.93629000,17.58313000,21.0
42.93632000,17.58310000,21.0
42.93638000,17.58302000,21.0
42.93641000,17.58297000,21.0
42.93647000,17.58291000,21.0
42.93650000,17.58287000,20.0
42.93653000,17.58283000,20.0
42.93657000,17.58280000,19.0
42.93664000,17.58272000,19.0
42.93668000,17.58269000,18.0
42.93675000,17.58263000,18.0
42.93679000,17.58259000,18.0
42.93686000,17.58255000,18.0
42.93689000,17.58252000,18.0
42.93695000,17.58248000,17.0
42.93698000,17.58245000,17.0
42.93704000,17.58238000,16.0
42.93707000,17.58234000,16.0
42.93713000,17.58230000,16.0
42.93715000,17.58228000,16.0
42.93723000,17.58224000,16.0
42.93727000,17.58222000,16.0
42.93733000,17.58219000,15.0
42.93736000,17.58218000,15.0
42.93744000,17.58214000,15.0
42.93748000,17.58211000,14.0
42.93752000,17.58209000,14.0
42.93756000,17.58207000,14.0
42.93764000,17.58202000,13.0
42.93768000,17.58201000,13.0
42.93775000,17.58199000,12.0
42.93778000,17.58197000,12.0
42.93785000,17.58193000,12.0
42.93789000,17.58191000,13.0
42.93796000,17.58188000,13.0
42.93800000,17.58185000,13.0
42.93808000,17.58182000,14.0
42.93812000,17.58181000,15.0
42.93820000,17.58178000,16.0
42.93824000,17.58176000,16.0
42.93830000,17.58172000,17.0
42.93833000,17.58170000,17.0
42.93840000,17.58166000,18.0
42.93843000,17.58163000,18.0
42.93848000,17.58159000,18.0
42.93851000,17.58157000,18.0
42.93858000,17.58151000,18.0
42.93861000,17.58148000,18.0
42.93869000,17.58142000,19.0
42.93872000,17.58138000,19.0
42.93876000,17.58135000,19.0
42.93881000,17.58132000,20.0
42.93887000,17.58127000,21.0
42.93890000,17.58125000,22.0
42.93897000,17.58121000,23.0
42.93901000,17.58118000,24.0
42.93908000,17.58113000,25.0
42.93913000,17.58110000,26.0
42.93920000,17.58104000,28.0
42.93927000,17.58099000,30.0
42.93932000,17.58092000,31.0
42.93934000,17.58087000,30.0
42.93938000,17.58079000,30.0
42.93939000,17.58076000,30.0
42.93942000,17.58069000,30.0
42.93945000,17.58064000,30.0
42.93948000,17.58059000,30.0
42.93950000,17.58054000,29.0
42.93955000,17.58044000,29.0
42.93958000,17.58038000,29.0
42.93961000,17.58033000,29.0
42.93964000,17.58027000,29.0
42.93967000,17.58021000,30.0
42.93971000,17.58014000,29.0
42.93974000,17.58009000,29.0
42.93976000,17.58003000,28.0
42.93979000,17.57994000,27.0
42.93980000,17.57989000,26.0
42.93982000,17.57979000,25.0
42.93983000,17.57974000,24.0
42.93985000,17.57966000,23.0
42.93987000,17.57961000,23.0
42.93991000,17.57952000,22.0
42.93992000,17.57947000,21.0
42.93995000,17.57936000,20.0
42.93995000,17.57935000,20.0
42.93999000,17.57927000,19.0
42.94002000,17.57924000,20.0
42.93998000,17.57932000,20.0
42.93997000,17.57935000,20.0
42.94001000,17.57942000,23.0
42.94004000,17.57942000,24.0
42.94005000,17.57936000,23.0
42.94012000,17.57927000,23.0
42.94003000,17.57929000,21.0
42.94002000,17.57928000,21.0
42.94004000,17.57919000,19.0
42.93999000,17.57908000,15.0
42.93994000,17.57899000,12.0
42.93992000,17.57890000,10.0
42.93999000,17.57885000,11.0
42.94000000,17.57884000,11.0
42.94007000,17.57877000,12.0
42.94019000,17.57887000,18.0
42.94027000,17.57888000,21.0
42.94028000,17.57887000,21.0
42.94031000,17.57877000,20.0
42.94031000,17.57875000,20.0
42.94033000,17.57867000,19.0
42.94024000,17.57867000,16.0
42.94027000,17.57866000,16.0
42.94029000,17.57855000,15.0
42.94030000,17.57854000,15.0
42.94035000,17.57847000,15.0
42.94036000,17.57843000,15.0
42.94040000,17.57834000,15.0
42.94043000,17.57829000,15.0
42.94047000,17.57825000,15.0
42.94051000,17.57820000,15.0
42.94055000,17.57817000,15.0
42.94059000,17.57814000,15.0

42.94063000,17.57810000,15.0
42.94068000,17.57807000,15.0
42.94072000,17.57804000,15.0
42.94077000,17.57801000,15.0
42.94081000,17.57797000,14.0
42.94086000,17.57795000,15.0
42.94094000,17.57790000,15.0
42.94098000,17.57787000,14.0
42.94102000,17.57783000,14.0
42.94106000,17.57780000,14.0
42.94111000,17.57777000,14.0
42.94115000,17.57775000,14.0
42.94120000,17.57773000,14.0
42.94125000,17.57772000,14.0
42.94130000,17.57770000,14.0
42.94134000,17.57769000,14.0
42.94139000,17.57768000,14.0
42.94144000,17.57767000,14.0
42.94149000,17.57766000,14.0
42.94156000,17.57768000,15.0
42.94161000,17.57768000,15.0
42.94165000,17.57767000,15.0
42.94171000,17.57768000,16.0
42.94175000,17.57769000,16.0
42.94183000,17.57771000,17.0
42.94187000,17.57772000,17.0
42.94192000,17.57774000,18.0
42.94196000,17.57777000,19.0
42.94202000,17.57778000,18.0
42.94211000,17.57778000,15.0
42.94217000,17.57780000,14.0
42.94222000,17.57782000,13.0
42.94227000,17.57784000,12.0
42.94231000,17.57786000,11.0
42.94239000,17.57790000,9.0
42.94241000,17.57794000,9.0
42.94246000,17.57799000,8.0
42.94248000,17.57801000,8.0
42.94256000,17.57807000,7.0
42.94258000,17.57810000,8.0
42.94263000,17.57816000,9.0
42.94267000,17.57818000,9.0
42.94273000,17.57821000,9.0
42.94275000,17.57822000,9.0
42.94280000,17.57830000,11.0
42.94282000,17.57832000,11.0
42.94288000,17.57839000,11.0
42.94291000,17.57841000,11.0
42.94299000,17.57845000,11.0
42.94303000,17.57847000,11.0
42.94307000,17.57856000,11.0
42.94311000,17.57858000,11.0
42.94316000,17.57866000,11.0
42.94317000,17.57871000,11.0
42.94323000,17.57876000,11.0
42.94326000,17.57876000,11.0
42.94333000,17.57875000,10.0
42.94337000,17.57873000,10.0
42.94344000,17.57871000,10.0
42.94348000,17.57868000,10.0
42.94353000,17.57863000,10.0
42.94355000,17.57860000,10.0
42.94357000,17.57852000,11.0
42.94359000,17.57848000,11.0
42.94364000,17.57840000,14.0
42.94366000,17.57834000,16.0
42.94368000,17.57829000,17.0
42.94369000,17.57823000,18.0
42.94369000,17.57816000,19.0
42.94370000,17.57810000,20.0
42.94370000,17.57797000,22.0
42.94370000,17.57791000,22.0
42.94369000,17.57781000,23.0
42.94368000,17.57775000,24.0
42.94368000,17.57768000,24.0
42.94366000,17.57762000,24.0
42.94364000,17.57755000,24.0
42.94362000,17.57749000,24.0
42.94360000,17.57738000,22.0
42.94359000,17.57731000,21.0
42.94357000,17.57726000,21.0
42.94355000,17.57720000,20.0
42.94352000,17.57709000,20.0
42.94350000,17.57703000,20.0
42.94348000,17.57697000,20.0
42.94346000,17.57692000,19.0
42.94345000,17.57680000,20.0
42.94343000,17.57675000,20.0
42.94342000,17.57665000,21.0
42.94342000,17.57660000,22.0
42.94339000,17.57651000,22.0
42.94336000,17.57646000,22.0
42.94331000,17.57636000,22.0
42.94329000,17.57632000,22.0
42.94323000,17.57624000,21.0
42.94321000,17.57619000,21.0
42.94318000,17.57614000,21.0
42.94315000,17.57609000,21.0
42.94312000,17.57604000,21.0
42.94309000,17.57599000,20.0
42.94303000,17.57590000,20.0
42.94300000,17.57586000,20.0
42.94293000,17.57578000,19.0
42.94290000,17.57572000,19.0
42.94287000,17.57568000,19.0
42.94283000,17.57563000,18.0
42.94277000,17.57555000,17.0
42.94274000,17.57550000,18.0
42.94269000,17.57541000,19.0
42.94266000,17.57537000,19.0
42.94261000,17.57528000,19.0
42.94259000,17.57524000,20.0
42.94255000,17.57513000,21.0
42.94253000,17.57508000,21.0
42.94249000,17.57499000,21.0
42.94246000,17.57494000,22.0
42.94244000,17.57488000,22.0
42.94243000,17.57482000,22.0
42.94240000,17.57476000,22.0
42.94238000,17.57469000,22.0
42.94237000,17.57462000,23.0
42.94237000,17.57455000,23.0
42.94236000,17.57448000,24.0
42.94235000,17.57441000,24.0
42.94234000,17.57435000,24.0
42.94233000,17.57428000,24.0
42.94231000,17.57422000,24.0
42.94229000,17.57415000,23.0
42.94228000,17.57408000,23.0
42.94227000,17.57402000,23.0
42.94226000,17.57395000,23.0
42.94225000,17.57388000,23.0
42.94226000,17.57380000,24.0
42.94225000,17.57373000,23.0
42.94225000,17.57365000,24.0
42.94223000,17.57356000,22.0
42.94223000,17.57348000,23.0
42.94223000,17.57341000,23.0
42.94223000,17.57333000,23.0
42.94224000,17.57326000,24.0
42.94223000,17.57317000,23.0
42.94223000,17.57310000,23.0
42.94221000,17.57302000,22.0
42.94220000,17.57294000,21.0
42.94218000,17.57286000,20.0
42.94217000,17.57278000,20.0
42.94216000,17.57271000,19.0
42.94214000,17.57262000,18.0
42.94213000,17.57253000,18.0
42.94213000,17.57245000,18.0
42.94212000,17.57237000,18.0
42.94212000,17.57229000,18.0
42.94212000,17.57222000,19.0
42.94212000,17.57213000,19.0
42.94213000,17.57205000,20.0
42.94214000,17.57196000,20.0
42.94215000,17.57187000,21.0
42.94217000,17.57179000,21.0
42.94219000,17.57171000,22.0
42.94220000,17.57165000,23.0
42.94221000,17.57156000,23.0
42.94223000,17.57147000,24.0
42.94225000,17.57139000,24.0
42.94225000,17.57131000,24.0
42.94225000,17.57122000,23.0
42.94226000,17.57115000,22.0
42.94226000,17.57108000,21.0
42.94227000,17.57100000,20.0
42.94227000,17.57093000,19.0
42.94227000,17.57086000,17.0
42.94228000,17.57080000,17.0
42.94228000,17.57073000,16.0
42.94228000,17.57066000,16.0
42.94228000,17.57059000,15.0
42.94228000,17.57052000,15.0
42.94227000,17.57045000,15.0
42.94226000,17.57039000,15.0
42.94226000,17.57033000,16.0
42.94225000,17.57027000,16.0
42.94225000,17.57020000,18.0
42.94224000,17.57014000,19.0
42.94223000,17.57007000,19.0
42.94222000,17.57000000,20.0
42.94222000,17.56994000,21.0
42.94220000,17.56983000,23.0
42.94219000,17.56977000,23.0
42.94218000,17.56970000,24.0
42.94216000,17.56961000,25.0
42.94215000,17.56953000,26.0
42.94213000,17.56946000,26.0
42.94211000,17.56935000,26.0
42.94210000,17.56929000,26.0
42.94208000,17.56918000,25.0
42.94207000,17.56912000,24.0
42.94206000,17.56905000,24.0
42.94205000,17.56898000,24.0
42.94204000,17.56890000,23.0
42.94203000,17.56882000,23.0
42.94203000,17.56874000,23.0
42.94202000,17.56867000,22.0
42.94201000,17.56860000,22.0
42.94200000,17.56854000,21.0
42.94200000,17.56843000,21.0
42.94199000,17.56837000,20.0
42.94199000,17.56830000,20.0
42.94197000,17.56823000,19.0
42.94196000,17.56816000,18.0
42.94195000,17.56808000,18.0
42.94194000,17.56801000,18.0
42.94193000,17.56794000,19.0
42.94192000,17.56788000,20.0
42.94190000,17.56781000,20.0
42.94190000,17.56774000,21.0
42.94189000,17.56768000,21.0
42.94188000,17.56762000,21.0
42.94187000,17.56755000,21.0
42.94186000,17.56749000,21.0
42.94185000,17.56741000,20.0
42.94185000,17.56733000,20.0
42.94185000,17.56726000,20.0
42.94186000,17.56719000,21.0
42.94186000,17.56712000,20.0
42.94187000,17.56705000,21.0
42.94187000,17.56699000,20.0
42.94187000,17.56692000,20.0
42.94187000,17.56684000,19.0
42.94187000,17.56676000,18.0
42.94188000,17.56668000,17.0
42.94189000,17.56661000,17.0
42.94190000,17.56653000,17.0
42.94191000,17.56645000,16.0
42.94193000,17.56638000,16.0
42.94195000,17.56631000,16.0
42.94196000,17.56624000,15.0
42.94199000,17.56615000,15.0
42.94202000,17.56607000,15.0
42.94204000,17.56601000,15.0
42.94207000,17.56594000,16.0
42.94211000,17.56588000,17.0
42.94214000,17.56583000,18.0
42.94219000,17.56578000,19.0
42.94222000,17.56574000,19.0
42.94227000,17.56570000,19.0
42.94231000,17.56566000,19.0
42.94236000,17.56563000,20.0
42.94240000,17.56560000,20.0
42.94244000,17.56557000,20.0
42.94248000,17.56553000,19.0
42.94252000,17.56549000,18.0
42.94256000,17.56546000,17.0
42.94261000,17.56543000,16.0
42.94266000,17.56541000,16.0
42.94271000,17.56539000,15.0
42.94276000,17.56537000,15.0
42.94280000,17.56535000,15.0
42.94285000,17.56532000,15.0
42.94290000,17.56530000,16.0
42.94295000,17.56527000,16.0
42.94300000,17.56525000,17.0
42.94305000,17.56523000,18.0
42.94310000,17.56520000,18.0
42.94315000,17.56518000,19.0
42.94320000,17.56516000,19.0
42.94325000,17.56513000,19.0
42.94329000,17.56511000,20.0
42.94333000,17.56509000,20.0
42.94342000,17.56507000,21.0
42.94346000,17.56505000,21.0
42.94354000,17.56503000,21.0
42.94358000,17.56503000,22.0
42.94366000,17.56505000,24.0
42.94370000,17.56505000,24.0
42.94375000,17.56505000,25.0
42.94380000,17.56505000,25.0
42.94388000,17.56507000,26.0
42.94393000,17.56508000,27.0
42.94398000,17.56506000,26.0
42.94402000,17.56505000,25.0
42.94407000,17.56505000,25.0
42.94412000,17.56506000,25.0
42.94416000,17.56506000,25.0
42.94422000,17.56507000,26.0
42.94428000,17.56508000,27.0
42.94433000,17.56509000,27.0
42.94439000,17.56509000,28.0
42.94445000,17.56509000,28.0
42.94450000,17.56510000,29.0
42.94455000,17.56508000,28.0
42.94461000,17.56508000,28.0
42.94468000,17.56507000,28.0
42.94474000,17.56507000,27.0
42.94479000,17.56507000,27.0
42.94485000,17.56506000,27.0
42.94491000,17.56507000,27.0
42.94496000,17.56508000,27.0
42.94501000,17.56508000,27.0
42.94506000,17.56508000,27.0
42.94512000,17.56507000,26.0
42.94516000,17.56507000,26.0
42.94522000,17.56506000,26.0
42.94527000,17.56506000,26.0
42.94533000,17.56506000,25.0
42.94539000,17.56506000,25.0
42.94544000,17.56507000,25.0
42.94549000,17.56507000,25.0
42.94554000,17.56506000,24.0
42.94559000,17.56505000,24.0
42.94565000,17.56505000,25.0
42.94570000,17.56504000,26.0
42.94575000,17.56503000,26.0
42.94580000,17.56503000,27.0
42.94586000,17.56502000,27.0
42.94591000,17.56500000,27.0
42.94598000,17.56499000,27.0
42.94603000,17.56498000,27.0
42.94609000,17.56495000,26.0
42.94614000,17.56493000,26.0
42.94620000,17.56491000,27.0
42.94625000,17.56489000,27.0
42.94630000,17.56485000,27.0
42.94634000,17.56481000,26.0
42.94640000,17.56479000,26.0
42.94645000,17.56477000,26.0
42.94650000,17.56474000,25.0
42.94656000,17.56471000,25.0
42.94661000,17.56468000,25.0
42.94666000,17.56463000,24.0
42.94672000,17.56459000,24.0
42.94677000,17.56454000,24.0
42.94682000,17.56449000,24.0
42.94686000,17.56444000,24.0
42.94691000,17.56440000,24.0
42.94696000,17.56437000,24.0
42.94700000,17.56433000,24.0
42.94704000,17.56430000,25.0
42.94708000,17.56426000,25.0
42.94712000,17.56420000,25.0
42.94716000,17.56415000,25.0
42.94720000,17.56410000,25.0
42.94724000,17.56405000,25.0
42.94728000,17.56398000,24.0
42.94731000,17.56395000,25.0
42.94733000,17.56389000,24.0
42.94736000,17.56382000,25.0
42.94738000,17.56375000,25.0
42.94739000,17.56368000,24.0
42.94740000,17.56361000,24.0
42.94740000,17.56354000,24.0
42.94741000,17.56347000,24.0
42.94740000,17.56339000,24.0
42.94740000,17.56332000,24.0
42.94739000,17.56325000,24.0
42.94737000,17.56317000,24.0
42.94736000,17.56309000,23.0
42.94734000,17.56302000,24.0
42.94733000,17.56295000,24.0
42.94730000,17.56288000,24.0
42.94728000,17.56282000,24.0
42.94724000,17.56277000,25.0
42.94721000,17.56272000,25.0
42.94718000,17.56266000,26.0
42.94715000,17.56262000,26.0
42.94710000,17.56258000,25.0
42.94707000,17.56254000,26.0
42.94703000,17.56250000,25.0
42.94699000,17.56247000,25.0
42.94694000,17.56244000,25.0
42.94689000,17.56240000,26.0
42.94685000,17.56237000,27.0
42.94681000,17.56234000,28.0
42.94673000,17.56231000,28.0
42.94669000,17.56229000,28.0
42.94661000,17.56225000,29.0
42.94657000,17.56223000,30.0
42.94652000,17.56221000,30.0
42.94647000,17.56220000,30.0
42.94643000,17.56219000,31.0
42.94638000,17.56218000,31.0
42.94633000,17.56218000,31.0
42.94628000,17.56219000,30.0
42.94622000,17.56220000,30.0
42.94616000,17.56222000,30.0
42.94612000,17.56221000,30.0
42.94607000,17.56222000,29.0
42.94603000,17.56218000,30.0
42.94597000,17.56217000,29.0
42.94592000,17.56215000,29.0
42.94587000,17.56213000,30.0
42.94582000,17.56211000,29.0
42.94578000,17.56207000,29.0
42.94572000,17.56205000,28.0
42.94567000,17.56203000,27.0
42.94562000,17.56201000,26.0
42.94556000,17.56199000,24.0
42.94549000,17.56198000,24.0
42.94542000,17.56196000,24.0
42.94536000,17.56192000,24.0
42.94530000,17.56191000,24.0
42.94523000,17.56190000,24.0
42.94517000,17.56188000,24.0
42.94510000,17.56186000,25.0
42.94503000,17.56184000,25.0
42.94496000,17.56182000,26.0
42.94488000,17.56180000,27.0
42.94480000,17.56179000,28.0
42.94471000,17.56177000,30.0
42.94463000,17.56175000,29.0
42.94455000,17.56172000,29.0
42.94447000,17.56170000,28.0
42.94438000,17.56169000,25.0
42.94430000,17.56166000,23.0
42.94423000,17.56162000,21.0
42.94415000,17.56158000,19.0
42.94406000,17.56156000,17.0
42.94398000,17.56151000,15.0
42.94391000,17.56144000,14.0
42.94384000,17.56140000,13.0
42.94378000,17.56134000,13.0
42.94372000,17.56128000,13.0
42.94366000,17.56124000,12.0
42.94361000,17.56119000,12.0
42.94355000,17.56114000,12.0
42.94349000,17.56108000,12.0
42.94344000,17.56102000,12.0
42.94339000,17.56095000,12.0
42.94334000,17.56087000,12.0
42.94331000,17.56078000,12.0
42.94327000,17.56070000,12.0
42.94324000,17.56062000,13.0
42.94323000,17.56054000,14.0
42.94321000,17.56045000,15.0
42.94319000,17.56036000,15.0
42.94317000,17.56027000,15.0
42.94317000,17.56017000,15.0
42.94317000,17.56008000,16.0
42.94317000,17.56001000,16.0
42.94317000,17.55993000,16.0
42.94316000,17.55985000,16.0
42.94317000,17.55976000,16.0
42.94318000,17.55968000,17.0
42.94318000,17.55959000,17.0
42.94319000,17.55950000,17.0
42.94319000,17.55942000,17.0
42.94319000,17.55933000,17.0
42.94319000,17.55925000,16.0
42.94318000,17.55917000,16.0
42.94318000,17.55910000,15.0
42.94317000,17.55902000,14.0
42.94316000,17.55896000,14.0
42.94315000,17.55888000,13.0
42.94312000,17.55880000,11.0
42.94310000,17.55872000,10.0
42.94307000,17.55863000,8.0
42.94305000,17.55855000,8.0
42.94302000,17.55847000,8.0
42.94299000,17.55840000,8.0
42.94296000,17.55832000,8.0
42.94291000,17.55825000,8.0
42.94287000,17.55819000,8.0
42.94283000,17.55813000,8.0
42.94279000,17.55808000,8.0
42.94275000,17.55803000,9.0
42.94271000,17.55798000,10.0
42.94267000,17.55793000,11.0
42.94263000,17.55788000,12.0
42.94259000,17.55783000,13.0
42.94255000,17.55779000,14.0
42.94252000,17.55773000,15.0
42.94247000,17.55769000,15.0
42.94243000,17.55766000,16.0
42.94239000,17.55762000,17.0
42.94235000,17.55759000,17.0
42.94232000,17.55753000,18.0
42.94228000,17.55748000,19.0
42.94226000,17.55740000,19.0
42.94223000,17.55731000,19.0
42.94220000,17.55721000,19.0
42.94217000,17.55711000,19.0
42.94215000,17.55701000,18.0
42.94215000,17.55691000,17.0
42.94216000,17.55682000,17.0
42.94217000,17.55672000,16.0
42.94218000,17.55663000,16.0
42.94218000,17.55654000,15.0
42.94221000,17.55644000,15.0
42.94225000,17.55634000,15.0
42.94228000,17.55624000,15.0
42.94230000,17.55613000,14.0
42.94233000,17.55603000,14.0
42.94235000,17.55592000,13.0
42.94238000,17.55583000,12.0
42.94242000,17.55574000,13.0
42.94246000,17.55565000,12.0
42.94250000,17.55556000,12.0
42.94253000,17.55548000,12.0
42.94257000,17.55539000,12.0
42.94261000,17.55532000,12.0
42.94265000,17.55523000,12.0
42.94269000,17.55515000,11.0
42.94273000,17.55507000,11.0
42.94278000,17.55499000,10.0
42.94282000,17.55490000,11.0
42.94285000,17.55481000,11.0
42.94290000,17.55472000,11.0
42.94294000,17.55465000,12.0
42.94297000,17.55457000,12.0
42.94300000,17.55449000,13.0
42.94303000,17.55442000,13.0
42.94307000,17.55435000,13.0
42.94310000,17.55428000,13.0
42.94315000,17.55420000,13.0
42.94318000,17.55411000,13.0
42.94321000,17.55402000,13.0
42.94323000,17.55394000,12.0
42.94326000,17.55385000,12.0
42.94327000,17.55376000,11.0
42.94330000,17.55368000,10.0
42.94331000,17.55360000,8.0
42.94332000,17.55352000,7.0
42.94333000,17.55344000,6.0
42.94334000,17.55336000,5.0
42.94334000,17.55329000,4.0
42.94334000,17.55321000,4.0
42.94333000,17.55314000,4.0
42.94333000,17.55307000,4.0
42.94331000,17.55299000,4.0
42.94330000,17.55291000,5.0
42.94328000,17.55284000,6.0
42.94326000,17.55278000,6.0
42.94324000,17.55271000,7.0
42.94322000,17.55265000,8.0
42.94320000,17.55259000,8.0
42.94318000,17.55253000,8.0
42.94316000,17.55246000,9.0
42.94313000,17.55240000,10.0
42.94311000,17.55234000,11.0
42.94308000,17.55223000,12.0
42.94306000,17.55217000,13.0
42.94303000,17.55207000,14.0
42.94302000,17.55202000,15.0
42.94301000,17.55193000,16.0
42.94300000,17.55189000,16.0
42.94299000,17.55181000,16.0
42.94298000,17.55177000,17.0
42.94296000,17.55168000,17.0
42.94294000,17.55163000,16.0
42.94294000,17.55156000,16.0
42.94293000,17.55150000,16.0
42.94292000,17.55140000,16.0
42.94292000,17.55133000,15.0
42.94293000,17.55122000,15.0
42.94294000,17.55116000,14.0
42.94297000,17.55106000,15.0
42.94299000,17.55099000,15.0
42.94301000,17.55093000,15.0
42.94303000,17.55086000,16.0
42.94309000,17.55077000,17.0
42.94311000,17.55072000,18.0
42.94314000,17.55062000,18.0
42.94313000,17.55050000,17.0
42.94316000,17.55043000,17.0
42.94317000,17.55036000,17.0
42.94319000,17.55029000,17.0
42.94321000,17.55023000,17.0
42.94325000,17.55012000,17.0
42.94327000,17.55007000,18.0
42.94328000,17.55001000,17.0
42.94331000,17.54995000,18.0
42.94334000,17.54988000,18.0
42.94337000,17.54982000,19.0
42.94339000,17.54975000,20.0
42.94342000,17.54969000,20.0
42.94345000,17.54962000,21.0
42.94347000,17.54956000,21.0
42.94349000,17.54950000,21.0
42.94352000,17.54944000,21.0
42.94355000,17.54939000,22.0
42.94357000,17.54934000,22.0
42.94359000,17.54927000,21.0
42.94362000,17.54922000,22.0
42.94365000,17.54916000,22.0
42.94368000,17.54910000,23.0
42.94371000,17.54905000,24.0
42.94373000,17.54899000,24.0
42.94377000,17.54890000,24.0
42.94379000,17.54884000,24.0
42.94381000,17.54878000,23.0
42.94383000,17.54872000,23.0
42.94384000,17.54864000,21.0
42.94386000,17.54858000,21.0
42.94389000,17.54851000,22.0
42.94391000,17.54845000,22.0
42.94394000,17.54838000,23.0
42.94396000,17.54832000,23.0
42.94399000,17.54826000,24.0
42.94401000,17.54820000,24.0
42.94402000,17.54814000,24.0
42.94403000,17.54808000,23.0
42.94405000,17.54797000,22.0
42.94406000,17.54792000,22.0
42.94410000,17.54781000,21.0
42.94411000,17.54775000,20.0
42.94413000,17.54770000,20.0
42.94415000,17.54764000,20.0
42.94417000,17.54758000,21.0
42.94419000,17.54753000,21.0
42.94423000,17.54742000,21.0
42.94424000,17.54737000,21.0
42.94426000,17.54731000,20.0
42.94429000,17.54724000,21.0
42.94431000,17.54718000,20.0
42.94433000,17.54712000,20.0
42.94434000,17.54703000,19.0
42.94436000,17.54696000,18.0
42.94438000,17.54689000,17.0
42.94440000,17.54684000,16.0
42.94444000,17.54679000,15.0
42.94448000,17.54674000,14.0
42.94456000,17.54669000,14.0
42.94459000,17.54666000,14.0
42.94464000,17.54663000,14.0
42.94468000,17.54660000,14.0
42.94472000,17.54657000,14.0
42.94477000,17.54654000,16.0
42.94485000,17.54649000,18.0
42.94488000,17.54647000,18.0
42.94496000,17.54644000,20.0
42.94499000,17.54643000,21.0
42.94507000,17.54642000,25.0
42.94512000,17.54642000,28.0
42.94519000,17.54635000,30.0
42.94523000,17.54633000,31.0
42.94531000,17.54627000,32.0
42.94533000,17.54615000,26.0
42.94535000,17.54607000,22.0
42.94538000,17.54599000,18.0
42.94543000,17.54590000,14.0
42.94545000,17.54587000,13.0
42.94550000,17.54581000,12.0
42.94552000,17.54578000,11.0
42.94558000,17.54571000,11.0
42.94560000,17.54569000,11.0
42.94566000,17.54561000,10.0
42.94569000,17.54557000,9.0
42.94574000,17.54548000,10.0
42.94576000,17.54544000,10.0
42.94581000,17.54535000,11.0
42.94581000,17.54532000,11.0
42.94585000,17.54521000,12.0
42.94586000,17.54517000,13.0
42.94588000,17.54507000,14.0
42.94589000,17.54503000,14.0
42.94592000,17.54494000,16.0
42.94592000,17.54490000,16.0
42.94592000,17.54478000,17.0
42.94592000,17.54475000,17.0
42.94591000,17.54465000,18.0
42.94592000,17.54463000,19.0
42.94590000,17.54452000,19.0
42.94590000,17.54449000,20.0
42.94591000,17.54437000,22.0
42.94590000,17.54435000,22.0
42.94586000,17.54425000,22.0
42.94586000,17.54423000,23.0
42.94585000,17.54413000,24.0
42.94585000,17.54410000,25.0
42.94586000,17.54402000,27.0
42.94587000,17.54394000,30.0
42.94586000,17.54384000,32.0
42.94586000,17.54379000,33.0
42.94587000,17.54368000,36.0
42.94586000,17.54363000,37.0
42.94584000,17.54357000,37.0
42.94585000,17.54350000,39.0
42.94586000,17.54342000,41.0
42.94585000,17.54337000,42.0
42.94577000,17.54332000,38.0
42.94576000,17.54328000,38.0
42.94571000,17.54318000,36.0
42.94569000,17.54314000,36.0
42.94565000,17.54303000,35.0
42.94564000,17.54301000,35.0
42.94562000,17.54291000,35.0
42.94561000,17.54286000,35.0
42.94560000,17.54276000,36.0
42.94560000,17.54273000,37.0
42.94559000,17.54262000,38.0
42.94558000,17.54259000,38.0
42.94558000,17.54249000,40.0
42.94558000,17.54245000,41.0
42.94558000,17.54235000,43.0
42.94557000,17.54232000,43.0
42.94557000,17.54223000,44.0
42.94557000,17.54219000,45.0
42.94557000,17.54208000,46.0
42.94557000,17.54205000,46.0
42.94558000,17.54195000,47.0
42.94559000,17.54193000,48.0
42.94562000,17.54182000,49.0
42.94563000,17.54180000,50.0
42.94565000,17.54169000,51.0
42.94566000,17.54166000,51.0
42.94568000,17.54158000,52.0
42.94568000,17.54154000,51.0
42.94572000,17.54143000,53.0
42.94573000,17.54140000,54.0
42.94576000,17.54131000,55.0
42.94576000,17.54127000,55.0
42.94580000,17.54118000,57.0
42.94581000,17.54114000,57.0
42.94584000,17.54103000,58.0
42.94585000,17.54100000,59.0
42.94589000,17.54092000,60.0
42.94590000,17.54090000,60.0
42.94593000,17.54079000,61.0
42.94594000,17.54076000,61.0
42.94595000,17.54064000,60.0
42.94595000,17.54061000,60.0
42.94598000,17.54052000,60.0
42.94599000,17.54049000,59.0
42.94602000,17.54039000,59.0
42.94602000,17.54035000,58.0
42.94603000,17.54024000,57.0
42.94604000,17.54021000,57.0
42.94605000,17.54010000,56.0
42.94605000,17.54006000,55.0
42.94606000,17.53994000,54.0
42.94606000,17.53990000,54.0
42.94608000,17.53979000,55.0
42.94608000,17.53975000,55.0
42.94609000,17.53964000,55.0
42.94609000,17.53961000,55.0
42.94609000,17.53949000,55.0
42.94608000,17.53949000,55.0
42.94608000,17.53939000,54.0
42.94609000,17.53936000,54.0
42.94612000,17.53926000,54.0
42.94613000,17.53923000,54.0
42.94615000,17.53912000,54.0
42.94616000,17.53909000,54.0
42.94618000,17.53898000,54.0
42.94618000,17.53894000,54.0
42.94619000,17.53883000,54.0
42.94620000,17.53880000,54.0
42.94623000,17.53869000,55.0
42.94623000,17.53865000,55.0
42.94626000,17.53854000,56.0
42.94628000,17.53850000,56.0
42.94630000,17.53841000,57.0
42.94631000,17.53838000,58.0
42.94635000,17.53827000,59.0
42.94637000,17.53823000,59.0
42.94642000,17.53813000,60.0
42.94643000,17.53809000,61.0
42.94646000,17.53799000,62.0
42.94647000,17.53797000,62.0
42.94650000,17.53786000,63.0
42.94650000,17.53784000,63.0
42.94649000,17.53772000,63.0
42.94649000,17.53771000,63.0
42.94648000,17.53759000,62.0
42.94649000,17.53757000,62.0
42.94653000,17.53746000,62.0
42.94654000,17.53744000,62.0
42.94657000,17.53733000,62.0
42.94657000,17.53731000,62.0
42.94660000,17.53721000,62.0
42.94660000,17.53719000,62.0
42.94663000,17.53709000,62.0
42.94663000,17.53706000,62.0
42.94668000,17.53698000,63.0
42.94670000,17.53695000,63.0
42.94673000,17.53687000,65.0
42.94675000,17.53684000,65.0
42.94680000,17.53676000,66.0
42.94681000,17.53675000,66.0
42.94686000,17.53666000,67.0
42.94686000,17.53664000,66.0
42.94691000,17.53655000,66.0
42.94693000,17.53652000,65.0
42.94698000,17.53645000,65.0
42.94700000,17.53642000,65.0
42.94704000,17.53636000,65.0
42.94706000,17.53632000,65.0
42.94710000,17.53625000,65.0
42.94712000,17.53622000,65.0
42.94715000,17.53615000,65.0
42.94716000,17.53611000,65.0
42.94720000,17.53601000,65.0
42.94722000,17.53598000,65.0
42.94725000,17.53591000,66.0
42.94726000,17.53587000,66.0
42.94729000,17.53579000,66.0
42.94730000,17.53576000,66.0
42.94733000,17.53565000,66.0
42.94735000,17.53562000,66.0
42.94737000,17.53555000,66.0
42.94739000,17.53551000,66.0
42.94742000,17.53541000,66.0
42.94744000,17.53537000,66.0
42.94747000,17.53531000,66.0
42.94749000,17.53527000,66.0
42.94754000,17.53517000,67.0
42.94755000,17.53514000,67.0
42.94759000,17.53506000,68.0
42.94761000,17.53503000,68.0
42.94764000,17.53495000,69.0
42.94765000,17.53492000,69.0
42.94768000,17.53482000,69.0
42.94769000,17.53479000,69.0
42.94771000,17.53469000,69.0
42.94773000,17.53466000,69.0
42.94776000,17.53458000,69.0
42.94778000,17.53455000,69.0
42.94781000,17.53446000,69.0
42.94783000,17.53444000,70.0
42.94790000,17.53436000,71.0
42.94792000,17.53433000,71.0
42.94796000,17.53427000,72.0
42.94798000,17.53424000,72.0
42.94803000,17.53418000,73.0
42.94805000,17.53416000,73.0
42.94811000,17.53408000,74.0
42.94814000,17.53405000,75.0
42.94818000,17.53398000,75.0
42.94819000,17.53394000,75.0
42.94823000,17.53384000,76.0
42.94825000,17.53381000,76.0
42.94826000,17.53371000,76.0
42.94828000,17.53368000,76.0
42.94833000,17.53359000,76.0
42.94835000,17.53357000,76.0
42.94841000,17.53350000,76.0
42.94842000,17.53347000,75.0
42.94849000,17.53339000,75.0
42.94851000,17.53336000,74.0
42.94857000,17.53330000,74.0
42.94859000,17.53328000,74.0
42.94864000,17.53323000,74.0
42.94866000,17.53320000,74.0
42.94871000,17.53316000,74.0
42.94874000,17.53313000,74.0
42.94880000,17.53308000,74.0
42.94883000,17.53306000,74.0
42.94890000,17.53300000,75.0
42.94893000,17.53297000,75.0
42.94901000,17.53290000,77.0
42.94904000,17.53287000,77.0
42.94909000,17.53281000,78.0
42.94912000,17.53279000,78.0
42.94918000,17.53273000,79.0
42.94921000,17.53269000,79.0
42.94925000,17.53263000,79.0
42.94928000,17.53261000,79.0
42.94934000,17.53255000,80.0
42.94938000,17.53252000,80.0
42.94945000,17.53246000,80.0
42.94949000,17.53243000,81.0
42.94957000,17.53238000,81.0
42.94959000,17.53236000,81.0
42.94964000,17.53233000,81.0
42.94967000,17.53230000,81.0
42.94974000,17.53226000,81.0
42.94977000,17.53224000,81.0
42.94983000,17.53219000,82.0
42.94985000,17.53216000,82.0
42.94991000,17.53211000,82.0
42.94993000,17.53208000,82.0
42.94997000,17.53202000,81.0
42.95001000,17.53198000,81.0
42.95008000,17.53193000,82.0
42.95011000,17.53192000,82.0
42.95017000,17.53188000,82.0
42.95020000,17.53185000,82.0
42.95026000,17.53182000,83.0
42.95030000,17.53180000,83.0
42.95036000,17.53176000,83.0
42.95038000,17.53174000,83.0
42.95044000,17.53170000,84.0
42.95046000,17.53168000,84.0
42.95053000,17.53168000,85.0
42.95056000,17.53168000,86.0
42.95063000,17.53164000,87.0
42.95065000,17.53162000,88.0
42.95072000,17.53156000,89.0
42.95074000,17.53154000,89.0
42.95080000,17.53148000,90.0
42.95083000,17.53147000,91.0
42.95090000,17.53141000,91.0
42.95092000,17.53139000,91.0
42.95100000,17.53133000,91.0
42.95102000,17.53131000,91.0
42.95108000,17.53128000,91.0
42.95110000,17.53125000,90.0
42.95116000,17.53121000,90.0
42.95119000,17.53120000,90.0
42.95124000,17.53114000,90.0
42.95126000,17.53112000,90.0
42.95133000,17.53106000,89.0
42.95135000,17.53103000,89.0
42.95142000,17.53100000,90.0
42.95144000,17.53098000,90.0
42.95150000,17.53091000,90.0
42.95152000,17.53090000,90.0
42.95160000,17.53084000,91.0
42.95161000,17.53086000,92.0
42.95169000,17.53086000,93.0
42.95170000,17.53085000,93.0
42.95177000,17.53078000,94.0
42.95178000,17.53076000,94.0
42.95185000,17.53067000,94.0
42.95193000,17.53066000,96.0
42.95195000,17.53065000,96.0
42.95202000,17.53072000,99.0
42.95202000,17.53073000,99.0
42.95208000,17.53067000,100.0
42.95209000,17.53064000,100.0
42.95214000,17.53055000,100.0
42.95216000,17.53053000,100.0
42.95223000,17.53048000,101.0
42.95226000,17.53045000,101.0
42.95232000,17.53041000,100.0
42.95234000,17.53039000,100.0
42.95239000,17.53034000,100.0
42.95242000,17.53032000,99.0
42.95247000,17.53027000,99.0
42.95249000,17.53023000,99.0
42.95256000,17.53020000,98.0
42.95259000,17.53017000,98.0
42.95265000,17.53010000,97.0
42.95268000,17.53007000,96.0
42.95273000,17.53000000,95.0
42.95276000,17.52998000,95.0
42.95282000,17.52993000,95.0
42.95284000,17.52989000,95.0
42.95292000,17.52983000,95.0
42.95295000,17.52980000,95.0
42.95301000,17.52976000,96.0
42.95304000,17.52974000,96.0
42.95309000,17.52969000,96.0
42.95312000,17.52967000,96.0
42.95318000,17.52961000,97.0
42.95320000,17.52959000,97.0
42.95326000,17.52954000,98.0
42.95330000,17.52953000,99.0
42.95336000,17.52949000,100.0
42.95339000,17.52947000,100.0
42.95345000,17.52943000,102.0
42.95349000,17.52940000,103.0
42.95355000,17.52934000,104.0
42.95358000,17.52932000,104.0
42.95364000,17.52928000,105.0
42.95367000,17.52926000,105.0
42.95372000,17.52921000,104.0
42.95375000,17.52919000,104.0
42.95381000,17.52912000,104.0
42.95383000,17.52909000,104.0
42.95389000,17.52907000,103.0
42.95393000,17.52905000,104.0
42.95399000,17.52901000,104.0
42.95402000,17.52899000,104.0
42.95409000,17.52897000,105.0
42.95411000,17.52895000,105.0
42.95417000,17.52890000,105.0
42.95420000,17.52888000,105.0
42.95427000,17.52884000,105.0
42.95430000,17.52882000,105.0
42.95436000,17.52876000,105.0
42.95439000,17.52874000,105.0
42.95445000,17.52869000,105.0
42.95448000,17.52867000,105.0
42.95454000,17.52861000,105.0
42.95456000,17.52859000,105.0
42.95464000,17.52853000,104.0
42.95467000,17.52852000,104.0
42.95474000,17.52848000,103.0
42.95476000,17.52846000,103.0
42.95483000,17.52842000,103.0
42.95486000,17.52840000,103.0
42.95492000,17.52835000,103.0
42.95494000,17.52832000,103.0
42.95500000,17.52828000,102.0
42.95502000,17.52826000,102.0
42.95509000,17.52821000,103.0
42.95511000,17.52819000,103.0
42.95518000,17.52814000,103.0
42.95520000,17.52812000,103.0
42.95527000,17.52804000,102.0
42.95529000,17.52801000,102.0
42.95534000,17.52796000,102.0
42.95537000,17.52795000,103.0
42.95545000,17.52790000,104.0
42.95547000,17.52788000,104.0
42.95552000,17.52784000,105.0
42.95555000,17.52782000,105.0
42.95561000,17.52780000,106.0
42.95564000,17.52779000,107.0
42.95570000,17.52775000,108.0
42.95573000,17.52773000,109.0

42.95579000,17.52769000,110.0
42.95582000,17.52767000,110.0
42.95589000,17.52762000,111.0
42.95592000,17.52761000,111.0
42.95598000,17.52758000,112.0
42.95601000,17.52757000,113.0
42.95608000,17.52753000,114.0
42.95611000,17.52751000,114.0
42.95618000,17.52744000,114.0
42.95620000,17.52741000,114.0
42.95625000,17.52732000,113.0
42.95628000,17.52728000,112.0
42.95633000,17.52722000,112.0
42.95635000,17.52720000,112.0
42.95640000,17.52715000,112.0
42.95643000,17.52713000,112.0
42.95651000,17.52707000,113.0
42.95653000,17.52705000,114.0
42.95661000,17.52700000,115.0
42.95663000,17.52696000,114.0
42.95670000,17.52691000,114.0
42.95673000,17.52689000,114.0
42.95681000,17.52685000,114.0
42.95684000,17.52684000,115.0
42.95692000,17.52680000,115.0
42.95695000,17.52679000,116.0
42.95700000,17.52675000,115.0
42.95703000,17.52673000,114.0
42.95711000,17.52671000,114.0
42.95715000,17.52669000,114.0
42.95723000,17.52667000,114.0
42.95727000,17.52666000,114.0
42.95733000,17.52664000,114.0
42.95736000,17.52664000,114.0
42.95743000,17.52661000,114.0
42.95745000,17.52660000,114.0
42.95752000,17.52659000,114.0
42.95755000,17.52657000,114.0
42.95763000,17.52654000,115.0
42.95767000,17.52653000,115.0
42.95773000,17.52652000,116.0
42.95776000,17.52652000,116.0
42.95785000,17.52651000,117.0
42.95789000,17.52652000,117.0
42.95798000,17.52652000,117.0
42.95801000,17.52650000,117.0
42.95806000,17.52644000,115.0
42.95808000,17.52643000,115.0
42.95816000,17.52642000,116.0
42.95819000,17.52639000,115.0
42.95828000,17.52639000,117.0
42.95830000,17.52638000,118.0
42.95835000,17.52630000,116.0
42.95838000,17.52627000,115.0
42.95844000,17.52621000,114.0
42.95846000,17.52618000,113.0
42.95853000,17.52613000,113.0
42.95856000,17.52610000,113.0
42.95861000,17.52604000,113.0
42.95863000,17.52601000,114.0
42.95868000,17.52594000,115.0
42.95870000,17.52591000,115.0
42.95875000,17.52583000,117.0
42.95877000,17.52579000,117.0
42.95881000,17.52570000,118.0
42.95883000,17.52565000,119.0
42.95886000,17.52556000,119.0
42.95888000,17.52552000,120.0
42.95891000,17.52543000,121.0
42.95893000,17.52540000,121.0
42.95896000,17.52530000,122.0
42.95898000,17.52527000,122.0
42.95902000,17.52517000,123.0
42.95904000,17.52513000,123.0
42.95908000,17.52503000,123.0
42.95910000,17.52499000,124.0
42.95912000,17.52490000,123.0
42.95913000,17.52486000,123.0
42.95917000,17.52475000,122.0
42.95918000,17.52472000,122.0
42.95921000,17.52464000,122.0
42.95923000,17.52461000,122.0
42.95927000,17.52450000,121.0
42.95928000,17.52447000,121.0
42.95933000,17.52437000,121.0
42.95934000,17.52434000,120.0
42.95939000,17.52425000,120.0
42.95940000,17.52422000,119.0
42.95945000,17.52413000,119.0
42.95948000,17.52410000,120.0
42.95952000,17.52403000,120.0
42.95954000,17.52400000,120.0
42.95959000,17.52394000,121.0
42.95962000,17.52392000,122.0
42.95968000,17.52384000,122.0
42.95970000,17.52382000,123.0
42.95975000,17.52375000,123.0
42.95978000,17.52372000,124.0
42.95983000,17.52364000,124.0
42.95984000,17.52361000,124.0
42.95990000,17.52354000,125.0
42.95992000,17.52351000,126.0
42.95997000,17.52344000,126.0
42.96000000,17.52344000,127.0
42.96006000,17.52338000,129.0
42.96009000,17.52335000,130.0
42.96014000,17.52328000,131.0
42.96017000,17.52326000,132.0
42.96023000,17.52319000,134.0
42.96025000,17.52316000,134.0
42.96032000,17.52307000,135.0
42.96034000,17.52306000,136.0
42.96041000,17.52299000,137.0
42.96043000,17.52297000,137.0
42.96048000,17.52290000,138.0
42.96050000,17.52288000,138.0
42.96055000,17.52282000,138.0
42.96057000,17.52280000,138.0
42.96062000,17.52271000,138.0
42.96064000,17.52269000,138.0
42.96071000,17.52263000,138.0
42.96073000,17.52261000,138.0
42.96077000,17.52254000,138.0
42.96079000,17.52251000,138.0
42.96085000,17.52243000,137.0
42.96086000,17.52241000,137.0
42.96093000,17.52235000,138.0
42.96095000,17.52232000,138.0
42.96098000,17.52225000,137.0
42.96099000,17.52221000,137.0
42.96104000,17.52211000,136.0
42.96106000,17.52209000,137.0
42.96110000,17.52199000,136.0
42.96112000,17.52197000,137.0
42.96118000,17.52189000,137.0
42.96120000,17.52187000,137.0
42.96126000,17.52181000,138.0
42.96127000,17.52179000,138.0
42.96133000,17.52171000,138.0
42.96135000,17.52168000,138.0
42.96140000,17.52162000,138.0
42.96142000,17.52160000,139.0
42.96148000,17.52153000,139.0
42.96149000,17.52150000,138.0
42.96154000,17.52142000,138.0
42.96157000,17.52139000,139.0
42.96162000,17.52131000,139.0
42.96164000,17.52129000,139.0
42.96169000,17.52123000,139.0
42.96171000,17.52120000,140.0
42.96176000,17.52113000,140.0
42.96178000,17.52110000,140.0
42.96183000,17.52103000,140.0
42.96185000,17.52100000,140.0
42.96190000,17.52094000,140.0
42.96192000,17.52091000,141.0
42.96198000,17.52085000,141.0
42.96199000,17.52083000,141.0
42.96205000,17.52077000,142.0
42.96206000,17.52076000,142.0
42.96212000,17.52069000,143.0
42.96214000,17.52066000,143.0
42.96220000,17.52060000,144.0
42.96222000,17.52058000,144.0
42.96226000,17.52050000,144.0
42.96229000,17.52048000,144.0
42.96234000,17.52040000,144.0
42.96235000,17.52038000,144.0
42.96240000,17.52029000,143.0
42.96241000,17.52027000,142.0
42.96247000,17.52019000,142.0
42.96247000,17.52020000,142.0
42.96254000,17.52017000,144.0
42.96255000,17.52014000,143.0
42.96260000,17.52005000,143.0
42.96262000,17.52002000,143.0
42.96268000,17.51992000,144.0
42.96270000,17.51989000,144.0
42.96275000,17.51982000,144.0
42.96277000,17.51980000,145.0
42.96283000,17.51972000,145.0
42.96285000,17.51969000,145.0
42.96290000,17.51959000,145.0
42.96292000,17.51957000,145.0
42.96297000,17.51951000,146.0
42.96299000,17.51949000,146.0
42.96305000,17.51940000,147.0
42.96306000,17.51938000,146.0
42.96311000,17.51930000,147.0
42.96313000,17.51928000,147.0
42.96319000,17.51921000,147.0
42.96321000,17.51918000,147.0
42.96326000,17.51911000,147.0
42.96328000,17.51909000,147.0
42.96333000,17.51902000,147.0
42.96335000,17.51899000,147.0
42.96340000,17.51891000,147.0
42.96343000,17.51887000,147.0
42.96349000,17.51879000,147.0
42.96351000,17.51876000,147.0
42.96357000,17.51869000,148.0
42.96358000,17.51867000,148.0
42.96362000,17.51860000,148.0
42.96364000,17.51857000,148.0
42.96370000,17.51849000,148.0
42.96372000,17.51847000,148.0
42.96378000,17.51840000,148.0
42.96380000,17.51838000,148.0
42.96385000,17.51832000,148.0
42.96387000,17.51829000,148.0
42.96394000,17.51824000,150.0
42.96396000,17.51823000,150.0
42.96404000,17.51819000,151.0
42.96406000,17.51817000,152.0
42.96412000,17.51810000,152.0
42.96414000,17.51806000,152.0
42.96418000,17.51800000,152.0
42.96421000,17.51799000,152.0
42.96428000,17.51795000,153.0
42.96430000,17.51793000,153.0
42.96432000,17.51784000,152.0
42.96433000,17.51782000,151.0
42.96440000,17.51778000,152.0
42.96442000,17.51777000,152.0
42.96450000,17.51773000,152.0
42.96453000,17.51772000,152.0
42.96460000,17.51770000,153.0
42.96462000,17.51769000,153.0
42.96467000,17.51768000,154.0
42.96476000,17.51772000,155.0
42.96479000,17.51779000,157.0
42.96482000,17.51781000,157.0
42.96488000,17.51784000,158.0
42.96491000,17.51784000,158.0
42.96498000,17.51786000,158.0
42.96500000,17.51788000,159.0
42.96508000,17.51791000,159.0
42.96511000,17.51791000,159.0
42.96518000,17.51794000,160.0
42.96521000,17.51794000,160.0
42.96529000,17.51798000,160.0
42.96532000,17.51799000,160.0
42.96539000,17.51801000,161.0
42.96543000,17.51803000,161.0
42.96550000,17.51806000,161.0
42.96553000,17.51807000,162.0
42.96560000,17.51809000,162.0
42.96563000,17.51810000,162.0
42.96571000,17.51812000,162.0
42.96574000,17.51813000,162.0
42.96580000,17.51814000,162.0
42.96583000,17.51813000,161.0
42.96590000,17.51814000,161.0
42.96593000,17.51814000,162.0
42.96599000,17.51813000,161.0
42.96603000,17.51813000,161.0
42.96609000,17.51813000,162.0
42.96612000,17.51813000,162.0
42.96618000,17.51812000,162.0
42.96622000,17.51811000,163.0
42.96629000,17.51809000,163.0
42.96632000,17.51808000,164.0
42.96639000,17.51806000,165.0
42.96642000,17.51804000,164.0
42.96650000,17.51802000,164.0
42.96654000,17.51801000,164.0
42.96658000,17.51799000,164.0
42.96663000,17.51797000,163.0
42.96671000,17.51792000,163.0
42.96675000,17.51790000,163.0
42.96681000,17.51784000,161.0
42.96685000,17.51782000,161.0
42.96689000,17.51779000,161.0
42.96694000,17.51777000,160.0
42.96699000,17.51774000,160.0
42.96703000,17.51772000,160.0
42.96709000,17.51770000,161.0
42.96713000,17.51767000,161.0
42.96718000,17.51764000,161.0
42.96722000,17.51762000,161.0
42.96727000,17.51760000,162.0
42.96731000,17.51757000,162.0
42.96736000,17.51754000,162.0
42.96739000,17.51750000,162.0
42.96743000,17.51746000,162.0
42.96746000,17.51743000,162.0
42.96754000,17.51736000,162.0
42.96758000,17.51734000,162.0
42.96765000,17.51729000,162.0
42.96766000,17.51728000,162.0
42.96772000,17.51721000,162.0
42.96779000,17.51714000,161.0
42.96786000,17.51708000,161.0
42.96790000,17.51705000,161.0
42.96798000,17.51700000,160.0
42.96802000,17.51697000,160.0
42.96808000,17.51691000,159.0
42.96812000,17.51688000,158.0
42.96816000,17.51684000,158.0
42.96820000,17.51680000,157.0
42.96824000,17.51676000,157.0
42.96827000,17.51673000,156.0
42.96835000,17.51667000,156.0
42.96839000,17.51663000,155.0
42.96842000,17.51660000,155.0
42.96847000,17.51657000,154.0
42.96851000,17.51654000,154.0
42.96856000,17.51651000,154.0
42.96860000,17.51649000,154.0
42.96865000,17.51646000,154.0
42.96870000,17.51643000,154.0
42.96875000,17.51640000,154.0
42.96879000,17.51637000,154.0
42.96883000,17.51634000,154.0
42.96887000,17.51631000,154.0
42.96892000,17.51628000,153.0
42.96897000,17.51625000,152.0
42.96903000,17.51623000,152.0
42.96908000,17.51621000,151.0
42.96913000,17.51619000,150.0
42.96919000,17.51617000,150.0
42.96925000,17.51615000,149.0
42.96931000,17.51613000,148.0
42.96936000,17.51615000,148.0
42.96942000,17.51613000,148.0
42.96948000,17.51612000,148.0
42.96954000,17.51610000,147.0
42.96960000,17.51609000,147.0
42.96965000,17.51609000,147.0
42.96971000,17.51609000,147.0
42.96976000,17.51608000,147.0
42.96981000,17.51607000,147.0
42.96987000,17.51607000,147.0
42.96993000,17.51607000,147.0
42.96999000,17.51607000,147.0
42.97005000,17.51607000,147.0
42.97010000,17.51607000,146.0
42.97016000,17.51606000,146.0
42.97021000,17.51605000,145.0
42.97027000,17.51605000,145.0
42.97034000,17.51607000,144.0
42.97041000,17.51609000,143.0
42.97048000,17.51610000,142.0
42.97053000,17.51611000,141.0
42.97059000,17.51613000,141.0
42.97064000,17.51615000,141.0
42.97070000,17.51617000,142.0
42.97075000,17.51620000,143.0
42.97079000,17.51623000,143.0
42.97083000,17.51627000,144.0
42.97087000,17.51631000,144.0
42.97092000,17.51635000,145.0
42.97096000,17.51640000,146.0
42.97100000,17.51644000,147.0
42.97105000,17.51650000,148.0
42.97108000,17.51655000,148.0
42.97111000,17.51661000,149.0
42.97114000,17.51666000,149.0
42.97118000,17.51677000,150.0
42.97119000,17.51682000,150.0
42.97123000,17.51692000,151.0
42.97124000,17.51697000,151.0
42.97126000,17.51706000,151.0
42.97127000,17.51711000,151.0
42.97128000,17.51720000,151.0
42.97129000,17.51726000,150.0
42.97130000,17.51735000,150.0
42.97130000,17.51740000,150.0
42.97129000,17.51749000,149.0
42.97128000,17.51753000,149.0
42.97125000,17.51764000,149.0
42.97123000,17.51769000,149.0
42.97121000,17.51778000,148.0
42.97120000,17.51782000,148.0
42.97115000,17.51791000,148.0
42.97113000,17.51796000,148.0
42.97109000,17.51806000,147.0
42.97107000,17.51810000,147.0
42.97101000,17.51818000,148.0
42.97099000,17.51822000,148.0
42.97093000,17.51831000,149.0
42.97091000,17.51834000,150.0
42.97087000,17.51841000,150.0
42.97085000,17.51846000,150.0
42.97082000,17.51850000,151.0
42.97080000,17.51856000,150.0
42.97077000,17.51861000,151.0
42.97074000,17.51866000,151.0
42.97072000,17.51871000,151.0
42.97069000,17.51877000,150.0
42.97066000,17.51882000,150.0
42.97063000,17.51887000,150.0
42.97057000,17.51895000,150.0
42.97054000,17.51900000,150.0
42.97051000,17.51903000,151.0
42.97048000,17.51908000,151.0
42.97042000,17.51918000,151.0
42.97039000,17.51921000,151.0
42.97034000,17.51927000,151.0
42.97031000,17.51930000,151.0
42.97027000,17.51939000,150.0
42.97025000,17.51944000,150.0
42.97021000,17.51952000,150.0
42.97019000,17.51956000,151.0
42.97015000,17.51964000,152.0
42.97012000,17.51969000,153.0
42.97009000,17.51978000,154.0
42.97008000,17.51982000,154.0
42.97006000,17.51993000,154.0
42.97005000,17.51999000,154.0
42.97005000,17.52006000,153.0
42.97004000,17.52012000,154.0
42.97004000,17.52019000,153.0
42.97004000,17.52025000,153.0
42.97003000,17.52031000,153.0
42.97003000,17.52038000,153.0
42.97004000,17.52045000,152.0
42.97004000,17.52053000,152.0
42.97005000,17.52059000,152.0
42.97005000,17.52065000,153.0
42.97006000,17.52072000,153.0
42.97006000,17.52078000,153.0
42.97007000,17.52083000,153.0
42.97009000,17.52090000,153.0
42.97011000,17.52096000,153.0
42.97013000,17.52101000,153.0
42.97015000,17.52108000,152.0
42.97016000,17.52113000,152.0
42.97018000,17.52124000,151.0
42.97019000,17.52130000,151.0
42.97020000,17.52137000,151.0
42.97021000,17.52143000,150.0
42.97022000,17.52153000,150.0
42.97022000,17.52159000,150.0
42.97022000,17.52171000,149.0
42.97022000,17.52177000,149.0
42.97022000,17.52184000,149.0
42.97022000,17.52190000,148.0
42.97021000,17.52197000,149.0
42.97019000,17.52202000,149.0
42.97016000,17.52214000,150.0
42.97015000,17.52220000,151.0
42.97014000,17.52226000,151.0
42.97013000,17.52232000,151.0
42.97010000,17.52242000,151.0
42.97009000,17.52248000,151.0
42.97007000,17.52253000,151.0
42.97005000,17.52259000,152.0
42.97003000,17.52265000,152.0
42.97001000,17.52271000,152.0
42.96998000,17.52278000,152.0
42.96996000,17.52285000,153.0
42.96992000,17.52296000,154.0
42.96990000,17.52301000,154.0
42.96988000,17.52308000,154.0
42.96986000,17.52314000,154.0
42.96984000,17.52321000,154.0
42.96982000,17.52327000,155.0
42.96980000,17.52333000,155.0
42.96978000,17.52339000,155.0
42.96976000,17.52344000,155.0
42.96974000,17.52351000,155.0
42.96972000,17.52358000,155.0
42.96970000,17.52365000,155.0
42.96969000,17.52372000,155.0
42.96968000,17.52379000,154.0
42.96967000,17.52385000,154.0
42.96966000,17.52391000,153.0
42.96965000,17.52397000,153.0
42.96964000,17.52403000,153.0
42.96964000,17.52410000,153.0
42.96964000,17.52417000,152.0
42.96964000,17.52423000,152.0
42.96965000,17.52430000,151.0
42.96965000,17.52437000,151.0
42.96966000,17.52444000,151.0
42.96966000,17.52450000,151.0
42.96967000,17.52456000,151.0
42.96968000,17.52462000,150.0
42.96969000,17.52470000,150.0
42.96970000,17.52478000,150.0
42.96970000,17.52485000,150.0
42.96971000,17.52491000,150.0
42.96971000,17.52498000,151.0
42.96971000,17.52505000,152.0
42.96972000,17.52513000,152.0
42.96973000,17.52519000,152.0
42.96973000,17.52525000,153.0
42.96974000,17.52531000,153.0
42.96976000,17.52537000,153.0
42.96979000,17.52547000,153.0
42.96980000,17.52552000,154.0
42.96982000,17.52562000,154.0
42.96983000,17.52568000,154.0
42.96985000,17.52578000,153.0
42.96986000,17.52583000,153.0
42.96987000,17.52592000,153.0
42.96988000,17.52597000,153.0
42.96989000,17.52608000,153.0
42.96989000,17.52614000,153.0
42.96988000,17.52626000,153.0
42.96988000,17.52632000,153.0
42.96988000,17.52637000,152.0
42.96987000,17.52644000,152.0
42.96985000,17.52654000,153.0
42.96983000,17.52661000,153.0
42.96982000,17.52667000,153.0
42.96980000,17.52673000,153.0
42.96978000,17.52684000,153.0
42.96977000,17.52690000,152.0
42.96976000,17.52696000,152.0
42.96974000,17.52703000,152.0
42.96973000,17.52709000,152.0
42.96971000,17.52716000,152.0
42.96970000,17.52722000,152.0
42.96969000,17.52729000,152.0
42.96968000,17.52735000,152.0
42.96967000,17.52741000,152.0
42.96965000,17.52747000,152.0
42.96964000,17.52753000,152.0
42.96963000,17.52759000,152.0
42.96962000,17.52766000,152.0
42.96960000,17.52777000,152.0
42.96959000,17.52783000,152.0
42.96958000,17.52789000,151.0
42.96957000,17.52795000,151.0
42.96954000,17.52807000,151.0
42.96953000,17.52812000,151.0
42.96949000,17.52823000,152.0
42.96948000,17.52829000,151.0
42.96947000,17.52835000,151.0
42.96945000,17.52841000,152.0
42.96942000,17.52848000,153.0
42.96941000,17.52854000,153.0
42.96940000,17.52861000,153.0
42.96940000,17.52867000,152.0
42.96939000,17.52873000,152.0
42.96938000,17.52879000,152.0
42.96936000,17.52890000,152.0
42.96935000,17.52897000,152.0
42.96933000,17.52908000,152.0
42.96931000,17.52914000,152.0
42.96929000,17.52919000,152.0
42.96928000,17.52925000,152.0
42.96926000,17.52935000,152.0
42.96925000,17.52942000,152.0
42.96924000,17.52948000,152.0
42.96922000,17.52955000,152.0
42.96920000,17.52961000,152.0
42.96919000,17.52967000,152.0
42.96915000,17.52978000,152.0
42.96913000,17.52983000,153.0
42.96911000,17.52990000,153.0
42.96908000,17.52996000,153.0
42.96906000,17.53003000,153.0
42.96904000,17.53010000,153.0
42.96902000,17.53016000,152.0
42.96900000,17.53023000,152.0
42.96898000,17.53028000,153.0
42.96896000,17.53034000,152.0
42.96893000,17.53040000,152.0
42.96891000,17.53046000,152.0
42.96889000,17.53053000,151.0
42.96887000,17.53059000,151.0
42.96885000,17.53065000,151.0
42.96882000,17.53069000,152.0
42.96879000,17.53075000,153.0
42.96877000,17.53081000,153.0
42.96875000,17.53086000,153.0
42.96872000,17.53092000,154.0
42.96869000,17.53097000,155.0
42.96868000,17.53102000,155.0
42.96862000,17.53112000,156.0
42.96860000,17.53117000,156.0
42.96857000,17.53122000,157.0
42.96855000,17.53128000,156.0
42.96853000,17.53133000,156.0
42.96850000,17.53139000,157.0
42.96845000,17.53149000,157.0
42.96842000,17.53155000,157.0
42.96840000,17.53160000,157.0
42.96837000,17.53166000,157.0
42.96835000,17.53172000,156.0
42.96833000,17.53179000,156.0
42.96830000,17.53186000,156.0
42.96828000,17.53193000,155.0
42.96826000,17.53200000,155.0
42.96824000,17.53207000,155.0
42.96822000,17.53213000,155.0
42.96819000,17.53219000,155.0
42.96817000,17.53226000,154.0
42.96814000,17.53232000,154.0
42.96812000,17.53238000,154.0
42.96809000,17.53244000,154.0
42.96807000,17.53251000,153.0
42.96804000,17.53256000,153.0
42.96803000,17.53262000,153.0
42.96800000,17.53269000,153.0
42.96797000,17.53275000,152.0
42.96794000,17.53282000,152.0
42.96792000,17.53288000,151.0
42.96788000,17.53295000,151.0
42.96786000,17.53301000,150.0
42.96783000,17.53307000,150.0
42.96780000,17.53313000,150.0
42.96778000,17.53320000,150.0
42.96775000,17.53327000,150.0
42.96773000,17.53334000,150.0
42.96771000,17.53341000,150.0
42.96769000,17.53348000,150.0
42.96767000,17.53356000,150.0
42.96765000,17.53363000,150.0
42.96764000,17.53371000,150.0
42.96763000,17.53379000,150.0
42.96762000,17.53387000,149.0
42.96762000,17.53396000,149.0
42.96761000,17.53404000,149.0
42.96761000,17.53413000,148.0
42.96763000,17.53423000,148.0
42.96764000,17.53432000,147.0
42.96766000,17.53441000,147.0
42.96767000,17.53450000,147.0
42.96769000,17.53459000,147.0
42.96772000,17.53468000,147.0
42.96775000,17.53475000,147.0
42.96778000,17.53483000,148.0
42.96781000,17.53490000,148.0
42.96785000,17.53497000,148.0
42.96789000,17.53504000,148.0
42.96795000,17.53509000,147.0
42.96800000,17.53514000,147.0
42.96804000,17.53518000,147.0
42.96809000,17.53522000,146.0
42.96814000,17.53525000,146.0
42.96820000,17.53529000,146.0
42.96825000,17.53532000,146.0
42.96831000,17.53535000,145.0
42.96836000,17.53537000,145.0
42.96842000,17.53538000,145.0
42.96847000,17.53540000,145.0
42.96853000,17.53542000,146.0
42.96858000,17.53543000,146.0
42.96864000,17.53544000,146.0
42.96870000,17.53545000,146.0
42.96875000,17.53546000,146.0
42.96881000,17.53546000,146.0
42.96886000,17.53546000,146.0
42.96892000,17.53546000,145.0
42.96898000,17.53546000,145.0
42.96902000,17.53543000,145.0
42.96907000,17.53541000,145.0
42.96911000,17.53538000,145.0
42.96918000,17.53535000,144.0
42.96924000,17.53533000,144.0
42.96929000,17.53531000,144.0
42.96935000,17.53529000,144.0
42.96940000,17.53527000,144.0
42.96944000,17.53525000,143.0
42.96948000,17.53523000,143.0
42.96953000,17.53521000,143.0
42.96957000,17.53518000,143.0
42.96961000,17.53516000,142.0
42.96965000,17.53514000,142.0
42.96970000,17.53512000,142.0
42.96975000,17.53509000,141.0
42.96980000,17.53507000,141.0
42.96985000,17.53504000,141.0
42.96990000,17.53501000,141.0
42.96995000,17.53499000,141.0
42.97000000,17.53497000,141.0
42.97006000,17.53494000,141.0
42.97010000,17.53492000,141.0
42.97015000,17.53489000,142.0
42.97020000,17.53488000,142.0
42.97025000,17.53485000,142.0
42.97030000,17.53483000,142.0
42.97035000,17.53480000,142.0
42.97040000,17.53477000,142.0
42.97045000,17.53473000,141.0
42.97049000,17.53470000,141.0
42.97055000,17.53467000,140.0
42.97060000,17.53464000,140.0
42.97065000,17.53464000,140.0
42.97070000,17.53461000,140.0
42.97076000,17.53460000,141.0
42.97082000,17.53458000,141.0
42.97087000,17.53455000,142.0
42.97091000,17.53453000,143.0
42.97096000,17.53452000,144.0
42.97102000,17.53451000,146.0
42.97107000,17.53447000,146.0
42.97111000,17.53445000,147.0
42.97116000,17.53444000,148.0
42.97121000,17.53442000,148.0
42.97125000,17.53440000,148.0
42.97130000,17.53439000,149.0
42.97134000,17.53437000,149.0
42.97139000,17.53436000,150.0
42.97147000,17.53433000,149.0
42.97151000,17.53432000,149.0
42.97159000,17.53429000,149.0
42.97162000,17.53429000,150.0
42.97170000,17.53427000,150.0
42.97174000,17.53426000,150.0
42.97183000,17.53426000,150.0
42.97186000,17.53426000,150.0
42.97195000,17.53426000,151.0
42.97199000,17.53426000,151.0
42.97203000,17.53426000,151.0
42.97209000,17.53427000,151.0
42.97213000,17.53427000,151.0
42.97219000,17.53429000,152.0
42.97223000,17.53431000,153.0
42.97228000,17.53432000,152.0
42.97236000,17.53434000,152.0
42.97240000,17.53436000,152.0
42.97247000,17.53440000,151.0
42.97250000,17.53442000,151.0
42.97257000,17.53447000,150.0
42.97261000,17.53448000,149.0
42.97269000,17.53453000,147.0
42.97273000,17.53456000,147.0
42.97278000,17.53461000,146.0
42.97281000,17.53462000,145.0
42.97287000,17.53467000,144.0
42.97291000,17.53470000,144.0
42.97298000,17.53474000,142.0
42.97301000,17.53476000,142.0
42.97306000,17.53481000,142.0
42.97309000,17.53482000,141.0
42.97315000,17.53486000,141.0
42.97318000,17.53489000,142.0
42.97325000,17.53493000,142.0
42.97330000,17.53497000,142.0
42.97337000,17.53502000,143.0
42.97341000,17.53504000,143.0
42.97349000,17.53510000,143.0
42.97353000,17.53513000,144.0
42.97361000,17.53518000,144.0
42.97365000,17.53519000,144.0
42.97370000,17.53522000,145.0
42.97374000,17.53524000,145.0
42.97379000,17.53525000,145.0
42.97384000,17.53527000,145.0
42.97393000,17.53530000,145.0
42.97398000,17.53530000,145.0
42.97403000,17.53530000,144.0
42.97407000,17.53529000,144.0
42.97416000,17.53526000,143.0
42.97420000,17.53525000,143.0
42.97425000,17.53523000,144.0
42.97430000,17.53522000,144.0
42.97436000,17.53519000,144.0
42.97442000,17.53517000,144.0
42.97446000,17.53515000,145.0
42.97450000,17.53512000,145.0
42.97455000,17.53509000,145.0
42.97459000,17.53507000,146.0
42.97463000,17.53504000,146.0
42.97468000,17.53501000,147.0
42.97472000,17.53497000,148.0
42.97477000,17.53495000,148.0
42.97482000,17.53492000,148.0
42.97486000,17.53489000,148.0
42.97490000,17.53486000,148.0
42.97495000,17.53483000,149.0
42.97500000,17.53481000,149.0
42.97504000,17.53478000,149.0
42.97509000,17.53476000,149.0
42.97513000,17.53473000,149.0
42.97518000,17.53471000,149.0
42.97523000,17.53469000,149.0
42.97529000,17.53468000,148.0
42.97533000,17.53467000,148.0
42.97539000,17.53465000,148.0
42.97545000,17.53463000,147.0
42.97550000,17.53461000,147.0
42.97554000,17.53459000,147.0
42.97559000,17.53459000,146.0
42.97564000,17.53458000,146.0
42.97569000,17.53457000,146.0
42.97575000,17.53456000,146.0
42.97580000,17.53457000,145.0
42.97584000,17.53457000,145.0
42.97589000,17.53458000,145.0
42.97594000,17.53458000,145.0
42.97599000,17.53459000,145.0
42.97604000,17.53460000,145.0
42.97609000,17.53461000,145.0
42.97613000,17.53463000,145.0
42.97622000,17.53467000,145.0
42.97626000,17.53469000,145.0
42.97632000,17.53473000,145.0
42.97635000,17.53475000,145.0
42.97641000,17.53480000,145.0
42.97644000,17.53483000,145.0
42.97648000,17.53487000,146.0
42.97653000,17.53489000,145.0
42.97656000,17.53493000,146.0
42.97661000,17.53496000,145.0
42.97665000,17.53500000,146.0
42.97670000,17.53504000,146.0
42.97674000,17.53507000,146.0
42.97678000,17.53510000,146.0
42.97682000,17.53514000,146.0
42.97686000,17.53517000,146.0
42.97690000,17.53520000,146.0
42.97694000,17.53523000,146.0
42.97701000,17.53530000,145.0
42.97704000,17.53533000,144.0
42.97708000,17.53541000,145.0
42.97711000,17.53545000,145.0
42.97716000,17.53549000,144.0
42.97721000,17.53554000,144.0
42.97726000,17.53558000,145.0
42.97731000,17.53561000,145.0
42.97736000,17.53564000,145.0
42.97741000,17.53565000,144.0
42.97746000,17.53568000,144.0
42.97751000,17.53571000,144.0
42.97756000,17.53574000,143.0
42.97759000,17.53580000,145.0
42.97766000,17.53587000,145.0
42.97770000,17.53588000,144.0
42.97779000,17.53591000,142.0
42.97780000,17.53591000,142.0
42.97786000,17.53583000,137.0
42.97787000,17.53581000,136.0
42.97788000,17.53580000,135.0
42.97787000,17.53577000,133.0
42.97789000,17.53574000,131.0
42.97786000,17.53585000,138.0
42.97787000,17.53587000,138.0
42.97791000,17.53593000,138.0
42.97793000,17.53596000,138.0
42.97799000,17.53605000,138.0
42.97803000,17.53608000,137.0
42.97806000,17.53613000,138.0
42.97810000,17.53617000,137.0
42.97813000,17.53622000,137.0
42.97817000,17.53627000,136.0
42.97820000,17.53632000,136.0
42.97824000,17.53636000,135.0
42.97829000,17.53641000,134.0
42.97833000,17.53647000,133.0
42.97837000,17.53652000,132.0
42.97841000,17.53657000,132.0
42.97844000,17.53663000,132.0
42.97848000,17.53668000,131.0
42.97853000,17.53673000,131.0
42.97857000,17.53679000,131.0
42.97861000,17.53686000,130.0
42.97864000,17.53693000,130.0
42.97869000,17.53700000,129.0
42.97873000,17.53706000,129.0
42.97877000,17.53713000,128.0
42.97881000,17.53719000,127.0
42.97886000,17.53726000,127.0
42.97891000,17.53732000,126.0
42.97896000,17.53739000,125.0
42.97900000,17.53745000,125.0
42.97905000,17.53752000,124.0
42.97910000,17.53759000,124.0
42.97915000,17.53766000,123.0
42.97920000,17.53773000,123.0
42.97924000,17.53781000,123.0
42.97929000,17.53789000,122.0
42.97933000,17.53798000,122.0
42.97937000,17.53807000,122.0
42.97941000,17.53816000,121.0
42.97945000,17.53824000,120.0
42.97948000,17.53833000,119.0
42.97952000,17.53843000,118.0
42.97955000,17.53853000,117.0
42.97957000,17.53863000,116.0
42.97959000,17.53874000,115.0
42.97960000,17.53886000,115.0
42.97961000,17.53898000,114.0
42.97961000,17.53910000,114.0
42.97962000,17.53921000,114.0
42.97964000,17.53933000,113.0
42.97965000,17.53946000,113.0
42.97966000,17.53959000,112.0
42.97967000,17.53972000,112.0
42.97967000,17.53984000,112.0
42.97968000,17.53996000,111.0
42.97969000,17.54009000,112.0
42.97970000,17.54021000,112.0
42.97972000,17.54033000,112.0
42.97974000,17.54046000,113.0
42.97977000,17.54057000,112.0
42.97979000,17.54070000,111.0
42.97982000,17.54081000,110.0
42.97986000,17.54092000,110.0
42.97989000,17.54103000,110.0
42.97993000,17.54114000,109.0
42.97997000,17.54125000,109.0
42.98002000,17.54136000,109.0
42.98007000,17.54146000,110.0
42.98012000,17.54157000,110.0
42.98017000,17.54168000,110.0
42.98023000,17.54179000,109.0
42.98029000,17.54189000,108.0
42.98035000,17.54199000,106.0
42.98042000,17.54210000,104.0
42.98049000,17.54220000,102.0
42.98055000,17.54231000,102.0
42.98061000,17.54242000,101.0
42.98067000,17.54253000,100.0
42.98073000,17.54264000,99.0
42.98080000,17.54275000,98.0
42.98086000,17.54286000,97.0
42.98092000,17.54296000,97.0
42.98099000,17.54307000,95.0
42.98105000,17.54317000,95.0
42.98111000,17.54328000,94.0
42.98117000,17.54339000,95.0
42.98124000,17.54349000,95.0
42.98130000,17.54360000,97.0
42.98137000,17.54371000,96.0
42.98144000,17.54381000,95.0
42.98151000,17.54392000,94.0
42.98157000,17.54402000,93.0
42.98164000,17.54413000,91.0
42.98171000,17.54423000,89.0
42.98178000,17.54434000,88.0
42.98185000,17.54444000,87.0
42.98191000,17.54454000,87.0
42.98199000,17.54464000,85.0
42.98205000,17.54474000,84.0
42.98212000,17.54484000,84.0
42.98219000,17.54494000,83.0
42.98226000,17.54505000,81.0
42.98231000,17.54515000,80.0
42.98236000,17.54526000,79.0
42.98240000,17.54536000,77.0
42.98244000,17.54547000,75.0
42.98247000,17.54558000,73.0
42.98249000,17.54569000,71.0
42.98249000,17.54581000,70.0
42.98250000,17.54592000,69.0
42.98251000,17.54603000,68.0
42.98253000,17.54614000,67.0
42.98254000,17.54626000,68.0
42.98256000,17.54638000,68.0
42.98258000,17.54649000,69.0
42.98261000,17.54661000,69.0
42.98264000,17.54672000,69.0
42.98269000,17.54682000,68.0
42.98275000,17.54693000,68.0

42.98275000,17.54693000,68.0
42.98281000,17.54703000,67.0
42.98288000,17.54711000,66.0
42.98296000,17.54719000,64.0
42.98305000,17.54726000,63.0
42.98315000,17.54731000,62.0
42.98325000,17.54735000,61.0
42.98336000,17.54737000,60.0
42.98347000,17.54737000,61.0
42.98358000,17.54736000,61.0
42.98369000,17.54733000,62.0
42.98379000,17.54730000,62.0
42.98389000,17.54726000,63.0
42.98398000,17.54723000,65.0
42.98406000,17.54720000,68.0
42.98413000,17.54717000,69.0
42.98420000,17.54715000,71.0
42.98425000,17.54714000,72.0
42.98433000,17.54710000,74.0
42.98436000,17.54708000,75.0
42.98439000,17.54709000,76.0
42.98440000,17.54708000,76.0
42.98439000,17.54705000,75.0
42.98436000,17.54694000,71.0
42.98434000,17.54691000,69.0
42.98429000,17.54690000,67.0
42.98425000,17.54687000,65.0
42.98417000,17.54689000,63.0
42.98413000,17.54691000,63.0
42.98409000,17.54694000,63.0
42.98406000,17.54698000,63.0
42.98398000,17.54704000,62.0
42.98394000,17.54707000,62.0
42.98390000,17.54709000,61.0
42.98386000,17.54711000,61.0
42.98378000,17.54715000,60.0
42.98373000,17.54716000,60.0
42.98368000,17.54717000,59.0
42.98364000,17.54718000,59.0
42.98358000,17.54718000,59.0
42.98352000,17.54718000,59.0
42.98346000,17.54716000,58.0
42.98339000,17.54715000,58.0
42.98333000,17.54712000,57.0
42.98327000,17.54709000,57.0
42.98321000,17.54705000,57.0
42.98316000,17.54701000,57.0
42.98309000,17.54694000,56.0
42.98307000,17.54691000,56.0
42.98302000,17.54683000,55.0
42.98299000,17.54680000,56.0
42.98295000,17.54670000,55.0
42.98294000,17.54665000,55.0
42.98291000,17.54654000,54.0
42.98290000,17.54648000,53.0
42.98289000,17.54642000,53.0
42.98288000,17.54636000,52.0
42.98287000,17.54629000,52.0
42.98286000,17.54622000,52.0
42.98285000,17.54613000,52.0
42.98285000,17.54605000,52.0
42.98284000,17.54597000,53.0
42.98285000,17.54588000,53.0
42.98285000,17.54579000,53.0
42.98285000,17.54571000,53.0
42.98283000,17.54562000,54.0
42.98283000,17.54553000,53.0
42.98282000,17.54544000,54.0
42.98282000,17.54535000,54.0
42.98283000,17.54526000,53.0
42.98283000,17.54516000,53.0
42.98283000,17.54507000,54.0
42.98282000,17.54498000,54.0
42.98281000,17.54489000,54.0
42.98278000,17.54481000,54.0
42.98276000,17.54473000,54.0
42.98272000,17.54464000,54.0
42.98268000,17.54456000,54.0
42.98263000,17.54449000,54.0
42.98257000,17.54443000,55.0
42.98252000,17.54437000,54.0
42.98247000,17.54429000,53.0
42.98242000,17.54420000,52.0
42.98237000,17.54412000,52.0
42.98232000,17.54404000,52.0
42.98227000,17.54395000,52.0
42.98223000,17.54385000,52.0
42.98218000,17.54375000,52.0
42.98214000,17.54365000,52.0
42.98210000,17.54355000,51.0
42.98206000,17.54344000,49.0
42.98202000,17.54334000,47.0
42.98199000,17.54324000,46.0
42.98195000,17.54314000,45.0
42.98191000,17.54304000,45.0
42.98187000,17.54293000,47.0
42.98184000,17.54284000,48.0
42.98180000,17.54273000,50.0
42.98176000,17.54263000,53.0
42.98173000,17.54254000,55.0
42.98170000,17.54245000,57.0
42.98166000,17.54237000,59.0
42.98164000,17.54228000,60.0
42.98161000,17.54218000,61.0
42.98160000,17.54208000,60.0
42.98158000,17.54199000,59.0
42.98158000,17.54189000,58.0
42.98160000,17.54180000,55.0
42.98160000,17.54170000,53.0
42.98161000,17.54160000,51.0
42.98161000,17.54151000,50.0
42.98162000,17.54141000,48.0
42.98163000,17.54132000,47.0
42.98164000,17.54123000,46.0
42.98165000,17.54114000,45.0
42.98167000,17.54105000,44.0
42.98168000,17.54095000,43.0
42.98169000,17.54086000,42.0
42.98170000,17.54077000,41.0
42.98171000,17.54069000,41.0
42.98173000,17.54061000,40.0
42.98173000,17.54052000,40.0
42.98174000,17.54043000,39.0
42.98175000,17.54034000,38.0
42.98175000,17.54025000,38.0
42.98176000,17.54016000,37.0
42.98177000,17.54008000,36.0
42.98177000,17.53999000,36.0
42.98177000,17.53990000,35.0
42.98177000,17.53981000,35.0
42.98177000,17.53972000,35.0
42.98175000,17.53963000,36.0
42.98174000,17.53954000,37.0
42.98169000,17.53947000,40.0
42.98166000,17.53939000,42.0
42.98165000,17.53931000,42.0
42.98163000,17.53924000,43.0
42.98161000,17.53917000,43.0
42.98160000,17.53909000,44.0
42.98158000,17.53902000,44.0
42.98156000,17.53894000,44.0
42.98155000,17.53886000,44.0
42.98154000,17.53879000,44.0
42.98154000,17.53871000,45.0
42.98154000,17.53863000,45.0
42.98154000,17.53855000,45.0
42.98155000,17.53847000,44.0
42.98155000,17.53839000,44.0
42.98155000,17.53832000,43.0
42.98155000,17.53825000,42.0
42.98155000,17.53818000,42.0
42.98154000,17.53811000,41.0
42.98152000,17.53804000,41.0
42.98150000,17.53797000,40.0
42.98148000,17.53790000,40.0
42.98146000,17.53783000,40.0
42.98143000,17.53775000,40.0
42.98140000,17.53767000,40.0
42.98137000,17.53759000,40.0
42.98134000,17.53750000,40.0
42.98131000,17.53742000,39.0
42.98129000,17.53734000,39.0
42.98127000,17.53725000,39.0
42.98125000,17.53717000,38.0
42.98123000,17.53709000,38.0
42.98121000,17.53700000,38.0
42.98119000,17.53691000,37.0
42.98117000,17.53680000,35.0
42.98116000,17.53670000,33.0
42.98114000,17.53660000,31.0
42.98113000,17.53649000,30.0
42.98111000,17.53638000,28.0
42.98109000,17.53627000,28.0
42.98105000,17.53614000,28.0
42.98101000,17.53602000,29.0
42.98097000,17.53590000,29.0
42.98093000,17.53578000,30.0
42.98089000,17.53565000,31.0
42.98086000,17.53553000,31.0
42.98083000,17.53540000,30.0
42.98082000,17.53527000,29.0
42.98080000,17.53515000,29.0
42.98078000,17.53501000,28.0
42.98076000,17.53487000,28.0
42.98075000,17.53473000,27.0
42.98074000,17.53459000,26.0
42.98074000,17.53445000,25.0
42.98073000,17.53431000,24.0
42.98072000,17.53418000,23.0
42.98071000,17.53405000,24.0
42.98072000,17.53393000,23.0
42.98073000,17.53381000,22.0
42.98073000,17.53368000,22.0
42.98074000,17.53357000,22.0
42.98075000,17.53345000,22.0
42.98076000,17.53334000,22.0
42.98077000,17.53323000,21.0
42.98079000,17.53313000,21.0
42.98079000,17.53304000,21.0
42.98081000,17.53294000,19.0
42.98082000,17.53286000,19.0
42.98081000,17.53278000,19.0
42.98080000,17.53269000,19.0
42.98080000,17.53262000,19.0
42.98077000,17.53251000,20.0
42.98076000,17.53245000,20.0
42.98072000,17.53235000,21.0
42.98070000,17.53230000,22.0
42.98065000,17.53220000,23.0
42.98062000,17.53215000,24.0
42.98059000,17.53204000,25.0
42.98057000,17.53198000,26.0
42.98053000,17.53189000,27.0
42.98052000,17.53184000,27.0
42.98049000,17.53176000,27.0
42.98047000,17.53171000,27.0
42.98044000,17.53162000,27.0
42.98042000,17.53159000,27.0
42.98037000,17.53152000,27.0
42.98035000,17.53149000,26.0
42.98029000,17.53142000,27.0
42.98026000,17.53139000,27.0
42.98021000,17.53133000,28.0
42.98018000,17.53131000,28.0
42.98013000,17.53126000,29.0
42.98010000,17.53125000,29.0
42.98004000,17.53120000,30.0
42.98001000,17.53117000,30.0
42.97996000,17.53112000,30.0
42.97994000,17.53109000,30.0
42.97987000,17.53102000,31.0
42.97986000,17.53100000,31.0
42.97980000,17.53094000,30.0
42.97978000,17.53092000,30.0
42.97971000,17.53086000,29.0
42.97969000,17.53084000,29.0
42.97962000,17.53077000,29.0
42.97960000,17.53074000,29.0
42.97955000,17.53068000,30.0
42.97953000,17.53067000,30.0
42.97946000,17.53060000,30.0
42.97944000,17.53056000,29.0
42.97938000,17.53051000,29.0
42.97934000,17.53047000,29.0
42.97929000,17.53043000,29.0
42.97925000,17.53039000,29.0
42.97921000,17.53035000,29.0
42.97917000,17.53031000,28.0
42.97913000,17.53027000,28.0
42.97908000,17.53023000,28.0
42.97904000,17.53019000,28.0
42.97899000,17.53016000,28.0
42.97891000,17.53013000,28.0
42.97887000,17.53012000,28.0
42.97879000,17.53011000,28.0
42.97875000,17.53010000,28.0
42.97866000,17.53008000,28.0
42.97862000,17.53007000,28.0
42.97855000,17.53004000,28.0
42.97851000,17.53004000,28.0
42.97844000,17.53001000,28.0
42.97840000,17.52999000,28.0
42.97832000,17.52995000,28.0
42.97828000,17.52992000,29.0
42.97820000,17.52987000,29.0
42.97816000,17.52984000,29.0
42.97810000,17.52979000,29.0
42.97806000,17.52976000,29.0
42.97802000,17.52970000,29.0
42.97799000,17.52965000,28.0
42.97795000,17.52961000,28.0
42.97791000,17.52956000,28.0
42.97788000,17.52952000,27.0
42.97784000,17.52947000,27.0
42.97780000,17.52942000,26.0
42.97776000,17.52936000,26.0
42.97771000,17.52930000,26.0
42.97766000,17.52923000,25.0
42.97761000,17.52915000,24.0
42.97756000,17.52906000,24.0
42.97751000,17.52896000,23.0
42.97745000,17.52885000,22.0
42.97741000,17.52874000,22.0
42.97736000,17.52862000,22.0
42.97731000,17.52851000,21.0
42.97726000,17.52839000,19.0
42.97721000,17.52826000,18.0
42.97717000,17.52814000,17.0
42.97712000,17.52803000,16.0
42.97708000,17.52793000,15.0
42.97705000,17.52782000,14.0
42.97702000,17.52772000,14.0
42.97698000,17.52762000,14.0
42.97695000,17.52753000,14.0
42.97692000,17.52744000,14.0
42.97689000,17.52736000,14.0
42.97687000,17.52729000,14.0
42.97685000,17.52724000,14.0
42.97683000,17.52718000,14.0
42.97680000,17.52707000,13.0
42.97680000,17.52706000,13.0
42.97676000,17.52700000,13.0
42.97675000,17.52696000,13.0
42.97672000,17.52684000,12.0
42.97670000,17.52679000,12.0
42.97667000,17.52674000,12.0
42.97666000,17.52668000,12.0
42.97664000,17.52661000,12.0
42.97663000,17.52654000,12.0
42.97662000,17.52646000,13.0
42.97661000,17.52639000,13.0
42.97661000,17.52632000,13.0
42.97660000,17.52625000,13.0
42.97660000,17.52617000,13.0
42.97660000,17.52610000,13.0
42.97660000,17.52602000,13.0
42.97661000,17.52595000,14.0
42.97662000,17.52589000,14.0
42.97664000,17.52582000,14.0
42.97665000,17.52576000,14.0
42.97667000,17.52569000,14.0
42.97670000,17.52558000,14.0
42.97672000,17.52552000,15.0
42.97676000,17.52543000,16.0
42.97678000,17.52539000,17.0
42.97682000,17.52531000,17.0
42.97686000,17.52527000,17.0
42.97689000,17.52523000,17.0
42.97693000,17.52519000,17.0
42.97696000,17.52514000,17.0
42.97699000,17.52510000,17.0
42.97706000,17.52503000,17.0
42.97709000,17.52498000,17.0
42.97715000,17.52489000,17.0
42.97718000,17.52485000,17.0
42.97722000,17.52481000,17.0
42.97725000,17.52476000,17.0
42.97729000,17.52472000,17.0
42.97732000,17.52467000,17.0
42.97738000,17.52459000,18.0
42.97741000,17.52455000,19.0
42.97747000,17.52448000,19.0
42.97751000,17.52445000,19.0
42.97754000,17.52441000,20.0
42.97758000,17.52437000,20.0
42.97764000,17.52429000,20.0
42.97767000,17.52426000,20.0
42.97773000,17.52420000,20.0
42.97775000,17.52417000,20.0
42.97781000,17.52410000,20.0
42.97782000,17.52409000,20.0
42.97788000,17.52401000,20.0
42.97791000,17.52397000,20.0
42.97795000,17.52391000,20.0
42.97797000,17.52387000,21.0
42.97803000,17.52378000,21.0
42.97805000,17.52375000,22.0
42.97809000,17.52369000,22.0
42.97811000,17.52366000,21.0
42.97817000,17.52360000,21.0
42.97819000,17.52358000,20.0
42.97824000,17.52352000,20.0
42.97826000,17.52349000,21.0
42.97830000,17.52343000,21.0
42.97832000,17.52340000,21.0
42.97838000,17.52331000,22.0
42.97840000,17.52328000,22.0
42.97845000,17.52320000,21.0
42.97847000,17.52316000,22.0
42.97851000,17.52308000,21.0
42.97853000,17.52305000,21.0
42.97858000,17.52297000,20.0
42.97859000,17.52295000,20.0
42.97863000,17.52286000,20.0
42.97865000,17.52282000,20.0
42.97870000,17.52274000,19.0
42.97872000,17.52270000,19.0
42.97877000,17.52261000,18.0
42.97877000,17.52259000,18.0
42.97879000,17.52248000,19.0
42.97881000,17.52245000,19.0
42.97886000,17.52237000,17.0
42.97888000,17.52234000,16.0
42.97891000,17.52225000,17.0
42.97892000,17.52221000,18.0
42.97896000,17.52213000,19.0
42.97898000,17.52209000,19.0
42.97901000,17.52201000,20.0
42.97903000,17.52197000,20.0
42.97906000,17.52189000,20.0
42.97907000,17.52185000,21.0
42.97910000,17.52177000,21.0
42.97912000,17.52173000,21.0
42.97914000,17.52165000,21.0
42.97916000,17.52161000,21.0
42.97919000,17.52153000,21.0
42.97921000,17.52148000,21.0
42.97923000,17.52141000,22.0
42.97925000,17.52136000,22.0
42.97928000,17.52128000,22.0
42.97930000,17.52124000,22.0
42.97933000,17.52116000,23.0
42.97934000,17.52111000,23.0
42.97938000,17.52103000,23.0
42.97940000,17.52099000,22.0
42.97944000,17.52090000,22.0
42.97946000,17.52085000,21.0
42.97950000,17.52077000,21.0
42.97951000,17.52073000,20.0
42.97953000,17.52061000,21.0
42.97954000,17.52057000,21.0
42.97956000,17.52049000,21.0
42.97958000,17.52045000,21.0
42.97962000,17.52037000,20.0
42.97964000,17.52033000,20.0
42.97967000,17.52026000,19.0
42.97968000,17.52023000,19.0
42.97973000,17.52013000,19.0
42.97974000,17.52009000,19.0
42.97976000,17.51997000,21.0
42.97976000,17.51993000,21.0
42.97977000,17.51984000,22.0
42.97979000,17.51979000,22.0
42.97983000,17.51969000,22.0
42.97985000,17.51964000,21.0
42.97986000,17.51958000,22.0
42.97988000,17.51951000,22.0
42.97990000,17.51945000,21.0
42.97992000,17.51939000,21.0
42.97993000,17.51933000,21.0
42.97995000,17.51927000,21.0
42.97998000,17.51920000,20.0
42.98000000,17.51914000,20.0
42.98002000,17.51908000,20.0
42.98005000,17.51902000,19.0
42.98008000,17.51891000,19.0
42.98010000,17.51885000,18.0
42.98014000,17.51874000,17.0
42.98015000,17.51869000,17.0
42.98018000,17.51863000,16.0
42.98020000,17.51857000,16.0
42.98024000,17.51846000,15.0
42.98026000,17.51841000,15.0
42.98029000,17.51835000,14.0
42.98030000,17.51830000,14.0
42.98034000,17.51819000,15.0
42.98037000,17.51813000,15.0
42.98040000,17.51807000,15.0
42.98042000,17.51800000,15.0
42.98045000,17.51794000,16.0
42.98048000,17.51788000,16.0
42.98050000,17.51782000,16.0
42.98052000,17.51776000,16.0
42.98054000,17.51769000,15.0
42.98057000,17.51763000,14.0
42.98059000,17.51757000,14.0
42.98061000,17.51750000,14.0
42.98062000,17.51744000,14.0
42.98065000,17.51737000,13.0
42.98067000,17.51730000,13.0
42.98068000,17.51724000,13.0
42.98071000,17.51718000,13.0
42.98073000,17.51711000,12.0
42.98076000,17.51704000,12.0
42.98079000,17.51697000,11.0
42.98081000,17.51691000,11.0
42.98083000,17.51684000,11.0
42.98086000,17.51678000,11.0
42.98088000,17.51671000,12.0
42.98091000,17.51664000,12.0
42.98094000,17.51657000,12.0
42.98098000,17.51650000,12.0
42.98102000,17.51642000,12.0
42.98107000,17.51635000,11.0
42.98111000,17.51627000,11.0
42.98116000,17.51620000,12.0
42.98121000,17.51612000,12.0
42.98127000,17.51605000,12.0
42.98133000,17.51599000,12.0
42.98140000,17.51593000,12.0
42.98146000,17.51587000,12.0
42.98153000,17.51581000,11.0
42.98159000,17.51575000,11.0
42.98164000,17.51570000,11.0
42.98170000,17.51563000,11.0
42.98175000,17.51556000,11.0
42.98180000,17.51550000,11.0
42.98185000,17.51543000,11.0
42.98190000,17.51536000,11.0
42.98194000,17.51529000,10.0
42.98199000,17.51523000,10.0
42.98201000,17.51517000,10.0
42.98204000,17.51511000,10.0
42.98207000,17.51505000,10.0
42.98210000,17.51499000,10.0
42.98213000,17.51493000,11.0
42.98216000,17.51488000,11.0
42.98219000,17.51483000,11.0
42.98222000,17.51478000,11.0
42.98225000,17.51472000,11.0
42.98228000,17.51468000,11.0
42.98231000,17.51462000,12.0
42.98234000,17.51457000,12.0
42.98238000,17.51453000,12.0
42.98241000,17.51448000,13.0
42.98245000,17.51444000,13.0
42.98250000,17.51439000,13.0
42.98254000,17.51434000,13.0
42.98258000,17.51430000,12.0
42.98263000,17.51427000,12.0
42.98268000,17.51423000,11.0
42.98272000,17.51420000,11.0
42.98275000,17.51416000,10.0
42.98280000,17.51413000,10.0
42.98284000,17.51410000,10.0
42.98288000,17.51407000,10.0
42.98292000,17.51405000,10.0
42.98300000,17.51399000,9.0
42.98303000,17.51396000,9.0
42.98310000,17.51391000,9.0
42.98312000,17.51388000,9.0
42.98317000,17.51383000,9.0
42.98320000,17.51379000,10.0
42.98327000,17.51372000,10.0
42.98330000,17.51368000,11.0
42.98334000,17.51364000,11.0
42.98338000,17.51360000,11.0
42.98342000,17.51356000,12.0
42.98346000,17.51352000,12.0
42.98350000,17.51349000,12.0
42.98354000,17.51346000,12.0
42.98362000,17.51342000,13.0
42.98367000,17.51341000,13.0
42.98371000,17.51340000,13.0
42.98376000,17.51339000,13.0
42.98380000,17.51339000,13.0
42.98385000,17.51339000,13.0
42.98392000,17.51338000,13.0
42.98396000,17.51338000,13.0
42.98403000,17.51337000,13.0
42.98408000,17.51337000,13.0
42.98415000,17.51337000,13.0
42.98419000,17.51337000,12.0
42.98427000,17.51337000,12.0
42.98429000,17.51336000,12.0
42.98438000,17.51333000,12.0
42.98442000,17.51332000,12.0
42.98449000,17.51330000,12.0
42.98452000,17.51329000,12.0
42.98459000,17.51325000,13.0
42.98463000,17.51322000,14.0
42.98469000,17.51317000,14.0
42.98473000,17.51315000,14.0
42.98478000,17.51308000,15.0
42.98481000,17.51305000,15.0
42.98487000,17.51299000,15.0
42.98490000,17.51295000,16.0
42.98497000,17.51288000,16.0
42.98499000,17.51284000,16.0
42.98503000,17.51278000,16.0
42.98506000,17.51275000,16.0
42.98511000,17.51268000,16.0
42.98513000,17.51265000,16.0
42.98519000,17.51258000,15.0
42.98521000,17.51256000,15.0
42.98527000,17.51247000,14.0
42.98527000,17.51244000,14.0
42.98530000,17.51235000,13.0
42.98531000,17.51232000,13.0
42.98531000,17.51224000,13.0
42.98532000,17.51219000,13.0
42.98532000,17.51208000,13.0
42.98532000,17.51204000,13.0
42.98530000,17.51197000,13.0
42.98529000,17.51192000,13.0
42.98527000,17.51182000,13.0
42.98526000,17.51178000,13.0
42.98522000,17.51168000,14.0
42.98521000,17.51165000,14.0
42.98515000,17.51155000,14.0
42.98513000,17.51152000,14.0
42.98507000,17.51144000,14.0
42.98505000,17.51141000,13.0
42.98499000,17.51135000,13.0
42.98497000,17.51132000,14.0
42.98490000,17.51124000,15.0
42.98488000,17.51122000,15.0
42.98482000,17.51114000,15.0
42.98480000,17.51112000,15.0
42.98472000,17.51107000,16.0
42.98470000,17.51106000,16.0
42.98463000,17.51103000,16.0
42.98460000,17.51103000,17.0
42.98454000,17.51101000,17.0
42.98451000,17.51100000,17.0
42.98444000,17.51096000,17.0
42.98441000,17.51095000,17.0
42.98433000,17.51093000,17.0
42.98430000,17.51091000,16.0
42.98425000,17.51088000,16.0
42.98422000,17.51086000,16.0
42.98417000,17.51081000,15.0
42.98415000,17.51078000,16.0
42.98410000,17.51068000,16.0
42.98408000,17.51065000,17.0
42.98405000,17.51057000,18.0
42.98404000,17.51054000,18.0
42.98403000,17.51044000,19.0
42.98403000,17.51040000,19.0
42.98402000,17.51029000,20.0
42.98402000,17.51025000,20.0
42.98398000,17.51015000,23.0
42.98397000,17.51012000,23.0
42.98396000,17.51002000,25.0
42.98394000,17.50999000,26.0
42.98393000,17.50989000,27.0
42.98394000,17.50986000,27.0
42.98395000,17.50977000,28.0
42.98395000,17.50974000,28.0
42.98400000,17.50964000,27.0
42.98401000,17.50960000,27.0
42.98403000,17.50950000,27.0
42.98404000,17.50946000,27.0
42.98405000,17.50936000,27.0
42.98405000,17.50933000,28.0
42.98407000,17.50922000,28.0
42.98407000,17.50919000,28.0
42.98407000,17.50908000,30.0
42.98407000,17.50905000,30.0
42.98409000,17.50895000,31.0
42.98410000,17.50892000,30.0
42.98410000,17.50882000,32.0
42.98410000,17.50880000,33.0
42.98412000,17.50869000,34.0
42.98413000,17.50865000,35.0
42.98415000,17.50855000,35.0
42.98415000,17.50852000,35.0
42.98416000,17.50840000,35.0
42.98416000,17.50837000,36.0
42.98416000,17.50827000,36.0
42.98416000,17.50824000,36.0
42.98416000,17.50814000,37.0
42.98417000,17.50811000,36.0
42.98417000,17.50799000,37.0
42.98418000,17.50796000,37.0
42.98418000,17.50786000,38.0
42.98418000,17.50784000,38.0
42.98420000,17.50773000,39.0
42.98420000,17.50769000,40.0
42.98423000,17.50759000,40.0
42.98425000,17.50756000,40.0
42.98426000,17.50746000,41.0
42.98427000,17.50743000,42.0
42.98427000,17.50734000,45.0
42.98428000,17.50730000,45.0
42.98432000,17.50723000,44.0
42.98433000,17.50720000,44.0
42.98436000,17.50710000,45.0
42.98436000,17.50707000,46.0
42.98439000,17.50697000,46.0
42.98441000,17.50694000,46.0
42.98443000,17.50684000,48.0
42.98445000,17.50681000,47.0
42.98448000,17.50672000,49.0
42.98450000,17.50669000,49.0
42.98454000,17.50661000,48.0
42.98455000,17.50658000,48.0
42.98460000,17.50648000,48.0
42.98463000,17.50645000,47.0
42.98468000,17.50636000,47.0
42.98469000,17.50634000,47.0
42.98474000,17.50626000,47.0
42.98474000,17.50625000,48.0
42.98469000,17.50615000,53.0
42.98470000,17.50613000,53.0
42.98472000,17.50606000,54.0
42.98474000,17.50603000,54.0
42.98476000,17.50593000,56.0
42.98477000,17.50591000,56.0
42.98481000,17.50582000,56.0
42.98483000,17.50581000,56.0
42.98488000,17.50575000,54.0
42.98490000,17.50573000,54.0
42.98496000,17.50567000,52.0
42.98498000,17.50564000,52.0
42.98503000,17.50556000,51.0
42.98506000,17.50555000,50.0
42.98512000,17.50546000,50.0
42.98514000,17.50545000,50.0
42.98520000,17.50539000,49.0
42.98523000,17.50536000,49.0
42.98528000,17.50529000,49.0
42.98529000,17.50527000,49.0
42.98536000,17.50521000,49.0
42.98538000,17.50519000,49.0
42.98545000,17.50512000,49.0
42.98547000,17.50509000,50.0
42.98554000,17.50503000,50.0
42.98556000,17.50501000,50.0
42.98561000,17.50494000,51.0
42.98563000,17.50491000,52.0
42.98569000,17.50485000,52.0
42.98571000,17.50482000,52.0
42.98576000,17.50477000,52.0
42.98579000,17.50474000,52.0
42.98583000,17.50469000,52.0
42.98586000,17.50468000,52.0
42.98592000,17.50464000,52.0
42.98595000,17.50462000,52.0
42.98601000,17.50458000,52.0
42.98605000,17.50456000,51.0
42.98613000,17.50452000,51.0
42.98617000,17.50449000,51.0
42.98624000,17.50446000,51.0
42.98627000,17.50444000,51.0
42.98635000,17.50441000,51.0
42.98638000,17.50439000,51.0
42.98644000,17.50435000,51.0
42.98646000,17.50432000,52.0
42.98654000,17.50425000,52.0
42.98655000,17.50422000,53.0
42.98662000,17.50414000,53.0
42.98663000,17.50410000,53.0
42.98666000,17.50400000,53.0
42.98667000,17.50396000,53.0
42.98669000,17.50384000,54.0
42.98669000,17.50381000,54.0
42.98668000,17.50371000,54.0
42.98667000,17.50368000,54.0
42.98665000,17.50360000,55.0
42.98664000,17.50356000,55.0
42.98661000,17.50347000,57.0
42.98661000,17.50344000,57.0
42.98663000,17.50334000,56.0
42.98663000,17.50330000,57.0
42.98663000,17.50319000,58.0
42.98663000,17.50315000,58.0
42.98663000,17.50303000,60.0
42.98664000,17.50299000,59.0
42.98664000,17.50291000,60.0
42.98665000,17.50287000,60.0
42.98666000,17.50276000,60.0
42.98667000,17.50273000,60.0
42.98668000,17.50263000,60.0
42.98668000,17.50261000,60.0
42.98670000,17.50249000,60.0
42.98670000,17.50245000,61.0
42.98673000,17.50237000,60.0
42.98675000,17.50233000,59.0
42.98677000,17.50224000,59.0
42.98680000,17.50219000,58.0
42.98682000,17.50210000,58.0
42.98683000,17.50205000,58.0
42.98685000,17.50200000,58.0
42.98688000,17.50194000,57.0
42.98690000,17.50188000,57.0
42.98692000,17.50182000,56.0
42.98694000,17.50175000,56.0
42.98697000,17.50167000,56.0
42.98701000,17.50159000,56.0
42.98704000,17.50151000,56.0
42.98707000,17.50142000,56.0
42.98710000,17.50134000,55.0
42.98711000,17.50124000,56.0
42.98713000,17.50115000,55.0
42.98714000,17.50105000,56.0
42.98717000,17.50095000,56.0
42.98720000,17.50085000,55.0
42.98725000,17.50074000,54.0
42.98729000,17.50064000,52.0
42.98733000,17.50054000,51.0
42.98740000,17.50044000,49.0
42.98747000,17.50034000,47.0
42.98752000,17.50024000,45.0
42.98760000,17.50013000,43.0
42.98767000,17.50001000,41.0
42.98774000,17.49989000,38.0
42.98782000,17.49977000,36.0
42.98788000,17.49965000,36.0
42.98794000,17.49952000,37.0
42.98797000,17.49940000,37.0
42.98803000,17.49928000,36.0
42.98809000,17.49916000,36.0
42.98816000,17.49904000,35.0
42.98824000,17.49892000,34.0
42.98829000,17.49880000,34.0
42.98835000,17.49869000,34.0
42.98843000,17.49859000,33.0
42.98851000,17.49849000,33.0
42.98858000,17.49840000,33.0
42.98865000,17.49832000,32.0
42.98874000,17.49824000,31.0
42.98883000,17.49816000,30.0
42.98891000,17.49809000,29.0
42.98900000,17.49802000,29.0
42.98908000,17.49795000,29.0
42.98915000,17.49788000,28.0
42.98922000,17.49781000,27.0
42.98928000,17.49774000,26.0
42.98936000,17.49766000,24.0
42.98942000,17.49758000,23.0
42.98949000,17.49750000,21.0
42.98957000,17.49741000,20.0
42.98963000,17.49732000,20.0
42.98971000,17.49723000,20.0
42.98977000,17.49714000,20.0
42.98985000,17.49706000,20.0
42.98992000,17.49697000,19.0
42.98999000,17.49688000,19.0
42.99006000,17.49680000,17.0
42.99012000,17.49672000,16.0
42.99017000,17.49664000,15.0
42.99024000,17.49656000,13.0
42.99028000,17.49648000,12.0
42.99033000,17.49639000,12.0
42.99037000,17.49630000,12.0
42.99041000,17.49621000,11.0
42.99043000,17.49612000,11.0
42.99047000,17.49603000,11.0
42.99051000,17.49594000,10.0
42.99055000,17.49585000,10.0
42.99059000,17.49575000,10.0
42.99063000,17.49565000,10.0
42.99066000,17.49555000,11.0
42.99072000,17.49546000,10.0
42.99076000,17.49536000,10.0
42.99079000,17.49528000,10.0
42.99082000,17.49519000,10.0
42.99084000,17.49510000,10.0
42.99087000,17.49502000,10.0
42.99090000,17.49495000,10.0
42.99093000,17.49488000,9.0
42.99094000,17.49480000,10.0
42.99093000,17.49474000,11.0
42.99093000,17.49467000,11.0
42.99094000,17.49461000,11.0
42.99095000,17.49455000,11.0
42.99095000,17.49443000,12.0
42.99096000,17.49437000,12.0
42.99097000,17.49431000,13.0
42.99099000,17.49425000,13.0
42.99100000,17.49419000,14.0
42.99100000,17.49412000,15.0
42.99099000,17.49405000,16.0
42.99101000,17.49397000,17.0
42.99103000,17.49390000,17.0
42.99106000,17.49382000,18.0
42.99106000,17.49375000,19.0
42.99107000,17.49367000,20.0
42.99110000,17.49360000,20.0
42.99113000,17.49354000,20.0
42.99116000,17.49347000,20.0
42.99119000,17.49341000,20.0
42.99124000,17.49334000,20.0
42.99127000,17.49327000,20.0
42.99137000,17.49319000,17.0
42.99141000,17.49313000,17.0
42.99145000,17.49306000,17.0
42.99150000,17.49300000,17.0
42.99153000,17.49294000,17.0
42.99156000,17.49288000,17.0
42.99159000,17.49281000,18.0
42.99162000,17.49275000,18.0
42.99166000,17.49270000,18.0
42.99168000,17.49263000,19.0
42.99172000,17.49258000,19.0
42.99177000,17.49252000,19.0
42.99181000,17.49246000,19.0
42.99185000,17.49241000,19.0
42.99190000,17.49236000,19.0
42.99194000,17.49232000,18.0
42.99199000,17.49227000,18.0
42.99204000,17.49223000,18.0
42.99208000,17.49219000,18.0
42.99212000,17.49215000,18.0
42.99216000,17.49212000,18.0
42.99221000,17.49208000,17.0
42.99225000,17.49204000,18.0
42.99230000,17.49201000,18.0
42.99234000,17.49198000,17.0
42.99239000,17.49194000,17.0
42.99244000,17.49191000,16.0
42.99250000,17.49187000,16.0
42.99256000,17.49182000,16.0
42.99261000,17.49178000,17.0
42.99267000,17.49174000,16.0
42.99273000,17.49169000,16.0
42.99278000,17.49165000,16.0
42.99284000,17.49161000,16.0
42.99289000,17.49156000,16.0
42.99295000,17.49152000,16.0
42.99302000,17.49147000,16.0
42.99309000,17.49143000,16.0
42.99316000,17.49139000,16.0
42.99323000,17.49135000,16.0
42.99331000,17.49130000,17.0
42.99339000,17.49126000,17.0
42.99346000,17.49122000,17.0
42.99353000,17.49118000,17.0
42.99358000,17.49114000,17.0
42.99364000,17.49111000,17.0
42.99369000,17.49107000,17.0
42.99374000,17.49103000,17.0
42.99378000,17.49099000,17.0
42.99381000,17.49096000,18.0
42.99386000,17.49093000,18.0
42.99393000,17.49087000,18.0
42.99398000,17.49084000,17.0
42.99404000,17.49078000,18.0
42.99408000,17.49075000,18.0
42.99415000,17.49070000,18.0
42.99418000,17.49068000,18.0
42.99422000,17.49064000,18.0
42.99426000,17.49060000,19.0
42.99429000,17.49057000,19.0
42.99434000,17.49053000,19.0
42.99440000,17.49047000,20.0
42.99444000,17.49044000,20.0
42.99452000,17.49038000,20.0
42.99455000,17.49035000,20.0
42.99462000,17.49028000,20.0
42.99466000,17.49025000,19.0
42.99472000,17.49019000,19.0
42.99476000,17.49015000,19.0
42.99483000,17.49009000,18.0
42.99487000,17.49006000,18.0
42.99492000,17.49000000,18.0
42.99494000,17.48997000,18.0
42.99500000,17.48992000,18.0
42.99502000,17.48989000,18.0

42.99508000,17.48984000,18.0
42.99511000,17.48980000,18.0
42.99516000,17.48974000,18.0
42.99519000,17.48971000,18.0
42.99523000,17.48967000,17.0
42.99527000,17.48963000,17.0
42.99532000,17.48955000,17.0
42.99537000,17.48951000,17.0
42.99545000,17.48946000,16.0
42.99551000,17.48943000,15.0
42.99557000,17.48940000,15.0
42.99564000,17.48937000,14.0
42.99571000,17.48934000,13.0
42.99578000,17.48931000,12.0
42.99587000,17.48927000,11.0
42.99594000,17.48925000,11.0
42.99602000,17.48922000,10.0
42.99611000,17.48919000,10.0
42.99618000,17.48916000,10.0
42.99626000,17.48913000,11.0
42.99632000,17.48910000,11.0
42.99639000,17.48908000,11.0
42.99644000,17.48905000,12.0
42.99649000,17.48904000,11.0
42.99657000,17.48902000,11.0
42.99659000,17.48900000,12.0
42.99667000,17.48897000,12.0
42.99668000,17.48898000,11.0
42.99675000,17.48892000,12.0
42.99676000,17.48892000,12.0
42.99682000,17.48885000,14.0
42.99683000,17.48883000,14.0
42.99690000,17.48876000,16.0
42.99692000,17.48874000,17.0
42.99698000,17.48870000,18.0
42.99701000,17.48867000,18.0
42.99708000,17.48863000,17.0
42.99711000,17.48861000,17.0
42.99718000,17.48857000,17.0
42.99723000,17.48855000,16.0
42.99729000,17.48851000,16.0
42.99733000,17.48849000,16.0
42.99741000,17.48845000,15.0
42.99745000,17.48842000,14.0
42.99752000,17.48839000,14.0
42.99756000,17.48838000,14.0
42.99763000,17.48836000,14.0
42.99766000,17.48834000,14.0
42.99774000,17.48829000,15.0
42.99777000,17.48827000,16.0
42.99784000,17.48822000,17.0
42.99786000,17.48820000,17.0
42.99793000,17.48816000,18.0
42.99797000,17.48814000,18.0
42.99805000,17.48810000,18.0
42.99808000,17.48809000,18.0
42.99816000,17.48805000,18.0
42.99818000,17.48804000,18.0
42.99824000,17.48799000,18.0
42.99827000,17.48796000,18.0
42.99835000,17.48791000,17.0
42.99839000,17.48789000,17.0
42.99846000,17.48785000,17.0
42.99849000,17.48783000,17.0
42.99856000,17.48780000,16.0
42.99859000,17.48779000,16.0
42.99866000,17.48776000,16.0
42.99869000,17.48776000,16.0
42.99876000,17.48776000,16.0
42.99880000,17.48776000,17.0
42.99887000,17.48777000,17.0
42.99890000,17.48778000,17.0
42.99897000,17.48782000,16.0
42.99901000,17.48784000,16.0
42.99910000,17.48787000,16.0
42.99913000,17.48789000,16.0
42.99921000,17.48793000,16.0
42.99923000,17.48794000,16.0
42.99929000,17.48797000,16.0
42.99933000,17.48797000,17.0
42.99938000,17.48797000,18.0
42.99942000,17.48797000,18.0
42.99950000,17.48797000,19.0
42.99955000,17.48796000,19.0
42.99963000,17.48795000,20.0
42.99967000,17.48795000,20.0
42.99975000,17.48797000,19.0
42.99979000,17.48798000,19.0
42.99983000,17.48798000,19.0
42.99988000,17.48798000,19.0
42.99996000,17.48797000,19.0
43.00002000,17.48797000,19.0
43.00007000,17.48797000,19.0
43.00013000,17.48797000,19.0
43.00018000,17.48797000,19.0
43.00022000,17.48797000,19.0
43.00027000,17.48796000,19.0
43.00032000,17.48795000,19.0
43.00039000,17.48793000,19.0
43.00042000,17.48792000,20.0
43.00049000,17.48790000,20.0
43.00053000,17.48789000,20.0
43.00060000,17.48787000,20.0
43.00063000,17.48787000,20.0
43.00071000,17.48783000,20.0
43.00075000,17.48782000,20.0
43.00080000,17.48780000,19.0
43.00084000,17.48779000,19.0
43.00092000,17.48776000,18.0
43.00096000,17.48775000,17.0
43.00104000,17.48772000,17.0
43.00107000,17.48771000,16.0
43.00113000,17.48768000,17.0
43.00116000,17.48767000,17.0
43.00122000,17.48764000,19.0
43.00125000,17.48763000,19.0
43.00131000,17.48761000,20.0
43.00135000,17.48763000,19.0
43.00142000,17.48762000,20.0
43.00146000,17.48761000,20.0
43.00152000,17.48761000,20.0
43.00155000,17.48760000,21.0
43.00161000,17.48758000,21.0
43.00164000,17.48758000,22.0
43.00170000,17.48758000,21.0
43.00173000,17.48757000,21.0
43.00180000,17.48757000,20.0
43.00184000,17.48757000,20.0
43.00190000,17.48758000,19.0
43.00194000,17.48757000,18.0
43.00201000,17.48758000,17.0
43.00204000,17.48758000,17.0
43.00210000,17.48756000,17.0
43.00213000,17.48755000,17.0
43.00219000,17.48752000,17.0
43.00223000,17.48752000,17.0
43.00230000,17.48748000,18.0
43.00233000,17.48746000,18.0
43.00239000,17.48744000,18.0
43.00242000,17.48742000,19.0
43.00248000,17.48738000,19.0
43.00250000,17.48736000,20.0
43.00256000,17.48730000,20.0
43.00258000,17.48726000,20.0
43.00264000,17.48721000,20.0
43.00267000,17.48719000,20.0
43.00273000,17.48712000,20.0
43.00275000,17.48709000,20.0
43.00280000,17.48705000,20.0
43.00283000,17.48702000,20.0
43.00289000,17.48695000,20.0
43.00292000,17.48692000,21.0
43.00298000,17.48685000,22.0
43.00300000,17.48683000,23.0
43.00305000,17.48674000,25.0
43.00308000,17.48671000,25.0
43.00315000,17.48665000,25.0
43.00317000,17.48662000,25.0
43.00323000,17.48655000,26.0
43.00325000,17.48653000,27.0
43.00332000,17.48645000,27.0
43.00333000,17.48642000,28.0
43.00339000,17.48634000,29.0
43.00341000,17.48631000,29.0
43.00347000,17.48624000,29.0
43.00349000,17.48621000,30.0
43.00354000,17.48614000,30.0
43.00355000,17.48612000,30.0
43.00360000,17.48605000,30.0
43.00362000,17.48603000,30.0
43.00367000,17.48595000,30.0
43.00368000,17.48593000,31.0
43.00373000,17.48583000,31.0
43.00375000,17.48580000,31.0
43.00381000,17.48572000,30.0
43.00383000,17.48569000,30.0
43.00388000,17.48561000,30.0
43.00390000,17.48558000,30.0
43.00395000,17.48549000,31.0
43.00396000,17.48546000,31.0
43.00401000,17.48540000,30.0
43.00404000,17.48537000,30.0
43.00409000,17.48531000,29.0
43.00410000,17.48528000,29.0
43.00414000,17.48522000,29.0
43.00416000,17.48519000,29.0
43.00422000,17.48510000,29.0
43.00424000,17.48507000,29.0
43.00428000,17.48499000,29.0
43.00429000,17.48496000,30.0
43.00431000,17.48487000,31.0
43.00434000,17.48484000,31.0
43.00437000,17.48478000,31.0
43.00440000,17.48474000,31.0
43.00445000,17.48468000,30.0
43.00447000,17.48464000,31.0
43.00452000,17.48454000,32.0
43.00453000,17.48451000,32.0
43.00458000,17.48443000,33.0
43.00460000,17.48440000,33.0
43.00457000,17.48432000,36.0
43.00464000,17.48428000,35.0
43.00466000,17.48418000,38.0
43.00469000,17.48415000,38.0
43.00475000,17.48407000,38.0
43.00479000,17.48403000,37.0
43.00483000,17.48398000,37.0
43.00487000,17.48393000,36.0
43.00491000,17.48387000,36.0
43.00495000,17.48381000,36.0
43.00499000,17.48373000,38.0
43.00504000,17.48366000,37.0
43.00509000,17.48358000,36.0
43.00514000,17.48351000,35.0
43.00520000,17.48344000,33.0
43.00526000,17.48335000,32.0
43.00532000,17.48326000,31.0
43.00538000,17.48317000,31.0
43.00544000,17.48306000,31.0
43.00552000,17.48296000,29.0
43.00560000,17.48286000,29.0
43.00568000,17.48277000,28.0
43.00574000,17.48267000,28.0
43.00579000,17.48257000,28.0
43.00585000,17.48246000,27.0
43.00591000,17.48236000,25.0
43.00596000,17.48225000,24.0
43.00601000,17.48214000,23.0
43.00606000,17.48203000,22.0
43.00610000,17.48192000,21.0
43.00615000,17.48181000,21.0
43.00620000,17.48170000,20.0
43.00624000,17.48159000,19.0
43.00627000,17.48148000,18.0
43.00628000,17.48136000,18.0
43.00623000,17.48126000,19.0
43.00621000,17.48116000,18.0
43.00617000,17.48109000,19.0
43.00612000,17.48102000,20.0
43.00607000,17.48095000,20.0
43.00602000,17.48088000,20.0
43.00596000,17.48081000,20.0
43.00589000,17.48074000,21.0
43.00582000,17.48066000,21.0
43.00576000,17.48059000,21.0
43.00569000,17.48051000,20.0
43.00562000,17.48045000,20.0
43.00556000,17.48040000,20.0
43.00549000,17.48036000,20.0
43.00542000,17.48033000,19.0
43.00535000,17.48030000,19.0
43.00527000,17.48027000,18.0
43.00520000,17.48024000,18.0
43.00513000,17.48020000,18.0
43.00506000,17.48017000,18.0
43.00499000,17.48012000,18.0
43.00493000,17.48007000,17.0
43.00487000,17.48002000,17.0
43.00481000,17.47996000,16.0
43.00477000,17.47990000,15.0
43.00472000,17.47983000,14.0
43.00467000,17.47975000,14.0
43.00463000,17.47967000,13.0
43.00458000,17.47957000,12.0
43.00453000,17.47947000,11.0
43.00450000,17.47937000,11.0
43.00446000,17.47926000,10.0
43.00443000,17.47916000,9.0
43.00442000,17.47908000,9.0
43.00441000,17.47900000,8.0
43.00441000,17.47893000,8.0
43.00441000,17.47885000,8.0
43.00440000,17.47877000,7.0
43.00440000,17.47869000,7.0
43.00440000,17.47861000,7.0
43.00440000,17.47853000,7.0
43.00441000,17.47845000,7.0
43.00441000,17.47838000,6.0
43.00440000,17.47831000,6.0
43.00441000,17.47824000,6.0
43.00441000,17.47817000,6.0
43.00441000,17.47811000,6.0
43.00442000,17.47804000,6.0
43.00442000,17.47796000,6.0
43.00443000,17.47789000,6.0
43.00444000,17.47781000,6.0
43.00445000,17.47774000,6.0
43.00445000,17.47766000,6.0
43.00445000,17.47760000,6.0
43.00445000,17.47753000,6.0
43.00444000,17.47746000,6.0
43.00445000,17.47740000,7.0
43.00445000,17.47733000,7.0
43.00445000,17.47726000,7.0
43.00444000,17.47718000,7.0
43.00443000,17.47710000,7.0
43.00443000,17.47704000,7.0
43.00442000,17.47697000,7.0
43.00442000,17.47690000,6.0
43.00441000,17.47683000,6.0
43.00441000,17.47676000,6.0
43.00439000,17.47669000,6.0
43.00438000,17.47662000,6.0
43.00437000,17.47656000,6.0
43.00435000,17.47649000,7.0
43.00434000,17.47642000,7.0
43.00434000,17.47636000,7.0
43.00433000,17.47624000,8.0
43.00432000,17.47617000,8.0
43.00432000,17.47610000,9.0
43.00433000,17.47602000,8.0
43.00431000,17.47592000,9.0
43.00431000,17.47584000,9.0
43.00431000,17.47577000,9.0
43.00432000,17.47570000,9.0
43.00434000,17.47562000,9.0
43.00434000,17.47555000,9.0
43.00435000,17.47548000,9.0
43.00437000,17.47540000,8.0
43.00438000,17.47534000,7.0
43.00439000,17.47527000,7.0
43.00441000,17.47520000,6.0
43.00442000,17.47514000,6.0
43.00443000,17.47507000,5.0
43.00445000,17.47500000,4.0
43.00446000,17.47493000,4.0
43.00448000,17.47486000,4.0
43.00450000,17.47479000,4.0
43.00451000,17.47471000,3.0
43.00452000,17.47464000,3.0
43.00454000,17.47456000,3.0
43.00455000,17.47448000,3.0
43.00457000,17.47440000,3.0
43.00458000,17.47433000,3.0
43.00460000,17.47425000,3.0
43.00462000,17.47417000,4.0
43.00464000,17.47410000,4.0
43.00465000,17.47403000,4.0
43.00466000,17.47396000,4.0
43.00468000,17.47389000,4.0
43.00469000,17.47382000,4.0
43.00472000,17.47376000,4.0
43.00473000,17.47371000,5.0
43.00477000,17.47360000,5.0
43.00479000,17.47354000,6.0
43.00481000,17.47342000,5.0
43.00484000,17.47337000,6.0
43.00487000,17.47332000,6.0
43.00489000,17.47326000,6.0
43.00493000,17.47317000,6.0
43.00497000,17.47312000,7.0
43.00502000,17.47304000,7.0
43.00506000,17.47299000,7.0
43.00511000,17.47290000,6.0
43.00514000,17.47286000,6.0
43.00520000,17.47278000,6.0
43.00522000,17.47274000,6.0
43.00527000,17.47266000,6.0
43.00529000,17.47262000,6.0
43.00531000,17.47251000,5.0
43.00532000,17.47245000,4.0
43.00536000,17.47235000,3.0
43.00538000,17.47230000,2.0
43.00542000,17.47221000,1.0
43.00545000,17.47217000,1.0
43.00549000,17.47209000,1.0
43.00552000,17.47204000,0.0
43.00558000,17.47196000,0.0
43.00560000,17.47192000,-1.0
43.00565000,17.47186000,-1.0
43.00567000,17.47182000,-1.0
43.00574000,17.47174000,-1.0
43.00577000,17.47171000,-1.0
43.00584000,17.47164000,-1.0
43.00588000,17.47161000,-1.0
43.00592000,17.47157000,-1.0
43.00596000,17.47154000,-1.0
43.00600000,17.47150000,-1.0
43.00605000,17.47146000,-1.0
43.00608000,17.47142000,-1.0
43.00612000,17.47138000,0.0
43.00619000,17.47132000,0.0
43.00622000,17.47128000,0.0
43.00628000,17.47119000,0.0
43.00631000,17.47116000,0.0
43.00635000,17.47112000,0.0
43.00639000,17.47108000,0.0
43.00645000,17.47100000,0.0
43.00648000,17.47097000,0.0
43.00655000,17.47091000,-1.0
43.00656000,17.47090000,-1.0
43.00662000,17.47088000,-1.0
43.00666000,17.47083000,-1.0
43.00670000,17.47073000,-1.0
43.00673000,17.47070000,-1.0
43.00676000,17.47066000,-1.0
43.00679000,17.47061000,-1.0
43.00684000,17.47057000,-1.0
43.00687000,17.47053000,-1.0
43.00693000,17.47046000,0.0
43.00697000,17.47042000,0.0
43.00704000,17.47035000,1.0
43.00707000,17.47031000,1.0
43.00712000,17.47026000,1.0
43.00715000,17.47023000,1.0
43.00720000,17.47017000,1.0
43.00723000,17.47014000,1.0
43.00730000,17.47010000,2.0
43.00733000,17.47011000,1.0
43.00741000,17.47008000,1.0
43.00746000,17.47007000,1.0
43.00750000,17.47006000,1.0
43.00755000,17.47007000,1.0
43.00761000,17.47008000,0.0
43.00767000,17.47010000,0.0
43.00775000,17.47014000,0.0
43.00780000,17.47017000,0.0
43.00784000,17.47019000,0.0
43.00789000,17.47021000,0.0
43.00794000,17.47026000,0.0
43.00797000,17.47028000,0.0
43.00804000,17.47032000,0.0
43.00807000,17.47033000,0.0
43.00813000,17.47036000,-1.0
43.00816000,17.47038000,-1.0
43.00822000,17.47041000,-1.0
43.00826000,17.47043000,-1.0
43.00830000,17.47046000,-1.0
43.00834000,17.47048000,-1.0
43.00839000,17.47050000,-1.0
43.00844000,17.47051000,-1.0
43.00849000,17.47052000,-1.0
43.00854000,17.47052000,-1.0
43.00861000,17.47049000,-1.0
43.00864000,17.47048000,-1.0
43.00872000,17.47045000,-1.0
43.00873000,17.47043000,-1.0
43.00881000,17.47041000,0.0
43.00883000,17.47043000,0.0
43.00889000,17.47046000,1.0
43.00892000,17.47047000,1.0
43.00900000,17.47050000,2.0
43.00903000,17.47051000,2.0
43.00909000,17.47053000,2.0
43.00912000,17.47054000,2.0
43.00919000,17.47055000,2.0
43.00923000,17.47056000,3.0
43.00929000,17.47056000,3.0
43.00935000,17.47056000,3.0
43.00942000,17.47056000,3.0
43.00946000,17.47058000,2.0
43.00950000,17.47060000,2.0
43.00955000,17.47060000,2.0
43.00962000,17.47061000,1.0
43.00965000,17.47061000,1.0
43.00973000,17.47064000,0.0
43.00978000,17.47066000,0.0
43.00986000,17.47068000,0.0
43.00990000,17.47070000,0.0
43.00997000,17.47072000,0.0
43.01001000,17.47072000,0.0
43.01009000,17.47075000,0.0
43.01014000,17.47074000,0.0
43.01017000,17.47075000,0.0
43.01024000,17.47074000,0.0
43.01031000,17.47072000,0.0
43.01034000,17.47070000,0.0
43.01042000,17.47070000,0.0
43.01046000,17.47068000,0.0
43.01053000,17.47064000,0.0
43.01055000,17.47062000,0.0
43.01062000,17.47059000,0.0
43.01068000,17.47056000,0.0
43.01074000,17.47053000,-1.0
43.01078000,17.47051000,-1.0
43.01084000,17.47048000,-2.0
43.01088000,17.47047000,-2.0
43.01094000,17.47042000,-2.0
43.01097000,17.47041000,-2.0
43.01103000,17.47035000,-2.0
43.01108000,17.47032000,-2.0
43.01116000,17.47029000,-2.0
43.01120000,17.47027000,-2.0
43.01127000,17.47022000,-2.0
43.01130000,17.47019000,-2.0
43.01138000,17.47015000,-2.0
43.01142000,17.47013000,-1.0
43.01149000,17.47009000,-1.0
43.01153000,17.47006000,-1.0
43.01158000,17.47004000,-1.0
43.01162000,17.47002000,-1.0
43.01169000,17.46997000,-1.0
43.01172000,17.46995000,-1.0
43.01179000,17.46991000,-1.0
43.01181000,17.46989000,-1.0
43.01188000,17.46985000,-1.0
43.01191000,17.46983000,-1.0
43.01199000,17.46977000,-2.0
43.01201000,17.46976000,-2.0
43.01208000,17.46972000,-2.0
43.01210000,17.46970000,-3.0
43.01216000,17.46966000,-3.0
43.01218000,17.46964000,-3.0
43.01224000,17.46961000,-3.0
43.01228000,17.46959000,-3.0
43.01235000,17.46955000,-3.0
43.01238000,17.46953000,-3.0
43.01246000,17.46949000,-3.0
43.01249000,17.46947000,-3.0
43.01257000,17.46942000,-2.0
43.01261000,17.46940000,-2.0
43.01267000,17.46938000,-1.0
43.01271000,17.46934000,-1.0
43.01278000,17.46928000,-1.0
43.01281000,17.46925000,-1.0
43.01287000,17.46919000,-1.0
43.01290000,17.46917000,-1.0
43.01295000,17.46911000,-1.0
43.01298000,17.46908000,-1.0
43.01306000,17.46904000,-1.0
43.01308000,17.46902000,-2.0
43.01313000,17.46897000,-2.0
43.01317000,17.46895000,-2.0
43.01325000,17.46891000,-2.0
43.01327000,17.46889000,-2.0
43.01335000,17.46884000,-3.0
43.01337000,17.46884000,-3.0
43.01345000,17.46881000,-4.0
43.01346000,17.46881000,-4.0
43.01350000,17.46890000,-4.0
43.01351000,17.46891000,-4.0
43.01348000,17.46901000,-3.0
43.01346000,17.46903000,-2.0
43.01340000,17.46911000,-1.0
43.01339000,17.46911000,-1.0
43.01344000,17.46903000,-2.0
43.01347000,17.46900000,-3.0
43.01350000,17.46890000,-4.0
43.01349000,17.46887000,-4.0
43.01350000,17.46875000,-5.0
43.01351000,17.46873000,-5.0
43.01358000,17.46866000,-5.0
43.01361000,17.46864000,-5.0
43.01368000,17.46859000,-5.0
43.01372000,17.46855000,-3.0
43.01377000,17.46852000,-2.0
43.01380000,17.46850000,-2.0
43.01387000,17.46844000,0.0
43.01388000,17.46843000,0.0
43.01389000,17.46839000,0.0
43.01390000,17.46839000,0.0
43.01398000,17.46840000,-1.0
43.01402000,17.46839000,-1.0
43.01403000,17.46841000,-1.0
43.01411000,17.46836000,-2.0
43.01413000,17.46836000,-2.0
43.01421000,17.46834000,-2.0
43.01423000,17.46834000,-2.0
43.01423000,17.46833000,-2.0
43.01423000,17.46832000,-2.0
43.01423000,17.46838000,-2.0
43.01422000,17.46839000,-2.0
43.01413000,17.46842000,-2.0
43.01413000,17.46841000,-2.0
43.01406000,17.46837000,-1.0
43.01404000,17.46833000,-1.0
43.01396000,17.46829000,1.0
43.01395000,17.46828000,1.0
43.01395000,17.46830000,1.0
43.01401000,17.46838000,-1.0
43.01406000,17.46828000,-1.0
43.01409000,17.46826000,-1.0
43.01416000,17.46821000,-1.0
43.01420000,17.46819000,-1.0
43.01424000,17.46816000,-1.0
43.01428000,17.46813000,-1.0
43.01432000,17.46810000,-1.0
43.01437000,17.46808000,-2.0
43.01441000,17.46805000,-3.0
43.01446000,17.46802000,-3.0
43.01450000,17.46799000,-2.0
43.01455000,17.46796000,-2.0
43.01459000,17.46793000,-1.0
43.01463000,17.46790000,0.0
43.01468000,17.46788000,0.0
43.01473000,17.46785000,0.0
43.01477000,17.46782000,1.0
43.01483000,17.46780000,1.0
43.01487000,17.46777000,1.0
43.01492000,17.46775000,1.0
43.01496000,17.46771000,1.0
43.01501000,17.46769000,1.0
43.01505000,17.46766000,1.0
43.01509000,17.46763000,1.0
43.01517000,17.46759000,1.0
43.01521000,17.46757000,1.0
43.01528000,17.46753000,1.0
43.01531000,17.46750000,1.0
43.01536000,17.46747000,1.0
43.01540000,17.46745000,1.0
43.01545000,17.46743000,1.0
43.01549000,17.46740000,1.0
43.01556000,17.46736000,1.0
43.01560000,17.46733000,1.0
43.01567000,17.46730000,1.0
43.01570000,17.46727000,1.0
43.01578000,17.46722000,1.0
43.01581000,17.46720000,1.0
43.01588000,17.46716000,1.0
43.01591000,17.46714000,1.0
43.01598000,17.46709000,1.0
43.01602000,17.46707000,1.0
43.01607000,17.46702000,1.0
43.01611000,17.46699000,1.0
43.01619000,17.46694000,0.0
43.01622000,17.46691000,-1.0
43.01629000,17.46687000,-2.0
43.01632000,17.46684000,-3.0
43.01638000,17.46680000,-4.0
43.01640000,17.46676000,-4.0
43.01647000,17.46672000,-4.0
43.01650000,17.46669000,-4.0
43.01657000,17.46664000,-4.0
43.01660000,17.46662000,-4.0
43.01668000,17.46658000,-4.0
43.01672000,17.46655000,-4.0
43.01680000,17.46650000,-3.0
43.01684000,17.46648000,-3.0
43.01692000,17.46644000,-2.0
43.01695000,17.46641000,-2.0
43.01703000,17.46637000,-1.0
43.01707000,17.46634000,-1.0
43.01714000,17.46629000,-1.0
43.01717000,17.46626000,-1.0
43.01725000,17.46620000,-1.0
43.01729000,17.46618000,-1.0
43.01737000,17.46614000,-1.0
43.01740000,17.46612000,-1.0
43.01747000,17.46606000,-2.0
43.01749000,17.46603000,-2.0
43.01756000,17.46599000,-3.0
43.01755000,17.46599000,-3.0
43.01756000,17.46599000,-3.0
43.01753000,17.46611000,-2.0
43.01752000,17.46611000,-2.0
43.01758000,17.46601000,-3.0
43.01766000,17.46595000,-3.0
43.01767000,17.46594000,-3.0
43.01774000,17.46590000,-3.0
43.01778000,17.46588000,-3.0
43.01784000,17.46584000,-3.0
43.01787000,17.46583000,-3.0
43.01794000,17.46580000,-3.0
43.01797000,17.46578000,-3.0
43.01803000,17.46574000,-3.0
43.01805000,17.46572000,-3.0
43.01813000,17.46566000,-3.0
43.01815000,17.46564000,-3.0
43.01823000,17.46560000,-2.0
43.01825000,17.46558000,-2.0
43.01831000,17.46554000,-1.0
43.01834000,17.46552000,-1.0
43.01840000,17.46549000,-1.0
43.01843000,17.46547000,-1.0
43.01849000,17.46544000,-1.0
43.01852000,17.46540000,-1.0
43.01858000,17.46536000,-1.0
43.01865000,17.46534000,-1.0
43.01871000,17.46530000,-1.0
43.01873000,17.46527000,-2.0
43.01880000,17.46522000,-2.0
43.01883000,17.46519000,-2.0
43.01887000,17.46516000,-2.0
43.01891000,17.46511000,-2.0
43.01896000,17.46507000,-2.0
43.01900000,17.46504000,-2.0
43.01905000,17.46501000,-2.0
43.01910000,17.46498000,-3.0
43.01915000,17.46495000,-3.0
43.01921000,17.46492000,-3.0
43.01926000,17.46489000,-3.0
43.01931000,17.46486000,-2.0
43.01936000,17.46483000,-2.0
43.01941000,17.46480000,-2.0
43.01946000,17.46477000,-2.0
43.01950000,17.46474000,-2.0
43.01955000,17.46472000,-2.0
43.01959000,17.46469000,-2.0
43.01964000,17.46466000,-2.0
43.01970000,17.46463000,-2.0
43.01974000,17.46460000,-2.0
43.01980000,17.46457000,-2.0
43.01984000,17.46454000,-2.0
43.01989000,17.46451000,-2.0
43.01994000,17.46447000,-2.0
43.01999000,17.46443000,-3.0
43.02003000,17.46439000,-3.0
43.02008000,17.46435000,-3.0
43.02013000,17.46432000,-3.0
43.02018000,17.46429000,-3.0
43.02023000,17.46425000,-3.0
43.02028000,17.46422000,-3.0
43.02033000,17.46419000,-3.0
43.02037000,17.46416000,-2.0
43.02045000,17.46410000,-1.0
43.02048000,17.46407000,0.0
43.02054000,17.46400000,1.0
43.02057000,17.46396000,1.0
43.02062000,17.46394000,0.0
43.02066000,17.46390000,0.0
43.02070000,17.46387000,0.0
43.02075000,17.46385000,-1.0
43.02080000,17.46382000,-1.0
43.02085000,17.46379000,-1.0
43.02089000,17.46376000,-1.0
43.02093000,17.46374000,-1.0
43.02098000,17.46371000,-2.0
43.02102000,17.46368000,-2.0
43.02106000,17.46366000,-3.0
43.02110000,17.46363000,-3.0
43.02115000,17.46360000,-3.0
43.02120000,17.46358000,-2.0
43.02125000,17.46355000,-1.0
43.02129000,17.46351000,0.0
43.02134000,17.46348000,1.0
43.02138000,17.46345000,1.0
43.02143000,17.46341000,2.0
43.02147000,17.46337000,2.0
43.02151000,17.46333000,3.0
43.02155000,17.46329000,3.0
43.02158000,17.46325000,3.0
43.02162000,17.46321000,4.0
43.02165000,17.46316000,4.0
43.02169000,17.46311000,4.0
43.02173000,17.46307000,5.0
43.02176000,17.46302000,5.0
43.02181000,17.46294000,6.0
43.02185000,17.46289000,6.0
43.02192000,17.46282000,6.0
43.02194000,17.46279000,6.0
43.02201000,17.46272000,6.0
43.02205000,17.46268000,6.0
43.02211000,17.46262000,6.0
43.02215000,17.46258000,6.0
43.02221000,17.46252000,6.0
43.02225000,17.46249000,6.0
43.02231000,17.46242000,6.0
43.02233000,17.46239000,6.0
43.02239000,17.46232000,5.0
43.02242000,17.46229000,5.0
43.02247000,17.46220000,4.0
43.02249000,17.46216000,4.0
43.02254000,17.46207000,3.0
43.02256000,17.46202000,3.0
43.02259000,17.46192000,2.0
43.02262000,17.46188000,2.0
43.02268000,17.46179000,2.0
43.02271000,17.46175000,2.0
43.02278000,17.46170000,3.0
43.02281000,17.46166000,3.0
43.02287000,17.46159000,3.0
43.02290000,17.46155000,3.0
43.02293000,17.46151000,4.0
43.02297000,17.46147000,4.0
43.02301000,17.46143000,4.0
43.02306000,17.46139000,4.0
43.02314000,17.46134000,3.0
43.02318000,17.46133000,3.0
43.02325000,17.46132000,3.0
43.02328000,17.46134000,3.0
43.02335000,17.46139000,4.0
43.02339000,17.46142000,4.0
43.02343000,17.46145000,4.0
43.02348000,17.46148000,4.0
43.02353000,17.46150000,5.0
43.02357000,17.46152000,5.0
43.02362000,17.46155000,5.0
43.02367000,17.46157000,4.0
43.02371000,17.46159000,4.0
43.02376000,17.46161000,4.0
43.02380000,17.46164000,3.0
43.02384000,17.46166000,3.0
43.02389000,17.46168000,3.0
43.02394000,17.46171000,3.0
43.02398000,17.46173000,3.0
43.02403000,17.46175000,2.0
43.02408000,17.46177000,2.0
43.02412000,17.46179000,2.0
43.02417000,17.46181000,2.0
43.02422000,17.46182000,2.0
43.02426000,17.46184000,2.0
43.02431000,17.46185000,2.0
43.02439000,17.46187000,3.0
43.02443000,17.46188000,3.0
43.02451000,17.46190000,3.0
43.02454000,17.46190000,2.0
43.02462000,17.46189000,2.0
43.02464000,17.46190000,2.0
43.02470000,17.46191000,2.0
43.02474000,17.46191000,1.0
43.02482000,17.46190000,1.0
43.02485000,17.46188000,1.0
43.02492000,17.46185000,1.0
43.02496000,17.46183000,1.0
43.02503000,17.46177000,1.0
43.02507000,17.46174000,1.0
43.02515000,17.46168000,1.0
43.02518000,17.46165000,1.0
43.02525000,17.46160000,1.0
43.02528000,17.46157000,1.0
43.02536000,17.46151000,1.0
43.02539000,17.46148000,1.0
43.02545000,17.46141000,1.0
43.02548000,17.46138000,1.0
43.02555000,17.46132000,1.0
43.02559000,17.46129000,1.0
43.02566000,17.46122000,1.0
43.02570000,17.46119000,1.0
43.02576000,17.46113000,1.0
43.02580000,17.46110000,0.0
43.02586000,17.46104000,0.0
43.02589000,17.46102000,0.0
43.02595000,17.46096000,0.0
43.02598000,17.46094000,0.0
43.02605000,17.46089000,0.0
43.02609000,17.46087000,0.0
43.02615000,17.46082000,0.0
43.02618000,17.46079000,0.0
43.02624000,17.46074000,0.0
43.02627000,17.46073000,0.0
43.02634000,17.46066000,1.0
43.02636000,17.46064000,1.0
43.02643000,17.46059000,1.0
43.02646000,17.46057000,1.0
43.02654000,17.46056000,1.0
43.02655000,17.46056000,1.0
43.02660000,17.46060000,1.0
43.02663000,17.46064000,1.0
43.02670000,17.46072000,1.0
43.02671000,17.46074000,1.0
43.02674000,17.46081000,1.0
43.02675000,17.46085000,1.0
43.02679000,17.46094000,1.0
43.02680000,17.46099000,1.0
43.02686000,17.46106000,1.0
43.02688000,17.46110000,1.0
43.02693000,17.46120000,1.0
43.02695000,17.46124000,2.0
43.02698000,17.46129000,2.0
43.02700000,17.46135000,2.0
43.02699000,17.46146000,2.0
43.02700000,17.46151000,2.0
43.02704000,17.46159000,2.0
43.02707000,17.46163000,2.0
43.02709000,17.46168000,1.0
43.02712000,17.46173000,1.0
43.02717000,17.46182000,1.0
43.02719000,17.46185000,1.0
43.02724000,17.46191000,2.0
43.02726000,17.46195000,1.0
43.02730000,17.46205000,1.0
43.02731000,17.46209000,1.0
43.02736000,17.46216000,1.0
43.02739000,17.46219000,1.0
43.02743000,17.46225000,1.0
43.02746000,17.46228000,1.0
43.02750000,17.46236000,1.0
43.02751000,17.46240000,0.0
43.02755000,17.46247000,0.0
43.02757000,17.46250000,0.0
43.02762000,17.46259000,0.0
43.02764000,17.46263000,1.0
43.02769000,17.46270000,1.0
43.02771000,17.46274000,1.0
43.02775000,17.46281000,1.0
43.02777000,17.46287000,1.0
43.02782000,17.46296000,0.0
43.02785000,17.46301000,0.0
43.02788000,17.46306000,0.0
43.02790000,17.46311000,0.0
43.02795000,17.46321000,1.0
43.02798000,17.46326000,1.0
43.02803000,17.46334000,1.0
43.02806000,17.46339000,2.0
43.02811000,17.46347000,2.0
43.02813000,17.46352000,1.0
43.02817000,17.46357000,1.0
43.02820000,17.46363000,1.0
43.02823000,17.46368000,1.0
43.02827000,17.46373000,1.0
43.02832000,17.46381000,1.0
43.02835000,17.46385000,1.0
43.02840000,17.46394000,1.0
43.02841000,17.46398000,1.0
43.02847000,17.46405000,0.0
43.02850000,17.46409000,0.0
43.02854000,17.46414000,0.0
43.02857000,17.46419000,0.0
43.02862000,17.46426000,0.0
43.02864000,17.46430000,0.0
43.02870000,17.46438000,1.0
43.02872000,17.46442000,1.0
43.02877000,17.46451000,1.0
43.02880000,17.46455000,1.0
43.02885000,17.46461000,0.0
43.02888000,17.46465000,0.0
43.02893000,17.46472000,0.0
43.02896000,17.46476000,0.0
43.02901000,17.46483000,0.0
43.02903000,17.46486000,0.0
43.02909000,17.46493000,0.0
43.02912000,17.46498000,0.0
43.02917000,17.46505000,0.0
43.02919000,17.46510000,0.0
43.02926000,17.46514000,0.0
43.02929000,17.46517000,0.0
43.02933000,17.46524000,0.0
43.02936000,17.46528000,0.0
43.02942000,17.46535000,0.0
43.02945000,17.46539000,1.0
43.02950000,17.46547000,1.0
43.02953000,17.46551000,1.0
43.02958000,17.46558000,1.0
43.02961000,17.46562000,1.0
43.02966000,17.46570000,1.0
43.02969000,17.46575000,1.0
43.02975000,17.46583000,1.0
43.02978000,17.46587000,1.0
43.02983000,17.46594000,0.0
43.02986000,17.46599000,0.0
43.02990000,17.46607000,0.0
43.02993000,17.46610000,-1.0
43.02997000,17.46617000,-1.0
43.02999000,17.46620000,-1.0
43.03004000,17.46627000,-1.0
43.03005000,17.46631000,0.0
43.03011000,17.46640000,0.0
43.03014000,17.46645000,1.0
43.03020000,17.46654000,1.0
43.03022000,17.46658000,1.0
43.03026000,17.46663000,1.0
43.03029000,17.46667000,1.0
43.03032000,17.46672000,1.0
43.03035000,17.46676000,1.0
43.03041000,17.46683000,1.0
43.03044000,17.46688000,1.0
43.03047000,17.46693000,1.0
43.03050000,17.46697000,1.0
43.03053000,17.46702000,1.0
43.03056000,17.46706000,1.0
43.03060000,17.46712000,1.0
43.03063000,17.46716000,1.0
43.03067000,17.46721000,1.0
43.03070000,17.46726000,1.0
43.03077000,17.46733000,1.0
43.03080000,17.46737000,0.0
43.03085000,17.46745000,0.0
43.03088000,17.46748000,0.0
43.03093000,17.46754000,0.0
43.03095000,17.46757000,0.0
43.03099000,17.46760000,1.0
43.03103000,17.46765000,1.0
43.03109000,17.46772000,1.0
43.03112000,17.46777000,1.0
43.03118000,17.46783000,1.0
43.03121000,17.46787000,1.0
43.03126000,17.46793000,1.0
43.03128000,17.46796000,1.0
43.03135000,17.46802000,1.0
43.03137000,17.46806000,1.0
43.03143000,17.46814000,1.0
43.03146000,17.46817000,1.0
43.03152000,17.46823000,1.0
43.03155000,17.46826000,1.0
43.03160000,17.46834000,1.0
43.03162000,17.46838000,2.0
43.03167000,17.46845000,2.0
43.03170000,17.46849000,2.0
43.03175000,17.46857000,2.0
43.03177000,17.46862000,2.0
43.03179000,17.46870000,3.0
43.03181000,17.46874000,3.0
43.03186000,17.46882000,3.0
43.03189000,17.46886000,3.0
43.03192000,17.46890000,3.0

43.03197000,17.46895000,2.0
43.03202000,17.46904000,2.0
43.03204000,17.46908000,2.0
43.03209000,17.46915000,2.0
43.03211000,17.46919000,2.0
43.03215000,17.46928000,2.0
43.03218000,17.46933000,2.0
43.03223000,17.46942000,2.0
43.03225000,17.46946000,2.0
43.03230000,17.46954000,2.0
43.03232000,17.46958000,2.0
43.03237000,17.46964000,2.0
43.03238000,17.46967000,2.0
43.03242000,17.46973000,2.0
43.03244000,17.46978000,2.0
43.03247000,17.46986000,2.0
43.03249000,17.46991000,2.0
43.03254000,17.46999000,2.0
43.03257000,17.47004000,1.0
43.03263000,17.47012000,1.0
43.03265000,17.47017000,1.0
43.03271000,17.47024000,1.0
43.03273000,17.47028000,1.0
43.03279000,17.47037000,1.0
43.03282000,17.47042000,1.0
43.03285000,17.47046000,1.0
43.03288000,17.47051000,1.0
43.03291000,17.47057000,1.0
43.03294000,17.47062000,1.0
43.03297000,17.47067000,1.0
43.03301000,17.47071000,1.0
43.03304000,17.47076000,1.0
43.03307000,17.47080000,1.0
43.03312000,17.47090000,2.0
43.03315000,17.47095000,2.0
43.03319000,17.47103000,2.0
43.03321000,17.47108000,2.0
43.03326000,17.47117000,2.0
43.03329000,17.47123000,2.0
43.03334000,17.47133000,1.0
43.03337000,17.47138000,1.0
43.03341000,17.47146000,1.0
43.03344000,17.47151000,1.0
43.03346000,17.47156000,1.0
43.03349000,17.47162000,1.0
43.03351000,17.47167000,1.0
43.03353000,17.47172000,1.0
43.03356000,17.47178000,1.0
43.03359000,17.47184000,1.0
43.03363000,17.47193000,1.0
43.03366000,17.47198000,1.0
43.03371000,17.47208000,1.0
43.03373000,17.47213000,1.0
43.03376000,17.47222000,1.0
43.03379000,17.47226000,1.0
43.03382000,17.47235000,0.0
43.03384000,17.47239000,0.0
43.03387000,17.47246000,-1.0
43.03390000,17.47249000,-1.0
43.03393000,17.47258000,-1.0
43.03395000,17.47263000,0.0
43.03400000,17.47273000,0.0
43.03402000,17.47279000,0.0
43.03405000,17.47285000,1.0
43.03407000,17.47290000,1.0
43.03411000,17.47299000,1.0
43.03413000,17.47303000,1.0
43.03418000,17.47313000,1.0
43.03419000,17.47318000,1.0
43.03424000,17.47328000,1.0
43.03425000,17.47333000,1.0
43.03429000,17.47342000,1.0
43.03432000,17.47347000,1.0
43.03436000,17.47357000,0.0
43.03437000,17.47362000,0.0
43.03441000,17.47371000,0.0
43.03443000,17.47376000,0.0
43.03447000,17.47384000,0.0
43.03449000,17.47389000,1.0
43.03451000,17.47400000,1.0
43.03453000,17.47404000,1.0
43.03456000,17.47414000,1.0
43.03458000,17.47419000,2.0
43.03463000,17.47428000,2.0
43.03466000,17.47432000,2.0
43.03471000,17.47442000,2.0
43.03473000,17.47447000,2.0
43.03476000,17.47452000,2.0
43.03478000,17.47458000,2.0
43.03480000,17.47464000,2.0
43.03483000,17.47469000,2.0
43.03485000,17.47475000,2.0
43.03488000,17.47480000,2.0
43.03490000,17.47486000,2.0
43.03493000,17.47491000,2.0
43.03496000,17.47501000,2.0
43.03498000,17.47506000,2.0
43.03501000,17.47517000,2.0
43.03503000,17.47522000,2.0
43.03507000,17.47532000,1.0
43.03508000,17.47537000,1.0
43.03511000,17.47547000,1.0
43.03513000,17.47553000,1.0
43.03514000,17.47558000,1.0
43.03516000,17.47564000,1.0
43.03518000,17.47570000,0.0
43.03520000,17.47576000,0.0
43.03522000,17.47581000,0.0
43.03525000,17.47586000,0.0
43.03528000,17.47596000,0.0
43.03529000,17.47602000,1.0
43.03531000,17.47613000,2.0
43.03532000,17.47619000,2.0
43.03533000,17.47625000,2.0
43.03534000,17.47631000,2.0
43.03536000,17.47637000,2.0
43.03537000,17.47643000,2.0
43.03540000,17.47649000,2.0
43.03541000,17.47655000,2.0
43.03543000,17.47661000,2.0
43.03544000,17.47667000,2.0
43.03548000,17.47676000,2.0
43.03550000,17.47681000,3.0
43.03554000,17.47691000,3.0
43.03555000,17.47697000,4.0
43.03557000,17.47703000,4.0
43.03559000,17.47708000,4.0
43.03561000,17.47714000,4.0
43.03563000,17.47720000,4.0
43.03565000,17.47731000,4.0
43.03566000,17.47736000,4.0
43.03570000,17.47746000,4.0
43.03571000,17.47752000,4.0
43.03574000,17.47763000,3.0
43.03575000,17.47767000,3.0
43.03576000,17.47778000,3.0
43.03577000,17.47785000,3.0
43.03582000,17.47792000,3.0
43.03583000,17.47799000,3.0
43.03585000,17.47805000,2.0
43.03586000,17.47812000,2.0
43.03588000,17.47820000,2.0
43.03589000,17.47827000,2.0
43.03591000,17.47838000,2.0
43.03592000,17.47845000,2.0
43.03594000,17.47851000,2.0
43.03595000,17.47857000,2.0
43.03597000,17.47863000,2.0
43.03599000,17.47868000,2.0
43.03602000,17.47880000,2.0
43.03603000,17.47885000,2.0
43.03606000,17.47895000,1.0
43.03607000,17.47901000,1.0
43.03610000,17.47911000,1.0
43.03611000,17.47917000,0.0
43.03613000,17.47928000,0.0
43.03614000,17.47934000,0.0
43.03618000,17.47945000,0.0
43.03619000,17.47950000,0.0
43.03622000,17.47961000,-1.0
43.03624000,17.47967000,-1.0
43.03627000,17.47978000,-1.0
43.03628000,17.47983000,-1.0
43.03631000,17.47994000,-1.0
43.03632000,17.47999000,-1.0
43.03634000,17.48004000,-1.0
43.03636000,17.48010000,-1.0
43.03639000,17.48021000,-1.0
43.03640000,17.48027000,0.0
43.03643000,17.48038000,0.0
43.03645000,17.48044000,0.0
43.03648000,17.48054000,1.0
43.03649000,17.48060000,1.0
43.03651000,17.48071000,1.0
43.03653000,17.48077000,1.0
43.03655000,17.48083000,1.0
43.03657000,17.48089000,1.0
43.03658000,17.48095000,1.0
43.03660000,17.48102000,1.0
43.03663000,17.48113000,1.0
43.03664000,17.48119000,1.0
43.03666000,17.48129000,1.0
43.03666000,17.48135000,1.0
43.03669000,17.48146000,2.0
43.03670000,17.48152000,2.0
43.03672000,17.48163000,2.0
43.03674000,17.48168000,1.0
43.03677000,17.48178000,1.0
43.03679000,17.48183000,1.0
43.03680000,17.48190000,1.0
43.03681000,17.48197000,1.0
43.03682000,17.48203000,1.0
43.03684000,17.48209000,1.0
43.03687000,17.48220000,1.0
43.03689000,17.48225000,2.0
43.03691000,17.48232000,2.0
43.03693000,17.48238000,2.0
43.03696000,17.48249000,2.0
43.03697000,17.48254000,2.0
43.03698000,17.48260000,2.0
43.03699000,17.48267000,2.0
43.03701000,17.48274000,2.0
43.03702000,17.48280000,2.0
43.03703000,17.48287000,2.0
43.03705000,17.48292000,2.0
43.03705000,17.48298000,2.0
43.03705000,17.48306000,2.0
43.03707000,17.48312000,2.0
43.03708000,17.48318000,2.0
43.03710000,17.48323000,2.0
43.03712000,17.48329000,2.0
43.03713000,17.48336000,3.0
43.03714000,17.48341000,3.0
43.03718000,17.48352000,3.0
43.03719000,17.48357000,3.0
43.03721000,17.48368000,3.0
43.03723000,17.48373000,2.0
43.03725000,17.48378000,2.0
43.03727000,17.48384000,2.0
43.03729000,17.48390000,2.0
43.03731000,17.48397000,2.0
43.03733000,17.48403000,1.0
43.03734000,17.48410000,1.0
43.03736000,17.48416000,1.0
43.03738000,17.48422000,1.0
43.03740000,17.48428000,1.0
43.03741000,17.48435000,1.0
43.03744000,17.48441000,1.0
43.03746000,17.48447000,1.0
43.03748000,17.48452000,1.0
43.03750000,17.48458000,1.0
43.03753000,17.48469000,1.0
43.03753000,17.48475000,1.0
43.03755000,17.48485000,1.0
43.03756000,17.48490000,1.0
43.03759000,17.48501000,1.0
43.03761000,17.48506000,1.0
43.03762000,17.48512000,1.0
43.03764000,17.48517000,1.0
43.03768000,17.48527000,2.0
43.03770000,17.48532000,1.0
43.03771000,17.48542000,1.0
43.03772000,17.48546000,1.0
43.03774000,17.48554000,1.0
43.03775000,17.48560000,1.0
43.03777000,17.48566000,1.0
43.03778000,17.48572000,2.0
43.03781000,17.48582000,2.0
43.03782000,17.48587000,2.0
43.03784000,17.48596000,2.0
43.03785000,17.48600000,2.0
43.03786000,17.48610000,2.0
43.03787000,17.48613000,2.0
43.03787000,17.48614000,2.0
43.03784000,17.48604000,2.0
43.03782000,17.48601000,2.0
43.03780000,17.48593000,2.0
43.03779000,17.48589000,2.0
43.03778000,17.48579000,2.0
43.03778000,17.48575000,2.0
43.03776000,17.48568000,2.0
43.03774000,17.48563000,1.0
43.03771000,17.48555000,1.0
43.03769000,17.48552000,1.0
43.03763000,17.48545000,2.0
43.03761000,17.48544000,2.0
43.03753000,17.48546000,3.0
43.03752000,17.48548000,3.0
43.03747000,17.48556000,3.0
43.03747000,17.48558000,3.0
43.03740000,17.48564000,3.0
43.03738000,17.48565000,3.0
43.03731000,17.48569000,3.0
43.03729000,17.48570000,3.0
43.03721000,17.48568000,3.0
43.03720000,17.48566000,3.0
43.03717000,17.48559000,3.0
43.03714000,17.48556000,3.0
43.03711000,17.48549000,2.0
43.03708000,17.48546000,2.0
43.03703000,17.48542000,2.0
43.03700000,17.48541000,2.0
43.03693000,17.48543000,2.0
43.03690000,17.48543000,2.0
43.03682000,17.48548000,2.0
43.03680000,17.48549000,2.0
43.03672000,17.48553000,2.0
43.03670000,17.48554000,2.0
43.03663000,17.48560000,3.0
43.03661000,17.48561000,3.0
43.03653000,17.48564000,2.0
43.03651000,17.48564000,2.0
43.03650000,17.48566000,2.0
43.03648000,17.48566000,2.0
43.03640000,17.48571000,2.0
43.03638000,17.48572000,2.0
43.03631000,17.48578000,2.0
43.03628000,17.48579000,2.0
43.03622000,17.48584000,2.0
43.03619000,17.48586000,2.0
43.03614000,17.48588000,2.0
43.03611000,17.48590000,2.0
43.03604000,17.48593000,2.0
43.03602000,17.48593000,2.0
43.03595000,17.48598000,2.0
43.03593000,17.48599000,2.0
43.03586000,17.48603000,2.0
43.03584000,17.48604000,2.0
43.03576000,17.48607000,1.0
43.03574000,17.48609000,1.0
43.03568000,17.48618000,1.0
43.03566000,17.48620000,1.0
43.03559000,17.48628000,1.0
43.03557000,17.48630000,1.0
43.03551000,17.48638000,1.0
43.03549000,17.48640000,1.0
43.03544000,17.48645000,1.0
43.03541000,17.48647000,1.0
43.03536000,17.48651000,1.0
43.03533000,17.48654000,1.0
43.03528000,17.48658000,1.0
43.03525000,17.48660000,1.0
43.03520000,17.48665000,1.0
43.03518000,17.48667000,1.0
43.03512000,17.48675000,1.0
43.03510000,17.48678000,0.0
43.03505000,17.48685000,0.0
43.03502000,17.48688000,0.0
43.03497000,17.48697000,0.0
43.03496000,17.48701000,0.0
43.03491000,17.48710000,0.0
43.03489000,17.48713000,0.0
43.03486000,17.48721000,0.0
43.03484000,17.48724000,0.0
43.03479000,17.48731000,0.0
43.03477000,17.48735000,0.0
43.03473000,17.48742000,0.0
43.03472000,17.48746000,0.0
43.03469000,17.48756000,0.0
43.03467000,17.48760000,0.0
43.03465000,17.48768000,0.0
43.03463000,17.48772000,0.0
43.03462000,17.48781000,1.0
43.03462000,17.48786000,1.0
43.03460000,17.48797000,1.0
43.03458000,17.48801000,1.0
43.03458000,17.48809000,1.0
43.03458000,17.48813000,1.0
43.03459000,17.48824000,1.0
43.03459000,17.48828000,1.0
43.03459000,17.48840000,1.0
43.03459000,17.48844000,1.0
43.03461000,17.48856000,1.0
43.03462000,17.48859000,1.0
43.03462000,17.48871000,1.0
43.03462000,17.48874000,1.0
43.03463000,17.48886000,1.0
43.03463000,17.48888000,1.0
43.03467000,17.48878000,1.0
43.03468000,17.48877000,1.0
43.03469000,17.48877000,1.0
43.03470000,17.48877000,1.0
43.03475000,17.48871000,1.0
43.03479000,17.48872000,1.0
43.03474000,17.48863000,1.0
43.03474000,17.48860000,1.0
43.03475000,17.48850000,1.0
43.03475000,17.48844000,1.0
43.03476000,17.48837000,1.0
43.03477000,17.48831000,1.0
43.03478000,17.48824000,1.0
43.03479000,17.48817000,1.0
43.03480000,17.48811000,1.0
43.03481000,17.48805000,1.0
43.03482000,17.48793000,1.0
43.03484000,17.48788000,1.0
43.03487000,17.48776000,0.0
43.03488000,17.48771000,0.0
43.03492000,17.48760000,0.0
43.03493000,17.48755000,0.0
43.03497000,17.48744000,0.0
43.03499000,17.48740000,0.0
43.03504000,17.48730000,1.0
43.03506000,17.48726000,1.0
43.03511000,17.48717000,1.0
43.03513000,17.48713000,1.0
43.03519000,17.48704000,1.0
43.03520000,17.48700000,1.0
43.03524000,17.48693000,1.0
43.03526000,17.48689000,1.0
43.03531000,17.48682000,2.0
43.03533000,17.48678000,2.0
43.03540000,17.48672000,2.0
43.03543000,17.48670000,2.0
43.03548000,17.48665000,1.0
43.03551000,17.48662000,1.0
43.03557000,17.48657000,2.0
43.03560000,17.48655000,2.0
43.03566000,17.48651000,2.0
43.03571000,17.48649000,2.0
43.03578000,17.48645000,2.0
43.03581000,17.48643000,2.0
43.03588000,17.48639000,2.0
43.03591000,17.48638000,2.0
43.03598000,17.48635000,2.0
43.03601000,17.48634000,2.0
43.03608000,17.48631000,2.0
43.03611000,17.48629000,2.0
43.03616000,17.48625000,2.0
43.03620000,17.48623000,2.0
43.03625000,17.48619000,2.0
43.03628000,17.48618000,2.0
43.03634000,17.48616000,2.0
43.03637000,17.48614000,2.0
43.03645000,17.48610000,3.0
43.03648000,17.48609000,3.0
43.03654000,17.48605000,3.0
43.03657000,17.48604000,4.0
43.03662000,17.48600000,4.0
43.03665000,17.48599000,4.0
43.03671000,17.48595000,4.0
43.03674000,17.48594000,4.0
43.03680000,17.48591000,4.0
43.03683000,17.48589000,4.0
43.03688000,17.48587000,4.0
43.03689000,17.48587000,4.0
43.03693000,17.48584000,4.0
43.03695000,17.48584000,3.0
43.03701000,17.48581000,3.0
43.03704000,17.48579000,3.0
43.03710000,17.48576000,3.0
43.03713000,17.48575000,3.0
43.03719000,17.48572000,3.0
43.03723000,17.48570000,3.0
43.03729000,17.48567000,3.0
43.03732000,17.48565000,3.0
43.03738000,17.48562000,3.0
43.03742000,17.48560000,3.0
43.03749000,17.48557000,3.0
43.03752000,17.48555000,3.0
43.03759000,17.48552000,3.0
43.03762000,17.48550000,2.0
43.03768000,17.48547000,2.0
43.03772000,17.48546000,1.0
43.03778000,17.48542000,1.0
43.03782000,17.48540000,1.0
43.03786000,17.48534000,1.0
43.03789000,17.48533000,1.0
43.03795000,17.48529000,1.0
43.03798000,17.48528000,1.0
43.03805000,17.48523000,1.0
43.03808000,17.48522000,1.0
43.03816000,17.48517000,1.0
43.03819000,17.48515000,1.0
43.03828000,17.48511000,1.0
43.03834000,17.48508000,1.0
43.03838000,17.48506000,1.0
43.03845000,17.48502000,1.0
43.03847000,17.48500000,1.0
43.03855000,17.48494000,1.0
43.03857000,17.48492000,1.0
43.03864000,17.48488000,1.0
43.03868000,17.48486000,1.0
43.03872000,17.48484000,1.0
43.03877000,17.48483000,1.0
43.03882000,17.48481000,1.0
43.03886000,17.48480000,1.0
43.03894000,17.48477000,1.0
43.03899000,17.48475000,1.0
43.03904000,17.48473000,1.0
43.03908000,17.48471000,1.0
43.03913000,17.48469000,1.0
43.03918000,17.48467000,1.0
43.03923000,17.48465000,1.0
43.03927000,17.48463000,2.0
43.03931000,17.48461000,2.0
43.03936000,17.48459000,3.0
43.03940000,17.48457000,3.0
43.03944000,17.48454000,3.0
43.03949000,17.48452000,4.0
43.03953000,17.48450000,4.0
43.03957000,17.48447000,4.0
43.03962000,17.48445000,5.0
43.03967000,17.48443000,5.0
43.03972000,17.48440000,5.0
43.03977000,17.48438000,6.0
43.03981000,17.48435000,6.0
43.03985000,17.48432000,6.0
43.03990000,17.48430000,6.0
43.03994000,17.48428000,7.0
43.03999000,17.48425000,7.0
43.04003000,17.48422000,7.0
43.04008000,17.48420000,7.0
43.04013000,17.48417000,7.0
43.04019000,17.48414000,7.0
43.04023000,17.48411000,6.0
43.04028000,17.48408000,6.0
43.04033000,17.48406000,5.0
43.04038000,17.48403000,5.0
43.04043000,17.48400000,4.0
43.04048000,17.48397000,3.0
43.04054000,17.48394000,3.0
43.04060000,17.48391000,2.0
43.04067000,17.48388000,2.0
43.04073000,17.48385000,2.0
43.04079000,17.48382000,2.0
43.04085000,17.48379000,2.0
43.04090000,17.48375000,2.0
43.04097000,17.48372000,2.0
43.04103000,17.48369000,2.0
43.04109000,17.48365000,2.0
43.04116000,17.48362000,3.0
43.04122000,17.48358000,3.0
43.04129000,17.48355000,3.0
43.04135000,17.48351000,4.0
43.04142000,17.48348000,4.0
43.04149000,17.48345000,4.0
43.04155000,17.48341000,4.0
43.04162000,17.48338000,4.0
43.04169000,17.48335000,4.0
43.04175000,17.48331000,4.0
43.04182000,17.48327000,4.0
43.04189000,17.48324000,4.0
43.04196000,17.48321000,3.0
43.04203000,17.48318000,3.0
43.04210000,17.48314000,2.0
43.04217000,17.48311000,2.0
43.04223000,17.48308000,2.0
43.04229000,17.48305000,2.0
43.04236000,17.48301000,2.0
43.04243000,17.48297000,2.0
43.04249000,17.48294000,2.0
43.04256000,17.48290000,2.0
43.04262000,17.48287000,2.0
43.04269000,17.48284000,2.0
43.04275000,17.48280000,2.0
43.04281000,17.48277000,2.0
43.04288000,17.48273000,2.0
43.04294000,17.48270000,2.0
43.04300000,17.48267000,2.0
43.04307000,17.48263000,2.0
43.04314000,17.48260000,2.0
43.04320000,17.48257000,2.0
43.04326000,17.48253000,2.0
43.04333000,17.48250000,2.0
43.04338000,17.48247000,1.0
43.04345000,17.48244000,1.0
43.04351000,17.48241000,1.0
43.04357000,17.48237000,1.0
43.04363000,17.48234000,2.0
43.04368000,17.48231000,2.0
43.04375000,17.48228000,2.0
43.04381000,17.48225000,2.0
43.04387000,17.48223000,2.0
43.04393000,17.48220000,1.0
43.04400000,17.48217000,1.0
43.04406000,17.48214000,0.0
43.04412000,17.48211000,0.0
43.04418000,17.48209000,-1.0
43.04424000,17.48206000,-1.0
43.04430000,17.48204000,-1.0
43.04436000,17.48202000,-1.0
43.04442000,17.48199000,-1.0
43.04448000,17.48197000,-2.0
43.04454000,17.48194000,-2.0
43.04459000,17.48191000,-2.0
43.04464000,17.48188000,-2.0
43.04469000,17.48185000,-2.0
43.04474000,17.48181000,-2.0
43.04480000,17.48178000,-2.0
43.04485000,17.48175000,-2.0
43.04490000,17.48172000,-2.0
43.04495000,17.48168000,-2.0
43.04500000,17.48165000,-2.0
43.04506000,17.48161000,-2.0
43.04511000,17.48158000,-2.0
43.04517000,17.48154000,-2.0
43.04523000,17.48150000,-2.0
43.04529000,17.48146000,-2.0
43.04535000,17.48141000,-1.0
43.04540000,17.48137000,-1.0
43.04546000,17.48134000,0.0
43.04551000,17.48130000,0.0
43.04556000,17.48126000,0.0
43.04561000,17.48123000,0.0
43.04565000,17.48119000,0.0
43.04570000,17.48116000,0.0
43.04576000,17.48112000,0.0
43.04581000,17.48107000,-1.0
43.04587000,17.48103000,0.0
43.04592000,17.48099000,0.0
43.04597000,17.48095000,0.0
43.04602000,17.48091000,0.0
43.04608000,17.48087000,0.0
43.04612000,17.48083000,0.0
43.04617000,17.48080000,0.0
43.04622000,17.48076000,0.0
43.04627000,17.48072000,0.0
43.04632000,17.48069000,0.0
43.04637000,17.48065000,0.0
43.04642000,17.48061000,0.0
43.04647000,17.48057000,0.0
43.04652000,17.48054000,0.0
43.04656000,17.48050000,0.0
43.04661000,17.48046000,0.0
43.04665000,17.48043000,0.0
43.04668000,17.48039000,-1.0
43.04673000,17.48036000,-1.0
43.04677000,17.48033000,-1.0
43.04682000,17.48029000,-1.0
43.04686000,17.48026000,0.0
43.04690000,17.48023000,0.0
43.04695000,17.48019000,0.0
43.04699000,17.48015000,0.0
43.04703000,17.48011000,0.0
43.04708000,17.48007000,0.0
43.04712000,17.48004000,0.0
43.04716000,17.48000000,0.0
43.04721000,17.47997000,0.0
43.04725000,17.47993000,1.0
43.04730000,17.47989000,1.0
43.04734000,17.47986000,1.0
43.04738000,17.47982000,1.0
43.04742000,17.47979000,1.0
43.04746000,17.47975000,1.0
43.04750000,17.47972000,1.0
43.04755000,17.47969000,1.0
43.04759000,17.47966000,1.0
43.04763000,17.47962000,1.0
43.04767000,17.47959000,1.0
43.04772000,17.47956000,1.0
43.04776000,17.47953000,1.0
43.04780000,17.47950000,1.0
43.04788000,17.47944000,0.0
43.04792000,17.47941000,0.0
43.04796000,17.47939000,0.0
43.04800000,17.47936000,0.0
43.04808000,17.47930000,0.0
43.04812000,17.47927000,0.0
43.04819000,17.47922000,0.0
43.04823000,17.47920000,0.0
43.04830000,17.47915000,0.0
43.04834000,17.47912000,0.0
43.04840000,17.47907000,0.0
43.04844000,17.47905000,0.0
43.04849000,17.47901000,0.0
43.04853000,17.47899000,1.0
43.04860000,17.47893000,1.0
43.04864000,17.47890000,2.0
43.04871000,17.47885000,2.0
43.04874000,17.47882000,2.0
43.04878000,17.47879000,2.0
43.04882000,17.47876000,3.0
43.04891000,17.47872000,3.0
43.04895000,17.47869000,4.0
43.04903000,17.47865000,4.0
43.04907000,17.47863000,5.0
43.04914000,17.47857000,5.0
43.04918000,17.47855000,5.0
43.04925000,17.47852000,5.0
43.04929000,17.47850000,4.0
43.04934000,17.47848000,4.0
43.04938000,17.47847000,4.0
43.04943000,17.47845000,4.0
43.04949000,17.47845000,4.0
43.04954000,17.47844000,4.0
43.04958000,17.47842000,3.0
43.04963000,17.47842000,3.0
43.04968000,17.47841000,3.0
43.04974000,17.47840000,3.0
43.04979000,17.47839000,3.0
43.04983000,17.47838000,3.0
43.04988000,17.47838000,3.0
43.04992000,17.47837000,3.0
43.04997000,17.47836000,3.0
43.05002000,17.47834000,3.0
43.05006000,17.47833000,2.0
43.05011000,17.47832000,2.0
43.05016000,17.47831000,3.0
43.05021000,17.47830000,3.0
43.05026000,17.47828000,3.0
43.05030000,17.47827000,3.0
43.05035000,17.47824000,4.0
43.05039000,17.47822000,5.0
43.05043000,17.47820000,6.0
43.05051000,17.47816000,7.0
43.05055000,17.47813000,8.0
43.05059000,17.47810000,8.0
43.05063000,17.47807000,9.0
43.05069000,17.47799000,9.0
43.05073000,17.47796000,10.0
43.05079000,17.47789000,10.0
43.05082000,17.47785000,10.0
43.05087000,17.47777000,10.0
43.05089000,17.47774000,10.0
43.05093000,17.47767000,10.0
43.05096000,17.47764000,10.0
43.05101000,17.47756000,10.0
43.05103000,17.47751000,9.0
43.05108000,17.47743000,10.0
43.05110000,17.47739000,10.0
43.05114000,17.47731000,11.0
43.05117000,17.47727000,11.0
43.05122000,17.47720000,12.0
43.05124000,17.47718000,13.0
43.05128000,17.47709000,13.0
43.05130000,17.47706000,13.0
43.05135000,17.47696000,14.0
43.05135000,17.47695000,14.0
43.05138000,17.47690000,14.0
43.05139000,17.47691000,14.0
43.05139000,17.47689000,14.0
43.05140000,17.47689000,14.0
43.05144000,17.47682000,14.0
43.05146000,17.47679000,14.0
43.05153000,17.47673000,15.0
43.05155000,17.47671000,15.0
43.05160000,17.47665000,16.0
43.05162000,17.47661000,16.0
43.05168000,17.47654000,15.0
43.05169000,17.47651000,15.0
43.05175000,17.47643000,14.0
43.05176000,17.47640000,14.0
43.05180000,17.47631000,13.0
43.05182000,17.47628000,13.0
43.05188000,17.47621000,13.0
43.05189000,17.47618000,13.0
43.05194000,17.47611000,12.0
43.05196000,17.47608000,13.0
43.05199000,17.47601000,14.0
43.05200000,17.47598000,14.0
43.05204000,17.47589000,15.0
43.05205000,17.47586000,15.0
43.05207000,17.47576000,16.0
43.05207000,17.47573000,16.0
43.05209000,17.47564000,17.0
43.05210000,17.47560000,18.0
43.05212000,17.47549000,19.0
43.05212000,17.47546000,19.0
43.05214000,17.47537000,20.0
43.05214000,17.47533000,21.0
43.05215000,17.47522000,21.0
43.05216000,17.47519000,22.0
43.05217000,17.47509000,22.0
43.05218000,17.47505000,22.0
43.05218000,17.47493000,21.0
43.05219000,17.47490000,21.0
43.05221000,17.47480000,20.0
43.05221000,17.47477000,20.0
43.05223000,17.47467000,19.0
43.05224000,17.47464000,19.0
43.05228000,17.47454000,19.0
43.05229000,17.47451000,19.0
43.05235000,17.47443000,20.0
43.05236000,17.47441000,20.0
43.05241000,17.47433000,20.0
43.05243000,17.47431000,20.0
43.05248000,17.47424000,20.0
43.05250000,17.47422000,20.0
43.05258000,17.47414000,19.0
43.05261000,17.47411000,19.0
43.05268000,17.47406000,20.0
43.05271000,17.47404000,20.0
43.05277000,17.47400000,20.0
43.05281000,17.47399000,21.0
43.05288000,17.47395000,22.0
43.05291000,17.47393000,22.0
43.05297000,17.47389000,23.0
43.05301000,17.47387000,24.0
43.05306000,17.47383000,25.0
43.05309000,17.47380000,25.0
43.05314000,17.47376000,26.0
43.05317000,17.47373000,26.0
43.05321000,17.47365000,26.0
43.05323000,17.47361000,26.0
43.05327000,17.47354000,26.0
43.05330000,17.47350000,26.0
43.05333000,17.47339000,25.0
43.05335000,17.47334000,25.0
43.05340000,17.47325000,26.0
43.05341000,17.47318000,25.0
43.05344000,17.47306000,25.0
43.05345000,17.47301000,25.0
43.05346000,17.47295000,25.0
43.05347000,17.47289000,26.0
43.05348000,17.47282000,26.0
43.05348000,17.47275000,26.0
43.05348000,17.47266000,26.0
43.05348000,17.47258000,27.0
43.05348000,17.47251000,27.0
43.05348000,17.47244000,27.0
43.05348000,17.47236000,26.0
43.05348000,17.47228000,26.0
43.05349000,17.47221000,26.0
43.05350000,17.47214000,27.0
43.05350000,17.47208000,27.0
43.05351000,17.47201000,27.0
43.05352000,17.47195000,28.0
43.05353000,17.47189000,28.0
43.05353000,17.47182000,28.0
43.05355000,17.47176000,29.0
43.05356000,17.47170000,29.0
43.05358000,17.47164000,30.0
43.05359000,17.47156000,29.0
43.05361000,17.47148000,28.0
43.05363000,17.47141000,28.0
43.05364000,17.47134000,28.0
43.05366000,17.47127000,28.0
43.05368000,17.47120000,28.0
43.05370000,17.47113000,28.0
43.05371000,17.47106000,28.0
43.05373000,17.47099000,28.0
43.05375000,17.47091000,28.0
43.05377000,17.47083000,28.0
43.05380000,17.47075000,29.0
43.05382000,17.47067000,30.0
43.05384000,17.47059000,30.0
43.05387000,17.47051000,31.0
43.05389000,17.47044000,31.0
43.05392000,17.47036000,31.0
43.05394000,17.47030000,31.0
43.05397000,17.47023000,31.0
43.05398000,17.47015000,29.0
43.05400000,17.47008000,28.0
43.05401000,17.47001000,27.0
43.05403000,17.46994000,26.0
43.05405000,17.46986000,25.0
43.05407000,17.46978000,24.0
43.05409000,17.46970000,23.0
43.05411000,17.46963000,24.0
43.05413000,17.46956000,24.0
43.05414000,17.46948000,23.0
43.05416000,17.46941000,24.0
43.05417000,17.46934000,24.0
43.05419000,17.46928000,25.0
43.05420000,17.46921000,25.0
43.05420000,17.46915000,25.0
43.05422000,17.46909000,26.0
43.05423000,17.46902000,27.0
43.05424000,17.46896000,27.0
43.05424000,17.46890000,27.0
43.05425000,17.46878000,28.0
43.05425000,17.46872000,28.0
43.05425000,17.46865000,28.0
43.05426000,17.46858000,28.0
43.05426000,17.46851000,28.0
43.05426000,17.46845000,28.0
43.05426000,17.46837000,28.0
43.05426000,17.46830000,29.0
43.05426000,17.46822000,29.0
43.05426000,17.46814000,29.0
43.05425000,17.46806000,28.0
43.05424000,17.46799000,28.0
43.05423000,17.46791000,28.0
43.05422000,17.46784000,28.0
43.05421000,17.46776000,29.0
43.05420000,17.46769000,29.0
43.05418000,17.46761000,30.0
43.05417000,17.46753000,30.0
43.05416000,17.46745000,31.0
43.05414000,17.46738000,31.0
43.05413000,17.46731000,32.0
43.05411000,17.46723000,32.0
43.05410000,17.46716000,31.0
43.05408000,17.46709000,30.0
43.05407000,17.46701000,29.0
43.05405000,17.46694000,28.0
43.05402000,17.46686000,26.0
43.05400000,17.46678000,24.0
43.05399000,17.46670000,23.0
43.05398000,17.46662000,22.0
43.05398000,17.46655000,22.0
43.05397000,17.46647000,21.0
43.05397000,17.46639000,21.0
43.05397000,17.46630000,20.0
43.05397000,17.46623000,20.0
43.05398000,17.46615000,20.0
43.05399000,17.46607000,20.0
43.05400000,17.46599000,20.0
43.05401000,17.46592000,21.0
43.05402000,17.46584000,21.0
43.05403000,17.46577000,21.0
43.05404000,17.46570000,20.0
43.05406000,17.46563000,19.0
43.05408000,17.46556000,19.0
43.05410000,17.46548000,18.0
43.05412000,17.46542000,17.0
43.05415000,17.46534000,16.0
43.05418000,17.46528000,16.0
43.05421000,17.46522000,18.0
43.05424000,17.46514000,19.0
43.05427000,17.46507000,20.0
43.05430000,17.46500000,21.0
43.05432000,17.46493000,21.0
43.05434000,17.46487000,22.0
43.05437000,17.46480000,23.0
43.05440000,17.46474000,24.0
43.05443000,17.46467000,25.0
43.05445000,17.46460000,25.0
43.05448000,17.46454000,26.0
43.05450000,17.46448000,27.0
43.05453000,17.46442000,28.0
43.05455000,17.46436000,28.0
43.05458000,17.46430000,29.0
43.05461000,17.46423000,30.0
43.05464000,17.46416000,31.0
43.05466000,17.46409000,32.0
43.05468000,17.46403000,33.0
43.05470000,17.46395000,34.0
43.05472000,17.46388000,34.0
43.05473000,17.46380000,34.0
43.05474000,17.46373000,35.0
43.05474000,17.46366000,34.0
43.05473000,17.46358000,33.0
43.05472000,17.46351000,32.0
43.05471000,17.46344000,31.0
43.05471000,17.46338000,30.0
43.05471000,17.46331000,30.0
43.05469000,17.46323000,28.0
43.05469000,17.46317000,28.0
43.05468000,17.46310000,27.0
43.05466000,17.46302000,26.0
43.05464000,17.46296000,25.0
43.05461000,17.46289000,24.0
43.05458000,17.46283000,23.0
43.05455000,17.46277000,22.0
43.05451000,17.46271000,20.0
43.05448000,17.46265000,19.0
43.05445000,17.46259000,18.0
43.05442000,17.46254000,18.0
43.05438000,17.46250000,18.0
43.05435000,17.46245000,18.0
43.05431000,17.46240000,18.0
43.05427000,17.46235000,19.0
43.05423000,17.46231000,19.0
43.05418000,17.46226000,20.0
43.05414000,17.46223000,21.0
43.05409000,17.46218000,22.0
43.05404000,17.46215000,23.0
43.05399000,17.46211000,24.0
43.05394000,17.46207000,25.0
43.05390000,17.46204000,26.0
43.05385000,17.46200000,28.0
43.05380000,17.46197000,29.0
43.05376000,17.46194000,30.0
43.05371000,17.46190000,31.0
43.05366000,17.46186000,33.0
43.05359000,17.46180000,35.0
43.05355000,17.46176000,35.0
43.05350000,17.46173000,36.0
43.05345000,17.46170000,37.0
43.05339000,17.46168000,37.0
43.05333000,17.46166000,38.0
43.05328000,17.46164000,37.0
43.05323000,17.46161000,36.0
43.05317000,17.46159000,36.0
43.05313000,17.46157000,35.0
43.05308000,17.46154000,35.0
43.05303000,17.46151000,34.0
43.05297000,17.46147000,33.0
43.05292000,17.46143000,33.0
43.05287000,17.46137000,33.0
43.05283000,17.46132000,32.0
43.05278000,17.46128000,32.0
43.05274000,17.46126000,31.0
43.05270000,17.46121000,31.0
43.05267000,17.46116000,31.0
43.05263000,17.46112000,31.0
43.05260000,17.46107000,31.0
43.05255000,17.46098000,32.0
43.05252000,17.46094000,31.0
43.05248000,17.46086000,31.0
43.05245000,17.46081000,31.0
43.05242000,17.46072000,32.0
43.05240000,17.46067000,32.0
43.05237000,17.46056000,33.0
43.05236000,17.46051000,33.0
43.05234000,17.46040000,33.0
43.05234000,17.46036000,34.0
43.05232000,17.46026000,34.0
43.05231000,17.46020000,34.0
43.05230000,17.46010000,34.0
43.05229000,17.46004000,34.0
43.05227000,17.45993000,34.0
43.05227000,17.45988000,34.0
43.05226000,17.45977000,35.0
43.05226000,17.45972000,35.0
43.05225000,17.45960000,36.0
43.05225000,17.45954000,37.0
43.05224000,17.45942000,37.0
43.05223000,17.45936000,37.0
43.05221000,17.45925000,37.0
43.05221000,17.45918000,38.0

43.05220000,17.45908000,38.0
43.05219000,17.45902000,37.0
43.05216000,17.45891000,36.0
43.05215000,17.45886000,36.0
43.05214000,17.45874000,34.0
43.05213000,17.45868000,34.0
43.05212000,17.45862000,33.0
43.05213000,17.45855000,34.0
43.05214000,17.45849000,35.0
43.05214000,17.45843000,35.0
43.05214000,17.45832000,35.0
43.05214000,17.45826000,36.0
43.05213000,17.45814000,36.0
43.05212000,17.45809000,36.0
43.05212000,17.45797000,37.0
43.05212000,17.45792000,38.0
43.05211000,17.45781000,38.0
43.05210000,17.45775000,39.0
43.05210000,17.45763000,40.0
43.05210000,17.45757000,41.0
43.05210000,17.45745000,42.0
43.05211000,17.45740000,42.0
43.05211000,17.45729000,42.0
43.05211000,17.45724000,41.0
43.05212000,17.45714000,41.0
43.05211000,17.45709000,40.0
43.05212000,17.45703000,40.0
43.05211000,17.45696000,39.0
43.05210000,17.45684000,38.0
43.05210000,17.45678000,37.0
43.05210000,17.45672000,37.0
43.05210000,17.45666000,36.0
43.05210000,17.45659000,36.0
43.05210000,17.45653000,35.0
43.05211000,17.45641000,35.0
43.05212000,17.45635000,35.0
43.05214000,17.45623000,34.0
43.05215000,17.45617000,34.0
43.05217000,17.45607000,34.0
43.05218000,17.45602000,34.0
43.05221000,17.45591000,34.0
43.05223000,17.45586000,34.0
43.05225000,17.45579000,34.0
43.05229000,17.45574000,36.0
43.05231000,17.45569000,36.0
43.05234000,17.45563000,37.0
43.05236000,17.45559000,37.0
43.05238000,17.45552000,37.0
43.05240000,17.45546000,37.0
43.05242000,17.45540000,37.0
43.05245000,17.45535000,38.0
43.05247000,17.45530000,38.0
43.05248000,17.45524000,37.0
43.05250000,17.45518000,37.0
43.05252000,17.45507000,35.0
43.05252000,17.45501000,34.0
43.05254000,17.45490000,34.0
43.05255000,17.45485000,34.0
43.05255000,17.45473000,32.0
43.05254000,17.45467000,32.0
43.05255000,17.45458000,32.0
43.05255000,17.45454000,32.0
43.05257000,17.45443000,32.0
43.05259000,17.45441000,33.0
43.05262000,17.45432000,34.0
43.05261000,17.45428000,34.0
43.05261000,17.45419000,34.0
43.05261000,17.45414000,34.0
43.05261000,17.45402000,35.0
43.05261000,17.45397000,35.0
43.05262000,17.45390000,36.0
43.05262000,17.45384000,36.0
43.05263000,17.45378000,36.0
43.05263000,17.45372000,36.0
43.05265000,17.45365000,36.0
43.05268000,17.45359000,36.0
43.05270000,17.45353000,36.0
43.05272000,17.45347000,35.0
43.05274000,17.45341000,35.0
43.05277000,17.45335000,35.0
43.05279000,17.45329000,34.0
43.05284000,17.45321000,33.0
43.05287000,17.45315000,32.0
43.05290000,17.45308000,30.0
43.05294000,17.45302000,30.0
43.05299000,17.45297000,30.0
43.05304000,17.45292000,30.0
43.05308000,17.45287000,30.0
43.05313000,17.45281000,30.0
43.05318000,17.45276000,30.0
43.05323000,17.45271000,29.0
43.05329000,17.45266000,29.0
43.05332000,17.45261000,28.0
43.05338000,17.45256000,27.0
43.05343000,17.45251000,26.0
43.05348000,17.45244000,24.0
43.05354000,17.45239000,23.0
43.05359000,17.45233000,22.0
43.05365000,17.45228000,21.0
43.05371000,17.45223000,21.0
43.05375000,17.45218000,22.0
43.05380000,17.45213000,23.0
43.05384000,17.45209000,23.0
43.05388000,17.45205000,24.0
43.05393000,17.45201000,24.0
43.05396000,17.45197000,24.0
43.05402000,17.45190000,24.0
43.05403000,17.45189000,24.0
43.05410000,17.45194000,25.0
43.05411000,17.45198000,25.0
43.05416000,17.45208000,27.0
43.05415000,17.45210000,27.0
43.05414000,17.45216000,28.0
43.05413000,17.45215000,27.0
43.05413000,17.45227000,29.0
43.05412000,17.45228000,28.0
43.05404000,17.45231000,28.0
43.05403000,17.45231000,28.0
43.05397000,17.45240000,29.0
43.05397000,17.45241000,29.0
43.05397000,17.45253000,31.0
43.05397000,17.45254000,31.0
43.05391000,17.45260000,32.0
43.05389000,17.45260000,32.0
43.05386000,17.45248000,29.0
43.05386000,17.45245000,29.0
43.05382000,17.45237000,27.0
43.05382000,17.45235000,26.0
43.05381000,17.45223000,24.0
43.05387000,17.45209000,24.0
43.05388000,17.45197000,23.0
43.05388000,17.45195000,23.0
43.05393000,17.45200000,24.0
43.05394000,17.45205000,25.0
43.05400000,17.45196000,24.0
43.05402000,17.45198000,25.0
43.05404000,17.45200000,25.0
43.05413000,17.45202000,26.0
43.05413000,17.45206000,26.0
43.05406000,17.45215000,27.0
43.05408000,17.45205000,26.0
43.05408000,17.45203000,26.0
43.05410000,17.45196000,25.0
43.05421000,17.45190000,25.0
43.05424000,17.45198000,26.0
43.05422000,17.45203000,27.0
43.05407000,17.45213000,27.0
43.05401000,17.45222000,27.0
43.05402000,17.45224000,27.0
43.05410000,17.45228000,28.0
43.05411000,17.45228000,28.0
43.05410000,17.45228000,28.0
43.05419000,17.45224000,29.0
43.05420000,17.45225000,29.0
43.05411000,17.45229000,28.0
43.05409000,17.45217000,27.0
43.05411000,17.45214000,27.0
43.05418000,17.45213000,28.0
43.05423000,17.45215000,28.0
43.05417000,17.45208000,27.0
43.05414000,17.45206000,27.0
43.05411000,17.45196000,25.0
43.05411000,17.45191000,25.0
43.05413000,17.45184000,24.0
43.05416000,17.45179000,24.0
43.05419000,17.45173000,23.0
43.05421000,17.45167000,23.0
43.05423000,17.45161000,22.0
43.05426000,17.45154000,22.0
43.05429000,17.45148000,22.0
43.05433000,17.45142000,22.0
43.05436000,17.45136000,22.0
43.05442000,17.45128000,21.0
43.05446000,17.45121000,22.0
43.05450000,17.45113000,22.0
43.05453000,17.45105000,22.0
43.05457000,17.45097000,23.0
43.05461000,17.45089000,23.0
43.05465000,17.45081000,23.0
43.05468000,17.45073000,23.0
43.05471000,17.45065000,23.0
43.05474000,17.45057000,23.0
43.05477000,17.45049000,23.0
43.05480000,17.45042000,23.0
43.05483000,17.45034000,24.0
43.05485000,17.45027000,24.0
43.05488000,17.45019000,23.0
43.05490000,17.45011000,23.0
43.05492000,17.45004000,23.0
43.05494000,17.44997000,23.0
43.05496000,17.44991000,23.0
43.05498000,17.44984000,23.0
43.05499000,17.44978000,23.0
43.05500000,17.44971000,22.0
43.05500000,17.44965000,22.0
43.05501000,17.44959000,23.0
43.05502000,17.44952000,23.0
43.05502000,17.44946000,22.0
43.05503000,17.44939000,24.0
43.05502000,17.44928000,24.0
43.05501000,17.44922000,25.0
43.05498000,17.44912000,24.0
43.05497000,17.44905000,25.0
43.05492000,17.44895000,24.0
43.05489000,17.44890000,23.0
43.05486000,17.44884000,23.0
43.05482000,17.44878000,22.0
43.05481000,17.44873000,22.0
43.05478000,17.44867000,21.0
43.05476000,17.44861000,21.0
43.05473000,17.44855000,20.0
43.05471000,17.44849000,21.0
43.05468000,17.44844000,21.0
43.05466000,17.44835000,23.0
43.05465000,17.44828000,24.0
43.05462000,17.44824000,23.0
43.05462000,17.44817000,25.0
43.05460000,17.44805000,26.0
43.05455000,17.44802000,25.0
43.05452000,17.44797000,25.0
43.05450000,17.44791000,25.0
43.05449000,17.44785000,26.0
43.05447000,17.44779000,26.0
43.05445000,17.44771000,26.0
43.05443000,17.44766000,26.0
43.05440000,17.44756000,27.0
43.05439000,17.44752000,27.0
43.05438000,17.44741000,28.0
43.05440000,17.44734000,28.0
43.05439000,17.44722000,29.0
43.05440000,17.44714000,29.0
43.05440000,17.44704000,30.0
43.05440000,17.44700000,30.0
43.05441000,17.44692000,30.0
43.05441000,17.44687000,30.0
43.05442000,17.44678000,30.0
43.05442000,17.44674000,30.0
43.05444000,17.44663000,30.0
43.05445000,17.44659000,30.0
43.05448000,17.44648000,31.0
43.05448000,17.44645000,31.0
43.05451000,17.44634000,32.0
43.05452000,17.44630000,32.0
43.05453000,17.44620000,33.0
43.05454000,17.44616000,33.0
43.05456000,17.44605000,34.0
43.05457000,17.44601000,35.0
43.05456000,17.44589000,34.0
43.05457000,17.44586000,34.0
43.05460000,17.44577000,34.0
43.05462000,17.44573000,35.0
43.05465000,17.44565000,35.0
43.05466000,17.44561000,35.0
43.05470000,17.44554000,36.0
43.05472000,17.44549000,36.0
43.05477000,17.44539000,34.0
43.05479000,17.44537000,34.0
43.05483000,17.44530000,34.0
43.05485000,17.44527000,33.0
43.05489000,17.44520000,33.0
43.05492000,17.44517000,33.0
43.05497000,17.44511000,33.0
43.05499000,17.44509000,33.0
43.05504000,17.44504000,32.0
43.05508000,17.44501000,32.0
43.05515000,17.44496000,32.0
43.05518000,17.44494000,32.0
43.05526000,17.44491000,32.0
43.05529000,17.44492000,32.0
43.05537000,17.44489000,32.0
43.05540000,17.44487000,32.0
43.05548000,17.44485000,32.0
43.05551000,17.44484000,31.0
43.05558000,17.44484000,32.0
43.05563000,17.44484000,32.0
43.05570000,17.44484000,32.0
43.05574000,17.44484000,33.0
43.05582000,17.44484000,33.0
43.05585000,17.44484000,33.0
43.05592000,17.44484000,34.0
43.05596000,17.44483000,34.0
43.05601000,17.44482000,33.0
43.05606000,17.44481000,33.0
43.05611000,17.44480000,33.0
43.05615000,17.44480000,33.0
43.05619000,17.44479000,33.0
43.05624000,17.44478000,33.0
43.05629000,17.44478000,34.0
43.05634000,17.44477000,33.0
43.05638000,17.44476000,33.0
43.05643000,17.44476000,33.0
43.05652000,17.44474000,32.0
43.05656000,17.44474000,32.0
43.05661000,17.44473000,31.0
43.05666000,17.44473000,31.0
43.05670000,17.44473000,30.0
43.05676000,17.44472000,29.0
43.05681000,17.44472000,28.0
43.05686000,17.44472000,28.0
43.05694000,17.44472000,26.0
43.05699000,17.44473000,26.0
43.05707000,17.44473000,25.0
43.05710000,17.44474000,25.0
43.05717000,17.44475000,24.0
43.05720000,17.44475000,24.0
43.05726000,17.44476000,24.0
43.05731000,17.44478000,25.0
43.05737000,17.44480000,26.0
43.05741000,17.44483000,28.0
43.05747000,17.44484000,28.0
43.05751000,17.44485000,29.0
43.05756000,17.44486000,30.0
43.05761000,17.44486000,30.0
43.05768000,17.44487000,31.0
43.05772000,17.44488000,31.0
43.05780000,17.44490000,32.0
43.05784000,17.44490000,32.0
43.05789000,17.44490000,32.0
43.05793000,17.44489000,32.0
43.05801000,17.44489000,32.0
43.05804000,17.44489000,32.0
43.05812000,17.44490000,32.0
43.05816000,17.44490000,32.0
43.05822000,17.44491000,32.0
43.05825000,17.44491000,32.0
43.05833000,17.44492000,32.0
43.05836000,17.44493000,33.0
43.05842000,17.44494000,34.0
43.05845000,17.44495000,35.0
43.05853000,17.44496000,36.0
43.05857000,17.44495000,36.0
43.05864000,17.44496000,37.0
43.05866000,17.44496000,37.0
43.05875000,17.44496000,37.0
43.05878000,17.44496000,38.0
43.05884000,17.44497000,38.0
43.05887000,17.44498000,39.0
43.05894000,17.44500000,40.0
43.05897000,17.44501000,39.0
43.05903000,17.44503000,39.0
43.05906000,17.44504000,39.0
43.05915000,17.44503000,37.0
43.05918000,17.44504000,37.0
43.05926000,17.44507000,36.0
43.05930000,17.44506000,35.0
43.05938000,17.44505000,32.0
43.05941000,17.44505000,32.0
43.05949000,17.44508000,32.0
43.05951000,17.44508000,33.0
43.05954000,17.44509000,33.0
43.05960000,17.44511000,34.0
43.05967000,17.44511000,35.0
43.05971000,17.44512000,36.0
43.05978000,17.44513000,38.0
43.05981000,17.44512000,38.0
43.05990000,17.44511000,41.0
43.05992000,17.44511000,41.0
43.05999000,17.44508000,42.0
43.06002000,17.44507000,43.0
43.06008000,17.44506000,44.0
43.06011000,17.44506000,45.0
43.06017000,17.44503000,46.0
43.06021000,17.44502000,46.0
43.06030000,17.44502000,49.0
43.06032000,17.44502000,49.0
43.06041000,17.44501000,52.0
43.06044000,17.44500000,52.0
43.06050000,17.44499000,54.0
43.06053000,17.44498000,54.0
43.06058000,17.44494000,53.0
43.06061000,17.44492000,53.0
43.06068000,17.44487000,52.0
43.06070000,17.44485000,51.0
43.06077000,17.44480000,51.0
43.06079000,17.44478000,51.0
43.06084000,17.44470000,50.0
43.06086000,17.44468000,50.0
43.06090000,17.44458000,48.0
43.06091000,17.44456000,48.0
43.06097000,17.44449000,48.0
43.06100000,17.44447000,48.0
43.06106000,17.44439000,48.0
43.06107000,17.44437000,48.0
43.06114000,17.44432000,49.0
43.06116000,17.44430000,49.0
43.06121000,17.44424000,50.0
43.06123000,17.44422000,50.0
43.06129000,17.44414000,51.0
43.06130000,17.44411000,50.0
43.06136000,17.44405000,51.0
43.06138000,17.44402000,51.0
43.06143000,17.44396000,51.0
43.06145000,17.44394000,51.0
43.06151000,17.44385000,51.0
43.06153000,17.44382000,51.0
43.06159000,17.44376000,52.0
43.06161000,17.44374000,52.0
43.06168000,17.44366000,52.0
43.06170000,17.44364000,52.0
43.06176000,17.44359000,52.0
43.06177000,17.44357000,52.0
43.06185000,17.44350000,53.0
43.06186000,17.44348000,53.0
43.06192000,17.44342000,54.0
43.06196000,17.44341000,55.0
43.06203000,17.44336000,56.0
43.06205000,17.44335000,56.0
43.06211000,17.44330000,57.0
43.06214000,17.44328000,58.0
43.06220000,17.44324000,59.0
43.06221000,17.44321000,59.0
43.06226000,17.44315000,59.0
43.06228000,17.44313000,59.0
43.06235000,17.44306000,59.0
43.06237000,17.44304000,59.0
43.06243000,17.44298000,60.0
43.06245000,17.44296000,61.0
43.06253000,17.44293000,62.0
43.06255000,17.44291000,62.0
43.06260000,17.44284000,62.0
43.06262000,17.44282000,62.0
43.06268000,17.44274000,63.0
43.06270000,17.44273000,63.0
43.06275000,17.44267000,64.0
43.06279000,17.44265000,64.0
43.06284000,17.44261000,64.0
43.06287000,17.44259000,64.0
43.06294000,17.44251000,63.0
43.06296000,17.44249000,63.0
43.06301000,17.44244000,62.0
43.06304000,17.44242000,62.0
43.06309000,17.44236000,62.0
43.06311000,17.44234000,62.0
43.06316000,17.44229000,61.0
43.06319000,17.44226000,61.0
43.06326000,17.44220000,61.0
43.06328000,17.44218000,61.0
43.06334000,17.44212000,60.0
43.06337000,17.44210000,61.0
43.06342000,17.44204000,61.0
43.06344000,17.44202000,61.0
43.06345000,17.44192000,62.0
43.06349000,17.44189000,62.0
43.06356000,17.44182000,62.0
43.06359000,17.44179000,62.0
43.06364000,17.44172000,62.0
43.06369000,17.44169000,62.0
43.06373000,17.44166000,62.0
43.06379000,17.44164000,61.0
43.06386000,17.44157000,60.0
43.06389000,17.44154000,60.0
43.06396000,17.44146000,57.0
43.06397000,17.44141000,57.0
43.06401000,17.44132000,55.0
43.06401000,17.44126000,55.0
43.06404000,17.44116000,54.0
43.06405000,17.44111000,54.0
43.06408000,17.44106000,53.0
43.06411000,17.44101000,52.0
43.06413000,17.44095000,51.0
43.06416000,17.44090000,51.0
43.06418000,17.44084000,50.0
43.06420000,17.44077000,50.0
43.06423000,17.44071000,49.0
43.06426000,17.44064000,49.0
43.06428000,17.44057000,48.0
43.06430000,17.44050000,48.0
43.06432000,17.44043000,48.0
43.06435000,17.44035000,48.0
43.06438000,17.44027000,47.0
43.06443000,17.44018000,46.0
43.06445000,17.44010000,47.0
43.06449000,17.44001000,48.0
43.06451000,17.43992000,50.0
43.06453000,17.43984000,52.0
43.06456000,17.43974000,54.0
43.06459000,17.43965000,54.0
43.06462000,17.43955000,55.0
43.06465000,17.43945000,55.0
43.06468000,17.43936000,54.0
43.06471000,17.43926000,52.0
43.06475000,17.43916000,50.0
43.06480000,17.43906000,45.0
43.06481000,17.43895000,43.0
43.06479000,17.43882000,42.0
43.06474000,17.43869000,42.0
43.06471000,17.43856000,42.0
43.06471000,17.43845000,41.0
43.06472000,17.43833000,40.0
43.06474000,17.43821000,37.0
43.06473000,17.43808000,36.0
43.06461000,17.43790000,38.0
43.06458000,17.43777000,37.0
43.06457000,17.43764000,35.0
43.06456000,17.43750000,33.0
43.06455000,17.43737000,33.0
43.06454000,17.43723000,32.0
43.06454000,17.43710000,33.0
43.06453000,17.43696000,35.0
43.06453000,17.43682000,36.0
43.06453000,17.43668000,38.0
43.06454000,17.43655000,38.0
43.06454000,17.43641000,39.0
43.06454000,17.43628000,39.0
43.06454000,17.43616000,39.0
43.06456000,17.43603000,39.0
43.06459000,17.43592000,39.0
43.06461000,17.43579000,38.0
43.06464000,17.43568000,37.0
43.06469000,17.43558000,36.0
43.06472000,17.43548000,35.0
43.06475000,17.43539000,34.0
43.06477000,17.43529000,33.0
43.06479000,17.43520000,32.0
43.06481000,17.43512000,32.0
43.06483000,17.43504000,32.0
43.06486000,17.43496000,31.0
43.06489000,17.43489000,31.0
43.06493000,17.43482000,31.0
43.06496000,17.43475000,31.0
43.06498000,17.43467000,31.0
43.06501000,17.43461000,31.0
43.06504000,17.43455000,31.0
43.06508000,17.43448000,31.0
43.06512000,17.43443000,30.0
43.06515000,17.43437000,31.0
43.06518000,17.43432000,31.0
43.06523000,17.43422000,31.0
43.06526000,17.43417000,31.0
43.06529000,17.43412000,31.0
43.06533000,17.43406000,32.0
43.06535000,17.43401000,32.0
43.06539000,17.43396000,32.0
43.06542000,17.43392000,33.0
43.06546000,17.43386000,33.0
43.06549000,17.43382000,33.0
43.06553000,17.43377000,33.0
43.06557000,17.43372000,34.0
43.06561000,17.43368000,35.0
43.06565000,17.43363000,36.0
43.06569000,17.43359000,37.0
43.06573000,17.43354000,38.0
43.06577000,17.43350000,39.0
43.06581000,17.43346000,39.0
43.06586000,17.43342000,40.0
43.06589000,17.43338000,40.0
43.06593000,17.43334000,41.0
43.06600000,17.43327000,42.0
43.06604000,17.43324000,42.0
43.06608000,17.43321000,42.0
43.06615000,17.43319000,41.0
43.06618000,17.43312000,41.0
43.06619000,17.43307000,41.0
43.06623000,17.43304000,41.0
43.06628000,17.43301000,41.0
43.06633000,17.43298000,40.0
43.06638000,17.43294000,40.0
43.06643000,17.43291000,40.0
43.06647000,17.43288000,39.0
43.06652000,17.43285000,39.0
43.06656000,17.43282000,39.0
43.06663000,17.43277000,38.0
43.06667000,17.43274000,39.0
43.06672000,17.43271000,38.0
43.06677000,17.43268000,38.0
43.06681000,17.43266000,37.0
43.06686000,17.43263000,37.0
43.06691000,17.43260000,36.0
43.06695000,17.43257000,36.0
43.06699000,17.43253000,36.0
43.06703000,17.43248000,36.0
43.06709000,17.43239000,36.0
43.06719000,17.43224000,35.0
43.06722000,17.43219000,35.0
43.06725000,17.43212000,34.0
43.06728000,17.43206000,32.0
43.06731000,17.43199000,31.0
43.06733000,17.43193000,30.0
43.06734000,17.43187000,29.0
43.06736000,17.43180000,29.0
43.06737000,17.43172000,28.0
43.06738000,17.43165000,28.0
43.06738000,17.43157000,29.0
43.06738000,17.43149000,29.0
43.06739000,17.43142000,29.0
43.06738000,17.43135000,30.0
43.06738000,17.43127000,30.0
43.06737000,17.43119000,31.0
43.06734000,17.43111000,33.0
43.06732000,17.43102000,33.0
43.06728000,17.43094000,34.0
43.06723000,17.43084000,34.0
43.06720000,17.43074000,33.0
43.06717000,17.43064000,32.0
43.06714000,17.43053000,30.0
43.06711000,17.43041000,29.0
43.06709000,17.43029000,28.0
43.06707000,17.43017000,27.0
43.06705000,17.43004000,27.0
43.06702000,17.42992000,27.0
43.06702000,17.42979000,26.0
43.06701000,17.42967000,26.0
43.06701000,17.42954000,25.0
43.06701000,17.42942000,24.0
43.06700000,17.42930000,24.0
43.06699000,17.42918000,24.0
43.06699000,17.42906000,24.0
43.06698000,17.42895000,24.0
43.06698000,17.42883000,24.0
43.06696000,17.42873000,24.0
43.06693000,17.42862000,24.0
43.06690000,17.42853000,24.0
43.06686000,17.42844000,24.0
43.06683000,17.42835000,24.0
43.06678000,17.42826000,24.0
43.06674000,17.42818000,24.0
43.06670000,17.42810000,24.0
43.06666000,17.42801000,24.0
43.06661000,17.42792000,24.0
43.06657000,17.42784000,23.0
43.06654000,17.42775000,23.0
43.06650000,17.42767000,22.0
43.06646000,17.42758000,21.0
43.06643000,17.42749000,21.0
43.06642000,17.42739000,21.0
43.06643000,17.42728000,20.0
43.06644000,17.42717000,20.0
43.06644000,17.42707000,20.0
43.06645000,17.42696000,19.0
43.06647000,17.42685000,19.0
43.06648000,17.42674000,19.0
43.06651000,17.42663000,19.0
43.06655000,17.42653000,19.0
43.06659000,17.42643000,19.0
43.06664000,17.42633000,19.0
43.06668000,17.42624000,18.0
43.06675000,17.42618000,17.0
43.06682000,17.42613000,16.0
43.06689000,17.42608000,15.0
43.06697000,17.42604000,14.0
43.06706000,17.42601000,14.0
43.06714000,17.42598000,13.0
43.06722000,17.42595000,13.0
43.06731000,17.42591000,14.0
43.06739000,17.42587000,15.0
43.06747000,17.42583000,16.0
43.06755000,17.42577000,17.0
43.06763000,17.42571000,18.0
43.06770000,17.42564000,19.0
43.06776000,17.42556000,19.0
43.06783000,17.42549000,19.0
43.06790000,17.42541000,19.0
43.06795000,17.42534000,19.0
43.06801000,17.42527000,19.0
43.06806000,17.42519000,19.0
43.06810000,17.42512000,19.0
43.06815000,17.42505000,19.0
43.06817000,17.42496000,18.0
43.06821000,17.42488000,18.0
43.06827000,17.42482000,18.0
43.06831000,17.42475000,18.0
43.06836000,17.42468000,18.0
43.06838000,17.42461000,18.0
43.06840000,17.42453000,18.0
43.06844000,17.42447000,17.0
43.06850000,17.42440000,17.0
43.06854000,17.42435000,17.0
43.06854000,17.42429000,17.0
43.06859000,17.42424000,17.0
43.06864000,17.42420000,18.0
43.06867000,17.42416000,18.0
43.06871000,17.42405000,18.0
43.06874000,17.42401000,18.0
43.06878000,17.42394000,17.0
43.06881000,17.42391000,17.0
43.06886000,17.42385000,17.0
43.06888000,17.42383000,17.0
43.06896000,17.42379000,16.0
43.06898000,17.42378000,16.0
43.06906000,17.42376000,14.0
43.06907000,17.42376000,14.0
43.06911000,17.42369000,14.0
43.06914000,17.42366000,13.0
43.06919000,17.42357000,13.0
43.06922000,17.42353000,12.0
43.06927000,17.42346000,12.0
43.06929000,17.42342000,12.0
43.06933000,17.42334000,12.0
43.06935000,17.42330000,12.0
43.06939000,17.42323000,12.0
43.06941000,17.42320000,12.0
43.06944000,17.42310000,14.0
43.06946000,17.42307000,14.0
43.06950000,17.42297000,15.0
43.06952000,17.42294000,15.0
43.06956000,17.42284000,16.0
43.06957000,17.42281000,16.0
43.06961000,17.42271000,16.0
43.06963000,17.42267000,16.0
43.06965000,17.42260000,17.0
43.06967000,17.42256000,17.0
43.06970000,17.42248000,17.0
43.06972000,17.42245000,16.0
43.06975000,17.42238000,16.0
43.06977000,17.42234000,15.0
43.06980000,17.42226000,15.0
43.06981000,17.42222000,14.0
43.06982000,17.42214000,14.0
43.06983000,17.42210000,14.0
43.06983000,17.42198000,15.0
43.06984000,17.42194000,14.0
43.06984000,17.42182000,14.0
43.06983000,17.42178000,15.0
43.06982000,17.42169000,16.0
43.06982000,17.42165000,16.0
43.06982000,17.42157000,16.0
43.06982000,17.42152000,16.0
43.06980000,17.42144000,17.0
43.06979000,17.42140000,18.0
43.06980000,17.42128000,18.0
43.06980000,17.42125000,18.0
43.06979000,17.42114000,19.0
43.06978000,17.42109000,20.0
43.06977000,17.42098000,20.0
43.06976000,17.42095000,21.0
43.06975000,17.42084000,21.0
43.06974000,17.42080000,21.0
43.06970000,17.42071000,23.0
43.06969000,17.42067000,23.0
43.06968000,17.42056000,22.0
43.06967000,17.42052000,22.0
43.06964000,17.42044000,22.0
43.06964000,17.42040000,22.0
43.06960000,17.42032000,22.0
43.06959000,17.42029000,22.0
43.06955000,17.42023000,22.0
43.06954000,17.42018000,22.0
43.06949000,17.42010000,21.0
43.06946000,17.42006000,21.0
43.06941000,17.41999000,22.0
43.06938000,17.41996000,23.0
43.06931000,17.41992000,24.0
43.06928000,17.41988000,25.0
43.06922000,17.41979000,24.0
43.06922000,17.41976000,23.0
43.06917000,17.41966000,23.0
43.06917000,17.41962000,22.0
43.06915000,17.41952000,22.0
43.06912000,17.41948000,22.0
43.06910000,17.41940000,22.0
43.06908000,17.41935000,23.0
43.06905000,17.41928000,23.0
43.06903000,17.41925000,24.0
43.06902000,17.41916000,24.0
43.06902000,17.41911000,24.0
43.06904000,17.41900000,24.0
43.06905000,17.41895000,24.0
43.06905000,17.41882000,25.0
43.06904000,17.41877000,26.0
43.06905000,17.41866000,27.0
43.06906000,17.41861000,27.0
43.06908000,17.41852000,28.0
43.06910000,17.41847000,28.0
43.06912000,17.41842000,28.0
43.06914000,17.41836000,28.0
43.06917000,17.41825000,28.0
43.06918000,17.41819000,28.0
43.06918000,17.41808000,27.0
43.06918000,17.41802000,27.0
43.06915000,17.41795000,26.0
43.06915000,17.41788000,26.0
43.06913000,17.41781000,26.0
43.06912000,17.41775000,25.0
43.06910000,17.41768000,25.0
43.06907000,17.41761000,24.0
43.06906000,17.41755000,23.0
43.06904000,17.41748000,22.0
43.06902000,17.41741000,21.0
43.06899000,17.41734000,21.0
43.06896000,17.41726000,20.0
43.06892000,17.41718000,20.0
43.06890000,17.41711000,19.0
43.06889000,17.41703000,18.0
43.06887000,17.41695000,18.0
43.06886000,17.41687000,17.0
43.06884000,17.41680000,17.0
43.06878000,17.41669000,17.0
43.06875000,17.41660000,17.0
43.06873000,17.41651000,17.0
43.06872000,17.41641000,17.0
43.06872000,17.41632000,17.0
43.06872000,17.41623000,17.0
43.06873000,17.41613000,16.0
43.06874000,17.41604000,16.0
43.06876000,17.41595000,16.0
43.06876000,17.41587000,15.0
43.06877000,17.41579000,15.0
43.06878000,17.41571000,16.0
43.06878000,17.41564000,16.0
43.06880000,17.41557000,16.0
43.06882000,17.41551000,17.0
43.06885000,17.41546000,17.0
43.06887000,17.41540000,18.0
43.06890000,17.41535000,18.0
43.06892000,17.41530000,19.0
43.06896000,17.41520000,20.0
43.06897000,17.41515000,21.0
43.06902000,17.41507000,22.0
43.06905000,17.41504000,22.0
43.06911000,17.41499000,22.0
43.06915000,17.41497000,22.0
43.06923000,17.41495000,22.0
43.06925000,17.41494000,22.0
43.06929000,17.41493000,21.0
43.06929000,17.41494000,21.0
43.06928000,17.41493000,22.0
43.06930000,17.41491000,22.0
43.06931000,17.41493000,21.0
43.06932000,17.41493000,21.0
43.06935000,17.41492000,21.0
43.06940000,17.41488000,21.0
43.06943000,17.41485000,21.0
43.06948000,17.41478000,21.0
43.06951000,17.41474000,22.0
43.06956000,17.41467000,22.0
43.06959000,17.41463000,22.0
43.06964000,17.41456000,23.0
43.06966000,17.41452000,23.0
43.06971000,17.41442000,23.0
43.06974000,17.41439000,23.0
43.06980000,17.41432000,23.0
43.06983000,17.41429000,23.0
43.06990000,17.41421000,24.0
43.06994000,17.41418000,23.0
43.07000000,17.41410000,23.0
43.07003000,17.41406000,23.0
43.07007000,17.41398000,23.0
43.07010000,17.41395000,23.0
43.07014000,17.41389000,22.0
43.07016000,17.41386000,22.0
43.07022000,17.41377000,20.0
43.07023000,17.41374000,20.0
43.07026000,17.41365000,20.0
43.07027000,17.41362000,20.0
43.07030000,17.41354000,20.0
43.07031000,17.41349000,21.0
43.07032000,17.41341000,22.0
43.07032000,17.41336000,22.0
43.07034000,17.41328000,23.0
43.07035000,17.41323000,23.0
43.07034000,17.41314000,25.0
43.07034000,17.41310000,26.0
43.07035000,17.41298000,25.0
43.07035000,17.41294000,25.0
43.07034000,17.41282000,26.0
43.07033000,17.41278000,26.0
43.07031000,17.41269000,27.0
43.07031000,17.41264000,27.0
43.07030000,17.41255000,28.0
43.07030000,17.41250000,28.0
43.07030000,17.41238000,29.0
43.07029000,17.41234000,30.0
43.07030000,17.41222000,30.0
43.07031000,17.41218000,31.0
43.07031000,17.41209000,31.0
43.07030000,17.41204000,32.0
43.07030000,17.41196000,33.0
43.07029000,17.41191000,35.0
43.07028000,17.41179000,37.0
43.07028000,17.41175000,38.0
43.07028000,17.41167000,39.0
43.07028000,17.41162000,41.0
43.07029000,17.41153000,43.0
43.07032000,17.41148000,42.0
43.07034000,17.41140000,43.0
43.07035000,17.41136000,44.0
43.07040000,17.41130000,42.0
43.07042000,17.41127000,42.0
43.07047000,17.41120000,41.0
43.07048000,17.41117000,41.0
43.07054000,17.41112000,40.0
43.07056000,17.41109000,40.0
43.07062000,17.41104000,40.0
43.07065000,17.41101000,40.0
43.07071000,17.41096000,39.0
43.07075000,17.41093000,39.0
43.07080000,17.41087000,39.0
43.07083000,17.41085000,39.0
43.07089000,17.41081000,39.0
43.07091000,17.41078000,39.0
43.07096000,17.41074000,39.0
43.07099000,17.41072000,39.0
43.07106000,17.41065000,38.0
43.07108000,17.41062000,38.0
43.07114000,17.41054000,38.0
43.07115000,17.41052000,38.0
43.07118000,17.41041000,39.0
43.07119000,17.41037000,39.0
43.07121000,17.41029000,39.0
43.07121000,17.41025000,39.0
43.07122000,17.41016000,38.0
43.07122000,17.41012000,38.0
43.07123000,17.41001000,37.0
43.07123000,17.40997000,37.0
43.07122000,17.40988000,36.0
43.07121000,17.40984000,36.0
43.07118000,17.40973000,36.0
43.07118000,17.40970000,36.0
43.07114000,17.40961000,36.0
43.07113000,17.40957000,36.0
43.07110000,17.40950000,38.0
43.07110000,17.40946000,37.0
43.07106000,17.40936000,38.0
43.07104000,17.40933000,39.0
43.07100000,17.40924000,39.0
43.07099000,17.40922000,39.0
43.07096000,17.40913000,39.0
43.07095000,17.40909000,39.0
43.07089000,17.40900000,41.0
43.07087000,17.40896000,41.0
43.07083000,17.40888000,41.0
43.07081000,17.40885000,42.0
43.07075000,17.40876000,42.0
43.07074000,17.40872000,41.0
43.07075000,17.40861000,37.0
43.07075000,17.40857000,36.0
43.07070000,17.40848000,37.0
43.07067000,17.40844000,38.0
43.07059000,17.40837000,39.0
43.07058000,17.40833000,39.0
43.07051000,17.40828000,41.0
43.07049000,17.40824000,41.0
43.07043000,17.40818000,43.0
43.07040000,17.40815000,43.0
43.07034000,17.40810000,45.0
43.07030000,17.40809000,47.0
43.07023000,17.40801000,48.0
43.07022000,17.40798000,47.0
43.07015000,17.40791000,48.0
43.07014000,17.40789000,48.0
43.07008000,17.40784000,49.0
43.07007000,17.40780000,49.0
43.07001000,17.40773000,49.0
43.06997000,17.40771000,50.0
43.06989000,17.40763000,52.0
43.06988000,17.40761000,51.0
43.06984000,17.40757000,52.0
43.06979000,17.40753000,52.0
43.06974000,17.40744000,51.0
43.06973000,17.40742000,51.0
43.06970000,17.40732000,50.0
43.06969000,17.40729000,50.0
43.06965000,17.40719000,50.0
43.06965000,17.40716000,50.0
43.06959000,17.40707000,51.0
43.06957000,17.40705000,52.0
43.06957000,17.40695000,51.0
43.06956000,17.40692000,52.0
43.06951000,17.40683000,53.0
43.06951000,17.40680000,53.0
43.06943000,17.40674000,55.0
43.06941000,17.40672000,56.0
43.06935000,17.40666000,58.0
43.06933000,17.40663000,59.0
43.06929000,17.40654000,59.0
43.06929000,17.40650000,59.0
43.06928000,17.40640000,57.0
43.06927000,17.40637000,57.0
43.06924000,17.40627000,55.0
43.06924000,17.40623000,54.0
43.06920000,17.40614000,53.0
43.06919000,17.40612000,53.0
43.06912000,17.40603000,54.0
43.06910000,17.40598000,54.0

43.06905000,17.40591000,55.0
43.06903000,17.40587000,55.0
43.06898000,17.40580000,56.0
43.06895000,17.40576000,57.0
43.06891000,17.40568000,56.0
43.06890000,17.40564000,55.0
43.06887000,17.40555000,54.0
43.06886000,17.40551000,54.0
43.06885000,17.40541000,54.0
43.06886000,17.40537000,54.0
43.06888000,17.40528000,52.0
43.06890000,17.40523000,51.0
43.06891000,17.40513000,51.0
43.06891000,17.40507000,51.0
43.06893000,17.40496000,51.0
43.06891000,17.40492000,53.0
43.06891000,17.40480000,56.0
43.06892000,17.40476000,56.0
43.06894000,17.40465000,58.0
43.06895000,17.40462000,58.0
43.06899000,17.40454000,58.0
43.06901000,17.40452000,57.0
43.06899000,17.40441000,62.0
43.06901000,17.40438000,61.0
43.06905000,17.40430000,60.0
43.06907000,17.40427000,60.0
43.06909000,17.40418000,60.0
43.06911000,17.40414000,60.0
43.06913000,17.40406000,60.0
43.06914000,17.40401000,61.0
43.06916000,17.40392000,61.0
43.06917000,17.40388000,61.0
43.06920000,17.40377000,62.0
43.06922000,17.40373000,62.0
43.06924000,17.40362000,63.0
43.06926000,17.40358000,63.0
43.06927000,17.40349000,64.0
43.06928000,17.40345000,65.0
43.06931000,17.40336000,65.0
43.06932000,17.40332000,65.0
43.06935000,17.40324000,65.0
43.06936000,17.40319000,66.0
43.06938000,17.40311000,67.0
43.06939000,17.40307000,68.0
43.06944000,17.40298000,66.0
43.06946000,17.40294000,66.0
43.06949000,17.40284000,67.0
43.06952000,17.40279000,66.0
43.06956000,17.40271000,65.0
43.06958000,17.40267000,65.0
43.06963000,17.40258000,64.0
43.06965000,17.40253000,64.0
43.06969000,17.40248000,63.0
43.06971000,17.40244000,63.0
43.06974000,17.40236000,65.0
43.06976000,17.40232000,66.0
43.06982000,17.40224000,67.0
43.06986000,17.40220000,67.0
43.06990000,17.40215000,67.0
43.06993000,17.40211000,68.0
43.06999000,17.40204000,68.0
43.07003000,17.40201000,68.0
43.07010000,17.40195000,68.0
43.07013000,17.40191000,69.0
43.07017000,17.40188000,68.0
43.07021000,17.40184000,68.0
43.07025000,17.40181000,68.0
43.07029000,17.40177000,68.0
43.07036000,17.40171000,67.0
43.07039000,17.40168000,66.0
43.07047000,17.40161000,65.0
43.07050000,17.40159000,64.0
43.07056000,17.40154000,62.0
43.07059000,17.40152000,62.0
43.07064000,17.40146000,62.0
43.07066000,17.40144000,62.0
43.07071000,17.40138000,62.0
43.07073000,17.40135000,63.0
43.07079000,17.40128000,63.0
43.07083000,17.40125000,63.0
43.07088000,17.40119000,62.0
43.07090000,17.40116000,63.0
43.07095000,17.40109000,63.0
43.07098000,17.40106000,62.0
43.07103000,17.40099000,62.0
43.07105000,17.40095000,62.0
43.07111000,17.40086000,62.0
43.07113000,17.40083000,62.0
43.07118000,17.40077000,62.0
43.07121000,17.40074000,62.0
43.07127000,17.40067000,61.0
43.07130000,17.40064000,61.0
43.07135000,17.40058000,61.0
43.07138000,17.40055000,61.0
43.07144000,17.40049000,61.0
43.07147000,17.40046000,62.0
43.07152000,17.40040000,63.0
43.07154000,17.40037000,63.0
43.07160000,17.40032000,63.0
43.07162000,17.40030000,64.0
43.07168000,17.40026000,64.0
43.07171000,17.40024000,65.0
43.07177000,17.40020000,66.0
43.07180000,17.40018000,66.0
43.07188000,17.40013000,68.0
43.07191000,17.40012000,69.0
43.07197000,17.40009000,70.0
43.07199000,17.40008000,71.0
43.07208000,17.40005000,72.0
43.07210000,17.40004000,72.0
43.07219000,17.40002000,72.0
43.07222000,17.40001000,72.0
43.07230000,17.39999000,74.0
43.07232000,17.39999000,74.0
43.07239000,17.39998000,76.0
43.07242000,17.39999000,76.0
43.07250000,17.39997000,78.0
43.07253000,17.39998000,78.0
43.07261000,17.40000000,78.0
43.07263000,17.40000000,78.0
43.07272000,17.40002000,79.0
43.07274000,17.40003000,79.0
43.07281000,17.40005000,79.0
43.07283000,17.40006000,79.0
43.07291000,17.40010000,78.0
43.07293000,17.40011000,78.0
43.07300000,17.40016000,77.0
43.07303000,17.40018000,76.0
43.07310000,17.40023000,76.0
43.07312000,17.40024000,76.0
43.07319000,17.40031000,75.0
43.07321000,17.40032000,75.0
43.07328000,17.40038000,75.0
43.07330000,17.40040000,75.0
43.07336000,17.40046000,75.0
43.07339000,17.40047000,75.0
43.07345000,17.40056000,75.0
43.07347000,17.40059000,75.0
43.07352000,17.40069000,75.0
43.07354000,17.40072000,75.0
43.07357000,17.40078000,75.0
43.07360000,17.40081000,75.0
43.07366000,17.40090000,75.0
43.07368000,17.40093000,75.0
43.07372000,17.40103000,75.0
43.07374000,17.40106000,76.0
43.07377000,17.40116000,76.0
43.07379000,17.40119000,76.0
43.07384000,17.40128000,76.0
43.07385000,17.40131000,76.0
43.07389000,17.40141000,76.0
43.07392000,17.40145000,77.0
43.07396000,17.40154000,78.0
43.07398000,17.40159000,78.0
43.07402000,17.40169000,79.0
43.07404000,17.40173000,79.0
43.07409000,17.40183000,80.0
43.07411000,17.40187000,81.0
43.07414000,17.40193000,81.0
43.07416000,17.40197000,81.0
43.07420000,17.40202000,82.0
43.07423000,17.40207000,82.0
43.07427000,17.40213000,82.0
43.07429000,17.40217000,82.0
43.07433000,17.40223000,82.0
43.07435000,17.40226000,82.0
43.07439000,17.40233000,81.0
43.07441000,17.40236000,81.0
43.07447000,17.40242000,81.0
43.07450000,17.40246000,81.0
43.07455000,17.40254000,80.0
43.07458000,17.40256000,80.0
43.07464000,17.40260000,81.0
43.07467000,17.40262000,81.0
43.07474000,17.40266000,81.0
43.07477000,17.40268000,81.0
43.07485000,17.40270000,81.0
43.07487000,17.40271000,81.0
43.07495000,17.40273000,81.0
43.07497000,17.40273000,81.0
43.07503000,17.40273000,81.0
43.07507000,17.40271000,82.0
43.07513000,17.40271000,83.0
43.07517000,17.40271000,83.0
43.07524000,17.40273000,82.0
43.07526000,17.40273000,82.0
43.07532000,17.40272000,82.0
43.07535000,17.40271000,83.0
43.07543000,17.40267000,83.0
43.07546000,17.40266000,83.0
43.07554000,17.40261000,84.0
43.07556000,17.40258000,84.0
43.07562000,17.40253000,85.0
43.07565000,17.40251000,85.0
43.07570000,17.40245000,85.0
43.07572000,17.40243000,85.0
43.07579000,17.40236000,85.0
43.07581000,17.40233000,85.0
43.07586000,17.40225000,86.0
43.07588000,17.40222000,86.0
43.07593000,17.40216000,86.0
43.07595000,17.40213000,87.0
43.07601000,17.40206000,87.0
43.07602000,17.40204000,88.0
43.07609000,17.40196000,89.0
43.07611000,17.40193000,90.0
43.07616000,17.40187000,90.0
43.07619000,17.40184000,90.0
43.07624000,17.40179000,91.0
43.07627000,17.40177000,90.0
43.07632000,17.40172000,91.0
43.07635000,17.40169000,91.0
43.07641000,17.40164000,92.0
43.07644000,17.40162000,91.0
43.07650000,17.40157000,91.0
43.07653000,17.40155000,91.0
43.07659000,17.40151000,90.0
43.07662000,17.40149000,90.0
43.07668000,17.40144000,90.0
43.07671000,17.40143000,90.0
43.07678000,17.40140000,90.0
43.07681000,17.40139000,90.0
43.07687000,17.40138000,89.0
43.07690000,17.40137000,89.0
43.07697000,17.40136000,89.0
43.07700000,17.40135000,90.0
43.07709000,17.40135000,90.0
43.07713000,17.40135000,91.0
43.07719000,17.40135000,91.0
43.07723000,17.40134000,91.0
43.07730000,17.40134000,91.0
43.07734000,17.40135000,90.0
43.07741000,17.40135000,89.0
43.07744000,17.40135000,89.0
43.07750000,17.40134000,89.0
43.07754000,17.40133000,89.0
43.07760000,17.40132000,89.0
43.07763000,17.40131000,89.0
43.07769000,17.40129000,90.0
43.07773000,17.40129000,90.0
43.07780000,17.40127000,90.0
43.07782000,17.40126000,91.0
43.07790000,17.40125000,91.0
43.07794000,17.40125000,92.0
43.07801000,17.40124000,92.0
43.07804000,17.40124000,92.0
43.07812000,17.40122000,92.0
43.07815000,17.40121000,92.0
43.07821000,17.40120000,92.0
43.07824000,17.40119000,92.0
43.07830000,17.40116000,92.0
43.07834000,17.40115000,92.0
43.07840000,17.40112000,93.0
43.07843000,17.40111000,92.0
43.07846000,17.40111000,92.0
43.07849000,17.40110000,92.0
43.07850000,17.40109000,92.0
43.07851000,17.40106000,93.0
43.07858000,17.40101000,94.0
43.07859000,17.40101000,94.0
43.07867000,17.40096000,94.0
43.07868000,17.40095000,94.0
43.07874000,17.40088000,96.0
43.07876000,17.40087000,96.0
43.07876000,17.40080000,97.0
43.07875000,17.40081000,97.0
43.07874000,17.40082000,97.0
43.07868000,17.40088000,96.0
43.07867000,17.40090000,96.0
43.07859000,17.40095000,95.0
43.07858000,17.40097000,95.0
43.07851000,17.40102000,94.0
43.07850000,17.40104000,93.0
43.07843000,17.40109000,93.0
43.07844000,17.40110000,93.0
43.07845000,17.40112000,92.0
43.07844000,17.40110000,93.0
43.07836000,17.40108000,94.0
43.07833000,17.40107000,94.0
43.07838000,17.40109000,93.0
43.07844000,17.40108000,93.0
43.07851000,17.40106000,93.0
43.07853000,17.40105000,93.0
43.07859000,17.40097000,95.0
43.07861000,17.40093000,96.0
43.07866000,17.40083000,98.0
43.07867000,17.40080000,98.0
43.07872000,17.40071000,99.0
43.07874000,17.40068000,100.0
43.07879000,17.40060000,100.0
43.07880000,17.40058000,101.0
43.07885000,17.40052000,101.0
43.07888000,17.40049000,101.0
43.07893000,17.40044000,100.0
43.07895000,17.40041000,100.0
43.07900000,17.40036000,99.0
43.07902000,17.40033000,99.0
43.07909000,17.40028000,98.0
43.07911000,17.40026000,98.0
43.07918000,17.40019000,98.0
43.07921000,17.40018000,98.0
43.07928000,17.40013000,100.0
43.07931000,17.40012000,100.0
43.07939000,17.40009000,100.0
43.07942000,17.40008000,101.0
43.07948000,17.40004000,102.0
43.07951000,17.40004000,102.0
43.07958000,17.40000000,103.0
43.07961000,17.39999000,103.0
43.07969000,17.39997000,103.0
43.07972000,17.39996000,103.0
43.07979000,17.39993000,103.0
43.07982000,17.39992000,103.0
43.07990000,17.39989000,103.0
43.07992000,17.39988000,103.0
43.08000000,17.39987000,102.0
43.08002000,17.39986000,103.0
43.08008000,17.39984000,103.0
43.08011000,17.39984000,103.0
43.08018000,17.39982000,103.0
43.08021000,17.39981000,103.0
43.08028000,17.39978000,103.0
43.08031000,17.39977000,104.0
43.08037000,17.39974000,106.0
43.08040000,17.39971000,106.0
43.08046000,17.39967000,108.0
43.08050000,17.39965000,108.0
43.08058000,17.39959000,109.0
43.08062000,17.39956000,109.0
43.08065000,17.39952000,108.0
43.08069000,17.39949000,108.0
43.08073000,17.39945000,108.0
43.08076000,17.39939000,108.0
43.08079000,17.39934000,107.0
43.08083000,17.39928000,107.0
43.08087000,17.39923000,106.0
43.08089000,17.39916000,106.0
43.08093000,17.39909000,105.0
43.08096000,17.39902000,105.0
43.08099000,17.39894000,104.0
43.08102000,17.39886000,103.0
43.08105000,17.39877000,101.0
43.08107000,17.39868000,100.0
43.08109000,17.39858000,98.0
43.08110000,17.39848000,96.0
43.08112000,17.39838000,94.0
43.08112000,17.39828000,93.0
43.08112000,17.39818000,92.0
43.08111000,17.39807000,91.0
43.08110000,17.39796000,90.0
43.08109000,17.39784000,89.0
43.08107000,17.39772000,88.0
43.08105000,17.39760000,88.0
43.08103000,17.39748000,88.0
43.08101000,17.39735000,88.0
43.08100000,17.39722000,88.0
43.08098000,17.39708000,88.0
43.08095000,17.39694000,88.0
43.08093000,17.39680000,88.0
43.08092000,17.39665000,88.0
43.08090000,17.39650000,89.0
43.08088000,17.39634000,90.0
43.08086000,17.39619000,90.0
43.08085000,17.39604000,90.0
43.08084000,17.39588000,90.0
43.08083000,17.39573000,91.0
43.08082000,17.39557000,91.0
43.08081000,17.39541000,89.0
43.08081000,17.39526000,87.0
43.08080000,17.39509000,85.0
43.08081000,17.39492000,82.0
43.08080000,17.39473000,79.0
43.08082000,17.39456000,77.0
43.08083000,17.39439000,75.0
43.08085000,17.39422000,73.0
43.08087000,17.39405000,71.0
43.08088000,17.39389000,70.0
43.08088000,17.39373000,70.0
43.08088000,17.39356000,72.0
43.08089000,17.39340000,74.0
43.08088000,17.39324000,76.0
43.08086000,17.39309000,78.0
43.08083000,17.39294000,79.0
43.08077000,17.39279000,79.0
43.08073000,17.39265000,80.0
43.08067000,17.39252000,80.0
43.08062000,17.39239000,79.0
43.08057000,17.39226000,78.0
43.08052000,17.39214000,77.0
43.08047000,17.39202000,76.0
43.08043000,17.39191000,76.0
43.08037000,17.39180000,76.0
43.08033000,17.39169000,76.0
43.08029000,17.39158000,77.0
43.08025000,17.39148000,78.0
43.08022000,17.39138000,79.0
43.08020000,17.39128000,80.0
43.08018000,17.39119000,80.0
43.08017000,17.39108000,81.0
43.08015000,17.39098000,81.0
43.08014000,17.39089000,80.0
43.08013000,17.39079000,80.0
43.08013000,17.39070000,80.0
43.08013000,17.39062000,80.0
43.08013000,17.39054000,80.0
43.08014000,17.39046000,80.0
43.08015000,17.39039000,80.0
43.08016000,17.39032000,79.0
43.08018000,17.39025000,79.0
43.08019000,17.39019000,79.0
43.08020000,17.39012000,79.0
43.08021000,17.39006000,79.0
43.08023000,17.39001000,79.0
43.08022000,17.38990000,79.0
43.08023000,17.38985000,79.0
43.08024000,17.38975000,78.0
43.08023000,17.38970000,78.0
43.08025000,17.38961000,78.0
43.08026000,17.38957000,78.0
43.08028000,17.38948000,79.0
43.08028000,17.38944000,79.0
43.08030000,17.38933000,80.0
43.08031000,17.38929000,80.0
43.08032000,17.38921000,81.0
43.08032000,17.38916000,81.0
43.08032000,17.38906000,82.0
43.08032000,17.38902000,82.0
43.08032000,17.38893000,83.0
43.08032000,17.38889000,83.0
43.08032000,17.38880000,84.0
43.08031000,17.38875000,84.0
43.08031000,17.38865000,85.0
43.08031000,17.38859000,85.0
43.08031000,17.38851000,85.0
43.08031000,17.38846000,85.0
43.08031000,17.38835000,85.0
43.08031000,17.38830000,85.0
43.08032000,17.38819000,85.0
43.08032000,17.38813000,85.0
43.08033000,17.38802000,84.0
43.08034000,17.38796000,84.0
43.08035000,17.38790000,84.0
43.08037000,17.38783000,84.0
43.08038000,17.38775000,84.0
43.08041000,17.38769000,83.0
43.08043000,17.38762000,83.0
43.08046000,17.38755000,82.0
43.08048000,17.38748000,81.0
43.08051000,17.38740000,80.0
43.08054000,17.38733000,79.0
43.08058000,17.38726000,78.0
43.08062000,17.38718000,77.0
43.08066000,17.38711000,77.0
43.08071000,17.38703000,77.0
43.08075000,17.38696000,77.0
43.08080000,17.38689000,76.0
43.08086000,17.38683000,76.0
43.08093000,17.38678000,76.0
43.08101000,17.38674000,76.0
43.08107000,17.38668000,76.0
43.08115000,17.38661000,75.0
43.08123000,17.38653000,75.0
43.08131000,17.38646000,75.0
43.08138000,17.38639000,75.0
43.08146000,17.38632000,75.0
43.08153000,17.38625000,75.0
43.08159000,17.38615000,75.0
43.08166000,17.38606000,75.0
43.08173000,17.38597000,74.0
43.08180000,17.38589000,74.0
43.08187000,17.38580000,73.0
43.08194000,17.38571000,73.0
43.08200000,17.38561000,71.0
43.08207000,17.38552000,70.0
43.08213000,17.38543000,69.0
43.08219000,17.38533000,69.0
43.08224000,17.38523000,68.0
43.08230000,17.38513000,68.0
43.08236000,17.38503000,67.0
43.08241000,17.38493000,67.0
43.08247000,17.38483000,67.0
43.08252000,17.38473000,67.0
43.08257000,17.38464000,68.0
43.08262000,17.38454000,68.0
43.08267000,17.38445000,68.0
43.08271000,17.38435000,68.0
43.08276000,17.38426000,69.0
43.08280000,17.38417000,69.0
43.08284000,17.38408000,70.0
43.08287000,17.38399000,70.0
43.08291000,17.38392000,70.0
43.08296000,17.38385000,70.0
43.08300000,17.38378000,70.0
43.08304000,17.38371000,70.0
43.08308000,17.38364000,70.0
43.08313000,17.38358000,70.0
43.08318000,17.38353000,70.0
43.08323000,17.38348000,70.0
43.08328000,17.38343000,70.0
43.08333000,17.38338000,70.0
43.08338000,17.38333000,70.0
43.08343000,17.38329000,70.0
43.08348000,17.38325000,70.0
43.08352000,17.38321000,70.0
43.08356000,17.38318000,70.0
43.08360000,17.38315000,70.0
43.08365000,17.38312000,69.0
43.08370000,17.38310000,69.0
43.08374000,17.38307000,69.0
43.08382000,17.38303000,69.0
43.08386000,17.38301000,69.0
43.08394000,17.38297000,68.0
43.08399000,17.38296000,68.0
43.08407000,17.38292000,68.0
43.08411000,17.38290000,68.0
43.08419000,17.38286000,69.0
43.08423000,17.38284000,69.0
43.08431000,17.38281000,70.0
43.08435000,17.38279000,71.0
43.08442000,17.38276000,72.0
43.08447000,17.38275000,72.0
43.08454000,17.38272000,73.0
43.08458000,17.38271000,73.0
43.08466000,17.38268000,73.0
43.08469000,17.38267000,74.0
43.08475000,17.38264000,74.0
43.08479000,17.38263000,74.0
43.08485000,17.38261000,74.0
43.08488000,17.38259000,74.0
43.08495000,17.38256000,75.0
43.08498000,17.38255000,75.0
43.08504000,17.38252000,75.0
43.08507000,17.38250000,75.0
43.08513000,17.38248000,75.0
43.08516000,17.38246000,75.0
43.08522000,17.38244000,75.0
43.08525000,17.38242000,75.0
43.08532000,17.38239000,76.0
43.08535000,17.38238000,76.0
43.08541000,17.38236000,76.0
43.08544000,17.38235000,76.0
43.08552000,17.38231000,77.0
43.08555000,17.38230000,77.0
43.08563000,17.38226000,77.0
43.08565000,17.38225000,77.0
43.08573000,17.38220000,77.0
43.08575000,17.38218000,77.0
43.08582000,17.38214000,77.0
43.08584000,17.38212000,77.0
43.08591000,17.38205000,79.0
43.08593000,17.38204000,79.0
43.08599000,17.38200000,79.0
43.08601000,17.38197000,80.0
43.08606000,17.38190000,80.0
43.08609000,17.38188000,80.0
43.08616000,17.38181000,79.0
43.08618000,17.38178000,79.0
43.08623000,17.38172000,79.0
43.08625000,17.38169000,79.0
43.08631000,17.38162000,79.0
43.08633000,17.38160000,79.0
43.08638000,17.38152000,79.0
43.08639000,17.38149000,79.0
43.08644000,17.38140000,80.0
43.08645000,17.38137000,80.0
43.08648000,17.38127000,82.0
43.08650000,17.38124000,82.0
43.08653000,17.38115000,84.0
43.08653000,17.38111000,85.0
43.08655000,17.38100000,86.0
43.08655000,17.38096000,86.0
43.08658000,17.38085000,87.0
43.08659000,17.38081000,87.0
43.08661000,17.38070000,88.0
43.08661000,17.38067000,88.0
43.08662000,17.38056000,89.0
43.08662000,17.38052000,89.0
43.08663000,17.38040000,89.0
43.08663000,17.38036000,89.0
43.08664000,17.38024000,89.0
43.08664000,17.38020000,89.0
43.08665000,17.38012000,89.0
43.08665000,17.38008000,89.0
43.08666000,17.37998000,88.0
43.08666000,17.37994000,88.0
43.08666000,17.37984000,88.0
43.08666000,17.37980000,88.0
43.08667000,17.37971000,89.0
43.08668000,17.37965000,89.0
43.08669000,17.37955000,90.0
43.08669000,17.37950000,90.0
43.08671000,17.37940000,91.0
43.08672000,17.37935000,91.0
43.08672000,17.37924000,91.0
43.08673000,17.37918000,92.0
43.08674000,17.37912000,91.0
43.08675000,17.37906000,91.0
43.08675000,17.37899000,90.0
43.08677000,17.37892000,90.0
43.08678000,17.37885000,89.0
43.08679000,17.37878000,88.0
43.08680000,17.37871000,88.0
43.08681000,17.37864000,87.0
43.08683000,17.37856000,86.0
43.08684000,17.37847000,85.0
43.08686000,17.37838000,83.0
43.08687000,17.37829000,83.0
43.08688000,17.37820000,83.0
43.08690000,17.37812000,84.0
43.08692000,17.37803000,84.0
43.08693000,17.37794000,84.0
43.08695000,17.37784000,85.0
43.08695000,17.37775000,84.0
43.08695000,17.37764000,84.0
43.08693000,17.37754000,83.0
43.08692000,17.37744000,83.0
43.08691000,17.37734000,82.0
43.08688000,17.37724000,81.0
43.08685000,17.37714000,81.0
43.08682000,17.37704000,82.0
43.08677000,17.37694000,81.0
43.08673000,17.37684000,81.0
43.08668000,17.37674000,81.0
43.08664000,17.37664000,81.0
43.08660000,17.37654000,81.0
43.08655000,17.37643000,81.0
43.08650000,17.37632000,80.0
43.08646000,17.37621000,79.0
43.08642000,17.37610000,78.0
43.08639000,17.37598000,78.0
43.08635000,17.37585000,77.0
43.08633000,17.37572000,76.0
43.08631000,17.37558000,76.0
43.08630000,17.37544000,76.0
43.08629000,17.37531000,76.0
43.08629000,17.37517000,76.0
43.08629000,17.37503000,75.0
43.08628000,17.37489000,75.0
43.08628000,17.37476000,76.0
43.08627000,17.37463000,76.0
43.08625000,17.37449000,76.0
43.08623000,17.37436000,76.0
43.08620000,17.37423000,75.0
43.08617000,17.37411000,75.0
43.08613000,17.37399000,74.0
43.08609000,17.37387000,74.0
43.08605000,17.37375000,73.0
43.08600000,17.37364000,72.0
43.08596000,17.37351000,72.0
43.08592000,17.37339000,71.0
43.08588000,17.37327000,70.0
43.08586000,17.37313000,69.0
43.08583000,17.37300000,67.0
43.08582000,17.37285000,65.0
43.08582000,17.37270000,65.0
43.08582000,17.37255000,64.0
43.08584000,17.37239000,64.0
43.08587000,17.37225000,64.0
43.08590000,17.37210000,63.0
43.08593000,17.37194000,62.0
43.08596000,17.37179000,62.0
43.08598000,17.37164000,61.0
43.08599000,17.37148000,61.0
43.08598000,17.37132000,60.0
43.08597000,17.37116000,61.0
43.08594000,17.37100000,61.0
43.08591000,17.37085000,61.0
43.08587000,17.37070000,59.0
43.08582000,17.37055000,57.0
43.08577000,17.37041000,55.0
43.08571000,17.37027000,53.0
43.08566000,17.37013000,52.0
43.08560000,17.37000000,51.0
43.08555000,17.36986000,50.0
43.08550000,17.36972000,50.0
43.08544000,17.36959000,50.0
43.08539000,17.36946000,51.0
43.08534000,17.36933000,51.0
43.08529000,17.36920000,51.0
43.08523000,17.36907000,52.0
43.08519000,17.36896000,52.0
43.08514000,17.36884000,53.0
43.08510000,17.36873000,53.0
43.08505000,17.36863000,53.0
43.08500000,17.36852000,53.0
43.08495000,17.36843000,53.0
43.08489000,17.36835000,53.0
43.08484000,17.36828000,53.0
43.08478000,17.36823000,53.0
43.08472000,17.36818000,53.0
43.08467000,17.36813000,53.0
43.08461000,17.36808000,53.0
43.08456000,17.36804000,53.0
43.08450000,17.36800000,53.0
43.08445000,17.36797000,53.0
43.08441000,17.36794000,53.0
43.08437000,17.36792000,53.0
43.08432000,17.36790000,53.0
43.08427000,17.36788000,54.0
43.08422000,17.36786000,54.0
43.08418000,17.36785000,54.0
43.08413000,17.36783000,54.0
43.08404000,17.36779000,54.0
43.08400000,17.36778000,54.0
43.08392000,17.36775000,54.0
43.08389000,17.36774000,54.0
43.08382000,17.36771000,55.0
43.08379000,17.36770000,55.0
43.08372000,17.36768000,56.0
43.08368000,17.36768000,56.0
43.08362000,17.36765000,57.0
43.08359000,17.36764000,57.0
43.08352000,17.36762000,58.0
43.08350000,17.36761000,58.0
43.08344000,17.36758000,59.0
43.08341000,17.36757000,59.0
43.08335000,17.36755000,60.0
43.08332000,17.36753000,60.0
43.08326000,17.36751000,60.0
43.08323000,17.36749000,60.0
43.08317000,17.36747000,60.0
43.08314000,17.36746000,60.0
43.08307000,17.36743000,60.0
43.08304000,17.36742000,60.0
43.08295000,17.36739000,60.0
43.08293000,17.36738000,60.0
43.08285000,17.36735000,59.0
43.08282000,17.36733000,59.0
43.08276000,17.36731000,59.0
43.08272000,17.36729000,59.0
43.08265000,17.36725000,60.0
43.08263000,17.36725000,60.0
43.08258000,17.36719000,61.0
43.08256000,17.36717000,61.0
43.08249000,17.36710000,61.0
43.08248000,17.36707000,62.0
43.08243000,17.36698000,63.0
43.08242000,17.36695000,63.0
43.08239000,17.36686000,63.0
43.08238000,17.36682000,64.0
43.08236000,17.36675000,64.0
43.08235000,17.36671000,64.0
43.08234000,17.36662000,64.0
43.08234000,17.36657000,64.0
43.08233000,17.36649000,64.0
43.08233000,17.36645000,64.0
43.08233000,17.36636000,64.0
43.08234000,17.36632000,64.0
43.08236000,17.36623000,65.0
43.08236000,17.36619000,64.0
43.08239000,17.36611000,65.0
43.08240000,17.36607000,65.0
43.08245000,17.36597000,65.0
43.08246000,17.36594000,64.0
43.08251000,17.36584000,64.0
43.08252000,17.36581000,64.0
43.08257000,17.36574000,64.0
43.08260000,17.36571000,65.0
43.08264000,17.36565000,66.0
43.08267000,17.36562000,66.0
43.08272000,17.36557000,67.0
43.08274000,17.36553000,67.0
43.08278000,17.36548000,67.0
43.08280000,17.36544000,66.0
43.08286000,17.36538000,67.0
43.08289000,17.36535000,67.0
43.08295000,17.36528000,67.0
43.08298000,17.36525000,67.0
43.08302000,17.36520000,67.0
43.08307000,17.36517000,68.0
43.08313000,17.36510000,68.0
43.08317000,17.36506000,68.0
43.08323000,17.36498000,67.0
43.08326000,17.36494000,67.0
43.08331000,17.36489000,67.0
43.08334000,17.36485000,67.0
43.08337000,17.36480000,66.0
43.08340000,17.36475000,66.0
43.08344000,17.36471000,65.0
43.08347000,17.36466000,65.0
43.08351000,17.36462000,64.0
43.08355000,17.36457000,64.0
43.08358000,17.36452000,63.0
43.08363000,17.36447000,62.0
43.08368000,17.36442000,62.0
43.08373000,17.36435000,62.0
43.08379000,17.36427000,60.0
43.08384000,17.36420000,59.0
43.08389000,17.36414000,58.0
43.08395000,17.36408000,58.0
43.08401000,17.36401000,57.0
43.08409000,17.36397000,58.0
43.08418000,17.36393000,58.0
43.08428000,17.36391000,62.0
43.08438000,17.36389000,66.0
43.08448000,17.36387000,69.0
43.08457000,17.36383000,70.0
43.08466000,17.36378000,69.0
43.08476000,17.36372000,69.0
43.08484000,17.36366000,68.0
43.08494000,17.36360000,68.0
43.08502000,17.36353000,67.0
43.08510000,17.36344000,64.0
43.08518000,17.36335000,61.0
43.08524000,17.36326000,59.0
43.08532000,17.36316000,59.0
43.08540000,17.36307000,59.0
43.08547000,17.36297000,58.0
43.08554000,17.36287000,58.0
43.08562000,17.36277000,58.0
43.08570000,17.36267000,59.0
43.08577000,17.36256000,59.0
43.08584000,17.36246000,58.0
43.08592000,17.36235000,56.0
43.08599000,17.36226000,55.0
43.08607000,17.36216000,53.0
43.08615000,17.36207000,52.0
43.08623000,17.36197000,51.0
43.08630000,17.36187000,51.0
43.08635000,17.36177000,50.0
43.08639000,17.36166000,49.0
43.08642000,17.36154000,50.0
43.08643000,17.36142000,50.0
43.08638000,17.36128000,48.0
43.08635000,17.36116000,47.0
43.08632000,17.36106000,48.0
43.08629000,17.36096000,48.0
43.08625000,17.36087000,49.0
43.08621000,17.36080000,49.0
43.08616000,17.36073000,49.0
43.08611000,17.36066000,50.0
43.08606000,17.36060000,50.0
43.08601000,17.36055000,51.0
43.08595000,17.36050000,51.0
43.08590000,17.36046000,51.0
43.08584000,17.36044000,50.0
43.08578000,17.36043000,49.0
43.08573000,17.36038000,49.0
43.08570000,17.36034000,50.0
43.08562000,17.36029000,50.0
43.08558000,17.36026000,49.0
43.08553000,17.36020000,50.0
43.08549000,17.36018000,49.0
43.08541000,17.36012000,49.0
43.08537000,17.36010000,48.0
43.08529000,17.36005000,47.0
43.08525000,17.36002000,47.0
43.08517000,17.35997000,47.0
43.08513000,17.35995000,47.0

43.08506000,17.35990000,47.0
43.08504000,17.35988000,47.0
43.08496000,17.35982000,48.0
43.08493000,17.35981000,48.0
43.08485000,17.35976000,48.0
43.08482000,17.35975000,48.0
43.08479000,17.35969000,48.0
43.08475000,17.35964000,48.0
43.08468000,17.35959000,47.0
43.08465000,17.35957000,46.0
43.08461000,17.35952000,46.0
43.08456000,17.35952000,44.0
43.08453000,17.35946000,44.0
43.08452000,17.35945000,44.0
43.08451000,17.35940000,44.0
43.08450000,17.35938000,44.0
43.08448000,17.35929000,45.0
43.08447000,17.35924000,45.0
43.08445000,17.35912000,46.0
43.08446000,17.35908000,46.0
43.08451000,17.35900000,48.0
43.08453000,17.35894000,49.0
43.08456000,17.35884000,50.0
43.08456000,17.35878000,50.0
43.08458000,17.35867000,50.0
43.08460000,17.35860000,51.0
43.08463000,17.35849000,53.0
43.08464000,17.35844000,53.0
43.08467000,17.35833000,55.0
43.08468000,17.35828000,55.0
43.08469000,17.35822000,55.0
43.08471000,17.35816000,56.0
43.08473000,17.35809000,57.0
43.08475000,17.35803000,57.0
43.08477000,17.35796000,57.0
43.08479000,17.35790000,57.0
43.08481000,17.35783000,56.0
43.08483000,17.35776000,56.0
43.08485000,17.35769000,55.0
43.08487000,17.35762000,54.0
43.08490000,17.35755000,54.0
43.08493000,17.35748000,54.0
43.08496000,17.35741000,53.0
43.08499000,17.35734000,53.0
43.08502000,17.35727000,53.0
43.08506000,17.35719000,53.0
43.08510000,17.35712000,52.0
43.08515000,17.35705000,52.0
43.08519000,17.35699000,51.0
43.08524000,17.35694000,51.0
43.08530000,17.35689000,50.0
43.08536000,17.35684000,49.0
43.08542000,17.35681000,49.0
43.08548000,17.35677000,48.0
43.08554000,17.35674000,48.0
43.08560000,17.35672000,47.0
43.08567000,17.35671000,47.0
43.08574000,17.35671000,47.0
43.08580000,17.35671000,47.0
43.08587000,17.35670000,47.0
43.08594000,17.35670000,47.0
43.08600000,17.35670000,47.0
43.08608000,17.35670000,48.0
43.08614000,17.35670000,48.0
43.08621000,17.35670000,48.0
43.08627000,17.35669000,48.0
43.08635000,17.35669000,49.0
43.08642000,17.35668000,49.0
43.08650000,17.35666000,48.0
43.08657000,17.35664000,48.0
43.08665000,17.35663000,48.0
43.08673000,17.35659000,48.0
43.08681000,17.35655000,48.0
43.08688000,17.35651000,48.0
43.08696000,17.35646000,48.0
43.08703000,17.35641000,47.0
43.08709000,17.35637000,46.0
43.08715000,17.35633000,45.0
43.08721000,17.35629000,45.0
43.08727000,17.35625000,42.0
43.08733000,17.35622000,41.0
43.08739000,17.35620000,39.0
43.08744000,17.35617000,38.0
43.08751000,17.35616000,37.0
43.08758000,17.35615000,37.0
43.08764000,17.35613000,37.0
43.08771000,17.35612000,37.0
43.08777000,17.35612000,38.0
43.08785000,17.35611000,38.0
43.08792000,17.35611000,38.0
43.08800000,17.35612000,39.0
43.08809000,17.35614000,41.0
43.08815000,17.35612000,41.0
43.08823000,17.35612000,42.0
43.08831000,17.35612000,43.0
43.08839000,17.35611000,43.0
43.08847000,17.35608000,43.0
43.08855000,17.35604000,42.0
43.08862000,17.35599000,41.0
43.08869000,17.35592000,40.0
43.08875000,17.35584000,39.0
43.08882000,17.35575000,39.0
43.08888000,17.35566000,37.0
43.08894000,17.35556000,36.0
43.08899000,17.35546000,35.0
43.08905000,17.35536000,34.0
43.08911000,17.35526000,33.0
43.08917000,17.35517000,32.0
43.08923000,17.35508000,31.0
43.08930000,17.35499000,31.0
43.08937000,17.35490000,31.0
43.08943000,17.35483000,30.0
43.08950000,17.35474000,30.0
43.08956000,17.35466000,30.0
43.08963000,17.35458000,30.0
43.08969000,17.35452000,30.0
43.08974000,17.35445000,30.0
43.08978000,17.35441000,31.0
43.08982000,17.35436000,31.0
43.08986000,17.35431000,30.0
43.08989000,17.35425000,29.0
43.08994000,17.35420000,29.0
43.08998000,17.35415000,29.0
43.09004000,17.35409000,29.0
43.09009000,17.35404000,30.0
43.09014000,17.35397000,31.0
43.09019000,17.35392000,31.0
43.09024000,17.35387000,32.0
43.09030000,17.35381000,33.0
43.09036000,17.35375000,33.0
43.09042000,17.35369000,34.0
43.09048000,17.35363000,34.0
43.09053000,17.35355000,33.0
43.09058000,17.35349000,33.0
43.09063000,17.35341000,32.0
43.09068000,17.35333000,31.0
43.09074000,17.35325000,31.0
43.09079000,17.35317000,30.0
43.09084000,17.35310000,29.0
43.09088000,17.35301000,28.0
43.09093000,17.35292000,27.0
43.09098000,17.35282000,25.0
43.09103000,17.35273000,24.0
43.09108000,17.35265000,23.0
43.09114000,17.35257000,22.0
43.09120000,17.35249000,21.0
43.09127000,17.35242000,20.0
43.09134000,17.35236000,19.0
43.09141000,17.35230000,19.0
43.09148000,17.35225000,19.0
43.09155000,17.35220000,18.0
43.09163000,17.35217000,19.0
43.09172000,17.35215000,20.0
43.09178000,17.35212000,20.0
43.09185000,17.35211000,22.0
43.09192000,17.35210000,23.0
43.09199000,17.35210000,23.0
43.09206000,17.35210000,23.0
43.09212000,17.35210000,23.0
43.09218000,17.35209000,23.0
43.09223000,17.35209000,23.0
43.09228000,17.35208000,23.0
43.09236000,17.35209000,23.0
43.09240000,17.35210000,23.0
43.09246000,17.35211000,24.0
43.09249000,17.35211000,23.0
43.09255000,17.35216000,26.0
43.09255000,17.35217000,26.0
43.09256000,17.35223000,28.0
43.09255000,17.35224000,28.0
43.09254000,17.35235000,31.0
43.09254000,17.35236000,32.0
43.09254000,17.35235000,31.0
43.09246000,17.35228000,28.0
43.09243000,17.35233000,30.0
43.09249000,17.35242000,33.0
43.09249000,17.35241000,32.0
43.09240000,17.35242000,33.0
43.09240000,17.35230000,29.0
43.09240000,17.35229000,29.0
43.09245000,17.35220000,25.0
43.09246000,17.35219000,25.0
43.09252000,17.35216000,25.0
43.09253000,17.35210000,24.0
43.09256000,17.35201000,24.0
43.09258000,17.35198000,24.0
43.09265000,17.35193000,26.0
43.09269000,17.35190000,27.0
43.09275000,17.35184000,27.0
43.09277000,17.35180000,27.0
43.09283000,17.35171000,27.0
43.09285000,17.35165000,26.0
43.09287000,17.35158000,24.0
43.09288000,17.35153000,22.0
43.09290000,17.35147000,21.0
43.09292000,17.35141000,19.0
43.09297000,17.35132000,17.0
43.09297000,17.35130000,16.0
43.09300000,17.35127000,15.0
43.09301000,17.35128000,16.0
43.09305000,17.35126000,15.0
43.09305000,17.35124000,15.0
43.09298000,17.35132000,17.0
43.09298000,17.35133000,17.0
43.09291000,17.35139000,18.0
43.09289000,17.35138000,18.0
43.09288000,17.35139000,18.0
43.09288000,17.35138000,17.0
43.09285000,17.35134000,16.0
43.09285000,17.35133000,16.0
43.09293000,17.35128000,16.0
43.09294000,17.35127000,15.0
43.09300000,17.35125000,15.0
43.09304000,17.35128000,16.0
43.09312000,17.35133000,20.0
43.09313000,17.35131000,19.0
43.09321000,17.35125000,19.0
43.09322000,17.35124000,19.0
43.09330000,17.35122000,20.0
43.09333000,17.35123000,22.0
43.09341000,17.35125000,23.0
43.09347000,17.35126000,24.0
43.09351000,17.35125000,24.0
43.09356000,17.35122000,23.0
43.09362000,17.35121000,23.0
43.09366000,17.35120000,23.0
43.09371000,17.35116000,21.0
43.09377000,17.35113000,20.0
43.09381000,17.35112000,20.0
43.09386000,17.35111000,20.0
43.09391000,17.35110000,21.0
43.09396000,17.35108000,21.0
43.09401000,17.35107000,21.0
43.09406000,17.35105000,22.0
43.09414000,17.35104000,23.0
43.09417000,17.35104000,23.0
43.09423000,17.35104000,24.0
43.09426000,17.35104000,24.0
43.09435000,17.35105000,26.0
43.09438000,17.35105000,27.0
43.09447000,17.35104000,27.0
43.09450000,17.35103000,26.0
43.09459000,17.35103000,26.0
43.09461000,17.35103000,26.0
43.09470000,17.35102000,26.0
43.09473000,17.35102000,26.0
43.09480000,17.35101000,28.0
43.09483000,17.35101000,29.0
43.09492000,17.35100000,32.0
43.09495000,17.35098000,32.0
43.09503000,17.35094000,33.0
43.09506000,17.35093000,33.0
43.09515000,17.35092000,35.0
43.09517000,17.35091000,35.0
43.09525000,17.35088000,35.0
43.09528000,17.35087000,36.0
43.09537000,17.35085000,36.0
43.09540000,17.35084000,37.0
43.09548000,17.35080000,36.0
43.09551000,17.35078000,36.0
43.09556000,17.35076000,36.0
43.09560000,17.35075000,36.0
43.09567000,17.35071000,36.0
43.09570000,17.35069000,36.0
43.09578000,17.35068000,37.0
43.09580000,17.35067000,37.0
43.09588000,17.35065000,37.0
43.09590000,17.35064000,37.0
43.09597000,17.35059000,36.0
43.09600000,17.35059000,36.0
43.09608000,17.35059000,37.0
43.09610000,17.35059000,38.0
43.09618000,17.35060000,38.0
43.09621000,17.35060000,38.0
43.09628000,17.35061000,38.0
43.09631000,17.35062000,38.0
43.09637000,17.35063000,38.0
43.09640000,17.35063000,38.0
43.09649000,17.35062000,38.0
43.09652000,17.35062000,38.0
43.09660000,17.35064000,38.0
43.09662000,17.35064000,38.0
43.09669000,17.35062000,38.0
43.09671000,17.35062000,38.0
43.09680000,17.35066000,40.0
43.09683000,17.35067000,40.0
43.09690000,17.35067000,40.0
43.09692000,17.35068000,41.0
43.09700000,17.35064000,41.0
43.09703000,17.35063000,42.0
43.09710000,17.35059000,42.0
43.09713000,17.35058000,43.0
43.09720000,17.35057000,44.0
43.09723000,17.35056000,45.0
43.09729000,17.35052000,45.0
43.09732000,17.35049000,45.0
43.09740000,17.35045000,45.0
43.09743000,17.35043000,45.0
43.09750000,17.35040000,45.0
43.09753000,17.35039000,46.0
43.09761000,17.35035000,46.0
43.09764000,17.35033000,46.0
43.09772000,17.35028000,45.0
43.09775000,17.35026000,45.0
43.09781000,17.35021000,45.0
43.09784000,17.35019000,45.0
43.09789000,17.35015000,45.0
43.09792000,17.35012000,45.0
43.09798000,17.35009000,45.0
43.09801000,17.35008000,45.0
43.09807000,17.35006000,46.0
43.09810000,17.35005000,46.0
43.09817000,17.35001000,46.0
43.09820000,17.34999000,46.0
43.09826000,17.34997000,46.0
43.09829000,17.34996000,46.0
43.09835000,17.34990000,44.0
43.09839000,17.34989000,44.0
43.09845000,17.34987000,43.0
43.09849000,17.34987000,43.0
43.09856000,17.34986000,43.0
43.09860000,17.34985000,42.0
43.09866000,17.34985000,43.0
43.09869000,17.34985000,43.0
43.09877000,17.34983000,43.0
43.09881000,17.34983000,44.0
43.09890000,17.34983000,45.0
43.09894000,17.34983000,46.0
43.09902000,17.34982000,46.0
43.09906000,17.34980000,46.0
43.09915000,17.34978000,46.0
43.09919000,17.34976000,46.0
43.09928000,17.34975000,47.0
43.09932000,17.34974000,47.0
43.09939000,17.34974000,47.0
43.09943000,17.34974000,48.0
43.09951000,17.34974000,48.0
43.09954000,17.34973000,48.0
43.09960000,17.34970000,48.0
43.09963000,17.34970000,48.0
43.09970000,17.34969000,49.0
43.09973000,17.34968000,49.0
43.09980000,17.34967000,49.0
43.09983000,17.34967000,49.0
43.09991000,17.34967000,50.0
43.09994000,17.34967000,51.0
43.10000000,17.34966000,51.0
43.10004000,17.34965000,51.0
43.10011000,17.34965000,52.0
43.10014000,17.34964000,51.0
43.10021000,17.34963000,52.0
43.10025000,17.34964000,52.0
43.10032000,17.34963000,52.0
43.10036000,17.34963000,52.0
43.10043000,17.34961000,52.0
43.10046000,17.34959000,51.0
43.10051000,17.34958000,51.0
43.10054000,17.34956000,50.0
43.10060000,17.34955000,50.0
43.10064000,17.34956000,51.0
43.10071000,17.34955000,52.0
43.10074000,17.34954000,52.0
43.10080000,17.34953000,52.0
43.10083000,17.34953000,53.0
43.10090000,17.34953000,51.0
43.10093000,17.34953000,50.0
43.10101000,17.34952000,48.0
43.10105000,17.34953000,47.0
43.10111000,17.34952000,45.0
43.10115000,17.34953000,45.0
43.10123000,17.34954000,45.0
43.10127000,17.34955000,45.0
43.10135000,17.34958000,45.0
43.10138000,17.34959000,45.0
43.10144000,17.34962000,46.0
43.10147000,17.34963000,47.0
43.10155000,17.34965000,48.0
43.10159000,17.34966000,49.0
43.10167000,17.34968000,49.0
43.10170000,17.34969000,49.0
43.10175000,17.34970000,49.0
43.10180000,17.34971000,49.0
43.10185000,17.34973000,49.0
43.10189000,17.34974000,49.0
43.10194000,17.34975000,48.0
43.10199000,17.34977000,49.0
43.10204000,17.34978000,49.0
43.10208000,17.34979000,49.0
43.10215000,17.34981000,50.0
43.10220000,17.34983000,50.0
43.10224000,17.34984000,50.0
43.10229000,17.34985000,51.0
43.10234000,17.34987000,51.0
43.10239000,17.34989000,52.0
43.10243000,17.34991000,53.0
43.10248000,17.34993000,54.0
43.10257000,17.34996000,54.0
43.10262000,17.34998000,53.0
43.10266000,17.34999000,53.0
43.10272000,17.35001000,52.0
43.10276000,17.35002000,51.0
43.10281000,17.35002000,51.0
43.10290000,17.35003000,50.0
43.10294000,17.35005000,50.0
43.10302000,17.35007000,49.0
43.10307000,17.35009000,49.0
43.10312000,17.35010000,49.0
43.10317000,17.35011000,49.0
43.10322000,17.35012000,49.0
43.10327000,17.35014000,50.0
43.10335000,17.35015000,50.0
43.10340000,17.35015000,50.0
43.10344000,17.35015000,49.0
43.10349000,17.35015000,49.0
43.10355000,17.35014000,49.0
43.10361000,17.35013000,48.0
43.10366000,17.35012000,47.0
43.10371000,17.35012000,47.0
43.10377000,17.35011000,46.0
43.10382000,17.35012000,45.0
43.10387000,17.35011000,44.0
43.10392000,17.35009000,44.0
43.10396000,17.35006000,43.0
43.10401000,17.35003000,43.0
43.10406000,17.35001000,43.0
43.10410000,17.34998000,43.0
43.10416000,17.34991000,42.0
43.10420000,17.34988000,42.0
43.10425000,17.34982000,42.0
43.10427000,17.34979000,42.0
43.10432000,17.34974000,42.0
43.10435000,17.34971000,42.0
43.10440000,17.34964000,42.0
43.10443000,17.34961000,42.0
43.10448000,17.34953000,42.0
43.10451000,17.34950000,42.0
43.10456000,17.34943000,42.0
43.10459000,17.34939000,42.0
43.10464000,17.34931000,42.0
43.10467000,17.34927000,42.0
43.10472000,17.34918000,42.0
43.10475000,17.34913000,41.0
43.10480000,17.34905000,41.0
43.10483000,17.34901000,41.0
43.10486000,17.34896000,40.0
43.10489000,17.34892000,40.0
43.10492000,17.34887000,41.0
43.10495000,17.34882000,41.0
43.10498000,17.34878000,41.0
43.10502000,17.34873000,40.0
43.10506000,17.34868000,40.0
43.10511000,17.34863000,41.0
43.10515000,17.34859000,41.0
43.10519000,17.34855000,41.0
43.10523000,17.34852000,42.0
43.10527000,17.34849000,42.0
43.10531000,17.34845000,42.0
43.10535000,17.34842000,42.0
43.10539000,17.34839000,42.0
43.10543000,17.34836000,42.0
43.10551000,17.34830000,43.0
43.10554000,17.34827000,42.0
43.10561000,17.34820000,42.0
43.10565000,17.34817000,42.0
43.10568000,17.34814000,42.0
43.10574000,17.34812000,42.0
43.10578000,17.34809000,42.0
43.10582000,17.34805000,42.0
43.10588000,17.34796000,42.0
43.10593000,17.34792000,42.0
43.10597000,17.34786000,41.0
43.10601000,17.34781000,41.0
43.10605000,17.34775000,41.0
43.10609000,17.34768000,42.0
43.10612000,17.34761000,42.0
43.10616000,17.34754000,42.0
43.10619000,17.34746000,43.0
43.10621000,17.34738000,43.0
43.10624000,17.34730000,43.0
43.10626000,17.34722000,43.0
43.10627000,17.34714000,43.0
43.10628000,17.34707000,43.0
43.10628000,17.34700000,43.0
43.10629000,17.34692000,43.0
43.10629000,17.34684000,43.0
43.10629000,17.34677000,43.0
43.10628000,17.34669000,43.0
43.10628000,17.34661000,42.0
43.10628000,17.34654000,42.0
43.10628000,17.34646000,42.0
43.10627000,17.34639000,41.0
43.10627000,17.34632000,42.0
43.10626000,17.34624000,41.0
43.10625000,17.34617000,41.0
43.10624000,17.34609000,41.0
43.10624000,17.34602000,42.0
43.10623000,17.34594000,42.0
43.10622000,17.34587000,42.0
43.10621000,17.34579000,41.0
43.10620000,17.34573000,41.0
43.10620000,17.34566000,41.0
43.10619000,17.34558000,40.0
43.10619000,17.34550000,40.0
43.10618000,17.34542000,39.0
43.10618000,17.34534000,38.0
43.10619000,17.34526000,38.0
43.10620000,17.34517000,38.0
43.10621000,17.34509000,38.0
43.10623000,17.34502000,38.0
43.10625000,17.34495000,38.0
43.10627000,17.34487000,37.0
43.10630000,17.34480000,37.0
43.10632000,17.34473000,37.0
43.10636000,17.34465000,37.0
43.10639000,17.34458000,37.0
43.10642000,17.34451000,36.0
43.10645000,17.34445000,36.0
43.10649000,17.34439000,37.0
43.10652000,17.34433000,36.0
43.10657000,17.34428000,37.0
43.10662000,17.34423000,37.0
43.10667000,17.34419000,37.0
43.10671000,17.34414000,37.0
43.10675000,17.34410000,37.0
43.10679000,17.34406000,37.0
43.10685000,17.34402000,37.0
43.10690000,17.34399000,37.0
43.10695000,17.34395000,37.0
43.10701000,17.34392000,38.0
43.10707000,17.34388000,38.0
43.10711000,17.34384000,38.0
43.10717000,17.34381000,39.0
43.10722000,17.34377000,39.0
43.10728000,17.34374000,39.0
43.10733000,17.34371000,39.0
43.10738000,17.34367000,39.0
43.10744000,17.34363000,39.0
43.10749000,17.34359000,39.0
43.10755000,17.34356000,39.0
43.10761000,17.34352000,39.0
43.10767000,17.34349000,40.0
43.10772000,17.34345000,40.0
43.10777000,17.34342000,40.0
43.10783000,17.34339000,40.0
43.10788000,17.34336000,40.0
43.10793000,17.34332000,40.0
43.10798000,17.34329000,40.0
43.10804000,17.34326000,40.0
43.10810000,17.34323000,39.0
43.10816000,17.34318000,39.0
43.10821000,17.34313000,38.0
43.10825000,17.34308000,38.0
43.10831000,17.34304000,37.0
43.10836000,17.34301000,37.0
43.10841000,17.34298000,38.0
43.10846000,17.34295000,38.0
43.10852000,17.34292000,38.0
43.10858000,17.34288000,39.0
43.10864000,17.34285000,39.0
43.10869000,17.34281000,39.0
43.10875000,17.34277000,38.0
43.10879000,17.34274000,38.0
43.10884000,17.34271000,38.0
43.10889000,17.34267000,38.0
43.10894000,17.34263000,38.0
43.10899000,17.34259000,38.0
43.10903000,17.34256000,38.0
43.10908000,17.34251000,37.0
43.10913000,17.34248000,37.0
43.10918000,17.34243000,37.0
43.10923000,17.34238000,37.0
43.10927000,17.34233000,37.0
43.10932000,17.34229000,37.0
43.10936000,17.34224000,36.0
43.10940000,17.34219000,36.0
43.10944000,17.34214000,36.0
43.10949000,17.34209000,36.0
43.10953000,17.34203000,36.0
43.10958000,17.34198000,37.0
43.10962000,17.34191000,37.0
43.10966000,17.34185000,37.0
43.10969000,17.34179000,38.0
43.10973000,17.34173000,38.0
43.10978000,17.34168000,38.0
43.10982000,17.34163000,38.0
43.10986000,17.34157000,38.0
43.10990000,17.34151000,38.0
43.10995000,17.34145000,38.0
43.10999000,17.34138000,37.0
43.11004000,17.34132000,37.0
43.11008000,17.34125000,37.0
43.11012000,17.34119000,37.0
43.11017000,17.34114000,37.0
43.11021000,17.34107000,36.0
43.11024000,17.34101000,36.0
43.11027000,17.34094000,36.0
43.11030000,17.34088000,35.0
43.11033000,17.34081000,35.0
43.11036000,17.34075000,35.0
43.11038000,17.34069000,35.0
43.11041000,17.34063000,35.0
43.11044000,17.34057000,35.0
43.11047000,17.34052000,35.0
43.11050000,17.34046000,35.0
43.11052000,17.34040000,35.0
43.11055000,17.34034000,35.0
43.11058000,17.34027000,35.0
43.11060000,17.34020000,35.0
43.11063000,17.34013000,35.0
43.11065000,17.34007000,35.0
43.11067000,17.34000000,34.0
43.11069000,17.33993000,34.0
43.11071000,17.33986000,34.0
43.11073000,17.33979000,33.0
43.11075000,17.33972000,33.0
43.11077000,17.33965000,33.0
43.11080000,17.33958000,34.0
43.11082000,17.33951000,34.0
43.11084000,17.33944000,34.0
43.11086000,17.33937000,34.0
43.11089000,17.33930000,34.0
43.11091000,17.33923000,34.0
43.11093000,17.33916000,34.0
43.11095000,17.33910000,34.0
43.11097000,17.33904000,34.0
43.11099000,17.33897000,34.0
43.11101000,17.33891000,34.0
43.11104000,17.33884000,34.0
43.11106000,17.33877000,33.0
43.11109000,17.33871000,33.0
43.11111000,17.33865000,32.0
43.11114000,17.33860000,32.0
43.11117000,17.33855000,33.0
43.11118000,17.33849000,32.0
43.11121000,17.33838000,32.0
43.11122000,17.33833000,32.0
43.11127000,17.33825000,32.0
43.11128000,17.33823000,32.0
43.11134000,17.33815000,32.0
43.11135000,17.33815000,32.0
43.11141000,17.33810000,33.0
43.11144000,17.33809000,34.0
43.11153000,17.33810000,37.0
43.11155000,17.33807000,37.0
43.11162000,17.33802000,38.0
43.11165000,17.33799000,38.0
43.11171000,17.33795000,37.0
43.11175000,17.33792000,37.0
43.11181000,17.33785000,35.0
43.11184000,17.33781000,34.0
43.11188000,17.33778000,34.0
43.11192000,17.33774000,33.0
43.11196000,17.33770000,33.0
43.11200000,17.33766000,33.0
43.11208000,17.33761000,32.0
43.11212000,17.33758000,32.0
43.11215000,17.33754000,32.0
43.11219000,17.33749000,32.0
43.11223000,17.33746000,32.0
43.11226000,17.33743000,32.0
43.11232000,17.33735000,31.0
43.11235000,17.33731000,31.0
43.11238000,17.33726000,31.0
43.11243000,17.33721000,31.0
43.11247000,17.33716000,31.0
43.11250000,17.33711000,31.0
43.11254000,17.33706000,31.0
43.11258000,17.33700000,32.0
43.11262000,17.33694000,32.0
43.11267000,17.33688000,33.0
43.11271000,17.33682000,33.0
43.11275000,17.33675000,33.0
43.11278000,17.33668000,33.0
43.11282000,17.33661000,34.0
43.11285000,17.33655000,35.0
43.11288000,17.33648000,35.0
43.11291000,17.33641000,35.0
43.11295000,17.33636000,36.0
43.11298000,17.33628000,36.0
43.11300000,17.33621000,35.0
43.11303000,17.33614000,35.0
43.11306000,17.33607000,35.0
43.11308000,17.33601000,35.0
43.11310000,17.33594000,34.0
43.11313000,17.33587000,34.0
43.11315000,17.33580000,34.0
43.11317000,17.33572000,34.0
43.11319000,17.33564000,33.0
43.11321000,17.33556000,33.0
43.11322000,17.33548000,32.0
43.11323000,17.33540000,31.0
43.11325000,17.33532000,31.0
43.11326000,17.33525000,31.0
43.11327000,17.33517000,31.0
43.11328000,17.33509000,31.0
43.11329000,17.33501000,31.0
43.11330000,17.33494000,31.0
43.11330000,17.33486000,31.0
43.11331000,17.33479000,31.0
43.11331000,17.33471000,31.0
43.11332000,17.33463000,31.0
43.11332000,17.33455000,31.0
43.11333000,17.33448000,31.0
43.11333000,17.33440000,31.0
43.11334000,17.33432000,31.0
43.11334000,17.33424000,31.0
43.11336000,17.33416000,31.0
43.11337000,17.33408000,31.0
43.11338000,17.33400000,31.0
43.11339000,17.33392000,31.0
43.11340000,17.33384000,30.0
43.11342000,17.33376000,30.0
43.11344000,17.33368000,30.0
43.11346000,17.33360000,30.0
43.11348000,17.33353000,30.0
43.11351000,17.33345000,29.0
43.11353000,17.33338000,29.0
43.11356000,17.33330000,29.0
43.11359000,17.33323000,28.0
43.11363000,17.33315000,28.0
43.11366000,17.33308000,28.0
43.11369000,17.33302000,28.0
43.11373000,17.33295000,28.0
43.11376000,17.33289000,28.0
43.11379000,17.33283000,28.0
43.11383000,17.33276000,28.0
43.11386000,17.33269000,28.0
43.11389000,17.33263000,27.0
43.11393000,17.33257000,28.0
43.11397000,17.33251000,28.0
43.11400000,17.33245000,29.0
43.11404000,17.33238000,30.0
43.11407000,17.33231000,30.0
43.11411000,17.33225000,31.0
43.11414000,17.33219000,31.0
43.11417000,17.33213000,32.0
43.11420000,17.33207000,31.0
43.11423000,17.33201000,31.0
43.11426000,17.33195000,31.0
43.11429000,17.33189000,30.0
43.11433000,17.33183000,29.0
43.11435000,17.33178000,29.0
43.11439000,17.33172000,28.0
43.11442000,17.33167000,27.0
43.11446000,17.33162000,27.0
43.11449000,17.33157000,27.0
43.11452000,17.33152000,27.0
43.11456000,17.33147000,27.0
43.11460000,17.33142000,27.0
43.11464000,17.33137000,27.0
43.11468000,17.33131000,27.0
43.11473000,17.33126000,27.0
43.11478000,17.33123000,27.0
43.11483000,17.33118000,27.0
43.11488000,17.33114000,27.0
43.11493000,17.33111000,27.0
43.11497000,17.33107000,27.0
43.11502000,17.33105000,27.0
43.11507000,17.33102000,27.0
43.11510000,17.33099000,27.0
43.11515000,17.33095000,27.0
43.11519000,17.33092000,27.0
43.11523000,17.33088000,27.0
43.11528000,17.33085000,27.0
43.11533000,17.33081000,27.0
43.11538000,17.33078000,27.0
43.11544000,17.33075000,27.0
43.11549000,17.33072000,27.0
43.11553000,17.33069000,27.0
43.11557000,17.33065000,27.0
43.11562000,17.33061000,28.0
43.11566000,17.33058000,28.0
43.11570000,17.33054000,28.0
43.11573000,17.33050000,29.0
43.11577000,17.33045000,29.0
43.11580000,17.33040000,29.0
43.11584000,17.33035000,29.0
43.11586000,17.33029000,29.0
43.11588000,17.33023000,28.0
43.11591000,17.33018000,28.0
43.11594000,17.33012000,27.0
43.11596000,17.33006000,27.0
43.11599000,17.32999000,27.0
43.11601000,17.32992000,27.0
43.11603000,17.32985000,27.0
43.11605000,17.32979000,27.0
43.11607000,17.32973000,27.0
43.11608000,17.32967000,27.0
43.11609000,17.32961000,27.0
43.11611000,17.32955000,27.0
43.11614000,17.32943000,27.0
43.11615000,17.32938000,28.0
43.11617000,17.32932000,28.0
43.11619000,17.32925000,29.0
43.11620000,17.32919000,29.0
43.11622000,17.32912000,29.0
43.11624000,17.32906000,29.0
43.11627000,17.32900000,29.0
43.11629000,17.32894000,29.0
43.11632000,17.32888000,29.0
43.11635000,17.32881000,29.0
43.11638000,17.32875000,29.0
43.11641000,17.32870000,29.0
43.11644000,17.32865000,29.0
43.11647000,17.32860000,29.0
43.11650000,17.32855000,29.0
43.11656000,17.32847000,30.0
43.11660000,17.32843000,30.0
43.11666000,17.32835000,30.0
43.11669000,17.32832000,30.0
43.11675000,17.32825000,30.0
43.11679000,17.32822000,31.0
43.11687000,17.32817000,32.0
43.11690000,17.32814000,33.0
43.11694000,17.32810000,33.0
43.11698000,17.32806000,33.0
43.11702000,17.32803000,33.0
43.11706000,17.32800000,33.0
43.11710000,17.32797000,33.0
43.11714000,17.32794000,34.0
43.11718000,17.32790000,34.0
43.11722000,17.32787000,34.0
43.11727000,17.32784000,34.0
43.11731000,17.32780000,33.0
43.11738000,17.32773000,32.0
43.11742000,17.32769000,32.0
43.11746000,17.32765000,32.0
43.11750000,17.32761000,32.0
43.11753000,17.32757000,32.0
43.11756000,17.32752000,32.0
43.11759000,17.32746000,31.0
43.11761000,17.32741000,31.0
43.11764000,17.32735000,31.0
43.11767000,17.32729000,31.0
43.11769000,17.32723000,31.0
43.11770000,17.32718000,30.0
43.11774000,17.32707000,30.0
43.11776000,17.32701000,30.0
43.11779000,17.32695000,30.0
43.11782000,17.32689000,30.0
43.11784000,17.32684000,30.0
43.11786000,17.32678000,30.0
43.11788000,17.32672000,30.0
43.11791000,17.32665000,30.0
43.11793000,17.32660000,30.0
43.11795000,17.32654000,30.0
43.11797000,17.32648000,30.0
43.11799000,17.32643000,30.0
43.11802000,17.32637000,30.0
43.11804000,17.32631000,31.0
43.11807000,17.32624000,31.0
43.11809000,17.32618000,32.0
43.11812000,17.32613000,32.0
43.11815000,17.32607000,33.0
43.11818000,17.32601000,32.0
43.11821000,17.32595000,32.0
43.11823000,17.32589000,32.0
43.11825000,17.32583000,31.0
43.11828000,17.32578000,31.0
43.11829000,17.32572000,30.0
43.11832000,17.32565000,29.0
43.11833000,17.32559000,28.0
43.11836000,17.32553000,28.0
43.11838000,17.32548000,28.0
43.11840000,17.32542000,28.0
43.11842000,17.32536000,27.0
43.11844000,17.32531000,27.0
43.11846000,17.32525000,27.0
43.11848000,17.32519000,27.0
43.11850000,17.32512000,27.0
43.11853000,17.32507000,27.0
43.11855000,17.32502000,27.0
43.11857000,17.32496000,27.0
43.11859000,17.32490000,27.0
43.11861000,17.32484000,27.0
43.11864000,17.32478000,27.0
43.11866000,17.32473000,27.0
43.11869000,17.32468000,27.0
43.11872000,17.32462000,28.0
43.11874000,17.32456000,27.0
43.11877000,17.32449000,27.0
43.11879000,17.32443000,27.0
43.11882000,17.32438000,27.0
43.11884000,17.32432000,27.0
43.11887000,17.32427000,27.0
43.11890000,17.32421000,27.0
43.11893000,17.32417000,27.0
43.11896000,17.32412000,27.0
43.11899000,17.32402000,27.0
43.11900000,17.32399000,27.0
43.11905000,17.32391000,28.0
43.11906000,17.32389000,28.0
43.11912000,17.32381000,29.0
43.11912000,17.32379000,29.0
43.11915000,17.32369000,29.0
43.11917000,17.32366000,30.0
43.11918000,17.32365000,30.0
43.11928000,17.32368000,32.0
43.11930000,17.32379000,32.0
43.11929000,17.32381000,32.0
43.11928000,17.32393000,32.0
43.11928000,17.32394000,32.0
43.11925000,17.32405000,32.0
43.11925000,17.32406000,32.0
43.11926000,17.32409000,33.0
43.11921000,17.32421000,33.0
43.11923000,17.32425000,34.0
43.11923000,17.32435000,35.0
43.11926000,17.32444000,37.0
43.11928000,17.32445000,37.0
43.11929000,17.32447000,38.0
43.11934000,17.32407000,34.0
43.11928000,17.32396000,32.0
43.11929000,17.32389000,32.0
43.11932000,17.32378000,33.0
43.11932000,17.32377000,33.0
43.11939000,17.32419000,36.0
43.11938000,17.32421000,36.0
43.11929000,17.32424000,35.0
43.11921000,17.32431000,34.0
43.11920000,17.32432000,34.0
43.11925000,17.32415000,33.0
43.11921000,17.32410000,32.0
43.11918000,17.32401000,31.0
43.11919000,17.32390000,30.0
43.11919000,17.32386000,30.0
43.11918000,17.32377000,30.0
43.11913000,17.32370000,29.0
43.11922000,17.32382000,31.0
43.11924000,17.32390000,31.0
43.11929000,17.32392000,32.0
43.11937000,17.32395000,34.0
43.11939000,17.32396000,35.0
43.11940000,17.32406000,35.0
43.11929000,17.32400000,33.0
43.11920000,17.32399000,31.0
43.11919000,17.32401000,31.0
43.11929000,17.32405000,33.0
43.11934000,17.32406000,34.0
43.11939000,17.32407000,35.0
43.11930000,17.32405000,33.0
43.11928000,17.32405000,33.0
43.11920000,17.32408000,32.0
43.11919000,17.32408000,31.0
43.11927000,17.32406000,33.0
43.11928000,17.32406000,33.0
43.11920000,17.32406000,31.0
43.11918000,17.32406000,31.0
43.11927000,17.32406000,33.0
43.11928000,17.32406000,33.0
43.11922000,17.32404000,32.0
43.11916000,17.32408000,31.0
43.11924000,17.32411000,32.0
43.11926000,17.32410000,33.0
43.11923000,17.32398000,31.0
43.11924000,17.32396000,32.0
43.11925000,17.32386000,31.0
43.11925000,17.32384000,31.0
43.11927000,17.32373000,32.0
43.11929000,17.32368000,32.0
43.11931000,17.32363000,32.0
43.11933000,17.32356000,32.0
43.11935000,17.32350000,32.0
43.11938000,17.32345000,32.0
43.11944000,17.32336000,32.0
43.11947000,17.32331000,32.0
43.11950000,17.32327000,31.0
43.11954000,17.32321000,31.0
43.11960000,17.32313000,30.0
43.11963000,17.32309000,30.0
43.11969000,17.32300000,29.0
43.11972000,17.32295000,28.0
43.11976000,17.32290000,29.0
43.11979000,17.32284000,29.0
43.11983000,17.32278000,29.0
43.11988000,17.32273000,29.0
43.11992000,17.32268000,30.0
43.11996000,17.32262000,30.0
43.12000000,17.32257000,30.0
43.12004000,17.32251000,30.0
43.12008000,17.32245000,30.0
43.12012000,17.32240000,30.0
43.12017000,17.32235000,30.0

43.12021000,17.32230000,30.0
43.12025000,17.32225000,30.0
43.12030000,17.32220000,29.0
43.12033000,17.32215000,29.0
43.12038000,17.32211000,28.0
43.12042000,17.32207000,28.0
43.12047000,17.32201000,28.0
43.12050000,17.32193000,27.0
43.12053000,17.32185000,26.0
43.12057000,17.32177000,26.0
43.12059000,17.32171000,25.0
43.12062000,17.32165000,25.0
43.12066000,17.32158000,25.0
43.12069000,17.32150000,25.0
43.12071000,17.32142000,24.0
43.12072000,17.32134000,24.0
43.12073000,17.32126000,23.0
43.12073000,17.32117000,22.0
43.12074000,17.32108000,21.0
43.12074000,17.32099000,21.0
43.12074000,17.32091000,21.0
43.12073000,17.32082000,20.0
43.12072000,17.32073000,21.0
43.12071000,17.32065000,21.0
43.12071000,17.32056000,22.0
43.12070000,17.32047000,22.0
43.12068000,17.32038000,22.0
43.12068000,17.32030000,23.0
43.12067000,17.32021000,23.0
43.12066000,17.32013000,23.0
43.12065000,17.32005000,23.0
43.12063000,17.31999000,23.0
43.12061000,17.31993000,22.0
43.12059000,17.31986000,22.0
43.12058000,17.31979000,22.0
43.12058000,17.31972000,22.0
43.12059000,17.31964000,23.0
43.12058000,17.31957000,23.0
43.12057000,17.31949000,23.0
43.12056000,17.31941000,22.0
43.12055000,17.31933000,22.0
43.12055000,17.31925000,22.0
43.12055000,17.31918000,21.0
43.12055000,17.31909000,21.0
43.12055000,17.31901000,20.0
43.12055000,17.31894000,20.0
43.12055000,17.31886000,19.0
43.12055000,17.31878000,19.0
43.12056000,17.31872000,20.0
43.12056000,17.31864000,20.0
43.12057000,17.31856000,20.0
43.12058000,17.31848000,21.0
43.12059000,17.31839000,22.0
43.12059000,17.31830000,22.0
43.12060000,17.31822000,21.0
43.12061000,17.31815000,21.0
43.12064000,17.31808000,21.0
43.12067000,17.31801000,20.0
43.12069000,17.31792000,19.0
43.12073000,17.31784000,19.0
43.12077000,17.31777000,19.0
43.12080000,17.31771000,20.0
43.12084000,17.31765000,20.0
43.12089000,17.31758000,21.0
43.12093000,17.31751000,21.0
43.12096000,17.31744000,21.0
43.12100000,17.31737000,21.0
43.12103000,17.31731000,21.0
43.12107000,17.31725000,22.0
43.12111000,17.31719000,22.0
43.12113000,17.31712000,22.0
43.12117000,17.31706000,22.0
43.12122000,17.31698000,22.0
43.12125000,17.31691000,22.0
43.12129000,17.31684000,21.0
43.12132000,17.31678000,21.0
43.12135000,17.31671000,20.0
43.12139000,17.31664000,20.0
43.12142000,17.31656000,20.0
43.12145000,17.31649000,20.0
43.12148000,17.31641000,21.0
43.12150000,17.31634000,21.0
43.12152000,17.31626000,22.0
43.12153000,17.31619000,23.0
43.12153000,17.31612000,23.0
43.12154000,17.31603000,23.0
43.12155000,17.31595000,24.0
43.12155000,17.31586000,24.0
43.12155000,17.31577000,24.0
43.12155000,17.31570000,24.0
43.12154000,17.31562000,23.0
43.12155000,17.31555000,24.0
43.12155000,17.31547000,24.0
43.12155000,17.31539000,24.0
43.12154000,17.31533000,23.0
43.12154000,17.31527000,23.0
43.12153000,17.31520000,22.0
43.12152000,17.31512000,22.0
43.12152000,17.31505000,22.0
43.12152000,17.31498000,22.0
43.12152000,17.31490000,21.0
43.12152000,17.31483000,21.0
43.12152000,17.31476000,20.0
43.12153000,17.31469000,20.0
43.12153000,17.31464000,19.0
43.12153000,17.31456000,18.0
43.12155000,17.31449000,18.0
43.12157000,17.31443000,18.0
43.12159000,17.31436000,18.0
43.12160000,17.31429000,17.0
43.12162000,17.31422000,17.0
43.12164000,17.31416000,17.0
43.12166000,17.31410000,17.0
43.12168000,17.31404000,17.0
43.12170000,17.31397000,17.0
43.12172000,17.31390000,17.0
43.12174000,17.31383000,17.0
43.12176000,17.31376000,18.0
43.12179000,17.31367000,19.0
43.12181000,17.31360000,19.0
43.12184000,17.31353000,20.0
43.12185000,17.31347000,20.0
43.12186000,17.31341000,19.0
43.12188000,17.31335000,20.0
43.12188000,17.31327000,19.0
43.12189000,17.31319000,19.0
43.12189000,17.31312000,18.0
43.12190000,17.31305000,18.0
43.12190000,17.31298000,18.0
43.12190000,17.31290000,17.0
43.12189000,17.31282000,16.0
43.12189000,17.31273000,16.0
43.12189000,17.31265000,15.0
43.12188000,17.31253000,14.0
43.12188000,17.31244000,14.0
43.12187000,17.31235000,13.0
43.12188000,17.31226000,13.0
43.12189000,17.31217000,12.0
43.12189000,17.31207000,11.0
43.12191000,17.31199000,11.0
43.12192000,17.31191000,11.0
43.12193000,17.31182000,10.0
43.12195000,17.31174000,10.0
43.12197000,17.31167000,11.0
43.12199000,17.31160000,12.0
43.12202000,17.31153000,13.0
43.12205000,17.31146000,14.0
43.12208000,17.31140000,15.0
43.12211000,17.31134000,16.0
43.12214000,17.31128000,17.0
43.12217000,17.31122000,18.0
43.12220000,17.31116000,18.0
43.12221000,17.31111000,18.0
43.12225000,17.31101000,18.0
43.12228000,17.31096000,18.0
43.12233000,17.31088000,19.0
43.12236000,17.31084000,19.0
43.12240000,17.31075000,19.0
43.12242000,17.31071000,20.0
43.12245000,17.31063000,20.0
43.12246000,17.31060000,20.0
43.12249000,17.31049000,20.0
43.12250000,17.31045000,20.0
43.12252000,17.31037000,20.0
43.12253000,17.31032000,21.0
43.12255000,17.31023000,21.0
43.12257000,17.31019000,21.0
43.12258000,17.31008000,21.0
43.12259000,17.31004000,21.0
43.12261000,17.30994000,22.0
43.12262000,17.30989000,22.0
43.12264000,17.30980000,22.0
43.12265000,17.30975000,23.0
43.12267000,17.30967000,23.0
43.12266000,17.30962000,23.0
43.12268000,17.30953000,24.0
43.12268000,17.30948000,24.0
43.12269000,17.30940000,24.0
43.12270000,17.30936000,24.0
43.12272000,17.30925000,24.0
43.12272000,17.30920000,24.0
43.12273000,17.30908000,24.0
43.12273000,17.30903000,23.0
43.12273000,17.30892000,23.0
43.12275000,17.30886000,23.0
43.12276000,17.30879000,23.0
43.12277000,17.30873000,23.0
43.12279000,17.30862000,24.0
43.12279000,17.30857000,24.0
43.12282000,17.30847000,24.0
43.12282000,17.30842000,24.0
43.12282000,17.30831000,25.0
43.12282000,17.30826000,25.0
43.12284000,17.30815000,26.0
43.12284000,17.30809000,26.0
43.12284000,17.30798000,26.0
43.12285000,17.30792000,26.0
43.12284000,17.30781000,26.0
43.12283000,17.30776000,26.0
43.12282000,17.30767000,26.0
43.12281000,17.30762000,26.0
43.12279000,17.30753000,25.0
43.12278000,17.30749000,25.0
43.12277000,17.30739000,24.0
43.12276000,17.30734000,24.0
43.12275000,17.30725000,23.0
43.12274000,17.30721000,23.0
43.12274000,17.30712000,24.0
43.12273000,17.30708000,23.0
43.12272000,17.30699000,23.0
43.12272000,17.30694000,23.0
43.12271000,17.30685000,23.0
43.12271000,17.30681000,23.0
43.12271000,17.30669000,23.0
43.12272000,17.30666000,23.0
43.12274000,17.30654000,24.0
43.12273000,17.30650000,23.0
43.12276000,17.30643000,24.0
43.12277000,17.30639000,24.0
43.12280000,17.30631000,25.0
43.12281000,17.30626000,25.0
43.12284000,17.30616000,26.0
43.12285000,17.30611000,26.0
43.12287000,17.30603000,26.0
43.12288000,17.30599000,26.0
43.12291000,17.30591000,26.0
43.12293000,17.30586000,26.0
43.12296000,17.30577000,27.0
43.12298000,17.30573000,27.0
43.12302000,17.30563000,28.0
43.12303000,17.30558000,29.0
43.12304000,17.30548000,29.0
43.12306000,17.30544000,30.0
43.12309000,17.30534000,31.0
43.12311000,17.30529000,32.0
43.12314000,17.30519000,33.0
43.12315000,17.30514000,33.0
43.12317000,17.30507000,33.0
43.12318000,17.30501000,33.0
43.12321000,17.30490000,33.0
43.12322000,17.30485000,33.0
43.12323000,17.30473000,32.0
43.12323000,17.30466000,32.0
43.12323000,17.30459000,32.0
43.12324000,17.30452000,32.0
43.12324000,17.30446000,32.0
43.12324000,17.30439000,32.0
43.12322000,17.30429000,32.0
43.12322000,17.30424000,32.0
43.12323000,17.30413000,33.0
43.12322000,17.30407000,33.0
43.12322000,17.30398000,33.0
43.12322000,17.30394000,33.0
43.12322000,17.30383000,33.0
43.12322000,17.30378000,33.0
43.12324000,17.30368000,33.0
43.12325000,17.30363000,33.0
43.12326000,17.30352000,33.0
43.12327000,17.30347000,34.0
43.12328000,17.30336000,34.0
43.12329000,17.30330000,34.0
43.12333000,17.30319000,34.0
43.12334000,17.30315000,35.0
43.12336000,17.30305000,34.0
43.12338000,17.30299000,34.0
43.12342000,17.30290000,34.0
43.12344000,17.30285000,34.0
43.12346000,17.30280000,34.0
43.12350000,17.30272000,34.0
43.12353000,17.30266000,34.0
43.12356000,17.30261000,34.0
43.12361000,17.30252000,34.0
43.12364000,17.30246000,33.0
43.12368000,17.30242000,33.0
43.12371000,17.30237000,33.0
43.12377000,17.30229000,33.0
43.12381000,17.30225000,33.0
43.12387000,17.30217000,32.0
43.12392000,17.30214000,32.0
43.12396000,17.30211000,32.0
43.12400000,17.30207000,32.0
43.12405000,17.30203000,32.0
43.12409000,17.30198000,32.0
43.12414000,17.30194000,31.0
43.12420000,17.30189000,31.0
43.12425000,17.30184000,31.0
43.12431000,17.30179000,30.0
43.12437000,17.30174000,29.0
43.12445000,17.30168000,29.0
43.12452000,17.30162000,28.0
43.12458000,17.30156000,28.0
43.12465000,17.30149000,28.0
43.12472000,17.30143000,28.0
43.12480000,17.30137000,27.0
43.12489000,17.30131000,27.0
43.12497000,17.30125000,26.0
43.12506000,17.30119000,25.0
43.12515000,17.30113000,25.0
43.12524000,17.30106000,23.0
43.12533000,17.30099000,22.0
43.12542000,17.30092000,21.0
43.12550000,17.30085000,20.0
43.12560000,17.30077000,19.0
43.12569000,17.30070000,19.0
43.12578000,17.30064000,19.0
43.12587000,17.30057000,19.0
43.12596000,17.30050000,19.0
43.12605000,17.30044000,20.0
43.12613000,17.30037000,20.0
43.12621000,17.30030000,20.0
43.12629000,17.30023000,21.0
43.12637000,17.30016000,21.0
43.12644000,17.30010000,21.0
43.12653000,17.30003000,22.0
43.12659000,17.29996000,22.0
43.12665000,17.29989000,21.0
43.12671000,17.29983000,21.0
43.12676000,17.29976000,21.0
43.12682000,17.29968000,21.0
43.12687000,17.29960000,20.0
43.12691000,17.29951000,19.0
43.12697000,17.29943000,19.0
43.12701000,17.29935000,18.0
43.12705000,17.29925000,17.0
43.12708000,17.29915000,16.0
43.12712000,17.29906000,16.0
43.12715000,17.29896000,16.0
43.12719000,17.29887000,16.0
43.12721000,17.29877000,15.0
43.12724000,17.29867000,15.0
43.12726000,17.29857000,14.0
43.12728000,17.29847000,14.0
43.12730000,17.29837000,14.0
43.12732000,17.29828000,14.0
43.12733000,17.29818000,13.0
43.12734000,17.29807000,13.0
43.12735000,17.29797000,13.0
43.12736000,17.29787000,13.0
43.12736000,17.29776000,13.0
43.12735000,17.29766000,12.0
43.12735000,17.29755000,13.0
43.12735000,17.29744000,13.0
43.12735000,17.29734000,13.0
43.12735000,17.29724000,14.0
43.12735000,17.29714000,14.0
43.12734000,17.29706000,14.0
43.12734000,17.29698000,15.0
43.12734000,17.29690000,15.0
43.12734000,17.29681000,15.0
43.12734000,17.29674000,15.0
43.12734000,17.29665000,15.0
43.12735000,17.29658000,15.0
43.12736000,17.29649000,15.0
43.12736000,17.29640000,15.0
43.12735000,17.29632000,14.0
43.12733000,17.29625000,13.0
43.12733000,17.29618000,12.0
43.12732000,17.29611000,11.0
43.12731000,17.29603000,12.0
43.12731000,17.29596000,13.0
43.12731000,17.29587000,14.0
43.12731000,17.29578000,15.0
43.12730000,17.29570000,15.0
43.12729000,17.29562000,16.0
43.12728000,17.29553000,16.0
43.12727000,17.29545000,16.0
43.12726000,17.29537000,16.0
43.12725000,17.29528000,16.0
43.12724000,17.29519000,15.0
43.12722000,17.29511000,14.0
43.12723000,17.29503000,14.0
43.12723000,17.29493000,14.0
43.12722000,17.29484000,15.0
43.12721000,17.29475000,15.0
43.12720000,17.29466000,15.0
43.12720000,17.29457000,16.0
43.12718000,17.29449000,16.0
43.12716000,17.29442000,16.0
43.12718000,17.29435000,17.0
43.12717000,17.29429000,18.0
43.12717000,17.29422000,18.0
43.12720000,17.29410000,20.0
43.12722000,17.29402000,20.0
43.12723000,17.29395000,20.0
43.12724000,17.29387000,19.0
43.12725000,17.29380000,19.0
43.12727000,17.29373000,19.0
43.12729000,17.29366000,19.0
43.12731000,17.29360000,20.0
43.12732000,17.29353000,19.0
43.12732000,17.29342000,17.0
43.12732000,17.29337000,17.0
43.12733000,17.29331000,16.0
43.12734000,17.29324000,16.0
43.12734000,17.29316000,15.0
43.12735000,17.29308000,15.0
43.12737000,17.29299000,15.0
43.12738000,17.29290000,15.0
43.12738000,17.29282000,15.0
43.12739000,17.29274000,15.0
43.12738000,17.29266000,16.0
43.12738000,17.29259000,16.0
43.12738000,17.29252000,17.0
43.12738000,17.29244000,17.0
43.12738000,17.29237000,18.0
43.12737000,17.29229000,17.0
43.12736000,17.29221000,18.0
43.12735000,17.29212000,17.0
43.12735000,17.29203000,17.0
43.12733000,17.29195000,16.0
43.12733000,17.29186000,16.0
43.12733000,17.29177000,16.0
43.12733000,17.29168000,16.0
43.12733000,17.29159000,15.0
43.12734000,17.29150000,15.0
43.12736000,17.29141000,15.0
43.12738000,17.29133000,14.0
43.12740000,17.29125000,14.0
43.12743000,17.29118000,14.0
43.12746000,17.29110000,14.0
43.12748000,17.29103000,14.0
43.12749000,17.29096000,14.0
43.12751000,17.29089000,13.0
43.12754000,17.29084000,14.0
43.12758000,17.29073000,14.0
43.12760000,17.29068000,14.0
43.12762000,17.29062000,14.0
43.12765000,17.29057000,14.0
43.12769000,17.29046000,13.0
43.12771000,17.29042000,13.0
43.12775000,17.29033000,12.0
43.12774000,17.29030000,11.0
43.12780000,17.29021000,11.0
43.12782000,17.29017000,11.0
43.12787000,17.29008000,12.0
43.12789000,17.29005000,12.0
43.12794000,17.28997000,12.0
43.12796000,17.28995000,12.0
43.12802000,17.28987000,12.0
43.12803000,17.28984000,11.0
43.12808000,17.28974000,10.0
43.12810000,17.28974000,11.0
43.12816000,17.28971000,12.0
43.12819000,17.28972000,13.0
43.12825000,17.28963000,13.0
43.12826000,17.28962000,13.0
43.12831000,17.28956000,13.0
43.12833000,17.28954000,12.0
43.12838000,17.28948000,12.0
43.12841000,17.28944000,12.0
43.12845000,17.28940000,13.0
43.12849000,17.28936000,13.0
43.12854000,17.28932000,14.0
43.12858000,17.28928000,14.0
43.12863000,17.28924000,15.0
43.12866000,17.28920000,15.0
43.12870000,17.28916000,15.0
43.12874000,17.28913000,15.0
43.12880000,17.28911000,16.0
43.12884000,17.28908000,16.0
43.12888000,17.28906000,16.0
43.12894000,17.28905000,16.0
43.12898000,17.28903000,16.0
43.12903000,17.28902000,16.0
43.12910000,17.28898000,15.0
43.12914000,17.28897000,15.0
43.12919000,17.28895000,14.0
43.12924000,17.28895000,15.0
43.12929000,17.28894000,15.0
43.12934000,17.28893000,15.0
43.12943000,17.28893000,16.0
43.12948000,17.28891000,17.0
43.12952000,17.28887000,17.0
43.12955000,17.28882000,17.0
43.12956000,17.28876000,17.0
43.12955000,17.28869000,15.0
43.12955000,17.28863000,14.0
43.12955000,17.28856000,14.0
43.12954000,17.28849000,13.0
43.12952000,17.28843000,12.0
43.12951000,17.28836000,12.0
43.12950000,17.28829000,12.0
43.12948000,17.28823000,12.0
43.12946000,17.28816000,12.0
43.12945000,17.28810000,12.0
43.12944000,17.28803000,13.0
43.12943000,17.28796000,13.0
43.12943000,17.28789000,13.0
43.12942000,17.28782000,14.0
43.12942000,17.28775000,14.0
43.12942000,17.28768000,14.0
43.12943000,17.28761000,14.0
43.12943000,17.28753000,14.0
43.12945000,17.28746000,14.0
43.12947000,17.28739000,15.0
43.12949000,17.28733000,15.0
43.12951000,17.28726000,15.0
43.12952000,17.28720000,14.0
43.12955000,17.28711000,13.0
43.12957000,17.28706000,13.0
43.12961000,17.28700000,13.0
43.12963000,17.28697000,13.0
43.12964000,17.28695000,13.0
43.12964000,17.28694000,13.0
43.12964000,17.28696000,14.0
43.12969000,17.28693000,14.0
43.12977000,17.28687000,15.0
43.12978000,17.28686000,15.0
43.12985000,17.28681000,15.0
43.12987000,17.28679000,15.0
43.12995000,17.28677000,15.0
43.12998000,17.28676000,16.0
43.13006000,17.28672000,16.0
43.13009000,17.28671000,17.0
43.13015000,17.28668000,17.0
43.13018000,17.28667000,17.0
43.13023000,17.28664000,17.0
43.13027000,17.28663000,18.0
43.13033000,17.28658000,17.0
43.13036000,17.28656000,17.0
43.13042000,17.28651000,17.0
43.13046000,17.28650000,17.0
43.13052000,17.28647000,17.0
43.13055000,17.28640000,16.0
43.13061000,17.28633000,15.0
43.13063000,17.28630000,14.0
43.13070000,17.28624000,14.0
43.13075000,17.28621000,14.0
43.13083000,17.28618000,13.0
43.13087000,17.28618000,14.0
43.13092000,17.28618000,14.0
43.13096000,17.28618000,15.0
43.13105000,17.28619000,15.0
43.13109000,17.28618000,16.0
43.13116000,17.28616000,16.0
43.13120000,17.28615000,15.0
43.13126000,17.28614000,15.0
43.13130000,17.28614000,15.0
43.13137000,17.28611000,15.0
43.13139000,17.28610000,14.0
43.13147000,17.28610000,14.0
43.13149000,17.28609000,13.0
43.13156000,17.28609000,12.0
43.13160000,17.28609000,12.0
43.13165000,17.28609000,11.0
43.13170000,17.28609000,11.0
43.13176000,17.28609000,10.0
43.13182000,17.28608000,9.0
43.13188000,17.28608000,9.0
43.13193000,17.28608000,8.0
43.13199000,17.28609000,8.0
43.13205000,17.28608000,8.0
43.13210000,17.28606000,8.0
43.13215000,17.28604000,8.0
43.13219000,17.28602000,7.0
43.13224000,17.28600000,7.0
43.13228000,17.28597000,7.0
43.13233000,17.28595000,6.0
43.13239000,17.28591000,5.0
43.13244000,17.28589000,5.0
43.13249000,17.28586000,4.0
43.13254000,17.28583000,4.0
43.13258000,17.28581000,4.0
43.13263000,17.28579000,3.0
43.13268000,17.28579000,4.0
43.13272000,17.28578000,3.0
43.13277000,17.28577000,3.0
43.13282000,17.28576000,4.0
43.13287000,17.28577000,4.0
43.13293000,17.28578000,5.0
43.13300000,17.28577000,5.0
43.13306000,17.28575000,5.0
43.13311000,17.28574000,5.0
43.13317000,17.28574000,6.0
43.13322000,17.28572000,6.0
43.13326000,17.28570000,6.0
43.13331000,17.28569000,7.0
43.13336000,17.28567000,7.0
43.13341000,17.28565000,7.0
43.13346000,17.28563000,7.0
43.13351000,17.28561000,7.0
43.13357000,17.28560000,7.0
43.13362000,17.28559000,7.0
43.13366000,17.28557000,6.0
43.13375000,17.28554000,6.0
43.13378000,17.28552000,6.0
43.13387000,17.28550000,5.0
43.13391000,17.28549000,5.0
43.13395000,17.28547000,5.0
43.13400000,17.28546000,5.0
43.13407000,17.28543000,5.0
43.13412000,17.28541000,5.0
43.13419000,17.28539000,5.0
43.13423000,17.28538000,5.0
43.13430000,17.28536000,5.0
43.13433000,17.28535000,5.0
43.13438000,17.28533000,5.0
43.13439000,17.28533000,5.0
43.13438000,17.28532000,5.0
43.13444000,17.28533000,5.0
43.13449000,17.28532000,5.0
43.13454000,17.28532000,6.0
43.13462000,17.28528000,6.0
43.13466000,17.28526000,6.0
43.13474000,17.28524000,6.0
43.13477000,17.28521000,7.0
43.13481000,17.28518000,7.0
43.13486000,17.28517000,8.0
43.13494000,17.28513000,9.0
43.13499000,17.28512000,10.0
43.13504000,17.28509000,10.0
43.13508000,17.28507000,10.0
43.13513000,17.28504000,10.0
43.13517000,17.28502000,10.0
43.13521000,17.28499000,10.0
43.13526000,17.28497000,10.0
43.13531000,17.28495000,9.0
43.13536000,17.28492000,9.0
43.13541000,17.28490000,9.0
43.13546000,17.28489000,8.0
43.13554000,17.28484000,8.0
43.13559000,17.28482000,8.0
43.13563000,17.28480000,8.0
43.13567000,17.28478000,7.0
43.13572000,17.28476000,7.0
43.13576000,17.28474000,7.0
43.13581000,17.28471000,6.0
43.13584000,17.28468000,6.0
43.13591000,17.28464000,5.0
43.13594000,17.28459000,4.0
43.13600000,17.28454000,3.0
43.13604000,17.28452000,3.0
43.13611000,17.28448000,2.0
43.13614000,17.28446000,2.0
43.13619000,17.28444000,2.0
43.13623000,17.28442000,3.0
43.13631000,17.28437000,3.0
43.13635000,17.28434000,3.0
43.13642000,17.28429000,3.0
43.13647000,17.28426000,4.0
43.13651000,17.28424000,5.0
43.13656000,17.28422000,6.0
43.13661000,17.28419000,6.0
43.13666000,17.28415000,7.0
43.13671000,17.28412000,8.0
43.13676000,17.28408000,8.0
43.13680000,17.28404000,9.0
43.13686000,17.28400000,10.0
43.13690000,17.28396000,11.0
43.13695000,17.28391000,13.0
43.13699000,17.28387000,12.0
43.13705000,17.28385000,11.0
43.13710000,17.28382000,10.0
43.13714000,17.28379000,9.0
43.13717000,17.28376000,8.0
43.13721000,17.28371000,8.0
43.13726000,17.28367000,7.0
43.13730000,17.28363000,6.0
43.13734000,17.28358000,6.0
43.13739000,17.28355000,6.0
43.13743000,17.28351000,5.0
43.13747000,17.28347000,5.0
43.13753000,17.28344000,5.0
43.13757000,17.28340000,5.0
43.13761000,17.28337000,4.0
43.13765000,17.28333000,4.0
43.13769000,17.28329000,4.0
43.13774000,17.28326000,4.0
43.13778000,17.28321000,4.0
43.13782000,17.28317000,4.0
43.13787000,17.28314000,4.0
43.13792000,17.28310000,4.0
43.13796000,17.28306000,4.0
43.13801000,17.28302000,3.0
43.13806000,17.28299000,3.0
43.13811000,17.28294000,3.0
43.13816000,17.28291000,3.0
43.13821000,17.28287000,3.0
43.13825000,17.28282000,3.0
43.13829000,17.28277000,3.0
43.13833000,17.28273000,3.0
43.13837000,17.28269000,4.0
43.13841000,17.28264000,4.0
43.13843000,17.28259000,4.0
43.13848000,17.28253000,4.0
43.13852000,17.28248000,3.0
43.13855000,17.28244000,3.0
43.13858000,17.28238000,3.0
43.13861000,17.28233000,3.0
43.13865000,17.28227000,3.0
43.13868000,17.28221000,3.0
43.13870000,17.28215000,3.0
43.13872000,17.28210000,2.0
43.13874000,17.28204000,2.0
43.13877000,17.28198000,2.0
43.13879000,17.28191000,2.0
43.13881000,17.28184000,2.0
43.13883000,17.28177000,2.0
43.13885000,17.28170000,1.0
43.13887000,17.28164000,1.0
43.13888000,17.28158000,1.0
43.13890000,17.28152000,1.0
43.13893000,17.28146000,1.0
43.13894000,17.28139000,1.0
43.13897000,17.28133000,1.0
43.13899000,17.28126000,1.0
43.13901000,17.28119000,1.0
43.13902000,17.28113000,1.0
43.13905000,17.28106000,2.0
43.13906000,17.28100000,2.0
43.13908000,17.28094000,2.0
43.13911000,17.28087000,2.0
43.13912000,17.28081000,2.0
43.13914000,17.28074000,2.0
43.13913000,17.28067000,2.0
43.13915000,17.28060000,2.0
43.13917000,17.28054000,2.0
43.13920000,17.28049000,2.0
43.13921000,17.28043000,2.0
43.13923000,17.28037000,2.0
43.13926000,17.28031000,2.0
43.13928000,17.28026000,2.0
43.13931000,17.28015000,2.0
43.13933000,17.28009000,3.0
43.13935000,17.28003000,3.0
43.13937000,17.27996000,3.0
43.13937000,17.27990000,3.0
43.13938000,17.27983000,3.0
43.13938000,17.27977000,3.0
43.13940000,17.27970000,4.0
43.13940000,17.27959000,4.0
43.13941000,17.27953000,4.0
43.13941000,17.27942000,5.0
43.13941000,17.27937000,5.0
43.13941000,17.27926000,5.0
43.13941000,17.27920000,5.0
43.13940000,17.27910000,6.0
43.13939000,17.27905000,6.0
43.13937000,17.27895000,6.0
43.13935000,17.27891000,6.0
43.13929000,17.27885000,6.0
43.13926000,17.27883000,6.0
43.13918000,17.27880000,5.0
43.13914000,17.27879000,5.0
43.13907000,17.27878000,3.0
43.13903000,17.27878000,3.0
43.13896000,17.27878000,2.0
43.13893000,17.27877000,1.0
43.13887000,17.27874000,1.0
43.13884000,17.27873000,1.0
43.13891000,17.27871000,1.0
43.13895000,17.27871000,1.0
43.13901000,17.27872000,2.0
43.13904000,17.27872000,3.0
43.13913000,17.27873000,4.0
43.13915000,17.27873000,5.0
43.13921000,17.27874000,5.0
43.13924000,17.27874000,5.0
43.13932000,17.27868000,5.0
43.13933000,17.27865000,5.0
43.13935000,17.27857000,5.0
43.13935000,17.27852000,5.0
43.13936000,17.27842000,5.0
43.13936000,17.27837000,5.0
43.13937000,17.27826000,5.0
43.13937000,17.27821000,5.0
43.13939000,17.27811000,5.0
43.13940000,17.27806000,5.0
43.13941000,17.27796000,4.0
43.13941000,17.27791000,4.0
43.13944000,17.27782000,4.0
43.13945000,17.27778000,4.0
43.13949000,17.27768000,4.0
43.13951000,17.27763000,4.0
43.13956000,17.27752000,4.0
43.13958000,17.27747000,4.0
43.13960000,17.27741000,4.0
43.13962000,17.27736000,5.0
43.13967000,17.27725000,5.0
43.13969000,17.27720000,5.0
43.13974000,17.27711000,5.0
43.13976000,17.27707000,4.0
43.13980000,17.27699000,4.0
43.13983000,17.27696000,4.0
43.13988000,17.27689000,3.0
43.13989000,17.27685000,3.0
43.13994000,17.27677000,3.0
43.13996000,17.27673000,3.0
43.14002000,17.27664000,2.0
43.14004000,17.27660000,2.0
43.14010000,17.27652000,2.0
43.14014000,17.27648000,2.0
43.14019000,17.27644000,2.0
43.14022000,17.27639000,2.0
43.14029000,17.27631000,3.0
43.14033000,17.27627000,3.0
43.14036000,17.27623000,4.0
43.14039000,17.27619000,4.0
43.14042000,17.27614000,4.0
43.14046000,17.27610000,5.0
43.14049000,17.27605000,5.0
43.14052000,17.27601000,5.0
43.14058000,17.27592000,6.0
43.14061000,17.27587000,6.0
43.14064000,17.27583000,6.0
43.14067000,17.27578000,6.0
43.14070000,17.27572000,7.0
43.14074000,17.27567000,7.0
43.14078000,17.27557000,7.0
43.14081000,17.27552000,7.0
43.14082000,17.27547000,7.0
43.14084000,17.27541000,8.0
43.14086000,17.27534000,8.0
43.14087000,17.27529000,8.0
43.14090000,17.27517000,8.0
43.14092000,17.27511000,8.0
43.14094000,17.27506000,9.0
43.14096000,17.27499000,9.0
43.14099000,17.27491000,10.0
43.14100000,17.27485000,10.0
43.14103000,17.27474000,11.0
43.14105000,17.27468000,11.0
43.14106000,17.27462000,11.0
43.14108000,17.27456000,12.0
43.14109000,17.27449000,12.0
43.14110000,17.27443000,12.0
43.14112000,17.27437000,12.0
43.14113000,17.27431000,12.0
43.14115000,17.27419000,12.0
43.14116000,17.27415000,12.0
43.14120000,17.27404000,10.0
43.14122000,17.27400000,9.0
43.14127000,17.27395000,11.0
43.14129000,17.27391000,11.0
43.14136000,17.27384000,15.0
43.14138000,17.27382000,16.0
43.14144000,17.27376000,18.0
43.14145000,17.27374000,18.0
43.14152000,17.27370000,20.0
43.14154000,17.27369000,20.0
43.14156000,17.27357000,20.0
43.14158000,17.27353000,21.0
43.14160000,17.27346000,21.0
43.14161000,17.27342000,21.0
43.14164000,17.27333000,21.0
43.14165000,17.27330000,20.0
43.14168000,17.27323000,19.0
43.14170000,17.27319000,18.0
43.14172000,17.27310000,17.0
43.14173000,17.27306000,17.0
43.14176000,17.27296000,14.0
43.14178000,17.27293000,14.0
43.14179000,17.27284000,12.0
43.14181000,17.27281000,12.0
43.14186000,17.27272000,13.0
43.14188000,17.27267000,13.0
43.14191000,17.27258000,13.0
43.14192000,17.27255000,13.0
43.14194000,17.27248000,13.0
43.14196000,17.27244000,14.0
43.14201000,17.27235000,15.0
43.14201000,17.27232000,15.0
43.14204000,17.27221000,15.0
43.14206000,17.27218000,16.0
43.14208000,17.27209000,16.0
43.14209000,17.27206000,16.0
43.14213000,17.27197000,17.0
43.14213000,17.27193000,16.0
43.14218000,17.27183000,18.0
43.14220000,17.27180000,18.0
43.14225000,17.27171000,19.0
43.14227000,17.27167000,19.0
43.14229000,17.27156000,18.0
43.14230000,17.27153000,18.0
43.14233000,17.27145000,17.0
43.14234000,17.27141000,17.0
43.14237000,17.27130000,16.0
43.14238000,17.27126000,16.0
43.14242000,17.27118000,16.0
43.14244000,17.27115000,16.0
43.14247000,17.27108000,15.0
43.14250000,17.27105000,15.0
43.14255000,17.27099000,17.0
43.14257000,17.27096000,17.0
43.14262000,17.27091000,18.0
43.14264000,17.27087000,18.0
43.14270000,17.27079000,19.0
43.14272000,17.27075000,19.0
43.14278000,17.27069000,20.0
43.14280000,17.27065000,20.0
43.14285000,17.27058000,20.0
43.14288000,17.27055000,20.0
43.14293000,17.27047000,20.0
43.14296000,17.27043000,20.0
43.14300000,17.27035000,20.0
43.14301000,17.27032000,19.0
43.14305000,17.27024000,20.0
43.14307000,17.27021000,20.0
43.14313000,17.27014000,22.0
43.14315000,17.27011000,22.0
43.14320000,17.27003000,22.0
43.14322000,17.26999000,22.0
43.14327000,17.26993000,22.0
43.14330000,17.26990000,22.0
43.14336000,17.26982000,22.0
43.14339000,17.26979000,22.0
43.14343000,17.26973000,22.0
43.14345000,17.26969000,22.0
43.14351000,17.26960000,22.0
43.14353000,17.26957000,22.0
43.14358000,17.26950000,22.0
43.14360000,17.26947000,22.0
43.14367000,17.26939000,22.0
43.14370000,17.26934000,22.0
43.14375000,17.26928000,21.0
43.14377000,17.26925000,21.0
43.14383000,17.26920000,21.0
43.14386000,17.26918000,21.0
43.14394000,17.26913000,21.0
43.14397000,17.26912000,21.0
43.14403000,17.26909000,22.0
43.14406000,17.26908000,22.0
43.14413000,17.26905000,22.0
43.14416000,17.26904000,23.0
43.14423000,17.26904000,24.0
43.14427000,17.26903000,24.0
43.14433000,17.26900000,25.0
43.14436000,17.26897000,25.0
43.14442000,17.26890000,25.0
43.14446000,17.26886000,25.0
43.14451000,17.26878000,24.0
43.14454000,17.26873000,24.0
43.14457000,17.26867000,23.0
43.14460000,17.26862000,23.0
43.14464000,17.26856000,22.0
43.14468000,17.26850000,22.0
43.14471000,17.26844000,21.0
43.14475000,17.26838000,21.0
43.14479000,17.26831000,21.0
43.14482000,17.26825000,21.0
43.14486000,17.26818000,21.0
43.14489000,17.26811000,20.0
43.14493000,17.26804000,20.0
43.14496000,17.26796000,20.0
43.14500000,17.26788000,20.0
43.14503000,17.26781000,20.0
43.14506000,17.26773000,20.0
43.14510000,17.26766000,20.0
43.14513000,17.26759000,20.0
43.14517000,17.26751000,20.0
43.14521000,17.26744000,20.0
43.14524000,17.26736000,19.0
43.14528000,17.26728000,19.0
43.14532000,17.26721000,19.0
43.14536000,17.26714000,19.0
43.14541000,17.26706000,19.0
43.14546000,17.26699000,19.0
43.14551000,17.26691000,19.0
43.14556000,17.26684000,19.0
43.14562000,17.26677000,19.0
43.14567000,17.26670000,19.0
43.14573000,17.26664000,19.0
43.14578000,17.26658000,18.0
43.14584000,17.26652000,18.0
43.14589000,17.26647000,18.0
43.14594000,17.26642000,18.0
43.14599000,17.26637000,18.0
43.14604000,17.26631000,18.0
43.14608000,17.26625000,18.0
43.14612000,17.26619000,17.0
43.14617000,17.26612000,18.0
43.14620000,17.26605000,17.0
43.14624000,17.26597000,18.0
43.14627000,17.26588000,17.0
43.14629000,17.26580000,17.0
43.14630000,17.26571000,17.0
43.14631000,17.26562000,17.0
43.14631000,17.26553000,16.0
43.14632000,17.26544000,16.0
43.14632000,17.26536000,16.0
43.14632000,17.26527000,16.0
43.14632000,17.26519000,16.0

43.14632000,17.26512000,16.0
43.14632000,17.26505000,16.0
43.14632000,17.26498000,16.0
43.14632000,17.26491000,16.0
43.14632000,17.26484000,16.0
43.14632000,17.26478000,15.0
43.14631000,17.26471000,15.0
43.14630000,17.26466000,15.0
43.14630000,17.26459000,15.0
43.14630000,17.26452000,15.0
43.14630000,17.26445000,15.0
43.14631000,17.26438000,16.0
43.14630000,17.26432000,15.0
43.14629000,17.26425000,15.0
43.14629000,17.26419000,15.0
43.14629000,17.26413000,15.0
43.14630000,17.26401000,16.0
43.14630000,17.26395000,16.0
43.14630000,17.26383000,16.0
43.14631000,17.26378000,16.0
43.14631000,17.26368000,16.0
43.14632000,17.26363000,17.0
43.14634000,17.26355000,17.0
43.14635000,17.26350000,17.0
43.14637000,17.26340000,17.0
43.14638000,17.26335000,16.0
43.14642000,17.26326000,18.0
43.14644000,17.26321000,18.0
43.14648000,17.26311000,19.0
43.14650000,17.26306000,20.0
43.14652000,17.26301000,20.0
43.14654000,17.26294000,20.0
43.14657000,17.26284000,19.0
43.14658000,17.26281000,19.0
43.14662000,17.26271000,19.0
43.14665000,17.26268000,19.0
43.14670000,17.26262000,20.0
43.14673000,17.26259000,20.0
43.14679000,17.26254000,21.0
43.14681000,17.26251000,21.0
43.14687000,17.26246000,22.0
43.14689000,17.26244000,23.0
43.14697000,17.26238000,24.0
43.14699000,17.26237000,25.0
43.14707000,17.26233000,26.0
43.14707000,17.26231000,26.0
43.14703000,17.26221000,22.0
43.14702000,17.26219000,22.0
43.14695000,17.26224000,21.0
43.14692000,17.26227000,21.0
43.14688000,17.26231000,20.0
43.14684000,17.26235000,19.0
43.14680000,17.26240000,19.0
43.14676000,17.26245000,19.0
43.14672000,17.26250000,18.0
43.14669000,17.26256000,18.0
43.14665000,17.26263000,18.0
43.14661000,17.26269000,18.0
43.14657000,17.26277000,18.0
43.14654000,17.26284000,18.0
43.14650000,17.26292000,18.0
43.14646000,17.26300000,17.0
43.14643000,17.26308000,17.0
43.14639000,17.26317000,16.0
43.14636000,17.26326000,16.0
43.14634000,17.26336000,16.0
43.14631000,17.26346000,16.0
43.14629000,17.26356000,15.0
43.14628000,17.26367000,15.0
43.14627000,17.26378000,15.0
43.14626000,17.26388000,15.0
43.14625000,17.26400000,14.0
43.14625000,17.26410000,14.0
43.14623000,17.26422000,13.0
43.14624000,17.26433000,13.0
43.14624000,17.26443000,13.0
43.14625000,17.26454000,13.0
43.14625000,17.26465000,12.0
43.14626000,17.26476000,13.0
43.14626000,17.26487000,13.0
43.14626000,17.26498000,13.0
43.14626000,17.26509000,13.0
43.14626000,17.26519000,13.0
43.14626000,17.26529000,13.0
43.14626000,17.26540000,14.0
43.14626000,17.26549000,14.0
43.14626000,17.26558000,15.0
43.14625000,17.26565000,15.0
43.14623000,17.26576000,15.0
43.14622000,17.26577000,15.0
43.14619000,17.26567000,13.0
43.14619000,17.26562000,12.0
43.14619000,17.26551000,11.0
43.14617000,17.26545000,10.0
43.14617000,17.26533000,9.0
43.14616000,17.26527000,8.0
43.14616000,17.26515000,8.0
43.14616000,17.26509000,8.0
43.14616000,17.26502000,8.0
43.14615000,17.26496000,7.0
43.14615000,17.26484000,7.0
43.14614000,17.26476000,7.0
43.14613000,17.26466000,7.0
43.14613000,17.26461000,7.0
43.14613000,17.26451000,9.0
43.14612000,17.26446000,9.0
43.14613000,17.26434000,10.0
43.14614000,17.26428000,10.0
43.14613000,17.26418000,10.0
43.14612000,17.26412000,10.0
43.14612000,17.26401000,10.0
43.14612000,17.26396000,10.0
43.14612000,17.26387000,11.0
43.14613000,17.26382000,11.0
43.14613000,17.26370000,11.0
43.14613000,17.26364000,11.0
43.14615000,17.26353000,12.0
43.14616000,17.26347000,12.0
43.14619000,17.26336000,13.0
43.14620000,17.26331000,13.0
43.14623000,17.26321000,14.0
43.14623000,17.26315000,14.0
43.14626000,17.26304000,14.0
43.14627000,17.26299000,14.0
43.14629000,17.26293000,13.0
43.14631000,17.26286000,13.0
43.14634000,17.26280000,12.0
43.14638000,17.26273000,12.0
43.14641000,17.26266000,11.0
43.14644000,17.26261000,11.0
43.14647000,17.26255000,11.0
43.14650000,17.26248000,11.0
43.14656000,17.26240000,12.0
43.14659000,17.26236000,12.0
43.14665000,17.26228000,12.0
43.14668000,17.26224000,12.0
43.14671000,17.26219000,13.0
43.14675000,17.26215000,13.0
43.14682000,17.26207000,14.0
43.14685000,17.26204000,15.0
43.14689000,17.26200000,15.0
43.14692000,17.26196000,15.0
43.14698000,17.26187000,14.0
43.14701000,17.26183000,13.0
43.14707000,17.26175000,12.0
43.14711000,17.26171000,11.0
43.14717000,17.26163000,10.0
43.14721000,17.26160000,10.0
43.14728000,17.26153000,10.0
43.14731000,17.26150000,10.0
43.14739000,17.26144000,10.0
43.14744000,17.26145000,11.0
43.14749000,17.26141000,11.0
43.14752000,17.26136000,10.0
43.14757000,17.26133000,10.0
43.14761000,17.26131000,9.0
43.14766000,17.26128000,9.0
43.14770000,17.26125000,8.0
43.14774000,17.26123000,7.0
43.14779000,17.26121000,6.0
43.14783000,17.26118000,5.0
43.14788000,17.26116000,3.0
43.14793000,17.26115000,3.0
43.14799000,17.26115000,3.0
43.14805000,17.26115000,3.0
43.14809000,17.26114000,2.0
43.14818000,17.26114000,2.0
43.14822000,17.26115000,3.0
43.14827000,17.26115000,3.0
43.14832000,17.26115000,3.0
43.14837000,17.26116000,3.0
43.14841000,17.26117000,4.0
43.14847000,17.26118000,4.0
43.14852000,17.26119000,4.0
43.14857000,17.26122000,6.0
43.14863000,17.26124000,6.0
43.14871000,17.26126000,6.0
43.14875000,17.26128000,6.0
43.14880000,17.26130000,6.0
43.14884000,17.26131000,6.0
43.14889000,17.26133000,5.0
43.14894000,17.26135000,5.0
43.14899000,17.26138000,5.0
43.14904000,17.26141000,4.0
43.14909000,17.26144000,3.0
43.14914000,17.26146000,2.0
43.14919000,17.26148000,2.0
43.14925000,17.26150000,2.0
43.14930000,17.26150000,2.0
43.14935000,17.26151000,3.0
43.14941000,17.26151000,3.0
43.14946000,17.26152000,3.0
43.14951000,17.26152000,3.0
43.14956000,17.26151000,3.0
43.14963000,17.26152000,3.0
43.14969000,17.26152000,3.0
43.14975000,17.26154000,3.0
43.14981000,17.26165000,4.0
43.14986000,17.26164000,3.0
43.14992000,17.26168000,3.0
43.14997000,17.26168000,3.0
43.15001000,17.26167000,3.0
43.15006000,17.26165000,3.0
43.15012000,17.26163000,3.0
43.15017000,17.26161000,3.0
43.15021000,17.26160000,3.0
43.15029000,17.26156000,3.0
43.15034000,17.26154000,3.0
43.15039000,17.26151000,3.0
43.15043000,17.26149000,3.0
43.15048000,17.26145000,4.0
43.15052000,17.26142000,4.0
43.15057000,17.26139000,5.0
43.15060000,17.26135000,5.0
43.15067000,17.26127000,5.0
43.15070000,17.26123000,6.0
43.15077000,17.26114000,6.0
43.15080000,17.26110000,6.0
43.15086000,17.26101000,6.0
43.15089000,17.26097000,6.0
43.15094000,17.26087000,6.0
43.15097000,17.26084000,6.0
43.15103000,17.26074000,5.0
43.15105000,17.26069000,5.0
43.15107000,17.26064000,5.0
43.15110000,17.26059000,5.0
43.15114000,17.26048000,6.0
43.15116000,17.26042000,6.0
43.15118000,17.26037000,6.0
43.15121000,17.26031000,6.0
43.15125000,17.26027000,6.0
43.15128000,17.26022000,6.0
43.15131000,17.26012000,6.0
43.15133000,17.26006000,6.0
43.15135000,17.26001000,6.0
43.15138000,17.25995000,6.0
43.15141000,17.25984000,6.0
43.15143000,17.25979000,6.0
43.15146000,17.25968000,6.0
43.15146000,17.25962000,5.0
43.15149000,17.25953000,5.0
43.15151000,17.25948000,5.0
43.15152000,17.25938000,5.0
43.15153000,17.25933000,5.0
43.15156000,17.25923000,5.0
43.15157000,17.25918000,5.0
43.15161000,17.25908000,5.0
43.15162000,17.25903000,5.0
43.15166000,17.25893000,5.0
43.15167000,17.25888000,6.0
43.15169000,17.25879000,7.0
43.15170000,17.25873000,8.0
43.15173000,17.25862000,9.0
43.15173000,17.25856000,9.0
43.15174000,17.25845000,10.0
43.15176000,17.25840000,10.0
43.15177000,17.25830000,11.0
43.15178000,17.25825000,11.0
43.15177000,17.25815000,11.0
43.15176000,17.25810000,11.0
43.15175000,17.25799000,11.0
43.15174000,17.25794000,11.0
43.15173000,17.25784000,10.0
43.15173000,17.25779000,10.0
43.15170000,17.25769000,10.0
43.15170000,17.25764000,10.0
43.15169000,17.25754000,11.0
43.15168000,17.25748000,11.0
43.15168000,17.25737000,12.0
43.15167000,17.25731000,13.0
43.15166000,17.25721000,14.0
43.15166000,17.25714000,14.0
43.15165000,17.25708000,14.0
43.15165000,17.25701000,15.0
43.15164000,17.25695000,15.0
43.15164000,17.25689000,15.0
43.15163000,17.25677000,14.0
43.15163000,17.25671000,14.0
43.15164000,17.25660000,15.0
43.15164000,17.25655000,15.0
43.15161000,17.25646000,15.0
43.15161000,17.25641000,16.0
43.15161000,17.25629000,16.0
43.15160000,17.25625000,16.0
43.15159000,17.25613000,16.0
43.15159000,17.25608000,16.0
43.15158000,17.25598000,17.0
43.15157000,17.25593000,17.0
43.15156000,17.25583000,18.0
43.15155000,17.25579000,18.0
43.15152000,17.25571000,18.0
43.15150000,17.25567000,17.0
43.15143000,17.25558000,16.0
43.15142000,17.25557000,16.0
43.15144000,17.25548000,16.0
43.15145000,17.25536000,17.0
43.15145000,17.25530000,17.0
43.15146000,17.25520000,18.0
43.15146000,17.25516000,18.0
43.15144000,17.25505000,18.0
43.15145000,17.25501000,19.0
43.15145000,17.25492000,19.0
43.15144000,17.25487000,19.0
43.15142000,17.25477000,19.0
43.15141000,17.25473000,18.0
43.15139000,17.25462000,19.0
43.15138000,17.25458000,19.0
43.15135000,17.25450000,20.0
43.15134000,17.25446000,20.0
43.15130000,17.25439000,20.0
43.15128000,17.25435000,20.0
43.15124000,17.25429000,20.0
43.15121000,17.25426000,19.0
43.15116000,17.25417000,20.0
43.15114000,17.25414000,19.0
43.15108000,17.25405000,19.0
43.15106000,17.25402000,19.0
43.15100000,17.25395000,18.0
43.15098000,17.25392000,18.0
43.15095000,17.25385000,18.0
43.15093000,17.25381000,18.0
43.15089000,17.25374000,17.0
43.15088000,17.25370000,17.0
43.15087000,17.25361000,18.0
43.15087000,17.25357000,18.0
43.15088000,17.25348000,18.0
43.15088000,17.25344000,18.0
43.15091000,17.25333000,19.0
43.15091000,17.25329000,19.0
43.15092000,17.25320000,19.0
43.15094000,17.25317000,20.0
43.15096000,17.25308000,20.0
43.15098000,17.25304000,20.0
43.15102000,17.25295000,20.0
43.15104000,17.25290000,20.0
43.15108000,17.25283000,20.0
43.15110000,17.25279000,19.0
43.15113000,17.25269000,19.0
43.15115000,17.25265000,19.0
43.15118000,17.25257000,19.0
43.15119000,17.25253000,18.0
43.15122000,17.25245000,18.0
43.15124000,17.25239000,18.0
43.15126000,17.25230000,18.0
43.15128000,17.25225000,18.0
43.15132000,17.25216000,19.0
43.15135000,17.25211000,19.0
43.15140000,17.25203000,20.0
43.15143000,17.25199000,20.0
43.15148000,17.25191000,19.0
43.15151000,17.25186000,18.0
43.15158000,17.25180000,18.0
43.15161000,17.25176000,17.0
43.15164000,17.25171000,16.0
43.15167000,17.25166000,15.0
43.15172000,17.25158000,16.0
43.15175000,17.25152000,16.0
43.15181000,17.25144000,16.0
43.15184000,17.25139000,16.0
43.15189000,17.25130000,16.0
43.15192000,17.25125000,16.0
43.15197000,17.25117000,16.0
43.15200000,17.25113000,17.0
43.15206000,17.25105000,17.0
43.15208000,17.25100000,17.0
43.15214000,17.25092000,17.0
43.15217000,17.25089000,17.0
43.15223000,17.25082000,17.0
43.15225000,17.25079000,18.0
43.15227000,17.25069000,17.0
43.15229000,17.25065000,17.0
43.15232000,17.25059000,16.0
43.15236000,17.25055000,17.0
43.15236000,17.25048000,13.0
43.15239000,17.25044000,11.0
43.15243000,17.25040000,9.0
43.15247000,17.25036000,6.0
43.15251000,17.25033000,4.0
43.15256000,17.25030000,2.0
43.15261000,17.25027000,1.0
43.15266000,17.25025000,1.0
43.15270000,17.25022000,1.0
43.15275000,17.25020000,1.0
43.15280000,17.25017000,2.0
43.15285000,17.25015000,4.0
43.15290000,17.25013000,5.0
43.15295000,17.25011000,6.0
43.15299000,17.25009000,6.0
43.15305000,17.25008000,6.0
43.15310000,17.25005000,7.0
43.15315000,17.25003000,8.0
43.15320000,17.25000000,10.0
43.15326000,17.24998000,13.0
43.15331000,17.24996000,15.0
43.15336000,17.24994000,15.0
43.15342000,17.24991000,13.0
43.15347000,17.24989000,12.0
43.15353000,17.24986000,11.0
43.15359000,17.24984000,9.0
43.15365000,17.24981000,8.0
43.15371000,17.24979000,9.0
43.15378000,17.24977000,11.0
43.15384000,17.24974000,12.0
43.15390000,17.24971000,13.0
43.15396000,17.24968000,12.0
43.15403000,17.24964000,11.0
43.15410000,17.24962000,11.0
43.15418000,17.24959000,11.0
43.15424000,17.24956000,10.0
43.15431000,17.24954000,9.0
43.15437000,17.24951000,9.0
43.15444000,17.24948000,8.0
43.15450000,17.24945000,7.0
43.15457000,17.24941000,7.0
43.15463000,17.24938000,6.0
43.15470000,17.24934000,5.0
43.15477000,17.24930000,6.0
43.15483000,17.24926000,6.0
43.15489000,17.24925000,8.0
43.15496000,17.24923000,10.0
43.15502000,17.24920000,11.0
43.15508000,17.24917000,11.0
43.15514000,17.24914000,11.0
43.15519000,17.24911000,12.0
43.15525000,17.24908000,13.0
43.15531000,17.24905000,13.0
43.15535000,17.24902000,13.0
43.15543000,17.24896000,12.0
43.15545000,17.24891000,12.0
43.15552000,17.24883000,11.0
43.15553000,17.24881000,10.0
43.15555000,17.24877000,10.0
43.15556000,17.24877000,10.0
43.15556000,17.24879000,10.0
43.15556000,17.24878000,10.0
43.15560000,17.24871000,9.0
43.15562000,17.24867000,8.0
43.15564000,17.24859000,7.0
43.15565000,17.24854000,6.0
43.15567000,17.24845000,5.0
43.15567000,17.24840000,4.0
43.15568000,17.24830000,3.0
43.15568000,17.24824000,3.0
43.15567000,17.24812000,2.0
43.15566000,17.24807000,2.0
43.15566000,17.24797000,2.0
43.15565000,17.24792000,2.0
43.15565000,17.24783000,2.0
43.15564000,17.24778000,2.0
43.15563000,17.24768000,2.0
43.15563000,17.24764000,2.0
43.15562000,17.24752000,3.0
43.15562000,17.24746000,3.0
43.15561000,17.24734000,3.0
43.15562000,17.24728000,3.0
43.15561000,17.24717000,4.0
43.15561000,17.24712000,4.0
43.15560000,17.24703000,4.0
43.15560000,17.24698000,4.0
43.15559000,17.24688000,4.0
43.15558000,17.24683000,4.0
43.15557000,17.24674000,4.0
43.15558000,17.24668000,4.0
43.15558000,17.24662000,3.0
43.15559000,17.24656000,3.0
43.15558000,17.24650000,3.0
43.15557000,17.24643000,3.0
43.15556000,17.24637000,3.0
43.15555000,17.24631000,2.0
43.15555000,17.24620000,2.0
43.15554000,17.24615000,2.0
43.15551000,17.24604000,3.0
43.15550000,17.24599000,3.0
43.15549000,17.24587000,3.0
43.15548000,17.24581000,3.0
43.15547000,17.24570000,2.0
43.15545000,17.24565000,2.0
43.15542000,17.24554000,2.0
43.15541000,17.24547000,3.0
43.15539000,17.24541000,3.0
43.15538000,17.24535000,3.0
43.15535000,17.24523000,3.0
43.15534000,17.24518000,3.0
43.15531000,17.24508000,4.0
43.15529000,17.24504000,5.0
43.15526000,17.24493000,6.0
43.15525000,17.24489000,6.0
43.15523000,17.24479000,7.0
43.15524000,17.24474000,8.0
43.15525000,17.24463000,8.0
43.15526000,17.24459000,9.0
43.15530000,17.24449000,9.0
43.15531000,17.24446000,9.0
43.15535000,17.24437000,10.0
43.15538000,17.24434000,10.0
43.15543000,17.24429000,11.0
43.15545000,17.24426000,11.0
43.15552000,17.24420000,11.0
43.15555000,17.24418000,11.0
43.15560000,17.24413000,12.0
43.15561000,17.24408000,13.0
43.15568000,17.24402000,13.0
43.15570000,17.24400000,14.0
43.15574000,17.24393000,15.0
43.15576000,17.24390000,15.0
43.15582000,17.24382000,15.0
43.15585000,17.24377000,16.0
43.15590000,17.24372000,16.0
43.15592000,17.24370000,16.0
43.15598000,17.24362000,16.0
43.15600000,17.24359000,17.0
43.15604000,17.24350000,17.0
43.15606000,17.24347000,17.0
43.15610000,17.24338000,17.0
43.15613000,17.24336000,17.0
43.15617000,17.24326000,18.0
43.15621000,17.24323000,17.0
43.15625000,17.24317000,18.0
43.15628000,17.24314000,18.0
43.15631000,17.24309000,18.0
43.15634000,17.24307000,18.0
43.15638000,17.24299000,18.0
43.15640000,17.24296000,18.0
43.15645000,17.24287000,19.0
43.15646000,17.24286000,18.0
43.15652000,17.24277000,18.0
43.15653000,17.24274000,18.0
43.15658000,17.24265000,18.0
43.15659000,17.24261000,18.0
43.15660000,17.24251000,19.0
43.15661000,17.24249000,19.0
43.15666000,17.24240000,20.0
43.15667000,17.24237000,20.0
43.15672000,17.24227000,22.0
43.15674000,17.24224000,22.0
43.15679000,17.24215000,22.0
43.15681000,17.24212000,23.0
43.15684000,17.24203000,23.0
43.15685000,17.24200000,24.0
43.15688000,17.24190000,25.0
43.15690000,17.24186000,25.0
43.15692000,17.24177000,25.0
43.15691000,17.24174000,26.0
43.15697000,17.24164000,26.0
43.15697000,17.24161000,26.0
43.15698000,17.24158000,27.0
43.15697000,17.24157000,27.0
43.15700000,17.24147000,27.0
43.15703000,17.24146000,27.0
43.15706000,17.24134000,28.0
43.15706000,17.24133000,28.0
43.15706000,17.24121000,29.0
43.15706000,17.24119000,29.0
43.15706000,17.24108000,30.0
43.15706000,17.24106000,31.0
43.15710000,17.24095000,31.0
43.15710000,17.24093000,31.0
43.15713000,17.24084000,31.0
43.15714000,17.24082000,31.0
43.15719000,17.24072000,31.0
43.15719000,17.24070000,31.0
43.15720000,17.24060000,32.0
43.15720000,17.24058000,33.0
43.15726000,17.24050000,33.0
43.15728000,17.24048000,33.0
43.15732000,17.24039000,34.0
43.15733000,17.24036000,34.0
43.15737000,17.24027000,34.0
43.15738000,17.24023000,35.0
43.15741000,17.24012000,36.0
43.15743000,17.24010000,36.0
43.15748000,17.24001000,36.0
43.15750000,17.23997000,36.0
43.15753000,17.23991000,36.0
43.15755000,17.23987000,36.0
43.15760000,17.23977000,37.0
43.15762000,17.23974000,37.0
43.15764000,17.23971000,37.0
43.15772000,17.23970000,36.0
43.15778000,17.23964000,37.0
43.15779000,17.23963000,37.0
43.15786000,17.23956000,37.0
43.15788000,17.23955000,37.0
43.15795000,17.23948000,37.0
43.15796000,17.23948000,37.0
43.15804000,17.23945000,37.0
43.15806000,17.23944000,37.0
43.15809000,17.23934000,38.0
43.15810000,17.23932000,38.0
43.15810000,17.23921000,40.0
43.15807000,17.23919000,40.0
43.15801000,17.23915000,41.0
43.15799000,17.23913000,41.0
43.15792000,17.23909000,41.0
43.15789000,17.23907000,41.0
43.15785000,17.23898000,42.0
43.15783000,17.23893000,42.0
43.15780000,17.23886000,43.0
43.15779000,17.23881000,43.0
43.15775000,17.23870000,43.0
43.15774000,17.23865000,44.0
43.15772000,17.23858000,43.0
43.15770000,17.23853000,43.0
43.15769000,17.23845000,43.0
43.15768000,17.23841000,42.0
43.15767000,17.23833000,42.0
43.15767000,17.23828000,42.0
43.15768000,17.23819000,41.0
43.15768000,17.23815000,41.0
43.15769000,17.23806000,40.0
43.15770000,17.23802000,40.0
43.15772000,17.23793000,39.0
43.15773000,17.23789000,39.0
43.15775000,17.23779000,38.0
43.15775000,17.23776000,37.0
43.15779000,17.23765000,37.0
43.15780000,17.23761000,36.0
43.15784000,17.23752000,36.0
43.15786000,17.23748000,37.0
43.15789000,17.23740000,37.0
43.15791000,17.23737000,38.0
43.15796000,17.23728000,39.0
43.15797000,17.23724000,39.0
43.15802000,17.23715000,39.0
43.15804000,17.23711000,40.0
43.15808000,17.23703000,41.0
43.15809000,17.23699000,41.0
43.15813000,17.23690000,41.0
43.15815000,17.23685000,42.0
43.15818000,17.23678000,42.0
43.15820000,17.23674000,43.0
43.15826000,17.23668000,45.0
43.15828000,17.23665000,45.0
43.15832000,17.23656000,45.0
43.15833000,17.23652000,45.0
43.15837000,17.23642000,44.0
43.15839000,17.23638000,45.0
43.15843000,17.23628000,45.0
43.15845000,17.23624000,45.0
43.15850000,17.23615000,47.0
43.15852000,17.23610000,47.0
43.15855000,17.23601000,48.0
43.15857000,17.23596000,48.0
43.15861000,17.23587000,50.0
43.15862000,17.23581000,49.0
43.15863000,17.23572000,48.0
43.15864000,17.23565000,48.0
43.15865000,17.23559000,47.0
43.15865000,17.23553000,46.0
43.15866000,17.23546000,46.0
43.15866000,17.23540000,45.0
43.15866000,17.23533000,45.0
43.15865000,17.23527000,43.0
43.15864000,17.23521000,43.0
43.15863000,17.23515000,43.0
43.15863000,17.23508000,43.0
43.15860000,17.23502000,42.0
43.15858000,17.23496000,42.0
43.15856000,17.23490000,42.0
43.15854000,17.23484000,42.0
43.15852000,17.23478000,42.0
43.15849000,17.23472000,41.0
43.15846000,17.23466000,41.0
43.15842000,17.23460000,41.0
43.15838000,17.23455000,40.0
43.15834000,17.23450000,40.0
43.15829000,17.23445000,40.0
43.15825000,17.23440000,40.0
43.15820000,17.23435000,39.0
43.15816000,17.23430000,39.0
43.15811000,17.23425000,39.0
43.15807000,17.23420000,39.0
43.15802000,17.23415000,39.0
43.15797000,17.23410000,39.0
43.15793000,17.23404000,39.0
43.15788000,17.23397000,39.0
43.15783000,17.23390000,39.0
43.15780000,17.23384000,39.0
43.15775000,17.23376000,39.0
43.15772000,17.23368000,39.0
43.15768000,17.23359000,39.0
43.15765000,17.23350000,38.0
43.15762000,17.23341000,38.0
43.15759000,17.23331000,37.0
43.15757000,17.23322000,37.0
43.15756000,17.23313000,37.0
43.15755000,17.23303000,37.0
43.15754000,17.23293000,36.0
43.15753000,17.23283000,35.0
43.15753000,17.23273000,34.0
43.15754000,17.23263000,34.0
43.15756000,17.23253000,34.0
43.15757000,17.23243000,33.0
43.15759000,17.23233000,32.0
43.15762000,17.23224000,32.0
43.15765000,17.23215000,32.0
43.15768000,17.23205000,31.0
43.15772000,17.23196000,31.0
43.15777000,17.23186000,32.0
43.15782000,17.23178000,32.0
43.15787000,17.23169000,33.0
43.15792000,17.23161000,33.0
43.15797000,17.23153000,33.0
43.15802000,17.23144000,33.0
43.15807000,17.23136000,33.0
43.15812000,17.23128000,32.0
43.15817000,17.23119000,31.0
43.15822000,17.23111000,30.0
43.15828000,17.23103000,29.0
43.15834000,17.23096000,29.0
43.15839000,17.23088000,28.0
43.15845000,17.23080000,28.0
43.15850000,17.23072000,28.0
43.15856000,17.23064000,28.0
43.15862000,17.23056000,27.0
43.15868000,17.23048000,26.0
43.15874000,17.23041000,25.0
43.15880000,17.23033000,23.0
43.15886000,17.23027000,23.0
43.15893000,17.23020000,23.0
43.15900000,17.23014000,23.0
43.15908000,17.23008000,24.0
43.15915000,17.23002000,25.0
43.15923000,17.22997000,25.0
43.15930000,17.22991000,25.0
43.15937000,17.22986000,25.0
43.15944000,17.22981000,25.0
43.15951000,17.22976000,26.0
43.15958000,17.22971000,26.0
43.15965000,17.22967000,26.0
43.15973000,17.22963000,26.0
43.15980000,17.22960000,26.0
43.15988000,17.22957000,27.0
43.15995000,17.22953000,27.0
43.16003000,17.22951000,27.0
43.16011000,17.22948000,26.0
43.16019000,17.22946000,26.0
43.16026000,17.22943000,25.0
43.16034000,17.22942000,24.0
43.16041000,17.22940000,22.0
43.16049000,17.22939000,21.0
43.16057000,17.22938000,19.0
43.16065000,17.22938000,19.0
43.16072000,17.22937000,19.0
43.16080000,17.22937000,18.0
43.16088000,17.22938000,19.0
43.16095000,17.22938000,19.0
43.16103000,17.22938000,18.0
43.16110000,17.22939000,19.0
43.16118000,17.22940000,18.0
43.16124000,17.22942000,17.0
43.16130000,17.22942000,16.0
43.16138000,17.22943000,15.0
43.16145000,17.22944000,16.0
43.16152000,17.22944000,17.0
43.16158000,17.22945000,18.0
43.16165000,17.22944000,18.0
43.16172000,17.22944000,19.0
43.16179000,17.22943000,19.0
43.16185000,17.22942000,19.0
43.16192000,17.22942000,19.0
43.16199000,17.22941000,19.0
43.16206000,17.22939000,18.0
43.16212000,17.22936000,18.0
43.16219000,17.22932000,17.0
43.16226000,17.22927000,17.0
43.16232000,17.22922000,18.0
43.16237000,17.22916000,18.0
43.16242000,17.22910000,18.0
43.16247000,17.22904000,18.0
43.16250000,17.22896000,18.0
43.16254000,17.22888000,18.0
43.16256000,17.22880000,17.0
43.16259000,17.22872000,17.0
43.16260000,17.22863000,17.0
43.16262000,17.22855000,18.0
43.16264000,17.22847000,18.0
43.16264000,17.22838000,19.0
43.16264000,17.22830000,19.0
43.16263000,17.22823000,20.0
43.16262000,17.22816000,20.0
43.16261000,17.22810000,21.0
43.16259000,17.22803000,21.0
43.16257000,17.22796000,21.0
43.16254000,17.22787000,22.0
43.16252000,17.22780000,22.0
43.16250000,17.22773000,22.0
43.16247000,17.22766000,21.0
43.16245000,17.22759000,21.0
43.16243000,17.22752000,21.0
43.16240000,17.22746000,21.0
43.16237000,17.22739000,20.0
43.16233000,17.22733000,19.0
43.16230000,17.22726000,19.0
43.16227000,17.22719000,18.0
43.16224000,17.22712000,18.0
43.16221000,17.22706000,17.0
43.16219000,17.22699000,17.0
43.16216000,17.22692000,17.0
43.16213000,17.22685000,17.0
43.16210000,17.22677000,17.0
43.16207000,17.22669000,17.0
43.16204000,17.22662000,17.0
43.16201000,17.22654000,16.0
43.16199000,17.22647000,16.0
43.16197000,17.22640000,16.0
43.16195000,17.22633000,16.0
43.16193000,17.22625000,16.0
43.16192000,17.22618000,16.0
43.16191000,17.22611000,17.0
43.16189000,17.22603000,16.0
43.16188000,17.22595000,16.0
43.16187000,17.22587000,16.0
43.16187000,17.22578000,16.0
43.16188000,17.22569000,17.0
43.16189000,17.22561000,17.0
43.16190000,17.22554000,17.0
43.16191000,17.22547000,17.0
43.16192000,17.22539000,17.0
43.16193000,17.22532000,17.0
43.16195000,17.22526000,17.0
43.16196000,17.22520000,17.0
43.16198000,17.22514000,17.0
43.16201000,17.22507000,17.0
43.16204000,17.22500000,18.0
43.16207000,17.22494000,17.0
43.16210000,17.22488000,17.0
43.16214000,17.22482000,16.0
43.16218000,17.22476000,15.0
43.16221000,17.22471000,14.0
43.16225000,17.22465000,13.0
43.16230000,17.22460000,13.0
43.16235000,17.22455000,13.0
43.16239000,17.22450000,12.0
43.16243000,17.22446000,12.0
43.16247000,17.22442000,12.0
43.16252000,17.22437000,12.0
43.16256000,17.22434000,12.0
43.16261000,17.22430000,13.0
43.16266000,17.22426000,13.0
43.16272000,17.22423000,13.0
43.16277000,17.22419000,13.0
43.16283000,17.22416000,13.0
43.16288000,17.22413000,13.0
43.16292000,17.22410000,13.0
43.16297000,17.22408000,13.0
43.16302000,17.22406000,13.0
43.16307000,17.22404000,13.0
43.16312000,17.22402000,14.0
43.16318000,17.22400000,15.0
43.16323000,17.22399000,15.0
43.16328000,17.22399000,16.0
43.16333000,17.22398000,16.0
43.16338000,17.22398000,17.0
43.16343000,17.22397000,17.0
43.16349000,17.22397000,18.0
43.16354000,17.22396000,18.0
43.16360000,17.22396000,19.0
43.16365000,17.22395000,18.0
43.16370000,17.22394000,18.0
43.16375000,17.22394000,17.0
43.16380000,17.22394000,17.0
43.16385000,17.22393000,17.0
43.16390000,17.22393000,16.0
43.16395000,17.22393000,16.0
43.16400000,17.22392000,16.0
43.16406000,17.22390000,15.0
43.16411000,17.22389000,15.0
43.16417000,17.22387000,14.0
43.16422000,17.22384000,14.0
43.16427000,17.22381000,14.0
43.16431000,17.22378000,15.0
43.16436000,17.22375000,15.0
43.16441000,17.22371000,15.0
43.16445000,17.22367000,15.0
43.16449000,17.22363000,15.0
43.16453000,17.22359000,15.0
43.16457000,17.22355000,15.0
43.16461000,17.22351000,15.0
43.16465000,17.22348000,15.0
43.16470000,17.22345000,15.0
43.16473000,17.22341000,14.0
43.16478000,17.22337000,14.0
43.16483000,17.22334000,14.0
43.16486000,17.22330000,14.0
43.16490000,17.22325000,14.0
43.16494000,17.22321000,13.0
43.16498000,17.22317000,13.0
43.16504000,17.22308000,14.0
43.16506000,17.22302000,15.0
43.16507000,17.22294000,15.0
43.16508000,17.22287000,16.0
43.16509000,17.22279000,17.0
43.16510000,17.22271000,18.0
43.16510000,17.22264000,18.0
43.16509000,17.22257000,18.0
43.16509000,17.22249000,18.0
43.16508000,17.22241000,19.0
43.16507000,17.22234000,19.0
43.16505000,17.22226000,19.0
43.16503000,17.22219000,20.0
43.16501000,17.22212000,20.0
43.16500000,17.22205000,21.0
43.16498000,17.22199000,22.0
43.16494000,17.22190000,22.0
43.16490000,17.22185000,22.0
43.16486000,17.22180000,21.0
43.16483000,17.22175000,21.0
43.16480000,17.22170000,21.0
43.16477000,17.22165000,21.0
43.16473000,17.22161000,21.0
43.16469000,17.22156000,20.0
43.16463000,17.22148000,20.0
43.16461000,17.22142000,21.0
43.16455000,17.22134000,20.0
43.16453000,17.22129000,21.0
43.16447000,17.22119000,20.0
43.16445000,17.22114000,20.0
43.16442000,17.22107000,20.0
43.16438000,17.22101000,19.0
43.16435000,17.22095000,18.0
43.16432000,17.22089000,18.0
43.16430000,17.22084000,17.0
43.16428000,17.22079000,17.0
43.16425000,17.22068000,17.0
43.16423000,17.22064000,17.0
43.16420000,17.22055000,17.0
43.16419000,17.22050000,17.0
43.16417000,17.22045000,17.0
43.16417000,17.22037000,18.0
43.16415000,17.22027000,19.0
43.16414000,17.22022000,19.0
43.16411000,17.22013000,19.0
43.16409000,17.22007000,19.0
43.16407000,17.21997000,20.0
43.16406000,17.21991000,20.0
43.16406000,17.21980000,21.0
43.16406000,17.21975000,21.0
43.16405000,17.21965000,21.0
43.16405000,17.21960000,22.0
43.16403000,17.21952000,21.0
43.16403000,17.21948000,21.0
43.16404000,17.21939000,22.0
43.16404000,17.21934000,22.0
43.16405000,17.21925000,23.0
43.16406000,17.21920000,23.0
43.16407000,17.21910000,23.0
43.16408000,17.21905000,22.0
43.16411000,17.21895000,22.0
43.16412000,17.21891000,21.0
43.16415000,17.21881000,19.0
43.16416000,17.21875000,17.0
43.16418000,17.21865000,15.0
43.16420000,17.21861000,15.0
43.16424000,17.21854000,17.0
43.16425000,17.21849000,17.0
43.16428000,17.21841000,18.0
43.16430000,17.21836000,18.0
43.16435000,17.21827000,19.0
43.16437000,17.21823000,20.0
43.16441000,17.21815000,20.0
43.16444000,17.21811000,20.0
43.16448000,17.21805000,20.0
43.16451000,17.21802000,21.0
43.16456000,17.21795000,21.0
43.16459000,17.21791000,21.0
43.16464000,17.21784000,21.0
43.16467000,17.21780000,21.0
43.16472000,17.21775000,21.0
43.16475000,17.21772000,21.0
43.16480000,17.21764000,22.0
43.16483000,17.21760000,22.0
43.16490000,17.21754000,24.0
43.16493000,17.21750000,24.0
43.16500000,17.21743000,25.0
43.16502000,17.21740000,25.0
43.16507000,17.21733000,24.0
43.16509000,17.21730000,24.0
43.16513000,17.21722000,23.0
43.16516000,17.21717000,23.0
43.16521000,17.21708000,23.0
43.16524000,17.21703000,23.0
43.16528000,17.21693000,22.0
43.16530000,17.21688000,22.0
43.16534000,17.21677000,22.0
43.16536000,17.21672000,22.0
43.16538000,17.21662000,21.0
43.16538000,17.21656000,21.0
43.16540000,17.21646000,20.0
43.16541000,17.21640000,20.0
43.16544000,17.21630000,20.0
43.16546000,17.21625000,21.0
43.16547000,17.21617000,21.0
43.16548000,17.21612000,21.0
43.16549000,17.21606000,21.0
43.16551000,17.21600000,21.0
43.16552000,17.21588000,21.0
43.16554000,17.21582000,22.0

43.16557000,17.21571000,23.0
43.16558000,17.21566000,23.0
43.16560000,17.21555000,23.0
43.16562000,17.21550000,23.0
43.16564000,17.21545000,23.0
43.16566000,17.21538000,23.0
43.16568000,17.21532000,23.0
43.16570000,17.21526000,23.0
43.16571000,17.21520000,23.0
43.16572000,17.21513000,23.0
43.16574000,17.21506000,23.0
43.16575000,17.21499000,23.0
43.16577000,17.21493000,23.0
43.16578000,17.21487000,23.0
43.16580000,17.21481000,24.0
43.16581000,17.21475000,24.0
43.16583000,17.21469000,24.0
43.16584000,17.21463000,24.0
43.16586000,17.21457000,24.0
43.16587000,17.21450000,24.0
43.16588000,17.21443000,24.0
43.16589000,17.21436000,24.0
43.16590000,17.21429000,24.0
43.16592000,17.21422000,24.0
43.16593000,17.21415000,24.0
43.16594000,17.21409000,24.0
43.16597000,17.21398000,24.0
43.16598000,17.21393000,24.0
43.16601000,17.21383000,25.0
43.16602000,17.21377000,24.0
43.16604000,17.21367000,24.0
43.16605000,17.21363000,24.0
43.16608000,17.21354000,25.0
43.16610000,17.21350000,26.0
43.16613000,17.21341000,26.0
43.16615000,17.21336000,27.0
43.16617000,17.21326000,27.0
43.16619000,17.21321000,27.0
43.16623000,17.21311000,27.0
43.16624000,17.21307000,27.0
43.16628000,17.21299000,27.0
43.16630000,17.21295000,27.0
43.16633000,17.21287000,27.0
43.16635000,17.21282000,27.0
43.16639000,17.21273000,26.0
43.16641000,17.21269000,26.0
43.16645000,17.21261000,26.0
43.16647000,17.21257000,26.0
43.16652000,17.21249000,26.0
43.16655000,17.21245000,26.0
43.16660000,17.21239000,27.0
43.16664000,17.21235000,27.0
43.16669000,17.21229000,28.0
43.16672000,17.21225000,28.0
43.16677000,17.21217000,27.0
43.16679000,17.21214000,27.0
43.16684000,17.21207000,26.0
43.16686000,17.21204000,26.0
43.16690000,17.21198000,25.0
43.16692000,17.21195000,25.0
43.16698000,17.21187000,26.0
43.16698000,17.21185000,26.0
43.16704000,17.21178000,27.0
43.16706000,17.21175000,27.0
43.16714000,17.21167000,28.0
43.16716000,17.21165000,29.0
43.16720000,17.21160000,29.0
43.16723000,17.21157000,29.0
43.16728000,17.21150000,30.0
43.16730000,17.21147000,30.0
43.16735000,17.21141000,30.0
43.16738000,17.21137000,30.0
43.16744000,17.21130000,29.0
43.16747000,17.21126000,29.0
43.16753000,17.21118000,29.0
43.16756000,17.21114000,28.0
43.16759000,17.21110000,28.0
43.16763000,17.21105000,28.0
43.16766000,17.21101000,28.0
43.16770000,17.21096000,28.0
43.16773000,17.21091000,28.0
43.16776000,17.21085000,28.0
43.16780000,17.21080000,28.0
43.16784000,17.21075000,28.0
43.16787000,17.21069000,28.0
43.16790000,17.21063000,27.0
43.16794000,17.21057000,27.0
43.16798000,17.21051000,26.0
43.16803000,17.21044000,26.0
43.16808000,17.21037000,26.0
43.16812000,17.21030000,26.0
43.16816000,17.21024000,25.0
43.16820000,17.21016000,24.0
43.16824000,17.21008000,23.0
43.16827000,17.21001000,22.0
43.16831000,17.20993000,22.0
43.16835000,17.20985000,21.0
43.16839000,17.20976000,21.0
43.16842000,17.20967000,20.0
43.16846000,17.20958000,20.0
43.16849000,17.20948000,20.0
43.16852000,17.20939000,21.0
43.16854000,17.20929000,21.0
43.16857000,17.20920000,22.0
43.16859000,17.20911000,22.0
43.16862000,17.20903000,23.0
43.16863000,17.20895000,23.0
43.16865000,17.20888000,23.0
43.16866000,17.20877000,24.0
43.16867000,17.20874000,24.0
43.16863000,17.20863000,23.0
43.16862000,17.20860000,23.0
43.16861000,17.20850000,22.0
43.16861000,17.20848000,22.0
43.16861000,17.20836000,22.0
43.16862000,17.20834000,23.0
43.16864000,17.20823000,23.0
43.16864000,17.20821000,23.0
43.16865000,17.20814000,23.0
43.16865000,17.20813000,23.0
43.16865000,17.20814000,23.0
43.16865000,17.20812000,23.0
43.16858000,17.20804000,21.0
43.16856000,17.20802000,20.0
43.16851000,17.20795000,18.0
43.16849000,17.20794000,17.0
43.16847000,17.20783000,15.0
43.16847000,17.20781000,15.0
43.16846000,17.20773000,14.0
43.16846000,17.20772000,14.0
43.16848000,17.20772000,15.0
43.16857000,17.20772000,17.0
43.16853000,17.20781000,17.0
43.16851000,17.20782000,16.0
43.16846000,17.20790000,16.0
43.16845000,17.20791000,16.0
43.16836000,17.20788000,13.0
43.16834000,17.20787000,13.0
43.16826000,17.20783000,11.0
43.16825000,17.20783000,11.0
43.16817000,17.20778000,10.0
43.16815000,17.20777000,10.0
43.16807000,17.20772000,9.0
43.16805000,17.20771000,9.0
43.16796000,17.20767000,7.0
43.16796000,17.20765000,7.0
43.16793000,17.20756000,6.0
43.16794000,17.20748000,6.0
43.16790000,17.20750000,5.0
43.16787000,17.20762000,6.0
43.16791000,17.20762000,7.0
43.16798000,17.20762000,7.0
43.16790000,17.20763000,7.0
43.16784000,17.20772000,7.0
43.16788000,17.20775000,7.0
43.16793000,17.20764000,7.0
43.16791000,17.20753000,6.0
43.16791000,17.20752000,6.0
43.16782000,17.20748000,5.0
43.16782000,17.20747000,5.0
43.16775000,17.20740000,4.0
43.16774000,17.20739000,4.0
43.16767000,17.20731000,3.0
43.16767000,17.20730000,3.0
43.16774000,17.20728000,3.0
43.16776000,17.20729000,4.0
43.16767000,17.20727000,3.0
43.16766000,17.20727000,2.0
43.16774000,17.20724000,3.0
43.16779000,17.20728000,4.0
43.16787000,17.20732000,5.0
43.16788000,17.20732000,5.0
43.16780000,17.20731000,4.0
43.16779000,17.20729000,4.0
43.16770000,17.20729000,3.0
43.16769000,17.20730000,3.0
43.16776000,17.20726000,3.0
43.16777000,17.20726000,4.0
43.16784000,17.20732000,4.0
43.16785000,17.20733000,4.0
43.16776000,17.20732000,4.0
43.16775000,17.20731000,4.0
43.16783000,17.20733000,4.0
43.16785000,17.20736000,5.0
43.16777000,17.20731000,4.0
43.16776000,17.20730000,4.0
43.16781000,17.20737000,4.0
43.16784000,17.20737000,4.0
43.16786000,17.20737000,5.0
