<?xml version="1.0"?>
<gpx version="1.1" creator="Organic Maps" xmlns="http://www.topografix.com/GPX/1/1"
    xmlns:gpxx="http://www.garmin.com/xmlschemas/GpxExtensions/v3"
    xmlns:gpx_style="http://www.topografix.com/GPX/gpx_style/0/2"
    xmlns:xsi="http://www.w3.org/2001/XMLSchema-instance"
    xsi:schemaLocation="http://www.topografix.com/GPX/1/1 https://www.topografix.com/GPX/1/1/gpx.xsd http://www.topografix.com/GPX/gpx_style/0/2 https://www.topografix.com/GPX/gpx_style/0/2/gpx_style.xsd http://www.garmin.com/xmlschemas/GpxExtensions/v3 https://www.garmin.com/xmlschemas/GpxExtensionsv3.xsd">
<metadata>
  <name>Набережная - Yelets</name>
</metadata>
<trk>
  <name>Набережная - Yelets</name>
  <extensions>
    <gpxx:TrackExtension><gpxx:DisplayColor>DarkYellow</gpxx:DisplayColor></gpxx:TrackExtension>
    <gpx_style:line><gpx_style:color>FF9600</gpx_style:color></gpx_style:line>
    <xsi:gpx><color>#FFFF9600</color></xsi:gpx>
  </extensions>
  <trkseg>
    <trkpt lat="52.722962" lon="41.460583">
      <ele>117</ele>
    </trkpt>
    <trkpt lat="52.722965" lon="41.460746">
      <ele>116</ele>
    </trkpt>
    <trkpt lat="52.723024" lon="41.460744">
      <ele>116</ele>
    </trkpt>
    <trkpt lat="52.723128" lon="41.460733">
      <ele>116</ele>
    </trkpt>
    <trkpt lat="52.723169" lon="41.460733">
      <ele>116</ele>
    </trkpt>
    <trkpt lat="52.723178" lon="41.460781">
      <ele>115</ele>
    </trkpt>
    <trkpt lat="52.723256" lon="41.460736">
      <ele>115</ele>
    </trkpt>
    <trkpt lat="52.723498" lon="41.460596">
      <ele>114</ele>
    </trkpt>
    <trkpt lat="52.72375" lon="41.460449">
      <ele>115</ele>
    </trkpt>
    <trkpt lat="52.723797" lon="41.460419">
      <ele>115</ele>
    </trkpt>
    <trkpt lat="52.723843" lon="41.460392">
      <ele>115</ele>
    </trkpt>
    <trkpt lat="52.72393" lon="41.460344">
      <ele>115</ele>
    </trkpt>
    <trkpt lat="52.724085" lon="41.460269">
      <ele>115</ele>
    </trkpt>
    <trkpt lat="52.724114" lon="41.460256">
      <ele>115</ele>
    </trkpt>
    <trkpt lat="52.724203" lon="41.460207">
      <ele>115</ele>
    </trkpt>
    <trkpt lat="52.724285" lon="41.46021">
      <ele>115</ele>
    </trkpt>
    <trkpt lat="52.724514" lon="41.460231">
      <ele>116</ele>
    </trkpt>
    <trkpt lat="52.724545" lon="41.460234">
      <ele>116</ele>
    </trkpt>
    <trkpt lat="52.724582" lon="41.460247">
      <ele>116</ele>
    </trkpt>
    <trkpt lat="52.724678" lon="41.46028">
      <ele>116</ele>
    </trkpt>
    <trkpt lat="52.724891" lon="41.460304">
      <ele>116</ele>
    </trkpt>
    <trkpt lat="52.724923" lon="41.460307">
      <ele>116</ele>
    </trkpt>
    <trkpt lat="52.725019" lon="41.460076">
      <ele>117</ele>
    </trkpt>
    <trkpt lat="52.725038" lon="41.460028">
      <ele>117</ele>
    </trkpt>
    <trkpt lat="52.725009" lon="41.459971">
      <ele>117</ele>
    </trkpt>
    <trkpt lat="52.724965" lon="41.459896">
      <ele>117</ele>
    </trkpt>
    <trkpt lat="52.724907" lon="41.459735">
      <ele>118</ele>
    </trkpt>
    <trkpt lat="52.724085" lon="41.459454">
      <ele>122</ele>
    </trkpt>
    <trkpt lat="52.723971" lon="41.458424">
      <ele>123</ele>
    </trkpt>
    <trkpt lat="52.723794" lon="41.456533">
      <ele>126</ele>
    </trkpt>
    <trkpt lat="52.723758" lon="41.456176">
      <ele>126</ele>
    </trkpt>
    <trkpt lat="52.72375" lon="41.456095">
      <ele>126</ele>
    </trkpt>
    <trkpt lat="52.723679" lon="41.45602">
      <ele>126</ele>
    </trkpt>
    <trkpt lat="52.723557" lon="41.45591">
      <ele>126</ele>
    </trkpt>
    <trkpt lat="52.723484" lon="41.455929">
      <ele>126</ele>
    </trkpt>
    <trkpt lat="52.721988" lon="41.456329">
      <ele>127</ele>
    </trkpt>
    <trkpt lat="52.72189" lon="41.456361">
      <ele>127</ele>
    </trkpt>
    <trkpt lat="52.721874" lon="41.456203">
      <ele>127</ele>
    </trkpt>
    <trkpt lat="52.721819" lon="41.455664">
      <ele>127</ele>
    </trkpt>
    <trkpt lat="52.721778" lon="41.455261">
      <ele>126</ele>
    </trkpt>
    <trkpt lat="52.721716" lon="41.454663">
      <ele>127</ele>
    </trkpt>
    <trkpt lat="52.721632" lon="41.453816">
      <ele>128</ele>
    </trkpt>
    <trkpt lat="52.721585" lon="41.453354">
      <ele>127</ele>
    </trkpt>
    <trkpt lat="52.721551" lon="41.452989">
      <ele>127</ele>
    </trkpt>
    <trkpt lat="52.721539" lon="41.452858">
      <ele>127</ele>
    </trkpt>
    <trkpt lat="52.721525" lon="41.452743">
      <ele>126</ele>
    </trkpt>
    <trkpt lat="52.721502" lon="41.452614">
      <ele>125</ele>
    </trkpt>
    <trkpt lat="52.721312" lon="41.451992">
      <ele>127</ele>
    </trkpt>
    <trkpt lat="52.721273" lon="41.451882">
      <ele>127</ele>
    </trkpt>
    <trkpt lat="52.721213" lon="41.451745">
      <ele>126</ele>
    </trkpt>
    <trkpt lat="52.721154" lon="41.451227">
      <ele>127</ele>
    </trkpt>
    <trkpt lat="52.721089" lon="41.450626">
      <ele>127</ele>
    </trkpt>
    <trkpt lat="52.720959" lon="41.449385">
      <ele>127</ele>
    </trkpt>
    <trkpt lat="52.720907" lon="41.448902">
      <ele>127</ele>
    </trkpt>
    <trkpt lat="52.720821" lon="41.448065">
      <ele>126</ele>
    </trkpt>
    <trkpt lat="52.720805" lon="41.447909">
      <ele>126</ele>
    </trkpt>
    <trkpt lat="52.720777" lon="41.447663">
      <ele>126</ele>
    </trkpt>
    <trkpt lat="52.720685" lon="41.446764">
      <ele>127</ele>
    </trkpt>
    <trkpt lat="52.720563" lon="41.445635">
      <ele>126</ele>
    </trkpt>
    <trkpt lat="52.720535" lon="41.445359">
      <ele>126</ele>
    </trkpt>
    <trkpt lat="52.720738" lon="41.445308">
      <ele>128</ele>
    </trkpt>
    <trkpt lat="52.720761" lon="41.4453">
      <ele>128</ele>
    </trkpt>
    <trkpt lat="52.720902" lon="41.445257">
      <ele>130</ele>
    </trkpt>
    <trkpt lat="52.721253" lon="41.445152">
      <ele>131</ele>
    </trkpt>
    <trkpt lat="52.721451" lon="41.445093">
      <ele>128</ele>
    </trkpt>
    <trkpt lat="52.72156" lon="41.445058">
      <ele>128</ele>
    </trkpt>
    <trkpt lat="52.721679" lon="41.445026">
      <ele>129</ele>
    </trkpt>
    <trkpt lat="52.721958" lon="41.444951">
      <ele>128</ele>
    </trkpt>
    <trkpt lat="52.722218" lon="41.444878">
      <ele>128</ele>
    </trkpt>
    <trkpt lat="52.72228" lon="41.444862">
      <ele>128</ele>
    </trkpt>
    <trkpt lat="52.722296" lon="41.444857">
      <ele>128</ele>
    </trkpt>
    <trkpt lat="52.722308" lon="41.444688">
      <ele>128</ele>
    </trkpt>
    <trkpt lat="52.722295" lon="41.444559">
      <ele>128</ele>
    </trkpt>
    <trkpt lat="52.722057" lon="41.442424">
      <ele>129</ele>
    </trkpt>
    <trkpt lat="52.722064" lon="41.442395">
      <ele>129</ele>
    </trkpt>
    <trkpt lat="52.722069" lon="41.442376">
      <ele>129</ele>
    </trkpt>
    <trkpt lat="52.7221" lon="41.442234">
      <ele>130</ele>
    </trkpt>
    <trkpt lat="52.722083" lon="41.442081">
      <ele>131</ele>
    </trkpt>
    <trkpt lat="52.721949" lon="41.440887">
      <ele>129</ele>
    </trkpt>
    <trkpt lat="52.721939" lon="41.440785">
      <ele>129</ele>
    </trkpt>
    <trkpt lat="52.721864" lon="41.440128">
      <ele>127</ele>
    </trkpt>
    <trkpt lat="52.721793" lon="41.439482">
      <ele>129</ele>
    </trkpt>
    <trkpt lat="52.721771" lon="41.439291">
      <ele>129</ele>
    </trkpt>
    <trkpt lat="52.721663" lon="41.438323">
      <ele>128</ele>
    </trkpt>
    <trkpt lat="52.721598" lon="41.437746">
      <ele>128</ele>
    </trkpt>
    <trkpt lat="52.72157" lon="41.437494">
      <ele>128</ele>
    </trkpt>
    <trkpt lat="52.721552" lon="41.437339">
      <ele>128</ele>
    </trkpt>
    <trkpt lat="52.721521" lon="41.43706">
      <ele>128</ele>
    </trkpt>
    <trkpt lat="52.72149" lon="41.436786">
      <ele>129</ele>
    </trkpt>
    <trkpt lat="52.72138" lon="41.435735">
      <ele>129</ele>
    </trkpt>
    <trkpt lat="52.721352" lon="41.435472">
      <ele>129</ele>
    </trkpt>
    <trkpt lat="52.721214" lon="41.434168">
      <ele>132</ele>
    </trkpt>
    <trkpt lat="52.721097" lon="41.433066">
      <ele>133</ele>
    </trkpt>
    <trkpt lat="52.721089" lon="41.432986">
      <ele>133</ele>
    </trkpt>
    <trkpt lat="52.721013" lon="41.432318">
      <ele>134</ele>
    </trkpt>
    <trkpt lat="52.72093" lon="41.43158">
      <ele>136</ele>
    </trkpt>
    <trkpt lat="52.720824" lon="41.430641">
      <ele>136</ele>
    </trkpt>
    <trkpt lat="52.720637" lon="41.428989">
      <ele>134</ele>
    </trkpt>
    <trkpt lat="52.720597" lon="41.428678">
      <ele>133</ele>
    </trkpt>
    <trkpt lat="52.720556" lon="41.428418">
      <ele>134</ele>
    </trkpt>
    <trkpt lat="52.720378" lon="41.427559">
      <ele>136</ele>
    </trkpt>
    <trkpt lat="52.72035" lon="41.427436">
      <ele>136</ele>
    </trkpt>
    <trkpt lat="52.720121" lon="41.42646">
      <ele>137</ele>
    </trkpt>
    <trkpt lat="52.72001" lon="41.425843">
      <ele>137</ele>
    </trkpt>
    <trkpt lat="52.719723" lon="41.424633">
      <ele>137</ele>
    </trkpt>
    <trkpt lat="52.719635" lon="41.424266">
      <ele>137</ele>
    </trkpt>
    <trkpt lat="52.719539" lon="41.423879">
      <ele>139</ele>
    </trkpt>
    <trkpt lat="52.719443" lon="41.423563">
      <ele>138</ele>
    </trkpt>
    <trkpt lat="52.719365" lon="41.423399">
      <ele>138</ele>
    </trkpt>
    <trkpt lat="52.719299" lon="41.423236">
      <ele>138</ele>
    </trkpt>
    <trkpt lat="52.719258" lon="41.42312">
      <ele>138</ele>
    </trkpt>
    <trkpt lat="52.719216" lon="41.423005">
      <ele>138</ele>
    </trkpt>
    <trkpt lat="52.719172" lon="41.422868">
      <ele>138</ele>
    </trkpt>
    <trkpt lat="52.719112" lon="41.42267">
      <ele>138</ele>
    </trkpt>
    <trkpt lat="52.719049" lon="41.422367">
      <ele>139</ele>
    </trkpt>
    <trkpt lat="52.718969" lon="41.42186">
      <ele>139</ele>
    </trkpt>
    <trkpt lat="52.718891" lon="41.421337">
      <ele>139</ele>
    </trkpt>
    <trkpt lat="52.718868" lon="41.421195">
      <ele>139</ele>
    </trkpt>
    <trkpt lat="52.718964" lon="41.421157">
      <ele>139</ele>
    </trkpt>
    <trkpt lat="52.719214" lon="41.421063">
      <ele>140</ele>
    </trkpt>
    <trkpt lat="52.719505" lon="41.420961">
      <ele>143</ele>
    </trkpt>
    <trkpt lat="52.719411" lon="41.42006">
      <ele>141</ele>
    </trkpt>
    <trkpt lat="52.719157" lon="41.416857">
      <ele>141</ele>
    </trkpt>
    <trkpt lat="52.719962" lon="41.416506">
      <ele>144</ele>
    </trkpt>
    <trkpt lat="52.719778" lon="41.414403">
      <ele>144</ele>
    </trkpt>
    <trkpt lat="52.719767" lon="41.414242">
      <ele>145</ele>
    </trkpt>
    <trkpt lat="52.720129" lon="41.414173">
      <ele>144</ele>
    </trkpt>
    <trkpt lat="52.720121" lon="41.414028">
      <ele>144</ele>
    </trkpt>
    <trkpt lat="52.720054" lon="41.41285">
      <ele>145</ele>
    </trkpt>
    <trkpt lat="52.719967" lon="41.411592">
      <ele>146</ele>
    </trkpt>
    <trkpt lat="52.719958" lon="41.411455">
      <ele>146</ele>
    </trkpt>
    <trkpt lat="52.71995" lon="41.411329">
      <ele>146</ele>
    </trkpt>
    <trkpt lat="52.719788" lon="41.408765">
      <ele>149</ele>
    </trkpt>
    <trkpt lat="52.719776" lon="41.408577">
      <ele>149</ele>
    </trkpt>
    <trkpt lat="52.719767" lon="41.408425">
      <ele>148</ele>
    </trkpt>
    <trkpt lat="52.720345" lon="41.407891">
      <ele>150</ele>
    </trkpt>
    <trkpt lat="52.720373" lon="41.407867">
      <ele>150</ele>
    </trkpt>
    <trkpt lat="52.720452" lon="41.4078">
      <ele>150</ele>
    </trkpt>
    <trkpt lat="52.720748" lon="41.40755">
      <ele>150</ele>
    </trkpt>
    <trkpt lat="52.720863" lon="41.407486">
      <ele>150</ele>
    </trkpt>
    <trkpt lat="52.720815" lon="41.406858">
      <ele>152</ele>
    </trkpt>
    <trkpt lat="52.720779" lon="41.406579">
      <ele>151</ele>
    </trkpt>
    <trkpt lat="52.720751" lon="41.406397">
      <ele>153</ele>
    </trkpt>
    <trkpt lat="52.720699" lon="41.406078">
      <ele>153</ele>
    </trkpt>
    <trkpt lat="52.720579" lon="41.405316">
      <ele>154</ele>
    </trkpt>
    <trkpt lat="52.720486" lon="41.404804">
      <ele>154</ele>
    </trkpt>
    <trkpt lat="52.720413" lon="41.40446">
      <ele>154</ele>
    </trkpt>
    <trkpt lat="52.720387" lon="41.404361">
      <ele>154</ele>
    </trkpt>
    <trkpt lat="52.72035" lon="41.404213">
      <ele>154</ele>
    </trkpt>
    <trkpt lat="52.720295" lon="41.403961">
      <ele>154</ele>
    </trkpt>
    <trkpt lat="52.720139" lon="41.403111">
      <ele>156</ele>
    </trkpt>
    <trkpt lat="52.720113" lon="41.402964">
      <ele>156</ele>
    </trkpt>
    <trkpt lat="52.720064" lon="41.402687">
      <ele>157</ele>
    </trkpt>
    <trkpt lat="52.720018" lon="41.40236">
      <ele>157</ele>
    </trkpt>
    <trkpt lat="52.719988" lon="41.402068">
      <ele>158</ele>
    </trkpt>
    <trkpt lat="52.719965" lon="41.401818">
      <ele>159</ele>
    </trkpt>
    <trkpt lat="52.719952" lon="41.401606">
      <ele>159</ele>
    </trkpt>
    <trkpt lat="52.719944" lon="41.401397">
      <ele>160</ele>
    </trkpt>
    <trkpt lat="52.719942" lon="41.40118">
      <ele>160</ele>
    </trkpt>
    <trkpt lat="52.719944" lon="41.400968">
      <ele>160</ele>
    </trkpt>
    <trkpt lat="52.719952" lon="41.400783">
      <ele>160</ele>
    </trkpt>
    <trkpt lat="52.719984" lon="41.400405">
      <ele>159</ele>
    </trkpt>
    <trkpt lat="52.720145" lon="41.398892">
      <ele>163</ele>
    </trkpt>
    <trkpt lat="52.720202" lon="41.398353">
      <ele>165</ele>
    </trkpt>
    <trkpt lat="52.720231" lon="41.398079">
      <ele>165</ele>
    </trkpt>
    <trkpt lat="52.720261" lon="41.397803">
      <ele>166</ele>
    </trkpt>
    <trkpt lat="52.720397" lon="41.396532">
      <ele>167</ele>
    </trkpt>
    <trkpt lat="52.720434" lon="41.396186">
      <ele>168</ele>
    </trkpt>
    <trkpt lat="52.721073" lon="41.390293">
      <ele>171</ele>
    </trkpt>
    <trkpt lat="52.721125" lon="41.389797">
      <ele>171</ele>
    </trkpt>
    <trkpt lat="52.721146" lon="41.389614">
      <ele>171</ele>
    </trkpt>
    <trkpt lat="52.721174" lon="41.389365">
      <ele>172</ele>
    </trkpt>
    <trkpt lat="52.721201" lon="41.389067">
      <ele>171</ele>
    </trkpt>
    <trkpt lat="52.72125" lon="41.388606">
      <ele>172</ele>
    </trkpt>
    <trkpt lat="52.721263" lon="41.388482">
      <ele>172</ele>
    </trkpt>
    <trkpt lat="52.721279" lon="41.388335">
      <ele>172</ele>
    </trkpt>
    <trkpt lat="52.721343" lon="41.387713">
      <ele>174</ele>
    </trkpt>
    <trkpt lat="52.72138" lon="41.387388">
      <ele>173</ele>
    </trkpt>
    <trkpt lat="52.721396" lon="41.387235">
      <ele>172</ele>
    </trkpt>
    <trkpt lat="52.721468" lon="41.386565">
      <ele>171</ele>
    </trkpt>
    <trkpt lat="52.721474" lon="41.3865">
      <ele>171</ele>
    </trkpt>
    <trkpt lat="52.721583" lon="41.385481">
      <ele>171</ele>
    </trkpt>
    <trkpt lat="52.72163" lon="41.385036">
      <ele>170</ele>
    </trkpt>
    <trkpt lat="52.721713" lon="41.384255">
      <ele>169</ele>
    </trkpt>
    <trkpt lat="52.721776" lon="41.383652">
      <ele>169</ele>
    </trkpt>
    <trkpt lat="52.721786" lon="41.38356">
      <ele>170</ele>
    </trkpt>
    <trkpt lat="52.721799" lon="41.38344">
      <ele>170</ele>
    </trkpt>
    <trkpt lat="52.721846" lon="41.383">
      <ele>169</ele>
    </trkpt>
    <trkpt lat="52.721875" lon="41.382721">
      <ele>170</ele>
    </trkpt>
    <trkpt lat="52.721923" lon="41.382278">
      <ele>170</ele>
    </trkpt>
    <trkpt lat="52.721934" lon="41.382176">
      <ele>170</ele>
    </trkpt>
    <trkpt lat="52.721962" lon="41.381948">
      <ele>170</ele>
    </trkpt>
    <trkpt lat="52.72202" lon="41.381412">
      <ele>170</ele>
    </trkpt>
    <trkpt lat="52.722043" lon="41.381205">
      <ele>170</ele>
    </trkpt>
    <trkpt lat="52.722117" lon="41.380532">
      <ele>168</ele>
    </trkpt>
    <trkpt lat="52.72213" lon="41.380433">
      <ele>169</ele>
    </trkpt>
    <trkpt lat="52.722163" lon="41.380143">
      <ele>170</ele>
    </trkpt>
    <trkpt lat="52.722296" lon="41.378915">
      <ele>169</ele>
    </trkpt>
    <trkpt lat="52.722431" lon="41.378175">
      <ele>168</ele>
    </trkpt>
    <trkpt lat="52.722507" lon="41.377488">
      <ele>168</ele>
    </trkpt>
    <trkpt lat="52.722618" lon="41.376506">
      <ele>169</ele>
    </trkpt>
    <trkpt lat="52.722686" lon="41.375951">
      <ele>170</ele>
    </trkpt>
    <trkpt lat="52.722816" lon="41.374736">
      <ele>171</ele>
    </trkpt>
    <trkpt lat="52.72303" lon="41.37277">
      <ele>174</ele>
    </trkpt>
    <trkpt lat="52.723334" lon="41.370058">
      <ele>177</ele>
    </trkpt>
    <trkpt lat="52.723388" lon="41.369551">
      <ele>177</ele>
    </trkpt>
    <trkpt lat="52.723407" lon="41.369374">
      <ele>177</ele>
    </trkpt>
    <trkpt lat="52.723822" lon="41.365445">
      <ele>178</ele>
    </trkpt>
    <trkpt lat="52.723859" lon="41.365131">
      <ele>178</ele>
    </trkpt>
    <trkpt lat="52.724038" lon="41.363457">
      <ele>178</ele>
    </trkpt>
    <trkpt lat="52.724759" lon="41.356545">
      <ele>179</ele>
    </trkpt>
    <trkpt lat="52.725821" lon="41.346578">
      <ele>174</ele>
    </trkpt>
    <trkpt lat="52.726244" lon="41.342818">
      <ele>171</ele>
    </trkpt>
    <trkpt lat="52.726567" lon="41.340251">
      <ele>169</ele>
    </trkpt>
    <trkpt lat="52.727683" lon="41.333328">
      <ele>163</ele>
    </trkpt>
    <trkpt lat="52.728758" lon="41.326655">
      <ele>152</ele>
    </trkpt>
    <trkpt lat="52.729231" lon="41.323766">
      <ele>158</ele>
    </trkpt>
    <trkpt lat="52.729626" lon="41.321333">
      <ele>162</ele>
    </trkpt>
    <trkpt lat="52.729846" lon="41.319973">
      <ele>164</ele>
    </trkpt>
    <trkpt lat="52.73011" lon="41.318348">
      <ele>165</ele>
    </trkpt>
    <trkpt lat="52.731102" lon="41.312114">
      <ele>168</ele>
    </trkpt>
    <trkpt lat="52.731219" lon="41.31138">
      <ele>168</ele>
    </trkpt>
    <trkpt lat="52.731251" lon="41.311178">
      <ele>168</ele>
    </trkpt>
    <trkpt lat="52.731432" lon="41.310124">
      <ele>168</ele>
    </trkpt>
    <trkpt lat="52.732159" lon="41.305503">
      <ele>162</ele>
    </trkpt>
    <trkpt lat="52.732465" lon="41.303574">
      <ele>165</ele>
    </trkpt>
    <trkpt lat="52.732622" lon="41.302606">
      <ele>166</ele>
    </trkpt>
    <trkpt lat="52.732677" lon="41.302257">
      <ele>167</ele>
    </trkpt>
    <trkpt lat="52.73276" lon="41.301742">
      <ele>167</ele>
    </trkpt>
    <trkpt lat="52.732794" lon="41.301528">
      <ele>167</ele>
    </trkpt>
    <trkpt lat="52.732851" lon="41.301184">
      <ele>168</ele>
    </trkpt>
    <trkpt lat="52.732924" lon="41.300745">
      <ele>169</ele>
    </trkpt>
    <trkpt lat="52.733215" lon="41.298886">
      <ele>169</ele>
    </trkpt>
    <trkpt lat="52.733363" lon="41.297794">
      <ele>170</ele>
    </trkpt>
    <trkpt lat="52.733449" lon="41.297145">
      <ele>171</ele>
    </trkpt>
    <trkpt lat="52.733603" lon="41.295954">
      <ele>170</ele>
    </trkpt>
    <trkpt lat="52.733743" lon="41.294683">
      <ele>171</ele>
    </trkpt>
    <trkpt lat="52.733806" lon="41.293937">
      <ele>171</ele>
    </trkpt>
    <trkpt lat="52.733909" lon="41.292038">
      <ele>172</ele>
    </trkpt>
    <trkpt lat="52.73403" lon="41.290472">
      <ele>173</ele>
    </trkpt>
    <trkpt lat="52.734125" lon="41.289434">
      <ele>171</ele>
    </trkpt>
    <trkpt lat="52.734393" lon="41.286692">
      <ele>170</ele>
    </trkpt>
    <trkpt lat="52.734514" lon="41.285357">
      <ele>168</ele>
    </trkpt>
    <trkpt lat="52.734597" lon="41.284437">
      <ele>168</ele>
    </trkpt>
    <trkpt lat="52.734664" lon="41.283745">
      <ele>169</ele>
    </trkpt>
    <trkpt lat="52.734849" lon="41.283782">
      <ele>170</ele>
    </trkpt>
    <trkpt lat="52.734979" lon="41.282288">
      <ele>171</ele>
    </trkpt>
    <trkpt lat="52.735023" lon="41.281765">
      <ele>171</ele>
    </trkpt>
    <trkpt lat="52.735083" lon="41.281012">
      <ele>172</ele>
    </trkpt>
    <trkpt lat="52.73512" lon="41.280531">
      <ele>172</ele>
    </trkpt>
    <trkpt lat="52.735206" lon="41.279821">
      <ele>173</ele>
    </trkpt>
    <trkpt lat="52.735403" lon="41.278222">
      <ele>174</ele>
    </trkpt>
    <trkpt lat="52.735544" lon="41.277074">
      <ele>176</ele>
    </trkpt>
    <trkpt lat="52.735721" lon="41.275336">
      <ele>178</ele>
    </trkpt>
    <trkpt lat="52.735508" lon="41.275274">
      <ele>177</ele>
    </trkpt>
    <trkpt lat="52.735671" lon="41.273563">
      <ele>178</ele>
    </trkpt>
    <trkpt lat="52.737064" lon="41.258985">
      <ele>187</ele>
    </trkpt>
    <trkpt lat="52.737457" lon="41.254932">
      <ele>187</ele>
    </trkpt>
    <trkpt lat="52.737829" lon="41.251094">
      <ele>186</ele>
    </trkpt>
    <trkpt lat="52.737915" lon="41.25018">
      <ele>187</ele>
    </trkpt>
    <trkpt lat="52.738989" lon="41.239032">
      <ele>182</ele>
    </trkpt>
    <trkpt lat="52.739409" lon="41.234701">
      <ele>183</ele>
    </trkpt>
    <trkpt lat="52.739645" lon="41.234405">
      <ele>183</ele>
    </trkpt>
    <trkpt lat="52.740107" lon="41.233939">
      <ele>183</ele>
    </trkpt>
    <trkpt lat="52.740135" lon="41.233901">
      <ele>183</ele>
    </trkpt>
    <trkpt lat="52.740156" lon="41.233856">
      <ele>183</ele>
    </trkpt>
    <trkpt lat="52.740172" lon="41.233754">
      <ele>183</ele>
    </trkpt>
    <trkpt lat="52.740179" lon="41.233668">
      <ele>183</ele>
    </trkpt>
    <trkpt lat="52.740176" lon="41.233609">
      <ele>183</ele>
    </trkpt>
    <trkpt lat="52.740151" lon="41.233561">
      <ele>183</ele>
    </trkpt>
    <trkpt lat="52.739987" lon="41.233362">
      <ele>183</ele>
    </trkpt>
    <trkpt lat="52.739721" lon="41.233032">
      <ele>183</ele>
    </trkpt>
    <trkpt lat="52.739679" lon="41.232933">
      <ele>183</ele>
    </trkpt>
    <trkpt lat="52.739653" lon="41.232836">
      <ele>183</ele>
    </trkpt>
    <trkpt lat="52.739637" lon="41.232705">
      <ele>183</ele>
    </trkpt>
    <trkpt lat="52.739632" lon="41.23256">
      <ele>183</ele>
    </trkpt>
    <trkpt lat="52.739627" lon="41.23238">
      <ele>183</ele>
    </trkpt>
    <trkpt lat="52.740047" lon="41.228059">
      <ele>184</ele>
    </trkpt>
    <trkpt lat="52.740721" lon="41.220922">
      <ele>184</ele>
    </trkpt>
    <trkpt lat="52.741394" lon="41.2139">
      <ele>181</ele>
    </trkpt>
    <trkpt lat="52.74146" lon="41.213246">
      <ele>182</ele>
    </trkpt>
    <trkpt lat="52.741543" lon="41.212559">
      <ele>182</ele>
    </trkpt>
    <trkpt lat="52.741702" lon="41.211379">
      <ele>179</ele>
    </trkpt>
    <trkpt lat="52.741845" lon="41.210365">
      <ele>178</ele>
    </trkpt>
    <trkpt lat="52.741938" lon="41.209724">
      <ele>177</ele>
    </trkpt>
    <trkpt lat="52.742045" lon="41.20908">
      <ele>176</ele>
    </trkpt>
    <trkpt lat="52.74228" lon="41.20779">
      <ele>175</ele>
    </trkpt>
    <trkpt lat="52.742525" lon="41.206572">
      <ele>174</ele>
    </trkpt>
    <trkpt lat="52.742688" lon="41.205837">
      <ele>174</ele>
    </trkpt>
    <trkpt lat="52.742923" lon="41.204815">
      <ele>173</ele>
    </trkpt>
    <trkpt lat="52.743165" lon="41.203823">
      <ele>171</ele>
    </trkpt>
    <trkpt lat="52.74361" lon="41.202157">
      <ele>168</ele>
    </trkpt>
    <trkpt lat="52.744032" lon="41.200744">
      <ele>164</ele>
    </trkpt>
    <trkpt lat="52.744601" lon="41.199041">
      <ele>160</ele>
    </trkpt>
    <trkpt lat="52.745373" lon="41.196879">
      <ele>154</ele>
    </trkpt>
    <trkpt lat="52.745713" lon="41.195945">
      <ele>150</ele>
    </trkpt>
    <trkpt lat="52.746033" lon="41.1951">
      <ele>150</ele>
    </trkpt>
    <trkpt lat="52.747483" lon="41.191133">
      <ele>151</ele>
    </trkpt>
    <trkpt lat="52.747531" lon="41.191072">
      <ele>151</ele>
    </trkpt>
    <trkpt lat="52.747554" lon="41.191053">
      <ele>151</ele>
    </trkpt>
    <trkpt lat="52.74759" lon="41.191018">
      <ele>151</ele>
    </trkpt>
    <trkpt lat="52.747651" lon="41.190983">
      <ele>151</ele>
    </trkpt>
    <trkpt lat="52.747963" lon="41.190844">
      <ele>152</ele>
    </trkpt>
    <trkpt lat="52.748012" lon="41.190809">
      <ele>152</ele>
    </trkpt>
    <trkpt lat="52.748062" lon="41.190742">
      <ele>152</ele>
    </trkpt>
    <trkpt lat="52.748096" lon="41.190616">
      <ele>152</ele>
    </trkpt>
    <trkpt lat="52.7481" lon="41.190441">
      <ele>152</ele>
    </trkpt>
    <trkpt lat="52.748091" lon="41.190205">
      <ele>152</ele>
    </trkpt>
    <trkpt lat="52.748077" lon="41.190066">
      <ele>153</ele>
    </trkpt>
    <trkpt lat="52.747944" lon="41.189993">
      <ele>153</ele>
    </trkpt>
    <trkpt lat="52.747905" lon="41.189972">
      <ele>153</ele>
    </trkpt>
    <trkpt lat="52.748275" lon="41.18899">
      <ele>155</ele>
    </trkpt>
    <trkpt lat="52.750483" lon="41.18292">
      <ele>169</ele>
    </trkpt>
    <trkpt lat="52.751511" lon="41.180061">
      <ele>175</ele>
    </trkpt>
    <trkpt lat="52.752041" lon="41.178291">
      <ele>178</ele>
    </trkpt>
    <trkpt lat="52.752558" lon="41.176419">
      <ele>179</ele>
    </trkpt>
    <trkpt lat="52.753371" lon="41.172803">
      <ele>185</ele>
    </trkpt>
    <trkpt lat="52.753645" lon="41.17128">
      <ele>186</ele>
    </trkpt>
    <trkpt lat="52.756079" lon="41.15697">
      <ele>190</ele>
    </trkpt>
    <trkpt lat="52.756235" lon="41.156047">
      <ele>189</ele>
    </trkpt>
    <trkpt lat="52.757392" lon="41.149704">
      <ele>187</ele>
    </trkpt>
    <trkpt lat="52.757704" lon="41.148036">
      <ele>186</ele>
    </trkpt>
    <trkpt lat="52.758793" lon="41.142188">
      <ele>188</ele>
    </trkpt>
    <trkpt lat="52.759254" lon="41.13971">
      <ele>189</ele>
    </trkpt>
    <trkpt lat="52.759765" lon="41.136974">
      <ele>188</ele>
    </trkpt>
    <trkpt lat="52.760125" lon="41.135054">
      <ele>189</ele>
    </trkpt>
    <trkpt lat="52.76014" lon="41.134979">
      <ele>189</ele>
    </trkpt>
    <trkpt lat="52.76019" lon="41.134705">
      <ele>190</ele>
    </trkpt>
    <trkpt lat="52.760346" lon="41.13386">
      <ele>189</ele>
    </trkpt>
    <trkpt lat="52.761054" lon="41.130027">
      <ele>189</ele>
    </trkpt>
    <trkpt lat="52.761765" lon="41.126227">
      <ele>188</ele>
    </trkpt>
    <trkpt lat="52.761947" lon="41.12524">
      <ele>188</ele>
    </trkpt>
    <trkpt lat="52.763722" lon="41.115637">
      <ele>185</ele>
    </trkpt>
    <trkpt lat="52.764728" lon="41.110195">
      <ele>182</ele>
    </trkpt>
    <trkpt lat="52.765723" lon="41.104804">
      <ele>180</ele>
    </trkpt>
    <trkpt lat="52.765923" lon="41.103734">
      <ele>180</ele>
    </trkpt>
    <trkpt lat="52.766119" lon="41.102655">
      <ele>179</ele>
    </trkpt>
    <trkpt lat="52.766264" lon="41.101794">
      <ele>179</ele>
    </trkpt>
    <trkpt lat="52.766454" lon="41.100558">
      <ele>178</ele>
    </trkpt>
    <trkpt lat="52.766553" lon="41.099871">
      <ele>178</ele>
    </trkpt>
    <trkpt lat="52.766678" lon="41.098943">
      <ele>178</ele>
    </trkpt>
    <trkpt lat="52.766846" lon="41.097621">
      <ele>177</ele>
    </trkpt>
    <trkpt lat="52.766989" lon="41.096328">
      <ele>178</ele>
    </trkpt>
    <trkpt lat="52.767127" lon="41.094815">
      <ele>177</ele>
    </trkpt>
    <trkpt lat="52.767236" lon="41.093463">
      <ele>175</ele>
    </trkpt>
    <trkpt lat="52.767492" lon="41.089936">
      <ele>170</ele>
    </trkpt>
    <trkpt lat="52.767569" lon="41.088874">
      <ele>167</ele>
    </trkpt>
    <trkpt lat="52.767621" lon="41.088075">
      <ele>166</ele>
    </trkpt>
    <trkpt lat="52.767653" lon="41.087396">
      <ele>166</ele>
    </trkpt>
    <trkpt lat="52.767765" lon="41.084934">
      <ele>170</ele>
    </trkpt>
    <trkpt lat="52.767919" lon="41.081479">
      <ele>175</ele>
    </trkpt>
    <trkpt lat="52.768291" lon="41.074675">
      <ele>179</ele>
    </trkpt>
    <trkpt lat="52.768864" lon="41.064201">
      <ele>178</ele>
    </trkpt>
    <trkpt lat="52.768932" lon="41.063007">
      <ele>177</ele>
    </trkpt>
    <trkpt lat="52.76904" lon="41.061427">
      <ele>176</ele>
    </trkpt>
    <trkpt lat="52.76912" lon="41.060604">
      <ele>177</ele>
    </trkpt>
    <trkpt lat="52.769222" lon="41.059584">
      <ele>177</ele>
    </trkpt>
    <trkpt lat="52.769337" lon="41.058646">
      <ele>177</ele>
    </trkpt>
    <trkpt lat="52.769435" lon="41.057959">
      <ele>178</ele>
    </trkpt>
    <trkpt lat="52.769565" lon="41.057098">
      <ele>178</ele>
    </trkpt>
    <trkpt lat="52.769719" lon="41.056186">
      <ele>178</ele>
    </trkpt>
    <trkpt lat="52.769883" lon="41.055395">
      <ele>180</ele>
    </trkpt>
    <trkpt lat="52.770118" lon="41.054432">
      <ele>179</ele>
    </trkpt>
    <trkpt lat="52.770303" lon="41.053764">
      <ele>178</ele>
    </trkpt>
    <trkpt lat="52.770657" lon="41.052646">
      <ele>177</ele>
    </trkpt>
    <trkpt lat="52.770954" lon="41.051752">
      <ele>177</ele>
    </trkpt>
    <trkpt lat="52.771424" lon="41.050468">
      <ele>176</ele>
    </trkpt>
    <trkpt lat="52.771802" lon="41.04951">
      <ele>176</ele>
    </trkpt>
    <trkpt lat="52.772353" lon="41.048198">
      <ele>174</ele>
    </trkpt>
    <trkpt lat="52.772476" lon="41.047895">
      <ele>173</ele>
    </trkpt>
    <trkpt lat="52.772826" lon="41.047099">
      <ele>172</ele>
    </trkpt>
    <trkpt lat="52.773156" lon="41.046364">
      <ele>171</ele>
    </trkpt>
    <trkpt lat="52.77349" lon="41.045691">
      <ele>170</ele>
    </trkpt>
    <trkpt lat="52.773974" lon="41.044819">
      <ele>169</ele>
    </trkpt>
    <trkpt lat="52.774389" lon="41.044089">
      <ele>172</ele>
    </trkpt>
    <trkpt lat="52.774856" lon="41.043341">
      <ele>173</ele>
    </trkpt>
    <trkpt lat="52.777225" lon="41.039699">
      <ele>177</ele>
    </trkpt>
    <trkpt lat="52.779599" lon="41.036067">
      <ele>178</ele>
    </trkpt>
    <trkpt lat="52.780647" lon="41.034473">
      <ele>176</ele>
    </trkpt>
    <trkpt lat="52.780608" lon="41.034402">
      <ele>175</ele>
    </trkpt>
    <trkpt lat="52.780608" lon="41.034402">
      <ele>176</ele>
    </trkpt>
    <trkpt lat="52.780647" lon="41.034473">
      <ele>176</ele>
    </trkpt>
    <trkpt lat="52.782785" lon="41.031223">
      <ele>173</ele>
    </trkpt>
    <trkpt lat="52.783655" lon="41.029903">
      <ele>170</ele>
    </trkpt>
    <trkpt lat="52.784049" lon="41.029273">
      <ele>173</ele>
    </trkpt>
    <trkpt lat="52.784135" lon="41.029131">
      <ele>174</ele>
    </trkpt>
    <trkpt lat="52.784469" lon="41.028567">
      <ele>173</ele>
    </trkpt>
    <trkpt lat="52.784988" lon="41.027639">
      <ele>176</ele>
    </trkpt>
    <trkpt lat="52.785356" lon="41.026934">
      <ele>176</ele>
    </trkpt>
    <trkpt lat="52.785673" lon="41.026309">
      <ele>176</ele>
    </trkpt>
    <trkpt lat="52.785963" lon="41.025727">
      <ele>175</ele>
    </trkpt>
    <trkpt lat="52.78627" lon="41.025083">
      <ele>176</ele>
    </trkpt>
    <trkpt lat="52.78664" lon="41.024305">
      <ele>177</ele>
    </trkpt>
    <trkpt lat="52.787027" lon="41.023442">
      <ele>176</ele>
    </trkpt>
    <trkpt lat="52.787147" lon="41.023171">
      <ele>176</ele>
    </trkpt>
    <trkpt lat="52.787366" lon="41.022677">
      <ele>176</ele>
    </trkpt>
    <trkpt lat="52.787642" lon="41.021999">
      <ele>177</ele>
    </trkpt>
    <trkpt lat="52.788064" lon="41.021473">
      <ele>178</ele>
    </trkpt>
    <trkpt lat="52.788134" lon="41.021398">
      <ele>178</ele>
    </trkpt>
    <trkpt lat="52.788216" lon="41.021333">
      <ele>177</ele>
    </trkpt>
    <trkpt lat="52.788346" lon="41.021269">
      <ele>176</ele>
    </trkpt>
    <trkpt lat="52.788635" lon="41.021178">
      <ele>175</ele>
    </trkpt>
    <trkpt lat="52.788696" lon="41.02114">
      <ele>175</ele>
    </trkpt>
    <trkpt lat="52.788735" lon="41.021081">
      <ele>175</ele>
    </trkpt>
    <trkpt lat="52.788784" lon="41.020961">
      <ele>175</ele>
    </trkpt>
    <trkpt lat="52.788816" lon="41.020824">
      <ele>175</ele>
    </trkpt>
    <trkpt lat="52.788825" lon="41.020695">
      <ele>175</ele>
    </trkpt>
    <trkpt lat="52.788812" lon="41.020545">
      <ele>175</ele>
    </trkpt>
    <trkpt lat="52.788789" lon="41.020405">
      <ele>175</ele>
    </trkpt>
    <trkpt lat="52.788752" lon="41.020258">
      <ele>176</ele>
    </trkpt>
    <trkpt lat="52.788625" lon="41.019845">
      <ele>177</ele>
    </trkpt>
    <trkpt lat="52.78852" lon="41.019738">
      <ele>177</ele>
    </trkpt>
    <trkpt lat="52.790213" lon="41.014853">
      <ele>178</ele>
    </trkpt>
    <trkpt lat="52.79104" lon="41.012402">
      <ele>177</ele>
    </trkpt>
    <trkpt lat="52.791418" lon="41.011273">
      <ele>176</ele>
    </trkpt>
    <trkpt lat="52.791775" lon="41.010224">
      <ele>174</ele>
    </trkpt>
    <trkpt lat="52.798272" lon="40.991223">
      <ele>177</ele>
    </trkpt>
    <trkpt lat="52.798634" lon="40.990193">
      <ele>176</ele>
    </trkpt>
    <trkpt lat="52.801178" lon="40.982787">
      <ele>177</ele>
    </trkpt>
    <trkpt lat="52.802424" lon="40.979142">
      <ele>177</ele>
    </trkpt>
    <trkpt lat="52.802889" lon="40.977791">
      <ele>177</ele>
    </trkpt>
    <trkpt lat="52.80317" lon="40.977155">
      <ele>178</ele>
    </trkpt>
    <trkpt lat="52.803679" lon="40.975666">
      <ele>178</ele>
    </trkpt>
    <trkpt lat="52.803701" lon="40.975626">
      <ele>178</ele>
    </trkpt>
    <trkpt lat="52.803727" lon="40.975594">
      <ele>178</ele>
    </trkpt>
    <trkpt lat="52.803755" lon="40.975564">
      <ele>178</ele>
    </trkpt>
    <trkpt lat="52.803791" lon="40.975543">
      <ele>178</ele>
    </trkpt>
    <trkpt lat="52.803828" lon="40.975543">
      <ele>178</ele>
    </trkpt>
    <trkpt lat="52.80387" lon="40.975567">
      <ele>178</ele>
    </trkpt>
    <trkpt lat="52.803933" lon="40.975618">
      <ele>178</ele>
    </trkpt>
    <trkpt lat="52.803851" lon="40.975503">
      <ele>178</ele>
    </trkpt>
    <trkpt lat="52.803815" lon="40.975446">
      <ele>178</ele>
    </trkpt>
    <trkpt lat="52.8038" lon="40.975382">
      <ele>178</ele>
    </trkpt>
    <trkpt lat="52.803802" lon="40.975309">
      <ele>178</ele>
    </trkpt>
    <trkpt lat="52.803813" lon="40.975253">
      <ele>178</ele>
    </trkpt>
    <trkpt lat="52.804707" lon="40.972705">
      <ele>179</ele>
    </trkpt>
    <trkpt lat="52.804961" lon="40.971825">
      <ele>178</ele>
    </trkpt>
    <trkpt lat="52.80938" lon="40.958892">
      <ele>172</ele>
    </trkpt>
    <trkpt lat="52.813773" lon="40.946063">
      <ele>164</ele>
    </trkpt>
    <trkpt lat="52.819042" lon="40.930691">
      <ele>175</ele>
    </trkpt>
    <trkpt lat="52.821152" lon="40.924575">
      <ele>181</ele>
    </trkpt>
    <trkpt lat="52.822434" lon="40.92085">
      <ele>183</ele>
    </trkpt>
    <trkpt lat="52.823703" lon="40.917132">
      <ele>180</ele>
    </trkpt>
    <trkpt lat="52.823828" lon="40.916733">
      <ele>179</ele>
    </trkpt>
    <trkpt lat="52.824112" lon="40.915856">
      <ele>179</ele>
    </trkpt>
    <trkpt lat="52.824492" lon="40.914855">
      <ele>178</ele>
    </trkpt>
    <trkpt lat="52.824778" lon="40.913957">
      <ele>178</ele>
    </trkpt>
    <trkpt lat="52.824979" lon="40.913305">
      <ele>177</ele>
    </trkpt>
    <trkpt lat="52.825001" lon="40.913238">
      <ele>177</ele>
    </trkpt>
    <trkpt lat="52.825026" lon="40.913192">
      <ele>177</ele>
    </trkpt>
    <trkpt lat="52.825055" lon="40.913149">
      <ele>178</ele>
    </trkpt>
    <trkpt lat="52.82509" lon="40.913117">
      <ele>178</ele>
    </trkpt>
    <trkpt lat="52.825126" lon="40.913096">
      <ele>177</ele>
    </trkpt>
    <trkpt lat="52.825167" lon="40.913085">
      <ele>177</ele>
    </trkpt>
    <trkpt lat="52.825209" lon="40.913088">
      <ele>177</ele>
    </trkpt>
    <trkpt lat="52.825259" lon="40.913101">
      <ele>177</ele>
    </trkpt>
    <trkpt lat="52.825439" lon="40.913195">
      <ele>177</ele>
    </trkpt>
    <trkpt lat="52.825282" lon="40.913034">
      <ele>177</ele>
    </trkpt>
    <trkpt lat="52.825241" lon="40.912975">
      <ele>177</ele>
    </trkpt>
    <trkpt lat="52.825209" lon="40.912911">
      <ele>177</ele>
    </trkpt>
    <trkpt lat="52.825186" lon="40.912854">
      <ele>177</ele>
    </trkpt>
    <trkpt lat="52.825173" lon="40.912787">
      <ele>177</ele>
    </trkpt>
    <trkpt lat="52.825167" lon="40.912717">
      <ele>177</ele>
    </trkpt>
    <trkpt lat="52.82517" lon="40.912648">
      <ele>177</ele>
    </trkpt>
    <trkpt lat="52.82518" lon="40.912573">
      <ele>177</ele>
    </trkpt>
    <trkpt lat="52.825202" lon="40.912495">
      <ele>177</ele>
    </trkpt>
    <trkpt lat="52.82558" lon="40.911049">
      <ele>177</ele>
    </trkpt>
    <trkpt lat="52.825783" lon="40.910252">
      <ele>178</ele>
    </trkpt>
    <trkpt lat="52.82589" lon="40.909813">
      <ele>177</ele>
    </trkpt>
    <trkpt lat="52.826065" lon="40.908882">
      <ele>177</ele>
    </trkpt>
    <trkpt lat="52.826204" lon="40.908273">
      <ele>177</ele>
    </trkpt>
    <trkpt lat="52.826462" lon="40.907136">
      <ele>177</ele>
    </trkpt>
    <trkpt lat="52.827812" lon="40.90113">
      <ele>178</ele>
    </trkpt>
    <trkpt lat="52.844246" lon="40.82808">
      <ele>158</ele>
    </trkpt>
    <trkpt lat="52.844838" lon="40.82553">
      <ele>157</ele>
    </trkpt>
    <trkpt lat="52.845257" lon="40.82362">
      <ele>156</ele>
    </trkpt>
    <trkpt lat="52.845573" lon="40.822196">
      <ele>155</ele>
    </trkpt>
    <trkpt lat="52.845764" lon="40.821396">
      <ele>154</ele>
    </trkpt>
    <trkpt lat="52.845894" lon="40.820871">
      <ele>154</ele>
    </trkpt>
    <trkpt lat="52.846024" lon="40.820297">
      <ele>154</ele>
    </trkpt>
    <trkpt lat="52.846288" lon="40.819103">
      <ele>153</ele>
    </trkpt>
    <trkpt lat="52.846446" lon="40.818381">
      <ele>153</ele>
    </trkpt>
    <trkpt lat="52.846955" lon="40.816161">
      <ele>152</ele>
    </trkpt>
    <trkpt lat="52.847065" lon="40.815654">
      <ele>152</ele>
    </trkpt>
    <trkpt lat="52.847112" lon="40.815431">
      <ele>151</ele>
    </trkpt>
    <trkpt lat="52.847227" lon="40.8149">
      <ele>151</ele>
    </trkpt>
    <trkpt lat="52.847294" lon="40.81461">
      <ele>151</ele>
    </trkpt>
    <trkpt lat="52.84742" lon="40.814066">
      <ele>151</ele>
    </trkpt>
    <trkpt lat="52.847618" lon="40.813379">
      <ele>150</ele>
    </trkpt>
    <trkpt lat="52.847707" lon="40.81306">
      <ele>150</ele>
    </trkpt>
    <trkpt lat="52.847835" lon="40.812497">
      <ele>149</ele>
    </trkpt>
    <trkpt lat="52.848019" lon="40.811681">
      <ele>149</ele>
    </trkpt>
    <trkpt lat="52.848048" lon="40.811531">
      <ele>149</ele>
    </trkpt>
    <trkpt lat="52.848071" lon="40.811443">
      <ele>149</ele>
    </trkpt>
    <trkpt lat="52.848104" lon="40.811367">
      <ele>149</ele>
    </trkpt>
    <trkpt lat="52.848139" lon="40.811317">
      <ele>149</ele>
    </trkpt>
    <trkpt lat="52.848181" lon="40.811276">
      <ele>149</ele>
    </trkpt>
    <trkpt lat="52.84824" lon="40.811258">
      <ele>148</ele>
    </trkpt>
    <trkpt lat="52.848291" lon="40.811255">
      <ele>148</ele>
    </trkpt>
    <trkpt lat="52.848347" lon="40.811263">
      <ele>148</ele>
    </trkpt>
    <trkpt lat="52.848397" lon="40.811279">
      <ele>148</ele>
    </trkpt>
    <trkpt lat="52.848654" lon="40.811351">
      <ele>148</ele>
    </trkpt>
    <trkpt lat="52.848394" lon="40.811225">
      <ele>148</ele>
    </trkpt>
    <trkpt lat="52.848322" lon="40.811172">
      <ele>148</ele>
    </trkpt>
    <trkpt lat="52.848287" lon="40.811126">
      <ele>148</ele>
    </trkpt>
    <trkpt lat="52.848253" lon="40.811051">
      <ele>148</ele>
    </trkpt>
    <trkpt lat="52.84823" lon="40.810984">
      <ele>148</ele>
    </trkpt>
    <trkpt lat="52.848215" lon="40.810901">
      <ele>148</ele>
    </trkpt>
    <trkpt lat="52.848212" lon="40.81082">
      <ele>148</ele>
    </trkpt>
    <trkpt lat="52.848223" lon="40.810726">
      <ele>148</ele>
    </trkpt>
    <trkpt lat="52.848411" lon="40.809887">
      <ele>148</ele>
    </trkpt>
    <trkpt lat="52.848557" lon="40.809294">
      <ele>151</ele>
    </trkpt>
    <trkpt lat="52.848781" lon="40.808278">
      <ele>148</ele>
    </trkpt>
    <trkpt lat="52.84904" lon="40.806848">
      <ele>148</ele>
    </trkpt>
    <trkpt lat="52.852242" lon="40.792581">
      <ele>146</ele>
    </trkpt>
    <trkpt lat="52.852482" lon="40.791498">
      <ele>145</ele>
    </trkpt>
    <trkpt lat="52.852781" lon="40.790406">
      <ele>144</ele>
    </trkpt>
    <trkpt lat="52.853191" lon="40.788612">
      <ele>145</ele>
    </trkpt>
    <trkpt lat="52.853235" lon="40.788413">
      <ele>144</ele>
    </trkpt>
    <trkpt lat="52.853314" lon="40.788156">
      <ele>144</ele>
    </trkpt>
    <trkpt lat="52.853389" lon="40.787941">
      <ele>145</ele>
    </trkpt>
    <trkpt lat="52.853481" lon="40.787716">
      <ele>145</ele>
    </trkpt>
    <trkpt lat="52.853583" lon="40.787517">
      <ele>144</ele>
    </trkpt>
    <trkpt lat="52.85371" lon="40.787321">
      <ele>144</ele>
    </trkpt>
    <trkpt lat="52.853862" lon="40.787142">
      <ele>145</ele>
    </trkpt>
    <trkpt lat="52.854055" lon="40.786938">
      <ele>144</ele>
    </trkpt>
    <trkpt lat="52.854346" lon="40.786643">
      <ele>144</ele>
    </trkpt>
    <trkpt lat="52.854863" lon="40.78612">
      <ele>143</ele>
    </trkpt>
    <trkpt lat="52.856588" lon="40.78432">
      <ele>142</ele>
    </trkpt>
    <trkpt lat="52.856772" lon="40.78414">
      <ele>142</ele>
    </trkpt>
    <trkpt lat="52.85686" lon="40.784052">
      <ele>142</ele>
    </trkpt>
    <trkpt lat="52.856971" lon="40.783961">
      <ele>143</ele>
    </trkpt>
    <trkpt lat="52.857095" lon="40.783878">
      <ele>142</ele>
    </trkpt>
    <trkpt lat="52.85725" lon="40.783805">
      <ele>142</ele>
    </trkpt>
    <trkpt lat="52.857435" lon="40.783749">
      <ele>142</ele>
    </trkpt>
    <trkpt lat="52.857486" lon="40.783735">
      <ele>142</ele>
    </trkpt>
    <trkpt lat="52.857556" lon="40.783725">
      <ele>142</ele>
    </trkpt>
    <trkpt lat="52.85782" lon="40.783684">
      <ele>142</ele>
    </trkpt>
    <trkpt lat="52.858074" lon="40.783617">
      <ele>142</ele>
    </trkpt>
    <trkpt lat="52.85861" lon="40.783518">
      <ele>141</ele>
    </trkpt>
    <trkpt lat="52.859305" lon="40.783384">
      <ele>141</ele>
    </trkpt>
    <trkpt lat="52.859472" lon="40.783344">
      <ele>141</ele>
    </trkpt>
    <trkpt lat="52.859964" lon="40.783218">
      <ele>140</ele>
    </trkpt>
    <trkpt lat="52.860218" lon="40.78318">
      <ele>140</ele>
    </trkpt>
    <trkpt lat="52.860842" lon="40.783076">
      <ele>140</ele>
    </trkpt>
    <trkpt lat="52.86147" lon="40.782995">
      <ele>139</ele>
    </trkpt>
    <trkpt lat="52.862016" lon="40.782936">
      <ele>139</ele>
    </trkpt>
    <trkpt lat="52.862592" lon="40.782899">
      <ele>138</ele>
    </trkpt>
    <trkpt lat="52.863567" lon="40.782837">
      <ele>138</ele>
    </trkpt>
    <trkpt lat="52.864134" lon="40.782789">
      <ele>137</ele>
    </trkpt>
    <trkpt lat="52.864707" lon="40.782738">
      <ele>136</ele>
    </trkpt>
    <trkpt lat="52.865122" lon="40.782705">
      <ele>136</ele>
    </trkpt>
    <trkpt lat="52.865543" lon="40.782673">
      <ele>136</ele>
    </trkpt>
    <trkpt lat="52.866074" lon="40.782622">
      <ele>136</ele>
    </trkpt>
    <trkpt lat="52.866556" lon="40.782582">
      <ele>135</ele>
    </trkpt>
    <trkpt lat="52.867214" lon="40.782507">
      <ele>135</ele>
    </trkpt>
    <trkpt lat="52.867866" lon="40.782437">
      <ele>135</ele>
    </trkpt>
    <trkpt lat="52.868548" lon="40.782375">
      <ele>135</ele>
    </trkpt>
    <trkpt lat="52.869051" lon="40.782341">
      <ele>136</ele>
    </trkpt>
    <trkpt lat="52.869165" lon="40.782333">
      <ele>136</ele>
    </trkpt>
    <trkpt lat="52.869221" lon="40.782327">
      <ele>137</ele>
    </trkpt>
    <trkpt lat="52.869459" lon="40.782308">
      <ele>137</ele>
    </trkpt>
    <trkpt lat="52.869772" lon="40.782284">
      <ele>137</ele>
    </trkpt>
    <trkpt lat="52.870578" lon="40.782215">
      <ele>139</ele>
    </trkpt>
    <trkpt lat="52.871882" lon="40.782035">
      <ele>140</ele>
    </trkpt>
    <trkpt lat="52.872918" lon="40.782027">
      <ele>140</ele>
    </trkpt>
    <trkpt lat="52.872994" lon="40.782029">
      <ele>140</ele>
    </trkpt>
    <trkpt lat="52.873185" lon="40.782038">
      <ele>140</ele>
    </trkpt>
    <trkpt lat="52.873311" lon="40.782054">
      <ele>140</ele>
    </trkpt>
    <trkpt lat="52.87342" lon="40.782067">
      <ele>140</ele>
    </trkpt>
    <trkpt lat="52.87387" lon="40.782131">
      <ele>140</ele>
    </trkpt>
    <trkpt lat="52.873941" lon="40.782142">
      <ele>140</ele>
    </trkpt>
    <trkpt lat="52.873996" lon="40.78215">
      <ele>140</ele>
    </trkpt>
    <trkpt lat="52.874226" lon="40.782182">
      <ele>139</ele>
    </trkpt>
    <trkpt lat="52.874325" lon="40.782201">
      <ele>139</ele>
    </trkpt>
    <trkpt lat="52.874441" lon="40.78222">
      <ele>139</ele>
    </trkpt>
    <trkpt lat="52.874783" lon="40.782282">
      <ele>140</ele>
    </trkpt>
    <trkpt lat="52.875102" lon="40.782338">
      <ele>141</ele>
    </trkpt>
    <trkpt lat="52.875228" lon="40.782362">
      <ele>140</ele>
    </trkpt>
    <trkpt lat="52.875259" lon="40.78211">
      <ele>140</ele>
    </trkpt>
    <trkpt lat="52.875328" lon="40.781584">
      <ele>140</ele>
    </trkpt>
    <trkpt lat="52.875357" lon="40.78112">
      <ele>142</ele>
    </trkpt>
    <trkpt lat="52.875385" lon="40.780755">
      <ele>141</ele>
    </trkpt>
    <trkpt lat="52.875548" lon="40.780809">
      <ele>138</ele>
    </trkpt>
    <trkpt lat="52.875888" lon="40.780898">
      <ele>138</ele>
    </trkpt>
    <trkpt lat="52.876081" lon="40.780935">
      <ele>139</ele>
    </trkpt>
    <trkpt lat="52.876228" lon="40.780954">
      <ele>138</ele>
    </trkpt>
    <trkpt lat="52.876257" lon="40.780949">
      <ele>138</ele>
    </trkpt>
    <trkpt lat="52.876285" lon="40.780922">
      <ele>138</ele>
    </trkpt>
    <trkpt lat="52.876308" lon="40.780871">
      <ele>138</ele>
    </trkpt>
    <trkpt lat="52.876322" lon="40.780809">
      <ele>138</ele>
    </trkpt>
    <trkpt lat="52.876503" lon="40.780055">
      <ele>138</ele>
    </trkpt>
    <trkpt lat="52.876678" lon="40.779422">
      <ele>138</ele>
    </trkpt>
    <trkpt lat="52.876729" lon="40.779256">
      <ele>138</ele>
    </trkpt>
    <trkpt lat="52.877271" lon="40.777043">
      <ele>136</ele>
    </trkpt>
    <trkpt lat="52.87793" lon="40.774439">
      <ele>133</ele>
    </trkpt>
    <trkpt lat="52.878092" lon="40.77391">
      <ele>131</ele>
    </trkpt>
    <trkpt lat="52.878174" lon="40.77365">
      <ele>131</ele>
    </trkpt>
    <trkpt lat="52.878232" lon="40.773511">
      <ele>132</ele>
    </trkpt>
    <trkpt lat="52.878268" lon="40.77346">
      <ele>132</ele>
    </trkpt>
    <trkpt lat="52.878328" lon="40.773393">
      <ele>132</ele>
    </trkpt>
    <trkpt lat="52.878239" lon="40.773216">
      <ele>132</ele>
    </trkpt>
    <trkpt lat="52.878111" lon="40.773001">
      <ele>131</ele>
    </trkpt>
    <trkpt lat="52.878066" lon="40.772934">
      <ele>131</ele>
    </trkpt>
    <trkpt lat="52.877625" lon="40.772312">
      <ele>133</ele>
    </trkpt>
    <trkpt lat="52.877109" lon="40.771582">
      <ele>133</ele>
    </trkpt>
    <trkpt lat="52.876439" lon="40.770593">
      <ele>134</ele>
    </trkpt>
    <trkpt lat="52.876154" lon="40.770145">
      <ele>133</ele>
    </trkpt>
    <trkpt lat="52.876018" lon="40.769957">
      <ele>133</ele>
    </trkpt>
    <trkpt lat="52.875877" lon="40.769804">
      <ele>133</ele>
    </trkpt>
    <trkpt lat="52.875738" lon="40.769673">
      <ele>133</ele>
    </trkpt>
    <trkpt lat="52.875631" lon="40.769608">
      <ele>132</ele>
    </trkpt>
    <trkpt lat="52.875513" lon="40.769563">
      <ele>131</ele>
    </trkpt>
    <trkpt lat="52.875378" lon="40.769353">
      <ele>131</ele>
    </trkpt>
    <trkpt lat="52.875293" lon="40.769042">
      <ele>131</ele>
    </trkpt>
    <trkpt lat="52.875257" lon="40.768589">
      <ele>130</ele>
    </trkpt>
    <trkpt lat="52.87522" lon="40.768168">
      <ele>130</ele>
    </trkpt>
    <trkpt lat="52.875207" lon="40.767186">
      <ele>133</ele>
    </trkpt>
    <trkpt lat="52.875184" lon="40.766451">
      <ele>134</ele>
    </trkpt>
    <trkpt lat="52.875187" lon="40.765899">
      <ele>133</ele>
    </trkpt>
    <trkpt lat="52.875136" lon="40.765094">
      <ele>134</ele>
    </trkpt>
    <trkpt lat="52.87511" lon="40.764955">
      <ele>134</ele>
    </trkpt>
    <trkpt lat="52.875105" lon="40.764842">
      <ele>134</ele>
    </trkpt>
    <trkpt lat="52.875092" lon="40.764606">
      <ele>134</ele>
    </trkpt>
    <trkpt lat="52.874865" lon="40.764541">
      <ele>135</ele>
    </trkpt>
    <trkpt lat="52.87471" lon="40.764579">
      <ele>135</ele>
    </trkpt>
    <trkpt lat="52.874169" lon="40.764493">
      <ele>135</ele>
    </trkpt>
    <trkpt lat="52.874014" lon="40.764319">
      <ele>134</ele>
    </trkpt>
    <trkpt lat="52.873772" lon="40.76419">
      <ele>135</ele>
    </trkpt>
    <trkpt lat="52.873562" lon="40.764136">
      <ele>135</ele>
    </trkpt>
    <trkpt lat="52.873509" lon="40.764096">
      <ele>135</ele>
    </trkpt>
    <trkpt lat="52.873489" lon="40.764032">
      <ele>135</ele>
    </trkpt>
    <trkpt lat="52.873484" lon="40.763981">
      <ele>135</ele>
    </trkpt>
    <trkpt lat="52.873484" lon="40.763933">
      <ele>135</ele>
    </trkpt>
    <trkpt lat="52.873504" lon="40.763852">
      <ele>135</ele>
    </trkpt>
    <trkpt lat="52.873541" lon="40.76379">
      <ele>134</ele>
    </trkpt>
    <trkpt lat="52.873573" lon="40.763702">
      <ele>134</ele>
    </trkpt>
    <trkpt lat="52.87364" lon="40.763426">
      <ele>134</ele>
    </trkpt>
    <trkpt lat="52.873688" lon="40.76305">
      <ele>134</ele>
    </trkpt>
    <trkpt lat="52.8737" lon="40.762669">
      <ele>134</ele>
    </trkpt>
    <trkpt lat="52.873677" lon="40.762602">
      <ele>134</ele>
    </trkpt>
    <trkpt lat="52.87364" lon="40.762543">
      <ele>134</ele>
    </trkpt>
    <trkpt lat="52.873717" lon="40.76249">
      <ele>134</ele>
    </trkpt>
    <trkpt lat="52.873776" lon="40.762401">
      <ele>134</ele>
    </trkpt>
    <trkpt lat="52.873821" lon="40.76228">
      <ele>134</ele>
    </trkpt>
    <trkpt lat="52.873845" lon="40.762058">
      <ele>135</ele>
    </trkpt>
    <trkpt lat="52.873845" lon="40.76179">
      <ele>135</ele>
    </trkpt>
    <trkpt lat="52.87386" lon="40.761119">
      <ele>136</ele>
    </trkpt>
    <trkpt lat="52.873766" lon="40.760242">
      <ele>135</ele>
    </trkpt>
    <trkpt lat="52.873738" lon="40.759665">
      <ele>136</ele>
    </trkpt>
    <trkpt lat="52.873748" lon="40.75907">
      <ele>136</ele>
    </trkpt>
    <trkpt lat="52.873747" lon="40.758917">
      <ele>135</ele>
    </trkpt>
    <trkpt lat="52.873993" lon="40.758893">
      <ele>135</ele>
    </trkpt>
    <trkpt lat="52.874151" lon="40.758804">
      <ele>135</ele>
    </trkpt>
    <trkpt lat="52.87432" lon="40.758512">
      <ele>134</ele>
    </trkpt>
    <trkpt lat="52.874483" lon="40.758139">
      <ele>133</ele>
    </trkpt>
    <trkpt lat="52.874658" lon="40.757804">
      <ele>134</ele>
    </trkpt>
    <trkpt lat="52.874783" lon="40.757431">
      <ele>135</ele>
    </trkpt>
    <trkpt lat="52.874812" lon="40.757082">
      <ele>134</ele>
    </trkpt>
    <trkpt lat="52.874839" lon="40.756677">
      <ele>132</ele>
    </trkpt>
    <trkpt lat="52.874849" lon="40.75635">
      <ele>133</ele>
    </trkpt>
    <trkpt lat="52.874843" lon="40.756152">
      <ele>133</ele>
    </trkpt>
    <trkpt lat="52.874813" lon="40.75595">
      <ele>132</ele>
    </trkpt>
    <trkpt lat="52.874789" lon="40.755773">
      <ele>132</ele>
    </trkpt>
    <trkpt lat="52.874791" lon="40.755588">
      <ele>133</ele>
    </trkpt>
    <trkpt lat="52.874826" lon="40.755154">
      <ele>133</ele>
    </trkpt>
    <trkpt lat="52.87482" lon="40.754907">
      <ele>133</ele>
    </trkpt>
    <trkpt lat="52.874789" lon="40.754698">
      <ele>133</ele>
    </trkpt>
    <trkpt lat="52.87466" lon="40.754365">
      <ele>133</ele>
    </trkpt>
    <trkpt lat="52.874724" lon="40.754271">
      <ele>133</ele>
    </trkpt>
    <trkpt lat="52.87476" lon="40.754145">
      <ele>133</ele>
    </trkpt>
    <trkpt lat="52.874786" lon="40.753933">
      <ele>132</ele>
    </trkpt>
    <trkpt lat="52.874812" lon="40.753115">
      <ele>133</ele>
    </trkpt>
    <trkpt lat="52.874822" lon="40.753046">
      <ele>133</ele>
    </trkpt>
    <trkpt lat="52.874834" lon="40.752981">
      <ele>133</ele>
    </trkpt>
    <trkpt lat="52.874862" lon="40.752911">
      <ele>133</ele>
    </trkpt>
    <trkpt lat="52.874911" lon="40.752815">
      <ele>133</ele>
    </trkpt>
    <trkpt lat="52.875199" lon="40.752321">
      <ele>133</ele>
    </trkpt>
    <trkpt lat="52.875372" lon="40.752016">
      <ele>132</ele>
    </trkpt>
    <trkpt lat="52.875744" lon="40.751307">
      <ele>133</ele>
    </trkpt>
    <trkpt lat="52.876154" lon="40.750508">
      <ele>133</ele>
    </trkpt>
    <trkpt lat="52.876382" lon="40.750044">
      <ele>133</ele>
    </trkpt>
    <trkpt lat="52.876612" lon="40.749556">
      <ele>133</ele>
    </trkpt>
    <trkpt lat="52.876897" lon="40.748918">
      <ele>132</ele>
    </trkpt>
    <trkpt lat="52.877151" lon="40.748306">
      <ele>133</ele>
    </trkpt>
    <trkpt lat="52.877349" lon="40.747786">
      <ele>133</ele>
    </trkpt>
    <trkpt lat="52.877682" lon="40.746898">
      <ele>133</ele>
    </trkpt>
    <trkpt lat="52.87786" lon="40.746383">
      <ele>134</ele>
    </trkpt>
    <trkpt lat="52.878109" lon="40.745439">
      <ele>134</ele>
    </trkpt>
    <trkpt lat="52.878351" lon="40.744642">
      <ele>135</ele>
    </trkpt>
    <trkpt lat="52.878718" lon="40.743349">
      <ele>135</ele>
    </trkpt>
    <trkpt lat="52.879071" lon="40.742048">
      <ele>136</ele>
    </trkpt>
    <trkpt lat="52.879794" lon="40.739339">
      <ele>140</ele>
    </trkpt>
    <trkpt lat="52.883048" lon="40.727278">
      <ele>143</ele>
    </trkpt>
    <trkpt lat="52.886154" lon="40.715763">
      <ele>140</ele>
    </trkpt>
    <trkpt lat="52.886327" lon="40.715116">
      <ele>140</ele>
    </trkpt>
    <trkpt lat="52.886597" lon="40.714301">
      <ele>140</ele>
    </trkpt>
    <trkpt lat="52.886754" lon="40.71373">
      <ele>140</ele>
    </trkpt>
    <trkpt lat="52.886984" lon="40.712904">
      <ele>140</ele>
    </trkpt>
    <trkpt lat="52.88701" lon="40.712823">
      <ele>140</ele>
    </trkpt>
    <trkpt lat="52.887044" lon="40.71274">
      <ele>140</ele>
    </trkpt>
    <trkpt lat="52.887081" lon="40.712673">
      <ele>140</ele>
    </trkpt>
    <trkpt lat="52.887122" lon="40.71263">
      <ele>140</ele>
    </trkpt>
    <trkpt lat="52.887162" lon="40.712598">
      <ele>139</ele>
    </trkpt>
    <trkpt lat="52.887206" lon="40.712579">
      <ele>139</ele>
    </trkpt>
    <trkpt lat="52.887251" lon="40.712579">
      <ele>139</ele>
    </trkpt>
    <trkpt lat="52.887301" lon="40.712603">
      <ele>139</ele>
    </trkpt>
    <trkpt lat="52.887539" lon="40.712735">
      <ele>139</ele>
    </trkpt>
    <trkpt lat="52.887285" lon="40.71248">
      <ele>139</ele>
    </trkpt>
    <trkpt lat="52.887251" lon="40.712432">
      <ele>139</ele>
    </trkpt>
    <trkpt lat="52.88723" lon="40.712375">
      <ele>139</ele>
    </trkpt>
    <trkpt lat="52.887212" lon="40.712295">
      <ele>140</ele>
    </trkpt>
    <trkpt lat="52.887204" lon="40.712204">
      <ele>140</ele>
    </trkpt>
    <trkpt lat="52.887202" lon="40.712115">
      <ele>140</ele>
    </trkpt>
    <trkpt lat="52.887219" lon="40.712027">
      <ele>140</ele>
    </trkpt>
    <trkpt lat="52.88747" lon="40.711098">
      <ele>140</ele>
    </trkpt>
    <trkpt lat="52.887528" lon="40.710881">
      <ele>140</ele>
    </trkpt>
    <trkpt lat="52.887576" lon="40.710702">
      <ele>140</ele>
    </trkpt>
    <trkpt lat="52.887669" lon="40.710358">
      <ele>139</ele>
    </trkpt>
    <trkpt lat="52.887953" lon="40.709328">
      <ele>139</ele>
    </trkpt>
    <trkpt lat="52.888581" lon="40.706941">
      <ele>138</ele>
    </trkpt>
    <trkpt lat="52.888717" lon="40.706448">
      <ele>138</ele>
    </trkpt>
    <trkpt lat="52.888929" lon="40.705482">
      <ele>138</ele>
    </trkpt>
    <trkpt lat="52.889536" lon="40.703226">
      <ele>140</ele>
    </trkpt>
    <trkpt lat="52.889988" lon="40.701558">
      <ele>143</ele>
    </trkpt>
    <trkpt lat="52.890428" lon="40.699922">
      <ele>145</ele>
    </trkpt>
    <trkpt lat="52.890828" lon="40.698438">
      <ele>146</ele>
    </trkpt>
    <trkpt lat="52.891213" lon="40.697191">
      <ele>146</ele>
    </trkpt>
    <trkpt lat="52.891567" lon="40.695928">
      <ele>147</ele>
    </trkpt>
    <trkpt lat="52.891585" lon="40.695882">
      <ele>147</ele>
    </trkpt>
    <trkpt lat="52.891612" lon="40.695837">
      <ele>147</ele>
    </trkpt>
    <trkpt lat="52.891643" lon="40.695802">
      <ele>147</ele>
    </trkpt>
    <trkpt lat="52.891677" lon="40.695783">
      <ele>147</ele>
    </trkpt>
    <trkpt lat="52.891727" lon="40.695775">
      <ele>147</ele>
    </trkpt>
    <trkpt lat="52.891797" lon="40.695783">
      <ele>147</ele>
    </trkpt>
    <trkpt lat="52.892167" lon="40.695853">
      <ele>145</ele>
    </trkpt>
    <trkpt lat="52.892311" lon="40.695255">
      <ele>145</ele>
    </trkpt>
    <trkpt lat="52.892271" lon="40.695196">
      <ele>145</ele>
    </trkpt>
    <trkpt lat="52.892253" lon="40.695126">
      <ele>145</ele>
    </trkpt>
    <trkpt lat="52.892198" lon="40.694944">
      <ele>145</ele>
    </trkpt>
    <trkpt lat="52.892164" lon="40.694847">
      <ele>145</ele>
    </trkpt>
    <trkpt lat="52.892109" lon="40.694724">
      <ele>145</ele>
    </trkpt>
    <trkpt lat="52.892012" lon="40.694498">
      <ele>146</ele>
    </trkpt>
    <trkpt lat="52.891999" lon="40.694442">
      <ele>146</ele>
    </trkpt>
    <trkpt lat="52.891993" lon="40.694372">
      <ele>146</ele>
    </trkpt>
    <trkpt lat="52.891996" lon="40.694305">
      <ele>146</ele>
    </trkpt>
    <trkpt lat="52.892011" lon="40.694217">
      <ele>146</ele>
    </trkpt>
    <trkpt lat="52.892677" lon="40.691776">
      <ele>145</ele>
    </trkpt>
    <trkpt lat="52.892922" lon="40.690652">
      <ele>146</ele>
    </trkpt>
    <trkpt lat="52.894967" lon="40.683061">
      <ele>148</ele>
    </trkpt>
    <trkpt lat="52.899512" lon="40.666153">
      <ele>153</ele>
    </trkpt>
    <trkpt lat="52.901043" lon="40.660483">
      <ele>150</ele>
    </trkpt>
    <trkpt lat="52.90492" lon="40.646066">
      <ele>156</ele>
    </trkpt>
    <trkpt lat="52.905394" lon="40.644354">
      <ele>158</ele>
    </trkpt>
    <trkpt lat="52.905686" lon="40.643367">
      <ele>158</ele>
    </trkpt>
    <trkpt lat="52.905899" lon="40.64271">
      <ele>159</ele>
    </trkpt>
    <trkpt lat="52.906155" lon="40.641965">
      <ele>159</ele>
    </trkpt>
    <trkpt lat="52.90638" lon="40.641353">
      <ele>159</ele>
    </trkpt>
    <trkpt lat="52.906702" lon="40.6405">
      <ele>159</ele>
    </trkpt>
    <trkpt lat="52.906888" lon="40.640025">
      <ele>159</ele>
    </trkpt>
    <trkpt lat="52.907072" lon="40.639572">
      <ele>159</ele>
    </trkpt>
    <trkpt lat="52.907531" lon="40.638496">
      <ele>159</ele>
    </trkpt>
    <trkpt lat="52.907908" lon="40.637652">
      <ele>159</ele>
    </trkpt>
    <trkpt lat="52.908287" lon="40.636839">
      <ele>159</ele>
    </trkpt>
    <trkpt lat="52.908735" lon="40.636096">
      <ele>158</ele>
    </trkpt>
    <trkpt lat="52.909058" lon="40.63549">
      <ele>158</ele>
    </trkpt>
    <trkpt lat="52.909361" lon="40.634953">
      <ele>159</ele>
    </trkpt>
    <trkpt lat="52.909566" lon="40.634607">
      <ele>161</ele>
    </trkpt>
    <trkpt lat="52.909625" lon="40.634505">
      <ele>161</ele>
    </trkpt>
    <trkpt lat="52.909885" lon="40.634098">
      <ele>160</ele>
    </trkpt>
    <trkpt lat="52.91005" lon="40.633835">
      <ele>159</ele>
    </trkpt>
    <trkpt lat="52.910242" lon="40.633545">
      <ele>158</ele>
    </trkpt>
    <trkpt lat="52.910427" lon="40.633277">
      <ele>158</ele>
    </trkpt>
    <trkpt lat="52.91056" lon="40.633159">
      <ele>157</ele>
    </trkpt>
    <trkpt lat="52.910624" lon="40.633108">
      <ele>157</ele>
    </trkpt>
    <trkpt lat="52.910694" lon="40.633078">
      <ele>157</ele>
    </trkpt>
    <trkpt lat="52.910757" lon="40.63306">
      <ele>157</ele>
    </trkpt>
    <trkpt lat="52.910854" lon="40.63306">
      <ele>157</ele>
    </trkpt>
    <trkpt lat="52.910928" lon="40.633086">
      <ele>157</ele>
    </trkpt>
    <trkpt lat="52.911021" lon="40.633145">
      <ele>156</ele>
    </trkpt>
    <trkpt lat="52.911113" lon="40.633237">
      <ele>156</ele>
    </trkpt>
    <trkpt lat="52.911181" lon="40.633333">
      <ele>156</ele>
    </trkpt>
    <trkpt lat="52.911237" lon="40.633446">
      <ele>156</ele>
    </trkpt>
    <trkpt lat="52.911291" lon="40.633599">
      <ele>156</ele>
    </trkpt>
    <trkpt lat="52.911326" lon="40.633741">
      <ele>157</ele>
    </trkpt>
    <trkpt lat="52.911339" lon="40.633926">
      <ele>157</ele>
    </trkpt>
    <trkpt lat="52.911333" lon="40.634082">
      <ele>157</ele>
    </trkpt>
    <trkpt lat="52.911305" lon="40.63425">
      <ele>157</ele>
    </trkpt>
    <trkpt lat="52.911268" lon="40.634395">
      <ele>157</ele>
    </trkpt>
    <trkpt lat="52.911219" lon="40.634511">
      <ele>157</ele>
    </trkpt>
    <trkpt lat="52.911156" lon="40.634623">
      <ele>158</ele>
    </trkpt>
    <trkpt lat="52.911074" lon="40.634717">
      <ele>158</ele>
    </trkpt>
    <trkpt lat="52.910991" lon="40.634784">
      <ele>159</ele>
    </trkpt>
    <trkpt lat="52.910894" lon="40.634827">
      <ele>160</ele>
    </trkpt>
    <trkpt lat="52.910797" lon="40.634835">
      <ele>160</ele>
    </trkpt>
    <trkpt lat="52.910687" lon="40.634806">
      <ele>159</ele>
    </trkpt>
    <trkpt lat="52.910602" lon="40.634757">
      <ele>158</ele>
    </trkpt>
    <trkpt lat="52.910516" lon="40.634685">
      <ele>158</ele>
    </trkpt>
    <trkpt lat="52.91045" lon="40.634607">
      <ele>159</ele>
    </trkpt>
    <trkpt lat="52.910367" lon="40.634462">
      <ele>159</ele>
    </trkpt>
    <trkpt lat="52.910204" lon="40.63406">
      <ele>159</ele>
    </trkpt>
    <trkpt lat="52.909916" lon="40.633145">
      <ele>158</ele>
    </trkpt>
    <trkpt lat="52.908966" lon="40.630179">
      <ele>158</ele>
    </trkpt>
    <trkpt lat="52.908229" lon="40.627717">
      <ele>156</ele>
    </trkpt>
    <trkpt lat="52.907748" lon="40.626123">
      <ele>157</ele>
    </trkpt>
    <trkpt lat="52.907662" lon="40.625783">
      <ele>156</ele>
    </trkpt>
    <trkpt lat="52.907633" lon="40.625667">
      <ele>157</ele>
    </trkpt>
    <trkpt lat="52.907559" lon="40.625311">
      <ele>157</ele>
    </trkpt>
    <trkpt lat="52.907452" lon="40.624686">
      <ele>157</ele>
    </trkpt>
    <trkpt lat="52.907415" lon="40.624495">
      <ele>158</ele>
    </trkpt>
    <trkpt lat="52.9073" lon="40.623873">
      <ele>158</ele>
    </trkpt>
    <trkpt lat="52.907197" lon="40.623347">
      <ele>158</ele>
    </trkpt>
    <trkpt lat="52.907093" lon="40.622886">
      <ele>158</ele>
    </trkpt>
    <trkpt lat="52.907017" lon="40.62258">
      <ele>158</ele>
    </trkpt>
    <trkpt lat="52.906964" lon="40.62239">
      <ele>158</ele>
    </trkpt>
    <trkpt lat="52.906889" lon="40.622143">
      <ele>158</ele>
    </trkpt>
    <trkpt lat="52.906794" lon="40.621859">
      <ele>158</ele>
    </trkpt>
    <trkpt lat="52.906718" lon="40.621631">
      <ele>157</ele>
    </trkpt>
    <trkpt lat="52.906611" lon="40.621341">
      <ele>157</ele>
    </trkpt>
    <trkpt lat="52.906522" lon="40.621124">
      <ele>157</ele>
    </trkpt>
    <trkpt lat="52.906357" lon="40.620732">
      <ele>157</ele>
    </trkpt>
    <trkpt lat="52.905875" lon="40.61967">
      <ele>156</ele>
    </trkpt>
    <trkpt lat="52.905566" lon="40.618967">
      <ele>155</ele>
    </trkpt>
    <trkpt lat="52.905403" lon="40.618565">
      <ele>156</ele>
    </trkpt>
    <trkpt lat="52.905286" lon="40.618254">
      <ele>155</ele>
    </trkpt>
    <trkpt lat="52.904948" lon="40.61728">
      <ele>155</ele>
    </trkpt>
    <trkpt lat="52.904095" lon="40.614477">
      <ele>154</ele>
    </trkpt>
    <trkpt lat="52.902212" lon="40.608437">
      <ele>147</ele>
    </trkpt>
    <trkpt lat="52.90075" lon="40.603748">
      <ele>144</ele>
    </trkpt>
    <trkpt lat="52.900339" lon="40.602431">
      <ele>146</ele>
    </trkpt>
    <trkpt lat="52.895459" lon="40.5868">
      <ele>135</ele>
    </trkpt>
    <trkpt lat="52.893367" lon="40.580038">
      <ele>131</ele>
    </trkpt>
    <trkpt lat="52.891169" lon="40.572935">
      <ele>130</ele>
    </trkpt>
    <trkpt lat="52.890823" lon="40.572672">
      <ele>132</ele>
    </trkpt>
    <trkpt lat="52.890658" lon="40.572122">
      <ele>133</ele>
    </trkpt>
    <trkpt lat="52.890713" lon="40.571455">
      <ele>131</ele>
    </trkpt>
    <trkpt lat="52.890606" lon="40.571114">
      <ele>131</ele>
    </trkpt>
    <trkpt lat="52.890017" lon="40.57098">
      <ele>130</ele>
    </trkpt>
    <trkpt lat="52.887953" lon="40.564398">
      <ele>131</ele>
    </trkpt>
    <trkpt lat="52.887884" lon="40.564172">
      <ele>131</ele>
    </trkpt>
    <trkpt lat="52.887487" lon="40.562837">
      <ele>132</ele>
    </trkpt>
    <trkpt lat="52.886822" lon="40.560594">
      <ele>131</ele>
    </trkpt>
    <trkpt lat="52.887209" lon="40.560235">
      <ele>129</ele>
    </trkpt>
    <trkpt lat="52.886689" lon="40.558593">
      <ele>128</ele>
    </trkpt>
    <trkpt lat="52.885154" lon="40.553787">
      <ele>127</ele>
    </trkpt>
    <trkpt lat="52.884911" lon="40.552963">
      <ele>126</ele>
    </trkpt>
    <trkpt lat="52.884458" lon="40.551413">
      <ele>126</ele>
    </trkpt>
    <trkpt lat="52.884169" lon="40.550198">
      <ele>126</ele>
    </trkpt>
    <trkpt lat="52.883742" lon="40.548299">
      <ele>127</ele>
    </trkpt>
    <trkpt lat="52.883674" lon="40.547942">
      <ele>126</ele>
    </trkpt>
    <trkpt lat="52.883582" lon="40.547505">
      <ele>125</ele>
    </trkpt>
    <trkpt lat="52.883503" lon="40.547047">
      <ele>125</ele>
    </trkpt>
    <trkpt lat="52.883249" lon="40.54584">
      <ele>125</ele>
    </trkpt>
    <trkpt lat="52.883187" lon="40.54555">
      <ele>126</ele>
    </trkpt>
    <trkpt lat="52.883075" lon="40.545062">
      <ele>125</ele>
    </trkpt>
    <trkpt lat="52.882928" lon="40.544555">
      <ele>125</ele>
    </trkpt>
    <trkpt lat="52.882784" lon="40.544252">
      <ele>126</ele>
    </trkpt>
    <trkpt lat="52.882865" lon="40.544075">
      <ele>125</ele>
    </trkpt>
    <trkpt lat="52.882826" lon="40.54389">
      <ele>125</ele>
    </trkpt>
    <trkpt lat="52.882831" lon="40.543734">
      <ele>125</ele>
    </trkpt>
    <trkpt lat="52.882896" lon="40.543514">
      <ele>125</ele>
    </trkpt>
    <trkpt lat="52.882954" lon="40.543318">
      <ele>124</ele>
    </trkpt>
    <trkpt lat="52.883129" lon="40.542865">
      <ele>126</ele>
    </trkpt>
    <trkpt lat="52.883168" lon="40.54275">
      <ele>126</ele>
    </trkpt>
    <trkpt lat="52.883189" lon="40.542363">
      <ele>126</ele>
    </trkpt>
    <trkpt lat="52.883255" lon="40.541974">
      <ele>126</ele>
    </trkpt>
    <trkpt lat="52.883276" lon="40.541687">
      <ele>125</ele>
    </trkpt>
    <trkpt lat="52.883283" lon="40.541567">
      <ele>125</ele>
    </trkpt>
    <trkpt lat="52.88332" lon="40.540894">
      <ele>125</ele>
    </trkpt>
    <trkpt lat="52.883333" lon="40.540553">
      <ele>124</ele>
    </trkpt>
    <trkpt lat="52.883325" lon="40.540202">
      <ele>124</ele>
    </trkpt>
    <trkpt lat="52.883313" lon="40.540102">
      <ele>124</ele>
    </trkpt>
    <trkpt lat="52.883302" lon="40.540011">
      <ele>124</ele>
    </trkpt>
    <trkpt lat="52.883164" lon="40.539375">
      <ele>125</ele>
    </trkpt>
    <trkpt lat="52.883025" lon="40.538624">
      <ele>124</ele>
    </trkpt>
    <trkpt lat="52.882778" lon="40.537458">
      <ele>123</ele>
    </trkpt>
    <trkpt lat="52.882658" lon="40.536851">
      <ele>125</ele>
    </trkpt>
    <trkpt lat="52.882549" lon="40.536331">
      <ele>125</ele>
    </trkpt>
    <trkpt lat="52.882375" lon="40.53536">
      <ele>125</ele>
    </trkpt>
    <trkpt lat="52.882268" lon="40.534947">
      <ele>126</ele>
    </trkpt>
    <trkpt lat="52.882111" lon="40.534051">
      <ele>125</ele>
    </trkpt>
    <trkpt lat="52.881769" lon="40.532262">
      <ele>126</ele>
    </trkpt>
    <trkpt lat="52.881734" lon="40.532107">
      <ele>125</ele>
    </trkpt>
    <trkpt lat="52.88169" lon="40.531881">
      <ele>125</ele>
    </trkpt>
    <trkpt lat="52.881672" lon="40.531787">
      <ele>125</ele>
    </trkpt>
    <trkpt lat="52.881599" lon="40.531221">
      <ele>124</ele>
    </trkpt>
    <trkpt lat="52.881573" lon="40.530988">
      <ele>124</ele>
    </trkpt>
    <trkpt lat="52.881564" lon="40.530717">
      <ele>123</ele>
    </trkpt>
    <trkpt lat="52.881577" lon="40.530028">
      <ele>123</ele>
    </trkpt>
    <trkpt lat="52.881588" lon="40.529736">
      <ele>124</ele>
    </trkpt>
    <trkpt lat="52.881687" lon="40.529376">
      <ele>126</ele>
    </trkpt>
    <trkpt lat="52.88212" lon="40.527254">
      <ele>128</ele>
    </trkpt>
    <trkpt lat="52.882127" lon="40.527222">
      <ele>128</ele>
    </trkpt>
    <trkpt lat="52.882137" lon="40.527169">
      <ele>128</ele>
    </trkpt>
    <trkpt lat="52.882153" lon="40.527099">
      <ele>128</ele>
    </trkpt>
    <trkpt lat="52.882219" lon="40.526772">
      <ele>129</ele>
    </trkpt>
    <trkpt lat="52.882476" lon="40.525374">
      <ele>126</ele>
    </trkpt>
    <trkpt lat="52.882646" lon="40.524449">
      <ele>125</ele>
    </trkpt>
    <trkpt lat="52.882659" lon="40.524309">
      <ele>125</ele>
    </trkpt>
    <trkpt lat="52.882599" lon="40.524366">
      <ele>125</ele>
    </trkpt>
    <trkpt lat="52.882598" lon="40.524328">
      <ele>125</ele>
    </trkpt>
    <trkpt lat="52.882408" lon="40.520986">
      <ele>127</ele>
    </trkpt>
    <trkpt lat="52.882402" lon="40.52086">
      <ele>127</ele>
    </trkpt>
    <trkpt lat="52.882391" lon="40.520678">
      <ele>127</ele>
    </trkpt>
    <trkpt lat="52.882316" lon="40.51961">
      <ele>128</ele>
    </trkpt>
    <trkpt lat="52.882281" lon="40.518958">
      <ele>129</ele>
    </trkpt>
    <trkpt lat="52.882396" lon="40.518653">
      <ele>128</ele>
    </trkpt>
    <trkpt lat="52.882527" lon="40.518451">
      <ele>127</ele>
    </trkpt>
    <trkpt lat="52.882821" lon="40.518044">
      <ele>129</ele>
    </trkpt>
    <trkpt lat="52.883083" lon="40.517717">
      <ele>131</ele>
    </trkpt>
    <trkpt lat="52.883113" lon="40.517682">
      <ele>130</ele>
    </trkpt>
    <trkpt lat="52.883169" lon="40.517604">
      <ele>130</ele>
    </trkpt>
    <trkpt lat="52.883197" lon="40.517569">
      <ele>130</ele>
    </trkpt>
    <trkpt lat="52.883553" lon="40.517137">
      <ele>132</ele>
    </trkpt>
    <trkpt lat="52.88478" lon="40.515657">
      <ele>144</ele>
    </trkpt>
    <trkpt lat="52.884841" lon="40.515587">
      <ele>144</ele>
    </trkpt>
    <trkpt lat="52.885009" lon="40.515394">
      <ele>143</ele>
    </trkpt>
    <trkpt lat="52.886066" lon="40.514192">
      <ele>153</ele>
    </trkpt>
    <trkpt lat="52.886275" lon="40.513902">
      <ele>151</ele>
    </trkpt>
    <trkpt lat="52.886571" lon="40.513503">
      <ele>152</ele>
    </trkpt>
    <trkpt lat="52.887099" lon="40.512612">
      <ele>152</ele>
    </trkpt>
    <trkpt lat="52.887499" lon="40.511797">
      <ele>155</ele>
    </trkpt>
    <trkpt lat="52.888269" lon="40.510228">
      <ele>152</ele>
    </trkpt>
    <trkpt lat="52.888322" lon="40.510121">
      <ele>152</ele>
    </trkpt>
    <trkpt lat="52.888392" lon="40.509989">
      <ele>153</ele>
    </trkpt>
    <trkpt lat="52.889284" lon="40.508332">
      <ele>148</ele>
    </trkpt>
    <trkpt lat="52.889334" lon="40.508238">
      <ele>149</ele>
    </trkpt>
    <trkpt lat="52.889379" lon="40.508144">
      <ele>149</ele>
    </trkpt>
    <trkpt lat="52.890114" lon="40.506789">
      <ele>147</ele>
    </trkpt>
    <trkpt lat="52.890141" lon="40.506733">
      <ele>147</ele>
    </trkpt>
    <trkpt lat="52.890174" lon="40.506666">
      <ele>147</ele>
    </trkpt>
    <trkpt lat="52.890752" lon="40.505563">
      <ele>145</ele>
    </trkpt>
    <trkpt lat="52.891027" lon="40.505054">
      <ele>144</ele>
    </trkpt>
    <trkpt lat="52.891065" lon="40.504987">
      <ele>144</ele>
    </trkpt>
    <trkpt lat="52.891103" lon="40.504917">
      <ele>143</ele>
    </trkpt>
    <trkpt lat="52.891998" lon="40.503308">
      <ele>145</ele>
    </trkpt>
    <trkpt lat="52.892091" lon="40.503133">
      <ele>146</ele>
    </trkpt>
    <trkpt lat="52.892413" lon="40.50253">
      <ele>146</ele>
    </trkpt>
    <trkpt lat="52.892901" lon="40.501572">
      <ele>144</ele>
    </trkpt>
    <trkpt lat="52.892951" lon="40.501468">
      <ele>144</ele>
    </trkpt>
    <trkpt lat="52.893011" lon="40.501551">
      <ele>144</ele>
    </trkpt>
    <trkpt lat="52.893051" lon="40.501605">
      <ele>144</ele>
    </trkpt>
    <trkpt lat="52.893312" lon="40.501945">
      <ele>147</ele>
    </trkpt>
    <trkpt lat="52.893485" lon="40.50217">
      <ele>146</ele>
    </trkpt>
    <trkpt lat="52.893653" lon="40.502393">
      <ele>145</ele>
    </trkpt>
    <trkpt lat="52.893881" lon="40.502691">
      <ele>147</ele>
    </trkpt>
    <trkpt lat="52.894032" lon="40.502895">
      <ele>146</ele>
    </trkpt>
    <trkpt lat="52.894108" lon="40.502989">
      <ele>146</ele>
    </trkpt>
    <trkpt lat="52.894475" lon="40.503471">
      <ele>147</ele>
    </trkpt>
    <trkpt lat="52.894562" lon="40.503584">
      <ele>147</ele>
    </trkpt>
    <trkpt lat="52.894598" lon="40.50353">
      <ele>147</ele>
    </trkpt>
    <trkpt lat="52.894949" lon="40.502975">
      <ele>147</ele>
    </trkpt>
    <trkpt lat="52.894968" lon="40.502676">
      <ele>148</ele>
    </trkpt>
    <trkpt lat="52.894968" lon="40.502676">
      <ele>147</ele>
    </trkpt>
    <trkpt lat="52.894949" lon="40.502975">
      <ele>147</ele>
    </trkpt>
    <trkpt lat="52.894598" lon="40.50353">
      <ele>147</ele>
    </trkpt>
    <trkpt lat="52.894562" lon="40.503584">
      <ele>147</ele>
    </trkpt>
    <trkpt lat="52.894475" lon="40.503471">
      <ele>147</ele>
    </trkpt>
    <trkpt lat="52.894108" lon="40.502989">
      <ele>146</ele>
    </trkpt>
    <trkpt lat="52.894032" lon="40.502895">
      <ele>146</ele>
    </trkpt>
    <trkpt lat="52.893881" lon="40.502691">
      <ele>147</ele>
    </trkpt>
    <trkpt lat="52.893653" lon="40.502393">
      <ele>145</ele>
    </trkpt>
    <trkpt lat="52.893485" lon="40.50217">
      <ele>146</ele>
    </trkpt>
    <trkpt lat="52.893312" lon="40.501945">
      <ele>147</ele>
    </trkpt>
    <trkpt lat="52.893051" lon="40.501605">
      <ele>144</ele>
    </trkpt>
    <trkpt lat="52.893011" lon="40.501551">
      <ele>144</ele>
    </trkpt>
    <trkpt lat="52.892951" lon="40.501468">
      <ele>144</ele>
    </trkpt>
    <trkpt lat="52.893028" lon="40.501312">
      <ele>145</ele>
    </trkpt>
    <trkpt lat="52.893857" lon="40.499665">
      <ele>145</ele>
    </trkpt>
    <trkpt lat="52.89396" lon="40.499459">
      <ele>146</ele>
    </trkpt>
    <trkpt lat="52.894035" lon="40.499322">
      <ele>146</ele>
    </trkpt>
    <trkpt lat="52.894269" lon="40.498869">
      <ele>148</ele>
    </trkpt>
    <trkpt lat="52.894354" lon="40.498708">
      <ele>148</ele>
    </trkpt>
    <trkpt lat="52.894844" lon="40.497756">
      <ele>149</ele>
    </trkpt>
    <trkpt lat="52.893897" lon="40.496423">
      <ele>144</ele>
    </trkpt>
    <trkpt lat="52.893847" lon="40.49635">
      <ele>144</ele>
    </trkpt>
    <trkpt lat="52.893792" lon="40.496278">
      <ele>145</ele>
    </trkpt>
    <trkpt lat="52.892745" lon="40.494754">
      <ele>149</ele>
    </trkpt>
    <trkpt lat="52.892697" lon="40.494658">
      <ele>149</ele>
    </trkpt>
    <trkpt lat="52.892643" lon="40.49455">
      <ele>148</ele>
    </trkpt>
    <trkpt lat="52.892549" lon="40.494338">
      <ele>146</ele>
    </trkpt>
    <trkpt lat="52.892423" lon="40.493845">
      <ele>148</ele>
    </trkpt>
    <trkpt lat="52.892292" lon="40.493161">
      <ele>145</ele>
    </trkpt>
    <trkpt lat="52.892124" lon="40.492321">
      <ele>146</ele>
    </trkpt>
    <trkpt lat="52.892088" lon="40.492139">
      <ele>146</ele>
    </trkpt>
    <trkpt lat="52.892014" lon="40.49178">
      <ele>145</ele>
    </trkpt>
    <trkpt lat="52.891964" lon="40.491533">
      <ele>144</ele>
    </trkpt>
    <trkpt lat="52.891933" lon="40.491401">
      <ele>144</ele>
    </trkpt>
    <trkpt lat="52.891799" lon="40.490648">
      <ele>146</ele>
    </trkpt>
    <trkpt lat="52.891774" lon="40.490369">
      <ele>146</ele>
    </trkpt>
    <trkpt lat="52.891758" lon="40.489763">
      <ele>147</ele>
    </trkpt>
    <trkpt lat="52.891768" lon="40.489449">
      <ele>147</ele>
    </trkpt>
    <trkpt lat="52.891811" lon="40.488813">
      <ele>149</ele>
    </trkpt>
    <trkpt lat="52.891823" lon="40.488633">
      <ele>150</ele>
    </trkpt>
    <trkpt lat="52.891922" lon="40.487016">
      <ele>152</ele>
    </trkpt>
    <trkpt lat="52.891972" lon="40.48619">
      <ele>154</ele>
    </trkpt>
    <trkpt lat="52.891986" lon="40.485747">
      <ele>155</ele>
    </trkpt>
    <trkpt lat="52.892027" lon="40.485391">
      <ele>155</ele>
    </trkpt>
    <trkpt lat="52.89204" lon="40.484932">
      <ele>154</ele>
    </trkpt>
    <trkpt lat="52.892043" lon="40.484696">
      <ele>154</ele>
    </trkpt>
    <trkpt lat="52.892062" lon="40.484393">
      <ele>155</ele>
    </trkpt>
    <trkpt lat="52.892088" lon="40.48399">
      <ele>155</ele>
    </trkpt>
    <trkpt lat="52.892143" lon="40.483146">
      <ele>159</ele>
    </trkpt>
    <trkpt lat="52.892177" lon="40.482598">
      <ele>159</ele>
    </trkpt>
    <trkpt lat="52.89221" lon="40.482102">
      <ele>160</ele>
    </trkpt>
    <trkpt lat="52.892258" lon="40.481359">
      <ele>159</ele>
    </trkpt>
    <trkpt lat="52.892274" lon="40.480715">
      <ele>159</ele>
    </trkpt>
    <trkpt lat="52.892281" lon="40.48045">
      <ele>159</ele>
    </trkpt>
    <trkpt lat="52.892278" lon="40.479168">
      <ele>160</ele>
    </trkpt>
    <trkpt lat="52.892276" lon="40.478685">
      <ele>160</ele>
    </trkpt>
    <trkpt lat="52.892273" lon="40.478226">
      <ele>159</ele>
    </trkpt>
    <trkpt lat="52.892271" lon="40.477905">
      <ele>158</ele>
    </trkpt>
    <trkpt lat="52.892268" lon="40.477317">
      <ele>158</ele>
    </trkpt>
    <trkpt lat="52.89226" lon="40.476727">
      <ele>160</ele>
    </trkpt>
    <trkpt lat="52.892258" lon="40.476636">
      <ele>160</ele>
    </trkpt>
    <trkpt lat="52.892256" lon="40.47651">
      <ele>160</ele>
    </trkpt>
    <trkpt lat="52.892235" lon="40.47515">
      <ele>163</ele>
    </trkpt>
    <trkpt lat="52.892195" lon="40.473677">
      <ele>163</ele>
    </trkpt>
    <trkpt lat="52.892169" lon="40.472782">
      <ele>165</ele>
    </trkpt>
    <trkpt lat="52.892142" lon="40.471529">
      <ele>166</ele>
    </trkpt>
    <trkpt lat="52.89213" lon="40.471041">
      <ele>165</ele>
    </trkpt>
    <trkpt lat="52.892114" lon="40.470231">
      <ele>162</ele>
    </trkpt>
    <trkpt lat="52.89208" lon="40.468796">
      <ele>163</ele>
    </trkpt>
    <trkpt lat="52.892075" lon="40.468624">
      <ele>163</ele>
    </trkpt>
    <trkpt lat="52.892074" lon="40.468356">
      <ele>163</ele>
    </trkpt>
    <trkpt lat="52.892056" lon="40.467253">
      <ele>163</ele>
    </trkpt>
    <trkpt lat="52.892054" lon="40.467101">
      <ele>163</ele>
    </trkpt>
    <trkpt lat="52.892023" lon="40.465671">
      <ele>161</ele>
    </trkpt>
    <trkpt lat="52.891978" lon="40.464365">
      <ele>160</ele>
    </trkpt>
    <trkpt lat="52.891821" lon="40.462353">
      <ele>161</ele>
    </trkpt>
    <trkpt lat="52.891807" lon="40.462203">
      <ele>159</ele>
    </trkpt>
    <trkpt lat="52.891724" lon="40.46117">
      <ele>157</ele>
    </trkpt>
    <trkpt lat="52.891633" lon="40.460175">
      <ele>156</ele>
    </trkpt>
    <trkpt lat="52.891591" lon="40.459805">
      <ele>157</ele>
    </trkpt>
    <trkpt lat="52.89147" lon="40.458499">
      <ele>155</ele>
    </trkpt>
    <trkpt lat="52.891357" lon="40.457691">
      <ele>155</ele>
    </trkpt>
    <trkpt lat="52.891077" lon="40.456039">
      <ele>154</ele>
    </trkpt>
    <trkpt lat="52.890938" lon="40.455516">
      <ele>154</ele>
    </trkpt>
    <trkpt lat="52.890831" lon="40.455173">
      <ele>154</ele>
    </trkpt>
    <trkpt lat="52.890802" lon="40.455066">
      <ele>154</ele>
    </trkpt>
    <trkpt lat="52.890103" lon="40.454014">
      <ele>155</ele>
    </trkpt>
    <trkpt lat="52.889371" lon="40.453073">
      <ele>154</ele>
    </trkpt>
    <trkpt lat="52.887918" lon="40.451128">
      <ele>155</ele>
    </trkpt>
    <trkpt lat="52.887495" lon="40.450559">
      <ele>153</ele>
    </trkpt>
    <trkpt lat="52.887122" lon="40.450087">
      <ele>154</ele>
    </trkpt>
    <trkpt lat="52.886248" lon="40.449023">
      <ele>154</ele>
    </trkpt>
    <trkpt lat="52.884611" lon="40.447081">
      <ele>155</ele>
    </trkpt>
    <trkpt lat="52.883859" lon="40.446198">
      <ele>155</ele>
    </trkpt>
    <trkpt lat="52.883558" lon="40.445839">
      <ele>153</ele>
    </trkpt>
    <trkpt lat="52.883457" lon="40.445731">
      <ele>153</ele>
    </trkpt>
    <trkpt lat="52.882962" lon="40.4452">
      <ele>155</ele>
    </trkpt>
    <trkpt lat="52.882676" lon="40.44486">
      <ele>154</ele>
    </trkpt>
    <trkpt lat="52.882012" lon="40.44402">
      <ele>156</ele>
    </trkpt>
    <trkpt lat="52.881735" lon="40.443594">
      <ele>156</ele>
    </trkpt>
    <trkpt lat="52.881526" lon="40.443224">
      <ele>156</ele>
    </trkpt>
    <trkpt lat="52.881355" lon="40.442553">
      <ele>155</ele>
    </trkpt>
    <trkpt lat="52.88123" lon="40.441966">
      <ele>155</ele>
    </trkpt>
    <trkpt lat="52.880783" lon="40.439847">
      <ele>156</ele>
    </trkpt>
    <trkpt lat="52.880231" lon="40.437108">
      <ele>154</ele>
    </trkpt>
    <trkpt lat="52.880142" lon="40.436585">
      <ele>153</ele>
    </trkpt>
    <trkpt lat="52.880011" lon="40.43567">
      <ele>151</ele>
    </trkpt>
    <trkpt lat="52.879974" lon="40.435472">
      <ele>151</ele>
    </trkpt>
    <trkpt lat="52.879623" lon="40.433117">
      <ele>147</ele>
    </trkpt>
    <trkpt lat="52.879335" lon="40.432036">
      <ele>148</ele>
    </trkpt>
    <trkpt lat="52.879144" lon="40.43162">
      <ele>149</ele>
    </trkpt>
    <trkpt lat="52.878919" lon="40.431355">
      <ele>151</ele>
    </trkpt>
    <trkpt lat="52.878745" lon="40.431151">
      <ele>152</ele>
    </trkpt>
    <trkpt lat="52.878299" lon="40.430609">
      <ele>153</ele>
    </trkpt>
    <trkpt lat="52.878108" lon="40.430255">
      <ele>153</ele>
    </trkpt>
    <trkpt lat="52.876968" lon="40.427154">
      <ele>153</ele>
    </trkpt>
    <trkpt lat="52.876359" lon="40.425518">
      <ele>153</ele>
    </trkpt>
    <trkpt lat="52.875853" lon="40.42403">
      <ele>154</ele>
    </trkpt>
    <trkpt lat="52.875563" lon="40.423324">
      <ele>153</ele>
    </trkpt>
    <trkpt lat="52.875205" lon="40.422654">
      <ele>154</ele>
    </trkpt>
    <trkpt lat="52.874663" lon="40.421865">
      <ele>154</ele>
    </trkpt>
    <trkpt lat="52.873845" lon="40.420749">
      <ele>154</ele>
    </trkpt>
    <trkpt lat="52.872753" lon="40.41921">
      <ele>152</ele>
    </trkpt>
    <trkpt lat="52.872084" lon="40.417887">
      <ele>153</ele>
    </trkpt>
    <trkpt lat="52.871265" lon="40.416267">
      <ele>151</ele>
    </trkpt>
    <trkpt lat="52.869387" lon="40.412343">
      <ele>151</ele>
    </trkpt>
    <trkpt lat="52.869144" lon="40.411751">
      <ele>149</ele>
    </trkpt>
    <trkpt lat="52.869081" lon="40.411287">
      <ele>148</ele>
    </trkpt>
    <trkpt lat="52.869058" lon="40.411061">
      <ele>148</ele>
    </trkpt>
    <trkpt lat="52.868917" lon="40.410745">
      <ele>147</ele>
    </trkpt>
    <trkpt lat="52.868257" lon="40.410007">
      <ele>145</ele>
    </trkpt>
    <trkpt lat="52.867693" lon="40.409374">
      <ele>146</ele>
    </trkpt>
    <trkpt lat="52.867256" lon="40.409001">
      <ele>145</ele>
    </trkpt>
    <trkpt lat="52.867189" lon="40.408958">
      <ele>144</ele>
    </trkpt>
    <trkpt lat="52.866713" lon="40.408645">
      <ele>141</ele>
    </trkpt>
    <trkpt lat="52.86643" lon="40.408309">
      <ele>138</ele>
    </trkpt>
    <trkpt lat="52.866195" lon="40.407459">
      <ele>136</ele>
    </trkpt>
    <trkpt lat="52.865905" lon="40.406724">
      <ele>138</ele>
    </trkpt>
    <trkpt lat="52.864821" lon="40.404973">
      <ele>141</ele>
    </trkpt>
    <trkpt lat="52.860541" lon="40.397178">
      <ele>150</ele>
    </trkpt>
    <trkpt lat="52.860499" lon="40.397149">
      <ele>150</ele>
    </trkpt>
    <trkpt lat="52.860312" lon="40.396658">
      <ele>151</ele>
    </trkpt>
    <trkpt lat="52.859998" lon="40.395861">
      <ele>150</ele>
    </trkpt>
    <trkpt lat="52.859755" lon="40.395027">
      <ele>148</ele>
    </trkpt>
    <trkpt lat="52.859569" lon="40.394469">
      <ele>147</ele>
    </trkpt>
    <trkpt lat="52.859499" lon="40.394297">
      <ele>147</ele>
    </trkpt>
    <trkpt lat="52.85931" lon="40.394013">
      <ele>147</ele>
    </trkpt>
    <trkpt lat="52.859206" lon="40.39363">
      <ele>147</ele>
    </trkpt>
    <trkpt lat="52.859046" lon="40.393047">
      <ele>149</ele>
    </trkpt>
    <trkpt lat="52.858933" lon="40.392401">
      <ele>150</ele>
    </trkpt>
    <trkpt lat="52.85878" lon="40.391953">
      <ele>152</ele>
    </trkpt>
    <trkpt lat="52.858648" lon="40.39157">
      <ele>151</ele>
    </trkpt>
    <trkpt lat="52.85855" lon="40.391293">
      <ele>151</ele>
    </trkpt>
    <trkpt lat="52.858327" lon="40.390762">
      <ele>150</ele>
    </trkpt>
    <trkpt lat="52.858137" lon="40.390017">
      <ele>152</ele>
    </trkpt>
    <trkpt lat="52.858022" lon="40.389539">
      <ele>151</ele>
    </trkpt>
    <trkpt lat="52.857967" lon="40.389102">
      <ele>152</ele>
    </trkpt>
    <trkpt lat="52.857376" lon="40.385248">
      <ele>152</ele>
    </trkpt>
    <trkpt lat="52.857169" lon="40.38443">
      <ele>150</ele>
    </trkpt>
    <trkpt lat="52.85714" lon="40.384314">
      <ele>150</ele>
    </trkpt>
    <trkpt lat="52.856931" lon="40.383794">
      <ele>149</ele>
    </trkpt>
    <trkpt lat="52.8568" lon="40.383147">
      <ele>149</ele>
    </trkpt>
    <trkpt lat="52.85593" lon="40.376466">
      <ele>152</ele>
    </trkpt>
    <trkpt lat="52.855742" lon="40.373599">
      <ele>152</ele>
    </trkpt>
    <trkpt lat="52.855742" lon="40.372877">
      <ele>152</ele>
    </trkpt>
    <trkpt lat="52.855742" lon="40.372749">
      <ele>152</ele>
    </trkpt>
    <trkpt lat="52.855731" lon="40.372368">
      <ele>153</ele>
    </trkpt>
    <trkpt lat="52.855726" lon="40.372236">
      <ele>152</ele>
    </trkpt>
    <trkpt lat="52.855664" lon="40.371598">
      <ele>152</ele>
    </trkpt>
    <trkpt lat="52.855481" lon="40.370286">
      <ele>151</ele>
    </trkpt>
    <trkpt lat="52.855232" lon="40.367781">
      <ele>150</ele>
    </trkpt>
    <trkpt lat="52.855051" lon="40.36552">
      <ele>150</ele>
    </trkpt>
    <trkpt lat="52.854822" lon="40.364372">
      <ele>149</ele>
    </trkpt>
    <trkpt lat="52.854751" lon="40.363903">
      <ele>149</ele>
    </trkpt>
    <trkpt lat="52.854672" lon="40.362905">
      <ele>148</ele>
    </trkpt>
    <trkpt lat="52.854688" lon="40.362511">
      <ele>148</ele>
    </trkpt>
    <trkpt lat="52.854987" lon="40.361738">
      <ele>150</ele>
    </trkpt>
    <trkpt lat="52.854952" lon="40.361349">
      <ele>149</ele>
    </trkpt>
    <trkpt lat="52.854916" lon="40.361113">
      <ele>149</ele>
    </trkpt>
    <trkpt lat="52.854921" lon="40.36088">
      <ele>148</ele>
    </trkpt>
    <trkpt lat="52.854974" lon="40.360609">
      <ele>149</ele>
    </trkpt>
    <trkpt lat="52.854987" lon="40.360365">
      <ele>149</ele>
    </trkpt>
    <trkpt lat="52.854945" lon="40.360207">
      <ele>149</ele>
    </trkpt>
    <trkpt lat="52.854814" lon="40.359962">
      <ele>148</ele>
    </trkpt>
    <trkpt lat="52.854779" lon="40.359654">
      <ele>149</ele>
    </trkpt>
    <trkpt lat="52.854625" lon="40.359321">
      <ele>149</ele>
    </trkpt>
    <trkpt lat="52.854481" lon="40.358726">
      <ele>147</ele>
    </trkpt>
    <trkpt lat="52.854338" lon="40.358208">
      <ele>148</ele>
    </trkpt>
    <trkpt lat="52.854293" lon="40.357696">
      <ele>148</ele>
    </trkpt>
    <trkpt lat="52.854233" lon="40.357278">
      <ele>147</ele>
    </trkpt>
    <trkpt lat="52.854043" lon="40.356159">
      <ele>149</ele>
    </trkpt>
    <trkpt lat="52.853849" lon="40.355105">
      <ele>147</ele>
    </trkpt>
    <trkpt lat="52.853818" lon="40.354603">
      <ele>147</ele>
    </trkpt>
    <trkpt lat="52.853718" lon="40.354067">
      <ele>147</ele>
    </trkpt>
    <trkpt lat="52.853629" lon="40.353587">
      <ele>146</ele>
    </trkpt>
    <trkpt lat="52.853517" lon="40.353187">
      <ele>146</ele>
    </trkpt>
    <trkpt lat="52.85347" lon="40.352519">
      <ele>146</ele>
    </trkpt>
    <trkpt lat="52.853356" lon="40.35201">
      <ele>146</ele>
    </trkpt>
    <trkpt lat="52.85324" lon="40.351401">
      <ele>147</ele>
    </trkpt>
    <trkpt lat="52.853139" lon="40.351318">
      <ele>146</ele>
    </trkpt>
    <trkpt lat="52.853081" lon="40.351299">
      <ele>145</ele>
    </trkpt>
    <trkpt lat="52.852942" lon="40.351261">
      <ele>147</ele>
    </trkpt>
    <trkpt lat="52.852803" lon="40.350328">
      <ele>145</ele>
    </trkpt>
    <trkpt lat="52.852715" lon="40.349767">
      <ele>145</ele>
    </trkpt>
    <trkpt lat="52.852603" lon="40.349049">
      <ele>146</ele>
    </trkpt>
    <trkpt lat="52.852517" lon="40.348555">
      <ele>145</ele>
    </trkpt>
    <trkpt lat="52.852385" lon="40.347793">
      <ele>146</ele>
    </trkpt>
    <trkpt lat="52.852208" lon="40.347158">
      <ele>145</ele>
    </trkpt>
    <trkpt lat="52.852135" lon="40.346889">
      <ele>145</ele>
    </trkpt>
    <trkpt lat="52.852009" lon="40.346439">
      <ele>145</ele>
    </trkpt>
    <trkpt lat="52.851942" lon="40.346195">
      <ele>144</ele>
    </trkpt>
    <trkpt lat="52.851849" lon="40.345857">
      <ele>144</ele>
    </trkpt>
    <trkpt lat="52.851494" lon="40.344583">
      <ele>143</ele>
    </trkpt>
    <trkpt lat="52.851588" lon="40.344475">
      <ele>143</ele>
    </trkpt>
    <trkpt lat="52.852122" lon="40.343413">
      <ele>144</ele>
    </trkpt>
    <trkpt lat="52.85202" lon="40.343263">
      <ele>144</ele>
    </trkpt>
    <trkpt lat="52.850632" lon="40.341243">
      <ele>144</ele>
    </trkpt>
    <trkpt lat="52.849689" lon="40.339886">
      <ele>140</ele>
    </trkpt>
    <trkpt lat="52.848249" lon="40.337778">
      <ele>136</ele>
    </trkpt>
    <trkpt lat="52.848091" lon="40.337523">
      <ele>135</ele>
    </trkpt>
    <trkpt lat="52.847433" lon="40.336359">
      <ele>131</ele>
    </trkpt>
    <trkpt lat="52.847047" lon="40.335621">
      <ele>128</ele>
    </trkpt>
    <trkpt lat="52.846199" lon="40.333489">
      <ele>123</ele>
    </trkpt>
    <trkpt lat="52.845836" lon="40.331901">
      <ele>121</ele>
    </trkpt>
    <trkpt lat="52.845368" lon="40.329219">
      <ele>119</ele>
    </trkpt>
    <trkpt lat="52.845178" lon="40.328353">
      <ele>119</ele>
    </trkpt>
    <trkpt lat="52.844933" lon="40.327585">
      <ele>119</ele>
    </trkpt>
    <trkpt lat="52.844574" lon="40.326792">
      <ele>119</ele>
    </trkpt>
    <trkpt lat="52.844191" lon="40.326199">
      <ele>119</ele>
    </trkpt>
    <trkpt lat="52.843642" lon="40.325595">
      <ele>119</ele>
    </trkpt>
    <trkpt lat="52.842426" lon="40.32438">
      <ele>119</ele>
    </trkpt>
    <trkpt lat="52.839846" lon="40.321805">
      <ele>120</ele>
    </trkpt>
    <trkpt lat="52.839307" lon="40.321057">
      <ele>120</ele>
    </trkpt>
    <trkpt lat="52.838751" lon="40.320051">
      <ele>123</ele>
    </trkpt>
    <trkpt lat="52.838681" lon="40.319928">
      <ele>123</ele>
    </trkpt>
    <trkpt lat="52.838362" lon="40.318807">
      <ele>124</ele>
    </trkpt>
    <trkpt lat="52.838111" lon="40.317782">
      <ele>126</ele>
    </trkpt>
    <trkpt lat="52.838041" lon="40.317455">
      <ele>125</ele>
    </trkpt>
    <trkpt lat="52.8379" lon="40.316886">
      <ele>126</ele>
    </trkpt>
    <trkpt lat="52.837183" lon="40.313654">
      <ele>125</ele>
    </trkpt>
    <trkpt lat="52.836008" lon="40.308292">
      <ele>125</ele>
    </trkpt>
    <trkpt lat="52.835755" lon="40.30708">
      <ele>124</ele>
    </trkpt>
    <trkpt lat="52.835629" lon="40.306458">
      <ele>124</ele>
    </trkpt>
    <trkpt lat="52.835514" lon="40.305838">
      <ele>123</ele>
    </trkpt>
    <trkpt lat="52.835407" lon="40.305184">
      <ele>123</ele>
    </trkpt>
    <trkpt lat="52.835313" lon="40.304527">
      <ele>123</ele>
    </trkpt>
    <trkpt lat="52.835141" lon="40.303167">
      <ele>123</ele>
    </trkpt>
    <trkpt lat="52.835028" lon="40.301901">
      <ele>122</ele>
    </trkpt>
    <trkpt lat="52.834987" lon="40.301219">
      <ele>121</ele>
    </trkpt>
    <trkpt lat="52.834961" lon="40.300678">
      <ele>121</ele>
    </trkpt>
    <trkpt lat="52.834943" lon="40.29976">
      <ele>122</ele>
    </trkpt>
    <trkpt lat="52.83494" lon="40.299618">
      <ele>122</ele>
    </trkpt>
    <trkpt lat="52.834935" lon="40.298164">
      <ele>121</ele>
    </trkpt>
    <trkpt lat="52.834974" lon="40.296391">
      <ele>121</ele>
    </trkpt>
    <trkpt lat="52.835007" lon="40.294954">
      <ele>121</ele>
    </trkpt>
    <trkpt lat="52.835011" lon="40.29472">
      <ele>121</ele>
    </trkpt>
    <trkpt lat="52.835008" lon="40.294415">
      <ele>121</ele>
    </trkpt>
    <trkpt lat="52.834997" lon="40.293385">
      <ele>121</ele>
    </trkpt>
    <trkpt lat="52.834942" lon="40.292593">
      <ele>121</ele>
    </trkpt>
    <trkpt lat="52.834932" lon="40.292454">
      <ele>121</ele>
    </trkpt>
    <trkpt lat="52.834715" lon="40.290102">
      <ele>121</ele>
    </trkpt>
    <trkpt lat="52.834574" lon="40.289117">
      <ele>120</ele>
    </trkpt>
    <trkpt lat="52.834397" lon="40.288136">
      <ele>121</ele>
    </trkpt>
    <trkpt lat="52.834294" lon="40.287669">
      <ele>121</ele>
    </trkpt>
    <trkpt lat="52.833871" lon="40.285719">
      <ele>122</ele>
    </trkpt>
    <trkpt lat="52.833783" lon="40.285274">
      <ele>122</ele>
    </trkpt>
    <trkpt lat="52.833563" lon="40.284104">
      <ele>121</ele>
    </trkpt>
    <trkpt lat="52.833265" lon="40.282465">
      <ele>122</ele>
    </trkpt>
    <trkpt lat="52.832957" lon="40.28062">
      <ele>122</ele>
    </trkpt>
    <trkpt lat="52.832856" lon="40.27988">
      <ele>122</ele>
    </trkpt>
    <trkpt lat="52.832769" lon="40.279147">
      <ele>122</ele>
    </trkpt>
    <trkpt lat="52.832751" lon="40.279">
      <ele>123</ele>
    </trkpt>
    <trkpt lat="52.832641" lon="40.278093">
      <ele>123</ele>
    </trkpt>
    <trkpt lat="52.832584" lon="40.277557">
      <ele>122</ele>
    </trkpt>
    <trkpt lat="52.832383" lon="40.275682">
      <ele>123</ele>
    </trkpt>
    <trkpt lat="52.832375" lon="40.275602">
      <ele>123</ele>
    </trkpt>
    <trkpt lat="52.83213" lon="40.273504">
      <ele>123</ele>
    </trkpt>
    <trkpt lat="52.831523" lon="40.268513">
      <ele>124</ele>
    </trkpt>
    <trkpt lat="52.830962" lon="40.263899">
      <ele>125</ele>
    </trkpt>
    <trkpt lat="52.830364" lon="40.259093">
      <ele>127</ele>
    </trkpt>
    <trkpt lat="52.830236" lon="40.257969">
      <ele>127</ele>
    </trkpt>
    <trkpt lat="52.830076" lon="40.256566">
      <ele>127</ele>
    </trkpt>
    <trkpt lat="52.829973" lon="40.25537">
      <ele>126</ele>
    </trkpt>
    <trkpt lat="52.829862" lon="40.254074">
      <ele>126</ele>
    </trkpt>
    <trkpt lat="52.82952" lon="40.250231">
      <ele>127</ele>
    </trkpt>
    <trkpt lat="52.829128" lon="40.246526">
      <ele>130</ele>
    </trkpt>
    <trkpt lat="52.829108" lon="40.246282">
      <ele>130</ele>
    </trkpt>
    <trkpt lat="52.828931" lon="40.244062">
      <ele>131</ele>
    </trkpt>
    <trkpt lat="52.82887" lon="40.242677">
      <ele>133</ele>
    </trkpt>
    <trkpt lat="52.828829" lon="40.241774">
      <ele>133</ele>
    </trkpt>
    <trkpt lat="52.828813" lon="40.241393">
      <ele>133</ele>
    </trkpt>
    <trkpt lat="52.828794" lon="40.239405">
      <ele>134</ele>
    </trkpt>
    <trkpt lat="52.828815" lon="40.237267">
      <ele>134</ele>
    </trkpt>
    <trkpt lat="52.828884" lon="40.235403">
      <ele>134</ele>
    </trkpt>
    <trkpt lat="52.828998" lon="40.233376">
      <ele>134</ele>
    </trkpt>
    <trkpt lat="52.829857" lon="40.225922">
      <ele>134</ele>
    </trkpt>
    <trkpt lat="52.830515" lon="40.220107">
      <ele>137</ele>
    </trkpt>
    <trkpt lat="52.831409" lon="40.211336">
      <ele>137</ele>
    </trkpt>
    <trkpt lat="52.831435" lon="40.211073">
      <ele>137</ele>
    </trkpt>
    <trkpt lat="52.831471" lon="40.21073">
      <ele>137</ele>
    </trkpt>
    <trkpt lat="52.831853" lon="40.207028">
      <ele>137</ele>
    </trkpt>
    <trkpt lat="52.832082" lon="40.205006">
      <ele>137</ele>
    </trkpt>
    <trkpt lat="52.832258" lon="40.203539">
      <ele>137</ele>
    </trkpt>
    <trkpt lat="52.832288" lon="40.203311">
      <ele>137</ele>
    </trkpt>
    <trkpt lat="52.832435" lon="40.202179">
      <ele>137</ele>
    </trkpt>
    <trkpt lat="52.833028" lon="40.198687">
      <ele>137</ele>
    </trkpt>
    <trkpt lat="52.833573" lon="40.196206">
      <ele>137</ele>
    </trkpt>
    <trkpt lat="52.834052" lon="40.194274">
      <ele>137</ele>
    </trkpt>
    <trkpt lat="52.834067" lon="40.19421">
      <ele>137</ele>
    </trkpt>
    <trkpt lat="52.834117" lon="40.194017">
      <ele>137</ele>
    </trkpt>
    <trkpt lat="52.836374" lon="40.185069">
      <ele>136</ele>
    </trkpt>
    <trkpt lat="52.838578" lon="40.176376">
      <ele>133</ele>
    </trkpt>
    <trkpt lat="52.839331" lon="40.173428">
      <ele>132</ele>
    </trkpt>
    <trkpt lat="52.840003" lon="40.170899">
      <ele>130</ele>
    </trkpt>
    <trkpt lat="52.840413" lon="40.169491">
      <ele>130</ele>
    </trkpt>
    <trkpt lat="52.8406" lon="40.168831">
      <ele>130</ele>
    </trkpt>
    <trkpt lat="52.84121" lon="40.166986">
      <ele>129</ele>
    </trkpt>
    <trkpt lat="52.841735" lon="40.165583">
      <ele>129</ele>
    </trkpt>
    <trkpt lat="52.842335" lon="40.16414">
      <ele>127</ele>
    </trkpt>
    <trkpt lat="52.842737" lon="40.163206">
      <ele>126</ele>
    </trkpt>
    <trkpt lat="52.843155" lon="40.162294">
      <ele>125</ele>
    </trkpt>
    <trkpt lat="52.843683" lon="40.161238">
      <ele>125</ele>
    </trkpt>
    <trkpt lat="52.844765" lon="40.159129">
      <ele>123</ele>
    </trkpt>
    <trkpt lat="52.845108" lon="40.158478">
      <ele>122</ele>
    </trkpt>
    <trkpt lat="52.846359" lon="40.156104">
      <ele>120</ele>
    </trkpt>
    <trkpt lat="52.846631" lon="40.155605">
      <ele>122</ele>
    </trkpt>
    <trkpt lat="52.847" lon="40.154889">
      <ele>123</ele>
    </trkpt>
    <trkpt lat="52.848076" lon="40.15281">
      <ele>129</ele>
    </trkpt>
    <trkpt lat="52.849864" lon="40.149377">
      <ele>134</ele>
    </trkpt>
    <trkpt lat="52.850175" lon="40.14876">
      <ele>135</ele>
    </trkpt>
    <trkpt lat="52.850503" lon="40.148025">
      <ele>135</ele>
    </trkpt>
    <trkpt lat="52.850749" lon="40.147408">
      <ele>135</ele>
    </trkpt>
    <trkpt lat="52.850917" lon="40.146963">
      <ele>135</ele>
    </trkpt>
    <trkpt lat="52.851076" lon="40.146475">
      <ele>135</ele>
    </trkpt>
    <trkpt lat="52.851176" lon="40.146072">
      <ele>135</ele>
    </trkpt>
    <trkpt lat="52.851261" lon="40.145691">
      <ele>135</ele>
    </trkpt>
    <trkpt lat="52.851329" lon="40.1453">
      <ele>135</ele>
    </trkpt>
    <trkpt lat="52.851393" lon="40.144742">
      <ele>135</ele>
    </trkpt>
    <trkpt lat="52.851452" lon="40.144104">
      <ele>134</ele>
    </trkpt>
    <trkpt lat="52.851491" lon="40.14339">
      <ele>134</ele>
    </trkpt>
    <trkpt lat="52.851471" lon="40.142666">
      <ele>135</ele>
    </trkpt>
    <trkpt lat="52.851416" lon="40.142001">
      <ele>134</ele>
    </trkpt>
    <trkpt lat="52.851364" lon="40.141309">
      <ele>133</ele>
    </trkpt>
    <trkpt lat="52.851283" lon="40.14044">
      <ele>133</ele>
    </trkpt>
    <trkpt lat="52.851175" lon="40.138997">
      <ele>132</ele>
    </trkpt>
    <trkpt lat="52.851008" lon="40.137422">
      <ele>131</ele>
    </trkpt>
    <trkpt lat="52.850749" lon="40.134233">
      <ele>130</ele>
    </trkpt>
    <trkpt lat="52.850708" lon="40.133504">
      <ele>130</ele>
    </trkpt>
    <trkpt lat="52.850609" lon="40.130757">
      <ele>129</ele>
    </trkpt>
    <trkpt lat="52.850629" lon="40.128144">
      <ele>130</ele>
    </trkpt>
    <trkpt lat="52.850655" lon="40.126959">
      <ele>131</ele>
    </trkpt>
    <trkpt lat="52.850716" lon="40.125645">
      <ele>132</ele>
    </trkpt>
    <trkpt lat="52.850878" lon="40.123091">
      <ele>134</ele>
    </trkpt>
    <trkpt lat="52.851108" lon="40.119932">
      <ele>137</ele>
    </trkpt>
    <trkpt lat="52.851171" lon="40.119194">
      <ele>137</ele>
    </trkpt>
    <trkpt lat="52.851209" lon="40.118767">
      <ele>137</ele>
    </trkpt>
    <trkpt lat="52.851345" lon="40.117405">
      <ele>137</ele>
    </trkpt>
    <trkpt lat="52.851601" lon="40.115034">
      <ele>138</ele>
    </trkpt>
    <trkpt lat="52.851938" lon="40.112159">
      <ele>137</ele>
    </trkpt>
    <trkpt lat="52.852666" lon="40.106097">
      <ele>137</ele>
    </trkpt>
    <trkpt lat="52.853533" lon="40.098613">
      <ele>133</ele>
    </trkpt>
    <trkpt lat="52.854229" lon="40.092871">
      <ele>128</ele>
    </trkpt>
    <trkpt lat="52.854696" lon="40.089024">
      <ele>129</ele>
    </trkpt>
    <trkpt lat="52.854741" lon="40.088641">
      <ele>129</ele>
    </trkpt>
    <trkpt lat="52.855794" lon="40.079959">
      <ele>127</ele>
    </trkpt>
    <trkpt lat="52.855938" lon="40.078719">
      <ele>128</ele>
    </trkpt>
    <trkpt lat="52.854712" lon="40.075715">
      <ele>133</ele>
    </trkpt>
    <trkpt lat="52.852548" lon="40.070131">
      <ele>133</ele>
    </trkpt>
    <trkpt lat="52.851955" lon="40.06865">
      <ele>133</ele>
    </trkpt>
    <trkpt lat="52.851852" lon="40.068168">
      <ele>133</ele>
    </trkpt>
    <trkpt lat="52.851823" lon="40.067859">
      <ele>134</ele>
    </trkpt>
    <trkpt lat="52.8518" lon="40.067366">
      <ele>134</ele>
    </trkpt>
    <trkpt lat="52.851785" lon="40.066969">
      <ele>134</ele>
    </trkpt>
    <trkpt lat="52.851768" lon="40.062908">
      <ele>134</ele>
    </trkpt>
    <trkpt lat="52.851661" lon="40.056629">
      <ele>136</ele>
    </trkpt>
    <trkpt lat="52.851563" lon="40.05216">
      <ele>138</ele>
    </trkpt>
    <trkpt lat="52.851507" lon="40.050312">
      <ele>138</ele>
    </trkpt>
    <trkpt lat="52.851453" lon="40.048075">
      <ele>137</ele>
    </trkpt>
    <trkpt lat="52.851398" lon="40.045211">
      <ele>137</ele>
    </trkpt>
    <trkpt lat="52.851335" lon="40.042437">
      <ele>138</ele>
    </trkpt>
    <trkpt lat="52.851282" lon="40.041072">
      <ele>139</ele>
    </trkpt>
    <trkpt lat="52.851274" lon="40.040619">
      <ele>139</ele>
    </trkpt>
    <trkpt lat="52.851154" lon="40.039846">
      <ele>140</ele>
    </trkpt>
    <trkpt lat="52.850263" lon="40.037065">
      <ele>141</ele>
    </trkpt>
    <trkpt lat="52.849667" lon="40.035327">
      <ele>140</ele>
    </trkpt>
    <trkpt lat="52.849378" lon="40.034232">
      <ele>140</ele>
    </trkpt>
    <trkpt lat="52.849304" lon="40.033355">
      <ele>140</ele>
    </trkpt>
    <trkpt lat="52.849318" lon="40.032524">
      <ele>139</ele>
    </trkpt>
    <trkpt lat="52.849335" lon="40.031349">
      <ele>138</ele>
    </trkpt>
    <trkpt lat="52.849288" lon="40.030458">
      <ele>139</ele>
    </trkpt>
    <trkpt lat="52.849147" lon="40.029436">
      <ele>139</ele>
    </trkpt>
    <trkpt lat="52.848813" lon="40.028275">
      <ele>139</ele>
    </trkpt>
    <trkpt lat="52.848036" lon="40.025861">
      <ele>139</ele>
    </trkpt>
    <trkpt lat="52.84758" lon="40.024528">
      <ele>138</ele>
    </trkpt>
    <trkpt lat="52.845515" lon="40.017788">
      <ele>136</ele>
    </trkpt>
    <trkpt lat="52.845204" lon="40.016747">
      <ele>136</ele>
    </trkpt>
    <trkpt lat="52.845063" lon="40.016275">
      <ele>135</ele>
    </trkpt>
    <trkpt lat="52.844749" lon="40.015221">
      <ele>136</ele>
    </trkpt>
    <trkpt lat="52.844204" lon="40.0134">
      <ele>133</ele>
    </trkpt>
    <trkpt lat="52.843681" lon="40.011463">
      <ele>133</ele>
    </trkpt>
    <trkpt lat="52.843456" lon="40.010524">
      <ele>132</ele>
    </trkpt>
    <trkpt lat="52.843389" lon="40.010243">
      <ele>132</ele>
    </trkpt>
    <trkpt lat="52.842445" lon="40.006305">
      <ele>130</ele>
    </trkpt>
    <trkpt lat="52.842398" lon="40.006115">
      <ele>129</ele>
    </trkpt>
    <trkpt lat="52.842205" lon="40.00546">
      <ele>128</ele>
    </trkpt>
    <trkpt lat="52.842051" lon="40.005063">
      <ele>127</ele>
    </trkpt>
    <trkpt lat="52.841972" lon="40.004897">
      <ele>126</ele>
    </trkpt>
    <trkpt lat="52.841867" lon="40.004709">
      <ele>126</ele>
    </trkpt>
    <trkpt lat="52.841753" lon="40.004535">
      <ele>125</ele>
    </trkpt>
    <trkpt lat="52.841604" lon="40.004344">
      <ele>125</ele>
    </trkpt>
    <trkpt lat="52.840768" lon="40.003317">
      <ele>128</ele>
    </trkpt>
    <trkpt lat="52.840123" lon="40.002569">
      <ele>129</ele>
    </trkpt>
    <trkpt lat="52.839446" lon="40.001794">
      <ele>130</ele>
    </trkpt>
    <trkpt lat="52.839088" lon="40.001324">
      <ele>131</ele>
    </trkpt>
    <trkpt lat="52.839001" lon="40.001209">
      <ele>130</ele>
    </trkpt>
    <trkpt lat="52.838806" lon="40.000954">
      <ele>130</ele>
    </trkpt>
    <trkpt lat="52.838594" lon="40.000675">
      <ele>131</ele>
    </trkpt>
    <trkpt lat="52.837755" lon="39.999651">
      <ele>132</ele>
    </trkpt>
    <trkpt lat="52.837669" lon="39.999498">
      <ele>131</ele>
    </trkpt>
    <trkpt lat="52.837619" lon="39.999409">
      <ele>131</ele>
    </trkpt>
    <trkpt lat="52.83755" lon="39.999224">
      <ele>131</ele>
    </trkpt>
    <trkpt lat="52.837502" lon="39.999034">
      <ele>131</ele>
    </trkpt>
    <trkpt lat="52.837466" lon="39.998808">
      <ele>131</ele>
    </trkpt>
    <trkpt lat="52.83745" lon="39.998535">
      <ele>131</ele>
    </trkpt>
    <trkpt lat="52.837447" lon="39.998202">
      <ele>132</ele>
    </trkpt>
    <trkpt lat="52.837478" lon="39.997381">
      <ele>132</ele>
    </trkpt>
    <trkpt lat="52.837516" lon="39.996343">
      <ele>133</ele>
    </trkpt>
    <trkpt lat="52.837525" lon="39.996115">
      <ele>133</ele>
    </trkpt>
    <trkpt lat="52.837562" lon="39.994364">
      <ele>134</ele>
    </trkpt>
    <trkpt lat="52.837581" lon="39.993642">
      <ele>134</ele>
    </trkpt>
    <trkpt lat="52.837591" lon="39.993307">
      <ele>134</ele>
    </trkpt>
    <trkpt lat="52.837591" lon="39.992835">
      <ele>134</ele>
    </trkpt>
    <trkpt lat="52.837572" lon="39.992548">
      <ele>135</ele>
    </trkpt>
    <trkpt lat="52.837536" lon="39.992256">
      <ele>135</ele>
    </trkpt>
    <trkpt lat="52.837494" lon="39.991985">
      <ele>135</ele>
    </trkpt>
    <trkpt lat="52.837434" lon="39.991641">
      <ele>134</ele>
    </trkpt>
    <trkpt lat="52.837348" lon="39.991202">
      <ele>135</ele>
    </trkpt>
    <trkpt lat="52.837183" lon="39.990359">
      <ele>135</ele>
    </trkpt>
    <trkpt lat="52.836761" lon="39.988216">
      <ele>136</ele>
    </trkpt>
    <trkpt lat="52.836661" lon="39.987701">
      <ele>136</ele>
    </trkpt>
    <trkpt lat="52.836491" lon="39.986811">
      <ele>136</ele>
    </trkpt>
    <trkpt lat="52.83636" lon="39.986116">
      <ele>136</ele>
    </trkpt>
    <trkpt lat="52.836343" lon="39.986028">
      <ele>136</ele>
    </trkpt>
    <trkpt lat="52.836168" lon="39.985116">
      <ele>136</ele>
    </trkpt>
    <trkpt lat="52.835609" lon="39.982173">
      <ele>136</ele>
    </trkpt>
    <trkpt lat="52.83546" lon="39.981377">
      <ele>136</ele>
    </trkpt>
    <trkpt lat="52.835344" lon="39.980749">
      <ele>136</ele>
    </trkpt>
    <trkpt lat="52.835298" lon="39.98051">
      <ele>136</ele>
    </trkpt>
    <trkpt lat="52.835141" lon="39.97966">
      <ele>135</ele>
    </trkpt>
    <trkpt lat="52.83506" lon="39.979226">
      <ele>134</ele>
    </trkpt>
    <trkpt lat="52.834879" lon="39.978257">
      <ele>133</ele>
    </trkpt>
    <trkpt lat="52.834739" lon="39.977533">
      <ele>133</ele>
    </trkpt>
    <trkpt lat="52.834517" lon="39.976372">
      <ele>133</ele>
    </trkpt>
    <trkpt lat="52.834282" lon="39.975151">
      <ele>132</ele>
    </trkpt>
    <trkpt lat="52.834167" lon="39.974701">
      <ele>132</ele>
    </trkpt>
    <trkpt lat="52.834075" lon="39.974414">
      <ele>131</ele>
    </trkpt>
    <trkpt lat="52.833978" lon="39.974164">
      <ele>131</ele>
    </trkpt>
    <trkpt lat="52.833893" lon="39.974003">
      <ele>130</ele>
    </trkpt>
    <trkpt lat="52.833816" lon="39.97388">
      <ele>130</ele>
    </trkpt>
    <trkpt lat="52.833645" lon="39.973633">
      <ele>129</ele>
    </trkpt>
    <trkpt lat="52.833187" lon="39.972976">
      <ele>129</ele>
    </trkpt>
    <trkpt lat="52.83296" lon="39.972614">
      <ele>129</ele>
    </trkpt>
    <trkpt lat="52.832386" lon="39.971922">
      <ele>130</ele>
    </trkpt>
    <trkpt lat="52.83175" lon="39.971243">
      <ele>132</ele>
    </trkpt>
    <trkpt lat="52.83097" lon="39.970541">
      <ele>133</ele>
    </trkpt>
    <trkpt lat="52.830259" lon="39.9699">
      <ele>132</ele>
    </trkpt>
    <trkpt lat="52.829821" lon="39.969508">
      <ele>133</ele>
    </trkpt>
    <trkpt lat="52.829685" lon="39.96935">
      <ele>133</ele>
    </trkpt>
    <trkpt lat="52.829118" lon="39.968829">
      <ele>132</ele>
    </trkpt>
    <trkpt lat="52.828397" lon="39.968245">
      <ele>133</ele>
    </trkpt>
    <trkpt lat="52.826638" lon="39.966818">
      <ele>133</ele>
    </trkpt>
    <trkpt lat="52.825457" lon="39.965755">
      <ele>133</ele>
    </trkpt>
    <trkpt lat="52.824862" lon="39.965211">
      <ele>133</ele>
    </trkpt>
    <trkpt lat="52.824489" lon="39.964782">
      <ele>133</ele>
    </trkpt>
    <trkpt lat="52.824112" lon="39.96402">
      <ele>133</ele>
    </trkpt>
    <trkpt lat="52.823846" lon="39.963103">
      <ele>133</ele>
    </trkpt>
    <trkpt lat="52.82341" lon="39.961499">
      <ele>133</ele>
    </trkpt>
    <trkpt lat="52.822601" lon="39.958497">
      <ele>132</ele>
    </trkpt>
    <trkpt lat="52.821674" lon="39.955056">
      <ele>131</ele>
    </trkpt>
    <trkpt lat="52.820004" lon="39.948965">
      <ele>131</ele>
    </trkpt>
    <trkpt lat="52.818267" lon="39.941878">
      <ele>131</ele>
    </trkpt>
    <trkpt lat="52.816863" lon="39.935991">
      <ele>129</ele>
    </trkpt>
    <trkpt lat="52.816351" lon="39.933826">
      <ele>128</ele>
    </trkpt>
    <trkpt lat="52.815649" lon="39.930855">
      <ele>127</ele>
    </trkpt>
    <trkpt lat="52.815004" lon="39.928111">
      <ele>126</ele>
    </trkpt>
    <trkpt lat="52.814747" lon="39.927212">
      <ele>125</ele>
    </trkpt>
    <trkpt lat="52.814537" lon="39.92667">
      <ele>125</ele>
    </trkpt>
    <trkpt lat="52.81306" lon="39.922722">
      <ele>123</ele>
    </trkpt>
    <trkpt lat="52.811507" lon="39.918315">
      <ele>122</ele>
    </trkpt>
    <trkpt lat="52.810887" lon="39.916786">
      <ele>121</ele>
    </trkpt>
    <trkpt lat="52.810563" lon="39.915917">
      <ele>120</ele>
    </trkpt>
    <trkpt lat="52.809592" lon="39.913318">
      <ele>119</ele>
    </trkpt>
    <trkpt lat="52.808485" lon="39.910228">
      <ele>119</ele>
    </trkpt>
    <trkpt lat="52.807509" lon="39.907632">
      <ele>118</ele>
    </trkpt>
    <trkpt lat="52.806588" lon="39.905178">
      <ele>117</ele>
    </trkpt>
    <trkpt lat="52.805683" lon="39.902705">
      <ele>117</ele>
    </trkpt>
    <trkpt lat="52.805404" lon="39.901889">
      <ele>116</ele>
    </trkpt>
    <trkpt lat="52.805046" lon="39.900838">
      <ele>117</ele>
    </trkpt>
    <trkpt lat="52.804728" lon="39.899838">
      <ele>117</ele>
    </trkpt>
    <trkpt lat="52.804215" lon="39.897743">
      <ele>116</ele>
    </trkpt>
    <trkpt lat="52.804089" lon="39.897209">
      <ele>116</ele>
    </trkpt>
    <trkpt lat="52.803711" lon="39.895385">
      <ele>115</ele>
    </trkpt>
    <trkpt lat="52.803573" lon="39.894704">
      <ele>116</ele>
    </trkpt>
    <trkpt lat="52.803457" lon="39.894175">
      <ele>115</ele>
    </trkpt>
    <trkpt lat="52.803362" lon="39.893811">
      <ele>115</ele>
    </trkpt>
    <trkpt lat="52.803304" lon="39.893612">
      <ele>115</ele>
    </trkpt>
    <trkpt lat="52.803234" lon="39.893465">
      <ele>115</ele>
    </trkpt>
    <trkpt lat="52.803142" lon="39.893314">
      <ele>115</ele>
    </trkpt>
    <trkpt lat="52.803011" lon="39.89317">
      <ele>115</ele>
    </trkpt>
    <trkpt lat="52.802876" lon="39.893046">
      <ele>115</ele>
    </trkpt>
    <trkpt lat="52.802555" lon="39.892786">
      <ele>116</ele>
    </trkpt>
    <trkpt lat="52.800265" lon="39.891059">
      <ele>116</ele>
    </trkpt>
    <trkpt lat="52.798024" lon="39.889318">
      <ele>117</ele>
    </trkpt>
    <trkpt lat="52.797242" lon="39.888591">
      <ele>117</ele>
    </trkpt>
    <trkpt lat="52.79523" lon="39.886727">
      <ele>116</ele>
    </trkpt>
    <trkpt lat="52.793916" lon="39.885367">
      <ele>115</ele>
    </trkpt>
    <trkpt lat="52.793527" lon="39.884887">
      <ele>115</ele>
    </trkpt>
    <trkpt lat="52.793405" lon="39.884729">
      <ele>115</ele>
    </trkpt>
    <trkpt lat="52.792471" lon="39.883237">
      <ele>114</ele>
    </trkpt>
    <trkpt lat="52.791052" lon="39.881094">
      <ele>116</ele>
    </trkpt>
    <trkpt lat="52.789673" lon="39.878887">
      <ele>115</ele>
    </trkpt>
    <trkpt lat="52.787744" lon="39.875842">
      <ele>115</ele>
    </trkpt>
    <trkpt lat="52.78725" lon="39.87503">
      <ele>116</ele>
    </trkpt>
    <trkpt lat="52.786967" lon="39.874566">
      <ele>115</ele>
    </trkpt>
    <trkpt lat="52.786893" lon="39.87445">
      <ele>115</ele>
    </trkpt>
    <trkpt lat="52.786095" lon="39.873217">
      <ele>115</ele>
    </trkpt>
    <trkpt lat="52.785343" lon="39.872066">
      <ele>114</ele>
    </trkpt>
    <trkpt lat="52.785228" lon="39.871892">
      <ele>114</ele>
    </trkpt>
    <trkpt lat="52.785191" lon="39.871833">
      <ele>114</ele>
    </trkpt>
    <trkpt lat="52.784659" lon="39.871015">
      <ele>115</ele>
    </trkpt>
    <trkpt lat="52.78352" lon="39.869322">
      <ele>114</ele>
    </trkpt>
    <trkpt lat="52.783293" lon="39.868987">
      <ele>114</ele>
    </trkpt>
    <trkpt lat="52.782727" lon="39.868193">
      <ele>114</ele>
    </trkpt>
    <trkpt lat="52.782331" lon="39.867774">
      <ele>115</ele>
    </trkpt>
    <trkpt lat="52.78213" lon="39.867576">
      <ele>115</ele>
    </trkpt>
    <trkpt lat="52.781588" lon="39.867037">
      <ele>116</ele>
    </trkpt>
    <trkpt lat="52.780334" lon="39.866001">
      <ele>115</ele>
    </trkpt>
    <trkpt lat="52.780251" lon="39.865934">
      <ele>114</ele>
    </trkpt>
    <trkpt lat="52.778822" lon="39.864803">
      <ele>113</ele>
    </trkpt>
    <trkpt lat="52.777968" lon="39.863915">
      <ele>115</ele>
    </trkpt>
    <trkpt lat="52.77691" lon="39.862364">
      <ele>116</ele>
    </trkpt>
    <trkpt lat="52.776493" lon="39.861737">
      <ele>116</ele>
    </trkpt>
    <trkpt lat="52.776096" lon="39.861136">
      <ele>116</ele>
    </trkpt>
    <trkpt lat="52.776063" lon="39.861088">
      <ele>116</ele>
    </trkpt>
    <trkpt lat="52.775035" lon="39.859567">
      <ele>114</ele>
    </trkpt>
    <trkpt lat="52.774645" lon="39.859022">
      <ele>115</ele>
    </trkpt>
    <trkpt lat="52.774587" lon="39.858961">
      <ele>115</ele>
    </trkpt>
    <trkpt lat="52.774183" lon="39.858507">
      <ele>114</ele>
    </trkpt>
    <trkpt lat="52.773761" lon="39.8581">
      <ele>115</ele>
    </trkpt>
    <trkpt lat="52.773239" lon="39.857786">
      <ele>115</ele>
    </trkpt>
    <trkpt lat="52.771849" lon="39.856997">
      <ele>116</ele>
    </trkpt>
    <trkpt lat="52.770048" lon="39.855959">
      <ele>115</ele>
    </trkpt>
    <trkpt lat="52.768268" lon="39.854822">
      <ele>114</ele>
    </trkpt>
    <trkpt lat="52.764323" lon="39.852467">
      <ele>118</ele>
    </trkpt>
    <trkpt lat="52.764042" lon="39.852301">
      <ele>118</ele>
    </trkpt>
    <trkpt lat="52.762959" lon="39.851598">
      <ele>117</ele>
    </trkpt>
    <trkpt lat="52.761627" lon="39.850761">
      <ele>118</ele>
    </trkpt>
    <trkpt lat="52.761482" lon="39.850673">
      <ele>119</ele>
    </trkpt>
    <trkpt lat="52.761083" lon="39.850568">
      <ele>119</ele>
    </trkpt>
    <trkpt lat="52.75997" lon="39.850547">
      <ele>119</ele>
    </trkpt>
    <trkpt lat="52.759093" lon="39.850547">
      <ele>118</ele>
    </trkpt>
    <trkpt lat="52.757446" lon="39.850579">
      <ele>117</ele>
    </trkpt>
    <trkpt lat="52.756791" lon="39.850573">
      <ele>116</ele>
    </trkpt>
    <trkpt lat="52.756736" lon="39.850573">
      <ele>116</ele>
    </trkpt>
    <trkpt lat="52.756675" lon="39.850573">
      <ele>116</ele>
    </trkpt>
    <trkpt lat="52.756287" lon="39.850568">
      <ele>115</ele>
    </trkpt>
    <trkpt lat="52.755178" lon="39.850514">
      <ele>114</ele>
    </trkpt>
    <trkpt lat="52.754535" lon="39.850407">
      <ele>114</ele>
    </trkpt>
    <trkpt lat="52.753874" lon="39.850265">
      <ele>114</ele>
    </trkpt>
    <trkpt lat="52.753056" lon="39.850029">
      <ele>114</ele>
    </trkpt>
    <trkpt lat="52.752837" lon="39.849965">
      <ele>114</ele>
    </trkpt>
    <trkpt lat="52.752369" lon="39.84983">
      <ele>115</ele>
    </trkpt>
    <trkpt lat="52.750905" lon="39.84953">
      <ele>117</ele>
    </trkpt>
    <trkpt lat="52.749192" lon="39.849214">
      <ele>119</ele>
    </trkpt>
    <trkpt lat="52.74731" lon="39.848892">
      <ele>119</ele>
    </trkpt>
    <trkpt lat="52.746328" lon="39.848701">
      <ele>119</ele>
    </trkpt>
    <trkpt lat="52.744925" lon="39.84854">
      <ele>119</ele>
    </trkpt>
    <trkpt lat="52.744497" lon="39.848578">
      <ele>120</ele>
    </trkpt>
    <trkpt lat="52.742488" lon="39.849935">
      <ele>120</ele>
    </trkpt>
    <trkpt lat="52.742321" lon="39.850042">
      <ele>121</ele>
    </trkpt>
    <trkpt lat="52.742175" lon="39.850083">
      <ele>121</ele>
    </trkpt>
    <trkpt lat="52.742069" lon="39.850064">
      <ele>122</ele>
    </trkpt>
    <trkpt lat="52.741998" lon="39.850045">
      <ele>122</ele>
    </trkpt>
    <trkpt lat="52.741385" lon="39.849887">
      <ele>119</ele>
    </trkpt>
    <trkpt lat="52.740762" lon="39.849664">
      <ele>119</ele>
    </trkpt>
    <trkpt lat="52.740351" lon="39.849517">
      <ele>120</ele>
    </trkpt>
    <trkpt lat="52.740182" lon="39.849458">
      <ele>120</ele>
    </trkpt>
    <trkpt lat="52.739289" lon="39.84902">
      <ele>117</ele>
    </trkpt>
    <trkpt lat="52.738339" lon="39.848323">
      <ele>116</ele>
    </trkpt>
    <trkpt lat="52.737459" lon="39.847392">
      <ele>116</ele>
    </trkpt>
    <trkpt lat="52.736832" lon="39.846566">
      <ele>117</ele>
    </trkpt>
    <trkpt lat="52.736151" lon="39.84567">
      <ele>116</ele>
    </trkpt>
    <trkpt lat="52.735942" lon="39.845375">
      <ele>116</ele>
    </trkpt>
    <trkpt lat="52.735034" lon="39.844163">
      <ele>115</ele>
    </trkpt>
    <trkpt lat="52.734958" lon="39.844064">
      <ele>115</ele>
    </trkpt>
    <trkpt lat="52.734899" lon="39.843983">
      <ele>115</ele>
    </trkpt>
    <trkpt lat="52.734337" lon="39.843109">
      <ele>115</ele>
    </trkpt>
    <trkpt lat="52.734043" lon="39.842481">
      <ele>115</ele>
    </trkpt>
    <trkpt lat="52.733964" lon="39.842226">
      <ele>115</ele>
    </trkpt>
    <trkpt lat="52.733926" lon="39.842103">
      <ele>114</ele>
    </trkpt>
    <trkpt lat="52.733706" lon="39.841094">
      <ele>114</ele>
    </trkpt>
    <trkpt lat="52.733652" lon="39.840802">
      <ele>114</ele>
    </trkpt>
    <trkpt lat="52.733493" lon="39.839995">
      <ele>115</ele>
    </trkpt>
    <trkpt lat="52.733415" lon="39.839536">
      <ele>114</ele>
    </trkpt>
    <trkpt lat="52.733347" lon="39.839142">
      <ele>114</ele>
    </trkpt>
    <trkpt lat="52.733205" lon="39.838216">
      <ele>114</ele>
    </trkpt>
    <trkpt lat="52.733066" lon="39.837278">
      <ele>115</ele>
    </trkpt>
    <trkpt lat="52.732911" lon="39.83625">
      <ele>115</ele>
    </trkpt>
    <trkpt lat="52.732816" lon="39.835647">
      <ele>115</ele>
    </trkpt>
    <trkpt lat="52.732658" lon="39.834711">
      <ele>115</ele>
    </trkpt>
    <trkpt lat="52.732476" lon="39.833893">
      <ele>115</ele>
    </trkpt>
    <trkpt lat="52.732364" lon="39.833472">
      <ele>115</ele>
    </trkpt>
    <trkpt lat="52.732293" lon="39.833206">
      <ele>115</ele>
    </trkpt>
    <trkpt lat="52.732028" lon="39.832216">
      <ele>115</ele>
    </trkpt>
    <trkpt lat="52.730982" lon="39.829194">
      <ele>114</ele>
    </trkpt>
    <trkpt lat="52.730816" lon="39.828727">
      <ele>114</ele>
    </trkpt>
    <trkpt lat="52.730636" lon="39.828204">
      <ele>114</ele>
    </trkpt>
    <trkpt lat="52.730551" lon="39.827962">
      <ele>114</ele>
    </trkpt>
    <trkpt lat="52.730301" lon="39.827067">
      <ele>114</ele>
    </trkpt>
    <trkpt lat="52.730009" lon="39.825573">
      <ele>114</ele>
    </trkpt>
    <trkpt lat="52.729798" lon="39.824376">
      <ele>114</ele>
    </trkpt>
    <trkpt lat="52.729634" lon="39.823765">
      <ele>115</ele>
    </trkpt>
    <trkpt lat="52.729531" lon="39.823502">
      <ele>116</ele>
    </trkpt>
    <trkpt lat="52.729382" lon="39.82322">
      <ele>116</ele>
    </trkpt>
    <trkpt lat="52.729296" lon="39.823067">
      <ele>116</ele>
    </trkpt>
    <trkpt lat="52.728765" lon="39.822134">
      <ele>115</ele>
    </trkpt>
    <trkpt lat="52.728286" lon="39.821278">
      <ele>116</ele>
    </trkpt>
    <trkpt lat="52.727982" lon="39.820771">
      <ele>115</ele>
    </trkpt>
    <trkpt lat="52.727693" lon="39.820251">
      <ele>115</ele>
    </trkpt>
    <trkpt lat="52.727116" lon="39.819256">
      <ele>115</ele>
    </trkpt>
    <trkpt lat="52.72656" lon="39.818237">
      <ele>114</ele>
    </trkpt>
    <trkpt lat="52.725893" lon="39.817107">
      <ele>114</ele>
    </trkpt>
    <trkpt lat="52.72523" lon="39.815962">
      <ele>114</ele>
    </trkpt>
    <trkpt lat="52.724304" lon="39.814334">
      <ele>116</ele>
    </trkpt>
    <trkpt lat="52.723385" lon="39.812719">
      <ele>116</ele>
    </trkpt>
    <trkpt lat="52.722551" lon="39.811241">
      <ele>115</ele>
    </trkpt>
    <trkpt lat="52.722301" lon="39.810635">
      <ele>116</ele>
    </trkpt>
    <trkpt lat="52.722121" lon="39.809965">
      <ele>116</ele>
    </trkpt>
    <trkpt lat="52.721986" lon="39.809238">
      <ele>116</ele>
    </trkpt>
    <trkpt lat="52.721885" lon="39.808565">
      <ele>116</ele>
    </trkpt>
    <trkpt lat="52.721755" lon="39.80773">
      <ele>116</ele>
    </trkpt>
    <trkpt lat="52.721315" lon="39.804692">
      <ele>118</ele>
    </trkpt>
    <trkpt lat="52.72104" lon="39.802774">
      <ele>119</ele>
    </trkpt>
    <trkpt lat="52.720977" lon="39.802334">
      <ele>119</ele>
    </trkpt>
    <trkpt lat="52.720759" lon="39.800947">
      <ele>118</ele>
    </trkpt>
    <trkpt lat="52.720511" lon="39.799295">
      <ele>120</ele>
    </trkpt>
    <trkpt lat="52.72036" lon="39.798313">
      <ele>120</ele>
    </trkpt>
    <trkpt lat="52.720261" lon="39.79761">
      <ele>119</ele>
    </trkpt>
    <trkpt lat="52.719848" lon="39.79495">
      <ele>119</ele>
    </trkpt>
    <trkpt lat="52.719625" lon="39.794236">
      <ele>121</ele>
    </trkpt>
    <trkpt lat="52.719216" lon="39.793426">
      <ele>121</ele>
    </trkpt>
    <trkpt lat="52.718742" lon="39.792595">
      <ele>118</ele>
    </trkpt>
    <trkpt lat="52.718486" lon="39.792144">
      <ele>118</ele>
    </trkpt>
    <trkpt lat="52.718235" lon="39.791704">
      <ele>118</ele>
    </trkpt>
    <trkpt lat="52.718101" lon="39.791452">
      <ele>118</ele>
    </trkpt>
    <trkpt lat="52.717759" lon="39.790816">
      <ele>117</ele>
    </trkpt>
    <trkpt lat="52.717677" lon="39.790664">
      <ele>117</ele>
    </trkpt>
    <trkpt lat="52.717538" lon="39.790342">
      <ele>116</ele>
    </trkpt>
    <trkpt lat="52.71743" lon="39.789985">
      <ele>116</ele>
    </trkpt>
    <trkpt lat="52.717318" lon="39.78955">
      <ele>115</ele>
    </trkpt>
    <trkpt lat="52.717213" lon="39.789108">
      <ele>115</ele>
    </trkpt>
    <trkpt lat="52.717037" lon="39.788081">
      <ele>114</ele>
    </trkpt>
    <trkpt lat="52.716855" lon="39.78693">
      <ele>115</ele>
    </trkpt>
    <trkpt lat="52.716451" lon="39.785195">
      <ele>113</ele>
    </trkpt>
    <trkpt lat="52.716296" lon="39.78457">
      <ele>113</ele>
    </trkpt>
    <trkpt lat="52.716074" lon="39.783947">
      <ele>114</ele>
    </trkpt>
    <trkpt lat="52.715849" lon="39.783446">
      <ele>116</ele>
    </trkpt>
    <trkpt lat="52.715731" lon="39.78318">
      <ele>116</ele>
    </trkpt>
    <trkpt lat="52.715684" lon="39.783076">
      <ele>116</ele>
    </trkpt>
    <trkpt lat="52.715287" lon="39.78233">
      <ele>116</ele>
    </trkpt>
    <trkpt lat="52.715152" lon="39.782131">
      <ele>115</ele>
    </trkpt>
    <trkpt lat="52.714967" lon="39.781997">
      <ele>115</ele>
    </trkpt>
    <trkpt lat="52.714805" lon="39.781914">
      <ele>114</ele>
    </trkpt>
    <trkpt lat="52.714753" lon="39.781887">
      <ele>114</ele>
    </trkpt>
    <trkpt lat="52.71472" lon="39.781879">
      <ele>114</ele>
    </trkpt>
    <trkpt lat="52.714501" lon="39.781831">
      <ele>113</ele>
    </trkpt>
    <trkpt lat="52.714267" lon="39.781853">
      <ele>112</ele>
    </trkpt>
    <trkpt lat="52.713992" lon="39.781909">
      <ele>112</ele>
    </trkpt>
    <trkpt lat="52.71371" lon="39.782075">
      <ele>112</ele>
    </trkpt>
    <trkpt lat="52.713389" lon="39.782413">
      <ele>111</ele>
    </trkpt>
    <trkpt lat="52.713081" lon="39.782826">
      <ele>110</ele>
    </trkpt>
    <trkpt lat="52.712528" lon="39.783548">
      <ele>110</ele>
    </trkpt>
    <trkpt lat="52.712291" lon="39.783859">
      <ele>111</ele>
    </trkpt>
    <trkpt lat="52.712016" lon="39.784089">
      <ele>112</ele>
    </trkpt>
    <trkpt lat="52.711714" lon="39.784267">
      <ele>111</ele>
    </trkpt>
    <trkpt lat="52.71123" lon="39.78446">
      <ele>111</ele>
    </trkpt>
    <trkpt lat="52.711033" lon="39.784537">
      <ele>111</ele>
    </trkpt>
    <trkpt lat="52.710482" lon="39.784645">
      <ele>112</ele>
    </trkpt>
    <trkpt lat="52.710013" lon="39.784503">
      <ele>112</ele>
    </trkpt>
    <trkpt lat="52.709878" lon="39.784462">
      <ele>112</ele>
    </trkpt>
    <trkpt lat="52.709777" lon="39.784419">
      <ele>112</ele>
    </trkpt>
    <trkpt lat="52.708258" lon="39.783752">
      <ele>117</ele>
    </trkpt>
    <trkpt lat="52.70817" lon="39.783722">
      <ele>117</ele>
    </trkpt>
    <trkpt lat="52.708006" lon="39.783663">
      <ele>118</ele>
    </trkpt>
    <trkpt lat="52.70562" lon="39.783035">
      <ele>121</ele>
    </trkpt>
    <trkpt lat="52.705334" lon="39.782971">
      <ele>121</ele>
    </trkpt>
    <trkpt lat="52.702732" lon="39.782381">
      <ele>123</ele>
    </trkpt>
    <trkpt lat="52.701879" lon="39.782169">
      <ele>124</ele>
    </trkpt>
    <trkpt lat="52.699824" lon="39.781657">
      <ele>125</ele>
    </trkpt>
    <trkpt lat="52.697877" lon="39.781099">
      <ele>123</ele>
    </trkpt>
    <trkpt lat="52.696879" lon="39.780825">
      <ele>122</ele>
    </trkpt>
    <trkpt lat="52.696439" lon="39.780702">
      <ele>122</ele>
    </trkpt>
    <trkpt lat="52.695662" lon="39.780471">
      <ele>121</ele>
    </trkpt>
    <trkpt lat="52.695218" lon="39.780337">
      <ele>122</ele>
    </trkpt>
    <trkpt lat="52.694543" lon="39.780139">
      <ele>122</ele>
    </trkpt>
    <trkpt lat="52.692771" lon="39.779795">
      <ele>119</ele>
    </trkpt>
    <trkpt lat="52.691791" lon="39.779524">
      <ele>121</ele>
    </trkpt>
    <trkpt lat="52.689373" lon="39.778315">
      <ele>118</ele>
    </trkpt>
    <trkpt lat="52.688622" lon="39.777894">
      <ele>117</ele>
    </trkpt>
    <trkpt lat="52.687335" lon="39.77722">
      <ele>116</ele>
    </trkpt>
    <trkpt lat="52.684299" lon="39.775525">
      <ele>116</ele>
    </trkpt>
    <trkpt lat="52.680423" lon="39.77324">
      <ele>117</ele>
    </trkpt>
    <trkpt lat="52.678323" lon="39.771987">
      <ele>117</ele>
    </trkpt>
    <trkpt lat="52.677964" lon="39.771687">
      <ele>117</ele>
    </trkpt>
    <trkpt lat="52.677604" lon="39.771357">
      <ele>118</ele>
    </trkpt>
    <trkpt lat="52.677193" lon="39.770904">
      <ele>117</ele>
    </trkpt>
    <trkpt lat="52.676798" lon="39.770413">
      <ele>116</ele>
    </trkpt>
    <trkpt lat="52.672989" lon="39.765515">
      <ele>122</ele>
    </trkpt>
    <trkpt lat="52.672332" lon="39.764625">
      <ele>123</ele>
    </trkpt>
    <trkpt lat="52.672036" lon="39.764271">
      <ele>122</ele>
    </trkpt>
    <trkpt lat="52.671634" lon="39.763847">
      <ele>122</ele>
    </trkpt>
    <trkpt lat="52.670003" lon="39.762192">
      <ele>121</ele>
    </trkpt>
    <trkpt lat="52.666587" lon="39.758732">
      <ele>123</ele>
    </trkpt>
    <trkpt lat="52.663267" lon="39.755438">
      <ele>127</ele>
    </trkpt>
    <trkpt lat="52.661987" lon="39.754065">
      <ele>126</ele>
    </trkpt>
    <trkpt lat="52.661557" lon="39.753606">
      <ele>127</ele>
    </trkpt>
    <trkpt lat="52.661194" lon="39.753228">
      <ele>128</ele>
    </trkpt>
    <trkpt lat="52.66102" lon="39.753062">
      <ele>127</ele>
    </trkpt>
    <trkpt lat="52.660796" lon="39.752705">
      <ele>126</ele>
    </trkpt>
    <trkpt lat="52.660697" lon="39.752434">
      <ele>126</ele>
    </trkpt>
    <trkpt lat="52.660633" lon="39.752187">
      <ele>125</ele>
    </trkpt>
    <trkpt lat="52.660542" lon="39.751729">
      <ele>126</ele>
    </trkpt>
    <trkpt lat="52.6602" lon="39.749288">
      <ele>128</ele>
    </trkpt>
    <trkpt lat="52.660028" lon="39.748462">
      <ele>128</ele>
    </trkpt>
    <trkpt lat="52.659994" lon="39.748295">
      <ele>128</ele>
    </trkpt>
    <trkpt lat="52.659815" lon="39.747622">
      <ele>129</ele>
    </trkpt>
    <trkpt lat="52.659737" lon="39.74733">
      <ele>130</ele>
    </trkpt>
    <trkpt lat="52.659434" lon="39.746439">
      <ele>131</ele>
    </trkpt>
    <trkpt lat="52.659019" lon="39.745216">
      <ele>131</ele>
    </trkpt>
    <trkpt lat="52.658735" lon="39.744422">
      <ele>131</ele>
    </trkpt>
    <trkpt lat="52.658453" lon="39.743634">
      <ele>131</ele>
    </trkpt>
    <trkpt lat="52.658025" lon="39.742311">
      <ele>131</ele>
    </trkpt>
    <trkpt lat="52.65792" lon="39.741909">
      <ele>131</ele>
    </trkpt>
    <trkpt lat="52.65789" lon="39.741646">
      <ele>131</ele>
    </trkpt>
    <trkpt lat="52.657887" lon="39.741378">
      <ele>131</ele>
    </trkpt>
    <trkpt lat="52.657905" lon="39.739455">
      <ele>130</ele>
    </trkpt>
    <trkpt lat="52.657907" lon="39.738983">
      <ele>129</ele>
    </trkpt>
    <trkpt lat="52.657908" lon="39.738747">
      <ele>128</ele>
    </trkpt>
    <trkpt lat="52.657918" lon="39.73626">
      <ele>125</ele>
    </trkpt>
    <trkpt lat="52.65792" lon="39.736097">
      <ele>124</ele>
    </trkpt>
    <trkpt lat="52.657921" lon="39.735761">
      <ele>124</ele>
    </trkpt>
    <trkpt lat="52.657895" lon="39.734546">
      <ele>123</ele>
    </trkpt>
    <trkpt lat="52.657814" lon="39.733696">
      <ele>122</ele>
    </trkpt>
    <trkpt lat="52.657645" lon="39.732803">
      <ele>120</ele>
    </trkpt>
    <trkpt lat="52.656873" lon="39.729705">
      <ele>116</ele>
    </trkpt>
    <trkpt lat="52.656556" lon="39.728503">
      <ele>115</ele>
    </trkpt>
    <trkpt lat="52.655759" lon="39.725368">
      <ele>112</ele>
    </trkpt>
    <trkpt lat="52.655704" lon="39.725199">
      <ele>112</ele>
    </trkpt>
    <trkpt lat="52.655624" lon="39.725049">
      <ele>113</ele>
    </trkpt>
    <trkpt lat="52.655516" lon="39.724877">
      <ele>113</ele>
    </trkpt>
    <trkpt lat="52.655373" lon="39.724767">
      <ele>113</ele>
    </trkpt>
    <trkpt lat="52.655188" lon="39.72466">
      <ele>113</ele>
    </trkpt>
    <trkpt lat="52.655115" lon="39.724617">
      <ele>114</ele>
    </trkpt>
    <trkpt lat="52.654848" lon="39.72455">
      <ele>114</ele>
    </trkpt>
    <trkpt lat="52.652108" lon="39.724402">
      <ele>112</ele>
    </trkpt>
    <trkpt lat="52.65189" lon="39.724392">
      <ele>113</ele>
    </trkpt>
    <trkpt lat="52.651621" lon="39.724375">
      <ele>112</ele>
    </trkpt>
    <trkpt lat="52.650834" lon="39.724324">
      <ele>109</ele>
    </trkpt>
    <trkpt lat="52.649081" lon="39.724217">
      <ele>112</ele>
    </trkpt>
    <trkpt lat="52.648959" lon="39.724265">
      <ele>113</ele>
    </trkpt>
    <trkpt lat="52.648503" lon="39.724448">
      <ele>114</ele>
    </trkpt>
    <trkpt lat="52.648342" lon="39.72451">
      <ele>114</ele>
    </trkpt>
    <trkpt lat="52.648072" lon="39.724536">
      <ele>113</ele>
    </trkpt>
    <trkpt lat="52.647613" lon="39.724413">
      <ele>112</ele>
    </trkpt>
    <trkpt lat="52.647254" lon="39.724161">
      <ele>111</ele>
    </trkpt>
    <trkpt lat="52.647055" lon="39.723887">
      <ele>111</ele>
    </trkpt>
    <trkpt lat="52.646847" lon="39.72349">
      <ele>111</ele>
    </trkpt>
    <trkpt lat="52.646767" lon="39.723337">
      <ele>112</ele>
    </trkpt>
    <trkpt lat="52.646469" lon="39.722771">
      <ele>113</ele>
    </trkpt>
    <trkpt lat="52.646098" lon="39.722063">
      <ele>115</ele>
    </trkpt>
    <trkpt lat="52.646017" lon="39.721908">
      <ele>115</ele>
    </trkpt>
    <trkpt lat="52.645527" lon="39.720607">
      <ele>113</ele>
    </trkpt>
    <trkpt lat="52.645369" lon="39.720189">
      <ele>113</ele>
    </trkpt>
    <trkpt lat="52.64505" lon="39.719333">
      <ele>111</ele>
    </trkpt>
    <trkpt lat="52.644873" lon="39.718858">
      <ele>112</ele>
    </trkpt>
    <trkpt lat="52.644384" lon="39.71756">
      <ele>108</ele>
    </trkpt>
    <trkpt lat="52.644285" lon="39.717313">
      <ele>109</ele>
    </trkpt>
    <trkpt lat="52.644186" lon="39.71712">
      <ele>108</ele>
    </trkpt>
    <trkpt lat="52.643226" lon="39.714433">
      <ele>105</ele>
    </trkpt>
    <trkpt lat="52.642204" lon="39.71138">
      <ele>105</ele>
    </trkpt>
    <trkpt lat="52.641837" lon="39.708856">
      <ele>104</ele>
    </trkpt>
    <trkpt lat="52.641527" lon="39.706928">
      <ele>105</ele>
    </trkpt>
    <trkpt lat="52.641168" lon="39.706692">
      <ele>105</ele>
    </trkpt>
    <trkpt lat="52.641084" lon="39.706552">
      <ele>105</ele>
    </trkpt>
    <trkpt lat="52.641007" lon="39.706308">
      <ele>105</ele>
    </trkpt>
    <trkpt lat="52.640849" lon="39.706166">
      <ele>106</ele>
    </trkpt>
    <trkpt lat="52.640687" lon="39.706252">
      <ele>108</ele>
    </trkpt>
    <trkpt lat="52.640631" lon="39.705949">
      <ele>108</ele>
    </trkpt>
    <trkpt lat="52.6416" lon="39.702497">
      <ele>111</ele>
    </trkpt>
    <trkpt lat="52.642526" lon="39.69924">
      <ele>112</ele>
    </trkpt>
    <trkpt lat="52.643888" lon="39.694353">
      <ele>116</ele>
    </trkpt>
    <trkpt lat="52.64408" lon="39.693661">
      <ele>116</ele>
    </trkpt>
    <trkpt lat="52.644381" lon="39.692578">
      <ele>117</ele>
    </trkpt>
    <trkpt lat="52.644533" lon="39.692031">
      <ele>118</ele>
    </trkpt>
    <trkpt lat="52.645006" lon="39.690327">
      <ele>121</ele>
    </trkpt>
    <trkpt lat="52.645221" lon="39.689574">
      <ele>122</ele>
    </trkpt>
    <trkpt lat="52.645504" lon="39.688614">
      <ele>126</ele>
    </trkpt>
    <trkpt lat="52.645742" lon="39.687704">
      <ele>125</ele>
    </trkpt>
    <trkpt lat="52.645875" lon="39.687331">
      <ele>126</ele>
    </trkpt>
    <trkpt lat="52.645934" lon="39.687189">
      <ele>126</ele>
    </trkpt>
    <trkpt lat="52.645999" lon="39.687066">
      <ele>127</ele>
    </trkpt>
    <trkpt lat="52.646082" lon="39.686951">
      <ele>127</ele>
    </trkpt>
    <trkpt lat="52.646178" lon="39.686873">
      <ele>127</ele>
    </trkpt>
    <trkpt lat="52.646272" lon="39.686827">
      <ele>128</ele>
    </trkpt>
    <trkpt lat="52.646372" lon="39.686795">
      <ele>128</ele>
    </trkpt>
    <trkpt lat="52.646458" lon="39.686798">
      <ele>128</ele>
    </trkpt>
    <trkpt lat="52.646539" lon="39.686819">
      <ele>129</ele>
    </trkpt>
    <trkpt lat="52.64663" lon="39.686873">
      <ele>129</ele>
    </trkpt>
    <trkpt lat="52.646721" lon="39.686956">
      <ele>129</ele>
    </trkpt>
    <trkpt lat="52.646811" lon="39.687098">
      <ele>130</ele>
    </trkpt>
    <trkpt lat="52.646871" lon="39.687254">
      <ele>130</ele>
    </trkpt>
    <trkpt lat="52.6469" lon="39.687412">
      <ele>131</ele>
    </trkpt>
    <trkpt lat="52.646913" lon="39.687632">
      <ele>131</ele>
    </trkpt>
    <trkpt lat="52.646894" lon="39.68786">
      <ele>131</ele>
    </trkpt>
    <trkpt lat="52.646839" lon="39.688096">
      <ele>131</ele>
    </trkpt>
    <trkpt lat="52.646778" lon="39.68827">
      <ele>131</ele>
    </trkpt>
    <trkpt lat="52.646723" lon="39.68838">
      <ele>131</ele>
    </trkpt>
    <trkpt lat="52.64666" lon="39.688477">
      <ele>132</ele>
    </trkpt>
    <trkpt lat="52.646585" lon="39.688549">
      <ele>132</ele>
    </trkpt>
    <trkpt lat="52.646505" lon="39.688587">
      <ele>132</ele>
    </trkpt>
    <trkpt lat="52.64643" lon="39.688606">
      <ele>132</ele>
    </trkpt>
    <trkpt lat="52.646354" lon="39.688603">
      <ele>132</ele>
    </trkpt>
    <trkpt lat="52.646271" lon="39.688584">
      <ele>132</ele>
    </trkpt>
    <trkpt lat="52.645852" lon="39.688412">
      <ele>129</ele>
    </trkpt>
    <trkpt lat="52.645244" lon="39.68801">
      <ele>127</ele>
    </trkpt>
    <trkpt lat="52.644961" lon="39.687809">
      <ele>127</ele>
    </trkpt>
    <trkpt lat="52.644791" lon="39.687699">
      <ele>125</ele>
    </trkpt>
    <trkpt lat="52.644519" lon="39.687533">
      <ele>123</ele>
    </trkpt>
    <trkpt lat="52.644158" lon="39.687321">
      <ele>121</ele>
    </trkpt>
    <trkpt lat="52.643849" lon="39.687152">
      <ele>119</ele>
    </trkpt>
    <trkpt lat="52.643665" lon="39.68705">
      <ele>118</ele>
    </trkpt>
    <trkpt lat="52.643522" lon="39.686972">
      <ele>118</ele>
    </trkpt>
    <trkpt lat="52.643312" lon="39.686819">
      <ele>116</ele>
    </trkpt>
    <trkpt lat="52.643273" lon="39.68679">
      <ele>116</ele>
    </trkpt>
    <trkpt lat="52.643126" lon="39.68669">
      <ele>115</ele>
    </trkpt>
    <trkpt lat="52.64305" lon="39.686615">
      <ele>115</ele>
    </trkpt>
    <trkpt lat="52.642988" lon="39.686535">
      <ele>115</ele>
    </trkpt>
    <trkpt lat="52.642895" lon="39.686382">
      <ele>114</ele>
    </trkpt>
    <trkpt lat="52.642754" lon="39.686025">
      <ele>114</ele>
    </trkpt>
    <trkpt lat="52.642615" lon="39.685717">
      <ele>114</ele>
    </trkpt>
    <trkpt lat="52.642151" lon="39.684593">
      <ele>115</ele>
    </trkpt>
    <trkpt lat="52.640714" lon="39.681125">
      <ele>117</ele>
    </trkpt>
    <trkpt lat="52.640661" lon="39.680993">
      <ele>116</ele>
    </trkpt>
    <trkpt lat="52.640111" lon="39.679609">
      <ele>115</ele>
    </trkpt>
    <trkpt lat="52.639451" lon="39.677651">
      <ele>114</ele>
    </trkpt>
    <trkpt lat="52.639246" lon="39.677037">
      <ele>113</ele>
    </trkpt>
    <trkpt lat="52.639131" lon="39.676667">
      <ele>113</ele>
    </trkpt>
    <trkpt lat="52.638888" lon="39.675854">
      <ele>113</ele>
    </trkpt>
    <trkpt lat="52.638849" lon="39.675744">
      <ele>113</ele>
    </trkpt>
    <trkpt lat="52.638825" lon="39.675672">
      <ele>113</ele>
    </trkpt>
    <trkpt lat="52.638769" lon="39.675457">
      <ele>113</ele>
    </trkpt>
    <trkpt lat="52.637765" lon="39.672097">
      <ele>113</ele>
    </trkpt>
    <trkpt lat="52.637594" lon="39.671528">
      <ele>113</ele>
    </trkpt>
    <trkpt lat="52.637317" lon="39.6706">
      <ele>113</ele>
    </trkpt>
    <trkpt lat="52.635944" lon="39.666078">
      <ele>115</ele>
    </trkpt>
    <trkpt lat="52.635874" lon="39.665868">
      <ele>114</ele>
    </trkpt>
    <trkpt lat="52.635805" lon="39.665632">
      <ele>116</ele>
    </trkpt>
    <trkpt lat="52.635599" lon="39.664965">
      <ele>114</ele>
    </trkpt>
    <trkpt lat="52.635509" lon="39.664667">
      <ele>115</ele>
    </trkpt>
    <trkpt lat="52.635351" lon="39.664149">
      <ele>114</ele>
    </trkpt>
    <trkpt lat="52.635281" lon="39.663921">
      <ele>114</ele>
    </trkpt>
    <trkpt lat="52.635164" lon="39.663546">
      <ele>114</ele>
    </trkpt>
    <trkpt lat="52.634921" lon="39.662846">
      <ele>114</ele>
    </trkpt>
    <trkpt lat="52.634846" lon="39.66261">
      <ele>114</ele>
    </trkpt>
    <trkpt lat="52.634825" lon="39.662374">
      <ele>114</ele>
    </trkpt>
    <trkpt lat="52.634778" lon="39.662202">
      <ele>114</ele>
    </trkpt>
    <trkpt lat="52.634754" lon="39.662127">
      <ele>114</ele>
    </trkpt>
    <trkpt lat="52.634241" lon="39.660453">
      <ele>116</ele>
    </trkpt>
    <trkpt lat="52.634085" lon="39.659984">
      <ele>116</ele>
    </trkpt>
    <trkpt lat="52.633837" lon="39.659209">
      <ele>117</ele>
    </trkpt>
    <trkpt lat="52.633702" lon="39.658809">
      <ele>118</ele>
    </trkpt>
    <trkpt lat="52.633629" lon="39.658608">
      <ele>119</ele>
    </trkpt>
    <trkpt lat="52.632642" lon="39.655813">
      <ele>116</ele>
    </trkpt>
    <trkpt lat="52.632004" lon="39.654185">
      <ele>115</ele>
    </trkpt>
    <trkpt lat="52.63135" lon="39.652618">
      <ele>114</ele>
    </trkpt>
    <trkpt lat="52.6302" lon="39.649944">
      <ele>112</ele>
    </trkpt>
    <trkpt lat="52.630124" lon="39.64977">
      <ele>111</ele>
    </trkpt>
    <trkpt lat="52.629974" lon="39.649424">
      <ele>110</ele>
    </trkpt>
    <trkpt lat="52.629608" lon="39.64859">
      <ele>110</ele>
    </trkpt>
    <trkpt lat="52.628582" lon="39.646304">
      <ele>110</ele>
    </trkpt>
    <trkpt lat="52.627649" lon="39.644341">
      <ele>110</ele>
    </trkpt>
    <trkpt lat="52.62727" lon="39.643555">
      <ele>110</ele>
    </trkpt>
    <trkpt lat="52.626996" lon="39.643016">
      <ele>112</ele>
    </trkpt>
    <trkpt lat="52.62691" lon="39.642836">
      <ele>112</ele>
    </trkpt>
    <trkpt lat="52.626475" lon="39.642005">
      <ele>111</ele>
    </trkpt>
    <trkpt lat="52.626428" lon="39.641922">
      <ele>110</ele>
    </trkpt>
    <trkpt lat="52.626083" lon="39.64131">
      <ele>110</ele>
    </trkpt>
    <trkpt lat="52.625591" lon="39.64042">
      <ele>110</ele>
    </trkpt>
    <trkpt lat="52.62524" lon="39.639781">
      <ele>111</ele>
    </trkpt>
    <trkpt lat="52.6248" lon="39.638987">
      <ele>110</ele>
    </trkpt>
    <trkpt lat="52.624549" lon="39.638529">
      <ele>110</ele>
    </trkpt>
    <trkpt lat="52.624497" lon="39.638427">
      <ele>110</ele>
    </trkpt>
    <trkpt lat="52.624442" lon="39.63833">
      <ele>110</ele>
    </trkpt>
    <trkpt lat="52.623519" lon="39.636659">
      <ele>114</ele>
    </trkpt>
    <trkpt lat="52.623299" lon="39.636222">
      <ele>112</ele>
    </trkpt>
    <trkpt lat="52.623388" lon="39.636112">
      <ele>114</ele>
    </trkpt>
    <trkpt lat="52.623548" lon="39.635919">
      <ele>116</ele>
    </trkpt>
    <trkpt lat="52.623103" lon="39.634884">
      <ele>117</ele>
    </trkpt>
    <trkpt lat="52.622731" lon="39.634001">
      <ele>120</ele>
    </trkpt>
    <trkpt lat="52.622682" lon="39.633886">
      <ele>120</ele>
    </trkpt>
    <trkpt lat="52.622451" lon="39.633414">
      <ele>119</ele>
    </trkpt>
    <trkpt lat="52.622234" lon="39.632845">
      <ele>117</ele>
    </trkpt>
    <trkpt lat="52.622047" lon="39.632352">
      <ele>117</ele>
    </trkpt>
    <trkpt lat="52.621656" lon="39.631163">
      <ele>114</ele>
    </trkpt>
    <trkpt lat="52.621237" lon="39.629857">
      <ele>116</ele>
    </trkpt>
    <trkpt lat="52.621053" lon="39.63001">
      <ele>115</ele>
    </trkpt>
    <trkpt lat="52.620959" lon="39.630101">
      <ele>114</ele>
    </trkpt>
    <trkpt lat="52.620725" lon="39.629377">
      <ele>112</ele>
    </trkpt>
    <trkpt lat="52.620449" lon="39.62854">
      <ele>113</ele>
    </trkpt>
    <trkpt lat="52.620394" lon="39.628371">
      <ele>113</ele>
    </trkpt>
    <trkpt lat="52.620116" lon="39.627507">
      <ele>113</ele>
    </trkpt>
    <trkpt lat="52.619751" lon="39.626405">
      <ele>112</ele>
    </trkpt>
    <trkpt lat="52.619616" lon="39.625995">
      <ele>113</ele>
    </trkpt>
    <trkpt lat="52.619565" lon="39.625855">
      <ele>112</ele>
    </trkpt>
    <trkpt lat="52.619451" lon="39.625523">
      <ele>112</ele>
    </trkpt>
    <trkpt lat="52.619117" lon="39.624627">
      <ele>110</ele>
    </trkpt>
    <trkpt lat="52.618914" lon="39.624026">
      <ele>111</ele>
    </trkpt>
    <trkpt lat="52.618821" lon="39.62372">
      <ele>113</ele>
    </trkpt>
    <trkpt lat="52.618743" lon="39.623452">
      <ele>114</ele>
    </trkpt>
    <trkpt lat="52.618652" lon="39.62283">
      <ele>118</ele>
    </trkpt>
    <trkpt lat="52.618613" lon="39.622229">
      <ele>121</ele>
    </trkpt>
    <trkpt lat="52.618559" lon="39.62143">
      <ele>125</ele>
    </trkpt>
    <trkpt lat="52.618471" lon="39.620083">
      <ele>128</ele>
    </trkpt>
    <trkpt lat="52.618464" lon="39.619984">
      <ele>128</ele>
    </trkpt>
    <trkpt lat="52.618456" lon="39.619874">
      <ele>128</ele>
    </trkpt>
    <trkpt lat="52.618427" lon="39.619413">
      <ele>130</ele>
    </trkpt>
    <trkpt lat="52.618376" lon="39.618664">
      <ele>132</ele>
    </trkpt>
    <trkpt lat="52.618326" lon="39.617897">
      <ele>134</ele>
    </trkpt>
    <trkpt lat="52.618297" lon="39.617208">
      <ele>137</ele>
    </trkpt>
    <trkpt lat="52.618256" lon="39.616492">
      <ele>142</ele>
    </trkpt>
    <trkpt lat="52.618118" lon="39.616371">
      <ele>142</ele>
    </trkpt>
    <trkpt lat="52.617969" lon="39.616242">
      <ele>143</ele>
    </trkpt>
    <trkpt lat="52.617922" lon="39.616154">
      <ele>144</ele>
    </trkpt>
    <trkpt lat="52.617837" lon="39.615995">
      <ele>145</ele>
    </trkpt>
    <trkpt lat="52.617776" lon="39.615883">
      <ele>146</ele>
    </trkpt>
    <trkpt lat="52.617554" lon="39.615486">
      <ele>145</ele>
    </trkpt>
    <trkpt lat="52.617505" lon="39.615397">
      <ele>145</ele>
    </trkpt>
    <trkpt lat="52.616921" lon="39.614273">
      <ele>145</ele>
    </trkpt>
    <trkpt lat="52.61667" lon="39.613828">
      <ele>147</ele>
    </trkpt>
    <trkpt lat="52.616403" lon="39.613345">
      <ele>146</ele>
    </trkpt>
    <trkpt lat="52.616233" lon="39.613045">
      <ele>148</ele>
    </trkpt>
    <trkpt lat="52.616014" lon="39.612645">
      <ele>148</ele>
    </trkpt>
    <trkpt lat="52.615865" lon="39.61238">
      <ele>147</ele>
    </trkpt>
    <trkpt lat="52.615843" lon="39.612342">
      <ele>148</ele>
    </trkpt>
    <trkpt lat="52.615766" lon="39.612203">
      <ele>148</ele>
    </trkpt>
    <trkpt lat="52.615681" lon="39.612332">
      <ele>148</ele>
    </trkpt>
    <trkpt lat="52.615645" lon="39.612264">
      <ele>148</ele>
    </trkpt>
    <trkpt lat="52.615595" lon="39.61234">
      <ele>148</ele>
    </trkpt>
    <trkpt lat="52.614857" lon="39.61102">
      <ele>153</ele>
    </trkpt>
    <trkpt lat="52.613988" lon="39.609462">
      <ele>150</ele>
    </trkpt>
    <trkpt lat="52.613506" lon="39.608595">
      <ele>149</ele>
    </trkpt>
    <trkpt lat="52.612556" lon="39.606895">
      <ele>151</ele>
    </trkpt>
    <trkpt lat="52.612304" lon="39.606441">
      <ele>151</ele>
    </trkpt>
    <trkpt lat="52.612325" lon="39.606412">
      <ele>151</ele>
    </trkpt>
    <trkpt lat="52.611629" lon="39.605157">
      <ele>151</ele>
    </trkpt>
    <trkpt lat="52.611475" lon="39.60487">
      <ele>150</ele>
    </trkpt>
    <trkpt lat="52.610929" lon="39.603883">
      <ele>150</ele>
    </trkpt>
    <trkpt lat="52.610794" lon="39.603641">
      <ele>149</ele>
    </trkpt>
    <trkpt lat="52.610304" lon="39.602729">
      <ele>151</ele>
    </trkpt>
    <trkpt lat="52.609909" lon="39.601994">
      <ele>150</ele>
    </trkpt>
    <trkpt lat="52.609831" lon="39.601739">
      <ele>149</ele>
    </trkpt>
    <trkpt lat="52.6099" lon="39.601648">
      <ele>149</ele>
    </trkpt>
    <trkpt lat="52.609808" lon="39.60142">
      <ele>152</ele>
    </trkpt>
    <trkpt lat="52.60973" lon="39.601517">
      <ele>152</ele>
    </trkpt>
    <trkpt lat="52.609673" lon="39.601589">
      <ele>150</ele>
    </trkpt>
    <trkpt lat="52.609543" lon="39.601638">
      <ele>149</ele>
    </trkpt>
    <trkpt lat="52.609444" lon="39.601643">
      <ele>149</ele>
    </trkpt>
    <trkpt lat="52.60932" lon="39.601592">
      <ele>148</ele>
    </trkpt>
    <trkpt lat="52.609173" lon="39.601506">
      <ele>147</ele>
    </trkpt>
    <trkpt lat="52.609043" lon="39.601375">
      <ele>147</ele>
    </trkpt>
    <trkpt lat="52.607685" lon="39.599175">
      <ele>130</ele>
    </trkpt>
    <trkpt lat="52.607546" lon="39.599025">
      <ele>127</ele>
    </trkpt>
    <trkpt lat="52.60743" lon="39.598883">
      <ele>125</ele>
    </trkpt>
    <trkpt lat="52.607056" lon="39.598564">
      <ele>119</ele>
    </trkpt>
    <trkpt lat="52.606401" lon="39.598102">
      <ele>114</ele>
    </trkpt>
    <trkpt lat="52.605588" lon="39.59751">
      <ele>114</ele>
    </trkpt>
    <trkpt lat="52.605469" lon="39.597429">
      <ele>113</ele>
    </trkpt>
    <trkpt lat="52.605417" lon="39.597394">
      <ele>112</ele>
    </trkpt>
    <trkpt lat="52.605373" lon="39.597365">
      <ele>112</ele>
    </trkpt>
    <trkpt lat="52.605183" lon="39.597172">
      <ele>111</ele>
    </trkpt>
    <trkpt lat="52.605049" lon="39.597003">
      <ele>111</ele>
    </trkpt>
    <trkpt lat="52.604972" lon="39.596879">
      <ele>111</ele>
    </trkpt>
    <trkpt lat="52.604888" lon="39.596665">
      <ele>111</ele>
    </trkpt>
    <trkpt lat="52.604826" lon="39.596504">
      <ele>111</ele>
    </trkpt>
    <trkpt lat="52.604596" lon="39.595814">
      <ele>110</ele>
    </trkpt>
    <trkpt lat="52.604591" lon="39.595584">
      <ele>111</ele>
    </trkpt>
    <trkpt lat="52.604585" lon="39.595367">
      <ele>112</ele>
    </trkpt>
    <trkpt lat="52.604581" lon="39.595294">
      <ele>112</ele>
    </trkpt>
    <trkpt lat="52.604578" lon="39.595171">
      <ele>113</ele>
    </trkpt>
    <trkpt lat="52.604538" lon="39.593835">
      <ele>116</ele>
    </trkpt>
    <trkpt lat="52.604536" lon="39.593792">
      <ele>116</ele>
    </trkpt>
    <trkpt lat="52.604523" lon="39.593374">
      <ele>117</ele>
    </trkpt>
    <trkpt lat="52.604414" lon="39.593382">
      <ele>118</ele>
    </trkpt>
    <trkpt lat="52.604388" lon="39.593384">
      <ele>118</ele>
    </trkpt>
    <trkpt lat="52.604378" lon="39.593384">
      <ele>118</ele>
    </trkpt>
    <trkpt lat="52.603666" lon="39.593433">
      <ele>118</ele>
    </trkpt>
    <trkpt lat="52.603387" lon="39.593454">
      <ele>116</ele>
    </trkpt>
    <trkpt lat="52.603273" lon="39.593462">
      <ele>117</ele>
    </trkpt>
    <trkpt lat="52.603115" lon="39.593481">
      <ele>118</ele>
    </trkpt>
    <trkpt lat="52.602565" lon="39.593545">
      <ele>119</ele>
    </trkpt>
    <trkpt lat="52.602547" lon="39.593548">
      <ele>119</ele>
    </trkpt>
    <trkpt lat="52.601938" lon="39.59361">
      <ele>117</ele>
    </trkpt>
    <trkpt lat="52.601765" lon="39.593639">
      <ele>119</ele>
    </trkpt>
    <trkpt lat="52.601757" lon="39.593411">
      <ele>120</ele>
    </trkpt>
    <trkpt lat="52.601745" lon="39.593111">
      <ele>121</ele>
    </trkpt>
    <trkpt lat="52.601732" lon="39.592754">
      <ele>123</ele>
    </trkpt>
    <trkpt lat="52.601684" lon="39.5914">
      <ele>128</ele>
    </trkpt>
    <trkpt lat="52.601636" lon="39.591182">
      <ele>129</ele>
    </trkpt>
    <trkpt lat="52.601633" lon="39.591113">
      <ele>129</ele>
    </trkpt>
    <trkpt lat="52.601628" lon="39.590917">
      <ele>130</ele>
    </trkpt>
    <trkpt lat="52.601763" lon="39.589762">
      <ele>132</ele>
    </trkpt>
    <trkpt lat="52.601763" lon="39.589762">
      <ele>130</ele>
    </trkpt>
    <trkpt lat="52.601628" lon="39.590917">
      <ele>130</ele>
    </trkpt>
    <trkpt lat="52.601633" lon="39.591113">
      <ele>129</ele>
    </trkpt>
    <trkpt lat="52.601636" lon="39.591182">
      <ele>129</ele>
    </trkpt>
    <trkpt lat="52.601684" lon="39.5914">
      <ele>128</ele>
    </trkpt>
    <trkpt lat="52.601198" lon="39.591437">
      <ele>128</ele>
    </trkpt>
    <trkpt lat="52.601167" lon="39.59144">
      <ele>128</ele>
    </trkpt>
    <trkpt lat="52.600696" lon="39.591485">
      <ele>126</ele>
    </trkpt>
    <trkpt lat="52.600613" lon="39.591496">
      <ele>127</ele>
    </trkpt>
    <trkpt lat="52.600558" lon="39.591499">
      <ele>127</ele>
    </trkpt>
    <trkpt lat="52.600165" lon="39.591523">
      <ele>126</ele>
    </trkpt>
    <trkpt lat="52.600123" lon="39.59148">
      <ele>126</ele>
    </trkpt>
    <trkpt lat="52.60011" lon="39.591142">
      <ele>125</ele>
    </trkpt>
    <trkpt lat="52.600059" lon="39.589873">
      <ele>126</ele>
    </trkpt>
    <trkpt lat="52.600037" lon="39.589318">
      <ele>130</ele>
    </trkpt>
    <trkpt lat="52.599991" lon="39.588186">
      <ele>134</ele>
    </trkpt>
    <trkpt lat="52.599989" lon="39.588119">
      <ele>134</ele>
    </trkpt>
    <trkpt lat="52.599971" lon="39.587813">
      <ele>134</ele>
    </trkpt>
    <trkpt lat="52.599963" lon="39.587577">
      <ele>135</ele>
    </trkpt>
    <trkpt lat="52.599958" lon="39.587438">
      <ele>136</ele>
    </trkpt>
    <trkpt lat="52.599931" lon="39.586711">
      <ele>136</ele>
    </trkpt>
    <trkpt lat="52.599895" lon="39.585713">
      <ele>138</ele>
    </trkpt>
    <trkpt lat="52.599877" lon="39.585217">
      <ele>139</ele>
    </trkpt>
    <trkpt lat="52.599869" lon="39.585019">
      <ele>139</ele>
    </trkpt>
    <trkpt lat="52.59975" lon="39.584984">
      <ele>136</ele>
    </trkpt>
    <trkpt lat="52.599593" lon="39.584887">
      <ele>136</ele>
    </trkpt>
    <trkpt lat="52.599069" lon="39.584579">
      <ele>138</ele>
    </trkpt>
    <trkpt lat="52.598911" lon="39.584407">
      <ele>138</ele>
    </trkpt>
    <trkpt lat="52.598996" lon="39.584125">
      <ele>140</ele>
    </trkpt>
    <trkpt lat="52.599243" lon="39.58342">
      <ele>142</ele>
    </trkpt>
    <trkpt lat="52.599561" lon="39.582446">
      <ele>144</ele>
    </trkpt>
    <trkpt lat="52.599598" lon="39.582336">
      <ele>144</ele>
    </trkpt>
    <trkpt lat="52.599631" lon="39.582234">
      <ele>145</ele>
    </trkpt>
    <trkpt lat="52.599701" lon="39.582017">
      <ele>146</ele>
    </trkpt>
    <trkpt lat="52.599895" lon="39.581411">
      <ele>150</ele>
    </trkpt>
    <trkpt lat="52.600214" lon="39.580411">
      <ele>152</ele>
    </trkpt>
    <trkpt lat="52.600413" lon="39.579775">
      <ele>152</ele>
    </trkpt>
    <trkpt lat="52.60053" lon="39.579402">
      <ele>153</ele>
    </trkpt>
    <trkpt lat="52.600582" lon="39.57923">
      <ele>154</ele>
    </trkpt>
    <trkpt lat="52.600599" lon="39.579174">
      <ele>154</ele>
    </trkpt>
    <trkpt lat="52.600656" lon="39.578997">
      <ele>154</ele>
    </trkpt>
    <trkpt lat="52.600688" lon="39.578898">
      <ele>154</ele>
    </trkpt>
    <trkpt lat="52.600779" lon="39.578611">
      <ele>155</ele>
    </trkpt>
    <trkpt lat="52.601297" lon="39.576991">
      <ele>158</ele>
    </trkpt>
    <trkpt lat="52.601424" lon="39.576591">
      <ele>158</ele>
    </trkpt>
    <trkpt lat="52.601236" lon="39.57635">
      <ele>158</ele>
    </trkpt>
    <trkpt lat="52.601121" lon="39.57617">
      <ele>158</ele>
    </trkpt>
    <trkpt lat="52.601175" lon="39.576012">
      <ele>158</ele>
    </trkpt>
    <trkpt lat="52.601651" lon="39.574566">
      <ele>161</ele>
    </trkpt>
    <trkpt lat="52.601651" lon="39.574384">
      <ele>161</ele>
    </trkpt>
    <trkpt lat="52.601594" lon="39.57436">
      <ele>161</ele>
    </trkpt>
    <trkpt lat="52.601591" lon="39.573268">
      <ele>163</ele>
    </trkpt>
    <trkpt lat="52.601449" lon="39.573128">
      <ele>164</ele>
    </trkpt>
    <trkpt lat="52.601017" lon="39.572573">
      <ele>162</ele>
    </trkpt>
    <trkpt lat="52.600432" lon="39.571838">
      <ele>163</ele>
    </trkpt>
    <trkpt lat="52.59945" lon="39.570561">
      <ele>162</ele>
    </trkpt>
    <trkpt lat="52.599022" lon="39.570044">
      <ele>163</ele>
    </trkpt>
    <trkpt lat="52.598894" lon="39.569878">
      <ele>163</ele>
    </trkpt>
    <trkpt lat="52.598354" lon="39.569175">
      <ele>162</ele>
    </trkpt>
    <trkpt lat="52.597803" lon="39.568443">
      <ele>161</ele>
    </trkpt>
    <trkpt lat="52.59777" lon="39.5684">
      <ele>161</ele>
    </trkpt>
    <trkpt lat="52.597686" lon="39.568284">
      <ele>160</ele>
    </trkpt>
    <trkpt lat="52.597694" lon="39.568145">
      <ele>160</ele>
    </trkpt>
    <trkpt lat="52.597552" lon="39.567957">
      <ele>158</ele>
    </trkpt>
    <trkpt lat="52.597549" lon="39.567887">
      <ele>158</ele>
    </trkpt>
    <trkpt lat="52.597376" lon="39.567665">
      <ele>160</ele>
    </trkpt>
    <trkpt lat="52.597313" lon="39.567582">
      <ele>161</ele>
    </trkpt>
    <trkpt lat="52.59713" lon="39.567346">
      <ele>162</ele>
    </trkpt>
    <trkpt lat="52.596612" lon="39.56667">
      <ele>161</ele>
    </trkpt>
    <trkpt lat="52.596506" lon="39.566485">
      <ele>161</ele>
    </trkpt>
    <trkpt lat="52.595752" lon="39.565495">
      <ele>166</ele>
    </trkpt>
    <trkpt lat="52.595696" lon="39.565422">
      <ele>166</ele>
    </trkpt>
    <trkpt lat="52.595449" lon="39.565098">
      <ele>168</ele>
    </trkpt>
    <trkpt lat="52.595432" lon="39.565033">
      <ele>168</ele>
    </trkpt>
    <trkpt lat="52.595172" lon="39.564696">
      <ele>166</ele>
    </trkpt>
    <trkpt lat="52.594905" lon="39.564347">
      <ele>168</ele>
    </trkpt>
    <trkpt lat="52.594805" lon="39.564218">
      <ele>168</ele>
    </trkpt>
    <trkpt lat="52.594212" lon="39.563448">
      <ele>171</ele>
    </trkpt>
    <trkpt lat="52.593854" lon="39.562982">
      <ele>167</ele>
    </trkpt>
    <trkpt lat="52.59379" lon="39.562898">
      <ele>168</ele>
    </trkpt>
    <trkpt lat="52.593681" lon="39.562754">
      <ele>169</ele>
    </trkpt>
    <trkpt lat="52.59312" lon="39.562003">
      <ele>174</ele>
    </trkpt>
    <trkpt lat="52.592685" lon="39.561415">
      <ele>173</ele>
    </trkpt>
    <trkpt lat="52.592229" lon="39.560836">
      <ele>172</ele>
    </trkpt>
    <trkpt lat="52.591682" lon="39.560042">
      <ele>171</ele>
    </trkpt>
    <trkpt lat="52.591382" lon="39.559642">
      <ele>173</ele>
    </trkpt>
    <trkpt lat="52.591049" lon="39.559205">
      <ele>174</ele>
    </trkpt>
    <trkpt lat="52.591014" lon="39.559154">
      <ele>174</ele>
    </trkpt>
    <trkpt lat="52.590961" lon="39.559047">
      <ele>174</ele>
    </trkpt>
    <trkpt lat="52.590313" lon="39.557859">
      <ele>171</ele>
    </trkpt>
    <trkpt lat="52.590287" lon="39.557829">
      <ele>171</ele>
    </trkpt>
    <trkpt lat="52.590254" lon="39.557818">
      <ele>171</ele>
    </trkpt>
    <trkpt lat="52.590192" lon="39.557797">
      <ele>171</ele>
    </trkpt>
    <trkpt lat="52.590148" lon="39.557698">
      <ele>171</ele>
    </trkpt>
    <trkpt lat="52.590194" lon="39.557644">
      <ele>171</ele>
    </trkpt>
    <trkpt lat="52.590267" lon="39.557555">
      <ele>172</ele>
    </trkpt>
    <trkpt lat="52.590367" lon="39.557419">
      <ele>172</ele>
    </trkpt>
    <trkpt lat="52.590468" lon="39.557266">
      <ele>172</ele>
    </trkpt>
    <trkpt lat="52.590489" lon="39.557231">
      <ele>172</ele>
    </trkpt>
    <trkpt lat="52.590644" lon="39.55699">
      <ele>175</ele>
    </trkpt>
    <trkpt lat="52.591361" lon="39.555815">
      <ele>183</ele>
    </trkpt>
    <trkpt lat="52.592096" lon="39.554605">
      <ele>184</ele>
    </trkpt>
    <trkpt lat="52.592809" lon="39.553433">
      <ele>179</ele>
    </trkpt>
    <trkpt lat="52.592852" lon="39.553363">
      <ele>179</ele>
    </trkpt>
    <trkpt lat="52.592913" lon="39.553264">
      <ele>179</ele>
    </trkpt>
    <trkpt lat="52.593032" lon="39.553068">
      <ele>177</ele>
    </trkpt>
    <trkpt lat="52.593104" lon="39.552947">
      <ele>175</ele>
    </trkpt>
    <trkpt lat="52.59285" lon="39.552502">
      <ele>173</ele>
    </trkpt>
    <trkpt lat="52.592751" lon="39.552309">
      <ele>174</ele>
    </trkpt>
    <trkpt lat="52.59199" lon="39.550837">
      <ele>177</ele>
    </trkpt>
    <trkpt lat="52.591159" lon="39.54923">
      <ele>175</ele>
    </trkpt>
    <trkpt lat="52.591084" lon="39.549085">
      <ele>174</ele>
    </trkpt>
    <trkpt lat="52.590873" lon="39.548656">
      <ele>175</ele>
    </trkpt>
    <trkpt lat="52.590676" lon="39.548189">
      <ele>175</ele>
    </trkpt>
    <trkpt lat="52.590593" lon="39.547993">
      <ele>175</ele>
    </trkpt>
    <trkpt lat="52.59053" lon="39.547838">
      <ele>176</ele>
    </trkpt>
    <trkpt lat="52.590424" lon="39.547556">
      <ele>176</ele>
    </trkpt>
    <trkpt lat="52.590068" lon="39.546617">
      <ele>178</ele>
    </trkpt>
    <trkpt lat="52.590028" lon="39.54651">
      <ele>178</ele>
    </trkpt>
    <trkpt lat="52.589762" lon="39.545453">
      <ele>177</ele>
    </trkpt>
    <trkpt lat="52.589725" lon="39.545258">
      <ele>178</ele>
    </trkpt>
    <trkpt lat="52.589689" lon="39.545078">
      <ele>178</ele>
    </trkpt>
    <trkpt lat="52.589619" lon="39.544399">
      <ele>178</ele>
    </trkpt>
    <trkpt lat="52.589568" lon="39.543919">
      <ele>177</ele>
    </trkpt>
    <trkpt lat="52.589558" lon="39.543359">
      <ele>176</ele>
    </trkpt>
    <trkpt lat="52.589552" lon="39.54286">
      <ele>177</ele>
    </trkpt>
    <trkpt lat="52.58955" lon="39.542793">
      <ele>177</ele>
    </trkpt>
    <trkpt lat="52.589544" lon="39.542382">
      <ele>177</ele>
    </trkpt>
    <trkpt lat="52.589542" lon="39.542232">
      <ele>177</ele>
    </trkpt>
    <trkpt lat="52.589539" lon="39.54213">
      <ele>177</ele>
    </trkpt>
    <trkpt lat="52.589532" lon="39.541886">
      <ele>177</ele>
    </trkpt>
    <trkpt lat="52.589531" lon="39.541838">
      <ele>177</ele>
    </trkpt>
    <trkpt lat="52.58948" lon="39.540623">
      <ele>176</ele>
    </trkpt>
    <trkpt lat="52.589472" lon="39.540494">
      <ele>176</ele>
    </trkpt>
    <trkpt lat="52.58942" lon="39.53996">
      <ele>176</ele>
    </trkpt>
    <trkpt lat="52.589378" lon="39.539713">
      <ele>177</ele>
    </trkpt>
    <trkpt lat="52.589363" lon="39.539603">
      <ele>177</ele>
    </trkpt>
    <trkpt lat="52.589288" lon="39.539161">
      <ele>177</ele>
    </trkpt>
    <trkpt lat="52.589205" lon="39.538831">
      <ele>176</ele>
    </trkpt>
    <trkpt lat="52.589138" lon="39.538563">
      <ele>177</ele>
    </trkpt>
    <trkpt lat="52.588802" lon="39.537662">
      <ele>177</ele>
    </trkpt>
    <trkpt lat="52.588599" lon="39.537302">
      <ele>176</ele>
    </trkpt>
    <trkpt lat="52.588514" lon="39.537155">
      <ele>176</ele>
    </trkpt>
    <trkpt lat="52.588504" lon="39.537136">
      <ele>176</ele>
    </trkpt>
    <trkpt lat="52.58839" lon="39.536956">
      <ele>176</ele>
    </trkpt>
    <trkpt lat="52.588354" lon="39.5369">
      <ele>176</ele>
    </trkpt>
    <trkpt lat="52.588315" lon="39.536841">
      <ele>176</ele>
    </trkpt>
    <trkpt lat="52.58795" lon="39.53628">
      <ele>176</ele>
    </trkpt>
    <trkpt lat="52.587877" lon="39.53617">
      <ele>176</ele>
    </trkpt>
    <trkpt lat="52.587267" lon="39.535245">
      <ele>176</ele>
    </trkpt>
    <trkpt lat="52.587297" lon="39.535138">
      <ele>175</ele>
    </trkpt>
    <trkpt lat="52.587306" lon="39.5351">
      <ele>175</ele>
    </trkpt>
    <trkpt lat="52.587339" lon="39.534856">
      <ele>175</ele>
    </trkpt>
    <trkpt lat="52.587339" lon="39.534797">
      <ele>175</ele>
    </trkpt>
    <trkpt lat="52.587386" lon="39.534671">
      <ele>175</ele>
    </trkpt>
    <trkpt lat="52.587407" lon="39.534531">
      <ele>175</ele>
    </trkpt>
    <trkpt lat="52.587797" lon="39.533767">
      <ele>175</ele>
    </trkpt>
    <trkpt lat="52.587857" lon="39.533695">
      <ele>174</ele>
    </trkpt>
    <trkpt lat="52.587983" lon="39.533456">
      <ele>174</ele>
    </trkpt>
    <trkpt lat="52.588017" lon="39.533389">
      <ele>174</ele>
    </trkpt>
    <trkpt lat="52.587953" lon="39.533295">
      <ele>174</ele>
    </trkpt>
    <trkpt lat="52.587746" lon="39.532992">
      <ele>175</ele>
    </trkpt>
    <trkpt lat="52.587645" lon="39.532844">
      <ele>174</ele>
    </trkpt>
    <trkpt lat="52.587616" lon="39.532801">
      <ele>174</ele>
    </trkpt>
    <trkpt lat="52.587466" lon="39.532579">
      <ele>175</ele>
    </trkpt>
    <trkpt lat="52.58751" lon="39.53249">
      <ele>175</ele>
    </trkpt>
    <trkpt lat="52.587543" lon="39.532426">
      <ele>175</ele>
    </trkpt>
    <trkpt lat="52.588098" lon="39.531302">
      <ele>174</ele>
    </trkpt>
    <trkpt lat="52.58852" lon="39.530449">
      <ele>173</ele>
    </trkpt>
    <trkpt lat="52.589192" lon="39.529092">
      <ele>170</ele>
    </trkpt>
    <trkpt lat="52.589658" lon="39.52815">
      <ele>170</ele>
    </trkpt>
    <trkpt lat="52.58979" lon="39.527882">
      <ele>169</ele>
    </trkpt>
    <trkpt lat="52.589907" lon="39.527646">
      <ele>168</ele>
    </trkpt>
    <trkpt lat="52.589984" lon="39.527493">
      <ele>168</ele>
    </trkpt>
    <trkpt lat="52.590002" lon="39.527456">
      <ele>168</ele>
    </trkpt>
    <trkpt lat="52.59007" lon="39.527319">
      <ele>168</ele>
    </trkpt>
    <trkpt lat="52.590222" lon="39.527002">
      <ele>169</ele>
    </trkpt>
    <trkpt lat="52.590424" lon="39.526595">
      <ele>169</ele>
    </trkpt>
    <trkpt lat="52.590463" lon="39.526514">
      <ele>169</ele>
    </trkpt>
    <trkpt lat="52.590598" lon="39.526241">
      <ele>168</ele>
    </trkpt>
    <trkpt lat="52.590895" lon="39.525626">
      <ele>168</ele>
    </trkpt>
    <trkpt lat="52.590782" lon="39.525455">
      <ele>168</ele>
    </trkpt>
    <trkpt lat="52.590706" lon="39.525323">
      <ele>169</ele>
    </trkpt>
    <trkpt lat="52.59155" lon="39.523591">
      <ele>167</ele>
    </trkpt>
    <trkpt lat="52.591781" lon="39.523108">
      <ele>169</ele>
    </trkpt>
    <trkpt lat="52.592576" lon="39.521448">
      <ele>166</ele>
    </trkpt>
    <trkpt lat="52.592804" lon="39.521072">
      <ele>166</ele>
    </trkpt>
    <trkpt lat="52.592839" lon="39.520994">
      <ele>166</ele>
    </trkpt>
    <trkpt lat="52.593524" lon="39.519538">
      <ele>165</ele>
    </trkpt>
    <trkpt lat="52.59358" lon="39.519366">
      <ele>164</ele>
    </trkpt>
    <trkpt lat="52.593583" lon="39.519203">
      <ele>164</ele>
    </trkpt>
    <trkpt lat="52.593246" lon="39.518709">
      <ele>166</ele>
    </trkpt>
    <trkpt lat="52.593208" lon="39.518403">
      <ele>164</ele>
    </trkpt>
    <trkpt lat="52.592436" lon="39.517218">
      <ele>167</ele>
    </trkpt>
    <trkpt lat="52.592405" lon="39.516998">
      <ele>165</ele>
    </trkpt>
    <trkpt lat="52.592457" lon="39.516923">
      <ele>165</ele>
    </trkpt>
    <trkpt lat="52.592491" lon="39.516781">
      <ele>165</ele>
    </trkpt>
    <trkpt lat="52.5925" lon="39.516746">
      <ele>165</ele>
    </trkpt>
    <trkpt lat="52.591328" lon="39.514962">
      <ele>164</ele>
    </trkpt>
    <trkpt lat="52.59132" lon="39.514981">
      <ele>164</ele>
    </trkpt>
    <trkpt lat="52.590976" lon="39.514455">
      <ele>165</ele>
    </trkpt>
    <trkpt lat="52.590961" lon="39.514442">
      <ele>166</ele>
    </trkpt>
    <trkpt lat="52.590947" lon="39.514417">
      <ele>166</ele>
    </trkpt>
    <trkpt lat="52.590655" lon="39.513967">
      <ele>166</ele>
    </trkpt>
    <trkpt lat="52.590737" lon="39.513806">
      <ele>166</ele>
    </trkpt>
    <trkpt lat="52.59059" lon="39.513583">
      <ele>166</ele>
    </trkpt>
    <trkpt lat="52.590461" lon="39.513299">
      <ele>166</ele>
    </trkpt>
    <trkpt lat="52.590373" lon="39.513012">
      <ele>166</ele>
    </trkpt>
    <trkpt lat="52.590341" lon="39.512854">
      <ele>166</ele>
    </trkpt>
    <trkpt lat="52.590359" lon="39.512819">
      <ele>166</ele>
    </trkpt>
    <trkpt lat="52.590598" lon="39.512368">
      <ele>168</ele>
    </trkpt>
    <trkpt lat="52.590652" lon="39.51228">
      <ele>167</ele>
    </trkpt>
    <trkpt lat="52.590844" lon="39.511926">
      <ele>166</ele>
    </trkpt>
    <trkpt lat="52.590963" lon="39.511692">
      <ele>166</ele>
    </trkpt>
    <trkpt lat="52.591175" lon="39.511309">
      <ele>166</ele>
    </trkpt>
    <trkpt lat="52.591278" lon="39.511126">
      <ele>165</ele>
    </trkpt>
    <trkpt lat="52.591822" lon="39.510147">
      <ele>164</ele>
    </trkpt>
    <trkpt lat="52.592566" lon="39.50879">
      <ele>161</ele>
    </trkpt>
    <trkpt lat="52.592765" lon="39.508431">
      <ele>161</ele>
    </trkpt>
    <trkpt lat="52.593189" lon="39.507661">
      <ele>159</ele>
    </trkpt>
    <trkpt lat="52.59352" lon="39.507058">
      <ele>157</ele>
    </trkpt>
    <trkpt lat="52.593777" lon="39.506588">
      <ele>158</ele>
    </trkpt>
    <trkpt lat="52.594096" lon="39.506009">
      <ele>157</ele>
    </trkpt>
    <trkpt lat="52.594197" lon="39.505824">
      <ele>157</ele>
    </trkpt>
    <trkpt lat="52.59438" lon="39.505494">
      <ele>157</ele>
    </trkpt>
    <trkpt lat="52.59458" lon="39.505129">
      <ele>158</ele>
    </trkpt>
    <trkpt lat="52.594787" lon="39.504772">
      <ele>158</ele>
    </trkpt>
    <trkpt lat="52.595015" lon="39.504622">
      <ele>159</ele>
    </trkpt>
    <trkpt lat="52.595113" lon="39.504587">
      <ele>159</ele>
    </trkpt>
    <trkpt lat="52.59519" lon="39.504517">
      <ele>159</ele>
    </trkpt>
    <trkpt lat="52.595261" lon="39.504402">
      <ele>159</ele>
    </trkpt>
    <trkpt lat="52.595299" lon="39.504295">
      <ele>159</ele>
    </trkpt>
    <trkpt lat="52.595325" lon="39.504139">
      <ele>158</ele>
    </trkpt>
    <trkpt lat="52.595325" lon="39.503986">
      <ele>159</ele>
    </trkpt>
    <trkpt lat="52.5953" lon="39.50385">
      <ele>159</ele>
    </trkpt>
    <trkpt lat="52.595253" lon="39.503724">
      <ele>159</ele>
    </trkpt>
    <trkpt lat="52.595261" lon="39.503557">
      <ele>159</ele>
    </trkpt>
    <trkpt lat="52.595269" lon="39.503474">
      <ele>159</ele>
    </trkpt>
    <trkpt lat="52.595281" lon="39.503418">
      <ele>159</ele>
    </trkpt>
    <trkpt lat="52.595302" lon="39.503327">
      <ele>159</ele>
    </trkpt>
    <trkpt lat="52.595548" lon="39.502417">
      <ele>157</ele>
    </trkpt>
    <trkpt lat="52.596591" lon="39.498756">
      <ele>158</ele>
    </trkpt>
    <trkpt lat="52.596666" lon="39.498544">
      <ele>159</ele>
    </trkpt>
    <trkpt lat="52.596752" lon="39.498356">
      <ele>159</ele>
    </trkpt>
    <trkpt lat="52.59685" lon="39.498201">
      <ele>158</ele>
    </trkpt>
    <trkpt lat="52.597018" lon="39.498018">
      <ele>159</ele>
    </trkpt>
    <trkpt lat="52.597067" lon="39.497976">
      <ele>159</ele>
    </trkpt>
    <trkpt lat="52.597109" lon="39.497919">
      <ele>160</ele>
    </trkpt>
    <trkpt lat="52.597146" lon="39.497852">
      <ele>160</ele>
    </trkpt>
    <trkpt lat="52.597176" lon="39.497777">
      <ele>160</ele>
    </trkpt>
    <trkpt lat="52.597197" lon="39.497694">
      <ele>160</ele>
    </trkpt>
    <trkpt lat="52.59721" lon="39.497605">
      <ele>160</ele>
    </trkpt>
    <trkpt lat="52.597213" lon="39.497514">
      <ele>160</ele>
    </trkpt>
    <trkpt lat="52.59721" lon="39.497426">
      <ele>160</ele>
    </trkpt>
    <trkpt lat="52.597199" lon="39.497243">
      <ele>160</ele>
    </trkpt>
    <trkpt lat="52.59719" lon="39.497066">
      <ele>161</ele>
    </trkpt>
    <trkpt lat="52.597195" lon="39.496884">
      <ele>161</ele>
    </trkpt>
    <trkpt lat="52.597216" lon="39.496685">
      <ele>162</ele>
    </trkpt>
    <trkpt lat="52.59726" lon="39.496433">
      <ele>162</ele>
    </trkpt>
    <trkpt lat="52.597524" lon="39.495363">
      <ele>164</ele>
    </trkpt>
    <trkpt lat="52.597614" lon="39.495157">
      <ele>164</ele>
    </trkpt>
    <trkpt lat="52.597682" lon="39.495033">
      <ele>164</ele>
    </trkpt>
    <trkpt lat="52.597765" lon="39.494939">
      <ele>164</ele>
    </trkpt>
    <trkpt lat="52.597829" lon="39.494888">
      <ele>164</ele>
    </trkpt>
    <trkpt lat="52.597938" lon="39.494389">
      <ele>166</ele>
    </trkpt>
    <trkpt lat="52.598025" lon="39.493987">
      <ele>166</ele>
    </trkpt>
    <trkpt lat="52.597994" lon="39.493931">
      <ele>166</ele>
    </trkpt>
    <trkpt lat="52.597972" lon="39.493848">
      <ele>166</ele>
    </trkpt>
    <trkpt lat="52.597959" lon="39.493692">
      <ele>166</ele>
    </trkpt>
    <trkpt lat="52.59795" lon="39.493518">
      <ele>167</ele>
    </trkpt>
    <trkpt lat="52.598095" lon="39.492861">
      <ele>166</ele>
    </trkpt>
    <trkpt lat="52.598298" lon="39.491844">
      <ele>168</ele>
    </trkpt>
    <trkpt lat="52.598867" lon="39.488607">
      <ele>173</ele>
    </trkpt>
    <trkpt lat="52.599258" lon="39.486305">
      <ele>174</ele>
    </trkpt>
    <trkpt lat="52.599608" lon="39.484259">
      <ele>176</ele>
    </trkpt>
    <trkpt lat="52.599714" lon="39.483674">
      <ele>177</ele>
    </trkpt>
    <trkpt lat="52.599794" lon="39.483223">
      <ele>177</ele>
    </trkpt>
    <trkpt lat="52.600064" lon="39.481713">
      <ele>179</ele>
    </trkpt>
    <trkpt lat="52.600172" lon="39.481088">
      <ele>179</ele>
    </trkpt>
    <trkpt lat="52.600574" lon="39.478741">
      <ele>181</ele>
    </trkpt>
    <trkpt lat="52.601943" lon="39.47081">
      <ele>185</ele>
    </trkpt>
    <trkpt lat="52.601969" lon="39.470663">
      <ele>185</ele>
    </trkpt>
    <trkpt lat="52.602164" lon="39.469507">
      <ele>186</ele>
    </trkpt>
    <trkpt lat="52.602242" lon="39.469053">
      <ele>186</ele>
    </trkpt>
    <trkpt lat="52.602415" lon="39.468072">
      <ele>188</ele>
    </trkpt>
    <trkpt lat="52.602721" lon="39.466299">
      <ele>189</ele>
    </trkpt>
    <trkpt lat="52.603231" lon="39.463547">
      <ele>188</ele>
    </trkpt>
    <trkpt lat="52.603282" lon="39.463265">
      <ele>188</ele>
    </trkpt>
    <trkpt lat="52.603627" lon="39.461329">
      <ele>188</ele>
    </trkpt>
    <trkpt lat="52.603787" lon="39.460422">
      <ele>188</ele>
    </trkpt>
    <trkpt lat="52.603876" lon="39.460425">
      <ele>188</ele>
    </trkpt>
    <trkpt lat="52.603932" lon="39.460409">
      <ele>189</ele>
    </trkpt>
    <trkpt lat="52.604006" lon="39.460384">
      <ele>192</ele>
    </trkpt>
    <trkpt lat="52.604239" lon="39.460245">
      <ele>196</ele>
    </trkpt>
    <trkpt lat="52.604596" lon="39.460054">
      <ele>192</ele>
    </trkpt>
    <trkpt lat="52.604653" lon="39.459628">
      <ele>191</ele>
    </trkpt>
    <trkpt lat="52.604743" lon="39.459043">
      <ele>192</ele>
    </trkpt>
    <trkpt lat="52.604845" lon="39.45859">
      <ele>192</ele>
    </trkpt>
    <trkpt lat="52.604976" lon="39.457895">
      <ele>191</ele>
    </trkpt>
    <trkpt lat="52.60509" lon="39.457193">
      <ele>193</ele>
    </trkpt>
    <trkpt lat="52.605174" lon="39.456672">
      <ele>192</ele>
    </trkpt>
    <trkpt lat="52.605244" lon="39.456294">
      <ele>191</ele>
    </trkpt>
    <trkpt lat="52.605386" lon="39.455505">
      <ele>192</ele>
    </trkpt>
    <trkpt lat="52.605587" lon="39.454349">
      <ele>193</ele>
    </trkpt>
    <trkpt lat="52.605666" lon="39.453684">
      <ele>194</ele>
    </trkpt>
    <trkpt lat="52.605749" lon="39.453185">
      <ele>191</ele>
    </trkpt>
    <trkpt lat="52.605878" lon="39.452426">
      <ele>190</ele>
    </trkpt>
    <trkpt lat="52.605948" lon="39.451997">
      <ele>191</ele>
    </trkpt>
    <trkpt lat="52.605964" lon="39.451903">
      <ele>190</ele>
    </trkpt>
    <trkpt lat="52.606012" lon="39.451555">
      <ele>190</ele>
    </trkpt>
    <trkpt lat="52.606103" lon="39.450868">
      <ele>189</ele>
    </trkpt>
    <trkpt lat="52.606162" lon="39.450433">
      <ele>190</ele>
    </trkpt>
    <trkpt lat="52.606212" lon="39.450012">
      <ele>191</ele>
    </trkpt>
    <trkpt lat="52.606313" lon="39.449538">
      <ele>189</ele>
    </trkpt>
    <trkpt lat="52.606357" lon="39.449417">
      <ele>189</ele>
    </trkpt>
    <trkpt lat="52.606478" lon="39.449481">
      <ele>187</ele>
    </trkpt>
    <trkpt lat="52.606569" lon="39.449479">
      <ele>187</ele>
    </trkpt>
    <trkpt lat="52.606738" lon="39.449098">
      <ele>187</ele>
    </trkpt>
    <trkpt lat="52.607162" lon="39.44869">
      <ele>186</ele>
    </trkpt>
    <trkpt lat="52.607593" lon="39.448263">
      <ele>186</ele>
    </trkpt>
    <trkpt lat="52.607784" lon="39.447998">
      <ele>186</ele>
    </trkpt>
    <trkpt lat="52.608264" lon="39.447207">
      <ele>185</ele>
    </trkpt>
    <trkpt lat="52.608722" lon="39.446429">
      <ele>186</ele>
    </trkpt>
    <trkpt lat="52.609178" lon="39.445635">
      <ele>186</ele>
    </trkpt>
    <trkpt lat="52.609631" lon="39.444868">
      <ele>187</ele>
    </trkpt>
    <trkpt lat="52.609743" lon="39.44468">
      <ele>187</ele>
    </trkpt>
    <trkpt lat="52.610072" lon="39.444114">
      <ele>187</ele>
    </trkpt>
    <trkpt lat="52.610527" lon="39.443331">
      <ele>186</ele>
    </trkpt>
    <trkpt lat="52.610965" lon="39.442556">
      <ele>187</ele>
    </trkpt>
    <trkpt lat="52.61118" lon="39.442137">
      <ele>188</ele>
    </trkpt>
    <trkpt lat="52.611421" lon="39.441789">
      <ele>188</ele>
    </trkpt>
    <trkpt lat="52.611859" lon="39.440995">
      <ele>188</ele>
    </trkpt>
    <trkpt lat="52.61231" lon="39.440222">
      <ele>189</ele>
    </trkpt>
    <trkpt lat="52.612779" lon="39.439377">
      <ele>190</ele>
    </trkpt>
    <trkpt lat="52.612913" lon="39.439141">
      <ele>190</ele>
    </trkpt>
    <trkpt lat="52.613009" lon="39.43909">
      <ele>189</ele>
    </trkpt>
    <trkpt lat="52.61315" lon="39.439066">
      <ele>189</ele>
    </trkpt>
    <trkpt lat="52.613238" lon="39.438951">
      <ele>190</ele>
    </trkpt>
    <trkpt lat="52.613198" lon="39.438841">
      <ele>190</ele>
    </trkpt>
    <trkpt lat="52.6131" lon="39.438656">
      <ele>190</ele>
    </trkpt>
    <trkpt lat="52.613364" lon="39.4382">
      <ele>191</ele>
    </trkpt>
    <trkpt lat="52.614266" lon="39.436639">
      <ele>192</ele>
    </trkpt>
    <trkpt lat="52.614576" lon="39.436105">
      <ele>192</ele>
    </trkpt>
    <trkpt lat="52.614733" lon="39.435834">
      <ele>192</ele>
    </trkpt>
    <trkpt lat="52.615189" lon="39.435067">
      <ele>193</ele>
    </trkpt>
    <trkpt lat="52.616277" lon="39.433238">
      <ele>193</ele>
    </trkpt>
    <trkpt lat="52.617137" lon="39.431789">
      <ele>193</ele>
    </trkpt>
    <trkpt lat="52.617399" lon="39.431347">
      <ele>193</ele>
    </trkpt>
    <trkpt lat="52.617601" lon="39.431003">
      <ele>192</ele>
    </trkpt>
    <trkpt lat="52.618057" lon="39.430226">
      <ele>192</ele>
    </trkpt>
    <trkpt lat="52.618596" lon="39.4293">
      <ele>193</ele>
    </trkpt>
    <trkpt lat="52.619028" lon="39.428565">
      <ele>194</ele>
    </trkpt>
    <trkpt lat="52.619518" lon="39.427726">
      <ele>195</ele>
    </trkpt>
    <trkpt lat="52.619634" lon="39.427527">
      <ele>195</ele>
    </trkpt>
    <trkpt lat="52.619902" lon="39.427045">
      <ele>195</ele>
    </trkpt>
    <trkpt lat="52.620111" lon="39.426674">
      <ele>195</ele>
    </trkpt>
    <trkpt lat="52.620179" lon="39.426554">
      <ele>195</ele>
    </trkpt>
    <trkpt lat="52.620273" lon="39.425958">
      <ele>194</ele>
    </trkpt>
    <trkpt lat="52.620277" lon="39.425824">
      <ele>194</ele>
    </trkpt>
    <trkpt lat="52.620293" lon="39.425036">
      <ele>194</ele>
    </trkpt>
    <trkpt lat="52.61964" lon="39.422042">
      <ele>194</ele>
    </trkpt>
    <trkpt lat="52.619366" lon="39.42139">
      <ele>193</ele>
    </trkpt>
    <trkpt lat="52.618935" lon="39.420744">
      <ele>192</ele>
    </trkpt>
    <trkpt lat="52.61736" lon="39.419263">
      <ele>191</ele>
    </trkpt>
    <trkpt lat="52.616386" lon="39.418349">
      <ele>190</ele>
    </trkpt>
    <trkpt lat="52.615859" lon="39.417871">
      <ele>189</ele>
    </trkpt>
    <trkpt lat="52.615245" lon="39.417372">
      <ele>188</ele>
    </trkpt>
    <trkpt lat="52.615178" lon="39.417322">
      <ele>188</ele>
    </trkpt>
    <trkpt lat="52.615007" lon="39.417179">
      <ele>187</ele>
    </trkpt>
    <trkpt lat="52.61472" lon="39.416914">
      <ele>187</ele>
    </trkpt>
    <trkpt lat="52.614437" lon="39.416672">
      <ele>188</ele>
    </trkpt>
    <trkpt lat="52.613504" lon="39.416039">
      <ele>190</ele>
    </trkpt>
    <trkpt lat="52.613041" lon="39.415417">
      <ele>190</ele>
    </trkpt>
    <trkpt lat="52.613009" lon="39.414899">
      <ele>190</ele>
    </trkpt>
    <trkpt lat="52.613089" lon="39.414366">
      <ele>190</ele>
    </trkpt>
    <trkpt lat="52.614598" lon="39.410058">
      <ele>193</ele>
    </trkpt>
    <trkpt lat="52.6141" lon="39.409602">
      <ele>193</ele>
    </trkpt>
    <trkpt lat="52.613201" lon="39.408824">
      <ele>194</ele>
    </trkpt>
    <trkpt lat="52.612325" lon="39.407977">
      <ele>194</ele>
    </trkpt>
    <trkpt lat="52.612054" lon="39.408564">
      <ele>192</ele>
    </trkpt>
    <trkpt lat="52.611553" lon="39.408028">
      <ele>192</ele>
    </trkpt>
    <trkpt lat="52.610839" lon="39.407266">
      <ele>193</ele>
    </trkpt>
    <trkpt lat="52.609206" lon="39.405783">
      <ele>190</ele>
    </trkpt>
    <trkpt lat="52.60919" lon="39.405624">
      <ele>190</ele>
    </trkpt>
    <trkpt lat="52.608727" lon="39.405281">
      <ele>191</ele>
    </trkpt>
    <trkpt lat="52.608572" lon="39.405174">
      <ele>191</ele>
    </trkpt>
    <trkpt lat="52.608385" lon="39.405128">
      <ele>192</ele>
    </trkpt>
    <trkpt lat="52.607137" lon="39.405075">
      <ele>193</ele>
    </trkpt>
    <trkpt lat="52.606499" lon="39.404844">
      <ele>193</ele>
    </trkpt>
    <trkpt lat="52.606267" lon="39.404675">
      <ele>194</ele>
    </trkpt>
    <trkpt lat="52.606194" lon="39.404409">
      <ele>194</ele>
    </trkpt>
    <trkpt lat="52.605249" lon="39.403755">
      <ele>196</ele>
    </trkpt>
    <trkpt lat="52.60441" lon="39.403184">
      <ele>198</ele>
    </trkpt>
    <trkpt lat="52.604181" lon="39.403109">
      <ele>196</ele>
    </trkpt>
    <trkpt lat="52.603598" lon="39.402467">
      <ele>197</ele>
    </trkpt>
    <trkpt lat="52.603148" lon="39.401885">
      <ele>197</ele>
    </trkpt>
    <trkpt lat="52.602493" lon="39.401228">
      <ele>197</ele>
    </trkpt>
    <trkpt lat="52.601855" lon="39.40055">
      <ele>198</ele>
    </trkpt>
    <trkpt lat="52.601359" lon="39.400048">
      <ele>200</ele>
    </trkpt>
    <trkpt lat="52.600936" lon="39.399606">
      <ele>200</ele>
    </trkpt>
    <trkpt lat="52.600687" lon="39.399541">
      <ele>198</ele>
    </trkpt>
    <trkpt lat="52.600683" lon="39.399632">
      <ele>198</ele>
    </trkpt>
    <trkpt lat="52.60047" lon="39.399509">
      <ele>200</ele>
    </trkpt>
    <trkpt lat="52.600115" lon="39.398897">
      <ele>199</ele>
    </trkpt>
    <trkpt lat="52.600023" lon="39.398675">
      <ele>198</ele>
    </trkpt>
    <trkpt lat="52.600046" lon="39.398063">
      <ele>199</ele>
    </trkpt>
    <trkpt lat="52.600116" lon="39.396926">
      <ele>202</ele>
    </trkpt>
    <trkpt lat="52.600388" lon="39.392785">
      <ele>207</ele>
    </trkpt>
    <trkpt lat="52.601056" lon="39.382675">
      <ele>218</ele>
    </trkpt>
    <trkpt lat="52.601716" lon="39.372644">
      <ele>210</ele>
    </trkpt>
    <trkpt lat="52.60192" lon="39.369584">
      <ele>215</ele>
    </trkpt>
    <trkpt lat="52.602118" lon="39.3689">
      <ele>216</ele>
    </trkpt>
    <trkpt lat="52.602363" lon="39.368288">
      <ele>216</ele>
    </trkpt>
    <trkpt lat="52.602545" lon="39.367451">
      <ele>214</ele>
    </trkpt>
    <trkpt lat="52.602265" lon="39.367038">
      <ele>215</ele>
    </trkpt>
    <trkpt lat="52.60168" lon="39.365678">
      <ele>214</ele>
    </trkpt>
    <trkpt lat="52.601607" lon="39.365515">
      <ele>214</ele>
    </trkpt>
    <trkpt lat="52.601117" lon="39.363661">
      <ele>214</ele>
    </trkpt>
    <trkpt lat="52.600623" lon="39.362103">
      <ele>215</ele>
    </trkpt>
    <trkpt lat="52.600232" lon="39.360966">
      <ele>216</ele>
    </trkpt>
    <trkpt lat="52.599698" lon="39.359507">
      <ele>213</ele>
    </trkpt>
    <trkpt lat="52.599294" lon="39.358519">
      <ele>212</ele>
    </trkpt>
    <trkpt lat="52.598746" lon="39.357296">
      <ele>212</ele>
    </trkpt>
    <trkpt lat="52.598134" lon="39.356266">
      <ele>211</ele>
    </trkpt>
    <trkpt lat="52.597691" lon="39.355558">
      <ele>208</ele>
    </trkpt>
    <trkpt lat="52.597423" lon="39.355054">
      <ele>206</ele>
    </trkpt>
    <trkpt lat="52.597326" lon="39.354872">
      <ele>205</ele>
    </trkpt>
    <trkpt lat="52.596882" lon="39.353391">
      <ele>204</ele>
    </trkpt>
    <trkpt lat="52.596338" lon="39.352034">
      <ele>199</ele>
    </trkpt>
    <trkpt lat="52.595911" lon="39.350575">
      <ele>192</ele>
    </trkpt>
    <trkpt lat="52.595889" lon="39.349931">
      <ele>190</ele>
    </trkpt>
    <trkpt lat="52.595677" lon="39.349295">
      <ele>191</ele>
    </trkpt>
    <trkpt lat="52.595419" lon="39.348829">
      <ele>191</ele>
    </trkpt>
    <trkpt lat="52.595357" lon="39.348386">
      <ele>192</ele>
    </trkpt>
    <trkpt lat="52.595292" lon="39.34749">
      <ele>193</ele>
    </trkpt>
    <trkpt lat="52.595227" lon="39.346396">
      <ele>195</ele>
    </trkpt>
    <trkpt lat="52.595041" lon="39.345296">
      <ele>198</ele>
    </trkpt>
    <trkpt lat="52.595025" lon="39.345076">
      <ele>197</ele>
    </trkpt>
    <trkpt lat="52.594849" lon="39.343757">
      <ele>202</ele>
    </trkpt>
    <trkpt lat="52.593899" lon="39.339639">
      <ele>207</ele>
    </trkpt>
    <trkpt lat="52.593772" lon="39.339521">
      <ele>207</ele>
    </trkpt>
    <trkpt lat="52.593327" lon="39.339422">
      <ele>206</ele>
    </trkpt>
    <trkpt lat="52.593045" lon="39.339489">
      <ele>205</ele>
    </trkpt>
    <trkpt lat="52.592128" lon="39.339811">
      <ele>201</ele>
    </trkpt>
    <trkpt lat="52.591439" lon="39.340007">
      <ele>200</ele>
    </trkpt>
    <trkpt lat="52.591357" lon="39.339819">
      <ele>200</ele>
    </trkpt>
    <trkpt lat="52.591328" lon="39.339159">
      <ele>201</ele>
    </trkpt>
    <trkpt lat="52.591814" lon="39.338009">
      <ele>204</ele>
    </trkpt>
    <trkpt lat="52.592035" lon="39.337105">
      <ele>207</ele>
    </trkpt>
    <trkpt lat="52.592153" lon="39.335348">
      <ele>212</ele>
    </trkpt>
    <trkpt lat="52.594849" lon="39.330112">
      <ele>216</ele>
    </trkpt>
    <trkpt lat="52.59554" lon="39.329747">
      <ele>217</ele>
    </trkpt>
    <trkpt lat="52.596074" lon="39.329211">
      <ele>216</ele>
    </trkpt>
    <trkpt lat="52.596311" lon="39.328522">
      <ele>215</ele>
    </trkpt>
    <trkpt lat="52.59648" lon="39.327685">
      <ele>215</ele>
    </trkpt>
    <trkpt lat="52.596765" lon="39.326872">
      <ele>214</ele>
    </trkpt>
    <trkpt lat="52.597925" lon="39.320757">
      <ele>216</ele>
    </trkpt>
    <trkpt lat="52.598707" lon="39.31668">
      <ele>222</ele>
    </trkpt>
    <trkpt lat="52.598865" lon="39.316291">
      <ele>225</ele>
    </trkpt>
    <trkpt lat="52.599007" lon="39.315156">
      <ele>221</ele>
    </trkpt>
    <trkpt lat="52.599183" lon="39.315022">
      <ele>218</ele>
    </trkpt>
    <trkpt lat="52.599455" lon="39.314856">
      <ele>223</ele>
    </trkpt>
    <trkpt lat="52.599724" lon="39.313609">
      <ele>222</ele>
    </trkpt>
    <trkpt lat="52.598471" lon="39.302424">
      <ele>229</ele>
    </trkpt>
    <trkpt lat="52.598069" lon="39.2992">
      <ele>224</ele>
    </trkpt>
    <trkpt lat="52.598086" lon="39.298108">
      <ele>220</ele>
    </trkpt>
    <trkpt lat="52.597808" lon="39.29729">
      <ele>225</ele>
    </trkpt>
    <trkpt lat="52.597697" lon="39.296035">
      <ele>226</ele>
    </trkpt>
    <trkpt lat="52.59765" lon="39.294645">
      <ele>225</ele>
    </trkpt>
    <trkpt lat="52.597585" lon="39.294195">
      <ele>225</ele>
    </trkpt>
    <trkpt lat="52.597461" lon="39.293122">
      <ele>225</ele>
    </trkpt>
    <trkpt lat="52.597215" lon="39.291958">
      <ele>225</ele>
    </trkpt>
    <trkpt lat="52.59741" lon="39.291217">
      <ele>224</ele>
    </trkpt>
    <trkpt lat="52.597368" lon="39.290831">
      <ele>224</ele>
    </trkpt>
    <trkpt lat="52.597958" lon="39.29055">
      <ele>224</ele>
    </trkpt>
    <trkpt lat="52.598512" lon="39.290292">
      <ele>224</ele>
    </trkpt>
    <trkpt lat="52.599269" lon="39.289938">
      <ele>225</ele>
    </trkpt>
    <trkpt lat="52.601201" lon="39.288959">
      <ele>226</ele>
    </trkpt>
    <trkpt lat="52.601638" lon="39.288736">
      <ele>226</ele>
    </trkpt>
    <trkpt lat="52.601985" lon="39.288533">
      <ele>226</ele>
    </trkpt>
    <trkpt lat="52.602788" lon="39.288144">
      <ele>224</ele>
    </trkpt>
    <trkpt lat="52.603708" lon="39.287926">
      <ele>224</ele>
    </trkpt>
    <trkpt lat="52.605235" lon="39.287782">
      <ele>223</ele>
    </trkpt>
    <trkpt lat="52.604855" lon="39.286945">
      <ele>224</ele>
    </trkpt>
    <trkpt lat="52.604422" lon="39.286081">
      <ele>224</ele>
    </trkpt>
    <trkpt lat="52.604272" lon="39.285802">
      <ele>223</ele>
    </trkpt>
    <trkpt lat="52.603767" lon="39.284885">
      <ele>222</ele>
    </trkpt>
    <trkpt lat="52.603163" lon="39.283777">
      <ele>219</ele>
    </trkpt>
    <trkpt lat="52.602747" lon="39.283377">
      <ele>218</ele>
    </trkpt>
    <trkpt lat="52.602446" lon="39.282779">
      <ele>218</ele>
    </trkpt>
    <trkpt lat="52.602382" lon="39.282519">
      <ele>218</ele>
    </trkpt>
    <trkpt lat="52.601522" lon="39.280915">
      <ele>221</ele>
    </trkpt>
    <trkpt lat="52.601162" lon="39.280105">
      <ele>224</ele>
    </trkpt>
    <trkpt lat="52.601071" lon="39.279858">
      <ele>224</ele>
    </trkpt>
    <trkpt lat="52.601082" lon="39.279528">
      <ele>224</ele>
    </trkpt>
    <trkpt lat="52.600903" lon="39.278804">
      <ele>224</ele>
    </trkpt>
    <trkpt lat="52.600732" lon="39.278544">
      <ele>224</ele>
    </trkpt>
    <trkpt lat="52.600379" lon="39.277112">
      <ele>223</ele>
    </trkpt>
    <trkpt lat="52.597083" lon="39.263127">
      <ele>221</ele>
    </trkpt>
    <trkpt lat="52.595678" lon="39.257357">
      <ele>226</ele>
    </trkpt>
    <trkpt lat="52.595463" lon="39.256368">
      <ele>226</ele>
    </trkpt>
    <trkpt lat="52.595048" lon="39.254455">
      <ele>223</ele>
    </trkpt>
    <trkpt lat="52.594908" lon="39.253878">
      <ele>222</ele>
    </trkpt>
    <trkpt lat="52.594901" lon="39.253278">
      <ele>222</ele>
    </trkpt>
    <trkpt lat="52.594939" lon="39.252875">
      <ele>222</ele>
    </trkpt>
    <trkpt lat="52.595012" lon="39.252087">
      <ele>219</ele>
    </trkpt>
    <trkpt lat="52.595157" lon="39.251076">
      <ele>219</ele>
    </trkpt>
    <trkpt lat="52.5953" lon="39.249708">
      <ele>216</ele>
    </trkpt>
    <trkpt lat="52.595362" lon="39.249236">
      <ele>215</ele>
    </trkpt>
    <trkpt lat="52.595683" lon="39.247605">
      <ele>211</ele>
    </trkpt>
    <trkpt lat="52.595972" lon="39.246135">
      <ele>210</ele>
    </trkpt>
    <trkpt lat="52.596042" lon="39.245558">
      <ele>210</ele>
    </trkpt>
    <trkpt lat="52.596073" lon="39.244341">
      <ele>209</ele>
    </trkpt>
    <trkpt lat="52.596241" lon="39.242501">
      <ele>208</ele>
    </trkpt>
    <trkpt lat="52.596501" lon="39.239802">
      <ele>209</ele>
    </trkpt>
    <trkpt lat="52.596972" lon="39.23774">
      <ele>208</ele>
    </trkpt>
    <trkpt lat="52.597713" lon="39.234137">
      <ele>206</ele>
    </trkpt>
    <trkpt lat="52.598067" lon="39.231957">
      <ele>204</ele>
    </trkpt>
    <trkpt lat="52.598135" lon="39.231343">
      <ele>205</ele>
    </trkpt>
    <trkpt lat="52.598117" lon="39.230726">
      <ele>209</ele>
    </trkpt>
    <trkpt lat="52.598271" lon="39.229776">
      <ele>207</ele>
    </trkpt>
    <trkpt lat="52.59852" lon="39.228875">
      <ele>204</ele>
    </trkpt>
    <trkpt lat="52.59864" lon="39.22774">
      <ele>208</ele>
    </trkpt>
    <trkpt lat="52.598746" lon="39.226893">
      <ele>205</ele>
    </trkpt>
    <trkpt lat="52.598779" lon="39.226327">
      <ele>203</ele>
    </trkpt>
    <trkpt lat="52.598748" lon="39.225729">
      <ele>203</ele>
    </trkpt>
    <trkpt lat="52.598637" lon="39.224149">
      <ele>204</ele>
    </trkpt>
    <trkpt lat="52.598531" lon="39.223645">
      <ele>204</ele>
    </trkpt>
    <trkpt lat="52.598336" lon="39.223237">
      <ele>204</ele>
    </trkpt>
    <trkpt lat="52.597678" lon="39.222113">
      <ele>203</ele>
    </trkpt>
    <trkpt lat="52.597443" lon="39.221585">
      <ele>203</ele>
    </trkpt>
    <trkpt lat="52.59733" lon="39.220871">
      <ele>202</ele>
    </trkpt>
    <trkpt lat="52.597058" lon="39.219377">
      <ele>200</ele>
    </trkpt>
    <trkpt lat="52.596638" lon="39.216488">
      <ele>202</ele>
    </trkpt>
    <trkpt lat="52.596592" lon="39.215638">
      <ele>202</ele>
    </trkpt>
    <trkpt lat="52.596679" lon="39.214817">
      <ele>201</ele>
    </trkpt>
    <trkpt lat="52.596812" lon="39.213356">
      <ele>200</ele>
    </trkpt>
    <trkpt lat="52.597023" lon="39.211709">
      <ele>200</ele>
    </trkpt>
    <trkpt lat="52.597052" lon="39.210622">
      <ele>200</ele>
    </trkpt>
    <trkpt lat="52.596946" lon="39.209">
      <ele>198</ele>
    </trkpt>
    <trkpt lat="52.596881" lon="39.207954">
      <ele>198</ele>
    </trkpt>
    <trkpt lat="52.596894" lon="39.205564">
      <ele>193</ele>
    </trkpt>
    <trkpt lat="52.596931" lon="39.203233">
      <ele>187</ele>
    </trkpt>
    <trkpt lat="52.596941" lon="39.199408">
      <ele>178</ele>
    </trkpt>
    <trkpt lat="52.596988" lon="39.197826">
      <ele>173</ele>
    </trkpt>
    <trkpt lat="52.596953" lon="39.195441">
      <ele>165</ele>
    </trkpt>
    <trkpt lat="52.596904" lon="39.194859">
      <ele>164</ele>
    </trkpt>
    <trkpt lat="52.596822" lon="39.194242">
      <ele>163</ele>
    </trkpt>
    <trkpt lat="52.596723" lon="39.193558">
      <ele>160</ele>
    </trkpt>
    <trkpt lat="52.596643" lon="39.192984">
      <ele>158</ele>
    </trkpt>
    <trkpt lat="52.596571" lon="39.192735">
      <ele>159</ele>
    </trkpt>
    <trkpt lat="52.596693" lon="39.192512">
      <ele>158</ele>
    </trkpt>
    <trkpt lat="52.596768" lon="39.19241">
      <ele>157</ele>
    </trkpt>
    <trkpt lat="52.596641" lon="39.192282">
      <ele>158</ele>
    </trkpt>
    <trkpt lat="52.596283" lon="39.191541">
      <ele>157</ele>
    </trkpt>
    <trkpt lat="52.595747" lon="39.190876">
      <ele>156</ele>
    </trkpt>
    <trkpt lat="52.595683" lon="39.190723">
      <ele>156</ele>
    </trkpt>
    <trkpt lat="52.595436" lon="39.190326">
      <ele>156</ele>
    </trkpt>
    <trkpt lat="52.595317" lon="39.190007">
      <ele>157</ele>
    </trkpt>
    <trkpt lat="52.595271" lon="39.18946">
      <ele>158</ele>
    </trkpt>
    <trkpt lat="52.595193" lon="39.188988">
      <ele>161</ele>
    </trkpt>
    <trkpt lat="52.595032" lon="39.18854">
      <ele>161</ele>
    </trkpt>
    <trkpt lat="52.594934" lon="39.18832">
      <ele>162</ele>
    </trkpt>
    <trkpt lat="52.594849" lon="39.188127">
      <ele>162</ele>
    </trkpt>
    <trkpt lat="52.594693" lon="39.187521">
      <ele>162</ele>
    </trkpt>
    <trkpt lat="52.594522" lon="39.186517">
      <ele>163</ele>
    </trkpt>
    <trkpt lat="52.594393" lon="39.185713">
      <ele>163</ele>
    </trkpt>
    <trkpt lat="52.594267" lon="39.185096">
      <ele>164</ele>
    </trkpt>
    <trkpt lat="52.59408" lon="39.18435">
      <ele>163</ele>
    </trkpt>
    <trkpt lat="52.593859" lon="39.183749">
      <ele>164</ele>
    </trkpt>
    <trkpt lat="52.593782" lon="39.183377">
      <ele>164</ele>
    </trkpt>
    <trkpt lat="52.593653" lon="39.182926">
      <ele>164</ele>
    </trkpt>
    <trkpt lat="52.593495" lon="39.18218">
      <ele>164</ele>
    </trkpt>
    <trkpt lat="52.593389" lon="39.181778">
      <ele>165</ele>
    </trkpt>
    <trkpt lat="52.593202" lon="39.181137">
      <ele>166</ele>
    </trkpt>
    <trkpt lat="52.593119" lon="39.180606">
      <ele>167</ele>
    </trkpt>
    <trkpt lat="52.592961" lon="39.179061">
      <ele>170</ele>
    </trkpt>
    <trkpt lat="52.59283" lon="39.177653">
      <ele>171</ele>
    </trkpt>
    <trkpt lat="52.592811" lon="39.17677">
      <ele>171</ele>
    </trkpt>
    <trkpt lat="52.592845" lon="39.175917">
      <ele>173</ele>
    </trkpt>
    <trkpt lat="52.592974" lon="39.175148">
      <ele>173</ele>
    </trkpt>
    <trkpt lat="52.593177" lon="39.174284">
      <ele>174</ele>
    </trkpt>
    <trkpt lat="52.593642" lon="39.172865">
      <ele>173</ele>
    </trkpt>
    <trkpt lat="52.595074" lon="39.16915">
      <ele>173</ele>
    </trkpt>
    <trkpt lat="52.596192" lon="39.166202">
      <ele>174</ele>
    </trkpt>
    <trkpt lat="52.597238" lon="39.163386">
      <ele>174</ele>
    </trkpt>
    <trkpt lat="52.599043" lon="39.158593">
      <ele>176</ele>
    </trkpt>
    <trkpt lat="52.599189" lon="39.158223">
      <ele>176</ele>
    </trkpt>
    <trkpt lat="52.599284" lon="39.157981">
      <ele>177</ele>
    </trkpt>
    <trkpt lat="52.597503" lon="39.154596">
      <ele>176</ele>
    </trkpt>
    <trkpt lat="52.597093" lon="39.153626">
      <ele>174</ele>
    </trkpt>
    <trkpt lat="52.596811" lon="39.152979">
      <ele>172</ele>
    </trkpt>
    <trkpt lat="52.596042" lon="39.150705">
      <ele>170</ele>
    </trkpt>
    <trkpt lat="52.595502" lon="39.149409">
      <ele>159</ele>
    </trkpt>
    <trkpt lat="52.595431" lon="39.149184">
      <ele>157</ele>
    </trkpt>
    <trkpt lat="52.595364" lon="39.148902">
      <ele>156</ele>
    </trkpt>
    <trkpt lat="52.59534" lon="39.148669">
      <ele>155</ele>
    </trkpt>
    <trkpt lat="52.595346" lon="39.148207">
      <ele>154</ele>
    </trkpt>
    <trkpt lat="52.595294" lon="39.147971">
      <ele>153</ele>
    </trkpt>
    <trkpt lat="52.595379" lon="39.147456">
      <ele>153</ele>
    </trkpt>
    <trkpt lat="52.59539" lon="39.147153">
      <ele>155</ele>
    </trkpt>
    <trkpt lat="52.595366" lon="39.146877">
      <ele>156</ele>
    </trkpt>
    <trkpt lat="52.595235" lon="39.146598">
      <ele>159</ele>
    </trkpt>
    <trkpt lat="52.595307" lon="39.145818">
      <ele>161</ele>
    </trkpt>
    <trkpt lat="52.59534" lon="39.145437">
      <ele>159</ele>
    </trkpt>
    <trkpt lat="52.595364" lon="39.145179">
      <ele>159</ele>
    </trkpt>
    <trkpt lat="52.595344" lon="39.144696">
      <ele>158</ele>
    </trkpt>
    <trkpt lat="52.595344" lon="39.143774">
      <ele>160</ele>
    </trkpt>
    <trkpt lat="52.595247" lon="39.142969">
      <ele>162</ele>
    </trkpt>
    <trkpt lat="52.595136" lon="39.142261">
      <ele>165</ele>
    </trkpt>
    <trkpt lat="52.595058" lon="39.141499">
      <ele>165</ele>
    </trkpt>
    <trkpt lat="52.595006" lon="39.140426">
      <ele>166</ele>
    </trkpt>
    <trkpt lat="52.594908" lon="39.139826">
      <ele>168</ele>
    </trkpt>
    <trkpt lat="52.594675" lon="39.138989">
      <ele>170</ele>
    </trkpt>
    <trkpt lat="52.594473" lon="39.138474">
      <ele>170</ele>
    </trkpt>
    <trkpt lat="52.594626" lon="39.137927">
      <ele>171</ele>
    </trkpt>
    <trkpt lat="52.594949" lon="39.137312">
      <ele>171</ele>
    </trkpt>
    <trkpt lat="52.595028" lon="39.137084">
      <ele>171</ele>
    </trkpt>
    <trkpt lat="52.595165" lon="39.136599">
      <ele>171</ele>
    </trkpt>
    <trkpt lat="52.595924" lon="39.135118">
      <ele>173</ele>
    </trkpt>
    <trkpt lat="52.596395" lon="39.134469">
      <ele>173</ele>
    </trkpt>
    <trkpt lat="52.596935" lon="39.133673">
      <ele>172</ele>
    </trkpt>
    <trkpt lat="52.597485" lon="39.13349">
      <ele>170</ele>
    </trkpt>
    <trkpt lat="52.597954" lon="39.133418">
      <ele>169</ele>
    </trkpt>
    <trkpt lat="52.598595" lon="39.13253">
      <ele>168</ele>
    </trkpt>
    <trkpt lat="52.599026" lon="39.131816">
      <ele>166</ele>
    </trkpt>
    <trkpt lat="52.599145" lon="39.131347">
      <ele>165</ele>
    </trkpt>
    <trkpt lat="52.599471" lon="39.131143">
      <ele>164</ele>
    </trkpt>
    <trkpt lat="52.599978" lon="39.130588">
      <ele>162</ele>
    </trkpt>
    <trkpt lat="52.600356" lon="39.130191">
      <ele>160</ele>
    </trkpt>
    <trkpt lat="52.60084" lon="39.12985">
      <ele>159</ele>
    </trkpt>
    <trkpt lat="52.601097" lon="39.129794">
      <ele>159</ele>
    </trkpt>
    <trkpt lat="52.601447" lon="39.129692">
      <ele>158</ele>
    </trkpt>
    <trkpt lat="52.601626" lon="39.129732">
      <ele>156</ele>
    </trkpt>
    <trkpt lat="52.601765" lon="39.129765">
      <ele>156</ele>
    </trkpt>
    <trkpt lat="52.601863" lon="39.129765">
      <ele>155</ele>
    </trkpt>
    <trkpt lat="52.601905" lon="39.12974">
      <ele>155</ele>
    </trkpt>
    <trkpt lat="52.602303" lon="39.129542">
      <ele>154</ele>
    </trkpt>
    <trkpt lat="52.602371" lon="39.12881">
      <ele>153</ele>
    </trkpt>
    <trkpt lat="52.602443" lon="39.128131">
      <ele>152</ele>
    </trkpt>
    <trkpt lat="52.602527" lon="39.127359">
      <ele>152</ele>
    </trkpt>
    <trkpt lat="52.60261" lon="39.126626">
      <ele>152</ele>
    </trkpt>
    <trkpt lat="52.602741" lon="39.125613">
      <ele>153</ele>
    </trkpt>
    <trkpt lat="52.603958" lon="39.116348">
      <ele>153</ele>
    </trkpt>
    <trkpt lat="52.604111" lon="39.115039">
      <ele>151</ele>
    </trkpt>
    <trkpt lat="52.604208" lon="39.113972">
      <ele>154</ele>
    </trkpt>
    <trkpt lat="52.604371" lon="39.112963">
      <ele>151</ele>
    </trkpt>
    <trkpt lat="52.604498" lon="39.112344">
      <ele>149</ele>
    </trkpt>
    <trkpt lat="52.604549" lon="39.111872">
      <ele>146</ele>
    </trkpt>
    <trkpt lat="52.604322" lon="39.111614">
      <ele>146</ele>
    </trkpt>
    <trkpt lat="52.604233" lon="39.111429">
      <ele>145</ele>
    </trkpt>
    <trkpt lat="52.604233" lon="39.110968">
      <ele>142</ele>
    </trkpt>
    <trkpt lat="52.604296" lon="39.110345">
      <ele>143</ele>
    </trkpt>
    <trkpt lat="52.604402" lon="39.109865">
      <ele>144</ele>
    </trkpt>
    <trkpt lat="52.604562" lon="39.109141">
      <ele>146</ele>
    </trkpt>
    <trkpt lat="52.60465" lon="39.108334">
      <ele>147</ele>
    </trkpt>
    <trkpt lat="52.605042" lon="39.105681">
      <ele>148</ele>
    </trkpt>
    <trkpt lat="52.605166" lon="39.104976">
      <ele>148</ele>
    </trkpt>
    <trkpt lat="52.605223" lon="39.104372">
      <ele>149</ele>
    </trkpt>
    <trkpt lat="52.605277" lon="39.10331">
      <ele>151</ele>
    </trkpt>
    <trkpt lat="52.605352" lon="39.102822">
      <ele>150</ele>
    </trkpt>
    <trkpt lat="52.605505" lon="39.102564">
      <ele>150</ele>
    </trkpt>
    <trkpt lat="52.605608" lon="39.102438">
      <ele>149</ele>
    </trkpt>
    <trkpt lat="52.605756" lon="39.102256">
      <ele>148</ele>
    </trkpt>
    <trkpt lat="52.606645" lon="39.100708">
      <ele>146</ele>
    </trkpt>
    <trkpt lat="52.60724" lon="39.099716">
      <ele>144</ele>
    </trkpt>
    <trkpt lat="52.607483" lon="39.099389">
      <ele>142</ele>
    </trkpt>
    <trkpt lat="52.607795" lon="39.09868">
      <ele>141</ele>
    </trkpt>
    <trkpt lat="52.607927" lon="39.098238">
      <ele>140</ele>
    </trkpt>
    <trkpt lat="52.60803" lon="39.097806">
      <ele>139</ele>
    </trkpt>
    <trkpt lat="52.608084" lon="39.097578">
      <ele>138</ele>
    </trkpt>
    <trkpt lat="52.608269" lon="39.096891">
      <ele>139</ele>
    </trkpt>
    <trkpt lat="52.608468" lon="39.096395">
      <ele>141</ele>
    </trkpt>
    <trkpt lat="52.608764" lon="39.095435">
      <ele>143</ele>
    </trkpt>
    <trkpt lat="52.608812" lon="39.095231">
      <ele>143</ele>
    </trkpt>
    <trkpt lat="52.609002" lon="39.094397">
      <ele>143</ele>
    </trkpt>
    <trkpt lat="52.609201" lon="39.093745">
      <ele>143</ele>
    </trkpt>
    <trkpt lat="52.609558" lon="39.092511">
      <ele>144</ele>
    </trkpt>
    <trkpt lat="52.609914" lon="39.091098">
      <ele>143</ele>
    </trkpt>
    <trkpt lat="52.610032" lon="39.090387">
      <ele>143</ele>
    </trkpt>
    <trkpt lat="52.610354" lon="39.089397">
      <ele>144</ele>
    </trkpt>
    <trkpt lat="52.610822" lon="39.087632">
      <ele>143</ele>
    </trkpt>
    <trkpt lat="52.611111" lon="39.086509">
      <ele>143</ele>
    </trkpt>
    <trkpt lat="52.611297" lon="39.085886">
      <ele>142</ele>
    </trkpt>
    <trkpt lat="52.611457" lon="39.08521">
      <ele>141</ele>
    </trkpt>
    <trkpt lat="52.61161" lon="39.084524">
      <ele>142</ele>
    </trkpt>
    <trkpt lat="52.611704" lon="39.083995">
      <ele>142</ele>
    </trkpt>
    <trkpt lat="52.611817" lon="39.083368">
      <ele>142</ele>
    </trkpt>
    <trkpt lat="52.612032" lon="39.082472">
      <ele>141</ele>
    </trkpt>
    <trkpt lat="52.6121" lon="39.081855">
      <ele>142</ele>
    </trkpt>
    <trkpt lat="52.61226" lon="39.080618">
      <ele>144</ele>
    </trkpt>
    <trkpt lat="52.612282" lon="39.080299">
      <ele>144</ele>
    </trkpt>
    <trkpt lat="52.612393" lon="39.079513">
      <ele>142</ele>
    </trkpt>
    <trkpt lat="52.612458" lon="39.079023">
      <ele>144</ele>
    </trkpt>
    <trkpt lat="52.612533" lon="39.078344">
      <ele>144</ele>
    </trkpt>
    <trkpt lat="52.612551" lon="39.077901">
      <ele>144</ele>
    </trkpt>
    <trkpt lat="52.6126" lon="39.077429">
      <ele>143</ele>
    </trkpt>
    <trkpt lat="52.61262" lon="39.07655">
      <ele>143</ele>
    </trkpt>
    <trkpt lat="52.612594" lon="39.076067">
      <ele>142</ele>
    </trkpt>
    <trkpt lat="52.612502" lon="39.075584">
      <ele>142</ele>
    </trkpt>
    <trkpt lat="52.612326" lon="39.074769">
      <ele>143</ele>
    </trkpt>
    <trkpt lat="52.612146" lon="39.074018">
      <ele>144</ele>
    </trkpt>
    <trkpt lat="52.611857" lon="39.072945">
      <ele>144</ele>
    </trkpt>
    <trkpt lat="52.61176" lon="39.072355">
      <ele>145</ele>
    </trkpt>
    <trkpt lat="52.611649" lon="39.071689">
      <ele>144</ele>
    </trkpt>
    <trkpt lat="52.611442" lon="39.071137">
      <ele>145</ele>
    </trkpt>
    <trkpt lat="52.611151" lon="39.07104">
      <ele>146</ele>
    </trkpt>
    <trkpt lat="52.610926" lon="39.070904">
      <ele>146</ele>
    </trkpt>
    <trkpt lat="52.610716" lon="39.070633">
      <ele>146</ele>
    </trkpt>
    <trkpt lat="52.610458" lon="39.070201">
      <ele>147</ele>
    </trkpt>
    <trkpt lat="52.609947" lon="39.069093">
      <ele>149</ele>
    </trkpt>
    <trkpt lat="52.609494" lon="39.06817">
      <ele>151</ele>
    </trkpt>
    <trkpt lat="52.608631" lon="39.066674">
      <ele>154</ele>
    </trkpt>
    <trkpt lat="52.608375" lon="39.066279">
      <ele>155</ele>
    </trkpt>
    <trkpt lat="52.607994" lon="39.06574">
      <ele>156</ele>
    </trkpt>
    <trkpt lat="52.607748" lon="39.065346">
      <ele>157</ele>
    </trkpt>
    <trkpt lat="52.607505" lon="39.064995">
      <ele>158</ele>
    </trkpt>
    <trkpt lat="52.607168" lon="39.064383">
      <ele>159</ele>
    </trkpt>
    <trkpt lat="52.606958" lon="39.063978">
      <ele>161</ele>
    </trkpt>
    <trkpt lat="52.606732" lon="39.063544">
      <ele>162</ele>
    </trkpt>
    <trkpt lat="52.606569" lon="39.063168">
      <ele>162</ele>
    </trkpt>
    <trkpt lat="52.606761" lon="39.063018">
      <ele>161</ele>
    </trkpt>
    <trkpt lat="52.606938" lon="39.062776">
      <ele>161</ele>
    </trkpt>
    <trkpt lat="52.607074" lon="39.062473">
      <ele>162</ele>
    </trkpt>
    <trkpt lat="52.607183" lon="39.062162">
      <ele>162</ele>
    </trkpt>
    <trkpt lat="52.607815" lon="39.059842">
      <ele>156</ele>
    </trkpt>
    <trkpt lat="52.608273" lon="39.058335">
      <ele>153</ele>
    </trkpt>
    <trkpt lat="52.608551" lon="39.057353">
      <ele>150</ele>
    </trkpt>
    <trkpt lat="52.608833" lon="39.056353">
      <ele>148</ele>
    </trkpt>
    <trkpt lat="52.609758" lon="39.053059">
      <ele>142</ele>
    </trkpt>
    <trkpt lat="52.609795" lon="39.052938">
      <ele>141</ele>
    </trkpt>
    <trkpt lat="52.609898" lon="39.052434">
      <ele>140</ele>
    </trkpt>
    <trkpt lat="52.609852" lon="39.051685">
      <ele>138</ele>
    </trkpt>
    <trkpt lat="52.609867" lon="39.050822">
      <ele>133</ele>
    </trkpt>
    <trkpt lat="52.609883" lon="39.050535">
      <ele>133</ele>
    </trkpt>
    <trkpt lat="52.609929" lon="39.04991">
      <ele>132</ele>
    </trkpt>
    <trkpt lat="52.609957" lon="39.049599">
      <ele>133</ele>
    </trkpt>
    <trkpt lat="52.609911" lon="39.049341">
      <ele>134</ele>
    </trkpt>
    <trkpt lat="52.609826" lon="39.049132">
      <ele>136</ele>
    </trkpt>
    <trkpt lat="52.609579" lon="39.048703">
      <ele>138</ele>
    </trkpt>
    <trkpt lat="52.609507" lon="39.048478">
      <ele>138</ele>
    </trkpt>
    <trkpt lat="52.609468" lon="39.048148">
      <ele>138</ele>
    </trkpt>
    <trkpt lat="52.609486" lon="39.047466">
      <ele>139</ele>
    </trkpt>
    <trkpt lat="52.609494" lon="39.047147">
      <ele>140</ele>
    </trkpt>
    <trkpt lat="52.609533" lon="39.045865">
      <ele>139</ele>
    </trkpt>
    <trkpt lat="52.60972" lon="39.042317">
      <ele>137</ele>
    </trkpt>
    <trkpt lat="52.609763" lon="39.041681">
      <ele>137</ele>
    </trkpt>
    <trkpt lat="52.609768" lon="39.0416">
      <ele>137</ele>
    </trkpt>
    <trkpt lat="52.609937" lon="39.039312">
      <ele>135</ele>
    </trkpt>
    <trkpt lat="52.609992" lon="39.03861">
      <ele>132</ele>
    </trkpt>
    <trkpt lat="52.610082" lon="39.037204">
      <ele>132</ele>
    </trkpt>
    <trkpt lat="52.610137" lon="39.036394">
      <ele>135</ele>
    </trkpt>
    <trkpt lat="52.610194" lon="39.035632">
      <ele>138</ele>
    </trkpt>
    <trkpt lat="52.610541" lon="39.031805">
      <ele>144</ele>
    </trkpt>
    <trkpt lat="52.610698" lon="39.029973">
      <ele>147</ele>
    </trkpt>
    <trkpt lat="52.610792" lon="39.028463">
      <ele>148</ele>
    </trkpt>
    <trkpt lat="52.610804" lon="39.028074">
      <ele>147</ele>
    </trkpt>
    <trkpt lat="52.610888" lon="39.026255">
      <ele>153</ele>
    </trkpt>
    <trkpt lat="52.610913" lon="39.025743">
      <ele>154</ele>
    </trkpt>
    <trkpt lat="52.610986" lon="39.023589">
      <ele>151</ele>
    </trkpt>
    <trkpt lat="52.611046" lon="39.021106">
      <ele>148</ele>
    </trkpt>
    <trkpt lat="52.611072" lon="39.019856">
      <ele>141</ele>
    </trkpt>
    <trkpt lat="52.611074" lon="39.019022">
      <ele>137</ele>
    </trkpt>
    <trkpt lat="52.611159" lon="39.017383">
      <ele>133</ele>
    </trkpt>
    <trkpt lat="52.611274" lon="39.015366">
      <ele>135</ele>
    </trkpt>
    <trkpt lat="52.611318" lon="39.014365">
      <ele>136</ele>
    </trkpt>
    <trkpt lat="52.611313" lon="39.012128">
      <ele>138</ele>
    </trkpt>
    <trkpt lat="52.611325" lon="39.011216">
      <ele>139</ele>
    </trkpt>
    <trkpt lat="52.611377" lon="39.010409">
      <ele>139</ele>
    </trkpt>
    <trkpt lat="52.611479" lon="39.009618">
      <ele>137</ele>
    </trkpt>
    <trkpt lat="52.611558" lon="39.009103">
      <ele>135</ele>
    </trkpt>
    <trkpt lat="52.611569" lon="39.008843">
      <ele>135</ele>
    </trkpt>
    <trkpt lat="52.611538" lon="39.008569">
      <ele>134</ele>
    </trkpt>
    <trkpt lat="52.611357" lon="39.007727">
      <ele>131</ele>
    </trkpt>
    <trkpt lat="52.611323" lon="39.007335">
      <ele>135</ele>
    </trkpt>
    <trkpt lat="52.611352" lon="39.006903">
      <ele>137</ele>
    </trkpt>
    <trkpt lat="52.611509" lon="39.005562">
      <ele>140</ele>
    </trkpt>
    <trkpt lat="52.611569" lon="39.005063">
      <ele>139</ele>
    </trkpt>
    <trkpt lat="52.611655" lon="39.00464">
      <ele>139</ele>
    </trkpt>
    <trkpt lat="52.612287" lon="39.002845">
      <ele>138</ele>
    </trkpt>
    <trkpt lat="52.612567" lon="39.00207">
      <ele>137</ele>
    </trkpt>
    <trkpt lat="52.612843" lon="39.001402">
      <ele>136</ele>
    </trkpt>
    <trkpt lat="52.613497" lon="38.999793">
      <ele>132</ele>
    </trkpt>
    <trkpt lat="52.613725" lon="38.999366">
      <ele>128</ele>
    </trkpt>
    <trkpt lat="52.614142" lon="38.998513">
      <ele>127</ele>
    </trkpt>
    <trkpt lat="52.614167" lon="38.998422">
      <ele>128</ele>
    </trkpt>
    <trkpt lat="52.614234" lon="38.998202">
      <ele>130</ele>
    </trkpt>
    <trkpt lat="52.614424" lon="38.996864">
      <ele>135</ele>
    </trkpt>
    <trkpt lat="52.614602" lon="38.995989">
      <ele>136</ele>
    </trkpt>
    <trkpt lat="52.614777" lon="38.995204">
      <ele>137</ele>
    </trkpt>
    <trkpt lat="52.615043" lon="38.994085">
      <ele>139</ele>
    </trkpt>
    <trkpt lat="52.615248" lon="38.992897">
      <ele>138</ele>
    </trkpt>
    <trkpt lat="52.615593" lon="38.990732">
      <ele>137</ele>
    </trkpt>
    <trkpt lat="52.615613" lon="38.990601">
      <ele>137</ele>
    </trkpt>
    <trkpt lat="52.615652" lon="38.990317">
      <ele>138</ele>
    </trkpt>
    <trkpt lat="52.615803" lon="38.988672">
      <ele>135</ele>
    </trkpt>
    <trkpt lat="52.615829" lon="38.988385">
      <ele>135</ele>
    </trkpt>
    <trkpt lat="52.615883" lon="38.987827">
      <ele>135</ele>
    </trkpt>
    <trkpt lat="52.616137" lon="38.98559">
      <ele>133</ele>
    </trkpt>
    <trkpt lat="52.616316" lon="38.9844">
      <ele>133</ele>
    </trkpt>
    <trkpt lat="52.616403" lon="38.983869">
      <ele>133</ele>
    </trkpt>
    <trkpt lat="52.61688" lon="38.98105">
      <ele>133</ele>
    </trkpt>
    <trkpt lat="52.616999" lon="38.980331">
      <ele>132</ele>
    </trkpt>
    <trkpt lat="52.617813" lon="38.976286">
      <ele>129</ele>
    </trkpt>
    <trkpt lat="52.617852" lon="38.976087">
      <ele>130</ele>
    </trkpt>
    <trkpt lat="52.617917" lon="38.975827">
      <ele>130</ele>
    </trkpt>
    <trkpt lat="52.617986" lon="38.975725">
      <ele>130</ele>
    </trkpt>
    <trkpt lat="52.617968" lon="38.97546">
      <ele>129</ele>
    </trkpt>
    <trkpt lat="52.617982" lon="38.975095">
      <ele>127</ele>
    </trkpt>
    <trkpt lat="52.617986" lon="38.97502">
      <ele>127</ele>
    </trkpt>
    <trkpt lat="52.618013" lon="38.974545">
      <ele>127</ele>
    </trkpt>
    <trkpt lat="52.618052" lon="38.974151">
      <ele>128</ele>
    </trkpt>
    <trkpt lat="52.618087" lon="38.973848">
      <ele>128</ele>
    </trkpt>
    <trkpt lat="52.618196" lon="38.973094">
      <ele>126</ele>
    </trkpt>
    <trkpt lat="52.618218" lon="38.972922">
      <ele>126</ele>
    </trkpt>
    <trkpt lat="52.618269" lon="38.972209">
      <ele>124</ele>
    </trkpt>
    <trkpt lat="52.618272" lon="38.972126">
      <ele>124</ele>
    </trkpt>
    <trkpt lat="52.618258" lon="38.971769">
      <ele>125</ele>
    </trkpt>
    <trkpt lat="52.61824" lon="38.971367">
      <ele>126</ele>
    </trkpt>
    <trkpt lat="52.618183" lon="38.971123">
      <ele>127</ele>
    </trkpt>
    <trkpt lat="52.618002" lon="38.970691">
      <ele>128</ele>
    </trkpt>
    <trkpt lat="52.617911" lon="38.970452">
      <ele>128</ele>
    </trkpt>
    <trkpt lat="52.617823" lon="38.970187">
      <ele>128</ele>
    </trkpt>
    <trkpt lat="52.617802" lon="38.969492">
      <ele>126</ele>
    </trkpt>
    <trkpt lat="52.617831" lon="38.968811">
      <ele>127</ele>
    </trkpt>
    <trkpt lat="52.617854" lon="38.968081">
      <ele>128</ele>
    </trkpt>
    <trkpt lat="52.617691" lon="38.967614">
      <ele>129</ele>
    </trkpt>
    <trkpt lat="52.616403" lon="38.965265">
      <ele>128</ele>
    </trkpt>
    <trkpt lat="52.61631" lon="38.965114">
      <ele>127</ele>
    </trkpt>
    <trkpt lat="52.616232" lon="38.9649">
      <ele>126</ele>
    </trkpt>
    <trkpt lat="52.616185" lon="38.964624">
      <ele>124</ele>
    </trkpt>
    <trkpt lat="52.616191" lon="38.964243">
      <ele>121</ele>
    </trkpt>
    <trkpt lat="52.616211" lon="38.964087">
      <ele>119</ele>
    </trkpt>
    <trkpt lat="52.616235" lon="38.964012">
      <ele>118</ele>
    </trkpt>
    <trkpt lat="52.616543" lon="38.963446">
      <ele>114</ele>
    </trkpt>
    <trkpt lat="52.616458" lon="38.963277">
      <ele>113</ele>
    </trkpt>
    <trkpt lat="52.616369" lon="38.963092">
      <ele>113</ele>
    </trkpt>
    <trkpt lat="52.616285" lon="38.962928">
      <ele>114</ele>
    </trkpt>
    <trkpt lat="52.616113" lon="38.962625">
      <ele>117</ele>
    </trkpt>
    <trkpt lat="52.615957" lon="38.962462">
      <ele>119</ele>
    </trkpt>
    <trkpt lat="52.615502" lon="38.96192">
      <ele>122</ele>
    </trkpt>
    <trkpt lat="52.615222" lon="38.961569">
      <ele>123</ele>
    </trkpt>
    <trkpt lat="52.61496" lon="38.9613">
      <ele>124</ele>
    </trkpt>
    <trkpt lat="52.614642" lon="38.961046">
      <ele>123</ele>
    </trkpt>
    <trkpt lat="52.614517" lon="38.960842">
      <ele>123</ele>
    </trkpt>
    <trkpt lat="52.614431" lon="38.960643">
      <ele>124</ele>
    </trkpt>
    <trkpt lat="52.614186" lon="38.960303">
      <ele>126</ele>
    </trkpt>
    <trkpt lat="52.613927" lon="38.959806">
      <ele>126</ele>
    </trkpt>
    <trkpt lat="52.613694" lon="38.95927">
      <ele>126</ele>
    </trkpt>
    <trkpt lat="52.613528" lon="38.958854">
      <ele>127</ele>
    </trkpt>
    <trkpt lat="52.613401" lon="38.95853">
      <ele>127</ele>
    </trkpt>
    <trkpt lat="52.613286" lon="38.958143">
      <ele>126</ele>
    </trkpt>
    <trkpt lat="52.613185" lon="38.957808">
      <ele>125</ele>
    </trkpt>
    <trkpt lat="52.612874" lon="38.957417">
      <ele>128</ele>
    </trkpt>
    <trkpt lat="52.612683" lon="38.956851">
      <ele>128</ele>
    </trkpt>
    <trkpt lat="52.612528" lon="38.956454">
      <ele>129</ele>
    </trkpt>
    <trkpt lat="52.612294" lon="38.956193">
      <ele>131</ele>
    </trkpt>
    <trkpt lat="52.61211" lon="38.955896">
      <ele>132</ele>
    </trkpt>
    <trkpt lat="52.61189" lon="38.955362">
      <ele>133</ele>
    </trkpt>
    <trkpt lat="52.611025" lon="38.953704">
      <ele>135</ele>
    </trkpt>
    <trkpt lat="52.61062" lon="38.952717">
      <ele>135</ele>
    </trkpt>
    <trkpt lat="52.610475" lon="38.952489">
      <ele>135</ele>
    </trkpt>
    <trkpt lat="52.609892" lon="38.951395">
      <ele>138</ele>
    </trkpt>
    <trkpt lat="52.609668" lon="38.950891">
      <ele>139</ele>
    </trkpt>
    <trkpt lat="52.609453" lon="38.950352">
      <ele>139</ele>
    </trkpt>
    <trkpt lat="52.609289" lon="38.949968">
      <ele>140</ele>
    </trkpt>
    <trkpt lat="52.60908" lon="38.949729">
      <ele>140</ele>
    </trkpt>
    <trkpt lat="52.608773" lon="38.949568">
      <ele>141</ele>
    </trkpt>
    <trkpt lat="52.608626" lon="38.949434">
      <ele>142</ele>
    </trkpt>
    <trkpt lat="52.60865" lon="38.949188">
      <ele>142</ele>
    </trkpt>
    <trkpt lat="52.608641" lon="38.948892">
      <ele>142</ele>
    </trkpt>
    <trkpt lat="52.608393" lon="38.94801">
      <ele>142</ele>
    </trkpt>
    <trkpt lat="52.608242" lon="38.946497">
      <ele>140</ele>
    </trkpt>
    <trkpt lat="52.608128" lon="38.94503">
      <ele>138</ele>
    </trkpt>
    <trkpt lat="52.607958" lon="38.943568">
      <ele>137</ele>
    </trkpt>
    <trkpt lat="52.607706" lon="38.939819">
      <ele>132</ele>
    </trkpt>
    <trkpt lat="52.607613" lon="38.937791">
      <ele>131</ele>
    </trkpt>
    <trkpt lat="52.607595" lon="38.937378">
      <ele>131</ele>
    </trkpt>
    <trkpt lat="52.607282" lon="38.936428">
      <ele>129</ele>
    </trkpt>
    <trkpt lat="52.606991" lon="38.935648">
      <ele>127</ele>
    </trkpt>
    <trkpt lat="52.606911" lon="38.935221">
      <ele>128</ele>
    </trkpt>
    <trkpt lat="52.606655" lon="38.934481">
      <ele>130</ele>
    </trkpt>
    <trkpt lat="52.606263" lon="38.933405">
      <ele>131</ele>
    </trkpt>
    <trkpt lat="52.605691" lon="38.932252">
      <ele>131</ele>
    </trkpt>
    <trkpt lat="52.605619" lon="38.932121">
      <ele>131</ele>
    </trkpt>
    <trkpt lat="52.605275" lon="38.931608">
      <ele>132</ele>
    </trkpt>
    <trkpt lat="52.604432" lon="38.93075">
      <ele>134</ele>
    </trkpt>
    <trkpt lat="52.603195" lon="38.929441">
      <ele>136</ele>
    </trkpt>
    <trkpt lat="52.60297" lon="38.929355">
      <ele>136</ele>
    </trkpt>
    <trkpt lat="52.602549" lon="38.929401">
      <ele>138</ele>
    </trkpt>
    <trkpt lat="52.60178" lon="38.929514">
      <ele>141</ele>
    </trkpt>
    <trkpt lat="52.598588" lon="38.930063">
      <ele>145</ele>
    </trkpt>
    <trkpt lat="52.598293" lon="38.929961">
      <ele>145</ele>
    </trkpt>
    <trkpt lat="52.598183" lon="38.929884">
      <ele>144</ele>
    </trkpt>
    <trkpt lat="52.59639" lon="38.927936">
      <ele>143</ele>
    </trkpt>
    <trkpt lat="52.593365" lon="38.924849">
      <ele>144</ele>
    </trkpt>
    <trkpt lat="52.591722" lon="38.923261">
      <ele>145</ele>
    </trkpt>
    <trkpt lat="52.588825" lon="38.920922">
      <ele>142</ele>
    </trkpt>
    <trkpt lat="52.587484" lon="38.919876">
      <ele>143</ele>
    </trkpt>
    <trkpt lat="52.58162" lon="38.916529">
      <ele>130</ele>
    </trkpt>
    <trkpt lat="52.579236" lon="38.917041">
      <ele>121</ele>
    </trkpt>
    <trkpt lat="52.579132" lon="38.917057">
      <ele>120</ele>
    </trkpt>
    <trkpt lat="52.579042" lon="38.917055">
      <ele>120</ele>
    </trkpt>
    <trkpt lat="52.578806" lon="38.917012">
      <ele>120</ele>
    </trkpt>
    <trkpt lat="52.578718" lon="38.916993">
      <ele>119</ele>
    </trkpt>
    <trkpt lat="52.579293" lon="38.914464">
      <ele>117</ele>
    </trkpt>
    <trkpt lat="52.579645" lon="38.912889">
      <ele>117</ele>
    </trkpt>
    <trkpt lat="52.580489" lon="38.909196">
      <ele>117</ele>
    </trkpt>
    <trkpt lat="52.581378" lon="38.905242">
      <ele>117</ele>
    </trkpt>
    <trkpt lat="52.581886" lon="38.903008">
      <ele>121</ele>
    </trkpt>
    <trkpt lat="52.582316" lon="38.901138">
      <ele>122</ele>
    </trkpt>
    <trkpt lat="52.582391" lon="38.900814">
      <ele>122</ele>
    </trkpt>
    <trkpt lat="52.582901" lon="38.898585">
      <ele>125</ele>
    </trkpt>
    <trkpt lat="52.584965" lon="38.889506">
      <ele>144</ele>
    </trkpt>
    <trkpt lat="52.585349" lon="38.887226">
      <ele>152</ele>
    </trkpt>
    <trkpt lat="52.585538" lon="38.885775">
      <ele>156</ele>
    </trkpt>
    <trkpt lat="52.585846" lon="38.88276">
      <ele>158</ele>
    </trkpt>
    <trkpt lat="52.586019" lon="38.880067">
      <ele>153</ele>
    </trkpt>
    <trkpt lat="52.586107" lon="38.877994">
      <ele>148</ele>
    </trkpt>
    <trkpt lat="52.586159" lon="38.863649">
      <ele>172</ele>
    </trkpt>
    <trkpt lat="52.586166" lon="38.85984">
      <ele>171</ele>
    </trkpt>
    <trkpt lat="52.586184" lon="38.851405">
      <ele>170</ele>
    </trkpt>
    <trkpt lat="52.58619" lon="38.84865">
      <ele>172</ele>
    </trkpt>
    <trkpt lat="52.586202" lon="38.837398">
      <ele>177</ele>
    </trkpt>
    <trkpt lat="52.586202" lon="38.83687">
      <ele>177</ele>
    </trkpt>
    <trkpt lat="52.586229" lon="38.832082">
      <ele>183</ele>
    </trkpt>
    <trkpt lat="52.586228" lon="38.828308">
      <ele>187</ele>
    </trkpt>
    <trkpt lat="52.586133" lon="38.826592">
      <ele>187</ele>
    </trkpt>
    <trkpt lat="52.585985" lon="38.825261">
      <ele>189</ele>
    </trkpt>
    <trkpt lat="52.585832" lon="38.823869">
      <ele>185</ele>
    </trkpt>
    <trkpt lat="52.585597" lon="38.822134">
      <ele>185</ele>
    </trkpt>
    <trkpt lat="52.591211" lon="38.814881">
      <ele>176</ele>
    </trkpt>
    <trkpt lat="52.59145" lon="38.8145">
      <ele>176</ele>
    </trkpt>
    <trkpt lat="52.591572" lon="38.814256">
      <ele>176</ele>
    </trkpt>
    <trkpt lat="52.59189" lon="38.813385">
      <ele>176</ele>
    </trkpt>
    <trkpt lat="52.592283" lon="38.812457">
      <ele>177</ele>
    </trkpt>
    <trkpt lat="52.592557" lon="38.812019">
      <ele>178</ele>
    </trkpt>
    <trkpt lat="52.592845" lon="38.811743">
      <ele>178</ele>
    </trkpt>
    <trkpt lat="52.59313" lon="38.81159">
      <ele>178</ele>
    </trkpt>
    <trkpt lat="52.594121" lon="38.811223">
      <ele>179</ele>
    </trkpt>
    <trkpt lat="52.594942" lon="38.810772">
      <ele>180</ele>
    </trkpt>
    <trkpt lat="52.595367" lon="38.810383">
      <ele>180</ele>
    </trkpt>
    <trkpt lat="52.595687" lon="38.809863">
      <ele>180</ele>
    </trkpt>
    <trkpt lat="52.595889" lon="38.809573">
      <ele>180</ele>
    </trkpt>
    <trkpt lat="52.596074" lon="38.809402">
      <ele>181</ele>
    </trkpt>
    <trkpt lat="52.596527" lon="38.809321">
      <ele>181</ele>
    </trkpt>
    <trkpt lat="52.597541" lon="38.80952">
      <ele>183</ele>
    </trkpt>
    <trkpt lat="52.597736" lon="38.809402">
      <ele>182</ele>
    </trkpt>
    <trkpt lat="52.597893" lon="38.809235">
      <ele>182</ele>
    </trkpt>
    <trkpt lat="52.598318" lon="38.808642">
      <ele>181</ele>
    </trkpt>
    <trkpt lat="52.598443" lon="38.808468">
      <ele>181</ele>
    </trkpt>
    <trkpt lat="52.598647" lon="38.808071">
      <ele>182</ele>
    </trkpt>
    <trkpt lat="52.598743" lon="38.807647">
      <ele>182</ele>
    </trkpt>
    <trkpt lat="52.599665" lon="38.800926">
      <ele>185</ele>
    </trkpt>
    <trkpt lat="52.59973" lon="38.800641">
      <ele>185</ele>
    </trkpt>
    <trkpt lat="52.600063" lon="38.799746">
      <ele>184</ele>
    </trkpt>
    <trkpt lat="52.600247" lon="38.799319">
      <ele>185</ele>
    </trkpt>
    <trkpt lat="52.600424" lon="38.799027">
      <ele>185</ele>
    </trkpt>
    <trkpt lat="52.600644" lon="38.798842">
      <ele>185</ele>
    </trkpt>
    <trkpt lat="52.600665" lon="38.798455">
      <ele>184</ele>
    </trkpt>
    <trkpt lat="52.600581" lon="38.797439">
      <ele>182</ele>
    </trkpt>
    <trkpt lat="52.600483" lon="38.796465">
      <ele>182</ele>
    </trkpt>
    <trkpt lat="52.60047" lon="38.795561">
      <ele>183</ele>
    </trkpt>
    <trkpt lat="52.600605" lon="38.794741">
      <ele>183</ele>
    </trkpt>
    <trkpt lat="52.603912" lon="38.775386">
      <ele>188</ele>
    </trkpt>
    <trkpt lat="52.604094" lon="38.77413">
      <ele>188</ele>
    </trkpt>
    <trkpt lat="52.6042" lon="38.773227">
      <ele>187</ele>
    </trkpt>
    <trkpt lat="52.604208" lon="38.773162">
      <ele>187</ele>
    </trkpt>
    <trkpt lat="52.604265" lon="38.772682">
      <ele>188</ele>
    </trkpt>
    <trkpt lat="52.604311" lon="38.772274">
      <ele>189</ele>
    </trkpt>
    <trkpt lat="52.604357" lon="38.771998">
      <ele>188</ele>
    </trkpt>
    <trkpt lat="52.604463" lon="38.771668">
      <ele>187</ele>
    </trkpt>
    <trkpt lat="52.604624" lon="38.771354">
      <ele>186</ele>
    </trkpt>
    <trkpt lat="52.604744" lon="38.771161">
      <ele>186</ele>
    </trkpt>
    <trkpt lat="52.604902" lon="38.77096">
      <ele>186</ele>
    </trkpt>
    <trkpt lat="52.605174" lon="38.770692">
      <ele>185</ele>
    </trkpt>
    <trkpt lat="52.605479" lon="38.770456">
      <ele>185</ele>
    </trkpt>
    <trkpt lat="52.605779" lon="38.770217">
      <ele>185</ele>
    </trkpt>
    <trkpt lat="52.60592" lon="38.77007">
      <ele>185</ele>
    </trkpt>
    <trkpt lat="52.605997" lon="38.769933">
      <ele>184</ele>
    </trkpt>
    <trkpt lat="52.606051" lon="38.769807">
      <ele>184</ele>
    </trkpt>
    <trkpt lat="52.606087" lon="38.769678">
      <ele>184</ele>
    </trkpt>
    <trkpt lat="52.606111" lon="38.769509">
      <ele>183</ele>
    </trkpt>
    <trkpt lat="52.606121" lon="38.769294">
      <ele>183</ele>
    </trkpt>
    <trkpt lat="52.606111" lon="38.768788">
      <ele>184</ele>
    </trkpt>
    <trkpt lat="52.606124" lon="38.768616">
      <ele>184</ele>
    </trkpt>
    <trkpt lat="52.606153" lon="38.768366">
      <ele>183</ele>
    </trkpt>
    <trkpt lat="52.606191" lon="38.768066">
      <ele>184</ele>
    </trkpt>
    <trkpt lat="52.606199" lon="38.768007">
      <ele>184</ele>
    </trkpt>
    <trkpt lat="52.606204" lon="38.767712">
      <ele>184</ele>
    </trkpt>
    <trkpt lat="52.606196" lon="38.766886">
      <ele>183</ele>
    </trkpt>
    <trkpt lat="52.606192" lon="38.765923">
      <ele>184</ele>
    </trkpt>
    <trkpt lat="52.606222" lon="38.765231">
      <ele>185</ele>
    </trkpt>
    <trkpt lat="52.606318" lon="38.764137">
      <ele>186</ele>
    </trkpt>
    <trkpt lat="52.606339" lon="38.763994">
      <ele>185</ele>
    </trkpt>
    <trkpt lat="52.60645" lon="38.763005">
      <ele>185</ele>
    </trkpt>
    <trkpt lat="52.606613" lon="38.76147">
      <ele>186</ele>
    </trkpt>
    <trkpt lat="52.606787" lon="38.75977">
      <ele>187</ele>
    </trkpt>
    <trkpt lat="52.606808" lon="38.759555">
      <ele>186</ele>
    </trkpt>
    <trkpt lat="52.607637" lon="38.751112">
      <ele>188</ele>
    </trkpt>
    <trkpt lat="52.608062" lon="38.746595">
      <ele>190</ele>
    </trkpt>
    <trkpt lat="52.60815" lon="38.745841">
      <ele>190</ele>
    </trkpt>
    <trkpt lat="52.608261" lon="38.745243">
      <ele>191</ele>
    </trkpt>
    <trkpt lat="52.610701" lon="38.73394">
      <ele>193</ele>
    </trkpt>
    <trkpt lat="52.610846" lon="38.733339">
      <ele>191</ele>
    </trkpt>
    <trkpt lat="52.611027" lon="38.732591">
      <ele>192</ele>
    </trkpt>
    <trkpt lat="52.611159" lon="38.732004">
      <ele>193</ele>
    </trkpt>
    <trkpt lat="52.611299" lon="38.731368">
      <ele>194</ele>
    </trkpt>
    <trkpt lat="52.611352" lon="38.731049">
      <ele>194</ele>
    </trkpt>
    <trkpt lat="52.611362" lon="38.73074">
      <ele>194</ele>
    </trkpt>
    <trkpt lat="52.61132" lon="38.729453">
      <ele>196</ele>
    </trkpt>
    <trkpt lat="52.610996" lon="38.723088">
      <ele>200</ele>
    </trkpt>
    <trkpt lat="52.610856" lon="38.719993">
      <ele>200</ele>
    </trkpt>
    <trkpt lat="52.610991" lon="38.718518">
      <ele>201</ele>
    </trkpt>
    <trkpt lat="52.611066" lon="38.718252">
      <ele>201</ele>
    </trkpt>
    <trkpt lat="52.610916" lon="38.717922">
      <ele>200</ele>
    </trkpt>
    <trkpt lat="52.610835" lon="38.717598">
      <ele>200</ele>
    </trkpt>
    <trkpt lat="52.610421" lon="38.715961">
      <ele>198</ele>
    </trkpt>
    <trkpt lat="52.6101" lon="38.714939">
      <ele>198</ele>
    </trkpt>
    <trkpt lat="52.609979" lon="38.71465">
      <ele>198</ele>
    </trkpt>
    <trkpt lat="52.609848" lon="38.714355">
      <ele>198</ele>
    </trkpt>
    <trkpt lat="52.609582" lon="38.713977">
      <ele>197</ele>
    </trkpt>
    <trkpt lat="52.608916" lon="38.713073">
      <ele>196</ele>
    </trkpt>
    <trkpt lat="52.608618" lon="38.712563">
      <ele>195</ele>
    </trkpt>
    <trkpt lat="52.608346" lon="38.711689">
      <ele>197</ele>
    </trkpt>
    <trkpt lat="52.608155" lon="38.711005">
      <ele>196</ele>
    </trkpt>
    <trkpt lat="52.608012" lon="38.710541">
      <ele>197</ele>
    </trkpt>
    <trkpt lat="52.607738" lon="38.709736">
      <ele>197</ele>
    </trkpt>
    <trkpt lat="52.60732" lon="38.708564">
      <ele>199</ele>
    </trkpt>
    <trkpt lat="52.60717" lon="38.708202">
      <ele>198</ele>
    </trkpt>
    <trkpt lat="52.606997" lon="38.707966">
      <ele>196</ele>
    </trkpt>
    <trkpt lat="52.606587" lon="38.70759">
      <ele>197</ele>
    </trkpt>
    <trkpt lat="52.604161" lon="38.70564">
      <ele>198</ele>
    </trkpt>
    <trkpt lat="52.599582" lon="38.702009">
      <ele>192</ele>
    </trkpt>
    <trkpt lat="52.598647" lon="38.701279">
      <ele>192</ele>
    </trkpt>
    <trkpt lat="52.597277" lon="38.700257">
      <ele>191</ele>
    </trkpt>
    <trkpt lat="52.595797" lon="38.699243">
      <ele>191</ele>
    </trkpt>
    <trkpt lat="52.590336" lon="38.695142">
      <ele>201</ele>
    </trkpt>
    <trkpt lat="52.587421" lon="38.692846">
      <ele>208</ele>
    </trkpt>
    <trkpt lat="52.586643" lon="38.69242">
      <ele>210</ele>
    </trkpt>
    <trkpt lat="52.5824" lon="38.690899">
      <ele>200</ele>
    </trkpt>
    <trkpt lat="52.581915" lon="38.690751">
      <ele>199</ele>
    </trkpt>
    <trkpt lat="52.581682" lon="38.690671">
      <ele>199</ele>
    </trkpt>
    <trkpt lat="52.580496" lon="38.690325">
      <ele>197</ele>
    </trkpt>
    <trkpt lat="52.579453" lon="38.690148">
      <ele>197</ele>
    </trkpt>
    <trkpt lat="52.578946" lon="38.690116">
      <ele>197</ele>
    </trkpt>
    <trkpt lat="52.578441" lon="38.69011">
      <ele>194</ele>
    </trkpt>
    <trkpt lat="52.577213" lon="38.690118">
      <ele>194</ele>
    </trkpt>
    <trkpt lat="52.576685" lon="38.69011">
      <ele>195</ele>
    </trkpt>
    <trkpt lat="52.576035" lon="38.690142">
      <ele>196</ele>
    </trkpt>
    <trkpt lat="52.57571" lon="38.690121">
      <ele>197</ele>
    </trkpt>
    <trkpt lat="52.575275" lon="38.690057">
      <ele>198</ele>
    </trkpt>
    <trkpt lat="52.572385" lon="38.689456">
      <ele>200</ele>
    </trkpt>
    <trkpt lat="52.571524" lon="38.689241">
      <ele>200</ele>
    </trkpt>
    <trkpt lat="52.571081" lon="38.689091">
      <ele>201</ele>
    </trkpt>
    <trkpt lat="52.570623" lon="38.688799">
      <ele>201</ele>
    </trkpt>
    <trkpt lat="52.568779" lon="38.687085">
      <ele>201</ele>
    </trkpt>
    <trkpt lat="52.566863" lon="38.685298">
      <ele>210</ele>
    </trkpt>
    <trkpt lat="52.565152" lon="38.683584">
      <ele>212</ele>
    </trkpt>
    <trkpt lat="52.564702" lon="38.683279">
      <ele>212</ele>
    </trkpt>
    <trkpt lat="52.563145" lon="38.682168">
      <ele>208</ele>
    </trkpt>
    <trkpt lat="52.563076" lon="38.682141">
      <ele>208</ele>
    </trkpt>
    <trkpt lat="52.563019" lon="38.682139">
      <ele>208</ele>
    </trkpt>
    <trkpt lat="52.56295" lon="38.682166">
      <ele>209</ele>
    </trkpt>
    <trkpt lat="52.562944" lon="38.682069">
      <ele>209</ele>
    </trkpt>
    <trkpt lat="52.56295" lon="38.681999">
      <ele>209</ele>
    </trkpt>
    <trkpt lat="52.562975" lon="38.681905">
      <ele>209</ele>
    </trkpt>
    <trkpt lat="52.563034" lon="38.68175">
      <ele>209</ele>
    </trkpt>
    <trkpt lat="52.563379" lon="38.68094">
      <ele>209</ele>
    </trkpt>
    <trkpt lat="52.563531" lon="38.680717">
      <ele>209</ele>
    </trkpt>
    <trkpt lat="52.56365" lon="38.680591">
      <ele>208</ele>
    </trkpt>
    <trkpt lat="52.563929" lon="38.680433">
      <ele>208</ele>
    </trkpt>
    <trkpt lat="52.564164" lon="38.680245">
      <ele>210</ele>
    </trkpt>
    <trkpt lat="52.564268" lon="38.680122">
      <ele>210</ele>
    </trkpt>
    <trkpt lat="52.564451" lon="38.679813">
      <ele>211</ele>
    </trkpt>
    <trkpt lat="52.564612" lon="38.679459">
      <ele>211</ele>
    </trkpt>
    <trkpt lat="52.564628" lon="38.679387">
      <ele>211</ele>
    </trkpt>
    <trkpt lat="52.564723" lon="38.679011">
      <ele>211</ele>
    </trkpt>
    <trkpt lat="52.564764" lon="38.678775">
      <ele>211</ele>
    </trkpt>
    <trkpt lat="52.564785" lon="38.678526">
      <ele>211</ele>
    </trkpt>
    <trkpt lat="52.564747" lon="38.677834">
      <ele>210</ele>
    </trkpt>
    <trkpt lat="52.564759" lon="38.677582">
      <ele>209</ele>
    </trkpt>
    <trkpt lat="52.564795" lon="38.677327">
      <ele>210</ele>
    </trkpt>
    <trkpt lat="52.56521" lon="38.676149">
      <ele>213</ele>
    </trkpt>
    <trkpt lat="52.565365" lon="38.675774">
      <ele>212</ele>
    </trkpt>
    <trkpt lat="52.565701" lon="38.674964">
      <ele>213</ele>
    </trkpt>
    <trkpt lat="52.566267" lon="38.673454">
      <ele>212</ele>
    </trkpt>
    <trkpt lat="52.566444" lon="38.672826">
      <ele>211</ele>
    </trkpt>
    <trkpt lat="52.566565" lon="38.672161">
      <ele>211</ele>
    </trkpt>
    <trkpt lat="52.566594" lon="38.671928">
      <ele>211</ele>
    </trkpt>
    <trkpt lat="52.566652" lon="38.671252">
      <ele>210</ele>
    </trkpt>
    <trkpt lat="52.566697" lon="38.671142">
      <ele>209</ele>
    </trkpt>
    <trkpt lat="52.578203" lon="38.641479">
      <ele>204</ele>
    </trkpt>
    <trkpt lat="52.578237" lon="38.641393">
      <ele>204</ele>
    </trkpt>
    <trkpt lat="52.580067" lon="38.636667">
      <ele>201</ele>
    </trkpt>
    <trkpt lat="52.580123" lon="38.636509">
      <ele>202</ele>
    </trkpt>
    <trkpt lat="52.58025" lon="38.636152">
      <ele>202</ele>
    </trkpt>
    <trkpt lat="52.580617" lon="38.635114">
      <ele>200</ele>
    </trkpt>
    <trkpt lat="52.580729" lon="38.634741">
      <ele>200</ele>
    </trkpt>
    <trkpt lat="52.581448" lon="38.63236">
      <ele>199</ele>
    </trkpt>
    <trkpt lat="52.581052" lon="38.631989">
      <ele>197</ele>
    </trkpt>
    <trkpt lat="52.581251" lon="38.63145">
      <ele>197</ele>
    </trkpt>
    <trkpt lat="52.581467" lon="38.630557">
      <ele>196</ele>
    </trkpt>
    <trkpt lat="52.581555" lon="38.630007">
      <ele>195</ele>
    </trkpt>
    <trkpt lat="52.581596" lon="38.62971">
      <ele>195</ele>
    </trkpt>
    <trkpt lat="52.581735" lon="38.629031">
      <ele>194</ele>
    </trkpt>
    <trkpt lat="52.581867" lon="38.628615">
      <ele>196</ele>
    </trkpt>
    <trkpt lat="52.581935" lon="38.628457">
      <ele>197</ele>
    </trkpt>
    <trkpt lat="52.582025" lon="38.628379">
      <ele>197</ele>
    </trkpt>
    <trkpt lat="52.582168" lon="38.628977">
      <ele>196</ele>
    </trkpt>
    <trkpt lat="52.582267" lon="38.629372">
      <ele>197</ele>
    </trkpt>
    <trkpt lat="52.582486" lon="38.628575">
      <ele>198</ele>
    </trkpt>
    <trkpt lat="52.583385" lon="38.625276">
      <ele>197</ele>
    </trkpt>
    <trkpt lat="52.585519" lon="38.617634">
      <ele>188</ele>
    </trkpt>
    <trkpt lat="52.586712" lon="38.613359">
      <ele>188</ele>
    </trkpt>
    <trkpt lat="52.587608" lon="38.610146">
      <ele>189</ele>
    </trkpt>
    <trkpt lat="52.58905" lon="38.604846">
      <ele>190</ele>
    </trkpt>
    <trkpt lat="52.589237" lon="38.604162">
      <ele>189</ele>
    </trkpt>
    <trkpt lat="52.589396" lon="38.603582">
      <ele>191</ele>
    </trkpt>
    <trkpt lat="52.592804" lon="38.591123">
      <ele>183</ele>
    </trkpt>
    <trkpt lat="52.592948" lon="38.590598">
      <ele>183</ele>
    </trkpt>
    <trkpt lat="52.593547" lon="38.588476">
      <ele>183</ele>
    </trkpt>
    <trkpt lat="52.593875" lon="38.587293">
      <ele>183</ele>
    </trkpt>
    <trkpt lat="52.594142" lon="38.586282">
      <ele>183</ele>
    </trkpt>
    <trkpt lat="52.594339" lon="38.585579">
      <ele>183</ele>
    </trkpt>
    <trkpt lat="52.594761" lon="38.584032">
      <ele>181</ele>
    </trkpt>
    <trkpt lat="52.595819" lon="38.580183">
      <ele>178</ele>
    </trkpt>
    <trkpt lat="52.595851" lon="38.580059">
      <ele>178</ele>
    </trkpt>
    <trkpt lat="52.595907" lon="38.579861">
      <ele>178</ele>
    </trkpt>
    <trkpt lat="52.59626" lon="38.578557">
      <ele>179</ele>
    </trkpt>
    <trkpt lat="52.596122" lon="38.578447">
      <ele>178</ele>
    </trkpt>
    <trkpt lat="52.59691" lon="38.575599">
      <ele>176</ele>
    </trkpt>
    <trkpt lat="52.597326" lon="38.574008">
      <ele>176</ele>
    </trkpt>
    <trkpt lat="52.597365" lon="38.573869">
      <ele>176</ele>
    </trkpt>
    <trkpt lat="52.597401" lon="38.573772">
      <ele>177</ele>
    </trkpt>
    <trkpt lat="52.597477" lon="38.573611">
      <ele>178</ele>
    </trkpt>
    <trkpt lat="52.597601" lon="38.57371">
      <ele>179</ele>
    </trkpt>
    <trkpt lat="52.597842" lon="38.572828">
      <ele>177</ele>
    </trkpt>
    <trkpt lat="52.597924" lon="38.572533">
      <ele>176</ele>
    </trkpt>
    <trkpt lat="52.598002" lon="38.572249">
      <ele>177</ele>
    </trkpt>
    <trkpt lat="52.598062" lon="38.572029">
      <ele>177</ele>
    </trkpt>
    <trkpt lat="52.59829" lon="38.571192">
      <ele>174</ele>
    </trkpt>
    <trkpt lat="52.598394" lon="38.570806">
      <ele>173</ele>
    </trkpt>
    <trkpt lat="52.598699" lon="38.569679">
      <ele>173</ele>
    </trkpt>
    <trkpt lat="52.599142" lon="38.568051">
      <ele>173</ele>
    </trkpt>
    <trkpt lat="52.600017" lon="38.564824">
      <ele>172</ele>
    </trkpt>
    <trkpt lat="52.600186" lon="38.564202">
      <ele>172</ele>
    </trkpt>
    <trkpt lat="52.600265" lon="38.56392">
      <ele>172</ele>
    </trkpt>
    <trkpt lat="52.600322" lon="38.56369">
      <ele>171</ele>
    </trkpt>
    <trkpt lat="52.600478" lon="38.563124">
      <ele>171</ele>
    </trkpt>
    <trkpt lat="52.600641" lon="38.562571">
      <ele>171</ele>
    </trkpt>
    <trkpt lat="52.600708" lon="38.562292">
      <ele>172</ele>
    </trkpt>
    <trkpt lat="52.600849" lon="38.561791">
      <ele>172</ele>
    </trkpt>
    <trkpt lat="52.600871" lon="38.561713">
      <ele>171</ele>
    </trkpt>
    <trkpt lat="52.600903" lon="38.561592">
      <ele>170</ele>
    </trkpt>
    <trkpt lat="52.601091" lon="38.5609">
      <ele>173</ele>
    </trkpt>
    <trkpt lat="52.601242" lon="38.560361">
      <ele>170</ele>
    </trkpt>
    <trkpt lat="52.601421" lon="38.559725">
      <ele>171</ele>
    </trkpt>
    <trkpt lat="52.601729" lon="38.558604">
      <ele>171</ele>
    </trkpt>
    <trkpt lat="52.601757" lon="38.558502">
      <ele>170</ele>
    </trkpt>
    <trkpt lat="52.602057" lon="38.557411">
      <ele>169</ele>
    </trkpt>
    <trkpt lat="52.602177" lon="38.556976">
      <ele>169</ele>
    </trkpt>
    <trkpt lat="52.602239" lon="38.556748">
      <ele>169</ele>
    </trkpt>
    <trkpt lat="52.602263" lon="38.556654">
      <ele>169</ele>
    </trkpt>
    <trkpt lat="52.602348" lon="38.556324">
      <ele>169</ele>
    </trkpt>
    <trkpt lat="52.602413" lon="38.556094">
      <ele>170</ele>
    </trkpt>
    <trkpt lat="52.602464" lon="38.555919">
      <ele>170</ele>
    </trkpt>
    <trkpt lat="52.602524" lon="38.555705">
      <ele>170</ele>
    </trkpt>
    <trkpt lat="52.602658" lon="38.555265">
      <ele>170</ele>
    </trkpt>
    <trkpt lat="52.602949" lon="38.554299">
      <ele>168</ele>
    </trkpt>
    <trkpt lat="52.603181" lon="38.55361">
      <ele>168</ele>
    </trkpt>
    <trkpt lat="52.603977" lon="38.551228">
      <ele>162</ele>
    </trkpt>
    <trkpt lat="52.604031" lon="38.551062">
      <ele>162</ele>
    </trkpt>
    <trkpt lat="52.604225" lon="38.550539">
      <ele>161</ele>
    </trkpt>
    <trkpt lat="52.604498" lon="38.549721">
      <ele>158</ele>
    </trkpt>
    <trkpt lat="52.605002" lon="38.548254">
      <ele>154</ele>
    </trkpt>
    <trkpt lat="52.605181" lon="38.547725">
      <ele>152</ele>
    </trkpt>
    <trkpt lat="52.605688" lon="38.54633">
      <ele>148</ele>
    </trkpt>
    <trkpt lat="52.605839" lon="38.545912">
      <ele>147</ele>
    </trkpt>
    <trkpt lat="52.606214" lon="38.544826">
      <ele>144</ele>
    </trkpt>
    <trkpt lat="52.606331" lon="38.54444">
      <ele>144</ele>
    </trkpt>
    <trkpt lat="52.606398" lon="38.544228">
      <ele>143</ele>
    </trkpt>
    <trkpt lat="52.606427" lon="38.544136">
      <ele>143</ele>
    </trkpt>
    <trkpt lat="52.606562" lon="38.543713">
      <ele>142</ele>
    </trkpt>
    <trkpt lat="52.606593" lon="38.543613">
      <ele>142</ele>
    </trkpt>
    <trkpt lat="52.606613" lon="38.543544">
      <ele>142</ele>
    </trkpt>
    <trkpt lat="52.606675" lon="38.543353">
      <ele>141</ele>
    </trkpt>
    <trkpt lat="52.606779" lon="38.542677">
      <ele>142</ele>
    </trkpt>
    <trkpt lat="52.606787" lon="38.542578">
      <ele>142</ele>
    </trkpt>
    <trkpt lat="52.606767" lon="38.54217">
      <ele>142</ele>
    </trkpt>
    <trkpt lat="52.606758" lon="38.542068">
      <ele>141</ele>
    </trkpt>
    <trkpt lat="52.606706" lon="38.541524">
      <ele>141</ele>
    </trkpt>
    <trkpt lat="52.606552" lon="38.540569">
      <ele>143</ele>
    </trkpt>
    <trkpt lat="52.606407" lon="38.53996">
      <ele>141</ele>
    </trkpt>
    <trkpt lat="52.606034" lon="38.538764">
      <ele>142</ele>
    </trkpt>
    <trkpt lat="52.605598" lon="38.537093">
      <ele>142</ele>
    </trkpt>
    <trkpt lat="52.605396" lon="38.535658">
      <ele>142</ele>
    </trkpt>
    <trkpt lat="52.605358" lon="38.535366">
      <ele>141</ele>
    </trkpt>
    <trkpt lat="52.60521" lon="38.534121">
      <ele>141</ele>
    </trkpt>
    <trkpt lat="52.605143" lon="38.533563">
      <ele>141</ele>
    </trkpt>
    <trkpt lat="52.605033" lon="38.532638">
      <ele>139</ele>
    </trkpt>
    <trkpt lat="52.604946" lon="38.53197">
      <ele>138</ele>
    </trkpt>
    <trkpt lat="52.604909" lon="38.531557">
      <ele>139</ele>
    </trkpt>
    <trkpt lat="52.604832" lon="38.530873">
      <ele>143</ele>
    </trkpt>
    <trkpt lat="52.604681" lon="38.529701">
      <ele>141</ele>
    </trkpt>
    <trkpt lat="52.604648" lon="38.529298">
      <ele>142</ele>
    </trkpt>
    <trkpt lat="52.604606" lon="38.528687">
      <ele>143</ele>
    </trkpt>
    <trkpt lat="52.604621" lon="38.527649">
      <ele>144</ele>
    </trkpt>
    <trkpt lat="52.604736" lon="38.52608">
      <ele>143</ele>
    </trkpt>
    <trkpt lat="52.604795" lon="38.525262">
      <ele>140</ele>
    </trkpt>
    <trkpt lat="52.604803" lon="38.525136">
      <ele>140</ele>
    </trkpt>
    <trkpt lat="52.604808" lon="38.525079">
      <ele>140</ele>
    </trkpt>
    <trkpt lat="52.604943" lon="38.523038">
      <ele>139</ele>
    </trkpt>
    <trkpt lat="52.604959" lon="38.52284">
      <ele>138</ele>
    </trkpt>
    <trkpt lat="52.605" lon="38.522335">
      <ele>136</ele>
    </trkpt>
    <trkpt lat="52.605005" lon="38.522263">
      <ele>136</ele>
    </trkpt>
    <trkpt lat="52.605044" lon="38.521799">
      <ele>134</ele>
    </trkpt>
    <trkpt lat="52.60522" lon="38.521941">
      <ele>134</ele>
    </trkpt>
    <trkpt lat="52.60531" lon="38.522014">
      <ele>134</ele>
    </trkpt>
    <trkpt lat="52.605375" lon="38.522065">
      <ele>134</ele>
    </trkpt>
    <trkpt lat="52.60566" lon="38.522295">
      <ele>133</ele>
    </trkpt>
    <trkpt lat="52.605678" lon="38.522309">
      <ele>133</ele>
    </trkpt>
    <trkpt lat="52.605733" lon="38.522349">
      <ele>133</ele>
    </trkpt>
    <trkpt lat="52.605779" lon="38.522381">
      <ele>133</ele>
    </trkpt>
    <trkpt lat="52.605823" lon="38.522411">
      <ele>133</ele>
    </trkpt>
    <trkpt lat="52.60588" lon="38.522453">
      <ele>133</ele>
    </trkpt>
    <trkpt lat="52.605904" lon="38.522475">
      <ele>133</ele>
    </trkpt>
    <trkpt lat="52.605901" lon="38.522561">
      <ele>133</ele>
    </trkpt>
    <trkpt lat="52.605886" lon="38.523011">
      <ele>134</ele>
    </trkpt>
    <trkpt lat="52.605873" lon="38.523009">
      <ele>134</ele>
    </trkpt>
    <trkpt lat="52.605766" lon="38.525573">
      <ele>134</ele>
    </trkpt>
    <trkpt lat="52.605888" lon="38.525584">
      <ele>134</ele>
    </trkpt>
    <trkpt lat="52.605945" lon="38.525745">
      <ele>134</ele>
    </trkpt>
  </trkseg>
</trk>
</gpx>