<?xml version="1.0" encoding="UTF-8"?>
<gpx creator="StravaGPX" version="1.1" xmlns="http://www.topografix.com/GPX/1/1" xmlns:xsi="http://www.w3.org/2001/XMLSchema-instance" xsi:schemaLocation="http://www.topografix.com/GPX/1/1 http://www.topografix.com/GPX/1/1/gpx.xsd">
 <trk>
  <name>Полуденный заезд</name>
  <type>cycling</type>
  <trkseg>
   <trkpt lat="54.7622800" lon="35.5989760">
    <ele>165.6</ele>
   </trkpt>
   <trkpt lat="54.7622800" lon="35.5989760">
    <ele>171.4</ele>
   </trkpt>
   <trkpt lat="54.7620530" lon="35.5989470">
    <ele>171.2</ele>
   </trkpt>
   <trkpt lat="54.7623260" lon="35.5987840">
    <ele>171.6</ele>
   </trkpt>
   <trkpt lat="54.7622820" lon="35.5987390">
    <ele>171.8</ele>
   </trkpt>
   <trkpt lat="54.7622890" lon="35.5987450">
    <ele>172.0</ele>
   </trkpt>
   <trkpt lat="54.7622990" lon="35.5987600">
    <ele>172.0</ele>
   </trkpt>
   <trkpt lat="54.7623350" lon="35.5988020">
    <ele>171.8</ele>
   </trkpt>
   <trkpt lat="54.7623760" lon="35.5988290">
    <ele>171.8</ele>
   </trkpt>
   <trkpt lat="54.7624060" lon="35.5988750">
    <ele>171.8</ele>
   </trkpt>
   <trkpt lat="54.7624100" lon="35.5989000">
    <ele>171.8</ele>
   </trkpt>
   <trkpt lat="54.7624070" lon="35.5989270">
    <ele>171.8</ele>
   </trkpt>
   <trkpt lat="54.7623790" lon="35.5990170">
    <ele>172.0</ele>
   </trkpt>
   <trkpt lat="54.7623620" lon="35.5991520">
    <ele>172.2</ele>
   </trkpt>
   <trkpt lat="54.7623530" lon="35.5991790">
    <ele>172.2</ele>
   </trkpt>
   <trkpt lat="54.7623660" lon="35.5990890">
    <ele>174.0</ele>
   </trkpt>
   <trkpt lat="54.7623740" lon="35.5990370">
    <ele>175.4</ele>
   </trkpt>
   <trkpt lat="54.7623790" lon="35.5989620">
    <ele>175.4</ele>
   </trkpt>
   <trkpt lat="54.7623780" lon="35.5989420">
    <ele>175.4</ele>
   </trkpt>
   <trkpt lat="54.7623580" lon="35.5988820">
    <ele>175.4</ele>
   </trkpt>
   <trkpt lat="54.7623460" lon="35.5988660">
    <ele>175.4</ele>
   </trkpt>
   <trkpt lat="54.7622180" lon="35.5987440">
    <ele>175.2</ele>
   </trkpt>
   <trkpt lat="54.7621070" lon="35.5986470">
    <ele>175.0</ele>
   </trkpt>
   <trkpt lat="54.7619970" lon="35.5985470">
    <ele>174.6</ele>
   </trkpt>
   <trkpt lat="54.7619720" lon="35.5984890">
    <ele>174.6</ele>
   </trkpt>
   <trkpt lat="54.7619750" lon="35.5984540">
    <ele>174.6</ele>
   </trkpt>
   <trkpt lat="54.7619760" lon="35.5984470">
    <ele>174.6</ele>
   </trkpt>
   <trkpt lat="54.7619710" lon="35.5985300">
    <ele>174.6</ele>
   </trkpt>
   <trkpt lat="54.7619670" lon="35.5985400">
    <ele>174.6</ele>
   </trkpt>
   <trkpt lat="54.7619390" lon="35.5985340">
    <ele>175.2</ele>
   </trkpt>
   <trkpt lat="54.7619250" lon="35.5985240">
    <ele>175.2</ele>
   </trkpt>
   <trkpt lat="54.7618220" lon="35.5984500">
    <ele>175.0</ele>
   </trkpt>
   <trkpt lat="54.7616860" lon="35.5983330">
    <ele>174.6</ele>
   </trkpt>
   <trkpt lat="54.7615780" lon="35.5982320">
    <ele>174.6</ele>
   </trkpt>
   <trkpt lat="54.7614500" lon="35.5981070">
    <ele>174.6</ele>
   </trkpt>
   <trkpt lat="54.7613920" lon="35.5980010">
    <ele>174.6</ele>
   </trkpt>
   <trkpt lat="54.7613580" lon="35.5979730">
    <ele>174.6</ele>
   </trkpt>
   <trkpt lat="54.7612820" lon="35.5979040">
    <ele>174.8</ele>
   </trkpt>
   <trkpt lat="54.7612710" lon="35.5979020">
    <ele>174.8</ele>
   </trkpt>
   <trkpt lat="54.7611970" lon="35.5979770">
    <ele>175.4</ele>
   </trkpt>
   <trkpt lat="54.7610820" lon="35.5981850">
    <ele>175.4</ele>
   </trkpt>
   <trkpt lat="54.7609500" lon="35.5983760">
    <ele>175.2</ele>
   </trkpt>
   <trkpt lat="54.7608560" lon="35.5985490">
    <ele>175.0</ele>
   </trkpt>
   <trkpt lat="54.7608380" lon="35.5986300">
    <ele>175.0</ele>
   </trkpt>
   <trkpt lat="54.7608500" lon="35.5987310">
    <ele>175.0</ele>
   </trkpt>
   <trkpt lat="54.7609160" lon="35.5988890">
    <ele>174.8</ele>
   </trkpt>
   <trkpt lat="54.7609780" lon="35.5991540">
    <ele>175.2</ele>
   </trkpt>
   <trkpt lat="54.7609920" lon="35.5993870">
    <ele>175.4</ele>
   </trkpt>
   <trkpt lat="54.7609630" lon="35.5996050">
    <ele>175.6</ele>
   </trkpt>
   <trkpt lat="54.7609020" lon="35.5998950">
    <ele>175.6</ele>
   </trkpt>
   <trkpt lat="54.7608560" lon="35.6000950">
    <ele>175.6</ele>
   </trkpt>
   <trkpt lat="54.7608320" lon="35.6003540">
    <ele>175.6</ele>
   </trkpt>
   <trkpt lat="54.7608220" lon="35.6006140">
    <ele>176.0</ele>
   </trkpt>
   <trkpt lat="54.7607730" lon="35.6007500">
    <ele>176.0</ele>
   </trkpt>
   <trkpt lat="54.7607620" lon="35.6007720">
    <ele>176.0</ele>
   </trkpt>
   <trkpt lat="54.7607580" lon="35.6008100">
    <ele>176.0</ele>
   </trkpt>
   <trkpt lat="54.7607610" lon="35.6008220">
    <ele>176.0</ele>
   </trkpt>
   <trkpt lat="54.7607770" lon="35.6008500">
    <ele>176.0</ele>
   </trkpt>
   <trkpt lat="54.7607940" lon="35.6008780">
    <ele>176.0</ele>
   </trkpt>
   <trkpt lat="54.7607840" lon="35.6008710">
    <ele>176.4</ele>
   </trkpt>
   <trkpt lat="54.7606430" lon="35.6008290">
    <ele>176.4</ele>
   </trkpt>
   <trkpt lat="54.7604540" lon="35.6008100">
    <ele>176.0</ele>
   </trkpt>
   <trkpt lat="54.7602600" lon="35.6007780">
    <ele>176.0</ele>
   </trkpt>
   <trkpt lat="54.7601150" lon="35.6007120">
    <ele>176.2</ele>
   </trkpt>
   <trkpt lat="54.7599500" lon="35.6006490">
    <ele>176.0</ele>
   </trkpt>
   <trkpt lat="54.7598050" lon="35.6006380">
    <ele>176.0</ele>
   </trkpt>
   <trkpt lat="54.7596060" lon="35.6006040">
    <ele>176.0</ele>
   </trkpt>
   <trkpt lat="54.7593670" lon="35.6005180">
    <ele>176.0</ele>
   </trkpt>
   <trkpt lat="54.7590880" lon="35.6004660">
    <ele>175.6</ele>
   </trkpt>
   <trkpt lat="54.7588020" lon="35.6004330">
    <ele>175.2</ele>
   </trkpt>
   <trkpt lat="54.7586890" lon="35.6004200">
    <ele>174.8</ele>
   </trkpt>
   <trkpt lat="54.7586600" lon="35.6004200">
    <ele>174.8</ele>
   </trkpt>
   <trkpt lat="54.7586030" lon="35.6004170">
    <ele>174.6</ele>
   </trkpt>
   <trkpt lat="54.7584140" lon="35.6004180">
    <ele>174.2</ele>
   </trkpt>
   <trkpt lat="54.7581550" lon="35.6003780">
    <ele>174.0</ele>
   </trkpt>
   <trkpt lat="54.7579820" lon="35.6003580">
    <ele>173.8</ele>
   </trkpt>
   <trkpt lat="54.7579270" lon="35.6003480">
    <ele>173.8</ele>
   </trkpt>
   <trkpt lat="54.7576300" lon="35.6003110">
    <ele>173.2</ele>
   </trkpt>
   <trkpt lat="54.7574000" lon="35.6002990">
    <ele>173.2</ele>
   </trkpt>
   <trkpt lat="54.7571200" lon="35.6002740">
    <ele>173.2</ele>
   </trkpt>
   <trkpt lat="54.7568660" lon="35.6002290">
    <ele>173.0</ele>
   </trkpt>
   <trkpt lat="54.7567340" lon="35.6002140">
    <ele>173.0</ele>
   </trkpt>
   <trkpt lat="54.7565230" lon="35.6001800">
    <ele>172.8</ele>
   </trkpt>
   <trkpt lat="54.7562960" lon="35.6001450">
    <ele>172.8</ele>
   </trkpt>
   <trkpt lat="54.7562420" lon="35.6001310">
    <ele>172.6</ele>
   </trkpt>
   <trkpt lat="54.7559080" lon="35.6000490">
    <ele>172.2</ele>
   </trkpt>
   <trkpt lat="54.7556760" lon="35.5999900">
    <ele>172.2</ele>
   </trkpt>
   <trkpt lat="54.7554100" lon="35.5999240">
    <ele>172.4</ele>
   </trkpt>
   <trkpt lat="54.7553620" lon="35.5999250">
    <ele>172.4</ele>
   </trkpt>
   <trkpt lat="54.7552980" lon="35.5999840">
    <ele>172.4</ele>
   </trkpt>
   <trkpt lat="54.7552410" lon="35.6002250">
    <ele>172.4</ele>
   </trkpt>
   <trkpt lat="54.7551700" lon="35.6006570">
    <ele>172.6</ele>
   </trkpt>
   <trkpt lat="54.7551480" lon="35.6007860">
    <ele>172.6</ele>
   </trkpt>
   <trkpt lat="54.7550860" lon="35.6011090">
    <ele>172.4</ele>
   </trkpt>
   <trkpt lat="54.7549790" lon="35.6015760">
    <ele>172.0</ele>
   </trkpt>
   <trkpt lat="54.7548940" lon="35.6019270">
    <ele>172.0</ele>
   </trkpt>
   <trkpt lat="54.7547790" lon="35.6024130">
    <ele>172.0</ele>
   </trkpt>
   <trkpt lat="54.7547410" lon="35.6026140">
    <ele>172.0</ele>
   </trkpt>
   <trkpt lat="54.7546820" lon="35.6028660">
    <ele>171.8</ele>
   </trkpt>
   <trkpt lat="54.7545930" lon="35.6032740">
    <ele>171.6</ele>
   </trkpt>
   <trkpt lat="54.7545200" lon="35.6036020">
    <ele>170.8</ele>
   </trkpt>
   <trkpt lat="54.7544690" lon="35.6038110">
    <ele>170.6</ele>
   </trkpt>
   <trkpt lat="54.7544140" lon="35.6040750">
    <ele>170.2</ele>
   </trkpt>
   <trkpt lat="54.7543470" lon="35.6043830">
    <ele>169.8</ele>
   </trkpt>
   <trkpt lat="54.7543360" lon="35.6044330">
    <ele>169.8</ele>
   </trkpt>
   <trkpt lat="54.7542550" lon="35.6048190">
    <ele>169.6</ele>
   </trkpt>
   <trkpt lat="54.7542140" lon="35.6050430">
    <ele>169.8</ele>
   </trkpt>
   <trkpt lat="54.7540860" lon="35.6056010">
    <ele>169.8</ele>
   </trkpt>
   <trkpt lat="54.7539430" lon="35.6061510">
    <ele>169.4</ele>
   </trkpt>
   <trkpt lat="54.7538100" lon="35.6066870">
    <ele>168.8</ele>
   </trkpt>
   <trkpt lat="54.7536780" lon="35.6072220">
    <ele>167.8</ele>
   </trkpt>
   <trkpt lat="54.7536540" lon="35.6073200">
    <ele>167.6</ele>
   </trkpt>
   <trkpt lat="54.7534890" lon="35.6079730">
    <ele>166.8</ele>
   </trkpt>
   <trkpt lat="54.7534590" lon="35.6080890">
    <ele>166.6</ele>
   </trkpt>
   <trkpt lat="54.7533140" lon="35.6086990">
    <ele>165.6</ele>
   </trkpt>
   <trkpt lat="54.7532320" lon="35.6090530">
    <ele>164.4</ele>
   </trkpt>
   <trkpt lat="54.7531500" lon="35.6093830">
    <ele>163.2</ele>
   </trkpt>
   <trkpt lat="54.7530930" lon="35.6097160">
    <ele>162.2</ele>
   </trkpt>
   <trkpt lat="54.7530840" lon="35.6098210">
    <ele>162.2</ele>
   </trkpt>
   <trkpt lat="54.7530810" lon="35.6100360">
    <ele>162.0</ele>
   </trkpt>
   <trkpt lat="54.7530890" lon="35.6101560">
    <ele>162.0</ele>
   </trkpt>
   <trkpt lat="54.7531030" lon="35.6102860">
    <ele>162.0</ele>
   </trkpt>
   <trkpt lat="54.7531870" lon="35.6107460">
    <ele>162.0</ele>
   </trkpt>
   <trkpt lat="54.7533520" lon="35.6116560">
    <ele>161.0</ele>
   </trkpt>
   <trkpt lat="54.7534010" lon="35.6120210">
    <ele>159.4</ele>
   </trkpt>
   <trkpt lat="54.7534140" lon="35.6121990">
    <ele>158.2</ele>
   </trkpt>
   <trkpt lat="54.7534220" lon="35.6123750">
    <ele>157.2</ele>
   </trkpt>
   <trkpt lat="54.7534290" lon="35.6125430">
    <ele>156.0</ele>
   </trkpt>
   <trkpt lat="54.7534350" lon="35.6127100">
    <ele>154.8</ele>
   </trkpt>
   <trkpt lat="54.7534390" lon="35.6128760">
    <ele>153.6</ele>
   </trkpt>
   <trkpt lat="54.7534420" lon="35.6132000">
    <ele>151.8</ele>
   </trkpt>
   <trkpt lat="54.7534580" lon="35.6136910">
    <ele>150.4</ele>
   </trkpt>
   <trkpt lat="54.7534880" lon="35.6146130">
    <ele>149.8</ele>
   </trkpt>
   <trkpt lat="54.7535050" lon="35.6152090">
    <ele>149.2</ele>
   </trkpt>
   <trkpt lat="54.7535170" lon="35.6158090">
    <ele>147.8</ele>
   </trkpt>
   <trkpt lat="54.7535240" lon="35.6161970">
    <ele>146.8</ele>
   </trkpt>
   <trkpt lat="54.7535290" lon="35.6163910">
    <ele>145.8</ele>
   </trkpt>
   <trkpt lat="54.7535410" lon="35.6167760">
    <ele>144.4</ele>
   </trkpt>
   <trkpt lat="54.7535520" lon="35.6171470">
    <ele>143.2</ele>
   </trkpt>
   <trkpt lat="54.7535640" lon="35.6175070">
    <ele>142.6</ele>
   </trkpt>
   <trkpt lat="54.7535830" lon="35.6178450">
    <ele>141.6</ele>
   </trkpt>
   <trkpt lat="54.7536130" lon="35.6181650">
    <ele>140.6</ele>
   </trkpt>
   <trkpt lat="54.7536280" lon="35.6183190">
    <ele>140.2</ele>
   </trkpt>
   <trkpt lat="54.7536660" lon="35.6186150">
    <ele>139.8</ele>
   </trkpt>
   <trkpt lat="54.7537460" lon="35.6191200">
    <ele>139.6</ele>
   </trkpt>
   <trkpt lat="54.7537850" lon="35.6193230">
    <ele>139.4</ele>
   </trkpt>
   <trkpt lat="54.7538260" lon="35.6195910">
    <ele>139.6</ele>
   </trkpt>
   <trkpt lat="54.7538830" lon="35.6199270">
    <ele>140.6</ele>
   </trkpt>
   <trkpt lat="54.7538920" lon="35.6199750">
    <ele>141.0</ele>
   </trkpt>
   <trkpt lat="54.7539260" lon="35.6201430">
    <ele>142.2</ele>
   </trkpt>
   <trkpt lat="54.7539620" lon="35.6203080">
    <ele>143.4</ele>
   </trkpt>
   <trkpt lat="54.7539730" lon="35.6203650">
    <ele>143.6</ele>
   </trkpt>
   <trkpt lat="54.7540050" lon="35.6205430">
    <ele>144.6</ele>
   </trkpt>
   <trkpt lat="54.7540620" lon="35.6207920">
    <ele>145.8</ele>
   </trkpt>
   <trkpt lat="54.7540810" lon="35.6208930">
    <ele>146.2</ele>
   </trkpt>
   <trkpt lat="54.7540950" lon="35.6209480">
    <ele>146.4</ele>
   </trkpt>
   <trkpt lat="54.7541210" lon="35.6210490">
    <ele>146.8</ele>
   </trkpt>
   <trkpt lat="54.7541830" lon="35.6212900">
    <ele>148.0</ele>
   </trkpt>
   <trkpt lat="54.7542260" lon="35.6215010">
    <ele>149.2</ele>
   </trkpt>
   <trkpt lat="54.7542510" lon="35.6216680">
    <ele>150.0</ele>
   </trkpt>
   <trkpt lat="54.7542710" lon="35.6217850">
    <ele>150.2</ele>
   </trkpt>
   <trkpt lat="54.7543080" lon="35.6220890">
    <ele>151.0</ele>
   </trkpt>
   <trkpt lat="54.7543020" lon="35.6223490">
    <ele>151.2</ele>
   </trkpt>
   <trkpt lat="54.7542920" lon="35.6224480">
    <ele>151.4</ele>
   </trkpt>
   <trkpt lat="54.7542430" lon="35.6226870">
    <ele>152.0</ele>
   </trkpt>
   <trkpt lat="54.7541750" lon="35.6229270">
    <ele>152.2</ele>
   </trkpt>
   <trkpt lat="54.7541770" lon="35.6229680">
    <ele>152.4</ele>
   </trkpt>
   <trkpt lat="54.7541830" lon="35.6230080">
    <ele>152.4</ele>
   </trkpt>
   <trkpt lat="54.7541890" lon="35.6230450">
    <ele>152.4</ele>
   </trkpt>
   <trkpt lat="54.7541500" lon="35.6230710">
    <ele>151.6</ele>
   </trkpt>
   <trkpt lat="54.7541300" lon="35.6230750">
    <ele>151.6</ele>
   </trkpt>
   <trkpt lat="54.7540570" lon="35.6231780">
    <ele>151.6</ele>
   </trkpt>
   <trkpt lat="54.7539500" lon="35.6234370">
    <ele>151.6</ele>
   </trkpt>
   <trkpt lat="54.7537330" lon="35.6239280">
    <ele>151.6</ele>
   </trkpt>
   <trkpt lat="54.7535490" lon="35.6243420">
    <ele>151.4</ele>
   </trkpt>
   <trkpt lat="54.7534920" lon="35.6244730">
    <ele>151.4</ele>
   </trkpt>
   <trkpt lat="54.7533160" lon="35.6248770">
    <ele>151.0</ele>
   </trkpt>
   <trkpt lat="54.7530030" lon="35.6256500">
    <ele>150.6</ele>
   </trkpt>
   <trkpt lat="54.7527960" lon="35.6261860">
    <ele>150.2</ele>
   </trkpt>
   <trkpt lat="54.7527190" lon="35.6263730">
    <ele>150.0</ele>
   </trkpt>
   <trkpt lat="54.7526520" lon="35.6265630">
    <ele>149.8</ele>
   </trkpt>
   <trkpt lat="54.7525590" lon="35.6268010">
    <ele>149.6</ele>
   </trkpt>
   <trkpt lat="54.7523260" lon="35.6274150">
    <ele>149.4</ele>
   </trkpt>
   <trkpt lat="54.7522730" lon="35.6275620">
    <ele>149.2</ele>
   </trkpt>
   <trkpt lat="54.7520800" lon="35.6280860">
    <ele>148.8</ele>
   </trkpt>
   <trkpt lat="54.7518900" lon="35.6286090">
    <ele>148.2</ele>
   </trkpt>
   <trkpt lat="54.7517680" lon="35.6289590">
    <ele>147.4</ele>
   </trkpt>
   <trkpt lat="54.7516390" lon="35.6293150">
    <ele>147.2</ele>
   </trkpt>
   <trkpt lat="54.7515790" lon="35.6294820">
    <ele>147.0</ele>
   </trkpt>
   <trkpt lat="54.7513680" lon="35.6300740">
    <ele>146.6</ele>
   </trkpt>
   <trkpt lat="54.7512420" lon="35.6304080">
    <ele>146.0</ele>
   </trkpt>
   <trkpt lat="54.7511370" lon="35.6306780">
    <ele>145.6</ele>
   </trkpt>
   <trkpt lat="54.7510630" lon="35.6308720">
    <ele>144.6</ele>
   </trkpt>
   <trkpt lat="54.7508620" lon="35.6313820">
    <ele>143.8</ele>
   </trkpt>
   <trkpt lat="54.7508170" lon="35.6314900">
    <ele>143.6</ele>
   </trkpt>
   <trkpt lat="54.7506370" lon="35.6319340">
    <ele>142.4</ele>
   </trkpt>
   <trkpt lat="54.7505430" lon="35.6321630">
    <ele>141.8</ele>
   </trkpt>
   <trkpt lat="54.7504470" lon="35.6323970">
    <ele>141.2</ele>
   </trkpt>
   <trkpt lat="54.7502590" lon="35.6328710">
    <ele>139.8</ele>
   </trkpt>
   <trkpt lat="54.7501680" lon="35.6331040">
    <ele>139.0</ele>
   </trkpt>
   <trkpt lat="54.7501260" lon="35.6332150">
    <ele>138.6</ele>
   </trkpt>
   <trkpt lat="54.7499600" lon="35.6336270">
    <ele>137.2</ele>
   </trkpt>
   <trkpt lat="54.7499210" lon="35.6337260">
    <ele>136.8</ele>
   </trkpt>
   <trkpt lat="54.7498470" lon="35.6339170">
    <ele>136.2</ele>
   </trkpt>
   <trkpt lat="54.7496730" lon="35.6343430">
    <ele>135.8</ele>
   </trkpt>
   <trkpt lat="54.7493460" lon="35.6351540">
    <ele>135.8</ele>
   </trkpt>
   <trkpt lat="54.7490300" lon="35.6359470">
    <ele>136.0</ele>
   </trkpt>
   <trkpt lat="54.7489980" lon="35.6360260">
    <ele>136.2</ele>
   </trkpt>
   <trkpt lat="54.7487560" lon="35.6366930">
    <ele>136.6</ele>
   </trkpt>
   <trkpt lat="54.7486450" lon="35.6369720">
    <ele>137.6</ele>
   </trkpt>
   <trkpt lat="54.7485650" lon="35.6371450">
    <ele>138.6</ele>
   </trkpt>
   <trkpt lat="54.7485400" lon="35.6372100">
    <ele>139.2</ele>
   </trkpt>
   <trkpt lat="54.7485160" lon="35.6372760">
    <ele>139.6</ele>
   </trkpt>
   <trkpt lat="54.7484560" lon="35.6374410">
    <ele>140.8</ele>
   </trkpt>
   <trkpt lat="54.7484020" lon="35.6375990">
    <ele>141.8</ele>
   </trkpt>
   <trkpt lat="54.7483600" lon="35.6377250">
    <ele>143.0</ele>
   </trkpt>
   <trkpt lat="54.7483480" lon="35.6377550">
    <ele>143.2</ele>
   </trkpt>
   <trkpt lat="54.7482910" lon="35.6378690">
    <ele>144.2</ele>
   </trkpt>
   <trkpt lat="54.7482280" lon="35.6380220">
    <ele>145.4</ele>
   </trkpt>
   <trkpt lat="54.7482050" lon="35.6380880">
    <ele>145.8</ele>
   </trkpt>
   <trkpt lat="54.7481660" lon="35.6381810">
    <ele>146.6</ele>
   </trkpt>
   <trkpt lat="54.7481190" lon="35.6382960">
    <ele>147.6</ele>
   </trkpt>
   <trkpt lat="54.7480630" lon="35.6384550">
    <ele>148.6</ele>
   </trkpt>
   <trkpt lat="54.7480250" lon="35.6385720">
    <ele>149.6</ele>
   </trkpt>
   <trkpt lat="54.7479690" lon="35.6387140">
    <ele>150.8</ele>
   </trkpt>
   <trkpt lat="54.7479390" lon="35.6388070">
    <ele>151.6</ele>
   </trkpt>
   <trkpt lat="54.7479170" lon="35.6388740">
    <ele>152.2</ele>
   </trkpt>
   <trkpt lat="54.7478700" lon="35.6389940">
    <ele>153.2</ele>
   </trkpt>
   <trkpt lat="54.7478360" lon="35.6390750">
    <ele>153.8</ele>
   </trkpt>
   <trkpt lat="54.7478130" lon="35.6391390">
    <ele>154.2</ele>
   </trkpt>
   <trkpt lat="54.7477670" lon="35.6392920">
    <ele>155.4</ele>
   </trkpt>
   <trkpt lat="54.7477460" lon="35.6393490">
    <ele>155.6</ele>
   </trkpt>
   <trkpt lat="54.7476850" lon="35.6394570">
    <ele>156.4</ele>
   </trkpt>
   <trkpt lat="54.7476410" lon="35.6395700">
    <ele>157.4</ele>
   </trkpt>
   <trkpt lat="54.7476300" lon="35.6395960">
    <ele>157.6</ele>
   </trkpt>
   <trkpt lat="54.7475760" lon="35.6397480">
    <ele>158.6</ele>
   </trkpt>
   <trkpt lat="54.7475670" lon="35.6397790">
    <ele>158.8</ele>
   </trkpt>
   <trkpt lat="54.7475010" lon="35.6399560">
    <ele>159.8</ele>
   </trkpt>
   <trkpt lat="54.7474800" lon="35.6400180">
    <ele>160.2</ele>
   </trkpt>
   <trkpt lat="54.7474170" lon="35.6401790">
    <ele>161.0</ele>
   </trkpt>
   <trkpt lat="54.7473540" lon="35.6403570">
    <ele>162.2</ele>
   </trkpt>
   <trkpt lat="54.7472800" lon="35.6405380">
    <ele>163.2</ele>
   </trkpt>
   <trkpt lat="54.7472690" lon="35.6405690">
    <ele>163.4</ele>
   </trkpt>
   <trkpt lat="54.7472070" lon="35.6407280">
    <ele>164.2</ele>
   </trkpt>
   <trkpt lat="54.7471600" lon="35.6408540">
    <ele>164.8</ele>
   </trkpt>
   <trkpt lat="54.7471230" lon="35.6409490">
    <ele>165.4</ele>
   </trkpt>
   <trkpt lat="54.7470440" lon="35.6411410">
    <ele>166.2</ele>
   </trkpt>
   <trkpt lat="54.7470320" lon="35.6411740">
    <ele>166.6</ele>
   </trkpt>
   <trkpt lat="54.7469570" lon="35.6413770">
    <ele>167.6</ele>
   </trkpt>
   <trkpt lat="54.7469490" lon="35.6414150">
    <ele>167.8</ele>
   </trkpt>
   <trkpt lat="54.7469350" lon="35.6416090">
    <ele>168.4</ele>
   </trkpt>
   <trkpt lat="54.7469360" lon="35.6416880">
    <ele>168.6</ele>
   </trkpt>
   <trkpt lat="54.7469360" lon="35.6416880">
    <ele>168.8</ele>
   </trkpt>
   <trkpt lat="54.7469250" lon="35.6417400">
    <ele>169.6</ele>
   </trkpt>
   <trkpt lat="54.7468830" lon="35.6417660">
    <ele>169.4</ele>
   </trkpt>
   <trkpt lat="54.7468790" lon="35.6417670">
    <ele>169.4</ele>
   </trkpt>
   <trkpt lat="54.7468530" lon="35.6417620">
    <ele>169.4</ele>
   </trkpt>
   <trkpt lat="54.7468030" lon="35.6417980">
    <ele>169.4</ele>
   </trkpt>
   <trkpt lat="54.7467000" lon="35.6420210">
    <ele>169.8</ele>
   </trkpt>
   <trkpt lat="54.7465630" lon="35.6423470">
    <ele>170.2</ele>
   </trkpt>
   <trkpt lat="54.7464070" lon="35.6427230">
    <ele>170.4</ele>
   </trkpt>
   <trkpt lat="54.7462110" lon="35.6431340">
    <ele>170.6</ele>
   </trkpt>
   <trkpt lat="54.7461660" lon="35.6433030">
    <ele>170.6</ele>
   </trkpt>
   <trkpt lat="54.7461660" lon="35.6434030">
    <ele>170.6</ele>
   </trkpt>
   <trkpt lat="54.7462510" lon="35.6437520">
    <ele>170.6</ele>
   </trkpt>
   <trkpt lat="54.7463780" lon="35.6442220">
    <ele>170.4</ele>
   </trkpt>
   <trkpt lat="54.7465700" lon="35.6449650">
    <ele>169.2</ele>
   </trkpt>
   <trkpt lat="54.7466150" lon="35.6451460">
    <ele>169.0</ele>
   </trkpt>
   <trkpt lat="54.7468120" lon="35.6458940">
    <ele>168.2</ele>
   </trkpt>
   <trkpt lat="54.7469090" lon="35.6462630">
    <ele>167.8</ele>
   </trkpt>
   <trkpt lat="54.7470310" lon="35.6467170">
    <ele>166.8</ele>
   </trkpt>
   <trkpt lat="54.7471010" lon="35.6470030">
    <ele>166.6</ele>
   </trkpt>
   <trkpt lat="54.7473430" lon="35.6478870">
    <ele>166.0</ele>
   </trkpt>
   <trkpt lat="54.7473950" lon="35.6480950">
    <ele>165.8</ele>
   </trkpt>
   <trkpt lat="54.7475950" lon="35.6488390">
    <ele>165.6</ele>
   </trkpt>
   <trkpt lat="54.7478340" lon="35.6497240">
    <ele>165.2</ele>
   </trkpt>
   <trkpt lat="54.7478870" lon="35.6499370">
    <ele>165.0</ele>
   </trkpt>
   <trkpt lat="54.7480580" lon="35.6505980">
    <ele>164.8</ele>
   </trkpt>
   <trkpt lat="54.7481900" lon="35.6511270">
    <ele>165.0</ele>
   </trkpt>
   <trkpt lat="54.7482680" lon="35.6515260">
    <ele>165.2</ele>
   </trkpt>
   <trkpt lat="54.7483500" lon="35.6519560">
    <ele>165.0</ele>
   </trkpt>
   <trkpt lat="54.7484320" lon="35.6524030">
    <ele>164.8</ele>
   </trkpt>
   <trkpt lat="54.7485750" lon="35.6531730">
    <ele>164.4</ele>
   </trkpt>
   <trkpt lat="54.7487490" lon="35.6541140">
    <ele>164.6</ele>
   </trkpt>
   <trkpt lat="54.7489220" lon="35.6550410">
    <ele>165.2</ele>
   </trkpt>
   <trkpt lat="54.7490000" lon="35.6554500">
    <ele>165.4</ele>
   </trkpt>
   <trkpt lat="54.7491720" lon="35.6563780">
    <ele>165.4</ele>
   </trkpt>
   <trkpt lat="54.7492300" lon="35.6566910">
    <ele>165.4</ele>
   </trkpt>
   <trkpt lat="54.7493960" lon="35.6576190">
    <ele>165.4</ele>
   </trkpt>
   <trkpt lat="54.7494350" lon="35.6578270">
    <ele>164.8</ele>
   </trkpt>
   <trkpt lat="54.7495910" lon="35.6587270">
    <ele>164.2</ele>
   </trkpt>
   <trkpt lat="54.7496340" lon="35.6589650">
    <ele>164.2</ele>
   </trkpt>
   <trkpt lat="54.7497300" lon="35.6595180">
    <ele>163.8</ele>
   </trkpt>
   <trkpt lat="54.7498060" lon="35.6599330">
    <ele>163.2</ele>
   </trkpt>
   <trkpt lat="54.7499410" lon="35.6606800">
    <ele>163.2</ele>
   </trkpt>
   <trkpt lat="54.7500670" lon="35.6615040">
    <ele>164.8</ele>
   </trkpt>
   <trkpt lat="54.7500760" lon="35.6615970">
    <ele>165.0</ele>
   </trkpt>
   <trkpt lat="54.7501140" lon="35.6620540">
    <ele>165.2</ele>
   </trkpt>
   <trkpt lat="54.7501240" lon="35.6622360">
    <ele>165.4</ele>
   </trkpt>
   <trkpt lat="54.7501750" lon="35.6627960">
    <ele>166.0</ele>
   </trkpt>
   <trkpt lat="54.7501890" lon="35.6629900">
    <ele>166.0</ele>
   </trkpt>
   <trkpt lat="54.7502090" lon="35.6635090">
    <ele>166.4</ele>
   </trkpt>
   <trkpt lat="54.7502140" lon="35.6638220">
    <ele>166.6</ele>
   </trkpt>
   <trkpt lat="54.7502000" lon="35.6648550">
    <ele>166.4</ele>
   </trkpt>
   <trkpt lat="54.7501850" lon="35.6653000">
    <ele>165.8</ele>
   </trkpt>
   <trkpt lat="54.7501690" lon="35.6659610">
    <ele>165.4</ele>
   </trkpt>
   <trkpt lat="54.7501360" lon="35.6669200">
    <ele>165.2</ele>
   </trkpt>
   <trkpt lat="54.7501060" lon="35.6678230">
    <ele>165.2</ele>
   </trkpt>
   <trkpt lat="54.7501010" lon="35.6680030">
    <ele>165.4</ele>
   </trkpt>
   <trkpt lat="54.7500970" lon="35.6683570">
    <ele>165.8</ele>
   </trkpt>
   <trkpt lat="54.7501390" lon="35.6691700">
    <ele>166.6</ele>
   </trkpt>
   <trkpt lat="54.7501640" lon="35.6694350">
    <ele>166.8</ele>
   </trkpt>
   <trkpt lat="54.7502400" lon="35.6702310">
    <ele>166.8</ele>
   </trkpt>
   <trkpt lat="54.7503140" lon="35.6709710">
    <ele>167.2</ele>
   </trkpt>
   <trkpt lat="54.7503530" lon="35.6714650">
    <ele>168.0</ele>
   </trkpt>
   <trkpt lat="54.7503590" lon="35.6715340">
    <ele>168.0</ele>
   </trkpt>
   <trkpt lat="54.7504110" lon="35.6720680">
    <ele>169.0</ele>
   </trkpt>
   <trkpt lat="54.7504270" lon="35.6722740">
    <ele>169.6</ele>
   </trkpt>
   <trkpt lat="54.7504600" lon="35.6726350">
    <ele>170.2</ele>
   </trkpt>
   <trkpt lat="54.7505070" lon="35.6730960">
    <ele>171.2</ele>
   </trkpt>
   <trkpt lat="54.7505220" lon="35.6732210">
    <ele>171.4</ele>
   </trkpt>
   <trkpt lat="54.7505660" lon="35.6736190">
    <ele>172.4</ele>
   </trkpt>
   <trkpt lat="54.7505740" lon="35.6736800">
    <ele>172.6</ele>
   </trkpt>
   <trkpt lat="54.7506130" lon="35.6740650">
    <ele>173.6</ele>
   </trkpt>
   <trkpt lat="54.7506240" lon="35.6741360">
    <ele>173.8</ele>
   </trkpt>
   <trkpt lat="54.7506880" lon="35.6746940">
    <ele>174.2</ele>
   </trkpt>
   <trkpt lat="54.7507290" lon="35.6750510">
    <ele>174.2</ele>
   </trkpt>
   <trkpt lat="54.7507750" lon="35.6754380">
    <ele>174.0</ele>
   </trkpt>
   <trkpt lat="54.7508910" lon="35.6764140">
    <ele>173.2</ele>
   </trkpt>
   <trkpt lat="54.7509140" lon="35.6766160">
    <ele>173.2</ele>
   </trkpt>
   <trkpt lat="54.7510010" lon="35.6773020">
    <ele>172.6</ele>
   </trkpt>
   <trkpt lat="54.7510560" lon="35.6777730">
    <ele>172.4</ele>
   </trkpt>
   <trkpt lat="54.7511740" lon="35.6787220">
    <ele>172.2</ele>
   </trkpt>
   <trkpt lat="54.7512070" lon="35.6789810">
    <ele>172.2</ele>
   </trkpt>
   <trkpt lat="54.7513280" lon="35.6799610">
    <ele>171.6</ele>
   </trkpt>
   <trkpt lat="54.7513390" lon="35.6800680">
    <ele>171.4</ele>
   </trkpt>
   <trkpt lat="54.7513510" lon="35.6801700">
    <ele>171.4</ele>
   </trkpt>
   <trkpt lat="54.7514600" lon="35.6810990">
    <ele>171.0</ele>
   </trkpt>
   <trkpt lat="54.7514930" lon="35.6813740">
    <ele>171.0</ele>
   </trkpt>
   <trkpt lat="54.7516060" lon="35.6823030">
    <ele>171.2</ele>
   </trkpt>
   <trkpt lat="54.7516270" lon="35.6824820">
    <ele>171.2</ele>
   </trkpt>
   <trkpt lat="54.7517080" lon="35.6831460">
    <ele>171.8</ele>
   </trkpt>
   <trkpt lat="54.7517670" lon="35.6836590">
    <ele>172.2</ele>
   </trkpt>
   <trkpt lat="54.7517880" lon="35.6838720">
    <ele>172.6</ele>
   </trkpt>
   <trkpt lat="54.7518430" lon="35.6843530">
    <ele>173.6</ele>
   </trkpt>
   <trkpt lat="54.7518500" lon="35.6844230">
    <ele>173.6</ele>
   </trkpt>
   <trkpt lat="54.7519170" lon="35.6850490">
    <ele>173.8</ele>
   </trkpt>
   <trkpt lat="54.7520080" lon="35.6858010">
    <ele>173.8</ele>
   </trkpt>
   <trkpt lat="54.7521130" lon="35.6866120">
    <ele>172.8</ele>
   </trkpt>
   <trkpt lat="54.7521380" lon="35.6868090">
    <ele>172.6</ele>
   </trkpt>
   <trkpt lat="54.7521840" lon="35.6871840">
    <ele>172.2</ele>
   </trkpt>
   <trkpt lat="54.7522300" lon="35.6875350">
    <ele>172.2</ele>
   </trkpt>
   <trkpt lat="54.7523300" lon="35.6883080">
    <ele>172.4</ele>
   </trkpt>
   <trkpt lat="54.7524480" lon="35.6893010">
    <ele>172.4</ele>
   </trkpt>
   <trkpt lat="54.7524590" lon="35.6893970">
    <ele>172.4</ele>
   </trkpt>
   <trkpt lat="54.7525770" lon="35.6903250">
    <ele>172.4</ele>
   </trkpt>
   <trkpt lat="54.7526010" lon="35.6905120">
    <ele>172.4</ele>
   </trkpt>
   <trkpt lat="54.7527250" lon="35.6915180">
    <ele>173.2</ele>
   </trkpt>
   <trkpt lat="54.7527340" lon="35.6916050">
    <ele>173.2</ele>
   </trkpt>
   <trkpt lat="54.7527800" lon="35.6920090">
    <ele>173.8</ele>
   </trkpt>
   <trkpt lat="54.7527900" lon="35.6920750">
    <ele>173.8</ele>
   </trkpt>
   <trkpt lat="54.7528140" lon="35.6923250">
    <ele>174.8</ele>
   </trkpt>
   <trkpt lat="54.7528390" lon="35.6925020">
    <ele>175.6</ele>
   </trkpt>
   <trkpt lat="54.7528420" lon="35.6925590">
    <ele>176.0</ele>
   </trkpt>
   <trkpt lat="54.7528650" lon="35.6927240">
    <ele>177.2</ele>
   </trkpt>
   <trkpt lat="54.7528840" lon="35.6929040">
    <ele>177.8</ele>
   </trkpt>
   <trkpt lat="54.7529210" lon="35.6932130">
    <ele>178.4</ele>
   </trkpt>
   <trkpt lat="54.7529470" lon="35.6934620">
    <ele>178.6</ele>
   </trkpt>
   <trkpt lat="54.7530160" lon="35.6941010">
    <ele>179.0</ele>
   </trkpt>
   <trkpt lat="54.7530290" lon="35.6942950">
    <ele>179.2</ele>
   </trkpt>
   <trkpt lat="54.7530440" lon="35.6943630">
    <ele>180.0</ele>
   </trkpt>
   <trkpt lat="54.7530650" lon="35.6944570">
    <ele>180.0</ele>
   </trkpt>
   <trkpt lat="54.7531130" lon="35.6947280">
    <ele>180.0</ele>
   </trkpt>
   <trkpt lat="54.7531910" lon="35.6950350">
    <ele>179.8</ele>
   </trkpt>
   <trkpt lat="54.7532750" lon="35.6952900">
    <ele>179.8</ele>
   </trkpt>
   <trkpt lat="54.7534500" lon="35.6956840">
    <ele>179.8</ele>
   </trkpt>
   <trkpt lat="54.7536840" lon="35.6960730">
    <ele>179.6</ele>
   </trkpt>
   <trkpt lat="54.7537840" lon="35.6962210">
    <ele>179.2</ele>
   </trkpt>
   <trkpt lat="54.7539610" lon="35.6964570">
    <ele>178.6</ele>
   </trkpt>
   <trkpt lat="54.7541680" lon="35.6967170">
    <ele>178.0</ele>
   </trkpt>
   <trkpt lat="54.7543960" lon="35.6969860">
    <ele>177.2</ele>
   </trkpt>
   <trkpt lat="54.7544780" lon="35.6970770">
    <ele>176.8</ele>
   </trkpt>
   <trkpt lat="54.7545610" lon="35.6971700">
    <ele>176.2</ele>
   </trkpt>
   <trkpt lat="54.7546460" lon="35.6972620">
    <ele>175.6</ele>
   </trkpt>
   <trkpt lat="54.7548180" lon="35.6974490">
    <ele>174.4</ele>
   </trkpt>
   <trkpt lat="54.7549920" lon="35.6976320">
    <ele>173.4</ele>
   </trkpt>
   <trkpt lat="54.7551660" lon="35.6978230">
    <ele>172.2</ele>
   </trkpt>
   <trkpt lat="54.7553400" lon="35.6980160">
    <ele>170.8</ele>
   </trkpt>
   <trkpt lat="54.7554290" lon="35.6981120">
    <ele>169.6</ele>
   </trkpt>
   <trkpt lat="54.7556130" lon="35.6983060">
    <ele>167.8</ele>
   </trkpt>
   <trkpt lat="54.7558060" lon="35.6985090">
    <ele>167.4</ele>
   </trkpt>
   <trkpt lat="54.7560070" lon="35.6987210">
    <ele>166.2</ele>
   </trkpt>
   <trkpt lat="54.7562160" lon="35.6989470">
    <ele>165.0</ele>
   </trkpt>
   <trkpt lat="54.7564280" lon="35.6991750">
    <ele>163.8</ele>
   </trkpt>
   <trkpt lat="54.7566390" lon="35.6994000">
    <ele>162.0</ele>
   </trkpt>
   <trkpt lat="54.7569640" lon="35.6997540">
    <ele>160.6</ele>
   </trkpt>
   <trkpt lat="54.7570720" lon="35.6998680">
    <ele>159.8</ele>
   </trkpt>
   <trkpt lat="54.7571810" lon="35.6999860">
    <ele>158.6</ele>
   </trkpt>
   <trkpt lat="54.7572890" lon="35.7001030">
    <ele>157.2</ele>
   </trkpt>
   <trkpt lat="54.7573980" lon="35.7002210">
    <ele>155.8</ele>
   </trkpt>
   <trkpt lat="54.7576160" lon="35.7004520">
    <ele>154.2</ele>
   </trkpt>
   <trkpt lat="54.7578300" lon="35.7006800">
    <ele>152.6</ele>
   </trkpt>
   <trkpt lat="54.7580370" lon="35.7009070">
    <ele>151.0</ele>
   </trkpt>
   <trkpt lat="54.7581390" lon="35.7010180">
    <ele>150.2</ele>
   </trkpt>
   <trkpt lat="54.7582410" lon="35.7011270">
    <ele>149.6</ele>
   </trkpt>
   <trkpt lat="54.7584400" lon="35.7013370">
    <ele>148.6</ele>
   </trkpt>
   <trkpt lat="54.7587290" lon="35.7016450">
    <ele>147.4</ele>
   </trkpt>
   <trkpt lat="54.7589150" lon="35.7018380">
    <ele>146.6</ele>
   </trkpt>
   <trkpt lat="54.7590080" lon="35.7019300">
    <ele>146.4</ele>
   </trkpt>
   <trkpt lat="54.7593490" lon="35.7022920">
    <ele>145.4</ele>
   </trkpt>
   <trkpt lat="54.7594290" lon="35.7023800">
    <ele>145.2</ele>
   </trkpt>
   <trkpt lat="54.7598800" lon="35.7028750">
    <ele>144.4</ele>
   </trkpt>
   <trkpt lat="54.7602730" lon="35.7033060">
    <ele>144.4</ele>
   </trkpt>
   <trkpt lat="54.7606990" lon="35.7037750">
    <ele>144.8</ele>
   </trkpt>
   <trkpt lat="54.7609460" lon="35.7040360">
    <ele>144.8</ele>
   </trkpt>
   <trkpt lat="54.7611950" lon="35.7043020">
    <ele>144.8</ele>
   </trkpt>
   <trkpt lat="54.7616830" lon="35.7048240">
    <ele>144.6</ele>
   </trkpt>
   <trkpt lat="54.7618550" lon="35.7050200">
    <ele>144.6</ele>
   </trkpt>
   <trkpt lat="54.7623170" lon="35.7055320">
    <ele>144.4</ele>
   </trkpt>
   <trkpt lat="54.7624270" lon="35.7056530">
    <ele>144.6</ele>
   </trkpt>
   <trkpt lat="54.7627660" lon="35.7059760">
    <ele>144.8</ele>
   </trkpt>
   <trkpt lat="54.7628180" lon="35.7060430">
    <ele>144.8</ele>
   </trkpt>
   <trkpt lat="54.7628240" lon="35.7061260">
    <ele>144.8</ele>
   </trkpt>
   <trkpt lat="54.7627400" lon="35.7061920">
    <ele>144.8</ele>
   </trkpt>
   <trkpt lat="54.7626410" lon="35.7060950">
    <ele>144.8</ele>
   </trkpt>
   <trkpt lat="54.7625310" lon="35.7060570">
    <ele>144.6</ele>
   </trkpt>
   <trkpt lat="54.7625310" lon="35.7060570">
    <ele>144.4</ele>
   </trkpt>
   <trkpt lat="54.7625310" lon="35.7060570">
    <ele>144.4</ele>
   </trkpt>
   <trkpt lat="54.7625270" lon="35.7060990">
    <ele>144.6</ele>
   </trkpt>
   <trkpt lat="54.7625340" lon="35.7061360">
    <ele>144.6</ele>
   </trkpt>
   <trkpt lat="54.7625320" lon="35.7061450">
    <ele>144.6</ele>
   </trkpt>
   <trkpt lat="54.7625320" lon="35.7061500">
    <ele>144.6</ele>
   </trkpt>
   <trkpt lat="54.7625200" lon="35.7060250">
    <ele>148.0</ele>
   </trkpt>
   <trkpt lat="54.7625110" lon="35.7059980">
    <ele>148.2</ele>
   </trkpt>
   <trkpt lat="54.7624970" lon="35.7059210">
    <ele>148.2</ele>
   </trkpt>
   <trkpt lat="54.7625120" lon="35.7058780">
    <ele>148.2</ele>
   </trkpt>
   <trkpt lat="54.7625880" lon="35.7058020">
    <ele>148.2</ele>
   </trkpt>
   <trkpt lat="54.7626060" lon="35.7058130">
    <ele>148.2</ele>
   </trkpt>
   <trkpt lat="54.7627160" lon="35.7059070">
    <ele>148.4</ele>
   </trkpt>
   <trkpt lat="54.7627340" lon="35.7059250">
    <ele>148.6</ele>
   </trkpt>
   <trkpt lat="54.7628670" lon="35.7060380">
    <ele>148.8</ele>
   </trkpt>
   <trkpt lat="54.7628820" lon="35.7060870">
    <ele>148.2</ele>
   </trkpt>
   <trkpt lat="54.7628860" lon="35.7060930">
    <ele>148.2</ele>
   </trkpt>
   <trkpt lat="54.7629160" lon="35.7060950">
    <ele>148.0</ele>
   </trkpt>
   <trkpt lat="54.7629300" lon="35.7061000">
    <ele>148.0</ele>
   </trkpt>
   <trkpt lat="54.7630780" lon="35.7061810">
    <ele>148.0</ele>
   </trkpt>
   <trkpt lat="54.7632720" lon="35.7063120">
    <ele>148.0</ele>
   </trkpt>
   <trkpt lat="54.7635620" lon="35.7064830">
    <ele>147.6</ele>
   </trkpt>
   <trkpt lat="54.7636080" lon="35.7065140">
    <ele>147.4</ele>
   </trkpt>
   <trkpt lat="54.7638960" lon="35.7066910">
    <ele>146.2</ele>
   </trkpt>
   <trkpt lat="54.7640450" lon="35.7067790">
    <ele>146.0</ele>
   </trkpt>
   <trkpt lat="54.7644240" lon="35.7070390">
    <ele>145.4</ele>
   </trkpt>
   <trkpt lat="54.7646270" lon="35.7071690">
    <ele>145.2</ele>
   </trkpt>
   <trkpt lat="54.7649980" lon="35.7073960">
    <ele>145.2</ele>
   </trkpt>
   <trkpt lat="54.7654410" lon="35.7076800">
    <ele>145.0</ele>
   </trkpt>
   <trkpt lat="54.7657830" lon="35.7079100">
    <ele>144.4</ele>
   </trkpt>
   <trkpt lat="54.7660660" lon="35.7081070">
    <ele>143.4</ele>
   </trkpt>
   <trkpt lat="54.7661880" lon="35.7081870">
    <ele>143.4</ele>
   </trkpt>
   <trkpt lat="54.7665680" lon="35.7084460">
    <ele>143.2</ele>
   </trkpt>
   <trkpt lat="54.7670840" lon="35.7087980">
    <ele>143.2</ele>
   </trkpt>
   <trkpt lat="54.7672010" lon="35.7088930">
    <ele>143.2</ele>
   </trkpt>
   <trkpt lat="54.7677200" lon="35.7092940">
    <ele>143.2</ele>
   </trkpt>
   <trkpt lat="54.7678910" lon="35.7094510">
    <ele>143.2</ele>
   </trkpt>
   <trkpt lat="54.7683410" lon="35.7099550">
    <ele>143.2</ele>
   </trkpt>
   <trkpt lat="54.7683870" lon="35.7100120">
    <ele>143.4</ele>
   </trkpt>
   <trkpt lat="54.7688380" lon="35.7106130">
    <ele>143.6</ele>
   </trkpt>
   <trkpt lat="54.7688820" lon="35.7106740">
    <ele>144.0</ele>
   </trkpt>
   <trkpt lat="54.7690760" lon="35.7109420">
    <ele>144.2</ele>
   </trkpt>
   <trkpt lat="54.7691070" lon="35.7109800">
    <ele>144.2</ele>
   </trkpt>
   <trkpt lat="54.7691850" lon="35.7110870">
    <ele>144.6</ele>
   </trkpt>
   <trkpt lat="54.7692560" lon="35.7111880">
    <ele>145.4</ele>
   </trkpt>
   <trkpt lat="54.7692790" lon="35.7112170">
    <ele>145.8</ele>
   </trkpt>
   <trkpt lat="54.7693410" lon="35.7112920">
    <ele>146.8</ele>
   </trkpt>
   <trkpt lat="54.7694270" lon="35.7114130">
    <ele>147.6</ele>
   </trkpt>
   <trkpt lat="54.7694490" lon="35.7114400">
    <ele>147.8</ele>
   </trkpt>
   <trkpt lat="54.7695110" lon="35.7115240">
    <ele>148.8</ele>
   </trkpt>
   <trkpt lat="54.7696130" lon="35.7116600">
    <ele>150.0</ele>
   </trkpt>
   <trkpt lat="54.7696330" lon="35.7116880">
    <ele>150.2</ele>
   </trkpt>
   <trkpt lat="54.7697200" lon="35.7118050">
    <ele>151.2</ele>
   </trkpt>
   <trkpt lat="54.7697530" lon="35.7118560">
    <ele>151.6</ele>
   </trkpt>
   <trkpt lat="54.7698120" lon="35.7119370">
    <ele>152.2</ele>
   </trkpt>
   <trkpt lat="54.7699250" lon="35.7120910">
    <ele>153.2</ele>
   </trkpt>
   <trkpt lat="54.7699490" lon="35.7121220">
    <ele>153.4</ele>
   </trkpt>
   <trkpt lat="54.7700430" lon="35.7122510">
    <ele>154.4</ele>
   </trkpt>
   <trkpt lat="54.7701480" lon="35.7123790">
    <ele>155.6</ele>
   </trkpt>
   <trkpt lat="54.7702590" lon="35.7125320">
    <ele>156.6</ele>
   </trkpt>
   <trkpt lat="54.7703380" lon="35.7126410">
    <ele>157.2</ele>
   </trkpt>
   <trkpt lat="54.7703940" lon="35.7127210">
    <ele>157.8</ele>
   </trkpt>
   <trkpt lat="54.7704930" lon="35.7128550">
    <ele>158.6</ele>
   </trkpt>
   <trkpt lat="54.7705290" lon="35.7128990">
    <ele>158.8</ele>
   </trkpt>
   <trkpt lat="54.7706690" lon="35.7130850">
    <ele>160.0</ele>
   </trkpt>
   <trkpt lat="54.7707740" lon="35.7132210">
    <ele>161.0</ele>
   </trkpt>
   <trkpt lat="54.7708400" lon="35.7132970">
    <ele>161.4</ele>
   </trkpt>
   <trkpt lat="54.7709010" lon="35.7133840">
    <ele>162.0</ele>
   </trkpt>
   <trkpt lat="54.7710190" lon="35.7135350">
    <ele>163.0</ele>
   </trkpt>
   <trkpt lat="54.7710750" lon="35.7136240">
    <ele>163.6</ele>
   </trkpt>
   <trkpt lat="54.7711410" lon="35.7137030">
    <ele>164.0</ele>
   </trkpt>
   <trkpt lat="54.7712340" lon="35.7138290">
    <ele>165.0</ele>
   </trkpt>
   <trkpt lat="54.7712580" lon="35.7138500">
    <ele>165.2</ele>
   </trkpt>
   <trkpt lat="54.7712730" lon="35.7138710">
    <ele>165.4</ele>
   </trkpt>
   <trkpt lat="54.7713180" lon="35.7139560">
    <ele>165.8</ele>
   </trkpt>
   <trkpt lat="54.7714230" lon="35.7140870">
    <ele>166.4</ele>
   </trkpt>
   <trkpt lat="54.7714600" lon="35.7141500">
    <ele>166.6</ele>
   </trkpt>
   <trkpt lat="54.7716010" lon="35.7143410">
    <ele>167.6</ele>
   </trkpt>
   <trkpt lat="54.7716620" lon="35.7144340">
    <ele>168.0</ele>
   </trkpt>
   <trkpt lat="54.7717840" lon="35.7146080">
    <ele>168.6</ele>
   </trkpt>
   <trkpt lat="54.7718630" lon="35.7147260">
    <ele>169.0</ele>
   </trkpt>
   <trkpt lat="54.7719890" lon="35.7149020">
    <ele>169.8</ele>
   </trkpt>
   <trkpt lat="54.7720340" lon="35.7149620">
    <ele>170.0</ele>
   </trkpt>
   <trkpt lat="54.7721790" lon="35.7151280">
    <ele>170.6</ele>
   </trkpt>
   <trkpt lat="54.7721940" lon="35.7151550">
    <ele>170.8</ele>
   </trkpt>
   <trkpt lat="54.7724010" lon="35.7154730">
    <ele>171.6</ele>
   </trkpt>
   <trkpt lat="54.7724730" lon="35.7155700">
    <ele>171.8</ele>
   </trkpt>
   <trkpt lat="54.7726190" lon="35.7157810">
    <ele>172.4</ele>
   </trkpt>
   <trkpt lat="54.7728120" lon="35.7160630">
    <ele>172.8</ele>
   </trkpt>
   <trkpt lat="54.7728570" lon="35.7161350">
    <ele>173.0</ele>
   </trkpt>
   <trkpt lat="54.7731530" lon="35.7165620">
    <ele>173.8</ele>
   </trkpt>
   <trkpt lat="54.7731750" lon="35.7166000">
    <ele>173.8</ele>
   </trkpt>
   <trkpt lat="54.7733980" lon="35.7169340">
    <ele>174.8</ele>
   </trkpt>
   <trkpt lat="54.7735400" lon="35.7171520">
    <ele>175.2</ele>
   </trkpt>
   <trkpt lat="54.7736600" lon="35.7173390">
    <ele>175.8</ele>
   </trkpt>
   <trkpt lat="54.7737360" lon="35.7174540">
    <ele>176.2</ele>
   </trkpt>
   <trkpt lat="54.7739860" lon="35.7178270">
    <ele>177.4</ele>
   </trkpt>
   <trkpt lat="54.7740350" lon="35.7178940">
    <ele>177.4</ele>
   </trkpt>
   <trkpt lat="54.7743000" lon="35.7182960">
    <ele>178.2</ele>
   </trkpt>
   <trkpt lat="54.7743770" lon="35.7184160">
    <ele>178.4</ele>
   </trkpt>
   <trkpt lat="54.7744780" lon="35.7185240">
    <ele>178.6</ele>
   </trkpt>
   <trkpt lat="54.7745740" lon="35.7187110">
    <ele>178.8</ele>
   </trkpt>
   <trkpt lat="54.7748030" lon="35.7191020">
    <ele>179.2</ele>
   </trkpt>
   <trkpt lat="54.7749770" lon="35.7193750">
    <ele>179.2</ele>
   </trkpt>
   <trkpt lat="54.7752710" lon="35.7198610">
    <ele>179.2</ele>
   </trkpt>
   <trkpt lat="54.7753120" lon="35.7199260">
    <ele>179.2</ele>
   </trkpt>
   <trkpt lat="54.7756340" lon="35.7204400">
    <ele>179.4</ele>
   </trkpt>
   <trkpt lat="54.7760130" lon="35.7210540">
    <ele>179.6</ele>
   </trkpt>
   <trkpt lat="54.7763430" lon="35.7216250">
    <ele>179.8</ele>
   </trkpt>
   <trkpt lat="54.7766880" lon="35.7221960">
    <ele>179.8</ele>
   </trkpt>
   <trkpt lat="54.7770900" lon="35.7228810">
    <ele>179.4</ele>
   </trkpt>
   <trkpt lat="54.7773160" lon="35.7232610">
    <ele>179.8</ele>
   </trkpt>
   <trkpt lat="54.7773920" lon="35.7233910">
    <ele>180.0</ele>
   </trkpt>
   <trkpt lat="54.7774410" lon="35.7234700">
    <ele>180.0</ele>
   </trkpt>
   <trkpt lat="54.7778450" lon="35.7241390">
    <ele>179.8</ele>
   </trkpt>
   <trkpt lat="54.7782390" lon="35.7248000">
    <ele>180.0</ele>
   </trkpt>
   <trkpt lat="54.7785390" lon="35.7252950">
    <ele>181.0</ele>
   </trkpt>
   <trkpt lat="54.7788590" lon="35.7258260">
    <ele>182.2</ele>
   </trkpt>
   <trkpt lat="54.7789300" lon="35.7259380">
    <ele>182.6</ele>
   </trkpt>
   <trkpt lat="54.7791110" lon="35.7262420">
    <ele>183.2</ele>
   </trkpt>
   <trkpt lat="54.7792190" lon="35.7264290">
    <ele>183.6</ele>
   </trkpt>
   <trkpt lat="54.7793590" lon="35.7266600">
    <ele>184.4</ele>
   </trkpt>
   <trkpt lat="54.7794470" lon="35.7267990">
    <ele>184.8</ele>
   </trkpt>
   <trkpt lat="54.7795300" lon="35.7269380">
    <ele>185.6</ele>
   </trkpt>
   <trkpt lat="54.7796540" lon="35.7271430">
    <ele>186.4</ele>
   </trkpt>
   <trkpt lat="54.7796640" lon="35.7271540">
    <ele>186.4</ele>
   </trkpt>
   <trkpt lat="54.7797060" lon="35.7271810">
    <ele>188.4</ele>
   </trkpt>
   <trkpt lat="54.7797340" lon="35.7272200">
    <ele>188.2</ele>
   </trkpt>
   <trkpt lat="54.7798620" lon="35.7274390">
    <ele>188.2</ele>
   </trkpt>
   <trkpt lat="54.7801770" lon="35.7278730">
    <ele>188.0</ele>
   </trkpt>
   <trkpt lat="54.7805960" lon="35.7284510">
    <ele>188.2</ele>
   </trkpt>
   <trkpt lat="54.7810450" lon="35.7290400">
    <ele>188.8</ele>
   </trkpt>
   <trkpt lat="54.7812330" lon="35.7292840">
    <ele>189.6</ele>
   </trkpt>
   <trkpt lat="54.7814840" lon="35.7295650">
    <ele>190.2</ele>
   </trkpt>
   <trkpt lat="54.7819250" lon="35.7299480">
    <ele>190.4</ele>
   </trkpt>
   <trkpt lat="54.7824520" lon="35.7303150">
    <ele>190.2</ele>
   </trkpt>
   <trkpt lat="54.7825050" lon="35.7303560">
    <ele>190.2</ele>
   </trkpt>
   <trkpt lat="54.7827840" lon="35.7305510">
    <ele>190.2</ele>
   </trkpt>
   <trkpt lat="54.7831540" lon="35.7308040">
    <ele>190.4</ele>
   </trkpt>
   <trkpt lat="54.7837170" lon="35.7312110">
    <ele>190.8</ele>
   </trkpt>
   <trkpt lat="54.7838160" lon="35.7312840">
    <ele>190.8</ele>
   </trkpt>
   <trkpt lat="54.7840980" lon="35.7314950">
    <ele>190.8</ele>
   </trkpt>
   <trkpt lat="54.7842020" lon="35.7315600">
    <ele>190.8</ele>
   </trkpt>
   <trkpt lat="54.7847110" lon="35.7319370">
    <ele>190.4</ele>
   </trkpt>
   <trkpt lat="54.7848820" lon="35.7320710">
    <ele>190.2</ele>
   </trkpt>
   <trkpt lat="54.7854150" lon="35.7324880">
    <ele>190.0</ele>
   </trkpt>
   <trkpt lat="54.7855260" lon="35.7325730">
    <ele>189.8</ele>
   </trkpt>
   <trkpt lat="54.7856500" lon="35.7326690">
    <ele>189.6</ele>
   </trkpt>
   <trkpt lat="54.7859760" lon="35.7329210">
    <ele>189.4</ele>
   </trkpt>
   <trkpt lat="54.7863470" lon="35.7332150">
    <ele>189.2</ele>
   </trkpt>
   <trkpt lat="54.7869040" lon="35.7336430">
    <ele>188.8</ele>
   </trkpt>
   <trkpt lat="54.7871390" lon="35.7338060">
    <ele>188.8</ele>
   </trkpt>
   <trkpt lat="54.7876900" lon="35.7341420">
    <ele>188.8</ele>
   </trkpt>
   <trkpt lat="54.7878060" lon="35.7342130">
    <ele>188.8</ele>
   </trkpt>
   <trkpt lat="54.7883650" lon="35.7345420">
    <ele>189.0</ele>
   </trkpt>
   <trkpt lat="54.7886220" lon="35.7346990">
    <ele>189.0</ele>
   </trkpt>
   <trkpt lat="54.7890250" lon="35.7349530">
    <ele>188.8</ele>
   </trkpt>
   <trkpt lat="54.7892990" lon="35.7351230">
    <ele>188.4</ele>
   </trkpt>
   <trkpt lat="54.7898080" lon="35.7354380">
    <ele>188.2</ele>
   </trkpt>
   <trkpt lat="54.7901360" lon="35.7356400">
    <ele>188.4</ele>
   </trkpt>
   <trkpt lat="54.7902060" lon="35.7356810">
    <ele>188.4</ele>
   </trkpt>
   <trkpt lat="54.7907860" lon="35.7360330">
    <ele>188.4</ele>
   </trkpt>
   <trkpt lat="54.7909340" lon="35.7361230">
    <ele>188.0</ele>
   </trkpt>
   <trkpt lat="54.7910080" lon="35.7361690">
    <ele>187.6</ele>
   </trkpt>
   <trkpt lat="54.7914440" lon="35.7364200">
    <ele>186.4</ele>
   </trkpt>
   <trkpt lat="54.7916710" lon="35.7365520">
    <ele>185.8</ele>
   </trkpt>
   <trkpt lat="54.7918950" lon="35.7366800">
    <ele>185.4</ele>
   </trkpt>
   <trkpt lat="54.7924160" lon="35.7369740">
    <ele>184.6</ele>
   </trkpt>
   <trkpt lat="54.7925060" lon="35.7370250">
    <ele>184.4</ele>
   </trkpt>
   <trkpt lat="54.7925630" lon="35.7370590">
    <ele>184.2</ele>
   </trkpt>
   <trkpt lat="54.7931300" lon="35.7373980">
    <ele>183.4</ele>
   </trkpt>
   <trkpt lat="54.7933100" lon="35.7375030">
    <ele>183.2</ele>
   </trkpt>
   <trkpt lat="54.7936110" lon="35.7376930">
    <ele>182.8</ele>
   </trkpt>
   <trkpt lat="54.7941690" lon="35.7380320">
    <ele>182.2</ele>
   </trkpt>
   <trkpt lat="54.7944010" lon="35.7381760">
    <ele>182.0</ele>
   </trkpt>
   <trkpt lat="54.7947090" lon="35.7383600">
    <ele>181.0</ele>
   </trkpt>
   <trkpt lat="54.7947850" lon="35.7384020">
    <ele>180.8</ele>
   </trkpt>
   <trkpt lat="54.7948570" lon="35.7384480">
    <ele>180.6</ele>
   </trkpt>
   <trkpt lat="54.7950180" lon="35.7385470">
    <ele>179.8</ele>
   </trkpt>
   <trkpt lat="54.7955770" lon="35.7388840">
    <ele>179.0</ele>
   </trkpt>
   <trkpt lat="54.7957930" lon="35.7390140">
    <ele>178.8</ele>
   </trkpt>
   <trkpt lat="54.7962880" lon="35.7393190">
    <ele>177.6</ele>
   </trkpt>
   <trkpt lat="54.7964310" lon="35.7394090">
    <ele>177.2</ele>
   </trkpt>
   <trkpt lat="54.7967920" lon="35.7396370">
    <ele>176.6</ele>
   </trkpt>
   <trkpt lat="54.7971590" lon="35.7398640">
    <ele>175.8</ele>
   </trkpt>
   <trkpt lat="54.7973100" lon="35.7399540">
    <ele>175.6</ele>
   </trkpt>
   <trkpt lat="54.7978790" lon="35.7402990">
    <ele>174.8</ele>
   </trkpt>
   <trkpt lat="54.7979470" lon="35.7403420">
    <ele>174.6</ele>
   </trkpt>
   <trkpt lat="54.7980130" lon="35.7403830">
    <ele>174.4</ele>
   </trkpt>
   <trkpt lat="54.7983340" lon="35.7405680">
    <ele>174.2</ele>
   </trkpt>
   <trkpt lat="54.7986880" lon="35.7408330">
    <ele>174.0</ele>
   </trkpt>
   <trkpt lat="54.7987370" lon="35.7408840">
    <ele>174.0</ele>
   </trkpt>
   <trkpt lat="54.7988110" lon="35.7410240">
    <ele>174.0</ele>
   </trkpt>
   <trkpt lat="54.7988350" lon="35.7411150">
    <ele>173.8</ele>
   </trkpt>
   <trkpt lat="54.7988460" lon="35.7412210">
    <ele>173.4</ele>
   </trkpt>
   <trkpt lat="54.7988370" lon="35.7413260">
    <ele>173.2</ele>
   </trkpt>
   <trkpt lat="54.7988130" lon="35.7414230">
    <ele>173.0</ele>
   </trkpt>
   <trkpt lat="54.7987150" lon="35.7416970">
    <ele>171.8</ele>
   </trkpt>
   <trkpt lat="54.7986150" lon="35.7419800">
    <ele>170.4</ele>
   </trkpt>
   <trkpt lat="54.7985800" lon="35.7420720">
    <ele>170.0</ele>
   </trkpt>
   <trkpt lat="54.7985120" lon="35.7422510">
    <ele>169.4</ele>
   </trkpt>
   <trkpt lat="54.7983870" lon="35.7426070">
    <ele>168.4</ele>
   </trkpt>
   <trkpt lat="54.7982590" lon="35.7429420">
    <ele>168.0</ele>
   </trkpt>
   <trkpt lat="54.7980290" lon="35.7435690">
    <ele>168.0</ele>
   </trkpt>
   <trkpt lat="54.7977940" lon="35.7442300">
    <ele>168.4</ele>
   </trkpt>
   <trkpt lat="54.7976240" lon="35.7446880">
    <ele>169.4</ele>
   </trkpt>
   <trkpt lat="54.7975690" lon="35.7448280">
    <ele>169.4</ele>
   </trkpt>
   <trkpt lat="54.7973210" lon="35.7454810">
    <ele>169.4</ele>
   </trkpt>
   <trkpt lat="54.7970440" lon="35.7461970">
    <ele>169.0</ele>
   </trkpt>
   <trkpt lat="54.7967360" lon="35.7469880">
    <ele>168.4</ele>
   </trkpt>
   <trkpt lat="54.7967000" lon="35.7470700">
    <ele>168.4</ele>
   </trkpt>
   <trkpt lat="54.7963850" lon="35.7476980">
    <ele>167.6</ele>
   </trkpt>
   <trkpt lat="54.7963440" lon="35.7477700">
    <ele>167.2</ele>
   </trkpt>
   <trkpt lat="54.7960430" lon="35.7483270">
    <ele>166.8</ele>
   </trkpt>
   <trkpt lat="54.7957450" lon="35.7489050">
    <ele>167.6</ele>
   </trkpt>
   <trkpt lat="54.7955950" lon="35.7491870">
    <ele>168.6</ele>
   </trkpt>
   <trkpt lat="54.7954730" lon="35.7494160">
    <ele>169.6</ele>
   </trkpt>
   <trkpt lat="54.7951360" lon="35.7500510">
    <ele>170.0</ele>
   </trkpt>
   <trkpt lat="54.7947540" lon="35.7507770">
    <ele>169.0</ele>
   </trkpt>
   <trkpt lat="54.7945850" lon="35.7510910">
    <ele>168.6</ele>
   </trkpt>
   <trkpt lat="54.7942820" lon="35.7516640">
    <ele>168.8</ele>
   </trkpt>
   <trkpt lat="54.7939620" lon="35.7522580">
    <ele>169.4</ele>
   </trkpt>
   <trkpt lat="54.7938350" lon="35.7524960">
    <ele>170.6</ele>
   </trkpt>
   <trkpt lat="54.7938040" lon="35.7525560">
    <ele>170.8</ele>
   </trkpt>
   <trkpt lat="54.7935950" lon="35.7529480">
    <ele>171.8</ele>
   </trkpt>
   <trkpt lat="54.7935650" lon="35.7530030">
    <ele>172.0</ele>
   </trkpt>
   <trkpt lat="54.7932490" lon="35.7535850">
    <ele>172.4</ele>
   </trkpt>
   <trkpt lat="54.7929020" lon="35.7542510">
    <ele>172.0</ele>
   </trkpt>
   <trkpt lat="54.7926400" lon="35.7547800">
    <ele>172.6</ele>
   </trkpt>
   <trkpt lat="54.7924570" lon="35.7551320">
    <ele>173.0</ele>
   </trkpt>
   <trkpt lat="54.7922620" lon="35.7554950">
    <ele>173.2</ele>
   </trkpt>
   <trkpt lat="54.7919070" lon="35.7561700">
    <ele>173.0</ele>
   </trkpt>
   <trkpt lat="54.7915300" lon="35.7568730">
    <ele>172.4</ele>
   </trkpt>
   <trkpt lat="54.7914530" lon="35.7570170">
    <ele>172.2</ele>
   </trkpt>
   <trkpt lat="54.7911460" lon="35.7575940">
    <ele>171.2</ele>
   </trkpt>
   <trkpt lat="54.7910380" lon="35.7577940">
    <ele>171.2</ele>
   </trkpt>
   <trkpt lat="54.7906810" lon="35.7584590">
    <ele>171.4</ele>
   </trkpt>
   <trkpt lat="54.7902950" lon="35.7591850">
    <ele>172.0</ele>
   </trkpt>
   <trkpt lat="54.7899170" lon="35.7599490">
    <ele>171.8</ele>
   </trkpt>
   <trkpt lat="54.7898840" lon="35.7600310">
    <ele>171.6</ele>
   </trkpt>
   <trkpt lat="54.7897760" lon="35.7603690">
    <ele>171.4</ele>
   </trkpt>
   <trkpt lat="54.7897340" lon="35.7605540">
    <ele>171.0</ele>
   </trkpt>
   <trkpt lat="54.7896570" lon="35.7610380">
    <ele>170.2</ele>
   </trkpt>
   <trkpt lat="54.7896150" lon="35.7614410">
    <ele>170.0</ele>
   </trkpt>
   <trkpt lat="54.7895510" lon="35.7624200">
    <ele>169.8</ele>
   </trkpt>
   <trkpt lat="54.7895360" lon="35.7627610">
    <ele>169.6</ele>
   </trkpt>
   <trkpt lat="54.7894850" lon="35.7636130">
    <ele>169.2</ele>
   </trkpt>
   <trkpt lat="54.7893930" lon="35.7642990">
    <ele>168.8</ele>
   </trkpt>
   <trkpt lat="54.7892440" lon="35.7649160">
    <ele>169.0</ele>
   </trkpt>
   <trkpt lat="54.7892230" lon="35.7650100">
    <ele>169.2</ele>
   </trkpt>
   <trkpt lat="54.7891180" lon="35.7654570">
    <ele>169.4</ele>
   </trkpt>
   <trkpt lat="54.7889800" lon="35.7659890">
    <ele>170.4</ele>
   </trkpt>
   <trkpt lat="54.7889060" lon="35.7662730">
    <ele>171.6</ele>
   </trkpt>
   <trkpt lat="54.7888360" lon="35.7665630">
    <ele>172.0</ele>
   </trkpt>
   <trkpt lat="54.7886790" lon="35.7671160">
    <ele>172.2</ele>
   </trkpt>
   <trkpt lat="54.7885130" lon="35.7677600">
    <ele>172.4</ele>
   </trkpt>
   <trkpt lat="54.7883710" lon="35.7684640">
    <ele>172.4</ele>
   </trkpt>
   <trkpt lat="54.7882760" lon="35.7689120">
    <ele>172.4</ele>
   </trkpt>
   <trkpt lat="54.7882030" lon="35.7692920">
    <ele>172.0</ele>
   </trkpt>
   <trkpt lat="54.7880100" lon="35.7702260">
    <ele>170.8</ele>
   </trkpt>
   <trkpt lat="54.7878190" lon="35.7711150">
    <ele>170.8</ele>
   </trkpt>
   <trkpt lat="54.7877580" lon="35.7713800">
    <ele>170.4</ele>
   </trkpt>
   <trkpt lat="54.7875570" lon="35.7722940">
    <ele>170.4</ele>
   </trkpt>
   <trkpt lat="54.7874200" lon="35.7729100">
    <ele>171.6</ele>
   </trkpt>
   <trkpt lat="54.7873720" lon="35.7731190">
    <ele>171.6</ele>
   </trkpt>
   <trkpt lat="54.7872480" lon="35.7736870">
    <ele>172.4</ele>
   </trkpt>
   <trkpt lat="54.7872320" lon="35.7737590">
    <ele>172.6</ele>
   </trkpt>
   <trkpt lat="54.7871360" lon="35.7743460">
    <ele>172.8</ele>
   </trkpt>
   <trkpt lat="54.7869650" lon="35.7752240">
    <ele>173.0</ele>
   </trkpt>
   <trkpt lat="54.7869290" lon="35.7754010">
    <ele>172.8</ele>
   </trkpt>
   <trkpt lat="54.7867500" lon="35.7761900">
    <ele>171.6</ele>
   </trkpt>
   <trkpt lat="54.7867100" lon="35.7763510">
    <ele>171.4</ele>
   </trkpt>
   <trkpt lat="54.7865210" lon="35.7771960">
    <ele>171.2</ele>
   </trkpt>
   <trkpt lat="54.7863710" lon="35.7778480">
    <ele>170.4</ele>
   </trkpt>
   <trkpt lat="54.7862850" lon="35.7782170">
    <ele>170.2</ele>
   </trkpt>
   <trkpt lat="54.7860690" lon="35.7791130">
    <ele>170.2</ele>
   </trkpt>
   <trkpt lat="54.7860500" lon="35.7791940">
    <ele>170.2</ele>
   </trkpt>
   <trkpt lat="54.7859000" lon="35.7798170">
    <ele>171.0</ele>
   </trkpt>
   <trkpt lat="54.7858460" lon="35.7800640">
    <ele>171.6</ele>
   </trkpt>
   <trkpt lat="54.7857230" lon="35.7805790">
    <ele>172.0</ele>
   </trkpt>
   <trkpt lat="54.7855260" lon="35.7814900">
    <ele>172.2</ele>
   </trkpt>
   <trkpt lat="54.7855070" lon="35.7815820">
    <ele>172.2</ele>
   </trkpt>
   <trkpt lat="54.7853100" lon="35.7825440">
    <ele>171.4</ele>
   </trkpt>
   <trkpt lat="54.7851070" lon="35.7834400">
    <ele>171.0</ele>
   </trkpt>
   <trkpt lat="54.7848950" lon="35.7840460">
    <ele>170.8</ele>
   </trkpt>
   <trkpt lat="54.7846530" lon="35.7844550">
    <ele>170.8</ele>
   </trkpt>
   <trkpt lat="54.7846030" lon="35.7845110">
    <ele>170.8</ele>
   </trkpt>
   <trkpt lat="54.7842420" lon="35.7848880">
    <ele>170.6</ele>
   </trkpt>
   <trkpt lat="54.7839810" lon="35.7851510">
    <ele>169.6</ele>
   </trkpt>
   <trkpt lat="54.7839300" lon="35.7852040">
    <ele>169.4</ele>
   </trkpt>
   <trkpt lat="54.7837320" lon="35.7853990">
    <ele>168.8</ele>
   </trkpt>
   <trkpt lat="54.7833240" lon="35.7857930">
    <ele>168.6</ele>
   </trkpt>
   <trkpt lat="54.7829620" lon="35.7861320">
    <ele>169.6</ele>
   </trkpt>
   <trkpt lat="54.7824700" lon="35.7865840">
    <ele>170.8</ele>
   </trkpt>
   <trkpt lat="54.7823930" lon="35.7866480">
    <ele>170.8</ele>
   </trkpt>
   <trkpt lat="54.7822820" lon="35.7867430">
    <ele>171.0</ele>
   </trkpt>
   <trkpt lat="54.7820970" lon="35.7869040">
    <ele>171.4</ele>
   </trkpt>
   <trkpt lat="54.7819950" lon="35.7869940">
    <ele>171.8</ele>
   </trkpt>
   <trkpt lat="54.7817390" lon="35.7872360">
    <ele>172.4</ele>
   </trkpt>
   <trkpt lat="54.7815860" lon="35.7873820">
    <ele>172.8</ele>
   </trkpt>
   <trkpt lat="54.7813410" lon="35.7876030">
    <ele>173.0</ele>
   </trkpt>
   <trkpt lat="54.7810080" lon="35.7879150">
    <ele>173.2</ele>
   </trkpt>
   <trkpt lat="54.7806020" lon="35.7883140">
    <ele>173.4</ele>
   </trkpt>
   <trkpt lat="54.7805670" lon="35.7883530">
    <ele>173.4</ele>
   </trkpt>
   <trkpt lat="54.7803950" lon="35.7885350">
    <ele>173.8</ele>
   </trkpt>
   <trkpt lat="54.7802600" lon="35.7886680">
    <ele>174.2</ele>
   </trkpt>
   <trkpt lat="54.7802260" lon="35.7887080">
    <ele>174.2</ele>
   </trkpt>
   <trkpt lat="54.7800210" lon="35.7889860">
    <ele>174.8</ele>
   </trkpt>
   <trkpt lat="54.7799600" lon="35.7890860">
    <ele>174.8</ele>
   </trkpt>
   <trkpt lat="54.7797320" lon="35.7895480">
    <ele>175.2</ele>
   </trkpt>
   <trkpt lat="54.7795710" lon="35.7900020">
    <ele>175.8</ele>
   </trkpt>
   <trkpt lat="54.7794720" lon="35.7902720">
    <ele>176.0</ele>
   </trkpt>
   <trkpt lat="54.7792820" lon="35.7908410">
    <ele>177.0</ele>
   </trkpt>
   <trkpt lat="54.7792670" lon="35.7908880">
    <ele>177.0</ele>
   </trkpt>
   <trkpt lat="54.7790540" lon="35.7914930">
    <ele>177.8</ele>
   </trkpt>
   <trkpt lat="54.7789930" lon="35.7916670">
    <ele>178.0</ele>
   </trkpt>
   <trkpt lat="54.7788920" lon="35.7919740">
    <ele>178.0</ele>
   </trkpt>
   <trkpt lat="54.7788440" lon="35.7921130">
    <ele>178.0</ele>
   </trkpt>
   <trkpt lat="54.7787640" lon="35.7923560">
    <ele>178.2</ele>
   </trkpt>
   <trkpt lat="54.7786710" lon="35.7926020">
    <ele>178.2</ele>
   </trkpt>
   <trkpt lat="54.7786280" lon="35.7927290">
    <ele>178.4</ele>
   </trkpt>
   <trkpt lat="54.7785780" lon="35.7928650">
    <ele>178.8</ele>
   </trkpt>
   <trkpt lat="54.7785610" lon="35.7929140">
    <ele>178.8</ele>
   </trkpt>
   <trkpt lat="54.7785360" lon="35.7929890">
    <ele>179.0</ele>
   </trkpt>
   <trkpt lat="54.7784740" lon="35.7931780">
    <ele>179.0</ele>
   </trkpt>
   <trkpt lat="54.7784510" lon="35.7932350">
    <ele>179.2</ele>
   </trkpt>
   <trkpt lat="54.7782220" lon="35.7939020">
    <ele>179.6</ele>
   </trkpt>
   <trkpt lat="54.7780730" lon="35.7943990">
    <ele>179.6</ele>
   </trkpt>
   <trkpt lat="54.7778770" lon="35.7950980">
    <ele>179.4</ele>
   </trkpt>
   <trkpt lat="54.7777710" lon="35.7954210">
    <ele>179.0</ele>
   </trkpt>
   <trkpt lat="54.7776840" lon="35.7956800">
    <ele>178.2</ele>
   </trkpt>
   <trkpt lat="54.7776510" lon="35.7957770">
    <ele>177.6</ele>
   </trkpt>
   <trkpt lat="54.7775490" lon="35.7961400">
    <ele>176.2</ele>
   </trkpt>
   <trkpt lat="54.7774230" lon="35.7964950">
    <ele>175.0</ele>
   </trkpt>
   <trkpt lat="54.7773950" lon="35.7965800">
    <ele>174.4</ele>
   </trkpt>
   <trkpt lat="54.7773180" lon="35.7968070">
    <ele>173.8</ele>
   </trkpt>
   <trkpt lat="54.7772150" lon="35.7970970">
    <ele>173.6</ele>
   </trkpt>
   <trkpt lat="54.7770060" lon="35.7977060">
    <ele>173.6</ele>
   </trkpt>
   <trkpt lat="54.7767840" lon="35.7983850">
    <ele>173.6</ele>
   </trkpt>
   <trkpt lat="54.7765560" lon="35.7990580">
    <ele>173.8</ele>
   </trkpt>
   <trkpt lat="54.7764440" lon="35.7993830">
    <ele>173.4</ele>
   </trkpt>
   <trkpt lat="54.7761390" lon="35.8002650">
    <ele>173.2</ele>
   </trkpt>
   <trkpt lat="54.7761190" lon="35.8003200">
    <ele>173.2</ele>
   </trkpt>
   <trkpt lat="54.7759310" lon="35.8008640">
    <ele>173.4</ele>
   </trkpt>
   <trkpt lat="54.7756980" lon="35.8015560">
    <ele>174.4</ele>
   </trkpt>
   <trkpt lat="54.7756480" lon="35.8017040">
    <ele>174.8</ele>
   </trkpt>
   <trkpt lat="54.7755100" lon="35.8022200">
    <ele>175.6</ele>
   </trkpt>
   <trkpt lat="54.7754800" lon="35.8023470">
    <ele>175.8</ele>
   </trkpt>
   <trkpt lat="54.7754570" lon="35.8024190">
    <ele>176.0</ele>
   </trkpt>
   <trkpt lat="54.7754550" lon="35.8024220">
    <ele>176.0</ele>
   </trkpt>
   <trkpt lat="54.7754620" lon="35.8024810">
    <ele>178.4</ele>
   </trkpt>
   <trkpt lat="54.7754580" lon="35.8025200">
    <ele>178.4</ele>
   </trkpt>
   <trkpt lat="54.7754460" lon="35.8027490">
    <ele>178.2</ele>
   </trkpt>
   <trkpt lat="54.7754460" lon="35.8028060">
    <ele>178.2</ele>
   </trkpt>
   <trkpt lat="54.7754680" lon="35.8033840">
    <ele>177.8</ele>
   </trkpt>
   <trkpt lat="54.7754930" lon="35.8037400">
    <ele>177.2</ele>
   </trkpt>
   <trkpt lat="54.7755280" lon="35.8043080">
    <ele>176.4</ele>
   </trkpt>
   <trkpt lat="54.7755360" lon="35.8044110">
    <ele>176.0</ele>
   </trkpt>
   <trkpt lat="54.7755560" lon="35.8048300">
    <ele>175.6</ele>
   </trkpt>
   <trkpt lat="54.7755540" lon="35.8049310">
    <ele>175.4</ele>
   </trkpt>
   <trkpt lat="54.7755320" lon="35.8051220">
    <ele>175.4</ele>
   </trkpt>
   <trkpt lat="54.7755090" lon="35.8052050">
    <ele>175.2</ele>
   </trkpt>
   <trkpt lat="54.7754800" lon="35.8052800">
    <ele>175.2</ele>
   </trkpt>
   <trkpt lat="54.7754050" lon="35.8054110">
    <ele>175.0</ele>
   </trkpt>
   <trkpt lat="54.7753630" lon="35.8054650">
    <ele>175.0</ele>
   </trkpt>
   <trkpt lat="54.7753170" lon="35.8055120">
    <ele>174.8</ele>
   </trkpt>
   <trkpt lat="54.7751360" lon="35.8056310">
    <ele>174.8</ele>
   </trkpt>
   <trkpt lat="54.7748900" lon="35.8057700">
    <ele>174.8</ele>
   </trkpt>
   <trkpt lat="54.7745080" lon="35.8060100">
    <ele>175.8</ele>
   </trkpt>
   <trkpt lat="54.7744110" lon="35.8060690">
    <ele>176.2</ele>
   </trkpt>
   <trkpt lat="54.7742500" lon="35.8061820">
    <ele>176.8</ele>
   </trkpt>
   <trkpt lat="54.7741990" lon="35.8062610">
    <ele>177.4</ele>
   </trkpt>
   <trkpt lat="54.7741150" lon="35.8064550">
    <ele>178.0</ele>
   </trkpt>
   <trkpt lat="54.7740960" lon="35.8066480">
    <ele>178.2</ele>
   </trkpt>
   <trkpt lat="54.7740990" lon="35.8067170">
    <ele>178.4</ele>
   </trkpt>
   <trkpt lat="54.7741050" lon="35.8067890">
    <ele>178.4</ele>
   </trkpt>
   <trkpt lat="54.7741640" lon="35.8074090">
    <ele>178.8</ele>
   </trkpt>
   <trkpt lat="54.7742580" lon="35.8080950">
    <ele>178.4</ele>
   </trkpt>
   <trkpt lat="54.7743470" lon="35.8087920">
    <ele>177.8</ele>
   </trkpt>
   <trkpt lat="54.7743820" lon="35.8092240">
    <ele>177.8</ele>
   </trkpt>
   <trkpt lat="54.7743970" lon="35.8093760">
    <ele>178.2</ele>
   </trkpt>
   <trkpt lat="54.7744120" lon="35.8095790">
    <ele>179.4</ele>
   </trkpt>
   <trkpt lat="54.7744480" lon="35.8099650">
    <ele>180.6</ele>
   </trkpt>
   <trkpt lat="54.7744540" lon="35.8100660">
    <ele>181.0</ele>
   </trkpt>
   <trkpt lat="54.7744550" lon="35.8101620">
    <ele>181.6</ele>
   </trkpt>
   <trkpt lat="54.7744650" lon="35.8104080">
    <ele>183.0</ele>
   </trkpt>
   <trkpt lat="54.7744650" lon="35.8104600">
    <ele>183.4</ele>
   </trkpt>
   <trkpt lat="54.7744640" lon="35.8105570">
    <ele>184.0</ele>
   </trkpt>
   <trkpt lat="54.7744740" lon="35.8108340">
    <ele>185.2</ele>
   </trkpt>
   <trkpt lat="54.7744820" lon="35.8110180">
    <ele>186.2</ele>
   </trkpt>
   <trkpt lat="54.7744880" lon="35.8111580">
    <ele>186.4</ele>
   </trkpt>
   <trkpt lat="54.7744890" lon="35.8113740">
    <ele>187.0</ele>
   </trkpt>
   <trkpt lat="54.7744990" lon="35.8115900">
    <ele>188.0</ele>
   </trkpt>
   <trkpt lat="54.7745020" lon="35.8116390">
    <ele>188.2</ele>
   </trkpt>
   <trkpt lat="54.7745230" lon="35.8118960">
    <ele>188.8</ele>
   </trkpt>
   <trkpt lat="54.7745360" lon="35.8121680">
    <ele>189.2</ele>
   </trkpt>
   <trkpt lat="54.7745750" lon="35.8125570">
    <ele>189.6</ele>
   </trkpt>
   <trkpt lat="54.7746180" lon="35.8130210">
    <ele>190.2</ele>
   </trkpt>
   <trkpt lat="54.7746410" lon="35.8132700">
    <ele>190.6</ele>
   </trkpt>
   <trkpt lat="54.7747050" lon="35.8138430">
    <ele>191.2</ele>
   </trkpt>
   <trkpt lat="54.7747870" lon="35.8143940">
    <ele>191.2</ele>
   </trkpt>
   <trkpt lat="54.7749330" lon="35.8151680">
    <ele>191.2</ele>
   </trkpt>
   <trkpt lat="54.7749960" lon="35.8154930">
    <ele>191.2</ele>
   </trkpt>
   <trkpt lat="54.7750270" lon="35.8157310">
    <ele>191.2</ele>
   </trkpt>
   <trkpt lat="54.7750380" lon="35.8157940">
    <ele>191.2</ele>
   </trkpt>
   <trkpt lat="54.7751550" lon="35.8163510">
    <ele>191.4</ele>
   </trkpt>
   <trkpt lat="54.7752510" lon="35.8169400">
    <ele>191.8</ele>
   </trkpt>
   <trkpt lat="54.7753760" lon="35.8175820">
    <ele>191.8</ele>
   </trkpt>
   <trkpt lat="54.7755270" lon="35.8184120">
    <ele>191.8</ele>
   </trkpt>
   <trkpt lat="54.7756510" lon="35.8190970">
    <ele>191.4</ele>
   </trkpt>
   <trkpt lat="54.7757980" lon="35.8199150">
    <ele>191.2</ele>
   </trkpt>
   <trkpt lat="54.7758500" lon="35.8206150">
    <ele>191.0</ele>
   </trkpt>
   <trkpt lat="54.7758210" lon="35.8212170">
    <ele>190.4</ele>
   </trkpt>
   <trkpt lat="54.7758020" lon="35.8214160">
    <ele>190.2</ele>
   </trkpt>
   <trkpt lat="54.7757620" lon="35.8219380">
    <ele>189.4</ele>
   </trkpt>
   <trkpt lat="54.7757120" lon="35.8225680">
    <ele>189.0</ele>
   </trkpt>
   <trkpt lat="54.7756470" lon="35.8233020">
    <ele>188.2</ele>
   </trkpt>
   <trkpt lat="54.7756150" lon="35.8236930">
    <ele>187.4</ele>
   </trkpt>
   <trkpt lat="54.7755870" lon="35.8239970">
    <ele>187.2</ele>
   </trkpt>
   <trkpt lat="54.7755140" lon="35.8247850">
    <ele>187.0</ele>
   </trkpt>
   <trkpt lat="54.7754250" lon="35.8257530">
    <ele>186.2</ele>
   </trkpt>
   <trkpt lat="54.7754160" lon="35.8258730">
    <ele>186.0</ele>
   </trkpt>
   <trkpt lat="54.7753370" lon="35.8266660">
    <ele>185.4</ele>
   </trkpt>
   <trkpt lat="54.7753070" lon="35.8269660">
    <ele>185.0</ele>
   </trkpt>
   <trkpt lat="54.7752420" lon="35.8276640">
    <ele>184.8</ele>
   </trkpt>
   <trkpt lat="54.7751750" lon="35.8285000">
    <ele>184.0</ele>
   </trkpt>
   <trkpt lat="54.7751110" lon="35.8291710">
    <ele>183.4</ele>
   </trkpt>
   <trkpt lat="54.7750760" lon="35.8295230">
    <ele>183.0</ele>
   </trkpt>
   <trkpt lat="54.7750230" lon="35.8301070">
    <ele>181.8</ele>
   </trkpt>
   <trkpt lat="54.7750010" lon="35.8303390">
    <ele>181.6</ele>
   </trkpt>
   <trkpt lat="54.7749110" lon="35.8312710">
    <ele>181.2</ele>
   </trkpt>
   <trkpt lat="54.7748680" lon="35.8317330">
    <ele>181.2</ele>
   </trkpt>
   <trkpt lat="54.7747760" lon="35.8327230">
    <ele>181.0</ele>
   </trkpt>
   <trkpt lat="54.7747570" lon="35.8329250">
    <ele>181.2</ele>
   </trkpt>
   <trkpt lat="54.7747180" lon="35.8334260">
    <ele>180.8</ele>
   </trkpt>
   <trkpt lat="54.7746780" lon="35.8339720">
    <ele>180.6</ele>
   </trkpt>
   <trkpt lat="54.7746060" lon="35.8347080">
    <ele>180.8</ele>
   </trkpt>
   <trkpt lat="54.7745710" lon="35.8350850">
    <ele>179.8</ele>
   </trkpt>
   <trkpt lat="54.7745280" lon="35.8355760">
    <ele>179.0</ele>
   </trkpt>
   <trkpt lat="54.7744950" lon="35.8359310">
    <ele>178.8</ele>
   </trkpt>
   <trkpt lat="54.7744280" lon="35.8366220">
    <ele>178.2</ele>
   </trkpt>
   <trkpt lat="54.7744040" lon="35.8368410">
    <ele>177.8</ele>
   </trkpt>
   <trkpt lat="54.7743320" lon="35.8374500">
    <ele>176.8</ele>
   </trkpt>
   <trkpt lat="54.7742890" lon="35.8377490">
    <ele>176.8</ele>
   </trkpt>
   <trkpt lat="54.7741910" lon="35.8383160">
    <ele>176.6</ele>
   </trkpt>
   <trkpt lat="54.7740120" lon="35.8390310">
    <ele>176.8</ele>
   </trkpt>
   <trkpt lat="54.7739050" lon="35.8396510">
    <ele>177.8</ele>
   </trkpt>
   <trkpt lat="54.7739000" lon="35.8402690">
    <ele>178.0</ele>
   </trkpt>
   <trkpt lat="54.7739920" lon="35.8410110">
    <ele>178.0</ele>
   </trkpt>
   <trkpt lat="54.7740900" lon="35.8417230">
    <ele>177.6</ele>
   </trkpt>
   <trkpt lat="54.7742060" lon="35.8426700">
    <ele>177.8</ele>
   </trkpt>
   <trkpt lat="54.7742430" lon="35.8429880">
    <ele>177.8</ele>
   </trkpt>
   <trkpt lat="54.7743290" lon="35.8436950">
    <ele>178.4</ele>
   </trkpt>
   <trkpt lat="54.7744280" lon="35.8444600">
    <ele>178.6</ele>
   </trkpt>
   <trkpt lat="54.7744400" lon="35.8445540">
    <ele>178.8</ele>
   </trkpt>
   <trkpt lat="54.7745270" lon="35.8452470">
    <ele>178.8</ele>
   </trkpt>
   <trkpt lat="54.7745490" lon="35.8454080">
    <ele>178.8</ele>
   </trkpt>
   <trkpt lat="54.7746150" lon="35.8459510">
    <ele>179.0</ele>
   </trkpt>
   <trkpt lat="54.7747300" lon="35.8468850">
    <ele>179.4</ele>
   </trkpt>
   <trkpt lat="54.7747500" lon="35.8470340">
    <ele>179.8</ele>
   </trkpt>
   <trkpt lat="54.7748120" lon="35.8474950">
    <ele>180.8</ele>
   </trkpt>
   <trkpt lat="54.7748350" lon="35.8476570">
    <ele>181.0</ele>
   </trkpt>
   <trkpt lat="54.7749010" lon="35.8482620">
    <ele>181.2</ele>
   </trkpt>
   <trkpt lat="54.7749560" lon="35.8487520">
    <ele>181.2</ele>
   </trkpt>
   <trkpt lat="54.7750770" lon="35.8496750">
    <ele>180.4</ele>
   </trkpt>
   <trkpt lat="54.7750850" lon="35.8497850">
    <ele>180.2</ele>
   </trkpt>
   <trkpt lat="54.7750890" lon="35.8504990">
    <ele>180.0</ele>
   </trkpt>
   <trkpt lat="54.7750530" lon="35.8509440">
    <ele>180.0</ele>
   </trkpt>
   <trkpt lat="54.7750060" lon="35.8515230">
    <ele>180.0</ele>
   </trkpt>
   <trkpt lat="54.7749030" lon="35.8522130">
    <ele>181.4</ele>
   </trkpt>
   <trkpt lat="54.7747880" lon="35.8529270">
    <ele>181.6</ele>
   </trkpt>
   <trkpt lat="54.7746040" lon="35.8535800">
    <ele>181.4</ele>
   </trkpt>
   <trkpt lat="54.7744200" lon="35.8542220">
    <ele>181.6</ele>
   </trkpt>
   <trkpt lat="54.7743340" lon="35.8544800">
    <ele>181.8</ele>
   </trkpt>
   <trkpt lat="54.7741760" lon="35.8549580">
    <ele>182.6</ele>
   </trkpt>
   <trkpt lat="54.7741260" lon="35.8551270">
    <ele>182.8</ele>
   </trkpt>
   <trkpt lat="54.7739130" lon="35.8557640">
    <ele>183.0</ele>
   </trkpt>
   <trkpt lat="54.7736690" lon="35.8565340">
    <ele>182.4</ele>
   </trkpt>
   <trkpt lat="54.7734250" lon="35.8573580">
    <ele>181.6</ele>
   </trkpt>
   <trkpt lat="54.7732240" lon="35.8580130">
    <ele>180.6</ele>
   </trkpt>
   <trkpt lat="54.7731670" lon="35.8582400">
    <ele>180.2</ele>
   </trkpt>
   <trkpt lat="54.7731130" lon="35.8584600">
    <ele>179.6</ele>
   </trkpt>
   <trkpt lat="54.7730130" lon="35.8588710">
    <ele>179.2</ele>
   </trkpt>
   <trkpt lat="54.7729680" lon="35.8590650">
    <ele>179.2</ele>
   </trkpt>
   <trkpt lat="54.7728600" lon="35.8595330">
    <ele>179.2</ele>
   </trkpt>
   <trkpt lat="54.7727320" lon="35.8600500">
    <ele>179.2</ele>
   </trkpt>
   <trkpt lat="54.7726340" lon="35.8604590">
    <ele>180.0</ele>
   </trkpt>
   <trkpt lat="54.7726100" lon="35.8605530">
    <ele>180.2</ele>
   </trkpt>
   <trkpt lat="54.7726000" lon="35.8606180">
    <ele>180.4</ele>
   </trkpt>
   <trkpt lat="54.7724940" lon="35.8610810">
    <ele>181.2</ele>
   </trkpt>
   <trkpt lat="54.7724340" lon="35.8612920">
    <ele>181.4</ele>
   </trkpt>
   <trkpt lat="54.7724260" lon="35.8613430">
    <ele>181.4</ele>
   </trkpt>
   <trkpt lat="54.7723830" lon="35.8615470">
    <ele>181.6</ele>
   </trkpt>
   <trkpt lat="54.7722480" lon="35.8622120">
    <ele>181.8</ele>
   </trkpt>
   <trkpt lat="54.7721010" lon="35.8629260">
    <ele>181.4</ele>
   </trkpt>
   <trkpt lat="54.7720350" lon="35.8633500">
    <ele>180.2</ele>
   </trkpt>
   <trkpt lat="54.7720280" lon="35.8635560">
    <ele>179.8</ele>
   </trkpt>
   <trkpt lat="54.7720520" lon="35.8639540">
    <ele>179.4</ele>
   </trkpt>
   <trkpt lat="54.7720690" lon="35.8641430">
    <ele>179.2</ele>
   </trkpt>
   <trkpt lat="54.7721450" lon="35.8649430">
    <ele>179.2</ele>
   </trkpt>
   <trkpt lat="54.7722430" lon="35.8659340">
    <ele>180.4</ele>
   </trkpt>
   <trkpt lat="54.7722510" lon="35.8660230">
    <ele>180.6</ele>
   </trkpt>
   <trkpt lat="54.7722620" lon="35.8661820">
    <ele>181.0</ele>
   </trkpt>
   <trkpt lat="54.7723070" lon="35.8666990">
    <ele>181.4</ele>
   </trkpt>
   <trkpt lat="54.7723090" lon="35.8673740">
    <ele>181.4</ele>
   </trkpt>
   <trkpt lat="54.7723000" lon="35.8680800">
    <ele>181.0</ele>
   </trkpt>
   <trkpt lat="54.7722720" lon="35.8687860">
    <ele>179.6</ele>
   </trkpt>
   <trkpt lat="54.7722590" lon="35.8688990">
    <ele>179.4</ele>
   </trkpt>
   <trkpt lat="54.7721990" lon="35.8690970">
    <ele>179.0</ele>
   </trkpt>
   <trkpt lat="54.7721540" lon="35.8691780">
    <ele>179.0</ele>
   </trkpt>
   <trkpt lat="54.7721040" lon="35.8692410">
    <ele>178.8</ele>
   </trkpt>
   <trkpt lat="54.7720530" lon="35.8692920">
    <ele>178.6</ele>
   </trkpt>
   <trkpt lat="54.7718820" lon="35.8694620">
    <ele>178.0</ele>
   </trkpt>
   <trkpt lat="54.7715980" lon="35.8697870">
    <ele>177.6</ele>
   </trkpt>
   <trkpt lat="54.7713310" lon="35.8701000">
    <ele>177.2</ele>
   </trkpt>
   <trkpt lat="54.7708610" lon="35.8706640">
    <ele>177.0</ele>
   </trkpt>
   <trkpt lat="54.7705950" lon="35.8709700">
    <ele>177.0</ele>
   </trkpt>
   <trkpt lat="54.7701910" lon="35.8714800">
    <ele>177.6</ele>
   </trkpt>
   <trkpt lat="54.7701500" lon="35.8715400">
    <ele>177.6</ele>
   </trkpt>
   <trkpt lat="54.7699160" lon="35.8718300">
    <ele>177.8</ele>
   </trkpt>
   <trkpt lat="54.7694860" lon="35.8723650">
    <ele>178.2</ele>
   </trkpt>
   <trkpt lat="54.7690830" lon="35.8728300">
    <ele>178.4</ele>
   </trkpt>
   <trkpt lat="54.7687880" lon="35.8732150">
    <ele>178.4</ele>
   </trkpt>
   <trkpt lat="54.7685520" lon="35.8735140">
    <ele>178.6</ele>
   </trkpt>
   <trkpt lat="54.7681940" lon="35.8739540">
    <ele>179.2</ele>
   </trkpt>
   <trkpt lat="54.7680240" lon="35.8741290">
    <ele>179.4</ele>
   </trkpt>
   <trkpt lat="54.7678560" lon="35.8743260">
    <ele>179.8</ele>
   </trkpt>
   <trkpt lat="54.7674230" lon="35.8748530">
    <ele>180.0</ele>
   </trkpt>
   <trkpt lat="54.7671720" lon="35.8751450">
    <ele>180.0</ele>
   </trkpt>
   <trkpt lat="54.7667150" lon="35.8756820">
    <ele>178.8</ele>
   </trkpt>
   <trkpt lat="54.7666100" lon="35.8757990">
    <ele>178.4</ele>
   </trkpt>
   <trkpt lat="54.7662830" lon="35.8762040">
    <ele>177.8</ele>
   </trkpt>
   <trkpt lat="54.7660880" lon="35.8764450">
    <ele>177.0</ele>
   </trkpt>
   <trkpt lat="54.7658430" lon="35.8767640">
    <ele>176.8</ele>
   </trkpt>
   <trkpt lat="54.7653840" lon="35.8773640">
    <ele>176.6</ele>
   </trkpt>
   <trkpt lat="54.7653290" lon="35.8774310">
    <ele>176.4</ele>
   </trkpt>
   <trkpt lat="54.7648680" lon="35.8780260">
    <ele>176.4</ele>
   </trkpt>
   <trkpt lat="54.7643990" lon="35.8786240">
    <ele>176.6</ele>
   </trkpt>
   <trkpt lat="54.7643510" lon="35.8786800">
    <ele>176.8</ele>
   </trkpt>
   <trkpt lat="54.7639910" lon="35.8791430">
    <ele>177.2</ele>
   </trkpt>
   <trkpt lat="54.7635290" lon="35.8797120">
    <ele>177.8</ele>
   </trkpt>
   <trkpt lat="54.7634850" lon="35.8797640">
    <ele>177.8</ele>
   </trkpt>
   <trkpt lat="54.7630430" lon="35.8803340">
    <ele>177.8</ele>
   </trkpt>
   <trkpt lat="54.7627020" lon="35.8807790">
    <ele>176.8</ele>
   </trkpt>
   <trkpt lat="54.7623860" lon="35.8811970">
    <ele>176.8</ele>
   </trkpt>
   <trkpt lat="54.7620540" lon="35.8816280">
    <ele>177.4</ele>
   </trkpt>
   <trkpt lat="54.7616760" lon="35.8821160">
    <ele>178.6</ele>
   </trkpt>
   <trkpt lat="54.7614050" lon="35.8824540">
    <ele>179.6</ele>
   </trkpt>
   <trkpt lat="54.7611400" lon="35.8827830">
    <ele>180.0</ele>
   </trkpt>
   <trkpt lat="54.7607590" lon="35.8832660">
    <ele>180.4</ele>
   </trkpt>
   <trkpt lat="54.7607090" lon="35.8833280">
    <ele>180.6</ele>
   </trkpt>
   <trkpt lat="54.7604100" lon="35.8837290">
    <ele>180.6</ele>
   </trkpt>
   <trkpt lat="54.7599400" lon="35.8843130">
    <ele>180.0</ele>
   </trkpt>
   <trkpt lat="54.7594930" lon="35.8848580">
    <ele>179.0</ele>
   </trkpt>
   <trkpt lat="54.7593950" lon="35.8849800">
    <ele>178.8</ele>
   </trkpt>
   <trkpt lat="54.7590410" lon="35.8854290">
    <ele>178.6</ele>
   </trkpt>
   <trkpt lat="54.7589910" lon="35.8854950">
    <ele>178.6</ele>
   </trkpt>
   <trkpt lat="54.7586770" lon="35.8858920">
    <ele>178.6</ele>
   </trkpt>
   <trkpt lat="54.7585330" lon="35.8860690">
    <ele>178.4</ele>
   </trkpt>
   <trkpt lat="54.7581550" lon="35.8865510">
    <ele>178.0</ele>
   </trkpt>
   <trkpt lat="54.7580690" lon="35.8866730">
    <ele>177.8</ele>
   </trkpt>
   <trkpt lat="54.7578150" lon="35.8869400">
    <ele>177.8</ele>
   </trkpt>
   <trkpt lat="54.7574960" lon="35.8870680">
    <ele>177.6</ele>
   </trkpt>
   <trkpt lat="54.7570680" lon="35.8871220">
    <ele>176.8</ele>
   </trkpt>
   <trkpt lat="54.7566210" lon="35.8871840">
    <ele>175.4</ele>
   </trkpt>
   <trkpt lat="54.7565320" lon="35.8871950">
    <ele>174.8</ele>
   </trkpt>
   <trkpt lat="54.7564430" lon="35.8872060">
    <ele>174.2</ele>
   </trkpt>
   <trkpt lat="54.7562630" lon="35.8872210">
    <ele>172.6</ele>
   </trkpt>
   <trkpt lat="54.7560940" lon="35.8872350">
    <ele>171.0</ele>
   </trkpt>
   <trkpt lat="54.7559240" lon="35.8872500">
    <ele>170.0</ele>
   </trkpt>
   <trkpt lat="54.7558390" lon="35.8872570">
    <ele>169.8</ele>
   </trkpt>
   <trkpt lat="54.7554660" lon="35.8873160">
    <ele>169.6</ele>
   </trkpt>
   <trkpt lat="54.7551170" lon="35.8874100">
    <ele>169.6</ele>
   </trkpt>
   <trkpt lat="54.7548260" lon="35.8874710">
    <ele>171.2</ele>
   </trkpt>
   <trkpt lat="54.7547800" lon="35.8874810">
    <ele>171.6</ele>
   </trkpt>
   <trkpt lat="54.7545590" lon="35.8875140">
    <ele>172.4</ele>
   </trkpt>
   <trkpt lat="54.7544440" lon="35.8875310">
    <ele>172.8</ele>
   </trkpt>
   <trkpt lat="54.7543230" lon="35.8875780">
    <ele>172.8</ele>
   </trkpt>
   <trkpt lat="54.7543040" lon="35.8875710">
    <ele>172.8</ele>
   </trkpt>
   <trkpt lat="54.7542950" lon="35.8875650">
    <ele>173.0</ele>
   </trkpt>
   <trkpt lat="54.7542680" lon="35.8876150">
    <ele>173.2</ele>
   </trkpt>
   <trkpt lat="54.7542350" lon="35.8876480">
    <ele>173.2</ele>
   </trkpt>
   <trkpt lat="54.7540860" lon="35.8877260">
    <ele>173.2</ele>
   </trkpt>
   <trkpt lat="54.7538880" lon="35.8878060">
    <ele>173.4</ele>
   </trkpt>
   <trkpt lat="54.7538570" lon="35.8878170">
    <ele>173.6</ele>
   </trkpt>
   <trkpt lat="54.7535970" lon="35.8879030">
    <ele>174.4</ele>
   </trkpt>
   <trkpt lat="54.7535610" lon="35.8879140">
    <ele>174.6</ele>
   </trkpt>
   <trkpt lat="54.7532720" lon="35.8879870">
    <ele>175.2</ele>
   </trkpt>
   <trkpt lat="54.7529550" lon="35.8880610">
    <ele>175.6</ele>
   </trkpt>
   <trkpt lat="54.7529370" lon="35.8880610">
    <ele>175.6</ele>
   </trkpt>
   <trkpt lat="54.7529290" lon="35.8880590">
    <ele>175.6</ele>
   </trkpt>
   <trkpt lat="54.7529180" lon="35.8880640">
    <ele>175.6</ele>
   </trkpt>
   <trkpt lat="54.7527830" lon="35.8881010">
    <ele>175.6</ele>
   </trkpt>
   <trkpt lat="54.7525650" lon="35.8881570">
    <ele>175.2</ele>
   </trkpt>
   <trkpt lat="54.7521450" lon="35.8882520">
    <ele>175.0</ele>
   </trkpt>
   <trkpt lat="54.7517380" lon="35.8883340">
    <ele>175.2</ele>
   </trkpt>
   <trkpt lat="54.7513240" lon="35.8884250">
    <ele>175.8</ele>
   </trkpt>
   <trkpt lat="54.7508940" lon="35.8885130">
    <ele>176.0</ele>
   </trkpt>
   <trkpt lat="54.7506380" lon="35.8885700">
    <ele>176.6</ele>
   </trkpt>
   <trkpt lat="54.7505170" lon="35.8885950">
    <ele>177.0</ele>
   </trkpt>
   <trkpt lat="54.7502450" lon="35.8886480">
    <ele>177.8</ele>
   </trkpt>
   <trkpt lat="54.7500100" lon="35.8887000">
    <ele>178.0</ele>
   </trkpt>
   <trkpt lat="54.7496590" lon="35.8887700">
    <ele>178.0</ele>
   </trkpt>
   <trkpt lat="54.7492420" lon="35.8888640">
    <ele>178.6</ele>
   </trkpt>
   <trkpt lat="54.7488200" lon="35.8889580">
    <ele>178.8</ele>
   </trkpt>
   <trkpt lat="54.7485340" lon="35.8890220">
    <ele>179.8</ele>
   </trkpt>
   <trkpt lat="54.7484280" lon="35.8890490">
    <ele>180.0</ele>
   </trkpt>
   <trkpt lat="54.7481160" lon="35.8891200">
    <ele>180.6</ele>
   </trkpt>
   <trkpt lat="54.7479820" lon="35.8891420">
    <ele>180.8</ele>
   </trkpt>
   <trkpt lat="54.7477390" lon="35.8892040">
    <ele>182.0</ele>
   </trkpt>
   <trkpt lat="54.7477040" lon="35.8892110">
    <ele>182.2</ele>
   </trkpt>
   <trkpt lat="54.7474610" lon="35.8892800">
    <ele>183.2</ele>
   </trkpt>
   <trkpt lat="54.7474280" lon="35.8892890">
    <ele>183.4</ele>
   </trkpt>
   <trkpt lat="54.7470470" lon="35.8894050">
    <ele>183.8</ele>
   </trkpt>
   <trkpt lat="54.7468330" lon="35.8894890">
    <ele>183.8</ele>
   </trkpt>
   <trkpt lat="54.7464710" lon="35.8895960">
    <ele>184.2</ele>
   </trkpt>
   <trkpt lat="54.7460320" lon="35.8898030">
    <ele>184.2</ele>
   </trkpt>
   <trkpt lat="54.7456860" lon="35.8899870">
    <ele>183.8</ele>
   </trkpt>
   <trkpt lat="54.7452650" lon="35.8902250">
    <ele>183.2</ele>
   </trkpt>
   <trkpt lat="54.7448100" lon="35.8905560">
    <ele>183.0</ele>
   </trkpt>
   <trkpt lat="54.7443870" lon="35.8909220">
    <ele>183.0</ele>
   </trkpt>
   <trkpt lat="54.7438740" lon="35.8913680">
    <ele>182.4</ele>
   </trkpt>
   <trkpt lat="54.7438170" lon="35.8914190">
    <ele>182.4</ele>
   </trkpt>
   <trkpt lat="54.7433950" lon="35.8917890">
    <ele>181.4</ele>
   </trkpt>
   <trkpt lat="54.7433410" lon="35.8918290">
    <ele>181.4</ele>
   </trkpt>
   <trkpt lat="54.7429160" lon="35.8921850">
    <ele>181.0</ele>
   </trkpt>
   <trkpt lat="54.7425090" lon="35.8925420">
    <ele>180.6</ele>
   </trkpt>
   <trkpt lat="54.7422830" lon="35.8927450">
    <ele>180.4</ele>
   </trkpt>
   <trkpt lat="54.7419790" lon="35.8930170">
    <ele>180.2</ele>
   </trkpt>
   <trkpt lat="54.7415530" lon="35.8933920">
    <ele>179.2</ele>
   </trkpt>
   <trkpt lat="54.7412560" lon="35.8936460">
    <ele>178.8</ele>
   </trkpt>
   <trkpt lat="54.7407660" lon="35.8940610">
    <ele>179.2</ele>
   </trkpt>
   <trkpt lat="54.7404410" lon="35.8943410">
    <ele>180.2</ele>
   </trkpt>
   <trkpt lat="54.7403970" lon="35.8943770">
    <ele>180.4</ele>
   </trkpt>
   <trkpt lat="54.7402750" lon="35.8944940">
    <ele>180.8</ele>
   </trkpt>
   <trkpt lat="54.7401420" lon="35.8945930">
    <ele>181.4</ele>
   </trkpt>
   <trkpt lat="54.7400560" lon="35.8946620">
    <ele>181.6</ele>
   </trkpt>
   <trkpt lat="54.7397150" lon="35.8949550">
    <ele>181.8</ele>
   </trkpt>
   <trkpt lat="54.7393000" lon="35.8953180">
    <ele>181.4</ele>
   </trkpt>
   <trkpt lat="54.7388590" lon="35.8957000">
    <ele>181.0</ele>
   </trkpt>
   <trkpt lat="54.7386410" lon="35.8958960">
    <ele>180.2</ele>
   </trkpt>
   <trkpt lat="54.7383700" lon="35.8961360">
    <ele>179.4</ele>
   </trkpt>
   <trkpt lat="54.7383120" lon="35.8961850">
    <ele>179.2</ele>
   </trkpt>
   <trkpt lat="54.7381890" lon="35.8962890">
    <ele>179.0</ele>
   </trkpt>
   <trkpt lat="54.7378680" lon="35.8965740">
    <ele>178.4</ele>
   </trkpt>
   <trkpt lat="54.7378000" lon="35.8966340">
    <ele>178.2</ele>
   </trkpt>
   <trkpt lat="54.7375350" lon="35.8968540">
    <ele>177.2</ele>
   </trkpt>
   <trkpt lat="54.7373520" lon="35.8970040">
    <ele>177.0</ele>
   </trkpt>
   <trkpt lat="54.7371530" lon="35.8971860">
    <ele>176.0</ele>
   </trkpt>
   <trkpt lat="54.7367730" lon="35.8975250">
    <ele>175.0</ele>
   </trkpt>
   <trkpt lat="54.7367030" lon="35.8975860">
    <ele>174.8</ele>
   </trkpt>
   <trkpt lat="54.7364290" lon="35.8978280">
    <ele>174.0</ele>
   </trkpt>
   <trkpt lat="54.7361430" lon="35.8980720">
    <ele>172.6</ele>
   </trkpt>
   <trkpt lat="54.7359320" lon="35.8982570">
    <ele>171.8</ele>
   </trkpt>
   <trkpt lat="54.7358640" lon="35.8983170">
    <ele>171.6</ele>
   </trkpt>
   <trkpt lat="54.7356240" lon="35.8985260">
    <ele>170.2</ele>
   </trkpt>
   <trkpt lat="54.7352230" lon="35.8988690">
    <ele>169.8</ele>
   </trkpt>
   <trkpt lat="54.7347270" lon="35.8993090">
    <ele>169.4</ele>
   </trkpt>
   <trkpt lat="54.7346640" lon="35.8993670">
    <ele>169.4</ele>
   </trkpt>
   <trkpt lat="54.7346000" lon="35.8994220">
    <ele>169.4</ele>
   </trkpt>
   <trkpt lat="54.7345340" lon="35.8994830">
    <ele>169.2</ele>
   </trkpt>
   <trkpt lat="54.7341560" lon="35.8998100">
    <ele>168.2</ele>
   </trkpt>
   <trkpt lat="54.7339250" lon="35.9000110">
    <ele>167.4</ele>
   </trkpt>
   <trkpt lat="54.7337430" lon="35.9001680">
    <ele>167.2</ele>
   </trkpt>
   <trkpt lat="54.7332920" lon="35.9005440">
    <ele>166.8</ele>
   </trkpt>
   <trkpt lat="54.7328970" lon="35.9008900">
    <ele>166.8</ele>
   </trkpt>
   <trkpt lat="54.7324750" lon="35.9012550">
    <ele>166.8</ele>
   </trkpt>
   <trkpt lat="54.7320000" lon="35.9016810">
    <ele>166.8</ele>
   </trkpt>
   <trkpt lat="54.7314880" lon="35.9020840">
    <ele>166.6</ele>
   </trkpt>
   <trkpt lat="54.7312710" lon="35.9022030">
    <ele>166.2</ele>
   </trkpt>
   <trkpt lat="54.7308940" lon="35.9024090">
    <ele>165.8</ele>
   </trkpt>
   <trkpt lat="54.7304590" lon="35.9026530">
    <ele>165.8</ele>
   </trkpt>
   <trkpt lat="54.7304030" lon="35.9026850">
    <ele>165.8</ele>
   </trkpt>
   <trkpt lat="54.7299120" lon="35.9029580">
    <ele>166.2</ele>
   </trkpt>
   <trkpt lat="54.7293940" lon="35.9032400">
    <ele>166.4</ele>
   </trkpt>
   <trkpt lat="54.7289790" lon="35.9034530">
    <ele>166.6</ele>
   </trkpt>
   <trkpt lat="54.7284290" lon="35.9037610">
    <ele>166.8</ele>
   </trkpt>
   <trkpt lat="54.7283800" lon="35.9037880">
    <ele>166.8</ele>
   </trkpt>
   <trkpt lat="54.7280660" lon="35.9039540">
    <ele>166.8</ele>
   </trkpt>
   <trkpt lat="54.7278200" lon="35.9040800">
    <ele>167.2</ele>
   </trkpt>
   <trkpt lat="54.7273320" lon="35.9043440">
    <ele>167.8</ele>
   </trkpt>
   <trkpt lat="54.7268750" lon="35.9045890">
    <ele>168.2</ele>
   </trkpt>
   <trkpt lat="54.7268300" lon="35.9046130">
    <ele>168.2</ele>
   </trkpt>
   <trkpt lat="54.7263080" lon="35.9049000">
    <ele>169.0</ele>
   </trkpt>
   <trkpt lat="54.7257920" lon="35.9051870">
    <ele>168.8</ele>
   </trkpt>
   <trkpt lat="54.7254380" lon="35.9053770">
    <ele>168.8</ele>
   </trkpt>
   <trkpt lat="54.7250050" lon="35.9056100">
    <ele>169.2</ele>
   </trkpt>
   <trkpt lat="54.7248300" lon="35.9057080">
    <ele>169.6</ele>
   </trkpt>
   <trkpt lat="54.7245790" lon="35.9058460">
    <ele>169.6</ele>
   </trkpt>
   <trkpt lat="54.7242510" lon="35.9060190">
    <ele>170.4</ele>
   </trkpt>
   <trkpt lat="54.7241740" lon="35.9060640">
    <ele>170.6</ele>
   </trkpt>
   <trkpt lat="54.7237840" lon="35.9062810">
    <ele>171.6</ele>
   </trkpt>
   <trkpt lat="54.7235160" lon="35.9064240">
    <ele>172.6</ele>
   </trkpt>
   <trkpt lat="54.7234860" lon="35.9064410">
    <ele>172.6</ele>
   </trkpt>
   <trkpt lat="54.7232760" lon="35.9065520">
    <ele>174.0</ele>
   </trkpt>
   <trkpt lat="54.7231810" lon="35.9066040">
    <ele>174.4</ele>
   </trkpt>
   <trkpt lat="54.7230290" lon="35.9066800">
    <ele>175.0</ele>
   </trkpt>
   <trkpt lat="54.7228190" lon="35.9067880">
    <ele>175.2</ele>
   </trkpt>
   <trkpt lat="54.7226790" lon="35.9068710">
    <ele>176.2</ele>
   </trkpt>
   <trkpt lat="54.7225690" lon="35.9069430">
    <ele>176.6</ele>
   </trkpt>
   <trkpt lat="54.7223550" lon="35.9070600">
    <ele>177.0</ele>
   </trkpt>
   <trkpt lat="54.7223270" lon="35.9070710">
    <ele>177.4</ele>
   </trkpt>
   <trkpt lat="54.7222990" lon="35.9070820">
    <ele>177.6</ele>
   </trkpt>
   <trkpt lat="54.7222450" lon="35.9071120">
    <ele>178.6</ele>
   </trkpt>
   <trkpt lat="54.7221380" lon="35.9071700">
    <ele>179.6</ele>
   </trkpt>
   <trkpt lat="54.7220300" lon="35.9072210">
    <ele>180.0</ele>
   </trkpt>
   <trkpt lat="54.7218230" lon="35.9073450">
    <ele>180.8</ele>
   </trkpt>
   <trkpt lat="54.7216950" lon="35.9074140">
    <ele>181.8</ele>
   </trkpt>
   <trkpt lat="54.7216700" lon="35.9074290">
    <ele>182.0</ele>
   </trkpt>
   <trkpt lat="54.7214770" lon="35.9075490">
    <ele>183.2</ele>
   </trkpt>
   <trkpt lat="54.7213780" lon="35.9076090">
    <ele>183.4</ele>
   </trkpt>
   <trkpt lat="54.7213510" lon="35.9076230">
    <ele>183.6</ele>
   </trkpt>
   <trkpt lat="54.7211470" lon="35.9077350">
    <ele>184.4</ele>
   </trkpt>
   <trkpt lat="54.7210450" lon="35.9077900">
    <ele>184.8</ele>
   </trkpt>
   <trkpt lat="54.7207130" lon="35.9079560">
    <ele>185.2</ele>
   </trkpt>
   <trkpt lat="54.7204400" lon="35.9081130">
    <ele>185.6</ele>
   </trkpt>
   <trkpt lat="54.7202710" lon="35.9082190">
    <ele>186.4</ele>
   </trkpt>
   <trkpt lat="54.7202430" lon="35.9082340">
    <ele>186.4</ele>
   </trkpt>
   <trkpt lat="54.7201600" lon="35.9082760">
    <ele>186.6</ele>
   </trkpt>
   <trkpt lat="54.7200700" lon="35.9083020">
    <ele>186.8</ele>
   </trkpt>
   <trkpt lat="54.7198520" lon="35.9084430">
    <ele>187.0</ele>
   </trkpt>
   <trkpt lat="54.7195990" lon="35.9085870">
    <ele>187.0</ele>
   </trkpt>
   <trkpt lat="54.7192010" lon="35.9088030">
    <ele>186.8</ele>
   </trkpt>
   <trkpt lat="54.7188510" lon="35.9090470">
    <ele>187.6</ele>
   </trkpt>
   <trkpt lat="54.7188180" lon="35.9090780">
    <ele>187.8</ele>
   </trkpt>
   <trkpt lat="54.7185680" lon="35.9092910">
    <ele>188.8</ele>
   </trkpt>
   <trkpt lat="54.7184700" lon="35.9094080">
    <ele>189.0</ele>
   </trkpt>
   <trkpt lat="54.7183790" lon="35.9095470">
    <ele>189.0</ele>
   </trkpt>
   <trkpt lat="54.7183560" lon="35.9095810">
    <ele>189.0</ele>
   </trkpt>
   <trkpt lat="54.7183170" lon="35.9096450">
    <ele>189.0</ele>
   </trkpt>
   <trkpt lat="54.7182600" lon="35.9097350">
    <ele>189.0</ele>
   </trkpt>
   <trkpt lat="54.7182220" lon="35.9097860">
    <ele>189.0</ele>
   </trkpt>
   <trkpt lat="54.7181540" lon="35.9098660">
    <ele>189.0</ele>
   </trkpt>
   <trkpt lat="54.7181250" lon="35.9098920">
    <ele>189.0</ele>
   </trkpt>
   <trkpt lat="54.7180810" lon="35.9099140">
    <ele>189.0</ele>
   </trkpt>
   <trkpt lat="54.7180190" lon="35.9099550">
    <ele>189.0</ele>
   </trkpt>
   <trkpt lat="54.7179810" lon="35.9100070">
    <ele>189.0</ele>
   </trkpt>
   <trkpt lat="54.7179200" lon="35.9101060">
    <ele>188.8</ele>
   </trkpt>
   <trkpt lat="54.7175130" lon="35.9108440">
    <ele>188.0</ele>
   </trkpt>
   <trkpt lat="54.7174710" lon="35.9109190">
    <ele>187.8</ele>
   </trkpt>
   <trkpt lat="54.7173860" lon="35.9110730">
    <ele>187.8</ele>
   </trkpt>
   <trkpt lat="54.7171360" lon="35.9115230">
    <ele>186.8</ele>
   </trkpt>
   <trkpt lat="54.7170940" lon="35.9116080">
    <ele>186.4</ele>
   </trkpt>
   <trkpt lat="54.7169840" lon="35.9118790">
    <ele>185.8</ele>
   </trkpt>
   <trkpt lat="54.7168710" lon="35.9121480">
    <ele>184.6</ele>
   </trkpt>
   <trkpt lat="54.7168330" lon="35.9122420">
    <ele>184.4</ele>
   </trkpt>
   <trkpt lat="54.7165960" lon="35.9127820">
    <ele>183.4</ele>
   </trkpt>
   <trkpt lat="54.7164030" lon="35.9132100">
    <ele>183.0</ele>
   </trkpt>
   <trkpt lat="54.7161090" lon="35.9138850">
    <ele>183.0</ele>
   </trkpt>
   <trkpt lat="54.7159160" lon="35.9145080">
    <ele>183.4</ele>
   </trkpt>
   <trkpt lat="54.7158460" lon="35.9151540">
    <ele>183.4</ele>
   </trkpt>
   <trkpt lat="54.7158060" lon="35.9158430">
    <ele>183.6</ele>
   </trkpt>
   <trkpt lat="54.7158110" lon="35.9160240">
    <ele>183.6</ele>
   </trkpt>
   <trkpt lat="54.7158070" lon="35.9161920">
    <ele>183.8</ele>
   </trkpt>
   <trkpt lat="54.7158040" lon="35.9163340">
    <ele>184.0</ele>
   </trkpt>
   <trkpt lat="54.7158420" lon="35.9169510">
    <ele>184.4</ele>
   </trkpt>
   <trkpt lat="54.7158940" lon="35.9177100">
    <ele>184.2</ele>
   </trkpt>
   <trkpt lat="54.7159360" lon="35.9183470">
    <ele>183.0</ele>
   </trkpt>
   <trkpt lat="54.7159590" lon="35.9186060">
    <ele>182.4</ele>
   </trkpt>
   <trkpt lat="54.7160080" lon="35.9189650">
    <ele>181.8</ele>
   </trkpt>
   <trkpt lat="54.7160250" lon="35.9192840">
    <ele>181.4</ele>
   </trkpt>
   <trkpt lat="54.7160510" lon="35.9197560">
    <ele>181.2</ele>
   </trkpt>
   <trkpt lat="54.7161070" lon="35.9207170">
    <ele>181.0</ele>
   </trkpt>
   <trkpt lat="54.7161320" lon="35.9210600">
    <ele>180.6</ele>
   </trkpt>
   <trkpt lat="54.7161470" lon="35.9212990">
    <ele>180.2</ele>
   </trkpt>
   <trkpt lat="54.7162000" lon="35.9221070">
    <ele>179.2</ele>
   </trkpt>
   <trkpt lat="54.7162570" lon="35.9230470">
    <ele>179.2</ele>
   </trkpt>
   <trkpt lat="54.7162800" lon="35.9232930">
    <ele>179.2</ele>
   </trkpt>
   <trkpt lat="54.7163140" lon="35.9237780">
    <ele>179.2</ele>
   </trkpt>
   <trkpt lat="54.7163270" lon="35.9240210">
    <ele>179.2</ele>
   </trkpt>
   <trkpt lat="54.7163460" lon="35.9242680">
    <ele>179.2</ele>
   </trkpt>
   <trkpt lat="54.7163440" lon="35.9243850">
    <ele>179.2</ele>
   </trkpt>
   <trkpt lat="54.7163470" lon="35.9245030">
    <ele>179.2</ele>
   </trkpt>
   <trkpt lat="54.7163600" lon="35.9247490">
    <ele>179.2</ele>
   </trkpt>
   <trkpt lat="54.7163870" lon="35.9251500">
    <ele>179.0</ele>
   </trkpt>
   <trkpt lat="54.7164280" lon="35.9257030">
    <ele>178.8</ele>
   </trkpt>
   <trkpt lat="54.7164670" lon="35.9262790">
    <ele>178.6</ele>
   </trkpt>
   <trkpt lat="54.7164920" lon="35.9265410">
    <ele>178.4</ele>
   </trkpt>
   <trkpt lat="54.7165020" lon="35.9266770">
    <ele>178.4</ele>
   </trkpt>
   <trkpt lat="54.7165110" lon="35.9268040">
    <ele>178.4</ele>
   </trkpt>
   <trkpt lat="54.7165580" lon="35.9272810">
    <ele>178.0</ele>
   </trkpt>
   <trkpt lat="54.7165980" lon="35.9277920">
    <ele>177.6</ele>
   </trkpt>
   <trkpt lat="54.7166040" lon="35.9279350">
    <ele>177.6</ele>
   </trkpt>
   <trkpt lat="54.7166780" lon="35.9285290">
    <ele>177.6</ele>
   </trkpt>
   <trkpt lat="54.7166990" lon="35.9287860">
    <ele>177.6</ele>
   </trkpt>
   <trkpt lat="54.7167250" lon="35.9290360">
    <ele>177.4</ele>
   </trkpt>
   <trkpt lat="54.7167220" lon="35.9292800">
    <ele>177.4</ele>
   </trkpt>
   <trkpt lat="54.7167180" lon="35.9294860">
    <ele>177.6</ele>
   </trkpt>
   <trkpt lat="54.7167230" lon="35.9297390">
    <ele>177.8</ele>
   </trkpt>
   <trkpt lat="54.7167090" lon="35.9298270">
    <ele>177.8</ele>
   </trkpt>
   <trkpt lat="54.7166950" lon="35.9298900">
    <ele>177.8</ele>
   </trkpt>
   <trkpt lat="54.7167120" lon="35.9300490">
    <ele>177.8</ele>
   </trkpt>
   <trkpt lat="54.7167190" lon="35.9301780">
    <ele>178.0</ele>
   </trkpt>
   <trkpt lat="54.7167240" lon="35.9304450">
    <ele>178.0</ele>
   </trkpt>
   <trkpt lat="54.7167360" lon="35.9306570">
    <ele>178.0</ele>
   </trkpt>
   <trkpt lat="54.7167500" lon="35.9307590">
    <ele>178.2</ele>
   </trkpt>
   <trkpt lat="54.7168000" lon="35.9309950">
    <ele>178.2</ele>
   </trkpt>
   <trkpt lat="54.7168310" lon="35.9311890">
    <ele>178.2</ele>
   </trkpt>
   <trkpt lat="54.7168340" lon="35.9312870">
    <ele>178.4</ele>
   </trkpt>
   <trkpt lat="54.7168250" lon="35.9317440">
    <ele>178.6</ele>
   </trkpt>
   <trkpt lat="54.7168120" lon="35.9318150">
    <ele>178.8</ele>
   </trkpt>
   <trkpt lat="54.7168010" lon="35.9319490">
    <ele>179.0</ele>
   </trkpt>
   <trkpt lat="54.7168030" lon="35.9321200">
    <ele>179.2</ele>
   </trkpt>
   <trkpt lat="54.7167940" lon="35.9323620">
    <ele>179.4</ele>
   </trkpt>
   <trkpt lat="54.7167750" lon="35.9326420">
    <ele>179.4</ele>
   </trkpt>
   <trkpt lat="54.7167910" lon="35.9327760">
    <ele>179.6</ele>
   </trkpt>
   <trkpt lat="54.7168250" lon="35.9328940">
    <ele>179.6</ele>
   </trkpt>
   <trkpt lat="54.7169610" lon="35.9333450">
    <ele>180.2</ele>
   </trkpt>
   <trkpt lat="54.7170040" lon="35.9335780">
    <ele>180.2</ele>
   </trkpt>
   <trkpt lat="54.7170080" lon="35.9336670">
    <ele>180.2</ele>
   </trkpt>
   <trkpt lat="54.7170090" lon="35.9337250">
    <ele>180.2</ele>
   </trkpt>
   <trkpt lat="54.7170040" lon="35.9340080">
    <ele>180.2</ele>
   </trkpt>
   <trkpt lat="54.7169940" lon="35.9340930">
    <ele>180.2</ele>
   </trkpt>
   <trkpt lat="54.7169940" lon="35.9345370">
    <ele>180.0</ele>
   </trkpt>
   <trkpt lat="54.7170060" lon="35.9347130">
    <ele>180.0</ele>
   </trkpt>
   <trkpt lat="54.7170230" lon="35.9349110">
    <ele>180.0</ele>
   </trkpt>
   <trkpt lat="54.7170540" lon="35.9354720">
    <ele>179.8</ele>
   </trkpt>
   <trkpt lat="54.7170820" lon="35.9358980">
    <ele>179.4</ele>
   </trkpt>
   <trkpt lat="54.7171250" lon="35.9361240">
    <ele>179.4</ele>
   </trkpt>
   <trkpt lat="54.7171510" lon="35.9366000">
    <ele>179.4</ele>
   </trkpt>
   <trkpt lat="54.7171390" lon="35.9368030">
    <ele>179.6</ele>
   </trkpt>
   <trkpt lat="54.7170950" lon="35.9370680">
    <ele>179.6</ele>
   </trkpt>
   <trkpt lat="54.7170900" lon="35.9371880">
    <ele>179.6</ele>
   </trkpt>
   <trkpt lat="54.7170920" lon="35.9373020">
    <ele>179.6</ele>
   </trkpt>
   <trkpt lat="54.7171330" lon="35.9374890">
    <ele>179.6</ele>
   </trkpt>
   <trkpt lat="54.7171610" lon="35.9375690">
    <ele>179.6</ele>
   </trkpt>
   <trkpt lat="54.7171730" lon="35.9376440">
    <ele>179.6</ele>
   </trkpt>
   <trkpt lat="54.7171830" lon="35.9378500">
    <ele>179.8</ele>
   </trkpt>
   <trkpt lat="54.7171890" lon="35.9379450">
    <ele>179.8</ele>
   </trkpt>
   <trkpt lat="54.7171530" lon="35.9380940">
    <ele>179.8</ele>
   </trkpt>
   <trkpt lat="54.7171520" lon="35.9381740">
    <ele>179.8</ele>
   </trkpt>
   <trkpt lat="54.7171580" lon="35.9382610">
    <ele>180.0</ele>
   </trkpt>
   <trkpt lat="54.7171800" lon="35.9384360">
    <ele>180.4</ele>
   </trkpt>
   <trkpt lat="54.7172180" lon="35.9385870">
    <ele>180.4</ele>
   </trkpt>
   <trkpt lat="54.7172580" lon="35.9387330">
    <ele>180.6</ele>
   </trkpt>
   <trkpt lat="54.7173610" lon="35.9390630">
    <ele>180.8</ele>
   </trkpt>
   <trkpt lat="54.7175500" lon="35.9394810">
    <ele>181.0</ele>
   </trkpt>
   <trkpt lat="54.7176300" lon="35.9395830">
    <ele>181.0</ele>
   </trkpt>
   <trkpt lat="54.7177290" lon="35.9396820">
    <ele>181.0</ele>
   </trkpt>
   <trkpt lat="54.7179410" lon="35.9400170">
    <ele>181.0</ele>
   </trkpt>
   <trkpt lat="54.7182460" lon="35.9405330">
    <ele>180.0</ele>
   </trkpt>
   <trkpt lat="54.7184600" lon="35.9408280">
    <ele>179.6</ele>
   </trkpt>
   <trkpt lat="54.7186170" lon="35.9410400">
    <ele>179.6</ele>
   </trkpt>
   <trkpt lat="54.7186640" lon="35.9411160">
    <ele>179.4</ele>
   </trkpt>
   <trkpt lat="54.7189130" lon="35.9416000">
    <ele>179.0</ele>
   </trkpt>
   <trkpt lat="54.7189840" lon="35.9417420">
    <ele>178.8</ele>
   </trkpt>
   <trkpt lat="54.7190570" lon="35.9419970">
    <ele>178.8</ele>
   </trkpt>
   <trkpt lat="54.7192230" lon="35.9425230">
    <ele>178.6</ele>
   </trkpt>
   <trkpt lat="54.7193140" lon="35.9426630">
    <ele>178.4</ele>
   </trkpt>
   <trkpt lat="54.7195060" lon="35.9429970">
    <ele>177.8</ele>
   </trkpt>
   <trkpt lat="54.7196330" lon="35.9431730">
    <ele>177.2</ele>
   </trkpt>
   <trkpt lat="54.7198370" lon="35.9433810">
    <ele>176.0</ele>
   </trkpt>
   <trkpt lat="54.7201900" lon="35.9437130">
    <ele>174.2</ele>
   </trkpt>
   <trkpt lat="54.7202900" lon="35.9438200">
    <ele>173.2</ele>
   </trkpt>
   <trkpt lat="54.7203890" lon="35.9439560">
    <ele>172.2</ele>
   </trkpt>
   <trkpt lat="54.7204830" lon="35.9441170">
    <ele>171.2</ele>
   </trkpt>
   <trkpt lat="54.7205550" lon="35.9442470">
    <ele>170.0</ele>
   </trkpt>
   <trkpt lat="54.7206290" lon="35.9443770">
    <ele>169.0</ele>
   </trkpt>
   <trkpt lat="54.7207580" lon="35.9445820">
    <ele>167.8</ele>
   </trkpt>
   <trkpt lat="54.7208640" lon="35.9447470">
    <ele>166.6</ele>
   </trkpt>
   <trkpt lat="54.7209860" lon="35.9449390">
    <ele>165.4</ele>
   </trkpt>
   <trkpt lat="54.7210140" lon="35.9449730">
    <ele>164.0</ele>
   </trkpt>
   <trkpt lat="54.7210430" lon="35.9450070">
    <ele>162.8</ele>
   </trkpt>
   <trkpt lat="54.7210980" lon="35.9450970">
    <ele>161.4</ele>
   </trkpt>
   <trkpt lat="54.7211290" lon="35.9451600">
    <ele>160.0</ele>
   </trkpt>
   <trkpt lat="54.7211780" lon="35.9452620">
    <ele>158.6</ele>
   </trkpt>
   <trkpt lat="54.7211770" lon="35.9453190">
    <ele>157.2</ele>
   </trkpt>
   <trkpt lat="54.7212240" lon="35.9454240">
    <ele>156.0</ele>
   </trkpt>
   <trkpt lat="54.7212680" lon="35.9456070">
    <ele>154.4</ele>
   </trkpt>
   <trkpt lat="54.7214200" lon="35.9458250">
    <ele>154.4</ele>
   </trkpt>
   <trkpt lat="54.7215860" lon="35.9460340">
    <ele>153.0</ele>
   </trkpt>
   <trkpt lat="54.7216560" lon="35.9461220">
    <ele>151.8</ele>
   </trkpt>
   <trkpt lat="54.7217350" lon="35.9462290">
    <ele>151.0</ele>
   </trkpt>
   <trkpt lat="54.7218070" lon="35.9464040">
    <ele>150.6</ele>
   </trkpt>
   <trkpt lat="54.7219080" lon="35.9466320">
    <ele>150.4</ele>
   </trkpt>
   <trkpt lat="54.7217700" lon="35.9462550">
    <ele>150.0</ele>
   </trkpt>
   <trkpt lat="54.7219360" lon="35.9465970">
    <ele>149.6</ele>
   </trkpt>
   <trkpt lat="54.7219970" lon="35.9466670">
    <ele>149.4</ele>
   </trkpt>
   <trkpt lat="54.7220660" lon="35.9467550">
    <ele>149.4</ele>
   </trkpt>
   <trkpt lat="54.7222820" lon="35.9470970">
    <ele>149.0</ele>
   </trkpt>
   <trkpt lat="54.7223350" lon="35.9471990">
    <ele>149.0</ele>
   </trkpt>
   <trkpt lat="54.7224580" lon="35.9473970">
    <ele>148.4</ele>
   </trkpt>
   <trkpt lat="54.7226800" lon="35.9477150">
    <ele>147.8</ele>
   </trkpt>
   <trkpt lat="54.7228560" lon="35.9479500">
    <ele>147.6</ele>
   </trkpt>
   <trkpt lat="54.7230250" lon="35.9482000">
    <ele>147.6</ele>
   </trkpt>
   <trkpt lat="54.7231300" lon="35.9483310">
    <ele>147.4</ele>
   </trkpt>
   <trkpt lat="54.7233050" lon="35.9485670">
    <ele>147.4</ele>
   </trkpt>
   <trkpt lat="54.7235310" lon="35.9488640">
    <ele>147.0</ele>
   </trkpt>
   <trkpt lat="54.7237800" lon="35.9492080">
    <ele>147.0</ele>
   </trkpt>
   <trkpt lat="54.7240040" lon="35.9495300">
    <ele>147.0</ele>
   </trkpt>
   <trkpt lat="54.7240900" lon="35.9496510">
    <ele>147.0</ele>
   </trkpt>
   <trkpt lat="54.7241920" lon="35.9497730">
    <ele>147.2</ele>
   </trkpt>
   <trkpt lat="54.7242490" lon="35.9498650">
    <ele>147.4</ele>
   </trkpt>
   <trkpt lat="54.7244460" lon="35.9502130">
    <ele>147.8</ele>
   </trkpt>
   <trkpt lat="54.7245110" lon="35.9503270">
    <ele>147.8</ele>
   </trkpt>
   <trkpt lat="54.7245760" lon="35.9504090">
    <ele>147.8</ele>
   </trkpt>
   <trkpt lat="54.7246410" lon="35.9505290">
    <ele>148.0</ele>
   </trkpt>
   <trkpt lat="54.7247960" lon="35.9507670">
    <ele>148.0</ele>
   </trkpt>
   <trkpt lat="54.7250410" lon="35.9512380">
    <ele>148.0</ele>
   </trkpt>
   <trkpt lat="54.7252800" lon="35.9515750">
    <ele>148.0</ele>
   </trkpt>
   <trkpt lat="54.7253130" lon="35.9516410">
    <ele>148.0</ele>
   </trkpt>
   <trkpt lat="54.7253590" lon="35.9517070">
    <ele>148.0</ele>
   </trkpt>
   <trkpt lat="54.7254240" lon="35.9517820">
    <ele>148.0</ele>
   </trkpt>
   <trkpt lat="54.7254930" lon="35.9518520">
    <ele>148.0</ele>
   </trkpt>
   <trkpt lat="54.7256220" lon="35.9520440">
    <ele>148.0</ele>
   </trkpt>
   <trkpt lat="54.7256650" lon="35.9521070">
    <ele>148.0</ele>
   </trkpt>
   <trkpt lat="54.7257330" lon="35.9522180">
    <ele>148.0</ele>
   </trkpt>
   <trkpt lat="54.7257820" lon="35.9522820">
    <ele>148.0</ele>
   </trkpt>
   <trkpt lat="54.7258910" lon="35.9524060">
    <ele>148.4</ele>
   </trkpt>
   <trkpt lat="54.7259290" lon="35.9524640">
    <ele>148.6</ele>
   </trkpt>
   <trkpt lat="54.7259710" lon="35.9525150">
    <ele>149.0</ele>
   </trkpt>
   <trkpt lat="54.7260710" lon="35.9526830">
    <ele>149.2</ele>
   </trkpt>
   <trkpt lat="54.7261880" lon="35.9528960">
    <ele>149.6</ele>
   </trkpt>
   <trkpt lat="54.7262290" lon="35.9529740">
    <ele>149.8</ele>
   </trkpt>
   <trkpt lat="54.7263250" lon="35.9532210">
    <ele>150.2</ele>
   </trkpt>
   <trkpt lat="54.7263960" lon="35.9534290">
    <ele>150.4</ele>
   </trkpt>
   <trkpt lat="54.7264700" lon="35.9536910">
    <ele>150.4</ele>
   </trkpt>
   <trkpt lat="54.7265200" lon="35.9539990">
    <ele>150.4</ele>
   </trkpt>
   <trkpt lat="54.7265610" lon="35.9541800">
    <ele>150.4</ele>
   </trkpt>
   <trkpt lat="54.7266250" lon="35.9546130">
    <ele>150.4</ele>
   </trkpt>
   <trkpt lat="54.7266440" lon="35.9547140">
    <ele>150.4</ele>
   </trkpt>
   <trkpt lat="54.7266570" lon="35.9548030">
    <ele>150.4</ele>
   </trkpt>
   <trkpt lat="54.7266420" lon="35.9548880">
    <ele>150.4</ele>
   </trkpt>
   <trkpt lat="54.7266330" lon="35.9549750">
    <ele>150.4</ele>
   </trkpt>
   <trkpt lat="54.7266130" lon="35.9551280">
    <ele>150.4</ele>
   </trkpt>
   <trkpt lat="54.7266520" lon="35.9553600">
    <ele>150.4</ele>
   </trkpt>
   <trkpt lat="54.7266590" lon="35.9554560">
    <ele>150.2</ele>
   </trkpt>
   <trkpt lat="54.7266760" lon="35.9555490">
    <ele>149.8</ele>
   </trkpt>
   <trkpt lat="54.7266960" lon="35.9557530">
    <ele>149.2</ele>
   </trkpt>
   <trkpt lat="54.7267500" lon="35.9560300">
    <ele>148.6</ele>
   </trkpt>
   <trkpt lat="54.7267790" lon="35.9561800">
    <ele>148.4</ele>
   </trkpt>
   <trkpt lat="54.7268010" lon="35.9563130">
    <ele>148.0</ele>
   </trkpt>
   <trkpt lat="54.7268220" lon="35.9565160">
    <ele>147.8</ele>
   </trkpt>
   <trkpt lat="54.7268540" lon="35.9567170">
    <ele>147.4</ele>
   </trkpt>
   <trkpt lat="54.7269260" lon="35.9572520">
    <ele>147.2</ele>
   </trkpt>
   <trkpt lat="54.7269400" lon="35.9574310">
    <ele>147.2</ele>
   </trkpt>
   <trkpt lat="54.7269690" lon="35.9577880">
    <ele>147.2</ele>
   </trkpt>
   <trkpt lat="54.7269770" lon="35.9578560">
    <ele>147.2</ele>
   </trkpt>
   <trkpt lat="54.7270050" lon="35.9581210">
    <ele>147.2</ele>
   </trkpt>
   <trkpt lat="54.7270160" lon="35.9581840">
    <ele>147.2</ele>
   </trkpt>
   <trkpt lat="54.7270430" lon="35.9583320">
    <ele>147.2</ele>
   </trkpt>
   <trkpt lat="54.7270360" lon="35.9584940">
    <ele>147.2</ele>
   </trkpt>
   <trkpt lat="54.7270270" lon="35.9586610">
    <ele>147.6</ele>
   </trkpt>
   <trkpt lat="54.7270240" lon="35.9587460">
    <ele>147.6</ele>
   </trkpt>
   <trkpt lat="54.7270390" lon="35.9588380">
    <ele>147.8</ele>
   </trkpt>
   <trkpt lat="54.7271070" lon="35.9590430">
    <ele>147.8</ele>
   </trkpt>
   <trkpt lat="54.7271460" lon="35.9592350">
    <ele>148.2</ele>
   </trkpt>
   <trkpt lat="54.7271550" lon="35.9593180">
    <ele>148.2</ele>
   </trkpt>
   <trkpt lat="54.7271740" lon="35.9594950">
    <ele>148.6</ele>
   </trkpt>
   <trkpt lat="54.7272240" lon="35.9597990">
    <ele>149.0</ele>
   </trkpt>
   <trkpt lat="54.7272560" lon="35.9599390">
    <ele>149.4</ele>
   </trkpt>
   <trkpt lat="54.7272800" lon="35.9600950">
    <ele>149.6</ele>
   </trkpt>
   <trkpt lat="54.7272850" lon="35.9601760">
    <ele>149.8</ele>
   </trkpt>
   <trkpt lat="54.7273570" lon="35.9606390">
    <ele>150.0</ele>
   </trkpt>
   <trkpt lat="54.7274340" lon="35.9609750">
    <ele>150.0</ele>
   </trkpt>
   <trkpt lat="54.7274980" lon="35.9612190">
    <ele>150.0</ele>
   </trkpt>
   <trkpt lat="54.7275630" lon="35.9614670">
    <ele>150.0</ele>
   </trkpt>
   <trkpt lat="54.7275850" lon="35.9615840">
    <ele>150.0</ele>
   </trkpt>
   <trkpt lat="54.7275950" lon="35.9616610">
    <ele>150.0</ele>
   </trkpt>
   <trkpt lat="54.7276310" lon="35.9618850">
    <ele>150.0</ele>
   </trkpt>
   <trkpt lat="54.7276540" lon="35.9619990">
    <ele>150.0</ele>
   </trkpt>
   <trkpt lat="54.7277510" lon="35.9626520">
    <ele>149.6</ele>
   </trkpt>
   <trkpt lat="54.7277660" lon="35.9628650">
    <ele>148.6</ele>
   </trkpt>
   <trkpt lat="54.7277900" lon="35.9633680">
    <ele>147.4</ele>
   </trkpt>
   <trkpt lat="54.7277900" lon="35.9634610">
    <ele>147.4</ele>
   </trkpt>
   <trkpt lat="54.7277420" lon="35.9641070">
    <ele>147.2</ele>
   </trkpt>
   <trkpt lat="54.7276340" lon="35.9648270">
    <ele>147.2</ele>
   </trkpt>
   <trkpt lat="54.7275010" lon="35.9656300">
    <ele>147.2</ele>
   </trkpt>
   <trkpt lat="54.7273930" lon="35.9661030">
    <ele>148.4</ele>
   </trkpt>
   <trkpt lat="54.7273620" lon="35.9662390">
    <ele>148.8</ele>
   </trkpt>
   <trkpt lat="54.7272500" lon="35.9667190">
    <ele>149.6</ele>
   </trkpt>
   <trkpt lat="54.7271930" lon="35.9668910">
    <ele>149.8</ele>
   </trkpt>
   <trkpt lat="54.7271370" lon="35.9671640">
    <ele>150.2</ele>
   </trkpt>
   <trkpt lat="54.7270770" lon="35.9673340">
    <ele>151.0</ele>
   </trkpt>
   <trkpt lat="54.7269760" lon="35.9676170">
    <ele>152.2</ele>
   </trkpt>
   <trkpt lat="54.7269590" lon="35.9676640">
    <ele>152.4</ele>
   </trkpt>
   <trkpt lat="54.7268660" lon="35.9679310">
    <ele>153.4</ele>
   </trkpt>
   <trkpt lat="54.7268500" lon="35.9679690">
    <ele>153.6</ele>
   </trkpt>
   <trkpt lat="54.7267790" lon="35.9681150">
    <ele>154.4</ele>
   </trkpt>
   <trkpt lat="54.7267070" lon="35.9682640">
    <ele>154.8</ele>
   </trkpt>
   <trkpt lat="54.7265990" lon="35.9684920">
    <ele>155.6</ele>
   </trkpt>
   <trkpt lat="54.7264970" lon="35.9686870">
    <ele>156.2</ele>
   </trkpt>
   <trkpt lat="54.7264020" lon="35.9688820">
    <ele>156.6</ele>
   </trkpt>
   <trkpt lat="54.7263500" lon="35.9690100">
    <ele>157.0</ele>
   </trkpt>
   <trkpt lat="54.7262400" lon="35.9693770">
    <ele>157.8</ele>
   </trkpt>
   <trkpt lat="54.7262030" lon="35.9695250">
    <ele>158.4</ele>
   </trkpt>
   <trkpt lat="54.7261370" lon="35.9698340">
    <ele>159.0</ele>
   </trkpt>
   <trkpt lat="54.7261130" lon="35.9699230">
    <ele>159.2</ele>
   </trkpt>
   <trkpt lat="54.7260340" lon="35.9701860">
    <ele>159.8</ele>
   </trkpt>
   <trkpt lat="54.7260210" lon="35.9702050">
    <ele>160.0</ele>
   </trkpt>
   <trkpt lat="54.7260070" lon="35.9706210">
    <ele>160.8</ele>
   </trkpt>
   <trkpt lat="54.7260170" lon="35.9706390">
    <ele>160.8</ele>
   </trkpt>
   <trkpt lat="54.7260280" lon="35.9707870">
    <ele>160.8</ele>
   </trkpt>
   <trkpt lat="54.7260240" lon="35.9707830">
    <ele>160.8</ele>
   </trkpt>
   <trkpt lat="54.7259940" lon="35.9707520">
    <ele>160.8</ele>
   </trkpt>
   <trkpt lat="54.7259900" lon="35.9707510">
    <ele>160.8</ele>
   </trkpt>
   <trkpt lat="54.7259450" lon="35.9708100">
    <ele>160.8</ele>
   </trkpt>
   <trkpt lat="54.7259720" lon="35.9708820">
    <ele>160.8</ele>
   </trkpt>
   <trkpt lat="54.7260140" lon="35.9710820">
    <ele>161.0</ele>
   </trkpt>
   <trkpt lat="54.7260030" lon="35.9711060">
    <ele>161.2</ele>
   </trkpt>
   <trkpt lat="54.7260100" lon="35.9711520">
    <ele>161.4</ele>
   </trkpt>
   <trkpt lat="54.7259790" lon="35.9712770">
    <ele>161.8</ele>
   </trkpt>
   <trkpt lat="54.7259720" lon="35.9713920">
    <ele>162.0</ele>
   </trkpt>
   <trkpt lat="54.7259520" lon="35.9714440">
    <ele>162.0</ele>
   </trkpt>
   <trkpt lat="54.7258230" lon="35.9715140">
    <ele>162.0</ele>
   </trkpt>
   <trkpt lat="54.7257300" lon="35.9715730">
    <ele>162.2</ele>
   </trkpt>
   <trkpt lat="54.7256130" lon="35.9715840">
    <ele>162.4</ele>
   </trkpt>
   <trkpt lat="54.7254720" lon="35.9715780">
    <ele>162.8</ele>
   </trkpt>
   <trkpt lat="54.7253730" lon="35.9715610">
    <ele>162.8</ele>
   </trkpt>
   <trkpt lat="54.7253100" lon="35.9715340">
    <ele>162.8</ele>
   </trkpt>
   <trkpt lat="54.7251730" lon="35.9715020">
    <ele>163.0</ele>
   </trkpt>
   <trkpt lat="54.7250610" lon="35.9714860">
    <ele>163.2</ele>
   </trkpt>
   <trkpt lat="54.7249630" lon="35.9716360">
    <ele>163.6</ele>
   </trkpt>
   <trkpt lat="54.7249470" lon="35.9716730">
    <ele>163.6</ele>
   </trkpt>
   <trkpt lat="54.7249200" lon="35.9717540">
    <ele>163.8</ele>
   </trkpt>
   <trkpt lat="54.7249060" lon="35.9717700">
    <ele>163.8</ele>
   </trkpt>
   <trkpt lat="54.7248420" lon="35.9719790">
    <ele>164.0</ele>
   </trkpt>
   <trkpt lat="54.7248020" lon="35.9721000">
    <ele>164.0</ele>
   </trkpt>
   <trkpt lat="54.7247350" lon="35.9722860">
    <ele>164.0</ele>
   </trkpt>
   <trkpt lat="54.7245350" lon="35.9729170">
    <ele>164.4</ele>
   </trkpt>
   <trkpt lat="54.7244970" lon="35.9730480">
    <ele>164.4</ele>
   </trkpt>
   <trkpt lat="54.7243840" lon="35.9734560">
    <ele>164.6</ele>
   </trkpt>
   <trkpt lat="54.7241860" lon="35.9742020">
    <ele>164.4</ele>
   </trkpt>
   <trkpt lat="54.7241110" lon="35.9746470">
    <ele>164.0</ele>
   </trkpt>
   <trkpt lat="54.7240850" lon="35.9749710">
    <ele>163.8</ele>
   </trkpt>
   <trkpt lat="54.7240940" lon="35.9751440">
    <ele>163.6</ele>
   </trkpt>
   <trkpt lat="54.7241230" lon="35.9756190">
    <ele>163.2</ele>
   </trkpt>
   <trkpt lat="54.7241680" lon="35.9758410">
    <ele>163.0</ele>
   </trkpt>
   <trkpt lat="54.7242640" lon="35.9762700">
    <ele>162.4</ele>
   </trkpt>
   <trkpt lat="54.7243660" lon="35.9767330">
    <ele>161.8</ele>
   </trkpt>
   <trkpt lat="54.7244840" lon="35.9772570">
    <ele>161.4</ele>
   </trkpt>
   <trkpt lat="54.7245930" lon="35.9777580">
    <ele>161.0</ele>
   </trkpt>
   <trkpt lat="54.7246870" lon="35.9782140">
    <ele>159.6</ele>
   </trkpt>
   <trkpt lat="54.7247310" lon="35.9784100">
    <ele>158.4</ele>
   </trkpt>
   <trkpt lat="54.7247810" lon="35.9786270">
    <ele>157.6</ele>
   </trkpt>
   <trkpt lat="54.7248060" lon="35.9787360">
    <ele>157.4</ele>
   </trkpt>
   <trkpt lat="54.7249840" lon="35.9795550">
    <ele>157.0</ele>
   </trkpt>
   <trkpt lat="54.7251680" lon="35.9804570">
    <ele>157.0</ele>
   </trkpt>
   <trkpt lat="54.7251870" lon="35.9805510">
    <ele>157.0</ele>
   </trkpt>
   <trkpt lat="54.7253230" lon="35.9814930">
    <ele>156.8</ele>
   </trkpt>
   <trkpt lat="54.7254000" lon="35.9822170">
    <ele>158.0</ele>
   </trkpt>
   <trkpt lat="54.7254310" lon="35.9825210">
    <ele>158.4</ele>
   </trkpt>
   <trkpt lat="54.7254420" lon="35.9828210">
    <ele>159.0</ele>
   </trkpt>
   <trkpt lat="54.7254540" lon="35.9831450">
    <ele>159.4</ele>
   </trkpt>
   <trkpt lat="54.7254560" lon="35.9832190">
    <ele>159.4</ele>
   </trkpt>
   <trkpt lat="54.7254610" lon="35.9836700">
    <ele>160.6</ele>
   </trkpt>
   <trkpt lat="54.7254640" lon="35.9841770">
    <ele>161.2</ele>
   </trkpt>
   <trkpt lat="54.7254630" lon="35.9844130">
    <ele>161.8</ele>
   </trkpt>
   <trkpt lat="54.7254590" lon="35.9845690">
    <ele>162.2</ele>
   </trkpt>
   <trkpt lat="54.7254550" lon="35.9847980">
    <ele>162.6</ele>
   </trkpt>
   <trkpt lat="54.7254560" lon="35.9849210">
    <ele>162.8</ele>
   </trkpt>
   <trkpt lat="54.7254570" lon="35.9855170">
    <ele>164.0</ele>
   </trkpt>
   <trkpt lat="54.7254630" lon="35.9857630">
    <ele>164.0</ele>
   </trkpt>
   <trkpt lat="54.7254640" lon="35.9862170">
    <ele>164.2</ele>
   </trkpt>
   <trkpt lat="54.7254600" lon="35.9868610">
    <ele>164.8</ele>
   </trkpt>
   <trkpt lat="54.7254570" lon="35.9870880">
    <ele>165.2</ele>
   </trkpt>
   <trkpt lat="54.7254510" lon="35.9874920">
    <ele>165.4</ele>
   </trkpt>
   <trkpt lat="54.7254450" lon="35.9880970">
    <ele>166.0</ele>
   </trkpt>
   <trkpt lat="54.7254450" lon="35.9881550">
    <ele>166.2</ele>
   </trkpt>
   <trkpt lat="54.7254540" lon="35.9886970">
    <ele>167.0</ele>
   </trkpt>
   <trkpt lat="54.7254560" lon="35.9889340">
    <ele>167.4</ele>
   </trkpt>
   <trkpt lat="54.7254560" lon="35.9893640">
    <ele>168.0</ele>
   </trkpt>
   <trkpt lat="54.7254570" lon="35.9896510">
    <ele>168.6</ele>
   </trkpt>
   <trkpt lat="54.7254510" lon="35.9898160">
    <ele>169.0</ele>
   </trkpt>
   <trkpt lat="54.7254230" lon="35.9899090">
    <ele>169.4</ele>
   </trkpt>
   <trkpt lat="54.7253800" lon="35.9899370">
    <ele>169.8</ele>
   </trkpt>
   <trkpt lat="54.7252090" lon="35.9899170">
    <ele>170.6</ele>
   </trkpt>
   <trkpt lat="54.7250720" lon="35.9899150">
    <ele>170.8</ele>
   </trkpt>
   <trkpt lat="54.7249360" lon="35.9899150">
    <ele>171.2</ele>
   </trkpt>
   <trkpt lat="54.7248150" lon="35.9898310">
    <ele>171.2</ele>
   </trkpt>
   <trkpt lat="54.7247980" lon="35.9897840">
    <ele>171.2</ele>
   </trkpt>
   <trkpt lat="54.7247380" lon="35.9894950">
    <ele>171.2</ele>
   </trkpt>
   <trkpt lat="54.7246600" lon="35.9893300">
    <ele>171.2</ele>
   </trkpt>
   <trkpt lat="54.7246440" lon="35.9893150">
    <ele>171.2</ele>
   </trkpt>
   <trkpt lat="54.7246400" lon="35.9893110">
    <ele>171.2</ele>
   </trkpt>
   <trkpt lat="54.7246800" lon="35.9893460">
    <ele>173.0</ele>
   </trkpt>
   <trkpt lat="54.7246740" lon="35.9893660">
    <ele>173.0</ele>
   </trkpt>
   <trkpt lat="54.7246620" lon="35.9893770">
    <ele>173.0</ele>
   </trkpt>
   <trkpt lat="54.7246000" lon="35.9893740">
    <ele>172.8</ele>
   </trkpt>
   <trkpt lat="54.7245150" lon="35.9893310">
    <ele>172.8</ele>
   </trkpt>
   <trkpt lat="54.7245020" lon="35.9893340">
    <ele>172.8</ele>
   </trkpt>
   <trkpt lat="54.7244750" lon="35.9893770">
    <ele>172.8</ele>
   </trkpt>
   <trkpt lat="54.7244090" lon="35.9896410">
    <ele>172.8</ele>
   </trkpt>
   <trkpt lat="54.7243470" lon="35.9898600">
    <ele>172.8</ele>
   </trkpt>
   <trkpt lat="54.7242210" lon="35.9902020">
    <ele>172.8</ele>
   </trkpt>
   <trkpt lat="54.7241290" lon="35.9905310">
    <ele>173.6</ele>
   </trkpt>
   <trkpt lat="54.7240860" lon="35.9906740">
    <ele>174.2</ele>
   </trkpt>
   <trkpt lat="54.7240240" lon="35.9908610">
    <ele>175.0</ele>
   </trkpt>
   <trkpt lat="54.7239990" lon="35.9909360">
    <ele>175.4</ele>
   </trkpt>
   <trkpt lat="54.7239250" lon="35.9911690">
    <ele>176.4</ele>
   </trkpt>
   <trkpt lat="54.7238910" lon="35.9912760">
    <ele>176.8</ele>
   </trkpt>
   <trkpt lat="54.7238620" lon="35.9913730">
    <ele>177.4</ele>
   </trkpt>
   <trkpt lat="54.7238110" lon="35.9915140">
    <ele>178.6</ele>
   </trkpt>
   <trkpt lat="54.7237890" lon="35.9915840">
    <ele>179.0</ele>
   </trkpt>
   <trkpt lat="54.7237330" lon="35.9916970">
    <ele>179.6</ele>
   </trkpt>
   <trkpt lat="54.7236580" lon="35.9917850">
    <ele>180.4</ele>
   </trkpt>
   <trkpt lat="54.7236000" lon="35.9918000">
    <ele>180.6</ele>
   </trkpt>
   <trkpt lat="54.7233900" lon="35.9918150">
    <ele>181.4</ele>
   </trkpt>
   <trkpt lat="54.7232660" lon="35.9918410">
    <ele>181.6</ele>
   </trkpt>
   <trkpt lat="54.7231200" lon="35.9918680">
    <ele>182.4</ele>
   </trkpt>
   <trkpt lat="54.7230710" lon="35.9918720">
    <ele>182.6</ele>
   </trkpt>
   <trkpt lat="54.7228640" lon="35.9918940">
    <ele>183.4</ele>
   </trkpt>
   <trkpt lat="54.7226050" lon="35.9918930">
    <ele>183.8</ele>
   </trkpt>
   <trkpt lat="54.7225510" lon="35.9918900">
    <ele>184.0</ele>
   </trkpt>
   <trkpt lat="54.7222620" lon="35.9918870">
    <ele>184.4</ele>
   </trkpt>
   <trkpt lat="54.7220270" lon="35.9918820">
    <ele>185.0</ele>
   </trkpt>
   <trkpt lat="54.7220040" lon="35.9918790">
    <ele>185.2</ele>
   </trkpt>
   <trkpt lat="54.7219660" lon="35.9918610">
    <ele>185.6</ele>
   </trkpt>
   <trkpt lat="54.7218630" lon="35.9918660">
    <ele>185.6</ele>
   </trkpt>
   <trkpt lat="54.7217260" lon="35.9918560">
    <ele>186.0</ele>
   </trkpt>
   <trkpt lat="54.7216220" lon="35.9918420">
    <ele>186.0</ele>
   </trkpt>
   <trkpt lat="54.7213760" lon="35.9918110">
    <ele>186.4</ele>
   </trkpt>
   <trkpt lat="54.7211570" lon="35.9917810">
    <ele>187.0</ele>
   </trkpt>
   <trkpt lat="54.7210470" lon="35.9917650">
    <ele>187.4</ele>
   </trkpt>
   <trkpt lat="54.7209040" lon="35.9917420">
    <ele>188.0</ele>
   </trkpt>
   <trkpt lat="54.7207660" lon="35.9917340">
    <ele>188.4</ele>
   </trkpt>
   <trkpt lat="54.7206020" lon="35.9917170">
    <ele>189.2</ele>
   </trkpt>
   <trkpt lat="54.7203830" lon="35.9916860">
    <ele>190.0</ele>
   </trkpt>
   <trkpt lat="54.7203270" lon="35.9916780">
    <ele>190.0</ele>
   </trkpt>
   <trkpt lat="54.7200540" lon="35.9916380">
    <ele>191.2</ele>
   </trkpt>
   <trkpt lat="54.7197820" lon="35.9915990">
    <ele>191.6</ele>
   </trkpt>
   <trkpt lat="54.7196460" lon="35.9915740">
    <ele>192.4</ele>
   </trkpt>
   <trkpt lat="54.7194000" lon="35.9915260">
    <ele>193.0</ele>
   </trkpt>
   <trkpt lat="54.7193460" lon="35.9915050">
    <ele>193.2</ele>
   </trkpt>
   <trkpt lat="54.7192910" lon="35.9914980">
    <ele>193.4</ele>
   </trkpt>
   <trkpt lat="54.7190880" lon="35.9914730">
    <ele>194.4</ele>
   </trkpt>
   <trkpt lat="54.7187460" lon="35.9914130">
    <ele>194.8</ele>
   </trkpt>
   <trkpt lat="54.7182920" lon="35.9913070">
    <ele>195.2</ele>
   </trkpt>
   <trkpt lat="54.7182570" lon="35.9912980">
    <ele>195.4</ele>
   </trkpt>
   <trkpt lat="54.7179750" lon="35.9912520">
    <ele>195.8</ele>
   </trkpt>
   <trkpt lat="54.7179400" lon="35.9912460">
    <ele>195.8</ele>
   </trkpt>
   <trkpt lat="54.7175010" lon="35.9911740">
    <ele>196.4</ele>
   </trkpt>
   <trkpt lat="54.7174630" lon="35.9911690">
    <ele>196.2</ele>
   </trkpt>
   <trkpt lat="54.7170700" lon="35.9911130">
    <ele>197.0</ele>
   </trkpt>
   <trkpt lat="54.7169630" lon="35.9910860">
    <ele>197.2</ele>
   </trkpt>
   <trkpt lat="54.7166420" lon="35.9910300">
    <ele>197.8</ele>
   </trkpt>
   <trkpt lat="54.7161770" lon="35.9909520">
    <ele>197.8</ele>
   </trkpt>
   <trkpt lat="54.7156440" lon="35.9908720">
    <ele>197.4</ele>
   </trkpt>
   <trkpt lat="54.7151570" lon="35.9908030">
    <ele>197.8</ele>
   </trkpt>
   <trkpt lat="54.7147990" lon="35.9907260">
    <ele>198.4</ele>
   </trkpt>
   <trkpt lat="54.7147210" lon="35.9907160">
    <ele>198.6</ele>
   </trkpt>
   <trkpt lat="54.7142620" lon="35.9906380">
    <ele>199.2</ele>
   </trkpt>
   <trkpt lat="54.7142250" lon="35.9906330">
    <ele>199.4</ele>
   </trkpt>
   <trkpt lat="54.7138460" lon="35.9905620">
    <ele>200.4</ele>
   </trkpt>
   <trkpt lat="54.7137310" lon="35.9905310">
    <ele>200.8</ele>
   </trkpt>
   <trkpt lat="54.7134230" lon="35.9904630">
    <ele>201.0</ele>
   </trkpt>
   <trkpt lat="54.7131480" lon="35.9904150">
    <ele>201.6</ele>
   </trkpt>
   <trkpt lat="54.7130660" lon="35.9904050">
    <ele>201.6</ele>
   </trkpt>
   <trkpt lat="54.7126240" lon="35.9903470">
    <ele>202.0</ele>
   </trkpt>
   <trkpt lat="54.7121350" lon="35.9902720">
    <ele>202.4</ele>
   </trkpt>
   <trkpt lat="54.7116470" lon="35.9902120">
    <ele>202.6</ele>
   </trkpt>
   <trkpt lat="54.7116060" lon="35.9902070">
    <ele>202.6</ele>
   </trkpt>
   <trkpt lat="54.7111270" lon="35.9901230">
    <ele>203.6</ele>
   </trkpt>
   <trkpt lat="54.7108240" lon="35.9900780">
    <ele>203.8</ele>
   </trkpt>
   <trkpt lat="54.7106400" lon="35.9900410">
    <ele>204.0</ele>
   </trkpt>
   <trkpt lat="54.7102650" lon="35.9899750">
    <ele>204.6</ele>
   </trkpt>
   <trkpt lat="54.7101100" lon="35.9899470">
    <ele>204.8</ele>
   </trkpt>
   <trkpt lat="54.7099150" lon="35.9899130">
    <ele>205.4</ele>
   </trkpt>
   <trkpt lat="54.7097690" lon="35.9898860">
    <ele>206.0</ele>
   </trkpt>
   <trkpt lat="54.7094690" lon="35.9898390">
    <ele>206.4</ele>
   </trkpt>
   <trkpt lat="54.7090200" lon="35.9897730">
    <ele>207.0</ele>
   </trkpt>
   <trkpt lat="54.7089200" lon="35.9897540">
    <ele>207.0</ele>
   </trkpt>
   <trkpt lat="54.7084690" lon="35.9896780">
    <ele>207.6</ele>
   </trkpt>
   <trkpt lat="54.7080280" lon="35.9895970">
    <ele>208.0</ele>
   </trkpt>
   <trkpt lat="54.7079970" lon="35.9895900">
    <ele>208.0</ele>
   </trkpt>
   <trkpt lat="54.7074470" lon="35.9894990">
    <ele>208.6</ele>
   </trkpt>
   <trkpt lat="54.7072470" lon="35.9894560">
    <ele>209.2</ele>
   </trkpt>
   <trkpt lat="54.7070930" lon="35.9894430">
    <ele>209.4</ele>
   </trkpt>
   <trkpt lat="54.7067010" lon="35.9895250">
    <ele>210.0</ele>
   </trkpt>
   <trkpt lat="54.7063330" lon="35.9897990">
    <ele>210.2</ele>
   </trkpt>
   <trkpt lat="54.7059860" lon="35.9902020">
    <ele>210.2</ele>
   </trkpt>
   <trkpt lat="54.7057630" lon="35.9905450">
    <ele>210.2</ele>
   </trkpt>
   <trkpt lat="54.7056550" lon="35.9907000">
    <ele>210.4</ele>
   </trkpt>
   <trkpt lat="54.7054330" lon="35.9910170">
    <ele>210.6</ele>
   </trkpt>
   <trkpt lat="54.7053670" lon="35.9911130">
    <ele>210.6</ele>
   </trkpt>
   <trkpt lat="54.7050290" lon="35.9915920">
    <ele>210.6</ele>
   </trkpt>
   <trkpt lat="54.7047190" lon="35.9920320">
    <ele>210.8</ele>
   </trkpt>
   <trkpt lat="54.7042910" lon="35.9926280">
    <ele>211.0</ele>
   </trkpt>
   <trkpt lat="54.7042590" lon="35.9926740">
    <ele>211.0</ele>
   </trkpt>
   <trkpt lat="54.7039830" lon="35.9930580">
    <ele>211.2</ele>
   </trkpt>
   <trkpt lat="54.7035380" lon="35.9936750">
    <ele>211.4</ele>
   </trkpt>
   <trkpt lat="54.7034280" lon="35.9938220">
    <ele>211.4</ele>
   </trkpt>
   <trkpt lat="54.7031250" lon="35.9942590">
    <ele>211.6</ele>
   </trkpt>
   <trkpt lat="54.7027130" lon="35.9948730">
    <ele>211.8</ele>
   </trkpt>
   <trkpt lat="54.7023860" lon="35.9953330">
    <ele>212.0</ele>
   </trkpt>
   <trkpt lat="54.7019420" lon="35.9959490">
    <ele>212.0</ele>
   </trkpt>
   <trkpt lat="54.7019040" lon="35.9959990">
    <ele>212.0</ele>
   </trkpt>
   <trkpt lat="54.7015970" lon="35.9964280">
    <ele>212.2</ele>
   </trkpt>
   <trkpt lat="54.7014580" lon="35.9966500">
    <ele>212.2</ele>
   </trkpt>
   <trkpt lat="54.7010270" lon="35.9972650">
    <ele>212.4</ele>
   </trkpt>
   <trkpt lat="54.7009520" lon="35.9973810">
    <ele>212.4</ele>
   </trkpt>
   <trkpt lat="54.7005040" lon="35.9980210">
    <ele>212.6</ele>
   </trkpt>
   <trkpt lat="54.7000870" lon="35.9986290">
    <ele>212.4</ele>
   </trkpt>
   <trkpt lat="54.7000130" lon="35.9987220">
    <ele>212.4</ele>
   </trkpt>
   <trkpt lat="54.6999270" lon="35.9988450">
    <ele>212.6</ele>
   </trkpt>
   <trkpt lat="54.6995200" lon="35.9994180">
    <ele>213.0</ele>
   </trkpt>
   <trkpt lat="54.6992080" lon="35.9998820">
    <ele>213.4</ele>
   </trkpt>
   <trkpt lat="54.6991790" lon="35.9999270">
    <ele>213.4</ele>
   </trkpt>
   <trkpt lat="54.6988850" lon="36.0003690">
    <ele>213.4</ele>
   </trkpt>
   <trkpt lat="54.6986900" lon="36.0006650">
    <ele>213.2</ele>
   </trkpt>
   <trkpt lat="54.6985000" lon="36.0009260">
    <ele>213.2</ele>
   </trkpt>
   <trkpt lat="54.6980580" lon="36.0015400">
    <ele>213.6</ele>
   </trkpt>
   <trkpt lat="54.6980290" lon="36.0015820">
    <ele>213.6</ele>
   </trkpt>
   <trkpt lat="54.6978120" lon="36.0018910">
    <ele>213.6</ele>
   </trkpt>
   <trkpt lat="54.6977110" lon="36.0020330">
    <ele>213.6</ele>
   </trkpt>
   <trkpt lat="54.6972810" lon="36.0026300">
    <ele>214.0</ele>
   </trkpt>
   <trkpt lat="54.6969070" lon="36.0031390">
    <ele>214.4</ele>
   </trkpt>
   <trkpt lat="54.6964900" lon="36.0037400">
    <ele>214.4</ele>
   </trkpt>
   <trkpt lat="54.6962440" lon="36.0040930">
    <ele>214.8</ele>
   </trkpt>
   <trkpt lat="54.6960680" lon="36.0043410">
    <ele>215.0</ele>
   </trkpt>
   <trkpt lat="54.6957200" lon="36.0048670">
    <ele>215.6</ele>
   </trkpt>
   <trkpt lat="54.6955770" lon="36.0050830">
    <ele>215.8</ele>
   </trkpt>
   <trkpt lat="54.6954850" lon="36.0052220">
    <ele>215.8</ele>
   </trkpt>
   <trkpt lat="54.6952930" lon="36.0054850">
    <ele>215.6</ele>
   </trkpt>
   <trkpt lat="54.6950850" lon="36.0057660">
    <ele>215.6</ele>
   </trkpt>
   <trkpt lat="54.6948880" lon="36.0060460">
    <ele>215.4</ele>
   </trkpt>
   <trkpt lat="54.6945570" lon="36.0065360">
    <ele>215.0</ele>
   </trkpt>
   <trkpt lat="54.6941100" lon="36.0071610">
    <ele>214.6</ele>
   </trkpt>
   <trkpt lat="54.6938020" lon="36.0076090">
    <ele>214.6</ele>
   </trkpt>
   <trkpt lat="54.6936600" lon="36.0078070">
    <ele>214.4</ele>
   </trkpt>
   <trkpt lat="54.6932220" lon="36.0084540">
    <ele>213.8</ele>
   </trkpt>
   <trkpt lat="54.6929630" lon="36.0088100">
    <ele>213.4</ele>
   </trkpt>
   <trkpt lat="54.6928650" lon="36.0089510">
    <ele>213.2</ele>
   </trkpt>
   <trkpt lat="54.6924470" lon="36.0095610">
    <ele>212.8</ele>
   </trkpt>
   <trkpt lat="54.6923540" lon="36.0096910">
    <ele>212.6</ele>
   </trkpt>
   <trkpt lat="54.6921740" lon="36.0099390">
    <ele>212.4</ele>
   </trkpt>
   <trkpt lat="54.6917960" lon="36.0104710">
    <ele>212.2</ele>
   </trkpt>
   <trkpt lat="54.6913650" lon="36.0111030">
    <ele>212.0</ele>
   </trkpt>
   <trkpt lat="54.6913210" lon="36.0111650">
    <ele>212.0</ele>
   </trkpt>
   <trkpt lat="54.6908870" lon="36.0118000">
    <ele>211.8</ele>
   </trkpt>
   <trkpt lat="54.6908460" lon="36.0118560">
    <ele>211.8</ele>
   </trkpt>
   <trkpt lat="54.6905020" lon="36.0123320">
    <ele>212.0</ele>
   </trkpt>
   <trkpt lat="54.6902030" lon="36.0127130">
    <ele>212.4</ele>
   </trkpt>
   <trkpt lat="54.6899510" lon="36.0130830">
    <ele>212.6</ele>
   </trkpt>
   <trkpt lat="54.6897510" lon="36.0133180">
    <ele>212.4</ele>
   </trkpt>
   <trkpt lat="54.6896390" lon="36.0134390">
    <ele>212.4</ele>
   </trkpt>
   <trkpt lat="54.6894830" lon="36.0136140">
    <ele>212.4</ele>
   </trkpt>
   <trkpt lat="54.6893230" lon="36.0138330">
    <ele>212.6</ele>
   </trkpt>
   <trkpt lat="54.6890340" lon="36.0141990">
    <ele>212.6</ele>
   </trkpt>
   <trkpt lat="54.6886030" lon="36.0147380">
    <ele>212.6</ele>
   </trkpt>
   <trkpt lat="54.6885120" lon="36.0148540">
    <ele>212.4</ele>
   </trkpt>
   <trkpt lat="54.6881350" lon="36.0152960">
    <ele>211.2</ele>
   </trkpt>
   <trkpt lat="54.6880370" lon="36.0153990">
    <ele>211.0</ele>
   </trkpt>
   <trkpt lat="54.6875410" lon="36.0158680">
    <ele>210.4</ele>
   </trkpt>
   <trkpt lat="54.6874850" lon="36.0159150">
    <ele>210.0</ele>
   </trkpt>
   <trkpt lat="54.6871940" lon="36.0161620">
    <ele>209.0</ele>
   </trkpt>
   <trkpt lat="54.6869040" lon="36.0164180">
    <ele>208.6</ele>
   </trkpt>
   <trkpt lat="54.6866740" lon="36.0166190">
    <ele>208.4</ele>
   </trkpt>
   <trkpt lat="54.6863310" lon="36.0169110">
    <ele>208.4</ele>
   </trkpt>
   <trkpt lat="54.6858270" lon="36.0173420">
    <ele>208.4</ele>
   </trkpt>
   <trkpt lat="54.6857680" lon="36.0173880">
    <ele>208.4</ele>
   </trkpt>
   <trkpt lat="54.6853240" lon="36.0177520">
    <ele>208.0</ele>
   </trkpt>
   <trkpt lat="54.6851600" lon="36.0178950">
    <ele>207.8</ele>
   </trkpt>
   <trkpt lat="54.6846660" lon="36.0183190">
    <ele>207.6</ele>
   </trkpt>
   <trkpt lat="54.6844410" lon="36.0185100">
    <ele>207.8</ele>
   </trkpt>
   <trkpt lat="54.6839510" lon="36.0189370">
    <ele>207.4</ele>
   </trkpt>
   <trkpt lat="54.6836280" lon="36.0192150">
    <ele>206.8</ele>
   </trkpt>
   <trkpt lat="54.6833210" lon="36.0194830">
    <ele>206.6</ele>
   </trkpt>
   <trkpt lat="54.6830650" lon="36.0197050">
    <ele>206.6</ele>
   </trkpt>
   <trkpt lat="54.6826220" lon="36.0200680">
    <ele>207.0</ele>
   </trkpt>
   <trkpt lat="54.6823970" lon="36.0202580">
    <ele>207.4</ele>
   </trkpt>
   <trkpt lat="54.6822190" lon="36.0204180">
    <ele>207.4</ele>
   </trkpt>
   <trkpt lat="54.6820110" lon="36.0205980">
    <ele>207.8</ele>
   </trkpt>
   <trkpt lat="54.6818260" lon="36.0207510">
    <ele>208.0</ele>
   </trkpt>
   <trkpt lat="54.6814210" lon="36.0211040">
    <ele>208.4</ele>
   </trkpt>
   <trkpt lat="54.6811590" lon="36.0213350">
    <ele>208.8</ele>
   </trkpt>
   <trkpt lat="54.6810470" lon="36.0214260">
    <ele>209.0</ele>
   </trkpt>
   <trkpt lat="54.6807610" lon="36.0216360">
    <ele>210.0</ele>
   </trkpt>
   <trkpt lat="54.6806250" lon="36.0217420">
    <ele>210.2</ele>
   </trkpt>
   <trkpt lat="54.6802690" lon="36.0219600">
    <ele>210.8</ele>
   </trkpt>
   <trkpt lat="54.6801590" lon="36.0220060">
    <ele>211.0</ele>
   </trkpt>
   <trkpt lat="54.6799820" lon="36.0220910">
    <ele>211.4</ele>
   </trkpt>
   <trkpt lat="54.6796140" lon="36.0222680">
    <ele>212.0</ele>
   </trkpt>
   <trkpt lat="54.6793140" lon="36.0224310">
    <ele>212.6</ele>
   </trkpt>
   <trkpt lat="54.6790510" lon="36.0225890">
    <ele>212.8</ele>
   </trkpt>
   <trkpt lat="54.6789310" lon="36.0226510">
    <ele>212.8</ele>
   </trkpt>
   <trkpt lat="54.6789260" lon="36.0226510">
    <ele>212.8</ele>
   </trkpt>
   <trkpt lat="54.6788990" lon="36.0226620">
    <ele>213.6</ele>
   </trkpt>
   <trkpt lat="54.6788480" lon="36.0226810">
    <ele>213.4</ele>
   </trkpt>
   <trkpt lat="54.6787080" lon="36.0227290">
    <ele>213.4</ele>
   </trkpt>
   <trkpt lat="54.6786240" lon="36.0227500">
    <ele>213.4</ele>
   </trkpt>
   <trkpt lat="54.6783120" lon="36.0228240">
    <ele>213.2</ele>
   </trkpt>
   <trkpt lat="54.6777960" lon="36.0229790">
    <ele>213.2</ele>
   </trkpt>
   <trkpt lat="54.6773060" lon="36.0231440">
    <ele>213.2</ele>
   </trkpt>
   <trkpt lat="54.6768070" lon="36.0232990">
    <ele>213.0</ele>
   </trkpt>
   <trkpt lat="54.6766740" lon="36.0233410">
    <ele>212.8</ele>
   </trkpt>
   <trkpt lat="54.6761890" lon="36.0234880">
    <ele>213.4</ele>
   </trkpt>
   <trkpt lat="54.6757040" lon="36.0236430">
    <ele>214.6</ele>
   </trkpt>
   <trkpt lat="54.6756120" lon="36.0236770">
    <ele>214.8</ele>
   </trkpt>
   <trkpt lat="54.6751980" lon="36.0238290">
    <ele>215.2</ele>
   </trkpt>
   <trkpt lat="54.6746300" lon="36.0239890">
    <ele>215.2</ele>
   </trkpt>
   <trkpt lat="54.6745770" lon="36.0240040">
    <ele>215.2</ele>
   </trkpt>
   <trkpt lat="54.6742300" lon="36.0240860">
    <ele>215.2</ele>
   </trkpt>
   <trkpt lat="54.6737260" lon="36.0242100">
    <ele>213.8</ele>
   </trkpt>
   <trkpt lat="54.6736600" lon="36.0242230">
    <ele>213.4</ele>
   </trkpt>
   <trkpt lat="54.6732490" lon="36.0243180">
    <ele>212.6</ele>
   </trkpt>
   <trkpt lat="54.6729500" lon="36.0243910">
    <ele>212.2</ele>
   </trkpt>
   <trkpt lat="54.6727330" lon="36.0244440">
    <ele>211.6</ele>
   </trkpt>
   <trkpt lat="54.6723010" lon="36.0245520">
    <ele>210.4</ele>
   </trkpt>
   <trkpt lat="54.6721540" lon="36.0245930">
    <ele>209.4</ele>
   </trkpt>
   <trkpt lat="54.6719220" lon="36.0246450">
    <ele>208.2</ele>
   </trkpt>
   <trkpt lat="54.6717120" lon="36.0246920">
    <ele>207.0</ele>
   </trkpt>
   <trkpt lat="54.6714450" lon="36.0247610">
    <ele>205.8</ele>
   </trkpt>
   <trkpt lat="54.6713710" lon="36.0247790">
    <ele>205.6</ele>
   </trkpt>
   <trkpt lat="54.6707950" lon="36.0249280">
    <ele>205.0</ele>
   </trkpt>
   <trkpt lat="54.6706400" lon="36.0249640">
    <ele>204.6</ele>
   </trkpt>
   <trkpt lat="54.6705830" lon="36.0249770">
    <ele>204.4</ele>
   </trkpt>
   <trkpt lat="54.6703010" lon="36.0250460">
    <ele>203.6</ele>
   </trkpt>
   <trkpt lat="54.6697300" lon="36.0251890">
    <ele>202.6</ele>
   </trkpt>
   <trkpt lat="54.6694370" lon="36.0252590">
    <ele>202.6</ele>
   </trkpt>
   <trkpt lat="54.6688940" lon="36.0253970">
    <ele>202.2</ele>
   </trkpt>
   <trkpt lat="54.6687490" lon="36.0254350">
    <ele>201.8</ele>
   </trkpt>
   <trkpt lat="54.6685140" lon="36.0254930">
    <ele>201.4</ele>
   </trkpt>
   <trkpt lat="54.6681520" lon="36.0255770">
    <ele>200.4</ele>
   </trkpt>
   <trkpt lat="54.6680880" lon="36.0255900">
    <ele>200.2</ele>
   </trkpt>
   <trkpt lat="54.6677820" lon="36.0256680">
    <ele>199.4</ele>
   </trkpt>
   <trkpt lat="54.6676080" lon="36.0257150">
    <ele>199.2</ele>
   </trkpt>
   <trkpt lat="54.6671650" lon="36.0258170">
    <ele>199.4</ele>
   </trkpt>
   <trkpt lat="54.6667480" lon="36.0259200">
    <ele>199.8</ele>
   </trkpt>
   <trkpt lat="54.6662930" lon="36.0260310">
    <ele>200.0</ele>
   </trkpt>
   <trkpt lat="54.6658520" lon="36.0261430">
    <ele>200.2</ele>
   </trkpt>
   <trkpt lat="54.6658130" lon="36.0261520">
    <ele>200.2</ele>
   </trkpt>
   <trkpt lat="54.6652500" lon="36.0263080">
    <ele>200.4</ele>
   </trkpt>
   <trkpt lat="54.6647270" lon="36.0264310">
    <ele>200.6</ele>
   </trkpt>
   <trkpt lat="54.6641390" lon="36.0265850">
    <ele>200.6</ele>
   </trkpt>
   <trkpt lat="54.6640450" lon="36.0266200">
    <ele>200.4</ele>
   </trkpt>
   <trkpt lat="54.6634810" lon="36.0268390">
    <ele>199.6</ele>
   </trkpt>
   <trkpt lat="54.6633800" lon="36.0268850">
    <ele>199.6</ele>
   </trkpt>
   <trkpt lat="54.6628610" lon="36.0271860">
    <ele>199.2</ele>
   </trkpt>
   <trkpt lat="54.6627980" lon="36.0272270">
    <ele>199.0</ele>
   </trkpt>
   <trkpt lat="54.6627530" lon="36.0272590">
    <ele>198.8</ele>
   </trkpt>
   <trkpt lat="54.6624160" lon="36.0275050">
    <ele>197.8</ele>
   </trkpt>
   <trkpt lat="54.6621690" lon="36.0276890">
    <ele>197.4</ele>
   </trkpt>
   <trkpt lat="54.6619220" lon="36.0278690">
    <ele>196.6</ele>
   </trkpt>
   <trkpt lat="54.6615580" lon="36.0281390">
    <ele>195.8</ele>
   </trkpt>
   <trkpt lat="54.6613330" lon="36.0283100">
    <ele>195.2</ele>
   </trkpt>
   <trkpt lat="54.6611440" lon="36.0284520">
    <ele>194.0</ele>
   </trkpt>
   <trkpt lat="54.6609500" lon="36.0286010">
    <ele>193.2</ele>
   </trkpt>
   <trkpt lat="54.6607500" lon="36.0287550">
    <ele>192.8</ele>
   </trkpt>
   <trkpt lat="54.6603920" lon="36.0290200">
    <ele>191.6</ele>
   </trkpt>
   <trkpt lat="54.6603390" lon="36.0290580">
    <ele>191.4</ele>
   </trkpt>
   <trkpt lat="54.6601430" lon="36.0291940">
    <ele>190.4</ele>
   </trkpt>
   <trkpt lat="54.6598540" lon="36.0294050">
    <ele>189.4</ele>
   </trkpt>
   <trkpt lat="54.6595220" lon="36.0296510">
    <ele>189.0</ele>
   </trkpt>
   <trkpt lat="54.6592230" lon="36.0298640">
    <ele>188.2</ele>
   </trkpt>
   <trkpt lat="54.6587260" lon="36.0302190">
    <ele>187.4</ele>
   </trkpt>
   <trkpt lat="54.6586540" lon="36.0302710">
    <ele>187.2</ele>
   </trkpt>
   <trkpt lat="54.6585640" lon="36.0303340">
    <ele>187.0</ele>
   </trkpt>
   <trkpt lat="54.6582830" lon="36.0305440">
    <ele>185.8</ele>
   </trkpt>
   <trkpt lat="54.6580550" lon="36.0307100">
    <ele>184.6</ele>
   </trkpt>
   <trkpt lat="54.6577530" lon="36.0309390">
    <ele>183.8</ele>
   </trkpt>
   <trkpt lat="54.6576780" lon="36.0309970">
    <ele>183.4</ele>
   </trkpt>
   <trkpt lat="54.6571620" lon="36.0313850">
    <ele>181.8</ele>
   </trkpt>
   <trkpt lat="54.6569520" lon="36.0315440">
    <ele>180.8</ele>
   </trkpt>
   <trkpt lat="54.6568690" lon="36.0316050">
    <ele>180.6</ele>
   </trkpt>
   <trkpt lat="54.6565560" lon="36.0318440">
    <ele>179.6</ele>
   </trkpt>
   <trkpt lat="54.6562900" lon="36.0320490">
    <ele>178.8</ele>
   </trkpt>
   <trkpt lat="54.6562260" lon="36.0321030">
    <ele>178.6</ele>
   </trkpt>
   <trkpt lat="54.6556760" lon="36.0326050">
    <ele>178.2</ele>
   </trkpt>
   <trkpt lat="54.6555090" lon="36.0327730">
    <ele>177.6</ele>
   </trkpt>
   <trkpt lat="54.6551670" lon="36.0331280">
    <ele>177.2</ele>
   </trkpt>
   <trkpt lat="54.6547770" lon="36.0335420">
    <ele>176.4</ele>
   </trkpt>
   <trkpt lat="54.6545530" lon="36.0337860">
    <ele>175.8</ele>
   </trkpt>
   <trkpt lat="54.6544380" lon="36.0339060">
    <ele>175.2</ele>
   </trkpt>
   <trkpt lat="54.6540800" lon="36.0342700">
    <ele>174.2</ele>
   </trkpt>
   <trkpt lat="54.6540050" lon="36.0343430">
    <ele>174.0</ele>
   </trkpt>
   <trkpt lat="54.6538910" lon="36.0344500">
    <ele>173.6</ele>
   </trkpt>
   <trkpt lat="54.6537020" lon="36.0346250">
    <ele>172.8</ele>
   </trkpt>
   <trkpt lat="54.6535030" lon="36.0348010">
    <ele>171.6</ele>
   </trkpt>
   <trkpt lat="54.6531540" lon="36.0350980">
    <ele>170.6</ele>
   </trkpt>
   <trkpt lat="54.6530850" lon="36.0351580">
    <ele>170.4</ele>
   </trkpt>
   <trkpt lat="54.6527330" lon="36.0354390">
    <ele>169.0</ele>
   </trkpt>
   <trkpt lat="54.6525790" lon="36.0355480">
    <ele>168.6</ele>
   </trkpt>
   <trkpt lat="54.6524570" lon="36.0356300">
    <ele>168.0</ele>
   </trkpt>
   <trkpt lat="54.6520550" lon="36.0358620">
    <ele>167.4</ele>
   </trkpt>
   <trkpt lat="54.6514990" lon="36.0361060">
    <ele>167.4</ele>
   </trkpt>
   <trkpt lat="54.6511400" lon="36.0362240">
    <ele>168.4</ele>
   </trkpt>
   <trkpt lat="54.6509810" lon="36.0362680">
    <ele>169.2</ele>
   </trkpt>
   <trkpt lat="54.6508610" lon="36.0362960">
    <ele>170.0</ele>
   </trkpt>
   <trkpt lat="54.6507740" lon="36.0363170">
    <ele>170.4</ele>
   </trkpt>
   <trkpt lat="54.6505630" lon="36.0363610">
    <ele>171.4</ele>
   </trkpt>
   <trkpt lat="54.6505380" lon="36.0363680">
    <ele>171.6</ele>
   </trkpt>
   <trkpt lat="54.6503580" lon="36.0363970">
    <ele>172.4</ele>
   </trkpt>
   <trkpt lat="54.6502760" lon="36.0364110">
    <ele>172.8</ele>
   </trkpt>
   <trkpt lat="54.6501140" lon="36.0364260">
    <ele>173.6</ele>
   </trkpt>
   <trkpt lat="54.6500320" lon="36.0364430">
    <ele>174.0</ele>
   </trkpt>
   <trkpt lat="54.6499090" lon="36.0364580">
    <ele>174.6</ele>
   </trkpt>
   <trkpt lat="54.6497450" lon="36.0364750">
    <ele>175.4</ele>
   </trkpt>
   <trkpt lat="54.6496110" lon="36.0364880">
    <ele>175.6</ele>
   </trkpt>
   <trkpt lat="54.6494650" lon="36.0364950">
    <ele>176.0</ele>
   </trkpt>
   <trkpt lat="54.6493280" lon="36.0365010">
    <ele>176.8</ele>
   </trkpt>
   <trkpt lat="54.6491080" lon="36.0365130">
    <ele>177.2</ele>
   </trkpt>
   <trkpt lat="54.6489130" lon="36.0365250">
    <ele>177.8</ele>
   </trkpt>
   <trkpt lat="54.6487520" lon="36.0365420">
    <ele>178.4</ele>
   </trkpt>
   <trkpt lat="54.6486680" lon="36.0365470">
    <ele>178.8</ele>
   </trkpt>
   <trkpt lat="54.6485020" lon="36.0365470">
    <ele>179.6</ele>
   </trkpt>
   <trkpt lat="54.6484190" lon="36.0365530">
    <ele>179.8</ele>
   </trkpt>
   <trkpt lat="54.6481650" lon="36.0365710">
    <ele>180.8</ele>
   </trkpt>
   <trkpt lat="54.6481370" lon="36.0365750">
    <ele>181.0</ele>
   </trkpt>
   <trkpt lat="54.6478770" lon="36.0365980">
    <ele>181.6</ele>
   </trkpt>
   <trkpt lat="54.6477540" lon="36.0366100">
    <ele>182.0</ele>
   </trkpt>
   <trkpt lat="54.6476450" lon="36.0366180">
    <ele>182.2</ele>
   </trkpt>
   <trkpt lat="54.6473240" lon="36.0366410">
    <ele>182.8</ele>
   </trkpt>
   <trkpt lat="54.6472640" lon="36.0366470">
    <ele>183.2</ele>
   </trkpt>
   <trkpt lat="54.6469780" lon="36.0366720">
    <ele>183.8</ele>
   </trkpt>
   <trkpt lat="54.6467050" lon="36.0366930">
    <ele>184.2</ele>
   </trkpt>
   <trkpt lat="54.6466500" lon="36.0367000">
    <ele>184.4</ele>
   </trkpt>
   <trkpt lat="54.6462870" lon="36.0367230">
    <ele>185.2</ele>
   </trkpt>
   <trkpt lat="54.6462580" lon="36.0367240">
    <ele>185.4</ele>
   </trkpt>
   <trkpt lat="54.6460030" lon="36.0367400">
    <ele>186.2</ele>
   </trkpt>
   <trkpt lat="54.6458570" lon="36.0367510">
    <ele>186.4</ele>
   </trkpt>
   <trkpt lat="54.6456970" lon="36.0367650">
    <ele>186.8</ele>
   </trkpt>
   <trkpt lat="54.6454150" lon="36.0367820">
    <ele>187.4</ele>
   </trkpt>
   <trkpt lat="54.6453560" lon="36.0367850">
    <ele>187.4</ele>
   </trkpt>
   <trkpt lat="54.6451060" lon="36.0368070">
    <ele>188.0</ele>
   </trkpt>
   <trkpt lat="54.6448580" lon="36.0368310">
    <ele>188.4</ele>
   </trkpt>
   <trkpt lat="54.6448080" lon="36.0368310">
    <ele>188.6</ele>
   </trkpt>
   <trkpt lat="54.6447600" lon="36.0368300">
    <ele>188.6</ele>
   </trkpt>
   <trkpt lat="54.6447510" lon="36.0368360">
    <ele>189.0</ele>
   </trkpt>
   <trkpt lat="54.6447380" lon="36.0368400">
    <ele>189.0</ele>
   </trkpt>
   <trkpt lat="54.6446220" lon="36.0368450">
    <ele>188.8</ele>
   </trkpt>
   <trkpt lat="54.6443860" lon="36.0368630">
    <ele>189.0</ele>
   </trkpt>
   <trkpt lat="54.6440400" lon="36.0368860">
    <ele>189.4</ele>
   </trkpt>
   <trkpt lat="54.6437230" lon="36.0369190">
    <ele>189.8</ele>
   </trkpt>
   <trkpt lat="54.6434780" lon="36.0369410">
    <ele>189.8</ele>
   </trkpt>
   <trkpt lat="54.6429150" lon="36.0369800">
    <ele>189.8</ele>
   </trkpt>
   <trkpt lat="54.6428360" lon="36.0369890">
    <ele>190.0</ele>
   </trkpt>
   <trkpt lat="54.6425110" lon="36.0370070">
    <ele>190.0</ele>
   </trkpt>
   <trkpt lat="54.6422540" lon="36.0370230">
    <ele>190.8</ele>
   </trkpt>
   <trkpt lat="54.6420510" lon="36.0370370">
    <ele>191.0</ele>
   </trkpt>
   <trkpt lat="54.6416080" lon="36.0370670">
    <ele>191.2</ele>
   </trkpt>
   <trkpt lat="54.6415280" lon="36.0370710">
    <ele>191.6</ele>
   </trkpt>
   <trkpt lat="54.6411760" lon="36.0370970">
    <ele>192.4</ele>
   </trkpt>
   <trkpt lat="54.6410230" lon="36.0371150">
    <ele>192.6</ele>
   </trkpt>
   <trkpt lat="54.6408420" lon="36.0371270">
    <ele>192.8</ele>
   </trkpt>
   <trkpt lat="54.6404840" lon="36.0371550">
    <ele>193.4</ele>
   </trkpt>
   <trkpt lat="54.6403710" lon="36.0371660">
    <ele>193.8</ele>
   </trkpt>
   <trkpt lat="54.6401880" lon="36.0371780">
    <ele>194.4</ele>
   </trkpt>
   <trkpt lat="54.6399030" lon="36.0372000">
    <ele>194.6</ele>
   </trkpt>
   <trkpt lat="54.6398330" lon="36.0372020">
    <ele>194.8</ele>
   </trkpt>
   <trkpt lat="54.6395830" lon="36.0372130">
    <ele>195.4</ele>
   </trkpt>
   <trkpt lat="54.6393520" lon="36.0372210">
    <ele>195.8</ele>
   </trkpt>
   <trkpt lat="54.6392390" lon="36.0372360">
    <ele>196.2</ele>
   </trkpt>
   <trkpt lat="54.6389910" lon="36.0372540">
    <ele>196.8</ele>
   </trkpt>
   <trkpt lat="54.6388540" lon="36.0372670">
    <ele>197.4</ele>
   </trkpt>
   <trkpt lat="54.6386090" lon="36.0372830">
    <ele>197.6</ele>
   </trkpt>
   <trkpt lat="54.6385030" lon="36.0372870">
    <ele>197.8</ele>
   </trkpt>
   <trkpt lat="54.6381940" lon="36.0373120">
    <ele>198.2</ele>
   </trkpt>
   <trkpt lat="54.6379030" lon="36.0373270">
    <ele>199.0</ele>
   </trkpt>
   <trkpt lat="54.6377580" lon="36.0373430">
    <ele>199.4</ele>
   </trkpt>
   <trkpt lat="54.6373510" lon="36.0373710">
    <ele>199.6</ele>
   </trkpt>
   <trkpt lat="54.6372750" lon="36.0373840">
    <ele>199.8</ele>
   </trkpt>
   <trkpt lat="54.6370580" lon="36.0373940">
    <ele>200.0</ele>
   </trkpt>
   <trkpt lat="54.6366720" lon="36.0374230">
    <ele>200.2</ele>
   </trkpt>
   <trkpt lat="54.6363200" lon="36.0374420">
    <ele>200.6</ele>
   </trkpt>
   <trkpt lat="54.6361210" lon="36.0374550">
    <ele>200.6</ele>
   </trkpt>
   <trkpt lat="54.6359660" lon="36.0374680">
    <ele>200.6</ele>
   </trkpt>
   <trkpt lat="54.6358400" lon="36.0374780">
    <ele>200.6</ele>
   </trkpt>
   <trkpt lat="54.6353970" lon="36.0375060">
    <ele>201.2</ele>
   </trkpt>
   <trkpt lat="54.6349510" lon="36.0375430">
    <ele>201.6</ele>
   </trkpt>
   <trkpt lat="54.6348670" lon="36.0375550">
    <ele>201.6</ele>
   </trkpt>
   <trkpt lat="54.6345050" lon="36.0375840">
    <ele>201.6</ele>
   </trkpt>
   <trkpt lat="54.6341060" lon="36.0376170">
    <ele>201.8</ele>
   </trkpt>
   <trkpt lat="54.6335790" lon="36.0376520">
    <ele>202.2</ele>
   </trkpt>
   <trkpt lat="54.6334960" lon="36.0376550">
    <ele>202.2</ele>
   </trkpt>
   <trkpt lat="54.6332070" lon="36.0376820">
    <ele>202.6</ele>
   </trkpt>
   <trkpt lat="54.6327760" lon="36.0377170">
    <ele>202.8</ele>
   </trkpt>
   <trkpt lat="54.6323440" lon="36.0377380">
    <ele>203.0</ele>
   </trkpt>
   <trkpt lat="54.6321240" lon="36.0377550">
    <ele>203.2</ele>
   </trkpt>
   <trkpt lat="54.6318980" lon="36.0377790">
    <ele>203.2</ele>
   </trkpt>
   <trkpt lat="54.6315660" lon="36.0378040">
    <ele>203.6</ele>
   </trkpt>
   <trkpt lat="54.6313060" lon="36.0378190">
    <ele>203.8</ele>
   </trkpt>
   <trkpt lat="54.6312180" lon="36.0378210">
    <ele>203.8</ele>
   </trkpt>
   <trkpt lat="54.6309470" lon="36.0378440">
    <ele>203.6</ele>
   </trkpt>
   <trkpt lat="54.6309000" lon="36.0378470">
    <ele>203.6</ele>
   </trkpt>
   <trkpt lat="54.6304850" lon="36.0378780">
    <ele>203.6</ele>
   </trkpt>
   <trkpt lat="54.6303770" lon="36.0378900">
    <ele>203.4</ele>
   </trkpt>
   <trkpt lat="54.6301470" lon="36.0379020">
    <ele>203.4</ele>
   </trkpt>
   <trkpt lat="54.6295870" lon="36.0379450">
    <ele>202.6</ele>
   </trkpt>
   <trkpt lat="54.6295260" lon="36.0379520">
    <ele>202.4</ele>
   </trkpt>
   <trkpt lat="54.6291300" lon="36.0379840">
    <ele>201.8</ele>
   </trkpt>
   <trkpt lat="54.6288890" lon="36.0380050">
    <ele>201.4</ele>
   </trkpt>
   <trkpt lat="54.6284950" lon="36.0380380">
    <ele>200.8</ele>
   </trkpt>
   <trkpt lat="54.6284390" lon="36.0380470">
    <ele>200.4</ele>
   </trkpt>
   <trkpt lat="54.6279610" lon="36.0380990">
    <ele>199.2</ele>
   </trkpt>
   <trkpt lat="54.6278870" lon="36.0380990">
    <ele>199.2</ele>
   </trkpt>
   <trkpt lat="54.6273810" lon="36.0381200">
    <ele>198.8</ele>
   </trkpt>
   <trkpt lat="54.6269740" lon="36.0381470">
    <ele>198.2</ele>
   </trkpt>
   <trkpt lat="54.6267560" lon="36.0381570">
    <ele>197.6</ele>
   </trkpt>
   <trkpt lat="54.6265530" lon="36.0381690">
    <ele>197.0</ele>
   </trkpt>
   <trkpt lat="54.6263370" lon="36.0381780">
    <ele>195.6</ele>
   </trkpt>
   <trkpt lat="54.6260520" lon="36.0381910">
    <ele>194.8</ele>
   </trkpt>
   <trkpt lat="54.6258020" lon="36.0381980">
    <ele>194.4</ele>
   </trkpt>
   <trkpt lat="54.6253780" lon="36.0382240">
    <ele>193.2</ele>
   </trkpt>
   <trkpt lat="54.6249540" lon="36.0382290">
    <ele>192.6</ele>
   </trkpt>
   <trkpt lat="54.6244660" lon="36.0381980">
    <ele>192.8</ele>
   </trkpt>
   <trkpt lat="54.6239740" lon="36.0381550">
    <ele>193.4</ele>
   </trkpt>
   <trkpt lat="54.6236560" lon="36.0380880">
    <ele>194.2</ele>
   </trkpt>
   <trkpt lat="54.6235050" lon="36.0380450">
    <ele>194.6</ele>
   </trkpt>
   <trkpt lat="54.6231600" lon="36.0380560">
    <ele>195.0</ele>
   </trkpt>
   <trkpt lat="54.6228700" lon="36.0380370">
    <ele>195.4</ele>
   </trkpt>
   <trkpt lat="54.6228380" lon="36.0380340">
    <ele>195.4</ele>
   </trkpt>
   <trkpt lat="54.6227470" lon="36.0380240">
    <ele>195.6</ele>
   </trkpt>
   <trkpt lat="54.6223360" lon="36.0379990">
    <ele>195.8</ele>
   </trkpt>
   <trkpt lat="54.6219960" lon="36.0379840">
    <ele>195.4</ele>
   </trkpt>
   <trkpt lat="54.6214300" lon="36.0379420">
    <ele>195.6</ele>
   </trkpt>
   <trkpt lat="54.6209070" lon="36.0378890">
    <ele>195.8</ele>
   </trkpt>
   <trkpt lat="54.6203300" lon="36.0378600">
    <ele>195.6</ele>
   </trkpt>
   <trkpt lat="54.6202810" lon="36.0378580">
    <ele>195.6</ele>
   </trkpt>
   <trkpt lat="54.6197730" lon="36.0378270">
    <ele>195.4</ele>
   </trkpt>
   <trkpt lat="54.6192900" lon="36.0378100">
    <ele>194.2</ele>
   </trkpt>
   <trkpt lat="54.6190700" lon="36.0378020">
    <ele>193.6</ele>
   </trkpt>
   <trkpt lat="54.6187640" lon="36.0377970">
    <ele>193.6</ele>
   </trkpt>
   <trkpt lat="54.6181710" lon="36.0377840">
    <ele>192.4</ele>
   </trkpt>
   <trkpt lat="54.6181070" lon="36.0377830">
    <ele>192.2</ele>
   </trkpt>
   <trkpt lat="54.6178640" lon="36.0377850">
    <ele>191.0</ele>
   </trkpt>
   <trkpt lat="54.6174160" lon="36.0377800">
    <ele>190.0</ele>
   </trkpt>
   <trkpt lat="54.6168570" lon="36.0377660">
    <ele>190.0</ele>
   </trkpt>
   <trkpt lat="54.6168060" lon="36.0377620">
    <ele>190.0</ele>
   </trkpt>
   <trkpt lat="54.6162020" lon="36.0377540">
    <ele>190.6</ele>
   </trkpt>
   <trkpt lat="54.6160870" lon="36.0377550">
    <ele>190.6</ele>
   </trkpt>
   <trkpt lat="54.6155220" lon="36.0377180">
    <ele>190.6</ele>
   </trkpt>
   <trkpt lat="54.6152860" lon="36.0377380">
    <ele>190.4</ele>
   </trkpt>
   <trkpt lat="54.6151230" lon="36.0377680">
    <ele>190.4</ele>
   </trkpt>
   <trkpt lat="54.6147300" lon="36.0378390">
    <ele>190.2</ele>
   </trkpt>
   <trkpt lat="54.6146430" lon="36.0378460">
    <ele>190.0</ele>
   </trkpt>
   <trkpt lat="54.6144980" lon="36.0378980">
    <ele>190.0</ele>
   </trkpt>
   <trkpt lat="54.6144390" lon="36.0379200">
    <ele>189.6</ele>
   </trkpt>
   <trkpt lat="54.6140620" lon="36.0380560">
    <ele>189.0</ele>
   </trkpt>
   <trkpt lat="54.6135900" lon="36.0382720">
    <ele>188.8</ele>
   </trkpt>
   <trkpt lat="54.6131420" lon="36.0384770">
    <ele>188.8</ele>
   </trkpt>
   <trkpt lat="54.6126000" lon="36.0387310">
    <ele>188.6</ele>
   </trkpt>
   <trkpt lat="54.6121860" lon="36.0389540">
    <ele>188.4</ele>
   </trkpt>
   <trkpt lat="54.6117130" lon="36.0391950">
    <ele>188.2</ele>
   </trkpt>
   <trkpt lat="54.6111690" lon="36.0394650">
    <ele>188.2</ele>
   </trkpt>
   <trkpt lat="54.6106250" lon="36.0397170">
    <ele>188.2</ele>
   </trkpt>
   <trkpt lat="54.6105730" lon="36.0397400">
    <ele>188.2</ele>
   </trkpt>
   <trkpt lat="54.6100760" lon="36.0399510">
    <ele>188.4</ele>
   </trkpt>
   <trkpt lat="54.6096410" lon="36.0401640">
    <ele>188.4</ele>
   </trkpt>
   <trkpt lat="54.6091990" lon="36.0403610">
    <ele>188.4</ele>
   </trkpt>
   <trkpt lat="54.6090090" lon="36.0404580">
    <ele>188.4</ele>
   </trkpt>
   <trkpt lat="54.6087720" lon="36.0405800">
    <ele>188.4</ele>
   </trkpt>
   <trkpt lat="54.6085300" lon="36.0406970">
    <ele>188.4</ele>
   </trkpt>
   <trkpt lat="54.6080170" lon="36.0409470">
    <ele>188.6</ele>
   </trkpt>
   <trkpt lat="54.6079660" lon="36.0409710">
    <ele>188.6</ele>
   </trkpt>
   <trkpt lat="54.6075250" lon="36.0412260">
    <ele>189.0</ele>
   </trkpt>
   <trkpt lat="54.6072690" lon="36.0415400">
    <ele>189.0</ele>
   </trkpt>
   <trkpt lat="54.6072400" lon="36.0415960">
    <ele>189.0</ele>
   </trkpt>
   <trkpt lat="54.6071220" lon="36.0419340">
    <ele>189.0</ele>
   </trkpt>
   <trkpt lat="54.6069720" lon="36.0425150">
    <ele>189.2</ele>
   </trkpt>
   <trkpt lat="54.6068080" lon="36.0430990">
    <ele>189.2</ele>
   </trkpt>
   <trkpt lat="54.6066690" lon="36.0436120">
    <ele>189.2</ele>
   </trkpt>
   <trkpt lat="54.6064360" lon="36.0443940">
    <ele>188.2</ele>
   </trkpt>
   <trkpt lat="54.6063400" lon="36.0446620">
    <ele>187.8</ele>
   </trkpt>
   <trkpt lat="54.6062370" lon="36.0449160">
    <ele>186.6</ele>
   </trkpt>
   <trkpt lat="54.6061340" lon="36.0451530">
    <ele>185.2</ele>
   </trkpt>
   <trkpt lat="54.6060390" lon="36.0453730">
    <ele>183.6</ele>
   </trkpt>
   <trkpt lat="54.6059130" lon="36.0456600">
    <ele>183.0</ele>
   </trkpt>
   <trkpt lat="54.6057370" lon="36.0460310">
    <ele>182.8</ele>
   </trkpt>
   <trkpt lat="54.6055500" lon="36.0464400">
    <ele>184.0</ele>
   </trkpt>
   <trkpt lat="54.6054500" lon="36.0466280">
    <ele>185.2</ele>
   </trkpt>
   <trkpt lat="54.6053810" lon="36.0467550">
    <ele>186.2</ele>
   </trkpt>
   <trkpt lat="54.6053600" lon="36.0467990">
    <ele>186.4</ele>
   </trkpt>
   <trkpt lat="54.6052820" lon="36.0469580">
    <ele>187.4</ele>
   </trkpt>
   <trkpt lat="54.6052300" lon="36.0470740">
    <ele>188.4</ele>
   </trkpt>
   <trkpt lat="54.6052130" lon="36.0471070">
    <ele>188.8</ele>
   </trkpt>
   <trkpt lat="54.6051230" lon="36.0472780">
    <ele>189.6</ele>
   </trkpt>
   <trkpt lat="54.6050880" lon="36.0473420">
    <ele>189.8</ele>
   </trkpt>
   <trkpt lat="54.6049550" lon="36.0475660">
    <ele>190.6</ele>
   </trkpt>
   <trkpt lat="54.6048460" lon="36.0477650">
    <ele>191.4</ele>
   </trkpt>
   <trkpt lat="54.6048050" lon="36.0478250">
    <ele>191.6</ele>
   </trkpt>
   <trkpt lat="54.6046540" lon="36.0480530">
    <ele>192.6</ele>
   </trkpt>
   <trkpt lat="54.6046310" lon="36.0480890">
    <ele>192.8</ele>
   </trkpt>
   <trkpt lat="54.6044720" lon="36.0482880">
    <ele>193.0</ele>
   </trkpt>
   <trkpt lat="54.6044550" lon="36.0483000">
    <ele>193.0</ele>
   </trkpt>
   <trkpt lat="54.6043940" lon="36.0483690">
    <ele>193.6</ele>
   </trkpt>
   <trkpt lat="54.6043700" lon="36.0484010">
    <ele>193.6</ele>
   </trkpt>
   <trkpt lat="54.6042780" lon="36.0485180">
    <ele>193.6</ele>
   </trkpt>
   <trkpt lat="54.6041020" lon="36.0487020">
    <ele>193.6</ele>
   </trkpt>
   <trkpt lat="54.6038050" lon="36.0489740">
    <ele>193.8</ele>
   </trkpt>
   <trkpt lat="54.6033920" lon="36.0492860">
    <ele>194.0</ele>
   </trkpt>
   <trkpt lat="54.6029260" lon="36.0495780">
    <ele>194.2</ele>
   </trkpt>
   <trkpt lat="54.6025190" lon="36.0498250">
    <ele>194.4</ele>
   </trkpt>
   <trkpt lat="54.6020440" lon="36.0501030">
    <ele>194.4</ele>
   </trkpt>
   <trkpt lat="54.6015880" lon="36.0503660">
    <ele>194.4</ele>
   </trkpt>
   <trkpt lat="54.6012310" lon="36.0505950">
    <ele>194.2</ele>
   </trkpt>
   <trkpt lat="54.6009710" lon="36.0507550">
    <ele>194.2</ele>
   </trkpt>
   <trkpt lat="54.6008690" lon="36.0508210">
    <ele>194.2</ele>
   </trkpt>
   <trkpt lat="54.6007010" lon="36.0509490">
    <ele>194.4</ele>
   </trkpt>
   <trkpt lat="54.6005520" lon="36.0510460">
    <ele>194.6</ele>
   </trkpt>
   <trkpt lat="54.6003730" lon="36.0511730">
    <ele>194.8</ele>
   </trkpt>
   <trkpt lat="54.6002890" lon="36.0512610">
    <ele>194.8</ele>
   </trkpt>
   <trkpt lat="54.5999760" lon="36.0515660">
    <ele>194.8</ele>
   </trkpt>
   <trkpt lat="54.5998750" lon="36.0516530">
    <ele>194.8</ele>
   </trkpt>
   <trkpt lat="54.5997950" lon="36.0517420">
    <ele>194.8</ele>
   </trkpt>
   <trkpt lat="54.5997490" lon="36.0517870">
    <ele>194.8</ele>
   </trkpt>
   <trkpt lat="54.5996710" lon="36.0518770">
    <ele>194.8</ele>
   </trkpt>
   <trkpt lat="54.5995860" lon="36.0519980">
    <ele>194.8</ele>
   </trkpt>
   <trkpt lat="54.5995080" lon="36.0521040">
    <ele>194.8</ele>
   </trkpt>
   <trkpt lat="54.5994080" lon="36.0521730">
    <ele>195.0</ele>
   </trkpt>
   <trkpt lat="54.5993570" lon="36.0522530">
    <ele>195.0</ele>
   </trkpt>
   <trkpt lat="54.5992690" lon="36.0523700">
    <ele>195.0</ele>
   </trkpt>
   <trkpt lat="54.5992150" lon="36.0524500">
    <ele>195.0</ele>
   </trkpt>
   <trkpt lat="54.5991240" lon="36.0526570">
    <ele>194.8</ele>
   </trkpt>
   <trkpt lat="54.5990520" lon="36.0527750">
    <ele>194.8</ele>
   </trkpt>
   <trkpt lat="54.5989890" lon="36.0529020">
    <ele>194.8</ele>
   </trkpt>
   <trkpt lat="54.5988750" lon="36.0530610">
    <ele>194.8</ele>
   </trkpt>
   <trkpt lat="54.5988220" lon="36.0531450">
    <ele>194.6</ele>
   </trkpt>
   <trkpt lat="54.5987120" lon="36.0532360">
    <ele>194.6</ele>
   </trkpt>
   <trkpt lat="54.5986690" lon="36.0532760">
    <ele>194.6</ele>
   </trkpt>
   <trkpt lat="54.5984690" lon="36.0536110">
    <ele>194.4</ele>
   </trkpt>
   <trkpt lat="54.5984290" lon="36.0536800">
    <ele>194.2</ele>
   </trkpt>
   <trkpt lat="54.5983950" lon="36.0537340">
    <ele>194.2</ele>
   </trkpt>
   <trkpt lat="54.5983150" lon="36.0538720">
    <ele>194.2</ele>
   </trkpt>
   <trkpt lat="54.5982310" lon="36.0539890">
    <ele>194.0</ele>
   </trkpt>
   <trkpt lat="54.5979720" lon="36.0543250">
    <ele>193.0</ele>
   </trkpt>
   <trkpt lat="54.5978760" lon="36.0544380">
    <ele>192.6</ele>
   </trkpt>
   <trkpt lat="54.5977840" lon="36.0545660">
    <ele>192.4</ele>
   </trkpt>
   <trkpt lat="54.5974970" lon="36.0550490">
    <ele>192.4</ele>
   </trkpt>
   <trkpt lat="54.5972110" lon="36.0554150">
    <ele>192.2</ele>
   </trkpt>
   <trkpt lat="54.5969790" lon="36.0557530">
    <ele>192.4</ele>
   </trkpt>
   <trkpt lat="54.5967060" lon="36.0561150">
    <ele>192.6</ele>
   </trkpt>
   <trkpt lat="54.5964720" lon="36.0564020">
    <ele>192.8</ele>
   </trkpt>
   <trkpt lat="54.5964180" lon="36.0564500">
    <ele>192.8</ele>
   </trkpt>
   <trkpt lat="54.5963560" lon="36.0564930">
    <ele>192.8</ele>
   </trkpt>
   <trkpt lat="54.5962220" lon="36.0565800">
    <ele>192.8</ele>
   </trkpt>
   <trkpt lat="54.5961360" lon="36.0567010">
    <ele>192.6</ele>
   </trkpt>
   <trkpt lat="54.5961040" lon="36.0567870">
    <ele>192.6</ele>
   </trkpt>
   <trkpt lat="54.5960650" lon="36.0568670">
    <ele>192.6</ele>
   </trkpt>
   <trkpt lat="54.5959970" lon="36.0570080">
    <ele>192.6</ele>
   </trkpt>
   <trkpt lat="54.5959260" lon="36.0571130">
    <ele>192.6</ele>
   </trkpt>
   <trkpt lat="54.5958680" lon="36.0571600">
    <ele>192.4</ele>
   </trkpt>
   <trkpt lat="54.5958170" lon="36.0572230">
    <ele>192.4</ele>
   </trkpt>
   <trkpt lat="54.5957300" lon="36.0573460">
    <ele>192.2</ele>
   </trkpt>
   <trkpt lat="54.5956620" lon="36.0573470">
    <ele>192.2</ele>
   </trkpt>
   <trkpt lat="54.5956210" lon="36.0573790">
    <ele>192.0</ele>
   </trkpt>
   <trkpt lat="54.5955780" lon="36.0574260">
    <ele>192.0</ele>
   </trkpt>
   <trkpt lat="54.5955320" lon="36.0574900">
    <ele>192.0</ele>
   </trkpt>
   <trkpt lat="54.5954140" lon="36.0576130">
    <ele>191.8</ele>
   </trkpt>
   <trkpt lat="54.5952780" lon="36.0578460">
    <ele>191.4</ele>
   </trkpt>
   <trkpt lat="54.5951400" lon="36.0580290">
    <ele>190.8</ele>
   </trkpt>
   <trkpt lat="54.5950260" lon="36.0581330">
    <ele>190.4</ele>
   </trkpt>
   <trkpt lat="54.5949830" lon="36.0582090">
    <ele>190.2</ele>
   </trkpt>
   <trkpt lat="54.5948140" lon="36.0582120">
    <ele>190.2</ele>
   </trkpt>
   <trkpt lat="54.5945680" lon="36.0582490">
    <ele>190.0</ele>
   </trkpt>
   <trkpt lat="54.5945700" lon="36.0583830">
    <ele>190.0</ele>
   </trkpt>
   <trkpt lat="54.5945640" lon="36.0584990">
    <ele>190.0</ele>
   </trkpt>
   <trkpt lat="54.5945100" lon="36.0586870">
    <ele>189.6</ele>
   </trkpt>
   <trkpt lat="54.5943530" lon="36.0590250">
    <ele>188.8</ele>
   </trkpt>
   <trkpt lat="54.5942820" lon="36.0591310">
    <ele>188.6</ele>
   </trkpt>
   <trkpt lat="54.5942510" lon="36.0592600">
    <ele>188.4</ele>
   </trkpt>
   <trkpt lat="54.5942520" lon="36.0594860">
    <ele>188.0</ele>
   </trkpt>
   <trkpt lat="54.5941630" lon="36.0596520">
    <ele>187.4</ele>
   </trkpt>
   <trkpt lat="54.5940910" lon="36.0597150">
    <ele>187.2</ele>
   </trkpt>
   <trkpt lat="54.5939710" lon="36.0598420">
    <ele>186.8</ele>
   </trkpt>
   <trkpt lat="54.5938610" lon="36.0599380">
    <ele>186.2</ele>
   </trkpt>
   <trkpt lat="54.5937820" lon="36.0600830">
    <ele>186.0</ele>
   </trkpt>
   <trkpt lat="54.5936990" lon="36.0602150">
    <ele>186.0</ele>
   </trkpt>
   <trkpt lat="54.5936200" lon="36.0603360">
    <ele>185.8</ele>
   </trkpt>
   <trkpt lat="54.5934760" lon="36.0605280">
    <ele>185.8</ele>
   </trkpt>
   <trkpt lat="54.5933750" lon="36.0606490">
    <ele>185.8</ele>
   </trkpt>
   <trkpt lat="54.5931530" lon="36.0609340">
    <ele>186.0</ele>
   </trkpt>
   <trkpt lat="54.5929810" lon="36.0611330">
    <ele>186.2</ele>
   </trkpt>
   <trkpt lat="54.5929030" lon="36.0612680">
    <ele>186.4</ele>
   </trkpt>
   <trkpt lat="54.5928380" lon="36.0614100">
    <ele>186.6</ele>
   </trkpt>
   <trkpt lat="54.5927740" lon="36.0614940">
    <ele>186.8</ele>
   </trkpt>
   <trkpt lat="54.5925700" lon="36.0617420">
    <ele>186.8</ele>
   </trkpt>
   <trkpt lat="54.5923780" lon="36.0620030">
    <ele>186.8</ele>
   </trkpt>
   <trkpt lat="54.5923400" lon="36.0620550">
    <ele>186.8</ele>
   </trkpt>
   <trkpt lat="54.5922380" lon="36.0621900">
    <ele>186.8</ele>
   </trkpt>
   <trkpt lat="54.5921480" lon="36.0622960">
    <ele>186.6</ele>
   </trkpt>
   <trkpt lat="54.5920980" lon="36.0623600">
    <ele>186.6</ele>
   </trkpt>
   <trkpt lat="54.5920510" lon="36.0624320">
    <ele>186.6</ele>
   </trkpt>
   <trkpt lat="54.5918990" lon="36.0626100">
    <ele>186.6</ele>
   </trkpt>
   <trkpt lat="54.5918430" lon="36.0626890">
    <ele>186.6</ele>
   </trkpt>
   <trkpt lat="54.5916910" lon="36.0629080">
    <ele>186.4</ele>
   </trkpt>
   <trkpt lat="54.5916540" lon="36.0629700">
    <ele>186.4</ele>
   </trkpt>
   <trkpt lat="54.5915220" lon="36.0631960">
    <ele>186.2</ele>
   </trkpt>
   <trkpt lat="54.5914450" lon="36.0633190">
    <ele>186.2</ele>
   </trkpt>
   <trkpt lat="54.5913480" lon="36.0634330">
    <ele>186.0</ele>
   </trkpt>
   <trkpt lat="54.5913170" lon="36.0634720">
    <ele>186.0</ele>
   </trkpt>
   <trkpt lat="54.5912360" lon="36.0635890">
    <ele>185.8</ele>
   </trkpt>
   <trkpt lat="54.5911280" lon="36.0637570">
    <ele>185.8</ele>
   </trkpt>
   <trkpt lat="54.5910400" lon="36.0638630">
    <ele>185.8</ele>
   </trkpt>
   <trkpt lat="54.5908340" lon="36.0641020">
    <ele>185.6</ele>
   </trkpt>
   <trkpt lat="54.5907600" lon="36.0642020">
    <ele>185.6</ele>
   </trkpt>
   <trkpt lat="54.5906180" lon="36.0643970">
    <ele>185.4</ele>
   </trkpt>
   <trkpt lat="54.5905440" lon="36.0645130">
    <ele>185.2</ele>
   </trkpt>
   <trkpt lat="54.5904330" lon="36.0646910">
    <ele>185.2</ele>
   </trkpt>
   <trkpt lat="54.5901840" lon="36.0649920">
    <ele>185.0</ele>
   </trkpt>
   <trkpt lat="54.5901410" lon="36.0650550">
    <ele>185.0</ele>
   </trkpt>
   <trkpt lat="54.5900270" lon="36.0652190">
    <ele>185.0</ele>
   </trkpt>
   <trkpt lat="54.5897630" lon="36.0656070">
    <ele>185.6</ele>
   </trkpt>
   <trkpt lat="54.5892960" lon="36.0660460">
    <ele>185.6</ele>
   </trkpt>
   <trkpt lat="54.5888420" lon="36.0664720">
    <ele>185.2</ele>
   </trkpt>
   <trkpt lat="54.5886260" lon="36.0666750">
    <ele>185.0</ele>
   </trkpt>
   <trkpt lat="54.5883480" lon="36.0669360">
    <ele>183.8</ele>
   </trkpt>
   <trkpt lat="54.5879450" lon="36.0673140">
    <ele>182.4</ele>
   </trkpt>
   <trkpt lat="54.5876560" lon="36.0675860">
    <ele>181.4</ele>
   </trkpt>
   <trkpt lat="54.5874200" lon="36.0678080">
    <ele>179.8</ele>
   </trkpt>
   <trkpt lat="54.5871900" lon="36.0680240">
    <ele>178.8</ele>
   </trkpt>
   <trkpt lat="54.5868410" lon="36.0683510">
    <ele>177.6</ele>
   </trkpt>
   <trkpt lat="54.5867210" lon="36.0684640">
    <ele>176.6</ele>
   </trkpt>
   <trkpt lat="54.5864070" lon="36.0687590">
    <ele>175.4</ele>
   </trkpt>
   <trkpt lat="54.5860060" lon="36.0691350">
    <ele>174.4</ele>
   </trkpt>
   <trkpt lat="54.5856500" lon="36.0694700">
    <ele>174.4</ele>
   </trkpt>
   <trkpt lat="54.5852770" lon="36.0698110">
    <ele>174.6</ele>
   </trkpt>
   <trkpt lat="54.5852220" lon="36.0698400">
    <ele>174.6</ele>
   </trkpt>
   <trkpt lat="54.5851800" lon="36.0698780">
    <ele>174.8</ele>
   </trkpt>
   <trkpt lat="54.5849630" lon="36.0700080">
    <ele>175.4</ele>
   </trkpt>
   <trkpt lat="54.5849060" lon="36.0700490">
    <ele>175.6</ele>
   </trkpt>
   <trkpt lat="54.5847810" lon="36.0701640">
    <ele>176.0</ele>
   </trkpt>
   <trkpt lat="54.5846740" lon="36.0702730">
    <ele>176.2</ele>
   </trkpt>
   <trkpt lat="54.5845910" lon="36.0703340">
    <ele>176.6</ele>
   </trkpt>
   <trkpt lat="54.5845520" lon="36.0703570">
    <ele>176.4</ele>
   </trkpt>
   <trkpt lat="54.5842590" lon="36.0705680">
    <ele>177.2</ele>
   </trkpt>
   <trkpt lat="54.5842080" lon="36.0705990">
    <ele>177.2</ele>
   </trkpt>
   <trkpt lat="54.5841270" lon="36.0706730">
    <ele>177.4</ele>
   </trkpt>
   <trkpt lat="54.5839490" lon="36.0709420">
    <ele>178.4</ele>
   </trkpt>
   <trkpt lat="54.5837340" lon="36.0713290">
    <ele>179.2</ele>
   </trkpt>
   <trkpt lat="54.5834690" lon="36.0719290">
    <ele>179.4</ele>
   </trkpt>
   <trkpt lat="54.5832620" lon="36.0726360">
    <ele>179.2</ele>
   </trkpt>
   <trkpt lat="54.5831580" lon="36.0731300">
    <ele>179.2</ele>
   </trkpt>
   <trkpt lat="54.5830620" lon="36.0737780">
    <ele>178.2</ele>
   </trkpt>
   <trkpt lat="54.5830500" lon="36.0740020">
    <ele>177.2</ele>
   </trkpt>
   <trkpt lat="54.5830350" lon="36.0744940">
    <ele>177.0</ele>
   </trkpt>
   <trkpt lat="54.5830750" lon="36.0754280">
    <ele>176.4</ele>
   </trkpt>
   <trkpt lat="54.5831030" lon="36.0756730">
    <ele>176.2</ele>
   </trkpt>
   <trkpt lat="54.5831770" lon="36.0763080">
    <ele>175.6</ele>
   </trkpt>
   <trkpt lat="54.5831850" lon="36.0764360">
    <ele>175.4</ele>
   </trkpt>
   <trkpt lat="54.5832110" lon="36.0766860">
    <ele>174.8</ele>
   </trkpt>
   <trkpt lat="54.5832710" lon="36.0771750">
    <ele>174.4</ele>
   </trkpt>
   <trkpt lat="54.5833380" lon="36.0779990">
    <ele>174.4</ele>
   </trkpt>
   <trkpt lat="54.5833140" lon="36.0788780">
    <ele>174.6</ele>
   </trkpt>
   <trkpt lat="54.5833020" lon="36.0789930">
    <ele>174.6</ele>
   </trkpt>
   <trkpt lat="54.5832540" lon="36.0793140">
    <ele>174.6</ele>
   </trkpt>
   <trkpt lat="54.5831450" lon="36.0799300">
    <ele>175.0</ele>
   </trkpt>
   <trkpt lat="54.5829280" lon="36.0806390">
    <ele>174.8</ele>
   </trkpt>
   <trkpt lat="54.5826330" lon="36.0814150">
    <ele>174.2</ele>
   </trkpt>
   <trkpt lat="54.5823250" lon="36.0822370">
    <ele>174.0</ele>
   </trkpt>
   <trkpt lat="54.5822890" lon="36.0823330">
    <ele>174.0</ele>
   </trkpt>
   <trkpt lat="54.5820940" lon="36.0828170">
    <ele>173.6</ele>
   </trkpt>
   <trkpt lat="54.5820150" lon="36.0830290">
    <ele>173.6</ele>
   </trkpt>
   <trkpt lat="54.5817790" lon="36.0836890">
    <ele>173.0</ele>
   </trkpt>
   <trkpt lat="54.5817450" lon="36.0837890">
    <ele>172.8</ele>
   </trkpt>
   <trkpt lat="54.5816830" lon="36.0840060">
    <ele>172.6</ele>
   </trkpt>
   <trkpt lat="54.5816530" lon="36.0841100">
    <ele>172.6</ele>
   </trkpt>
   <trkpt lat="54.5814330" lon="36.0848420">
    <ele>172.2</ele>
   </trkpt>
   <trkpt lat="54.5811790" lon="36.0856460">
    <ele>171.6</ele>
   </trkpt>
   <trkpt lat="54.5810380" lon="36.0860960">
    <ele>171.4</ele>
   </trkpt>
   <trkpt lat="54.5809010" lon="36.0866640">
    <ele>170.8</ele>
   </trkpt>
   <trkpt lat="54.5807570" lon="36.0871750">
    <ele>170.8</ele>
   </trkpt>
   <trkpt lat="54.5806000" lon="36.0877070">
    <ele>170.8</ele>
   </trkpt>
   <trkpt lat="54.5803440" lon="36.0885490">
    <ele>170.8</ele>
   </trkpt>
   <trkpt lat="54.5801790" lon="36.0891080">
    <ele>170.4</ele>
   </trkpt>
   <trkpt lat="54.5801030" lon="36.0893850">
    <ele>170.2</ele>
   </trkpt>
   <trkpt lat="54.5799800" lon="36.0897570">
    <ele>170.0</ele>
   </trkpt>
   <trkpt lat="54.5798010" lon="36.0903540">
    <ele>170.0</ele>
   </trkpt>
   <trkpt lat="54.5796460" lon="36.0908690">
    <ele>170.2</ele>
   </trkpt>
   <trkpt lat="54.5796150" lon="36.0909700">
    <ele>170.2</ele>
   </trkpt>
   <trkpt lat="54.5794800" lon="36.0913420">
    <ele>170.2</ele>
   </trkpt>
   <trkpt lat="54.5794220" lon="36.0915340">
    <ele>170.2</ele>
   </trkpt>
   <trkpt lat="54.5793080" lon="36.0919480">
    <ele>170.2</ele>
   </trkpt>
   <trkpt lat="54.5791160" lon="36.0926440">
    <ele>170.0</ele>
   </trkpt>
   <trkpt lat="54.5789260" lon="36.0932790">
    <ele>169.4</ele>
   </trkpt>
   <trkpt lat="54.5787510" lon="36.0937980">
    <ele>169.4</ele>
   </trkpt>
   <trkpt lat="54.5785740" lon="36.0943770">
    <ele>170.0</ele>
   </trkpt>
   <trkpt lat="54.5783710" lon="36.0950940">
    <ele>170.2</ele>
   </trkpt>
   <trkpt lat="54.5781640" lon="36.0958400">
    <ele>170.2</ele>
   </trkpt>
   <trkpt lat="54.5780470" lon="36.0962740">
    <ele>170.0</ele>
   </trkpt>
   <trkpt lat="54.5779420" lon="36.0966170">
    <ele>170.0</ele>
   </trkpt>
   <trkpt lat="54.5776840" lon="36.0974960">
    <ele>169.6</ele>
   </trkpt>
   <trkpt lat="54.5774750" lon="36.0982580">
    <ele>169.0</ele>
   </trkpt>
   <trkpt lat="54.5774470" lon="36.0983610">
    <ele>168.8</ele>
   </trkpt>
   <trkpt lat="54.5772350" lon="36.0992370">
    <ele>168.0</ele>
   </trkpt>
   <trkpt lat="54.5772050" lon="36.0993570">
    <ele>168.0</ele>
   </trkpt>
   <trkpt lat="54.5770010" lon="36.1002050">
    <ele>168.0</ele>
   </trkpt>
   <trkpt lat="54.5768310" lon="36.1009350">
    <ele>169.0</ele>
   </trkpt>
   <trkpt lat="54.5767410" lon="36.1013680">
    <ele>169.6</ele>
   </trkpt>
   <trkpt lat="54.5767110" lon="36.1015680">
    <ele>170.2</ele>
   </trkpt>
   <trkpt lat="54.5766900" lon="36.1017530">
    <ele>170.6</ele>
   </trkpt>
   <trkpt lat="54.5766520" lon="36.1020060">
    <ele>171.2</ele>
   </trkpt>
   <trkpt lat="54.5766310" lon="36.1021110">
    <ele>171.4</ele>
   </trkpt>
   <trkpt lat="54.5765750" lon="36.1024640">
    <ele>171.4</ele>
   </trkpt>
   <trkpt lat="54.5765170" lon="36.1027510">
    <ele>172.2</ele>
   </trkpt>
   <trkpt lat="54.5764820" lon="36.1029470">
    <ele>172.4</ele>
   </trkpt>
   <trkpt lat="54.5764490" lon="36.1032210">
    <ele>173.2</ele>
   </trkpt>
   <trkpt lat="54.5764350" lon="36.1033590">
    <ele>173.6</ele>
   </trkpt>
   <trkpt lat="54.5763620" lon="36.1037030">
    <ele>174.4</ele>
   </trkpt>
   <trkpt lat="54.5763380" lon="36.1038680">
    <ele>174.6</ele>
   </trkpt>
   <trkpt lat="54.5762590" lon="36.1042570">
    <ele>175.0</ele>
   </trkpt>
   <trkpt lat="54.5761620" lon="36.1047370">
    <ele>175.4</ele>
   </trkpt>
   <trkpt lat="54.5761520" lon="36.1047940">
    <ele>175.4</ele>
   </trkpt>
   <trkpt lat="54.5761420" lon="36.1048500">
    <ele>175.4</ele>
   </trkpt>
   <trkpt lat="54.5761380" lon="36.1049160">
    <ele>175.4</ele>
   </trkpt>
   <trkpt lat="54.5761140" lon="36.1051020">
    <ele>175.4</ele>
   </trkpt>
   <trkpt lat="54.5761040" lon="36.1051600">
    <ele>175.4</ele>
   </trkpt>
   <trkpt lat="54.5759950" lon="36.1055420">
    <ele>175.8</ele>
   </trkpt>
   <trkpt lat="54.5759140" lon="36.1058990">
    <ele>176.0</ele>
   </trkpt>
   <trkpt lat="54.5758880" lon="36.1061020">
    <ele>176.2</ele>
   </trkpt>
   <trkpt lat="54.5758730" lon="36.1061810">
    <ele>176.2</ele>
   </trkpt>
   <trkpt lat="54.5758580" lon="36.1062430">
    <ele>176.2</ele>
   </trkpt>
   <trkpt lat="54.5758200" lon="36.1063710">
    <ele>176.4</ele>
   </trkpt>
   <trkpt lat="54.5757230" lon="36.1066500">
    <ele>176.2</ele>
   </trkpt>
   <trkpt lat="54.5757120" lon="36.1067070">
    <ele>176.4</ele>
   </trkpt>
   <trkpt lat="54.5757130" lon="36.1068110">
    <ele>176.4</ele>
   </trkpt>
   <trkpt lat="54.5757170" lon="36.1070040">
    <ele>176.6</ele>
   </trkpt>
   <trkpt lat="54.5756900" lon="36.1071170">
    <ele>176.8</ele>
   </trkpt>
   <trkpt lat="54.5756770" lon="36.1073430">
    <ele>177.2</ele>
   </trkpt>
   <trkpt lat="54.5756690" lon="36.1073980">
    <ele>177.4</ele>
   </trkpt>
   <trkpt lat="54.5756340" lon="36.1077780">
    <ele>178.0</ele>
   </trkpt>
   <trkpt lat="54.5756110" lon="36.1079220">
    <ele>178.4</ele>
   </trkpt>
   <trkpt lat="54.5755960" lon="36.1079720">
    <ele>178.4</ele>
   </trkpt>
   <trkpt lat="54.5755870" lon="36.1080240">
    <ele>178.6</ele>
   </trkpt>
   <trkpt lat="54.5755360" lon="36.1082400">
    <ele>179.2</ele>
   </trkpt>
   <trkpt lat="54.5754820" lon="36.1084070">
    <ele>179.4</ele>
   </trkpt>
   <trkpt lat="54.5754740" lon="36.1084550">
    <ele>179.6</ele>
   </trkpt>
   <trkpt lat="54.5754640" lon="36.1085530">
    <ele>179.8</ele>
   </trkpt>
   <trkpt lat="54.5754340" lon="36.1086500">
    <ele>179.8</ele>
   </trkpt>
   <trkpt lat="54.5754110" lon="36.1089030">
    <ele>180.2</ele>
   </trkpt>
   <trkpt lat="54.5753660" lon="36.1090780">
    <ele>180.6</ele>
   </trkpt>
   <trkpt lat="54.5753570" lon="36.1092400">
    <ele>180.8</ele>
   </trkpt>
   <trkpt lat="54.5753160" lon="36.1093500">
    <ele>181.0</ele>
   </trkpt>
   <trkpt lat="54.5752790" lon="36.1096040">
    <ele>181.2</ele>
   </trkpt>
   <trkpt lat="54.5752720" lon="36.1096640">
    <ele>181.2</ele>
   </trkpt>
   <trkpt lat="54.5752470" lon="36.1097820">
    <ele>181.2</ele>
   </trkpt>
   <trkpt lat="54.5752310" lon="36.1098410">
    <ele>181.4</ele>
   </trkpt>
   <trkpt lat="54.5752270" lon="36.1099760">
    <ele>181.4</ele>
   </trkpt>
   <trkpt lat="54.5751900" lon="36.1101220">
    <ele>181.6</ele>
   </trkpt>
   <trkpt lat="54.5751570" lon="36.1102560">
    <ele>181.6</ele>
   </trkpt>
   <trkpt lat="54.5751320" lon="36.1104410">
    <ele>181.8</ele>
   </trkpt>
   <trkpt lat="54.5751040" lon="36.1107890">
    <ele>181.8</ele>
   </trkpt>
   <trkpt lat="54.5750380" lon="36.1110440">
    <ele>182.0</ele>
   </trkpt>
   <trkpt lat="54.5748960" lon="36.1114700">
    <ele>182.2</ele>
   </trkpt>
   <trkpt lat="54.5748090" lon="36.1116600">
    <ele>182.6</ele>
   </trkpt>
   <trkpt lat="54.5747840" lon="36.1117000">
    <ele>182.6</ele>
   </trkpt>
   <trkpt lat="54.5746110" lon="36.1119150">
    <ele>183.0</ele>
   </trkpt>
   <trkpt lat="54.5745770" lon="36.1119950">
    <ele>183.2</ele>
   </trkpt>
   <trkpt lat="54.5744940" lon="36.1122660">
    <ele>183.4</ele>
   </trkpt>
   <trkpt lat="54.5744030" lon="36.1124250">
    <ele>183.4</ele>
   </trkpt>
   <trkpt lat="54.5743290" lon="36.1125670">
    <ele>183.8</ele>
   </trkpt>
   <trkpt lat="54.5742990" lon="36.1126280">
    <ele>183.8</ele>
   </trkpt>
   <trkpt lat="54.5741910" lon="36.1128670">
    <ele>184.2</ele>
   </trkpt>
   <trkpt lat="54.5740880" lon="36.1130900">
    <ele>184.4</ele>
   </trkpt>
   <trkpt lat="54.5740260" lon="36.1131720">
    <ele>184.8</ele>
   </trkpt>
   <trkpt lat="54.5738260" lon="36.1134520">
    <ele>185.2</ele>
   </trkpt>
   <trkpt lat="54.5735620" lon="36.1137270">
    <ele>185.2</ele>
   </trkpt>
   <trkpt lat="54.5731440" lon="36.1141060">
    <ele>185.4</ele>
   </trkpt>
   <trkpt lat="54.5728820" lon="36.1143160">
    <ele>185.8</ele>
   </trkpt>
   <trkpt lat="54.5727570" lon="36.1144080">
    <ele>185.8</ele>
   </trkpt>
   <trkpt lat="54.5723990" lon="36.1146930">
    <ele>186.0</ele>
   </trkpt>
   <trkpt lat="54.5720970" lon="36.1149660">
    <ele>186.6</ele>
   </trkpt>
   <trkpt lat="54.5719930" lon="36.1150590">
    <ele>186.8</ele>
   </trkpt>
   <trkpt lat="54.5717970" lon="36.1152070">
    <ele>187.0</ele>
   </trkpt>
   <trkpt lat="54.5717170" lon="36.1152570">
    <ele>187.0</ele>
   </trkpt>
   <trkpt lat="54.5715770" lon="36.1153810">
    <ele>187.2</ele>
   </trkpt>
   <trkpt lat="54.5715320" lon="36.1154240">
    <ele>187.2</ele>
   </trkpt>
   <trkpt lat="54.5714570" lon="36.1154980">
    <ele>187.2</ele>
   </trkpt>
   <trkpt lat="54.5714180" lon="36.1155320">
    <ele>187.4</ele>
   </trkpt>
   <trkpt lat="54.5713910" lon="36.1155540">
    <ele>187.4</ele>
   </trkpt>
   <trkpt lat="54.5712710" lon="36.1156590">
    <ele>187.4</ele>
   </trkpt>
   <trkpt lat="54.5712330" lon="36.1156920">
    <ele>187.6</ele>
   </trkpt>
   <trkpt lat="54.5711320" lon="36.1157840">
    <ele>187.8</ele>
   </trkpt>
   <trkpt lat="54.5710530" lon="36.1158580">
    <ele>187.8</ele>
   </trkpt>
   <trkpt lat="54.5710230" lon="36.1158760">
    <ele>187.8</ele>
   </trkpt>
   <trkpt lat="54.5709350" lon="36.1159370">
    <ele>187.8</ele>
   </trkpt>
   <trkpt lat="54.5707890" lon="36.1160570">
    <ele>187.8</ele>
   </trkpt>
   <trkpt lat="54.5707240" lon="36.1161240">
    <ele>187.8</ele>
   </trkpt>
   <trkpt lat="54.5706730" lon="36.1161720">
    <ele>188.0</ele>
   </trkpt>
   <trkpt lat="54.5705920" lon="36.1162220">
    <ele>187.8</ele>
   </trkpt>
   <trkpt lat="54.5704800" lon="36.1162070">
    <ele>187.8</ele>
   </trkpt>
   <trkpt lat="54.5704090" lon="36.1162580">
    <ele>187.8</ele>
   </trkpt>
   <trkpt lat="54.5703770" lon="36.1161720">
    <ele>187.8</ele>
   </trkpt>
   <trkpt lat="54.5703100" lon="36.1162130">
    <ele>187.8</ele>
   </trkpt>
   <trkpt lat="54.5701180" lon="36.1164030">
    <ele>187.4</ele>
   </trkpt>
   <trkpt lat="54.5700340" lon="36.1163960">
    <ele>187.4</ele>
   </trkpt>
   <trkpt lat="54.5699940" lon="36.1165380">
    <ele>187.4</ele>
   </trkpt>
   <trkpt lat="54.5699490" lon="36.1166090">
    <ele>187.4</ele>
   </trkpt>
   <trkpt lat="54.5698200" lon="36.1166200">
    <ele>187.0</ele>
   </trkpt>
   <trkpt lat="54.5697440" lon="36.1165150">
    <ele>186.6</ele>
   </trkpt>
   <trkpt lat="54.5696200" lon="36.1166380">
    <ele>186.2</ele>
   </trkpt>
   <trkpt lat="54.5695630" lon="36.1166770">
    <ele>186.2</ele>
   </trkpt>
   <trkpt lat="54.5694560" lon="36.1167420">
    <ele>186.2</ele>
   </trkpt>
   <trkpt lat="54.5693600" lon="36.1168480">
    <ele>186.0</ele>
   </trkpt>
   <trkpt lat="54.5693090" lon="36.1169180">
    <ele>185.8</ele>
   </trkpt>
   <trkpt lat="54.5692180" lon="36.1170330">
    <ele>185.8</ele>
   </trkpt>
   <trkpt lat="54.5690180" lon="36.1172850">
    <ele>185.8</ele>
   </trkpt>
   <trkpt lat="54.5688980" lon="36.1174720">
    <ele>185.6</ele>
   </trkpt>
   <trkpt lat="54.5687960" lon="36.1175200">
    <ele>185.6</ele>
   </trkpt>
   <trkpt lat="54.5686760" lon="36.1176500">
    <ele>185.6</ele>
   </trkpt>
   <trkpt lat="54.5682480" lon="36.1181100">
    <ele>185.8</ele>
   </trkpt>
   <trkpt lat="54.5680060" lon="36.1179190">
    <ele>185.8</ele>
   </trkpt>
   <trkpt lat="54.5679420" lon="36.1180460">
    <ele>185.6</ele>
   </trkpt>
   <trkpt lat="54.5678440" lon="36.1178250">
    <ele>185.8</ele>
   </trkpt>
   <trkpt lat="54.5673560" lon="36.1181790">
    <ele>185.6</ele>
   </trkpt>
   <trkpt lat="54.5670510" lon="36.1184010">
    <ele>184.6</ele>
   </trkpt>
   <trkpt lat="54.5666310" lon="36.1187050">
    <ele>183.6</ele>
   </trkpt>
   <trkpt lat="54.5661220" lon="36.1190750">
    <ele>182.8</ele>
   </trkpt>
   <trkpt lat="54.5660270" lon="36.1191430">
    <ele>182.4</ele>
   </trkpt>
   <trkpt lat="54.5657470" lon="36.1193470">
    <ele>181.6</ele>
   </trkpt>
   <trkpt lat="54.5657470" lon="36.1193470">
    <ele>182.2</ele>
   </trkpt>
   <trkpt lat="54.5653020" lon="36.1196700">
    <ele>181.4</ele>
   </trkpt>
   <trkpt lat="54.5651970" lon="36.1197460">
    <ele>180.4</ele>
   </trkpt>
   <trkpt lat="54.5646870" lon="36.1201160">
    <ele>179.4</ele>
   </trkpt>
   <trkpt lat="54.5645670" lon="36.1202030">
    <ele>179.2</ele>
   </trkpt>
   <trkpt lat="54.5642260" lon="36.1204500">
    <ele>178.0</ele>
   </trkpt>
   <trkpt lat="54.5639720" lon="36.1206350">
    <ele>177.0</ele>
   </trkpt>
   <trkpt lat="54.5635730" lon="36.1209240">
    <ele>175.8</ele>
   </trkpt>
   <trkpt lat="54.5630850" lon="36.1212780">
    <ele>175.8</ele>
   </trkpt>
   <trkpt lat="54.5625660" lon="36.1216550">
    <ele>175.2</ele>
   </trkpt>
   <trkpt lat="54.5620760" lon="36.1220110">
    <ele>175.0</ele>
   </trkpt>
   <trkpt lat="54.5620120" lon="36.1220570">
    <ele>174.8</ele>
   </trkpt>
   <trkpt lat="54.5614920" lon="36.1224340">
    <ele>174.6</ele>
   </trkpt>
   <trkpt lat="54.5611320" lon="36.1226960">
    <ele>173.8</ele>
   </trkpt>
   <trkpt lat="54.5608520" lon="36.1228990">
    <ele>172.8</ele>
   </trkpt>
   <trkpt lat="54.5605830" lon="36.1230940">
    <ele>171.6</ele>
   </trkpt>
   <trkpt lat="54.5600840" lon="36.1234560">
    <ele>171.4</ele>
   </trkpt>
   <trkpt lat="54.5595720" lon="36.1238280">
    <ele>171.0</ele>
   </trkpt>
   <trkpt lat="54.5591830" lon="36.1241100">
    <ele>170.8</ele>
   </trkpt>
   <trkpt lat="54.5589420" lon="36.1242750">
    <ele>170.8</ele>
   </trkpt>
   <trkpt lat="54.5588860" lon="36.1243730">
    <ele>170.8</ele>
   </trkpt>
   <trkpt lat="54.5588310" lon="36.1244870">
    <ele>170.6</ele>
   </trkpt>
   <trkpt lat="54.5588050" lon="36.1245780">
    <ele>170.6</ele>
   </trkpt>
   <trkpt lat="54.5586610" lon="36.1247450">
    <ele>170.6</ele>
   </trkpt>
   <trkpt lat="54.5585370" lon="36.1249240">
    <ele>170.4</ele>
   </trkpt>
   <trkpt lat="54.5584910" lon="36.1249640">
    <ele>170.4</ele>
   </trkpt>
   <trkpt lat="54.5583630" lon="36.1250770">
    <ele>170.2</ele>
   </trkpt>
   <trkpt lat="54.5583440" lon="36.1253020">
    <ele>170.4</ele>
   </trkpt>
   <trkpt lat="54.5583200" lon="36.1253970">
    <ele>170.4</ele>
   </trkpt>
   <trkpt lat="54.5582190" lon="36.1254440">
    <ele>170.2</ele>
   </trkpt>
   <trkpt lat="54.5581590" lon="36.1255080">
    <ele>170.0</ele>
   </trkpt>
   <trkpt lat="54.5580170" lon="36.1258470">
    <ele>170.0</ele>
   </trkpt>
   <trkpt lat="54.5579030" lon="36.1259980">
    <ele>169.8</ele>
   </trkpt>
   <trkpt lat="54.5578840" lon="36.1259540">
    <ele>169.8</ele>
   </trkpt>
   <trkpt lat="54.5578670" lon="36.1259460">
    <ele>169.8</ele>
   </trkpt>
   <trkpt lat="54.5578060" lon="36.1258890">
    <ele>169.8</ele>
   </trkpt>
   <trkpt lat="54.5577880" lon="36.1258500">
    <ele>169.6</ele>
   </trkpt>
   <trkpt lat="54.5577870" lon="36.1258260">
    <ele>169.6</ele>
   </trkpt>
   <trkpt lat="54.5577950" lon="36.1258730">
    <ele>169.6</ele>
   </trkpt>
   <trkpt lat="54.5578220" lon="36.1257570">
    <ele>169.6</ele>
   </trkpt>
   <trkpt lat="54.5579100" lon="36.1257260">
    <ele>169.6</ele>
   </trkpt>
   <trkpt lat="54.5579520" lon="36.1258300">
    <ele>169.6</ele>
   </trkpt>
   <trkpt lat="54.5579840" lon="36.1258510">
    <ele>169.6</ele>
   </trkpt>
   <trkpt lat="54.5579770" lon="36.1259440">
    <ele>169.6</ele>
   </trkpt>
   <trkpt lat="54.5579590" lon="36.1259620">
    <ele>169.6</ele>
   </trkpt>
   <trkpt lat="54.5579400" lon="36.1259570">
    <ele>169.6</ele>
   </trkpt>
   <trkpt lat="54.5578990" lon="36.1260370">
    <ele>169.6</ele>
   </trkpt>
   <trkpt lat="54.5578760" lon="36.1260360">
    <ele>169.4</ele>
   </trkpt>
   <trkpt lat="54.5577550" lon="36.1262860">
    <ele>169.4</ele>
   </trkpt>
   <trkpt lat="54.5574270" lon="36.1266500">
    <ele>169.4</ele>
   </trkpt>
   <trkpt lat="54.5573450" lon="36.1267420">
    <ele>169.2</ele>
   </trkpt>
   <trkpt lat="54.5572690" lon="36.1268230">
    <ele>169.0</ele>
   </trkpt>
   <trkpt lat="54.5571790" lon="36.1270110">
    <ele>168.8</ele>
   </trkpt>
   <trkpt lat="54.5571490" lon="36.1270990">
    <ele>168.8</ele>
   </trkpt>
   <trkpt lat="54.5571130" lon="36.1271920">
    <ele>168.6</ele>
   </trkpt>
   <trkpt lat="54.5570480" lon="36.1274110">
    <ele>168.6</ele>
   </trkpt>
   <trkpt lat="54.5570160" lon="36.1274880">
    <ele>168.6</ele>
   </trkpt>
   <trkpt lat="54.5569580" lon="36.1275970">
    <ele>168.6</ele>
   </trkpt>
   <trkpt lat="54.5565780" lon="36.1279560">
    <ele>168.8</ele>
   </trkpt>
   <trkpt lat="54.5562500" lon="36.1290500">
    <ele>168.8</ele>
   </trkpt>
   <trkpt lat="54.5559270" lon="36.1301290">
    <ele>169.2</ele>
   </trkpt>
   <trkpt lat="54.5558970" lon="36.1302300">
    <ele>169.2</ele>
   </trkpt>
   <trkpt lat="54.5558150" lon="36.1305310">
    <ele>169.4</ele>
   </trkpt>
   <trkpt lat="54.5556500" lon="36.1308390">
    <ele>170.0</ele>
   </trkpt>
   <trkpt lat="54.5554660" lon="36.1314860">
    <ele>170.4</ele>
   </trkpt>
   <trkpt lat="54.5554510" lon="36.1314600">
    <ele>170.4</ele>
   </trkpt>
   <trkpt lat="54.5552080" lon="36.1318280">
    <ele>170.4</ele>
   </trkpt>
   <trkpt lat="54.5551190" lon="36.1319470">
    <ele>170.4</ele>
   </trkpt>
   <trkpt lat="54.5550220" lon="36.1319920">
    <ele>170.4</ele>
   </trkpt>
   <trkpt lat="54.5548790" lon="36.1321490">
    <ele>170.4</ele>
   </trkpt>
   <trkpt lat="54.5546490" lon="36.1322310">
    <ele>170.4</ele>
   </trkpt>
   <trkpt lat="54.5546460" lon="36.1323810">
    <ele>170.4</ele>
   </trkpt>
   <trkpt lat="54.5546020" lon="36.1325810">
    <ele>170.2</ele>
   </trkpt>
   <trkpt lat="54.5545480" lon="36.1329300">
    <ele>170.0</ele>
   </trkpt>
   <trkpt lat="54.5544850" lon="36.1330540">
    <ele>170.0</ele>
   </trkpt>
   <trkpt lat="54.5544030" lon="36.1332760">
    <ele>169.8</ele>
   </trkpt>
   <trkpt lat="54.5543800" lon="36.1333560">
    <ele>169.8</ele>
   </trkpt>
   <trkpt lat="54.5543060" lon="36.1335270">
    <ele>169.8</ele>
   </trkpt>
   <trkpt lat="54.5542180" lon="36.1336090">
    <ele>169.6</ele>
   </trkpt>
   <trkpt lat="54.5540970" lon="36.1337300">
    <ele>169.6</ele>
   </trkpt>
   <trkpt lat="54.5540720" lon="36.1337840">
    <ele>169.6</ele>
   </trkpt>
   <trkpt lat="54.5540230" lon="36.1338620">
    <ele>169.6</ele>
   </trkpt>
   <trkpt lat="54.5538660" lon="36.1341400">
    <ele>169.6</ele>
   </trkpt>
   <trkpt lat="54.5535640" lon="36.1345700">
    <ele>169.6</ele>
   </trkpt>
   <trkpt lat="54.5532510" lon="36.1351810">
    <ele>169.6</ele>
   </trkpt>
   <trkpt lat="54.5530240" lon="36.1355970">
    <ele>169.6</ele>
   </trkpt>
   <trkpt lat="54.5528660" lon="36.1358930">
    <ele>169.6</ele>
   </trkpt>
   <trkpt lat="54.5525720" lon="36.1363870">
    <ele>170.0</ele>
   </trkpt>
   <trkpt lat="54.5523140" lon="36.1368470">
    <ele>170.4</ele>
   </trkpt>
   <trkpt lat="54.5518930" lon="36.1375450">
    <ele>170.8</ele>
   </trkpt>
   <trkpt lat="54.5515490" lon="36.1382230">
    <ele>170.6</ele>
   </trkpt>
   <trkpt lat="54.5512680" lon="36.1387800">
    <ele>170.4</ele>
   </trkpt>
   <trkpt lat="54.5508640" lon="36.1395100">
    <ele>170.4</ele>
   </trkpt>
   <trkpt lat="54.5508000" lon="36.1396290">
    <ele>170.4</ele>
   </trkpt>
   <trkpt lat="54.5503980" lon="36.1403430">
    <ele>169.6</ele>
   </trkpt>
   <trkpt lat="54.5501510" lon="36.1407910">
    <ele>169.0</ele>
   </trkpt>
   <trkpt lat="54.5500740" lon="36.1409390">
    <ele>168.8</ele>
   </trkpt>
   <trkpt lat="54.5498010" lon="36.1415080">
    <ele>168.2</ele>
   </trkpt>
   <trkpt lat="54.5496360" lon="36.1418280">
    <ele>167.6</ele>
   </trkpt>
   <trkpt lat="54.5495590" lon="36.1419740">
    <ele>167.4</ele>
   </trkpt>
   <trkpt lat="54.5493390" lon="36.1423510">
    <ele>167.0</ele>
   </trkpt>
   <trkpt lat="54.5489630" lon="36.1430060">
    <ele>167.0</ele>
   </trkpt>
   <trkpt lat="54.5489170" lon="36.1430800">
    <ele>167.0</ele>
   </trkpt>
   <trkpt lat="54.5484770" lon="36.1437830">
    <ele>167.6</ele>
   </trkpt>
   <trkpt lat="54.5482400" lon="36.1442000">
    <ele>167.8</ele>
   </trkpt>
   <trkpt lat="54.5478260" lon="36.1449280">
    <ele>168.0</ele>
   </trkpt>
   <trkpt lat="54.5477860" lon="36.1449950">
    <ele>168.0</ele>
   </trkpt>
   <trkpt lat="54.5473870" lon="36.1456730">
    <ele>167.4</ele>
   </trkpt>
   <trkpt lat="54.5472980" lon="36.1458180">
    <ele>167.2</ele>
   </trkpt>
   <trkpt lat="54.5470590" lon="36.1462610">
    <ele>166.8</ele>
   </trkpt>
   <trkpt lat="54.5468890" lon="36.1465730">
    <ele>166.6</ele>
   </trkpt>
   <trkpt lat="54.5464880" lon="36.1472790">
    <ele>166.0</ele>
   </trkpt>
   <trkpt lat="54.5463980" lon="36.1474420">
    <ele>166.0</ele>
   </trkpt>
   <trkpt lat="54.5462060" lon="36.1477890">
    <ele>165.8</ele>
   </trkpt>
   <trkpt lat="54.5460580" lon="36.1480490">
    <ele>165.8</ele>
   </trkpt>
   <trkpt lat="54.5456750" lon="36.1487020">
    <ele>165.2</ele>
   </trkpt>
   <trkpt lat="54.5456300" lon="36.1487850">
    <ele>165.0</ele>
   </trkpt>
   <trkpt lat="54.5455790" lon="36.1488670">
    <ele>164.8</ele>
   </trkpt>
   <trkpt lat="54.5451590" lon="36.1495340">
    <ele>163.8</ele>
   </trkpt>
   <trkpt lat="54.5449870" lon="36.1497880">
    <ele>163.2</ele>
   </trkpt>
   <trkpt lat="54.5448610" lon="36.1499680">
    <ele>162.6</ele>
   </trkpt>
   <trkpt lat="54.5445890" lon="36.1503280">
    <ele>161.2</ele>
   </trkpt>
   <trkpt lat="54.5444530" lon="36.1505100">
    <ele>160.2</ele>
   </trkpt>
   <trkpt lat="54.5443830" lon="36.1505970">
    <ele>159.8</ele>
   </trkpt>
   <trkpt lat="54.5442380" lon="36.1507710">
    <ele>159.0</ele>
   </trkpt>
   <trkpt lat="54.5440180" lon="36.1510180">
    <ele>157.8</ele>
   </trkpt>
   <trkpt lat="54.5438090" lon="36.1512370">
    <ele>156.8</ele>
   </trkpt>
   <trkpt lat="54.5437430" lon="36.1513000">
    <ele>156.4</ele>
   </trkpt>
   <trkpt lat="54.5435520" lon="36.1514880">
    <ele>155.4</ele>
   </trkpt>
   <trkpt lat="54.5434880" lon="36.1515480">
    <ele>155.2</ele>
   </trkpt>
   <trkpt lat="54.5430090" lon="36.1519450">
    <ele>155.0</ele>
   </trkpt>
   <trkpt lat="54.5429320" lon="36.1520020">
    <ele>155.0</ele>
   </trkpt>
   <trkpt lat="54.5424020" lon="36.1523940">
    <ele>155.0</ele>
   </trkpt>
   <trkpt lat="54.5420710" lon="36.1526820">
    <ele>155.0</ele>
   </trkpt>
   <trkpt lat="54.5416110" lon="36.1530480">
    <ele>155.0</ele>
   </trkpt>
   <trkpt lat="54.5411270" lon="36.1534160">
    <ele>154.6</ele>
   </trkpt>
   <trkpt lat="54.5406540" lon="36.1538760">
    <ele>154.2</ele>
   </trkpt>
   <trkpt lat="54.5401870" lon="36.1544520">
    <ele>153.0</ele>
   </trkpt>
   <trkpt lat="54.5398770" lon="36.1549070">
    <ele>152.8</ele>
   </trkpt>
   <trkpt lat="54.5397030" lon="36.1551820">
    <ele>152.0</ele>
   </trkpt>
   <trkpt lat="54.5394600" lon="36.1555390">
    <ele>152.0</ele>
   </trkpt>
   <trkpt lat="54.5394230" lon="36.1556320">
    <ele>152.0</ele>
   </trkpt>
   <trkpt lat="54.5392190" lon="36.1559950">
    <ele>151.6</ele>
   </trkpt>
   <trkpt lat="54.5389140" lon="36.1565570">
    <ele>151.4</ele>
   </trkpt>
   <trkpt lat="54.5385230" lon="36.1572770">
    <ele>152.0</ele>
   </trkpt>
   <trkpt lat="54.5381490" lon="36.1579630">
    <ele>152.2</ele>
   </trkpt>
   <trkpt lat="54.5377680" lon="36.1586690">
    <ele>152.8</ele>
   </trkpt>
   <trkpt lat="54.5373770" lon="36.1593600">
    <ele>152.6</ele>
   </trkpt>
   <trkpt lat="54.5373360" lon="36.1594360">
    <ele>152.6</ele>
   </trkpt>
   <trkpt lat="54.5369800" lon="36.1601280">
    <ele>152.2</ele>
   </trkpt>
   <trkpt lat="54.5366840" lon="36.1606770">
    <ele>151.8</ele>
   </trkpt>
   <trkpt lat="54.5365590" lon="36.1608950">
    <ele>151.6</ele>
   </trkpt>
   <trkpt lat="54.5363860" lon="36.1612040">
    <ele>151.4</ele>
   </trkpt>
   <trkpt lat="54.5363010" lon="36.1613590">
    <ele>151.2</ele>
   </trkpt>
   <trkpt lat="54.5358990" lon="36.1620870">
    <ele>151.0</ele>
   </trkpt>
   <trkpt lat="54.5355280" lon="36.1627450">
    <ele>151.0</ele>
   </trkpt>
   <trkpt lat="54.5353620" lon="36.1630410">
    <ele>151.0</ele>
   </trkpt>
   <trkpt lat="54.5349870" lon="36.1637070">
    <ele>151.0</ele>
   </trkpt>
   <trkpt lat="54.5349010" lon="36.1638550">
    <ele>151.0</ele>
   </trkpt>
   <trkpt lat="54.5345150" lon="36.1645550">
    <ele>151.6</ele>
   </trkpt>
   <trkpt lat="54.5343900" lon="36.1647780">
    <ele>151.8</ele>
   </trkpt>
   <trkpt lat="54.5339860" lon="36.1654610">
    <ele>151.8</ele>
   </trkpt>
   <trkpt lat="54.5339570" lon="36.1655090">
    <ele>151.8</ele>
   </trkpt>
   <trkpt lat="54.5336530" lon="36.1660210">
    <ele>152.2</ele>
   </trkpt>
   <trkpt lat="54.5336210" lon="36.1660730">
    <ele>152.4</ele>
   </trkpt>
   <trkpt lat="54.5333460" lon="36.1665430">
    <ele>153.4</ele>
   </trkpt>
   <trkpt lat="54.5332870" lon="36.1666430">
    <ele>153.4</ele>
   </trkpt>
   <trkpt lat="54.5330610" lon="36.1670690">
    <ele>154.6</ele>
   </trkpt>
   <trkpt lat="54.5330340" lon="36.1671220">
    <ele>154.6</ele>
   </trkpt>
   <trkpt lat="54.5327650" lon="36.1675770">
    <ele>155.2</ele>
   </trkpt>
   <trkpt lat="54.5324060" lon="36.1681760">
    <ele>155.4</ele>
   </trkpt>
   <trkpt lat="54.5322280" lon="36.1684840">
    <ele>155.6</ele>
   </trkpt>
   <trkpt lat="54.5320940" lon="36.1687190">
    <ele>155.8</ele>
   </trkpt>
   <trkpt lat="54.5319090" lon="36.1690160">
    <ele>156.4</ele>
   </trkpt>
   <trkpt lat="54.5319090" lon="36.1690160">
    <ele>156.6</ele>
   </trkpt>
   <trkpt lat="54.5319090" lon="36.1690160">
    <ele>156.8</ele>
   </trkpt>
   <trkpt lat="54.5318970" lon="36.1690520">
    <ele>157.0</ele>
   </trkpt>
   <trkpt lat="54.5318450" lon="36.1691420">
    <ele>157.0</ele>
   </trkpt>
   <trkpt lat="54.5316520" lon="36.1694660">
    <ele>157.2</ele>
   </trkpt>
   <trkpt lat="54.5315290" lon="36.1697070">
    <ele>157.0</ele>
   </trkpt>
   <trkpt lat="54.5314800" lon="36.1698050">
    <ele>157.4</ele>
   </trkpt>
   <trkpt lat="54.5313900" lon="36.1699430">
    <ele>158.0</ele>
   </trkpt>
   <trkpt lat="54.5313080" lon="36.1701010">
    <ele>158.2</ele>
   </trkpt>
   <trkpt lat="54.5311910" lon="36.1702940">
    <ele>158.4</ele>
   </trkpt>
   <trkpt lat="54.5310400" lon="36.1705380">
    <ele>159.2</ele>
   </trkpt>
   <trkpt lat="54.5308920" lon="36.1707830">
    <ele>160.0</ele>
   </trkpt>
   <trkpt lat="54.5308640" lon="36.1708310">
    <ele>160.2</ele>
   </trkpt>
   <trkpt lat="54.5306230" lon="36.1712650">
    <ele>161.0</ele>
   </trkpt>
   <trkpt lat="54.5306000" lon="36.1713090">
    <ele>161.4</ele>
   </trkpt>
   <trkpt lat="54.5304810" lon="36.1714990">
    <ele>162.4</ele>
   </trkpt>
   <trkpt lat="54.5303920" lon="36.1716520">
    <ele>163.2</ele>
   </trkpt>
   <trkpt lat="54.5303050" lon="36.1718170">
    <ele>163.6</ele>
   </trkpt>
   <trkpt lat="54.5301880" lon="36.1720040">
    <ele>164.2</ele>
   </trkpt>
   <trkpt lat="54.5300780" lon="36.1722120">
    <ele>164.8</ele>
   </trkpt>
   <trkpt lat="54.5299800" lon="36.1723630">
    <ele>165.0</ele>
   </trkpt>
   <trkpt lat="54.5298470" lon="36.1725940">
    <ele>165.8</ele>
   </trkpt>
   <trkpt lat="54.5297580" lon="36.1727710">
    <ele>166.2</ele>
   </trkpt>
   <trkpt lat="54.5295370" lon="36.1731360">
    <ele>166.8</ele>
   </trkpt>
   <trkpt lat="54.5295310" lon="36.1731460">
    <ele>167.0</ele>
   </trkpt>
   <trkpt lat="54.5295300" lon="36.1731350">
    <ele>167.2</ele>
   </trkpt>
   <trkpt lat="54.5295440" lon="36.1731120">
    <ele>168.2</ele>
   </trkpt>
   <trkpt lat="54.5295480" lon="36.1730950">
    <ele>168.2</ele>
   </trkpt>
   <trkpt lat="54.5295770" lon="36.1729980">
    <ele>168.2</ele>
   </trkpt>
   <trkpt lat="54.5295760" lon="36.1729900">
    <ele>168.2</ele>
   </trkpt>
   <trkpt lat="54.5295550" lon="36.1729770">
    <ele>168.0</ele>
   </trkpt>
   <trkpt lat="54.5294710" lon="36.1730390">
    <ele>167.8</ele>
   </trkpt>
   <trkpt lat="54.5293720" lon="36.1730980">
    <ele>167.8</ele>
   </trkpt>
   <trkpt lat="54.5293340" lon="36.1731520">
    <ele>168.0</ele>
   </trkpt>
   <trkpt lat="54.5293250" lon="36.1731510">
    <ele>168.2</ele>
   </trkpt>
   <trkpt lat="54.5293340" lon="36.1730990">
    <ele>168.4</ele>
   </trkpt>
   <trkpt lat="54.5294080" lon="36.1729890">
    <ele>169.2</ele>
   </trkpt>
   <trkpt lat="54.5294360" lon="36.1728460">
    <ele>169.4</ele>
   </trkpt>
   <trkpt lat="54.5294160" lon="36.1728100">
    <ele>169.6</ele>
   </trkpt>
   <trkpt lat="54.5294000" lon="36.1727880">
    <ele>169.6</ele>
   </trkpt>
   <trkpt lat="54.5293530" lon="36.1727010">
    <ele>169.6</ele>
   </trkpt>
   <trkpt lat="54.5292870" lon="36.1726070">
    <ele>174.0</ele>
   </trkpt>
   <trkpt lat="54.5292970" lon="36.1726290">
    <ele>174.0</ele>
   </trkpt>
   <trkpt lat="54.5293090" lon="36.1726840">
    <ele>174.0</ele>
   </trkpt>
   <trkpt lat="54.5293220" lon="36.1727390">
    <ele>174.0</ele>
   </trkpt>
   <trkpt lat="54.5293080" lon="36.1727590">
    <ele>174.0</ele>
   </trkpt>
   <trkpt lat="54.5292750" lon="36.1728720">
    <ele>174.0</ele>
   </trkpt>
   <trkpt lat="54.5292100" lon="36.1729090">
    <ele>174.0</ele>
   </trkpt>
   <trkpt lat="54.5292160" lon="36.1729470">
    <ele>174.0</ele>
   </trkpt>
   <trkpt lat="54.5291970" lon="36.1730350">
    <ele>174.0</ele>
   </trkpt>
   <trkpt lat="54.5292080" lon="36.1731020">
    <ele>174.0</ele>
   </trkpt>
   <trkpt lat="54.5292170" lon="36.1731240">
    <ele>174.0</ele>
   </trkpt>
   <trkpt lat="54.5292240" lon="36.1731520">
    <ele>174.0</ele>
   </trkpt>
   <trkpt lat="54.5292130" lon="36.1731520">
    <ele>174.0</ele>
   </trkpt>
   <trkpt lat="54.5292090" lon="36.1731510">
    <ele>174.0</ele>
   </trkpt>
   <trkpt lat="54.5292300" lon="36.1731980">
    <ele>173.2</ele>
   </trkpt>
   <trkpt lat="54.5292350" lon="36.1732480">
    <ele>173.2</ele>
   </trkpt>
   <trkpt lat="54.5292450" lon="36.1733070">
    <ele>173.2</ele>
   </trkpt>
   <trkpt lat="54.5292420" lon="36.1733710">
    <ele>173.2</ele>
   </trkpt>
   <trkpt lat="54.5291430" lon="36.1734340">
    <ele>173.2</ele>
   </trkpt>
   <trkpt lat="54.5290650" lon="36.1735100">
    <ele>173.2</ele>
   </trkpt>
   <trkpt lat="54.5289710" lon="36.1736920">
    <ele>173.6</ele>
   </trkpt>
   <trkpt lat="54.5289480" lon="36.1737500">
    <ele>173.8</ele>
   </trkpt>
   <trkpt lat="54.5289040" lon="36.1738280">
    <ele>174.0</ele>
   </trkpt>
   <trkpt lat="54.5288340" lon="36.1740250">
    <ele>174.2</ele>
   </trkpt>
   <trkpt lat="54.5288130" lon="36.1740470">
    <ele>174.2</ele>
   </trkpt>
   <trkpt lat="54.5287440" lon="36.1741080">
    <ele>174.4</ele>
   </trkpt>
   <trkpt lat="54.5286500" lon="36.1742810">
    <ele>174.6</ele>
   </trkpt>
   <trkpt lat="54.5286060" lon="36.1744660">
    <ele>175.0</ele>
   </trkpt>
   <trkpt lat="54.5285910" lon="36.1745440">
    <ele>175.0</ele>
   </trkpt>
   <trkpt lat="54.5285800" lon="36.1745750">
    <ele>175.2</ele>
   </trkpt>
   <trkpt lat="54.5284420" lon="36.1746650">
    <ele>176.0</ele>
   </trkpt>
   <trkpt lat="54.5284350" lon="36.1746740">
    <ele>176.2</ele>
   </trkpt>
   <trkpt lat="54.5283890" lon="36.1747400">
    <ele>176.2</ele>
   </trkpt>
   <trkpt lat="54.5283810" lon="36.1747580">
    <ele>176.2</ele>
   </trkpt>
   <trkpt lat="54.5283570" lon="36.1748450">
    <ele>176.4</ele>
   </trkpt>
   <trkpt lat="54.5282560" lon="36.1750210">
    <ele>176.6</ele>
   </trkpt>
   <trkpt lat="54.5281680" lon="36.1751240">
    <ele>176.8</ele>
   </trkpt>
   <trkpt lat="54.5281240" lon="36.1751800">
    <ele>177.0</ele>
   </trkpt>
   <trkpt lat="54.5280720" lon="36.1752200">
    <ele>177.2</ele>
   </trkpt>
   <trkpt lat="54.5280050" lon="36.1752580">
    <ele>177.2</ele>
   </trkpt>
   <trkpt lat="54.5279560" lon="36.1752910">
    <ele>177.2</ele>
   </trkpt>
   <trkpt lat="54.5279450" lon="36.1753120">
    <ele>177.4</ele>
   </trkpt>
   <trkpt lat="54.5279090" lon="36.1753580">
    <ele>177.4</ele>
   </trkpt>
   <trkpt lat="54.5278900" lon="36.1753840">
    <ele>177.4</ele>
   </trkpt>
   <trkpt lat="54.5278190" lon="36.1754960">
    <ele>177.8</ele>
   </trkpt>
   <trkpt lat="54.5278110" lon="36.1755290">
    <ele>178.0</ele>
   </trkpt>
   <trkpt lat="54.5278090" lon="36.1755450">
    <ele>178.2</ele>
   </trkpt>
   <trkpt lat="54.5277990" lon="36.1755650">
    <ele>178.2</ele>
   </trkpt>
   <trkpt lat="54.5277470" lon="36.1756230">
    <ele>178.4</ele>
   </trkpt>
   <trkpt lat="54.5276200" lon="36.1757560">
    <ele>178.6</ele>
   </trkpt>
   <trkpt lat="54.5275750" lon="36.1759000">
    <ele>178.8</ele>
   </trkpt>
   <trkpt lat="54.5275610" lon="36.1759420">
    <ele>179.0</ele>
   </trkpt>
   <trkpt lat="54.5275130" lon="36.1760580">
    <ele>179.0</ele>
   </trkpt>
   <trkpt lat="54.5274670" lon="36.1761460">
    <ele>179.2</ele>
   </trkpt>
   <trkpt lat="54.5274540" lon="36.1761740">
    <ele>179.2</ele>
   </trkpt>
   <trkpt lat="54.5274350" lon="36.1762000">
    <ele>179.2</ele>
   </trkpt>
   <trkpt lat="54.5273640" lon="36.1763120">
    <ele>179.4</ele>
   </trkpt>
   <trkpt lat="54.5272500" lon="36.1765450">
    <ele>179.6</ele>
   </trkpt>
   <trkpt lat="54.5272140" lon="36.1766900">
    <ele>180.0</ele>
   </trkpt>
   <trkpt lat="54.5271240" lon="36.1767600">
    <ele>180.2</ele>
   </trkpt>
   <trkpt lat="54.5271030" lon="36.1768310">
    <ele>180.2</ele>
   </trkpt>
   <trkpt lat="54.5270470" lon="36.1768930">
    <ele>180.2</ele>
   </trkpt>
   <trkpt lat="54.5269910" lon="36.1769730">
    <ele>180.4</ele>
   </trkpt>
   <trkpt lat="54.5269790" lon="36.1770480">
    <ele>180.6</ele>
   </trkpt>
   <trkpt lat="54.5269330" lon="36.1770450">
    <ele>180.6</ele>
   </trkpt>
   <trkpt lat="54.5269250" lon="36.1770410">
    <ele>180.8</ele>
   </trkpt>
   <trkpt lat="54.5269270" lon="36.1770530">
    <ele>180.8</ele>
   </trkpt>
   <trkpt lat="54.5269010" lon="36.1770520">
    <ele>180.8</ele>
   </trkpt>
   <trkpt lat="54.5268690" lon="36.1770540">
    <ele>180.8</ele>
   </trkpt>
   <trkpt lat="54.5268380" lon="36.1770970">
    <ele>180.8</ele>
   </trkpt>
   <trkpt lat="54.5267470" lon="36.1772160">
    <ele>180.8</ele>
   </trkpt>
   <trkpt lat="54.5266570" lon="36.1773630">
    <ele>181.0</ele>
   </trkpt>
   <trkpt lat="54.5266320" lon="36.1773920">
    <ele>181.2</ele>
   </trkpt>
   <trkpt lat="54.5265150" lon="36.1775500">
    <ele>181.4</ele>
   </trkpt>
   <trkpt lat="54.5263870" lon="36.1777730">
    <ele>181.4</ele>
   </trkpt>
   <trkpt lat="54.5262640" lon="36.1780270">
    <ele>181.6</ele>
   </trkpt>
   <trkpt lat="54.5261010" lon="36.1782720">
    <ele>181.8</ele>
   </trkpt>
   <trkpt lat="54.5259850" lon="36.1784260">
    <ele>182.0</ele>
   </trkpt>
   <trkpt lat="54.5259170" lon="36.1785290">
    <ele>182.0</ele>
   </trkpt>
   <trkpt lat="54.5258360" lon="36.1786720">
    <ele>182.2</ele>
   </trkpt>
   <trkpt lat="54.5257740" lon="36.1788560">
    <ele>182.2</ele>
   </trkpt>
   <trkpt lat="54.5256640" lon="36.1789890">
    <ele>182.6</ele>
   </trkpt>
   <trkpt lat="54.5255700" lon="36.1791750">
    <ele>182.8</ele>
   </trkpt>
   <trkpt lat="54.5255500" lon="36.1792130">
    <ele>182.8</ele>
   </trkpt>
   <trkpt lat="54.5254790" lon="36.1793820">
    <ele>183.0</ele>
   </trkpt>
   <trkpt lat="54.5254630" lon="36.1794150">
    <ele>183.0</ele>
   </trkpt>
   <trkpt lat="54.5254420" lon="36.1794640">
    <ele>183.2</ele>
   </trkpt>
   <trkpt lat="54.5254290" lon="36.1794880">
    <ele>183.2</ele>
   </trkpt>
   <trkpt lat="54.5254140" lon="36.1795120">
    <ele>183.2</ele>
   </trkpt>
   <trkpt lat="54.5253650" lon="36.1796650">
    <ele>183.4</ele>
   </trkpt>
   <trkpt lat="54.5253530" lon="36.1796960">
    <ele>183.4</ele>
   </trkpt>
   <trkpt lat="54.5252950" lon="36.1797930">
    <ele>183.4</ele>
   </trkpt>
   <trkpt lat="54.5252630" lon="36.1798680">
    <ele>183.4</ele>
   </trkpt>
   <trkpt lat="54.5252240" lon="36.1799620">
    <ele>183.4</ele>
   </trkpt>
   <trkpt lat="54.5252070" lon="36.1799910">
    <ele>183.4</ele>
   </trkpt>
   <trkpt lat="54.5251500" lon="36.1800730">
    <ele>183.4</ele>
   </trkpt>
   <trkpt lat="54.5249740" lon="36.1802790">
    <ele>183.4</ele>
   </trkpt>
   <trkpt lat="54.5249060" lon="36.1803980">
    <ele>183.6</ele>
   </trkpt>
   <trkpt lat="54.5249050" lon="36.1804240">
    <ele>183.6</ele>
   </trkpt>
   <trkpt lat="54.5248840" lon="36.1804820">
    <ele>183.6</ele>
   </trkpt>
   <trkpt lat="54.5248470" lon="36.1805350">
    <ele>183.6</ele>
   </trkpt>
   <trkpt lat="54.5248430" lon="36.1805570">
    <ele>183.6</ele>
   </trkpt>
   <trkpt lat="54.5248080" lon="36.1806390">
    <ele>183.6</ele>
   </trkpt>
   <trkpt lat="54.5247980" lon="36.1806840">
    <ele>183.6</ele>
   </trkpt>
   <trkpt lat="54.5246640" lon="36.1809830">
    <ele>183.8</ele>
   </trkpt>
   <trkpt lat="54.5246540" lon="36.1810850">
    <ele>183.8</ele>
   </trkpt>
   <trkpt lat="54.5246620" lon="36.1812680">
    <ele>183.8</ele>
   </trkpt>
   <trkpt lat="54.5246380" lon="36.1813660">
    <ele>183.8</ele>
   </trkpt>
   <trkpt lat="54.5246030" lon="36.1814180">
    <ele>183.8</ele>
   </trkpt>
   <trkpt lat="54.5245780" lon="36.1815450">
    <ele>184.0</ele>
   </trkpt>
   <trkpt lat="54.5246050" lon="36.1816230">
    <ele>184.0</ele>
   </trkpt>
   <trkpt lat="54.5247250" lon="36.1818120">
    <ele>184.4</ele>
   </trkpt>
   <trkpt lat="54.5247250" lon="36.1818590">
    <ele>184.4</ele>
   </trkpt>
   <trkpt lat="54.5247140" lon="36.1819020">
    <ele>184.4</ele>
   </trkpt>
   <trkpt lat="54.5246900" lon="36.1819590">
    <ele>184.2</ele>
   </trkpt>
   <trkpt lat="54.5246780" lon="36.1819790">
    <ele>184.2</ele>
   </trkpt>
   <trkpt lat="54.5246380" lon="36.1820800">
    <ele>184.2</ele>
   </trkpt>
   <trkpt lat="54.5246130" lon="36.1822060">
    <ele>184.2</ele>
   </trkpt>
   <trkpt lat="54.5246030" lon="36.1822520">
    <ele>184.2</ele>
   </trkpt>
   <trkpt lat="54.5245940" lon="36.1823870">
    <ele>184.2</ele>
   </trkpt>
   <trkpt lat="54.5245810" lon="36.1824610">
    <ele>184.0</ele>
   </trkpt>
   <trkpt lat="54.5245700" lon="36.1825410">
    <ele>184.2</ele>
   </trkpt>
   <trkpt lat="54.5245620" lon="36.1826410">
    <ele>184.2</ele>
   </trkpt>
   <trkpt lat="54.5245140" lon="36.1827800">
    <ele>184.2</ele>
   </trkpt>
   <trkpt lat="54.5244980" lon="36.1828290">
    <ele>184.2</ele>
   </trkpt>
   <trkpt lat="54.5244700" lon="36.1828990">
    <ele>184.2</ele>
   </trkpt>
   <trkpt lat="54.5244150" lon="36.1830130">
    <ele>184.2</ele>
   </trkpt>
   <trkpt lat="54.5243790" lon="36.1831010">
    <ele>184.2</ele>
   </trkpt>
   <trkpt lat="54.5242740" lon="36.1833190">
    <ele>184.4</ele>
   </trkpt>
   <trkpt lat="54.5241960" lon="36.1834940">
    <ele>184.6</ele>
   </trkpt>
   <trkpt lat="54.5241980" lon="36.1835340">
    <ele>184.6</ele>
   </trkpt>
   <trkpt lat="54.5242270" lon="36.1835660">
    <ele>184.6</ele>
   </trkpt>
   <trkpt lat="54.5242120" lon="36.1836140">
    <ele>184.6</ele>
   </trkpt>
   <trkpt lat="54.5242080" lon="36.1837740">
    <ele>184.8</ele>
   </trkpt>
   <trkpt lat="54.5241940" lon="36.1838100">
    <ele>184.8</ele>
   </trkpt>
   <trkpt lat="54.5241610" lon="36.1839090">
    <ele>184.8</ele>
   </trkpt>
   <trkpt lat="54.5241400" lon="36.1839840">
    <ele>184.8</ele>
   </trkpt>
   <trkpt lat="54.5240350" lon="36.1842480">
    <ele>184.8</ele>
   </trkpt>
   <trkpt lat="54.5240100" lon="36.1843570">
    <ele>184.8</ele>
   </trkpt>
   <trkpt lat="54.5240150" lon="36.1844250">
    <ele>184.6</ele>
   </trkpt>
   <trkpt lat="54.5240040" lon="36.1844500">
    <ele>184.6</ele>
   </trkpt>
   <trkpt lat="54.5239900" lon="36.1845350">
    <ele>184.8</ele>
   </trkpt>
   <trkpt lat="54.5239970" lon="36.1845580">
    <ele>184.8</ele>
   </trkpt>
   <trkpt lat="54.5238710" lon="36.1847580">
    <ele>184.8</ele>
   </trkpt>
   <trkpt lat="54.5238480" lon="36.1849000">
    <ele>184.8</ele>
   </trkpt>
   <trkpt lat="54.5238410" lon="36.1849770">
    <ele>184.8</ele>
   </trkpt>
   <trkpt lat="54.5237870" lon="36.1850430">
    <ele>185.0</ele>
   </trkpt>
   <trkpt lat="54.5237310" lon="36.1851100">
    <ele>185.0</ele>
   </trkpt>
   <trkpt lat="54.5237290" lon="36.1851370">
    <ele>185.0</ele>
   </trkpt>
   <trkpt lat="54.5237090" lon="36.1852030">
    <ele>184.8</ele>
   </trkpt>
   <trkpt lat="54.5236530" lon="36.1853870">
    <ele>184.8</ele>
   </trkpt>
   <trkpt lat="54.5235900" lon="36.1856470">
    <ele>184.8</ele>
   </trkpt>
   <trkpt lat="54.5235620" lon="36.1856880">
    <ele>184.8</ele>
   </trkpt>
   <trkpt lat="54.5235170" lon="36.1857630">
    <ele>184.8</ele>
   </trkpt>
   <trkpt lat="54.5234840" lon="36.1858770">
    <ele>184.8</ele>
   </trkpt>
   <trkpt lat="54.5234500" lon="36.1860200">
    <ele>184.8</ele>
   </trkpt>
   <trkpt lat="54.5234200" lon="36.1861060">
    <ele>184.8</ele>
   </trkpt>
   <trkpt lat="54.5234040" lon="36.1861280">
    <ele>184.8</ele>
   </trkpt>
   <trkpt lat="54.5233710" lon="36.1861990">
    <ele>184.8</ele>
   </trkpt>
   <trkpt lat="54.5233390" lon="36.1862950">
    <ele>185.0</ele>
   </trkpt>
   <trkpt lat="54.5232450" lon="36.1865710">
    <ele>185.0</ele>
   </trkpt>
   <trkpt lat="54.5231850" lon="36.1868450">
    <ele>185.0</ele>
   </trkpt>
   <trkpt lat="54.5231110" lon="36.1872520">
    <ele>185.0</ele>
   </trkpt>
   <trkpt lat="54.5229640" lon="36.1874740">
    <ele>185.0</ele>
   </trkpt>
   <trkpt lat="54.5228720" lon="36.1875500">
    <ele>185.0</ele>
   </trkpt>
   <trkpt lat="54.5227710" lon="36.1876240">
    <ele>185.0</ele>
   </trkpt>
   <trkpt lat="54.5226310" lon="36.1878410">
    <ele>185.0</ele>
   </trkpt>
   <trkpt lat="54.5225960" lon="36.1878700">
    <ele>184.8</ele>
   </trkpt>
   <trkpt lat="54.5224610" lon="36.1879450">
    <ele>184.8</ele>
   </trkpt>
   <trkpt lat="54.5223970" lon="36.1879580">
    <ele>184.8</ele>
   </trkpt>
   <trkpt lat="54.5223520" lon="36.1880480">
    <ele>184.4</ele>
   </trkpt>
   <trkpt lat="54.5223440" lon="36.1880840">
    <ele>184.4</ele>
   </trkpt>
   <trkpt lat="54.5223480" lon="36.1881910">
    <ele>184.2</ele>
   </trkpt>
   <trkpt lat="54.5223280" lon="36.1882930">
    <ele>183.8</ele>
   </trkpt>
   <trkpt lat="54.5222880" lon="36.1883670">
    <ele>183.4</ele>
   </trkpt>
   <trkpt lat="54.5223080" lon="36.1886860">
    <ele>183.0</ele>
   </trkpt>
   <trkpt lat="54.5223200" lon="36.1889050">
    <ele>182.8</ele>
   </trkpt>
   <trkpt lat="54.5223400" lon="36.1891690">
    <ele>182.6</ele>
   </trkpt>
   <trkpt lat="54.5223620" lon="36.1892450">
    <ele>182.4</ele>
   </trkpt>
   <trkpt lat="54.5223770" lon="36.1895760">
    <ele>182.0</ele>
   </trkpt>
   <trkpt lat="54.5223420" lon="36.1897120">
    <ele>181.6</ele>
   </trkpt>
   <trkpt lat="54.5223140" lon="36.1897910">
    <ele>181.4</ele>
   </trkpt>
   <trkpt lat="54.5222680" lon="36.1899210">
    <ele>180.6</ele>
   </trkpt>
   <trkpt lat="54.5222580" lon="36.1899900">
    <ele>180.2</ele>
   </trkpt>
   <trkpt lat="54.5222160" lon="36.1901830">
    <ele>179.4</ele>
   </trkpt>
   <trkpt lat="54.5221430" lon="36.1904970">
    <ele>178.4</ele>
   </trkpt>
   <trkpt lat="54.5221150" lon="36.1905800">
    <ele>178.4</ele>
   </trkpt>
   <trkpt lat="54.5219790" lon="36.1908820">
    <ele>177.2</ele>
   </trkpt>
   <trkpt lat="54.5219610" lon="36.1909450">
    <ele>177.2</ele>
   </trkpt>
   <trkpt lat="54.5219300" lon="36.1911790">
    <ele>176.4</ele>
   </trkpt>
   <trkpt lat="54.5219420" lon="36.1912970">
    <ele>176.2</ele>
   </trkpt>
   <trkpt lat="54.5219720" lon="36.1913670">
    <ele>176.2</ele>
   </trkpt>
   <trkpt lat="54.5219940" lon="36.1914770">
    <ele>176.2</ele>
   </trkpt>
   <trkpt lat="54.5219930" lon="36.1914860">
    <ele>176.2</ele>
   </trkpt>
   <trkpt lat="54.5219910" lon="36.1915040">
    <ele>176.2</ele>
   </trkpt>
   <trkpt lat="54.5219940" lon="36.1915430">
    <ele>176.8</ele>
   </trkpt>
   <trkpt lat="54.5220000" lon="36.1915640">
    <ele>176.8</ele>
   </trkpt>
   <trkpt lat="54.5220060" lon="36.1915810">
    <ele>176.8</ele>
   </trkpt>
   <trkpt lat="54.5220380" lon="36.1916670">
    <ele>176.8</ele>
   </trkpt>
   <trkpt lat="54.5220770" lon="36.1917500">
    <ele>177.0</ele>
   </trkpt>
   <trkpt lat="54.5221200" lon="36.1919050">
    <ele>177.0</ele>
   </trkpt>
   <trkpt lat="54.5221180" lon="36.1919500">
    <ele>177.2</ele>
   </trkpt>
   <trkpt lat="54.5220490" lon="36.1922710">
    <ele>177.4</ele>
   </trkpt>
   <trkpt lat="54.5219370" lon="36.1927210">
    <ele>177.4</ele>
   </trkpt>
   <trkpt lat="54.5217900" lon="36.1933240">
    <ele>177.2</ele>
   </trkpt>
   <trkpt lat="54.5215310" lon="36.1941470">
    <ele>177.0</ele>
   </trkpt>
   <trkpt lat="54.5212720" lon="36.1948590">
    <ele>177.2</ele>
   </trkpt>
   <trkpt lat="54.5209690" lon="36.1955180">
    <ele>177.2</ele>
   </trkpt>
   <trkpt lat="54.5208270" lon="36.1958560">
    <ele>177.2</ele>
   </trkpt>
   <trkpt lat="54.5207700" lon="36.1959830">
    <ele>177.4</ele>
   </trkpt>
   <trkpt lat="54.5207610" lon="36.1959850">
    <ele>177.4</ele>
   </trkpt>
   <trkpt lat="54.5207580" lon="36.1959820">
    <ele>177.4</ele>
   </trkpt>
   <trkpt lat="54.5207560" lon="36.1959840">
    <ele>177.4</ele>
   </trkpt>
   <trkpt lat="54.5207550" lon="36.1959890">
    <ele>177.4</ele>
   </trkpt>
   <trkpt lat="54.5207590" lon="36.1960000">
    <ele>177.6</ele>
   </trkpt>
   <trkpt lat="54.5207670" lon="36.1960310">
    <ele>177.6</ele>
   </trkpt>
   <trkpt lat="54.5208410" lon="36.1961890">
    <ele>177.6</ele>
   </trkpt>
   <trkpt lat="54.5208400" lon="36.1963560">
    <ele>177.6</ele>
   </trkpt>
   <trkpt lat="54.5207230" lon="36.1967150">
    <ele>177.4</ele>
   </trkpt>
   <trkpt lat="54.5205190" lon="36.1971440">
    <ele>177.2</ele>
   </trkpt>
   <trkpt lat="54.5204890" lon="36.1972040">
    <ele>177.2</ele>
   </trkpt>
   <trkpt lat="54.5203410" lon="36.1975030">
    <ele>177.0</ele>
   </trkpt>
   <trkpt lat="54.5200740" lon="36.1979840">
    <ele>176.2</ele>
   </trkpt>
   <trkpt lat="54.5199050" lon="36.1982780">
    <ele>175.4</ele>
   </trkpt>
   <trkpt lat="54.5198030" lon="36.1984520">
    <ele>175.0</ele>
   </trkpt>
   <trkpt lat="54.5194520" lon="36.1990360">
    <ele>174.4</ele>
   </trkpt>
   <trkpt lat="54.5193400" lon="36.1992280">
    <ele>174.4</ele>
   </trkpt>
   <trkpt lat="54.5192580" lon="36.1993800">
    <ele>174.2</ele>
   </trkpt>
   <trkpt lat="54.5190750" lon="36.1996950">
    <ele>173.2</ele>
   </trkpt>
   <trkpt lat="54.5190390" lon="36.1997590">
    <ele>173.2</ele>
   </trkpt>
   <trkpt lat="54.5188360" lon="36.2000830">
    <ele>172.6</ele>
   </trkpt>
   <trkpt lat="54.5187650" lon="36.2001920">
    <ele>172.0</ele>
   </trkpt>
   <trkpt lat="54.5186580" lon="36.2003430">
    <ele>171.4</ele>
   </trkpt>
   <trkpt lat="54.5185940" lon="36.2004660">
    <ele>171.0</ele>
   </trkpt>
   <trkpt lat="54.5185300" lon="36.2005890">
    <ele>170.6</ele>
   </trkpt>
   <trkpt lat="54.5184490" lon="36.2007580">
    <ele>170.0</ele>
   </trkpt>
   <trkpt lat="54.5184090" lon="36.2008320">
    <ele>169.8</ele>
   </trkpt>
   <trkpt lat="54.5183630" lon="36.2009090">
    <ele>169.8</ele>
   </trkpt>
   <trkpt lat="54.5182200" lon="36.2011420">
    <ele>168.8</ele>
   </trkpt>
   <trkpt lat="54.5180820" lon="36.2013750">
    <ele>167.6</ele>
   </trkpt>
   <trkpt lat="54.5180280" lon="36.2014510">
    <ele>167.4</ele>
   </trkpt>
   <trkpt lat="54.5178260" lon="36.2018160">
    <ele>165.8</ele>
   </trkpt>
   <trkpt lat="54.5177540" lon="36.2019690">
    <ele>165.6</ele>
   </trkpt>
   <trkpt lat="54.5176920" lon="36.2021180">
    <ele>164.8</ele>
   </trkpt>
   <trkpt lat="54.5175820" lon="36.2023180">
    <ele>163.6</ele>
   </trkpt>
   <trkpt lat="54.5175000" lon="36.2024530">
    <ele>162.8</ele>
   </trkpt>
   <trkpt lat="54.5175080" lon="36.2024900">
    <ele>162.4</ele>
   </trkpt>
   <trkpt lat="54.5175450" lon="36.2025380">
    <ele>162.4</ele>
   </trkpt>
   <trkpt lat="54.5175710" lon="36.2026420">
    <ele>162.4</ele>
   </trkpt>
   <trkpt lat="54.5175690" lon="36.2027060">
    <ele>162.4</ele>
   </trkpt>
   <trkpt lat="54.5174950" lon="36.2028630">
    <ele>162.4</ele>
   </trkpt>
   <trkpt lat="54.5174150" lon="36.2029840">
    <ele>161.4</ele>
   </trkpt>
   <trkpt lat="54.5174020" lon="36.2030240">
    <ele>161.2</ele>
   </trkpt>
   <trkpt lat="54.5172950" lon="36.2032870">
    <ele>160.4</ele>
   </trkpt>
   <trkpt lat="54.5171520" lon="36.2035250">
    <ele>159.8</ele>
   </trkpt>
   <trkpt lat="54.5171220" lon="36.2035740">
    <ele>159.8</ele>
   </trkpt>
   <trkpt lat="54.5169620" lon="36.2038220">
    <ele>159.0</ele>
   </trkpt>
   <trkpt lat="54.5169400" lon="36.2038560">
    <ele>158.8</ele>
   </trkpt>
   <trkpt lat="54.5168410" lon="36.2040290">
    <ele>158.4</ele>
   </trkpt>
   <trkpt lat="54.5167520" lon="36.2041920">
    <ele>158.0</ele>
   </trkpt>
   <trkpt lat="54.5166810" lon="36.2043510">
    <ele>157.6</ele>
   </trkpt>
   <trkpt lat="54.5165360" lon="36.2046430">
    <ele>157.2</ele>
   </trkpt>
   <trkpt lat="54.5164170" lon="36.2048210">
    <ele>156.6</ele>
   </trkpt>
   <trkpt lat="54.5163510" lon="36.2048950">
    <ele>156.4</ele>
   </trkpt>
   <trkpt lat="54.5162930" lon="36.2049860">
    <ele>156.4</ele>
   </trkpt>
   <trkpt lat="54.5162050" lon="36.2051360">
    <ele>156.2</ele>
   </trkpt>
   <trkpt lat="54.5161430" lon="36.2052390">
    <ele>156.2</ele>
   </trkpt>
   <trkpt lat="54.5160120" lon="36.2054550">
    <ele>156.2</ele>
   </trkpt>
   <trkpt lat="54.5159060" lon="36.2056400">
    <ele>155.8</ele>
   </trkpt>
   <trkpt lat="54.5157880" lon="36.2058650">
    <ele>155.4</ele>
   </trkpt>
   <trkpt lat="54.5157640" lon="36.2059080">
    <ele>155.2</ele>
   </trkpt>
   <trkpt lat="54.5156280" lon="36.2061500">
    <ele>155.2</ele>
   </trkpt>
   <trkpt lat="54.5154830" lon="36.2063960">
    <ele>155.2</ele>
   </trkpt>
   <trkpt lat="54.5152890" lon="36.2066840">
    <ele>155.2</ele>
   </trkpt>
   <trkpt lat="54.5151780" lon="36.2068630">
    <ele>155.2</ele>
   </trkpt>
   <trkpt lat="54.5150230" lon="36.2071170">
    <ele>155.4</ele>
   </trkpt>
   <trkpt lat="54.5148720" lon="36.2074160">
    <ele>155.2</ele>
   </trkpt>
   <trkpt lat="54.5146920" lon="36.2077670">
    <ele>155.2</ele>
   </trkpt>
   <trkpt lat="54.5145280" lon="36.2080130">
    <ele>155.2</ele>
   </trkpt>
   <trkpt lat="54.5143000" lon="36.2082240">
    <ele>155.2</ele>
   </trkpt>
   <trkpt lat="54.5141130" lon="36.2084100">
    <ele>155.6</ele>
   </trkpt>
   <trkpt lat="54.5140410" lon="36.2084570">
    <ele>156.2</ele>
   </trkpt>
   <trkpt lat="54.5140310" lon="36.2084710">
    <ele>156.6</ele>
   </trkpt>
   <trkpt lat="54.5140160" lon="36.2085010">
    <ele>157.4</ele>
   </trkpt>
   <trkpt lat="54.5139910" lon="36.2085470">
    <ele>158.4</ele>
   </trkpt>
   <trkpt lat="54.5139780" lon="36.2085810">
    <ele>158.8</ele>
   </trkpt>
   <trkpt lat="54.5139520" lon="36.2086810">
    <ele>159.4</ele>
   </trkpt>
   <trkpt lat="54.5139270" lon="36.2087890">
    <ele>159.6</ele>
   </trkpt>
   <trkpt lat="54.5138180" lon="36.2089460">
    <ele>159.8</ele>
   </trkpt>
   <trkpt lat="54.5138120" lon="36.2089970">
    <ele>159.8</ele>
   </trkpt>
   <trkpt lat="54.5137940" lon="36.2090280">
    <ele>159.8</ele>
   </trkpt>
   <trkpt lat="54.5138020" lon="36.2090910">
    <ele>159.8</ele>
   </trkpt>
   <trkpt lat="54.5136840" lon="36.2093800">
    <ele>159.6</ele>
   </trkpt>
   <trkpt lat="54.5137150" lon="36.2094170">
    <ele>159.6</ele>
   </trkpt>
   <trkpt lat="54.5137010" lon="36.2094640">
    <ele>159.6</ele>
   </trkpt>
   <trkpt lat="54.5136880" lon="36.2095090">
    <ele>159.6</ele>
   </trkpt>
   <trkpt lat="54.5136770" lon="36.2095700">
    <ele>159.4</ele>
   </trkpt>
   <trkpt lat="54.5136460" lon="36.2097660">
    <ele>159.4</ele>
   </trkpt>
   <trkpt lat="54.5135350" lon="36.2097780">
    <ele>159.4</ele>
   </trkpt>
   <trkpt lat="54.5133200" lon="36.2100630">
    <ele>159.2</ele>
   </trkpt>
   <trkpt lat="54.5132160" lon="36.2104070">
    <ele>159.2</ele>
   </trkpt>
   <trkpt lat="54.5131490" lon="36.2107310">
    <ele>159.0</ele>
   </trkpt>
   <trkpt lat="54.5130040" lon="36.2109010">
    <ele>159.0</ele>
   </trkpt>
   <trkpt lat="54.5128980" lon="36.2111490">
    <ele>159.0</ele>
   </trkpt>
   <trkpt lat="54.5128930" lon="36.2113000">
    <ele>159.2</ele>
   </trkpt>
   <trkpt lat="54.5127810" lon="36.2114350">
    <ele>159.2</ele>
   </trkpt>
   <trkpt lat="54.5126340" lon="36.2115400">
    <ele>159.2</ele>
   </trkpt>
   <trkpt lat="54.5124250" lon="36.2117050">
    <ele>159.4</ele>
   </trkpt>
   <trkpt lat="54.5123310" lon="36.2117830">
    <ele>159.4</ele>
   </trkpt>
   <trkpt lat="54.5123540" lon="36.2119220">
    <ele>159.4</ele>
   </trkpt>
   <trkpt lat="54.5124300" lon="36.2120110">
    <ele>159.4</ele>
   </trkpt>
   <trkpt lat="54.5126860" lon="36.2123710">
    <ele>159.4</ele>
   </trkpt>
   <trkpt lat="54.5127020" lon="36.2124720">
    <ele>159.4</ele>
   </trkpt>
   <trkpt lat="54.5126850" lon="36.2127490">
    <ele>159.4</ele>
   </trkpt>
   <trkpt lat="54.5126660" lon="36.2129350">
    <ele>159.4</ele>
   </trkpt>
   <trkpt lat="54.5126560" lon="36.2133680">
    <ele>159.4</ele>
   </trkpt>
   <trkpt lat="54.5126540" lon="36.2136230">
    <ele>159.4</ele>
   </trkpt>
   <trkpt lat="54.5125720" lon="36.2138700">
    <ele>159.8</ele>
   </trkpt>
   <trkpt lat="54.5125700" lon="36.2141970">
    <ele>160.0</ele>
   </trkpt>
   <trkpt lat="54.5126490" lon="36.2145570">
    <ele>160.4</ele>
   </trkpt>
   <trkpt lat="54.5126340" lon="36.2147210">
    <ele>160.6</ele>
   </trkpt>
   <trkpt lat="54.5126200" lon="36.2148840">
    <ele>160.8</ele>
   </trkpt>
   <trkpt lat="54.5125610" lon="36.2150310">
    <ele>160.8</ele>
   </trkpt>
   <trkpt lat="54.5124260" lon="36.2151520">
    <ele>161.0</ele>
   </trkpt>
   <trkpt lat="54.5122740" lon="36.2153680">
    <ele>161.6</ele>
   </trkpt>
   <trkpt lat="54.5122230" lon="36.2155220">
    <ele>161.8</ele>
   </trkpt>
   <trkpt lat="54.5121750" lon="36.2155640">
    <ele>161.8</ele>
   </trkpt>
   <trkpt lat="54.5122680" lon="36.2157490">
    <ele>162.0</ele>
   </trkpt>
   <trkpt lat="54.5122210" lon="36.2157050">
    <ele>162.4</ele>
   </trkpt>
   <trkpt lat="54.5122490" lon="36.2157570">
    <ele>162.4</ele>
   </trkpt>
   <trkpt lat="54.5123190" lon="36.2159330">
    <ele>162.4</ele>
   </trkpt>
   <trkpt lat="54.5124440" lon="36.2161900">
    <ele>162.6</ele>
   </trkpt>
   <trkpt lat="54.5124960" lon="36.2165430">
    <ele>162.4</ele>
   </trkpt>
   <trkpt lat="54.5126850" lon="36.2168260">
    <ele>162.2</ele>
   </trkpt>
   <trkpt lat="54.5127850" lon="36.2170070">
    <ele>162.0</ele>
   </trkpt>
   <trkpt lat="54.5128250" lon="36.2171660">
    <ele>162.0</ele>
   </trkpt>
   <trkpt lat="54.5128400" lon="36.2174800">
    <ele>161.8</ele>
   </trkpt>
   <trkpt lat="54.5128460" lon="36.2178450">
    <ele>161.6</ele>
   </trkpt>
   <trkpt lat="54.5128520" lon="36.2179160">
    <ele>161.6</ele>
   </trkpt>
   <trkpt lat="54.5130130" lon="36.2183980">
    <ele>161.0</ele>
   </trkpt>
   <trkpt lat="54.5134030" lon="36.2189410">
    <ele>160.8</ele>
   </trkpt>
   <trkpt lat="54.5137670" lon="36.2194930">
    <ele>160.8</ele>
   </trkpt>
   <trkpt lat="54.5138470" lon="36.2195710">
    <ele>160.6</ele>
   </trkpt>
   <trkpt lat="54.5143630" lon="36.2200110">
    <ele>160.4</ele>
   </trkpt>
   <trkpt lat="54.5146420" lon="36.2202170">
    <ele>160.2</ele>
   </trkpt>
   <trkpt lat="54.5151150" lon="36.2205560">
    <ele>160.0</ele>
   </trkpt>
   <trkpt lat="54.5161000" lon="36.2212450">
    <ele>159.8</ele>
   </trkpt>
   <trkpt lat="54.5163580" lon="36.2214020">
    <ele>159.8</ele>
   </trkpt>
   <trkpt lat="54.5168470" lon="36.2217100">
    <ele>159.6</ele>
   </trkpt>
   <trkpt lat="54.5207550" lon="36.2241420">
    <ele>159.6</ele>
   </trkpt>
   <trkpt lat="54.5214350" lon="36.2245120">
    <ele>159.6</ele>
   </trkpt>
   <trkpt lat="54.5229770" lon="36.2253380">
    <ele>159.8</ele>
   </trkpt>
   <trkpt lat="54.5242150" lon="36.2259540">
    <ele>159.8</ele>
   </trkpt>
   <trkpt lat="54.5270350" lon="36.2272610">
    <ele>159.8</ele>
   </trkpt>
   <trkpt lat="54.5287670" lon="36.2279890">
    <ele>159.8</ele>
   </trkpt>
   <trkpt lat="54.5307840" lon="36.2288390">
    <ele>159.8</ele>
   </trkpt>
   <trkpt lat="54.5329440" lon="36.2297740">
    <ele>159.6</ele>
   </trkpt>
   <trkpt lat="54.5277140" lon="36.2279410">
    <ele>159.2</ele>
   </trkpt>
   <trkpt lat="54.5163770" lon="36.2239690">
    <ele>158.6</ele>
   </trkpt>
   <trkpt lat="54.5138550" lon="36.2230850">
    <ele>158.4</ele>
   </trkpt>
   <trkpt lat="54.5133500" lon="36.2229870">
    <ele>158.2</ele>
   </trkpt>
   <trkpt lat="54.5132450" lon="36.2230940">
    <ele>158.0</ele>
   </trkpt>
   <trkpt lat="54.5132900" lon="36.2231700">
    <ele>157.8</ele>
   </trkpt>
   <trkpt lat="54.5132770" lon="36.2230090">
    <ele>157.8</ele>
   </trkpt>
   <trkpt lat="54.5132920" lon="36.2228470">
    <ele>157.8</ele>
   </trkpt>
   <trkpt lat="54.5133680" lon="36.2227850">
    <ele>157.8</ele>
   </trkpt>
   <trkpt lat="54.5135900" lon="36.2227320">
    <ele>157.8</ele>
   </trkpt>
   <trkpt lat="54.5137440" lon="36.2229210">
    <ele>157.8</ele>
   </trkpt>
   <trkpt lat="54.5138950" lon="36.2230890">
    <ele>157.8</ele>
   </trkpt>
   <trkpt lat="54.5139800" lon="36.2232040">
    <ele>157.8</ele>
   </trkpt>
   <trkpt lat="54.5139970" lon="36.2232180">
    <ele>157.8</ele>
   </trkpt>
  </trkseg>
 </trk>
</gpx>
