<?xml version="1.0" encoding="UTF-8"?>
<gpx version="1.1" creator="bike-reports.velotrips" xmlns="http://www.opengis.net/gpx/1.1">
  <trk>
    <name>День 1, сегмент 1 (Калуга → пауза)</name>
    <trkseg>
      <trkpt lat="54.519389" lon="36.19953"><ele>159.1</ele></trkpt>
      <trkpt lat="54.51959" lon="36.19913"><ele>159.8</ele></trkpt>
      <trkpt lat="54.519824" lon="36.198634"><ele>160.6</ele></trkpt>
      <trkpt lat="54.520017" lon="36.198226"><ele>161.4</ele></trkpt>
      <trkpt lat="54.520125" lon="36.198003"><ele>161.9</ele></trkpt>
      <trkpt lat="54.520182" lon="36.197889"><ele>162.2</ele></trkpt>
      <trkpt lat="54.520352" lon="36.197533"><ele>162.8</ele></trkpt>
      <trkpt lat="54.52057" lon="36.197125"><ele>160.2</ele></trkpt>
      <trkpt lat="54.520595" lon="36.197065"><ele>159.9</ele></trkpt>
      <trkpt lat="54.520789" lon="36.19667"><ele>158.3</ele></trkpt>
      <trkpt lat="54.520894" lon="36.196422"><ele>157.7</ele></trkpt>
      <trkpt lat="54.52096" lon="36.196227"><ele>157.4</ele></trkpt>
      <trkpt lat="54.521077" lon="36.195915"><ele>160.2</ele></trkpt>
      <trkpt lat="54.521229" lon="36.195505"><ele>159.5</ele></trkpt>
      <trkpt lat="54.521421" lon="36.195025"><ele>158.4</ele></trkpt>
      <trkpt lat="54.521656" lon="36.194391"><ele>158.3</ele></trkpt>
      <trkpt lat="54.521839" lon="36.193889"><ele>158.0</ele></trkpt>
      <trkpt lat="54.522028" lon="36.193316"><ele>157.8</ele></trkpt>
      <trkpt lat="54.522203" lon="36.192778"><ele>157.7</ele></trkpt>
      <trkpt lat="54.522325" lon="36.19242"><ele>157.7</ele></trkpt>
      <trkpt lat="54.522588" lon="36.191588"><ele>158.3</ele></trkpt>
      <trkpt lat="54.522669" lon="36.191321"><ele>158.6</ele></trkpt>
      <trkpt lat="54.522824" lon="36.190792"><ele>159.6</ele></trkpt>
      <trkpt lat="54.522847" lon="36.19071"><ele>159.8</ele></trkpt>
      <trkpt lat="54.522902" lon="36.190537"><ele>160.2</ele></trkpt>
      <trkpt lat="54.522946" lon="36.19036"><ele>160.6</ele></trkpt>
      <trkpt lat="54.522966" lon="36.190286"><ele>160.8</ele></trkpt>
      <trkpt lat="54.52305" lon="36.189927"><ele>161.6</ele></trkpt>
      <trkpt lat="54.523169" lon="36.189505"><ele>162.7</ele></trkpt>
      <trkpt lat="54.523192" lon="36.189381"><ele>163.0</ele></trkpt>
      <trkpt lat="54.523264" lon="36.189066"><ele>163.8</ele></trkpt>
      <trkpt lat="54.523287" lon="36.188995"><ele>164.0</ele></trkpt>
      <trkpt lat="54.523307" lon="36.188874"><ele>164.2</ele></trkpt>
      <trkpt lat="54.523324" lon="36.188815"><ele>164.4</ele></trkpt>
      <trkpt lat="54.523393" lon="36.188648"><ele>164.8</ele></trkpt>
      <trkpt lat="54.523407" lon="36.188581"><ele>164.9</ele></trkpt>
      <trkpt lat="54.523417" lon="36.188516"><ele>165.0</ele></trkpt>
      <trkpt lat="54.523425" lon="36.18839"><ele>165.3</ele></trkpt>
      <trkpt lat="54.52344" lon="36.188288"><ele>165.4</ele></trkpt>
      <trkpt lat="54.523462" lon="36.188226"><ele>165.5</ele></trkpt>
      <trkpt lat="54.52356" lon="36.188009"><ele>165.8</ele></trkpt>
      <trkpt lat="54.523588" lon="36.187901"><ele>165.9</ele></trkpt>
      <trkpt lat="54.523701" lon="36.187476"><ele>166.2</ele></trkpt>
      <trkpt lat="54.523806" lon="36.1871"><ele>166.3</ele></trkpt>
      <trkpt lat="54.523872" lon="36.186857"><ele>166.2</ele></trkpt>
      <trkpt lat="54.524012" lon="36.186287"><ele>166.1</ele></trkpt>
      <trkpt lat="54.52416" lon="36.185762"><ele>166.0</ele></trkpt>
      <trkpt lat="54.524372" lon="36.184853"><ele>166.0</ele></trkpt>
      <trkpt lat="54.524573" lon="36.184021"><ele>165.9</ele></trkpt>
      <trkpt lat="54.524767" lon="36.183237"><ele>165.7</ele></trkpt>
      <trkpt lat="54.525009" lon="36.182309"><ele>165.2</ele></trkpt>
      <trkpt lat="54.525235" lon="36.181513"><ele>164.7</ele></trkpt>
      <trkpt lat="54.525303" lon="36.181299"><ele>164.5</ele></trkpt>
      <trkpt lat="54.525509" lon="36.180752"><ele>164.1</ele></trkpt>
      <trkpt lat="54.525586" lon="36.18056"><ele>164.0</ele></trkpt>
      <trkpt lat="54.525807" lon="36.180057"><ele>163.8</ele></trkpt>
      <trkpt lat="54.526195" lon="36.179389"><ele>163.4</ele></trkpt>
      <trkpt lat="54.526602" lon="36.178721"><ele>162.6</ele></trkpt>
      <trkpt lat="54.526762" lon="36.178453"><ele>162.3</ele></trkpt>
      <trkpt lat="54.526811" lon="36.178364"><ele>162.2</ele></trkpt>
      <trkpt lat="54.527053" lon="36.177946"><ele>161.6</ele></trkpt>
      <trkpt lat="54.527196" lon="36.177699"><ele>161.4</ele></trkpt>
      <trkpt lat="54.527243" lon="36.177613"><ele>161.3</ele></trkpt>
      <trkpt lat="54.527613" lon="36.177001"><ele>160.3</ele></trkpt>
      <trkpt lat="54.528032" lon="36.176257"><ele>159.0</ele></trkpt>
      <trkpt lat="54.528139" lon="36.176075"><ele>158.6</ele></trkpt>
      <trkpt lat="54.528394" lon="36.17561"><ele>157.6</ele></trkpt>
      <trkpt lat="54.528504" lon="36.175434"><ele>157.1</ele></trkpt>
      <trkpt lat="54.528802" lon="36.174926"><ele>155.7</ele></trkpt>
      <trkpt lat="54.52885" lon="36.17484"><ele>155.5</ele></trkpt>
      <trkpt lat="54.529049" lon="36.174502"><ele>154.6</ele></trkpt>
      <trkpt lat="54.529149" lon="36.174321"><ele>154.2</ele></trkpt>
      <trkpt lat="54.529307" lon="36.174055"><ele>153.5</ele></trkpt>
      <trkpt lat="54.529623" lon="36.1735"><ele>152.5</ele></trkpt>
      <trkpt lat="54.529686" lon="36.173387"><ele>152.3</ele></trkpt>
      <trkpt lat="54.529934" lon="36.172924"><ele>151.3</ele></trkpt>
      <trkpt lat="54.530165" lon="36.172536"><ele>150.2</ele></trkpt>
      <trkpt lat="54.530279" lon="36.172328"><ele>149.6</ele></trkpt>
      <trkpt lat="54.530648" lon="36.171655"><ele>147.5</ele></trkpt>
      <trkpt lat="54.530715" lon="36.171537"><ele>147.2</ele></trkpt>
      <trkpt lat="54.530842" lon="36.171301"><ele>146.4</ele></trkpt>
      <trkpt lat="54.531022" lon="36.170949"><ele>145.3</ele></trkpt>
      <trkpt lat="54.531141" lon="36.170718"><ele>144.6</ele></trkpt>
      <trkpt lat="54.53126" lon="36.1705"><ele>144.0</ele></trkpt>
      <trkpt lat="54.531453" lon="36.170167"><ele>143.3</ele></trkpt>
      <trkpt lat="54.531645" lon="36.169859"><ele>142.7</ele></trkpt>
      <trkpt lat="54.531842" lon="36.169542"><ele>142.2</ele></trkpt>
      <trkpt lat="54.532092" lon="36.169116"><ele>141.0</ele></trkpt>
      <trkpt lat="54.532208" lon="36.168913"><ele>140.3</ele></trkpt>
      <trkpt lat="54.532576" lon="36.168275"><ele>139.1</ele></trkpt>
      <trkpt lat="54.532642" lon="36.168158"><ele>139.0</ele></trkpt>
      <trkpt lat="54.532915" lon="36.167657"><ele>138.4</ele></trkpt>
      <trkpt lat="54.53311" lon="36.167288"><ele>138.1</ele></trkpt>
      <trkpt lat="54.533289" lon="36.166946"><ele>137.8</ele></trkpt>
      <trkpt lat="54.533546" lon="36.166503"><ele>137.2</ele></trkpt>
      <trkpt lat="54.533945" lon="36.165826"><ele>136.3</ele></trkpt>
      <trkpt lat="54.534013" lon="36.16571"><ele>136.2</ele></trkpt>
      <trkpt lat="54.534151" lon="36.165477"><ele>135.9</ele></trkpt>
      <trkpt lat="54.534345" lon="36.165146"><ele>135.8</ele></trkpt>
      <trkpt lat="54.534761" lon="36.164422"><ele>135.6</ele></trkpt>
      <trkpt lat="54.535166" lon="36.163711"><ele>135.0</ele></trkpt>
      <trkpt lat="54.535217" lon="36.163617"><ele>135.0</ele></trkpt>
      <trkpt lat="54.535314" lon="36.163423"><ele>134.8</ele></trkpt>
      <trkpt lat="54.535513" lon="36.163071"><ele>134.6</ele></trkpt>
      <trkpt lat="54.535895" lon="36.162418"><ele>134.4</ele></trkpt>
      <trkpt lat="54.536316" lon="36.161685"><ele>134.3</ele></trkpt>
      <trkpt lat="54.536361" lon="36.161607"><ele>134.4</ele></trkpt>
      <trkpt lat="54.536729" lon="36.16094"><ele>135.1</ele></trkpt>
      <trkpt lat="54.537121" lon="36.160258"><ele>135.7</ele></trkpt>
      <trkpt lat="54.53722" lon="36.16008"><ele>135.8</ele></trkpt>
      <trkpt lat="54.537449" lon="36.159673"><ele>136.2</ele></trkpt>
      <trkpt lat="54.537543" lon="36.15949"><ele>136.3</ele></trkpt>
      <trkpt lat="54.53761" lon="36.159333"><ele>136.5</ele></trkpt>
      <trkpt lat="54.537878" lon="36.158806"><ele>136.9</ele></trkpt>
      <trkpt lat="54.538305" lon="36.158054"><ele>137.4</ele></trkpt>
      <trkpt lat="54.538709" lon="36.157368"><ele>137.5</ele></trkpt>
      <trkpt lat="54.538863" lon="36.157111"><ele>137.3</ele></trkpt>
      <trkpt lat="54.539012" lon="36.156859"><ele>137.1</ele></trkpt>
      <trkpt lat="54.539309" lon="36.156404"><ele>137.0</ele></trkpt>
      <trkpt lat="54.539743" lon="36.155683"><ele>137.1</ele></trkpt>
      <trkpt lat="54.540055" lon="36.155103"><ele>137.5</ele></trkpt>
      <trkpt lat="54.540507" lon="36.154469"><ele>138.5</ele></trkpt>
      <trkpt lat="54.540851" lon="36.15406"><ele>139.2</ele></trkpt>
      <trkpt lat="54.541188" lon="36.153708"><ele>139.9</ele></trkpt>
      <trkpt lat="54.541288" lon="36.153608"><ele>140.1</ele></trkpt>
      <trkpt lat="54.541674" lon="36.153303"><ele>140.6</ele></trkpt>
      <trkpt lat="54.541782" lon="36.153221"><ele>140.7</ele></trkpt>
      <trkpt lat="54.542048" lon="36.153037"><ele>140.9</ele></trkpt>
      <trkpt lat="54.542152" lon="36.153001"><ele>140.9</ele></trkpt>
      <trkpt lat="54.542397" lon="36.152826"><ele>140.8</ele></trkpt>
      <trkpt lat="54.542449" lon="36.152784"><ele>140.7</ele></trkpt>
      <trkpt lat="54.542955" lon="36.152387"><ele>140.3</ele></trkpt>
      <trkpt lat="54.543371" lon="36.152036"><ele>139.9</ele></trkpt>
      <trkpt lat="54.54349" lon="36.151921"><ele>139.8</ele></trkpt>
      <trkpt lat="54.543967" lon="36.151395"><ele>139.8</ele></trkpt>
      <trkpt lat="54.544025" lon="36.151329"><ele>139.8</ele></trkpt>
      <trkpt lat="54.544499" lon="36.150776"><ele>141.0</ele></trkpt>
      <trkpt lat="54.54478" lon="36.15042"><ele>142.5</ele></trkpt>
      <trkpt lat="54.544892" lon="36.150277"><ele>143.2</ele></trkpt>
      <trkpt lat="54.545038" lon="36.150076"><ele>144.1</ele></trkpt>
      <trkpt lat="54.545074" lon="36.150027"><ele>144.3</ele></trkpt>
      <trkpt lat="54.545308" lon="36.149686"><ele>145.6</ele></trkpt>
      <trkpt lat="54.545336" lon="36.149638"><ele>145.8</ele></trkpt>
      <trkpt lat="54.545427" lon="36.149499"><ele>146.2</ele></trkpt>
      <trkpt lat="54.545453" lon="36.149451"><ele>146.4</ele></trkpt>
      <trkpt lat="54.545575" lon="36.149262"><ele>147.0</ele></trkpt>
      <trkpt lat="54.545724" lon="36.149036"><ele>147.7</ele></trkpt>
      <trkpt lat="54.545752" lon="36.148984"><ele>147.8</ele></trkpt>
      <trkpt lat="54.545985" lon="36.148571"><ele>148.8</ele></trkpt>
      <trkpt lat="54.546021" lon="36.148503"><ele>148.9</ele></trkpt>
      <trkpt lat="54.546286" lon="36.148039"><ele>149.7</ele></trkpt>
      <trkpt lat="54.546393" lon="36.14785"><ele>150.0</ele></trkpt>
      <trkpt lat="54.546623" lon="36.147457"><ele>150.4</ele></trkpt>
      <trkpt lat="54.54691" lon="36.146989"><ele>150.7</ele></trkpt>
      <trkpt lat="54.5472" lon="36.146455"><ele>151.0</ele></trkpt>
      <trkpt lat="54.547509" lon="36.145882"><ele>151.3</ele></trkpt>
      <trkpt lat="54.547731" lon="36.145497"><ele>151.6</ele></trkpt>
      <trkpt lat="54.547797" lon="36.145384"><ele>151.7</ele></trkpt>
      <trkpt lat="54.547914" lon="36.145169"><ele>151.9</ele></trkpt>
      <trkpt lat="54.548042" lon="36.144949"><ele>152.2</ele></trkpt>
      <trkpt lat="54.548144" lon="36.144809"><ele>152.4</ele></trkpt>
      <trkpt lat="54.548346" lon="36.144463"><ele>152.6</ele></trkpt>
      <trkpt lat="54.548593" lon="36.144029"><ele>152.9</ele></trkpt>
      <trkpt lat="54.548626" lon="36.143968"><ele>153.0</ele></trkpt>
      <trkpt lat="54.54893" lon="36.143408"><ele>152.9</ele></trkpt>
      <trkpt lat="54.549183" lon="36.14297"><ele>152.4</ele></trkpt>
      <trkpt lat="54.549519" lon="36.14237"><ele>151.6</ele></trkpt>
      <trkpt lat="54.549823" lon="36.141803"><ele>151.4</ele></trkpt>
      <trkpt lat="54.549985" lon="36.141511"><ele>151.6</ele></trkpt>
      <trkpt lat="54.550357" lon="36.140879"><ele>152.8</ele></trkpt>
      <trkpt lat="54.550611" lon="36.140394"><ele>153.7</ele></trkpt>
      <trkpt lat="54.550807" lon="36.140029"><ele>154.4</ele></trkpt>
      <trkpt lat="54.55093" lon="36.139814"><ele>154.8</ele></trkpt>
      <trkpt lat="54.551177" lon="36.139355"><ele>155.5</ele></trkpt>
      <trkpt lat="54.551298" lon="36.139133"><ele>155.7</ele></trkpt>
      <trkpt lat="54.551624" lon="36.138521"><ele>155.8</ele></trkpt>
      <trkpt lat="54.551658" lon="36.138455"><ele>155.8</ele></trkpt>
      <trkpt lat="54.552039" lon="36.137753"><ele>155.7</ele></trkpt>
      <trkpt lat="54.552119" lon="36.137609"><ele>155.7</ele></trkpt>
      <trkpt lat="54.552364" lon="36.137171"><ele>155.8</ele></trkpt>
      <trkpt lat="54.552445" lon="36.137031"><ele>155.9</ele></trkpt>
      <trkpt lat="54.552739" lon="36.136474"><ele>155.7</ele></trkpt>
      <trkpt lat="54.55299" lon="36.136034"><ele>155.5</ele></trkpt>
      <trkpt lat="54.553315" lon="36.135415"><ele>155.1</ele></trkpt>
      <trkpt lat="54.55369" lon="36.134752"><ele>154.8</ele></trkpt>
      <trkpt lat="54.553737" lon="36.134668"><ele>154.8</ele></trkpt>
      <trkpt lat="54.55415" lon="36.133898"><ele>154.8</ele></trkpt>
      <trkpt lat="54.554192" lon="36.133826"><ele>154.7</ele></trkpt>
      <trkpt lat="54.554523" lon="36.133213"><ele>154.7</ele></trkpt>
      <trkpt lat="54.55473" lon="36.132824"><ele>154.7</ele></trkpt>
      <trkpt lat="54.554818" lon="36.132702"><ele>154.8</ele></trkpt>
      <trkpt lat="54.555083" lon="36.132266"><ele>155.1</ele></trkpt>
      <trkpt lat="54.555159" lon="36.132109"><ele>155.1</ele></trkpt>
      <trkpt lat="54.555267" lon="36.131883"><ele>155.3</ele></trkpt>
      <trkpt lat="54.555365" lon="36.131736"><ele>155.4</ele></trkpt>
      <trkpt lat="54.555444" lon="36.131574"><ele>155.4</ele></trkpt>
      <trkpt lat="54.555478" lon="36.131484"><ele>155.5</ele></trkpt>
      <trkpt lat="54.555514" lon="36.131402"><ele>155.5</ele></trkpt>
      <trkpt lat="54.555591" lon="36.131126"><ele>155.5</ele></trkpt>
      <trkpt lat="54.555625" lon="36.131043"><ele>155.5</ele></trkpt>
      <trkpt lat="54.555744" lon="36.130793"><ele>155.4</ele></trkpt>
      <trkpt lat="54.555946" lon="36.130434"><ele>155.3</ele></trkpt>
      <trkpt lat="54.556001" lon="36.130346"><ele>155.2</ele></trkpt>
      <trkpt lat="54.556109" lon="36.130165"><ele>155.1</ele></trkpt>
      <trkpt lat="54.556332" lon="36.129675"><ele>154.6</ele></trkpt>
      <trkpt lat="54.556603" lon="36.12913"><ele>154.1</ele></trkpt>
      <trkpt lat="54.556778" lon="36.128807"><ele>153.8</ele></trkpt>
      <trkpt lat="54.556908" lon="36.128565"><ele>153.6</ele></trkpt>
      <trkpt lat="54.557089" lon="36.128049"><ele>153.5</ele></trkpt>
      <trkpt lat="54.557233" lon="36.127497"><ele>153.5</ele></trkpt>
      <trkpt lat="54.557275" lon="36.127356"><ele>153.5</ele></trkpt>
      <trkpt lat="54.557289" lon="36.127281"><ele>153.6</ele></trkpt>
      <trkpt lat="54.557335" lon="36.127083"><ele>153.7</ele></trkpt>
      <trkpt lat="54.55737" lon="36.127021"><ele>153.7</ele></trkpt>
      <trkpt lat="54.557446" lon="36.126879"><ele>153.8</ele></trkpt>
      <trkpt lat="54.557486" lon="36.126807"><ele>153.8</ele></trkpt>
      <trkpt lat="54.557623" lon="36.126619"><ele>153.9</ele></trkpt>
      <trkpt lat="54.557713" lon="36.126484"><ele>154.0</ele></trkpt>
      <trkpt lat="54.557811" lon="36.12628"><ele>154.0</ele></trkpt>
      <trkpt lat="54.557896" lon="36.1262"><ele>154.0</ele></trkpt>
      <trkpt lat="54.557852" lon="36.126091"><ele>154.0</ele></trkpt>
      <trkpt lat="54.557841" lon="36.126002"><ele>154.0</ele></trkpt>
      <trkpt lat="54.557823" lon="36.125954"><ele>154.0</ele></trkpt>
      <trkpt lat="54.557803" lon="36.125874"><ele>154.0</ele></trkpt>
      <trkpt lat="54.557793" lon="36.125798"><ele>153.9</ele></trkpt>
      <trkpt lat="54.557691" lon="36.125617"><ele>149.1</ele></trkpt>
      <trkpt lat="54.55759" lon="36.125483"><ele>149.0</ele></trkpt>
      <trkpt lat="54.557777" lon="36.125518"><ele>149.2</ele></trkpt>
      <trkpt lat="54.557818" lon="36.125514"><ele>149.2</ele></trkpt>
      <trkpt lat="54.557999" lon="36.125367"><ele>149.6</ele></trkpt>
      <trkpt lat="54.558037" lon="36.125247"><ele>149.9</ele></trkpt>
      <trkpt lat="54.558021" lon="36.125206"><ele>149.9</ele></trkpt>
      <trkpt lat="54.557983" lon="36.125159"><ele>149.7</ele></trkpt>
      <trkpt lat="54.557948" lon="36.12508"><ele>149.5</ele></trkpt>
      <trkpt lat="54.557906" lon="36.125029"><ele>149.4</ele></trkpt>
      <trkpt lat="54.557855" lon="36.124928"><ele>149.2</ele></trkpt>
      <trkpt lat="54.557829" lon="36.124872"><ele>149.1</ele></trkpt>
      <trkpt lat="54.557803" lon="36.124822"><ele>149.0</ele></trkpt>
      <trkpt lat="54.557691" lon="36.124678"><ele>148.6</ele></trkpt>
      <trkpt lat="54.557636" lon="36.124651"><ele>148.4</ele></trkpt>
      <trkpt lat="54.557549" lon="36.124556"><ele>148.1</ele></trkpt>
      <trkpt lat="54.55734" lon="36.124229"><ele>147.1</ele></trkpt>
      <trkpt lat="54.557233" lon="36.124076"><ele>147.0</ele></trkpt>
      <trkpt lat="54.557219" lon="36.124063"><ele>147.0</ele></trkpt>
      <trkpt lat="54.557181" lon="36.124064"><ele>147.0</ele></trkpt>
      <trkpt lat="54.557024" lon="36.124026"><ele>147.0</ele></trkpt>
      <trkpt lat="54.556891" lon="36.124096"><ele>147.0</ele></trkpt>
      <trkpt lat="54.556778" lon="36.12429"><ele>146.9</ele></trkpt>
      <trkpt lat="54.55673" lon="36.124369"><ele>146.9</ele></trkpt>
      <trkpt lat="54.556644" lon="36.124389"><ele>146.9</ele></trkpt>
      <trkpt lat="54.556521" lon="36.12435"><ele>147.5</ele></trkpt>
      <trkpt lat="54.556366" lon="36.124153"><ele>148.1</ele></trkpt>
      <trkpt lat="54.556148" lon="36.123903"><ele>148.7</ele></trkpt>
      <trkpt lat="54.556117" lon="36.12388"><ele>148.8</ele></trkpt>
      <trkpt lat="54.556022" lon="36.123834"><ele>149.0</ele></trkpt>
      <trkpt lat="54.555991" lon="36.123819"><ele>149.1</ele></trkpt>
      <trkpt lat="54.55575" lon="36.123711"><ele>149.6</ele></trkpt>
      <trkpt lat="54.555552" lon="36.123686"><ele>150.0</ele></trkpt>
      <trkpt lat="54.555452" lon="36.123699"><ele>150.2</ele></trkpt>
      <trkpt lat="54.555351" lon="36.1237"><ele>150.3</ele></trkpt>
      <trkpt lat="54.555344" lon="36.12369"><ele>150.4</ele></trkpt>
      <trkpt lat="54.555285" lon="36.123685"><ele>150.4</ele></trkpt>
      <trkpt lat="54.555265" lon="36.123681"><ele>150.4</ele></trkpt>
      <trkpt lat="54.555229" lon="36.123656"><ele>150.5</ele></trkpt>
      <trkpt lat="54.555177" lon="36.123635"><ele>150.5</ele></trkpt>
      <trkpt lat="54.555157" lon="36.123664"><ele>150.6</ele></trkpt>
      <trkpt lat="54.555129" lon="36.12366"><ele>150.6</ele></trkpt>
      <trkpt lat="54.555113" lon="36.122675"><ele>151.3</ele></trkpt>
      <trkpt lat="54.555123" lon="36.122668"><ele>151.3</ele></trkpt>
      <trkpt lat="54.555136" lon="36.122647"><ele>151.4</ele></trkpt>
      <trkpt lat="54.555135" lon="36.123297"><ele>151.9</ele></trkpt>
      <trkpt lat="54.555137" lon="36.123315"><ele>151.9</ele></trkpt>
      <trkpt lat="54.555131" lon="36.123317"><ele>151.9</ele></trkpt>
      <trkpt lat="54.55517" lon="36.123286"><ele>151.9</ele></trkpt>
      <trkpt lat="54.555234" lon="36.123223"><ele>152.5</ele></trkpt>
      <trkpt lat="54.555187" lon="36.123136"><ele>153.1</ele></trkpt>
      <trkpt lat="54.555177" lon="36.123117"><ele>153.2</ele></trkpt>
      <trkpt lat="54.555154" lon="36.123082"><ele>153.4</ele></trkpt>
      <trkpt lat="54.555142" lon="36.123065"><ele>153.5</ele></trkpt>
      <trkpt lat="54.554967" lon="36.122968"><ele>154.3</ele></trkpt>
      <trkpt lat="54.554923" lon="36.122948"><ele>154.4</ele></trkpt>
      <trkpt lat="54.554862" lon="36.12291"><ele>154.7</ele></trkpt>
      <trkpt lat="54.554869" lon="36.122914"><ele>154.7</ele></trkpt>
      <trkpt lat="54.554803" lon="36.122853"><ele>155.0</ele></trkpt>
      <trkpt lat="54.554651" lon="36.122712"><ele>155.6</ele></trkpt>
      <trkpt lat="54.554635" lon="36.122672"><ele>155.7</ele></trkpt>
      <trkpt lat="54.554617" lon="36.122649"><ele>155.7</ele></trkpt>
      <trkpt lat="54.554607" lon="36.122625"><ele>155.8</ele></trkpt>
      <trkpt lat="54.554517" lon="36.122446"><ele>156.5</ele></trkpt>
      <trkpt lat="54.554419" lon="36.122269"><ele>157.3</ele></trkpt>
      <trkpt lat="54.554376" lon="36.122187"><ele>157.7</ele></trkpt>
      <trkpt lat="54.554336" lon="36.122119"><ele>158.0</ele></trkpt>
      <trkpt lat="54.554274" lon="36.122033"><ele>158.6</ele></trkpt>
      <trkpt lat="54.554228" lon="36.122039"><ele>158.8</ele></trkpt>
      <trkpt lat="54.554181" lon="36.12196"><ele>158.8</ele></trkpt>
      <trkpt lat="54.553904" lon="36.121742"><ele>158.4</ele></trkpt>
      <trkpt lat="54.55303" lon="36.121185"><ele>155.3</ele></trkpt>
      <trkpt lat="54.553392" lon="36.121397"><ele>156.2</ele></trkpt>
      <trkpt lat="54.553551" lon="36.121447"><ele>156.6</ele></trkpt>
      <trkpt lat="54.5537" lon="36.121547"><ele>157.4</ele></trkpt>
      <trkpt lat="54.553675" lon="36.121497"><ele>157.2</ele></trkpt>
      <trkpt lat="54.553649" lon="36.121496"><ele>157.0</ele></trkpt>
      <trkpt lat="54.553611" lon="36.121455"><ele>156.9</ele></trkpt>
      <trkpt lat="54.553528" lon="36.121361"><ele>156.5</ele></trkpt>
      <trkpt lat="54.553426" lon="36.121164"><ele>156.2</ele></trkpt>
      <trkpt lat="54.553274" lon="36.121076"><ele>155.8</ele></trkpt>
      <trkpt lat="54.553287" lon="36.121087"><ele>155.8</ele></trkpt>
      <trkpt lat="54.553286" lon="36.12109"><ele>155.8</ele></trkpt>
      <trkpt lat="54.553267" lon="36.12106"><ele>155.7</ele></trkpt>
      <trkpt lat="54.553261" lon="36.121057"><ele>155.7</ele></trkpt>
      <trkpt lat="54.553293" lon="36.121082"><ele>155.6</ele></trkpt>
      <trkpt lat="54.553241" lon="36.121043"><ele>155.5</ele></trkpt>
      <trkpt lat="54.553128" lon="36.12093"><ele>155.2</ele></trkpt>
      <trkpt lat="54.553011" lon="36.120814"><ele>155.0</ele></trkpt>
      <trkpt lat="54.552808" lon="36.120644"><ele>154.5</ele></trkpt>
      <trkpt lat="54.552779" lon="36.120526"><ele>154.3</ele></trkpt>
      <trkpt lat="54.552801" lon="36.120527"><ele>154.2</ele></trkpt>
      <trkpt lat="54.552792" lon="36.120494"><ele>154.2</ele></trkpt>
      <trkpt lat="54.552773" lon="36.120445"><ele>154.2</ele></trkpt>
      <trkpt lat="54.552542" lon="36.12027"><ele>153.8</ele></trkpt>
      <trkpt lat="54.55253" lon="36.120199"><ele>153.7</ele></trkpt>
      <trkpt lat="54.552524" lon="36.12015"><ele>153.7</ele></trkpt>
      <trkpt lat="54.55246" lon="36.120082"><ele>153.5</ele></trkpt>
      <trkpt lat="54.552449" lon="36.120064"><ele>153.4</ele></trkpt>
      <trkpt lat="54.552279" lon="36.119982"><ele>152.8</ele></trkpt>
      <trkpt lat="54.552228" lon="36.119977"><ele>152.7</ele></trkpt>
      <trkpt lat="54.552203" lon="36.120013"><ele>152.6</ele></trkpt>
      <trkpt lat="54.552179" lon="36.120043"><ele>152.5</ele></trkpt>
      <trkpt lat="54.552127" lon="36.120036"><ele>152.4</ele></trkpt>
      <trkpt lat="54.55203" lon="36.119969"><ele>152.3</ele></trkpt>
      <trkpt lat="54.551849" lon="36.119793"><ele>152.1</ele></trkpt>
      <trkpt lat="54.551648" lon="36.119515"><ele>151.6</ele></trkpt>
      <trkpt lat="54.551522" lon="36.119383"><ele>151.3</ele></trkpt>
      <trkpt lat="54.551395" lon="36.119375"><ele>151.3</ele></trkpt>
      <trkpt lat="54.551228" lon="36.119228"><ele>152.1</ele></trkpt>
      <trkpt lat="54.551209" lon="36.119235"><ele>152.1</ele></trkpt>
      <trkpt lat="54.551209" lon="36.119248"><ele>152.2</ele></trkpt>
      <trkpt lat="54.551179" lon="36.119264"><ele>152.3</ele></trkpt>
      <trkpt lat="54.551167" lon="36.11926"><ele>152.4</ele></trkpt>
      <trkpt lat="54.551036" lon="36.11929"><ele>152.9</ele></trkpt>
      <trkpt lat="54.551016" lon="36.119349"><ele>152.9</ele></trkpt>
      <trkpt lat="54.550962" lon="36.119416"><ele>152.9</ele></trkpt>
      <trkpt lat="54.550867" lon="36.119577"><ele>152.9</ele></trkpt>
      <trkpt lat="54.550842" lon="36.119624"><ele>153.0</ele></trkpt>
      <trkpt lat="54.550819" lon="36.119608"><ele>153.0</ele></trkpt>
      <trkpt lat="54.550799" lon="36.119656"><ele>153.0</ele></trkpt>
      <trkpt lat="54.55076" lon="36.119762"><ele>153.1</ele></trkpt>
      <trkpt lat="54.550741" lon="36.11982"><ele>153.0</ele></trkpt>
      <trkpt lat="54.550688" lon="36.119924"><ele>153.0</ele></trkpt>
      <trkpt lat="54.550611" lon="36.120023"><ele>152.8</ele></trkpt>
      <trkpt lat="54.550459" lon="36.120204"><ele>152.5</ele></trkpt>
      <trkpt lat="54.550351" lon="36.120339"><ele>152.4</ele></trkpt>
      <trkpt lat="54.550226" lon="36.120449"><ele>152.6</ele></trkpt>
      <trkpt lat="54.55019" lon="36.120493"><ele>152.7</ele></trkpt>
      <trkpt lat="54.55015" lon="36.12056"><ele>153.0</ele></trkpt>
      <trkpt lat="54.550128" lon="36.120605"><ele>153.1</ele></trkpt>
      <trkpt lat="54.550128" lon="36.120624"><ele>153.2</ele></trkpt>
      <trkpt lat="54.550103" lon="36.120735"><ele>153.5</ele></trkpt>
      <trkpt lat="54.550061" lon="36.120795"><ele>153.6</ele></trkpt>
      <trkpt lat="54.550039" lon="36.120817"><ele>153.7</ele></trkpt>
      <trkpt lat="54.549941" lon="36.121022"><ele>153.9</ele></trkpt>
      <trkpt lat="54.549851" lon="36.121129"><ele>154.0</ele></trkpt>
      <trkpt lat="54.549767" lon="36.121237"><ele>154.0</ele></trkpt>
      <trkpt lat="54.54976" lon="36.121308"><ele>154.0</ele></trkpt>
      <trkpt lat="54.549781" lon="36.121316"><ele>154.0</ele></trkpt>
      <trkpt lat="54.549823" lon="36.12138"><ele>154.0</ele></trkpt>
      <trkpt lat="54.549811" lon="36.121433"><ele>154.0</ele></trkpt>
      <trkpt lat="54.549744" lon="36.121597"><ele>154.0</ele></trkpt>
      <trkpt lat="54.549703" lon="36.121603"><ele>154.1</ele></trkpt>
      <trkpt lat="54.549665" lon="36.121609"><ele>154.1</ele></trkpt>
      <trkpt lat="54.54964" lon="36.121646"><ele>154.1</ele></trkpt>
      <trkpt lat="54.549639" lon="36.121708"><ele>154.1</ele></trkpt>
      <trkpt lat="54.549585" lon="36.121908"><ele>154.1</ele></trkpt>
      <trkpt lat="54.549452" lon="36.122285"><ele>154.3</ele></trkpt>
      <trkpt lat="54.5493" lon="36.122548"><ele>154.5</ele></trkpt>
      <trkpt lat="54.549222" lon="36.122694"><ele>154.5</ele></trkpt>
      <trkpt lat="54.549161" lon="36.122711"><ele>154.5</ele></trkpt>
      <trkpt lat="54.54912" lon="36.122664"><ele>154.5</ele></trkpt>
      <trkpt lat="54.549032" lon="36.122617"><ele>154.5</ele></trkpt>
      <trkpt lat="54.549012" lon="36.12266"><ele>154.5</ele></trkpt>
      <trkpt lat="54.549058" lon="36.122681"><ele>154.5</ele></trkpt>
      <trkpt lat="54.548971" lon="36.122735"><ele>154.5</ele></trkpt>
      <trkpt lat="54.548933" lon="36.122759"><ele>154.5</ele></trkpt>
      <trkpt lat="54.548837" lon="36.122894"><ele>154.4</ele></trkpt>
      <trkpt lat="54.548853" lon="36.12291"><ele>154.4</ele></trkpt>
      <trkpt lat="54.548872" lon="36.122929"><ele>154.4</ele></trkpt>
      <trkpt lat="54.548867" lon="36.122974"><ele>154.4</ele></trkpt>
      <trkpt lat="54.548831" lon="36.123009"><ele>154.4</ele></trkpt>
      <trkpt lat="54.548746" lon="36.123134"><ele>154.4</ele></trkpt>
      <trkpt lat="54.548658" lon="36.123305"><ele>154.4</ele></trkpt>
      <trkpt lat="54.548653" lon="36.123319"><ele>154.4</ele></trkpt>
      <trkpt lat="54.548639" lon="36.123362"><ele>154.3</ele></trkpt>
      <trkpt lat="54.548611" lon="36.123435"><ele>154.3</ele></trkpt>
      <trkpt lat="54.548603" lon="36.123486"><ele>154.3</ele></trkpt>
      <trkpt lat="54.548578" lon="36.123539"><ele>154.3</ele></trkpt>
      <trkpt lat="54.548551" lon="36.123569"><ele>154.3</ele></trkpt>
      <trkpt lat="54.548496" lon="36.123649"><ele>154.3</ele></trkpt>
      <trkpt lat="54.548471" lon="36.12369"><ele>154.3</ele></trkpt>
      <trkpt lat="54.548469" lon="36.123715"><ele>154.3</ele></trkpt>
      <trkpt lat="54.548477" lon="36.123731"><ele>154.3</ele></trkpt>
      <trkpt lat="54.548472" lon="36.123728"><ele>154.3</ele></trkpt>
      <trkpt lat="54.548477" lon="36.12374"><ele>154.3</ele></trkpt>
      <trkpt lat="54.548477" lon="36.12375"><ele>154.3</ele></trkpt>
      <trkpt lat="54.548489" lon="36.123766"><ele>154.3</ele></trkpt>
      <trkpt lat="54.548472" lon="36.123777"><ele>154.3</ele></trkpt>
      <trkpt lat="54.548459" lon="36.123857"><ele>154.3</ele></trkpt>
      <trkpt lat="54.548421" lon="36.123938"><ele>154.3</ele></trkpt>
      <trkpt lat="54.548409" lon="36.123995"><ele>154.3</ele></trkpt>
      <trkpt lat="54.548379" lon="36.12414"><ele>154.2</ele></trkpt>
      <trkpt lat="54.54829" lon="36.124248"><ele>154.2</ele></trkpt>
      <trkpt lat="54.548251" lon="36.124286"><ele>154.1</ele></trkpt>
      <trkpt lat="54.548185" lon="36.124371"><ele>154.1</ele></trkpt>
      <trkpt lat="54.54817" lon="36.124488"><ele>154.1</ele></trkpt>
      <trkpt lat="54.548073" lon="36.124702"><ele>154.2</ele></trkpt>
      <trkpt lat="54.548071" lon="36.124728"><ele>154.2</ele></trkpt>
      <trkpt lat="54.548039" lon="36.124797"><ele>154.2</ele></trkpt>
      <trkpt lat="54.548035" lon="36.124819"><ele>154.2</ele></trkpt>
      <trkpt lat="54.548025" lon="36.124831"><ele>154.2</ele></trkpt>
      <trkpt lat="54.547978" lon="36.12489"><ele>154.2</ele></trkpt>
      <trkpt lat="54.547933" lon="36.124987"><ele>154.2</ele></trkpt>
      <trkpt lat="54.547936" lon="36.125236"><ele>154.1</ele></trkpt>
      <trkpt lat="54.547932" lon="36.125273"><ele>154.1</ele></trkpt>
      <trkpt lat="54.547924" lon="36.125413"><ele>154.0</ele></trkpt>
      <trkpt lat="54.547972" lon="36.125502"><ele>154.0</ele></trkpt>
      <trkpt lat="54.547924" lon="36.125608"><ele>153.9</ele></trkpt>
      <trkpt lat="54.547984" lon="36.125685"><ele>153.9</ele></trkpt>
      <trkpt lat="54.548137" lon="36.125897"><ele>153.8</ele></trkpt>
      <trkpt lat="54.548163" lon="36.125915"><ele>153.8</ele></trkpt>
      <trkpt lat="54.548215" lon="36.126011"><ele>153.7</ele></trkpt>
      <trkpt lat="54.548197" lon="36.125961"><ele>153.7</ele></trkpt>
      <trkpt lat="54.548179" lon="36.125913"><ele>153.7</ele></trkpt>
      <trkpt lat="54.548142" lon="36.125736"><ele>153.7</ele></trkpt>
      <trkpt lat="54.547976" lon="36.125473"><ele>153.5</ele></trkpt>
      <trkpt lat="54.547964" lon="36.125451"><ele>153.5</ele></trkpt>
      <trkpt lat="54.547916" lon="36.125431"><ele>153.4</ele></trkpt>
      <trkpt lat="54.54778" lon="36.125532"><ele>153.3</ele></trkpt>
      <trkpt lat="54.547764" lon="36.125564"><ele>153.3</ele></trkpt>
      <trkpt lat="54.5477" lon="36.125636"><ele>153.3</ele></trkpt>
      <trkpt lat="54.547686" lon="36.125666"><ele>153.3</ele></trkpt>
      <trkpt lat="54.547669" lon="36.12571"><ele>153.3</ele></trkpt>
      <trkpt lat="54.547637" lon="36.12575"><ele>153.3</ele></trkpt>
      <trkpt lat="54.547638" lon="36.125853"><ele>153.3</ele></trkpt>
      <trkpt lat="54.547626" lon="36.125905"><ele>153.3</ele></trkpt>
      <trkpt lat="54.547518" lon="36.126027"><ele>153.1</ele></trkpt>
      <trkpt lat="54.547421" lon="36.126143"><ele>153.1</ele></trkpt>
      <trkpt lat="54.547417" lon="36.126153"><ele>153.1</ele></trkpt>
      <trkpt lat="54.547409" lon="36.126149"><ele>153.1</ele></trkpt>
      <trkpt lat="54.547338" lon="36.126113"><ele>153.0</ele></trkpt>
      <trkpt lat="54.547258" lon="36.126"><ele>153.3</ele></trkpt>
      <trkpt lat="54.547225" lon="36.125955"><ele>153.4</ele></trkpt>
      <trkpt lat="54.547142" lon="36.125884"><ele>153.7</ele></trkpt>
      <trkpt lat="54.547042" lon="36.125793"><ele>154.0</ele></trkpt>
      <trkpt lat="54.546987" lon="36.125726"><ele>154.2</ele></trkpt>
      <trkpt lat="54.546937" lon="36.125653"><ele>154.5</ele></trkpt>
      <trkpt lat="54.546934" lon="36.125636"><ele>154.5</ele></trkpt>
      <trkpt lat="54.54689" lon="36.125596"><ele>154.6</ele></trkpt>
      <trkpt lat="54.546865" lon="36.12558"><ele>154.7</ele></trkpt>
      <trkpt lat="54.546834" lon="36.125582"><ele>154.8</ele></trkpt>
      <trkpt lat="54.546767" lon="36.125547"><ele>155.0</ele></trkpt>
      <trkpt lat="54.546579" lon="36.125468"><ele>155.4</ele></trkpt>
      <trkpt lat="54.546559" lon="36.125435"><ele>155.4</ele></trkpt>
      <trkpt lat="54.546547" lon="36.125393"><ele>155.4</ele></trkpt>
      <trkpt lat="54.546532" lon="36.125285"><ele>155.5</ele></trkpt>
      <trkpt lat="54.546433" lon="36.125164"><ele>155.7</ele></trkpt>
      <trkpt lat="54.546422" lon="36.12515"><ele>155.8</ele></trkpt>
      <trkpt lat="54.546399" lon="36.125112"><ele>155.8</ele></trkpt>
      <trkpt lat="54.546333" lon="36.125016"><ele>156.0</ele></trkpt>
      <trkpt lat="54.5463" lon="36.124971"><ele>156.2</ele></trkpt>
      <trkpt lat="54.54625" lon="36.124922"><ele>156.3</ele></trkpt>
      <trkpt lat="54.5462" lon="36.124897"><ele>156.6</ele></trkpt>
      <trkpt lat="54.546164" lon="36.124866"><ele>156.8</ele></trkpt>
      <trkpt lat="54.546155" lon="36.124867"><ele>156.8</ele></trkpt>
      <trkpt lat="54.546103" lon="36.124841"><ele>157.0</ele></trkpt>
      <trkpt lat="54.546096" lon="36.124842"><ele>157.0</ele></trkpt>
      <trkpt lat="54.545982" lon="36.12476"><ele>156.8</ele></trkpt>
      <trkpt lat="54.545955" lon="36.124712"><ele>156.7</ele></trkpt>
      <trkpt lat="54.545902" lon="36.12469"><ele>156.6</ele></trkpt>
      <trkpt lat="54.545871" lon="36.124675"><ele>156.4</ele></trkpt>
      <trkpt lat="54.545798" lon="36.124634"><ele>156.2</ele></trkpt>
      <trkpt lat="54.545668" lon="36.124585"><ele>155.7</ele></trkpt>
      <trkpt lat="54.545662" lon="36.124584"><ele>155.7</ele></trkpt>
      <trkpt lat="54.545562" lon="36.124537"><ele>155.3</ele></trkpt>
      <trkpt lat="54.545484" lon="36.124507"><ele>155.1</ele></trkpt>
      <trkpt lat="54.545343" lon="36.124434"><ele>154.7</ele></trkpt>
      <trkpt lat="54.545259" lon="36.124414"><ele>154.5</ele></trkpt>
      <trkpt lat="54.545197" lon="36.124352"><ele>154.4</ele></trkpt>
      <trkpt lat="54.545106" lon="36.124297"><ele>154.4</ele></trkpt>
      <trkpt lat="54.545065" lon="36.124279"><ele>154.5</ele></trkpt>
      <trkpt lat="54.544827" lon="36.124117"><ele>154.4</ele></trkpt>
      <trkpt lat="54.544745" lon="36.124017"><ele>154.2</ele></trkpt>
      <trkpt lat="54.544735" lon="36.124016"><ele>154.2</ele></trkpt>
      <trkpt lat="54.544644" lon="36.124134"><ele>153.9</ele></trkpt>
      <trkpt lat="54.544562" lon="36.124205"><ele>153.8</ele></trkpt>
      <trkpt lat="54.544546" lon="36.124192"><ele>153.8</ele></trkpt>
      <trkpt lat="54.544476" lon="36.124182"><ele>153.8</ele></trkpt>
      <trkpt lat="54.544456" lon="36.124201"><ele>153.8</ele></trkpt>
      <trkpt lat="54.544294" lon="36.124199"><ele>153.8</ele></trkpt>
      <trkpt lat="54.544228" lon="36.124247"><ele>153.8</ele></trkpt>
      <trkpt lat="54.544232" lon="36.124263"><ele>153.8</ele></trkpt>
      <trkpt lat="54.544228" lon="36.124264"><ele>153.8</ele></trkpt>
      <trkpt lat="54.544204" lon="36.124265"><ele>153.7</ele></trkpt>
      <trkpt lat="54.544172" lon="36.124272"><ele>153.7</ele></trkpt>
      <trkpt lat="54.544142" lon="36.124279"><ele>153.6</ele></trkpt>
      <trkpt lat="54.54412" lon="36.12429"><ele>153.6</ele></trkpt>
      <trkpt lat="54.544031" lon="36.124355"><ele>153.4</ele></trkpt>
      <trkpt lat="54.543987" lon="36.124409"><ele>153.4</ele></trkpt>
      <trkpt lat="54.543959" lon="36.124429"><ele>153.3</ele></trkpt>
      <trkpt lat="54.543893" lon="36.124419"><ele>153.3</ele></trkpt>
      <trkpt lat="54.543758" lon="36.12439"><ele>153.1</ele></trkpt>
      <trkpt lat="54.543614" lon="36.124347"><ele>153.0</ele></trkpt>
      <trkpt lat="54.543447" lon="36.12427"><ele>153.0</ele></trkpt>
      <trkpt lat="54.543391" lon="36.124236"><ele>153.0</ele></trkpt>
      <trkpt lat="54.543346" lon="36.124248"><ele>153.0</ele></trkpt>
      <trkpt lat="54.543238" lon="36.124218"><ele>153.1</ele></trkpt>
      <trkpt lat="54.543171" lon="36.124187"><ele>153.1</ele></trkpt>
      <trkpt lat="54.543146" lon="36.124203"><ele>153.0</ele></trkpt>
      <trkpt lat="54.543128" lon="36.12423"><ele>153.0</ele></trkpt>
      <trkpt lat="54.543009" lon="36.1243"><ele>152.7</ele></trkpt>
      <trkpt lat="54.542838" lon="36.124406"><ele>152.2</ele></trkpt>
      <trkpt lat="54.542732" lon="36.124438"><ele>151.8</ele></trkpt>
      <trkpt lat="54.54253" lon="36.124487"><ele>151.3</ele></trkpt>
      <trkpt lat="54.542361" lon="36.12455"><ele>151.0</ele></trkpt>
      <trkpt lat="54.542187" lon="36.124653"><ele>150.7</ele></trkpt>
      <trkpt lat="54.542141" lon="36.124689"><ele>150.5</ele></trkpt>
      <trkpt lat="54.542083" lon="36.12477"><ele>150.4</ele></trkpt>
      <trkpt lat="54.542022" lon="36.124933"><ele>150.1</ele></trkpt>
      <trkpt lat="54.541991" lon="36.125021"><ele>150.0</ele></trkpt>
      <trkpt lat="54.541924" lon="36.125451"><ele>149.4</ele></trkpt>
      <trkpt lat="54.541923" lon="36.125525"><ele>149.3</ele></trkpt>
      <trkpt lat="54.541919" lon="36.125632"><ele>149.1</ele></trkpt>
      <trkpt lat="54.541803" lon="36.125886"><ele>148.7</ele></trkpt>
      <trkpt lat="54.541755" lon="36.126148"><ele>148.2</ele></trkpt>
      <trkpt lat="54.541699" lon="36.126334"><ele>147.9</ele></trkpt>
      <trkpt lat="54.541616" lon="36.126494"><ele>147.5</ele></trkpt>
      <trkpt lat="54.541603" lon="36.126533"><ele>147.4</ele></trkpt>
      <trkpt lat="54.541422" lon="36.126624"><ele>147.2</ele></trkpt>
      <trkpt lat="54.541337" lon="36.126643"><ele>147.0</ele></trkpt>
      <trkpt lat="54.541234" lon="36.126713"><ele>146.8</ele></trkpt>
      <trkpt lat="54.54122" lon="36.126761"><ele>146.8</ele></trkpt>
      <trkpt lat="54.541172" lon="36.126807"><ele>146.7</ele></trkpt>
      <trkpt lat="54.541087" lon="36.126849"><ele>146.5</ele></trkpt>
      <trkpt lat="54.541085" lon="36.126876"><ele>146.4</ele></trkpt>
      <trkpt lat="54.541085" lon="36.126964"><ele>146.3</ele></trkpt>
      <trkpt lat="54.541035" lon="36.12702"><ele>146.1</ele></trkpt>
      <trkpt lat="54.540959" lon="36.12703"><ele>145.9</ele></trkpt>
      <trkpt lat="54.540757" lon="36.127137"><ele>145.5</ele></trkpt>
      <trkpt lat="54.540682" lon="36.127154"><ele>145.4</ele></trkpt>
      <trkpt lat="54.540566" lon="36.127265"><ele>145.2</ele></trkpt>
      <trkpt lat="54.540526" lon="36.127305"><ele>145.1</ele></trkpt>
      <trkpt lat="54.540439" lon="36.127335"><ele>144.9</ele></trkpt>
      <trkpt lat="54.540255" lon="36.127354"><ele>144.4</ele></trkpt>
      <trkpt lat="54.54016" lon="36.127383"><ele>144.2</ele></trkpt>
      <trkpt lat="54.54005" lon="36.127403"><ele>144.0</ele></trkpt>
      <trkpt lat="54.539901" lon="36.127422"><ele>143.7</ele></trkpt>
      <trkpt lat="54.539798" lon="36.127401"><ele>143.7</ele></trkpt>
      <trkpt lat="54.539783" lon="36.127382"><ele>143.7</ele></trkpt>
      <trkpt lat="54.539769" lon="36.12736"><ele>143.7</ele></trkpt>
      <trkpt lat="54.539687" lon="36.127252"><ele>144.1</ele></trkpt>
      <trkpt lat="54.53949" lon="36.126983"><ele>144.0</ele></trkpt>
      <trkpt lat="54.539389" lon="36.126891"><ele>143.7</ele></trkpt>
      <trkpt lat="54.539188" lon="36.126723"><ele>143.0</ele></trkpt>
      <trkpt lat="54.539027" lon="36.126533"><ele>143.1</ele></trkpt>
      <trkpt lat="54.538868" lon="36.126212"><ele>143.1</ele></trkpt>
      <trkpt lat="54.538841" lon="36.126107"><ele>143.1</ele></trkpt>
      <trkpt lat="54.538777" lon="36.125978"><ele>143.1</ele></trkpt>
      <trkpt lat="54.538718" lon="36.125763"><ele>143.1</ele></trkpt>
      <trkpt lat="54.538716" lon="36.125609"><ele>143.0</ele></trkpt>
      <trkpt lat="54.53863" lon="36.125595"><ele>143.1</ele></trkpt>
      <trkpt lat="54.538462" lon="36.125527"><ele>143.2</ele></trkpt>
      <trkpt lat="54.538279" lon="36.125282"><ele>143.3</ele></trkpt>
      <trkpt lat="54.53817" lon="36.12502"><ele>143.4</ele></trkpt>
      <trkpt lat="54.538165" lon="36.124969"><ele>143.4</ele></trkpt>
      <trkpt lat="54.538183" lon="36.124958"><ele>143.4</ele></trkpt>
      <trkpt lat="54.538195" lon="36.125029"><ele>143.5</ele></trkpt>
      <trkpt lat="54.538206" lon="36.125119"><ele>143.4</ele></trkpt>
      <trkpt lat="54.538308" lon="36.12535"><ele>143.3</ele></trkpt>
      <trkpt lat="54.538476" lon="36.125541"><ele>143.2</ele></trkpt>
      <trkpt lat="54.538548" lon="36.125613"><ele>143.1</ele></trkpt>
      <trkpt lat="54.538759" lon="36.125539"><ele>143.3</ele></trkpt>
      <trkpt lat="54.538777" lon="36.125511"><ele>143.3</ele></trkpt>
      <trkpt lat="54.538864" lon="36.125301"><ele>143.5</ele></trkpt>
      <trkpt lat="54.538939" lon="36.125128"><ele>143.5</ele></trkpt>
      <trkpt lat="54.538951" lon="36.125082"><ele>143.5</ele></trkpt>
      <trkpt lat="54.538967" lon="36.124809"><ele>143.6</ele></trkpt>
      <trkpt lat="54.538968" lon="36.124733"><ele>143.7</ele></trkpt>
      <trkpt lat="54.539006" lon="36.124482"><ele>143.6</ele></trkpt>
      <trkpt lat="54.539028" lon="36.124386"><ele>143.6</ele></trkpt>
      <trkpt lat="54.539027" lon="36.124353"><ele>143.6</ele></trkpt>
      <trkpt lat="54.539042" lon="36.124334"><ele>143.6</ele></trkpt>
      <trkpt lat="54.539038" lon="36.124311"><ele>143.6</ele></trkpt>
      <trkpt lat="54.539008" lon="36.124199"><ele>143.6</ele></trkpt>
      <trkpt lat="54.539008" lon="36.124136"><ele>143.7</ele></trkpt>
      <trkpt lat="54.538932" lon="36.123959"><ele>143.8</ele></trkpt>
      <trkpt lat="54.538911" lon="36.123927"><ele>143.8</ele></trkpt>
      <trkpt lat="54.538799" lon="36.12377"><ele>143.7</ele></trkpt>
      <trkpt lat="54.538757" lon="36.123733"><ele>143.7</ele></trkpt>
      <trkpt lat="54.538622" lon="36.123651"><ele>143.7</ele></trkpt>
      <trkpt lat="54.538494" lon="36.12354"><ele>144.0</ele></trkpt>
      <trkpt lat="54.538295" lon="36.123216"><ele>144.3</ele></trkpt>
      <trkpt lat="54.538112" lon="36.122963"><ele>144.4</ele></trkpt>
      <trkpt lat="54.537987" lon="36.122815"><ele>144.2</ele></trkpt>
      <trkpt lat="54.537956" lon="36.12273"><ele>144.3</ele></trkpt>
      <trkpt lat="54.537885" lon="36.122659"><ele>144.4</ele></trkpt>
      <trkpt lat="54.537754" lon="36.122563"><ele>144.6</ele></trkpt>
      <trkpt lat="54.537657" lon="36.122433"><ele>144.7</ele></trkpt>
      <trkpt lat="54.537511" lon="36.122413"><ele>144.9</ele></trkpt>
      <trkpt lat="54.537481" lon="36.122439"><ele>144.9</ele></trkpt>
      <trkpt lat="54.537414" lon="36.122537"><ele>145.1</ele></trkpt>
      <trkpt lat="54.537406" lon="36.122728"><ele>145.1</ele></trkpt>
      <trkpt lat="54.537413" lon="36.122795"><ele>145.1</ele></trkpt>
      <trkpt lat="54.537363" lon="36.122879"><ele>145.0</ele></trkpt>
      <trkpt lat="54.537149" lon="36.122933"><ele>145.0</ele></trkpt>
      <trkpt lat="54.536947" lon="36.122893"><ele>145.2</ele></trkpt>
      <trkpt lat="54.53684" lon="36.122781"><ele>145.5</ele></trkpt>
      <trkpt lat="54.536735" lon="36.122449"><ele>146.2</ele></trkpt>
      <trkpt lat="54.536623" lon="36.122315"><ele>146.4</ele></trkpt>
      <trkpt lat="54.536549" lon="36.122159"><ele>146.7</ele></trkpt>
      <trkpt lat="54.536524" lon="36.122123"><ele>146.8</ele></trkpt>
      <trkpt lat="54.536479" lon="36.122039"><ele>146.9</ele></trkpt>
      <trkpt lat="54.53647" lon="36.122028"><ele>147.0</ele></trkpt>
      <trkpt lat="54.536384" lon="36.121998"><ele>147.2</ele></trkpt>
      <trkpt lat="54.536302" lon="36.12184"><ele>147.5</ele></trkpt>
      <trkpt lat="54.536286" lon="36.121783"><ele>147.6</ele></trkpt>
      <trkpt lat="54.536282" lon="36.12175"><ele>147.7</ele></trkpt>
      <trkpt lat="54.536289" lon="36.121689"><ele>147.8</ele></trkpt>
      <trkpt lat="54.536295" lon="36.121687"><ele>147.8</ele></trkpt>
      <trkpt lat="54.536295" lon="36.12167"><ele>147.8</ele></trkpt>
      <trkpt lat="54.536285" lon="36.121652"><ele>147.8</ele></trkpt>
      <trkpt lat="54.536254" lon="36.121632"><ele>147.9</ele></trkpt>
      <trkpt lat="54.536242" lon="36.121618"><ele>147.9</ele></trkpt>
      <trkpt lat="54.536218" lon="36.121524"><ele>148.1</ele></trkpt>
      <trkpt lat="54.536199" lon="36.121493"><ele>148.2</ele></trkpt>
      <trkpt lat="54.536116" lon="36.12128"><ele>148.6</ele></trkpt>
      <trkpt lat="54.536037" lon="36.121144"><ele>148.9</ele></trkpt>
      <trkpt lat="54.536013" lon="36.120978"><ele>148.9</ele></trkpt>
      <trkpt lat="54.536028" lon="36.120959"><ele>148.9</ele></trkpt>
      <trkpt lat="54.536035" lon="36.120912"><ele>148.8</ele></trkpt>
      <trkpt lat="54.536027" lon="36.120775"><ele>148.6</ele></trkpt>
      <trkpt lat="54.536027" lon="36.1206"><ele>148.4</ele></trkpt>
      <trkpt lat="54.536031" lon="36.120551"><ele>148.4</ele></trkpt>
      <trkpt lat="54.53604" lon="36.120407"><ele>148.3</ele></trkpt>
      <trkpt lat="54.536039" lon="36.120275"><ele>148.1</ele></trkpt>
      <trkpt lat="54.536039" lon="36.120256"><ele>148.1</ele></trkpt>
      <trkpt lat="54.535852" lon="36.119932"><ele>147.2</ele></trkpt>
      <trkpt lat="54.535825" lon="36.119721"><ele>146.9</ele></trkpt>
      <trkpt lat="54.535839" lon="36.119668"><ele>146.9</ele></trkpt>
      <trkpt lat="54.535819" lon="36.119581"><ele>146.9</ele></trkpt>
      <trkpt lat="54.535808" lon="36.119549"><ele>146.8</ele></trkpt>
      <trkpt lat="54.535808" lon="36.119529"><ele>146.8</ele></trkpt>
      <trkpt lat="54.535745" lon="36.119356"><ele>146.8</ele></trkpt>
      <trkpt lat="54.535706" lon="36.119295"><ele>146.7</ele></trkpt>
      <trkpt lat="54.535727" lon="36.119233"><ele>146.6</ele></trkpt>
      <trkpt lat="54.53575" lon="36.119199"><ele>146.6</ele></trkpt>
      <trkpt lat="54.535757" lon="36.119189"><ele>146.5</ele></trkpt>
      <trkpt lat="54.535757" lon="36.119189"><ele>146.5</ele></trkpt>
      <trkpt lat="54.535753" lon="36.11917"><ele>146.5</ele></trkpt>
      <trkpt lat="54.535695" lon="36.11909"><ele>146.4</ele></trkpt>
      <trkpt lat="54.535635" lon="36.118969"><ele>146.2</ele></trkpt>
      <trkpt lat="54.535648" lon="36.118928"><ele>146.1</ele></trkpt>
      <trkpt lat="54.535625" lon="36.118687"><ele>145.9</ele></trkpt>
      <trkpt lat="54.535466" lon="36.118345"><ele>145.7</ele></trkpt>
      <trkpt lat="54.535321" lon="36.118144"><ele>145.8</ele></trkpt>
      <trkpt lat="54.535209" lon="36.117823"><ele>145.3</ele></trkpt>
      <trkpt lat="54.535063" lon="36.117574"><ele>144.3</ele></trkpt>
      <trkpt lat="54.534919" lon="36.117322"><ele>144.2</ele></trkpt>
      <trkpt lat="54.53474" lon="36.117019"><ele>144.5</ele></trkpt>
      <trkpt lat="54.534576" lon="36.116738"><ele>144.8</ele></trkpt>
      <trkpt lat="54.53444" lon="36.116409"><ele>145.3</ele></trkpt>
      <trkpt lat="54.534266" lon="36.116069"><ele>145.8</ele></trkpt>
      <trkpt lat="54.53416" lon="36.115773"><ele>145.9</ele></trkpt>
      <trkpt lat="54.534049" lon="36.115509"><ele>145.9</ele></trkpt>
      <trkpt lat="54.533893" lon="36.115201"><ele>145.9</ele></trkpt>
      <trkpt lat="54.533803" lon="36.115048"><ele>145.9</ele></trkpt>
      <trkpt lat="54.533605" lon="36.114607"><ele>145.8</ele></trkpt>
      <trkpt lat="54.533446" lon="36.11429"><ele>145.5</ele></trkpt>
      <trkpt lat="54.533265" lon="36.113947"><ele>145.1</ele></trkpt>
      <trkpt lat="54.533194" lon="36.113869"><ele>145.0</ele></trkpt>
      <trkpt lat="54.533161" lon="36.113878"><ele>145.0</ele></trkpt>
      <trkpt lat="54.533057" lon="36.114022"><ele>145.6</ele></trkpt>
      <trkpt lat="54.532903" lon="36.114349"><ele>147.4</ele></trkpt>
      <trkpt lat="54.532827" lon="36.114419"><ele>147.8</ele></trkpt>
      <trkpt lat="54.532797" lon="36.114423"><ele>148.3</ele></trkpt>
      <trkpt lat="54.532696" lon="36.114392"><ele>148.3</ele></trkpt>
      <trkpt lat="54.532684" lon="36.114376"><ele>148.3</ele></trkpt>
      <trkpt lat="54.53256" lon="36.114331"><ele>147.9</ele></trkpt>
      <trkpt lat="54.532384" lon="36.114351"><ele>147.5</ele></trkpt>
      <trkpt lat="54.532208" lon="36.114336"><ele>146.9</ele></trkpt>
      <trkpt lat="54.532151" lon="36.114292"><ele>146.6</ele></trkpt>
      <trkpt lat="54.5321" lon="36.114251"><ele>146.8</ele></trkpt>
      <trkpt lat="54.53206" lon="36.114222"><ele>146.8</ele></trkpt>
      <trkpt lat="54.532025" lon="36.114198"><ele>146.8</ele></trkpt>
      <trkpt lat="54.531933" lon="36.114119"><ele>147.0</ele></trkpt>
      <trkpt lat="54.531906" lon="36.114081"><ele>147.0</ele></trkpt>
      <trkpt lat="54.531631" lon="36.113743"><ele>146.2</ele></trkpt>
      <trkpt lat="54.531478" lon="36.113564"><ele>145.6</ele></trkpt>
      <trkpt lat="54.531333" lon="36.113389"><ele>145.1</ele></trkpt>
      <trkpt lat="54.531065" lon="36.113039"><ele>145.0</ele></trkpt>
      <trkpt lat="54.530868" lon="36.112776"><ele>144.9</ele></trkpt>
      <trkpt lat="54.530834" lon="36.112704"><ele>144.9</ele></trkpt>
      <trkpt lat="54.530827" lon="36.112685"><ele>144.9</ele></trkpt>
      <trkpt lat="54.530739" lon="36.112602"><ele>145.0</ele></trkpt>
      <trkpt lat="54.530631" lon="36.112442"><ele>145.0</ele></trkpt>
      <trkpt lat="54.530647" lon="36.112394"><ele>145.0</ele></trkpt>
      <trkpt lat="54.530693" lon="36.112276"><ele>144.8</ele></trkpt>
      <trkpt lat="54.530789" lon="36.112184"><ele>144.6</ele></trkpt>
      <trkpt lat="54.530988" lon="36.112116"><ele>144.4</ele></trkpt>
      <trkpt lat="54.531129" lon="36.112032"><ele>144.3</ele></trkpt>
      <trkpt lat="54.531213" lon="36.111953"><ele>144.2</ele></trkpt>
      <trkpt lat="54.531376" lon="36.111834"><ele>144.1</ele></trkpt>
      <trkpt lat="54.531453" lon="36.111798"><ele>144.1</ele></trkpt>
      <trkpt lat="54.531535" lon="36.111756"><ele>144.1</ele></trkpt>
      <trkpt lat="54.531714" lon="36.111629"><ele>144.1</ele></trkpt>
      <trkpt lat="54.531775" lon="36.111574"><ele>144.0</ele></trkpt>
      <trkpt lat="54.531762" lon="36.111551"><ele>144.0</ele></trkpt>
      <trkpt lat="54.531751" lon="36.111572"><ele>144.0</ele></trkpt>
      <trkpt lat="54.531689" lon="36.111639"><ele>144.1</ele></trkpt>
      <trkpt lat="54.531605" lon="36.111669"><ele>144.1</ele></trkpt>
      <trkpt lat="54.531517" lon="36.111718"><ele>144.1</ele></trkpt>
      <trkpt lat="54.531481" lon="36.111743"><ele>144.1</ele></trkpt>
      <trkpt lat="54.531405" lon="36.111806"><ele>144.1</ele></trkpt>
      <trkpt lat="54.531239" lon="36.111904"><ele>144.2</ele></trkpt>
      <trkpt lat="54.531207" lon="36.111922"><ele>144.2</ele></trkpt>
      <trkpt lat="54.531016" lon="36.112026"><ele>144.4</ele></trkpt>
      <trkpt lat="54.530863" lon="36.112094"><ele>144.5</ele></trkpt>
      <trkpt lat="54.530787" lon="36.112126"><ele>144.6</ele></trkpt>
      <trkpt lat="54.530562" lon="36.112237"><ele>145.0</ele></trkpt>
      <trkpt lat="54.530453" lon="36.112165"><ele>145.5</ele></trkpt>
      <trkpt lat="54.530088" lon="36.111733"><ele>147.0</ele></trkpt>
      <trkpt lat="54.529746" lon="36.111311"><ele>148.0</ele></trkpt>
      <trkpt lat="54.529642" lon="36.111157"><ele>147.9</ele></trkpt>
      <trkpt lat="54.529626" lon="36.111125"><ele>147.9</ele></trkpt>
      <trkpt lat="54.529619" lon="36.111108"><ele>147.9</ele></trkpt>
      <trkpt lat="54.529615" lon="36.111091"><ele>147.9</ele></trkpt>
      <trkpt lat="54.529625" lon="36.111124"><ele>147.9</ele></trkpt>
      <trkpt lat="54.529625" lon="36.111124"><ele>147.9</ele></trkpt>
      <trkpt lat="54.529629" lon="36.11112"><ele>147.9</ele></trkpt>
      <trkpt lat="54.529586" lon="36.111095"><ele>147.9</ele></trkpt>
      <trkpt lat="54.529565" lon="36.111072"><ele>147.9</ele></trkpt>
      <trkpt lat="54.529445" lon="36.110927"><ele>147.9</ele></trkpt>
      <trkpt lat="54.529307" lon="36.110785"><ele>148.0</ele></trkpt>
      <trkpt lat="54.529302" lon="36.110751"><ele>147.9</ele></trkpt>
      <trkpt lat="54.529315" lon="36.11067"><ele>147.8</ele></trkpt>
      <trkpt lat="54.529354" lon="36.110607"><ele>147.6</ele></trkpt>
      <trkpt lat="54.529505" lon="36.110491"><ele>147.2</ele></trkpt>
      <trkpt lat="54.529692" lon="36.110361"><ele>146.6</ele></trkpt>
      <trkpt lat="54.529841" lon="36.110234"><ele>146.1</ele></trkpt>
      <trkpt lat="54.529852" lon="36.110049"><ele>145.8</ele></trkpt>
      <trkpt lat="54.529919" lon="36.109782"><ele>145.4</ele></trkpt>
      <trkpt lat="54.52993" lon="36.109742"><ele>145.3</ele></trkpt>
      <trkpt lat="54.529931" lon="36.109716"><ele>145.3</ele></trkpt>
      <trkpt lat="54.529914" lon="36.109645"><ele>145.3</ele></trkpt>
      <trkpt lat="54.529763" lon="36.109515"><ele>145.4</ele></trkpt>
      <trkpt lat="54.529494" lon="36.109296"><ele>145.6</ele></trkpt>
      <trkpt lat="54.529444" lon="36.109255"><ele>145.6</ele></trkpt>
      <trkpt lat="54.529261" lon="36.109125"><ele>145.5</ele></trkpt>
      <trkpt lat="54.529018" lon="36.108959"><ele>145.4</ele></trkpt>
      <trkpt lat="54.528943" lon="36.108907"><ele>145.4</ele></trkpt>
      <trkpt lat="54.528763" lon="36.108763"><ele>145.4</ele></trkpt>
      <trkpt lat="54.528566" lon="36.108577"><ele>145.5</ele></trkpt>
      <trkpt lat="54.528547" lon="36.108564"><ele>145.5</ele></trkpt>
      <trkpt lat="54.528488" lon="36.10851"><ele>145.4</ele></trkpt>
      <trkpt lat="54.528405" lon="36.108382"><ele>145.4</ele></trkpt>
      <trkpt lat="54.528163" lon="36.10798"><ele>145.4</ele></trkpt>
      <trkpt lat="54.527959" lon="36.107571"><ele>145.2</ele></trkpt>
      <trkpt lat="54.527673" lon="36.10705"><ele>144.6</ele></trkpt>
      <trkpt lat="54.527259" lon="36.106338"><ele>143.6</ele></trkpt>
      <trkpt lat="54.527086" lon="36.106061"><ele>142.8</ele></trkpt>
      <trkpt lat="54.526991" lon="36.105962"><ele>142.4</ele></trkpt>
      <trkpt lat="54.526772" lon="36.105819"><ele>141.4</ele></trkpt>
      <trkpt lat="54.526716" lon="36.105803"><ele>141.1</ele></trkpt>
      <trkpt lat="54.526406" lon="36.105814"><ele>139.6</ele></trkpt>
      <trkpt lat="54.526215" lon="36.105909"><ele>138.5</ele></trkpt>
      <trkpt lat="54.526084" lon="36.105996"><ele>137.7</ele></trkpt>
      <trkpt lat="54.525954" lon="36.106089"><ele>137.0</ele></trkpt>
      <trkpt lat="54.525623" lon="36.106377"><ele>135.4</ele></trkpt>
      <trkpt lat="54.525411" lon="36.10654"><ele>134.7</ele></trkpt>
      <trkpt lat="54.525198" lon="36.10665"><ele>134.2</ele></trkpt>
      <trkpt lat="54.524992" lon="36.106725"><ele>133.9</ele></trkpt>
      <trkpt lat="54.524845" lon="36.106719"><ele>133.7</ele></trkpt>
      <trkpt lat="54.524773" lon="36.106704"><ele>133.6</ele></trkpt>
      <trkpt lat="54.524563" lon="36.106611"><ele>133.2</ele></trkpt>
      <trkpt lat="54.524497" lon="36.106568"><ele>133.0</ele></trkpt>
      <trkpt lat="54.524135" lon="36.106237"><ele>132.2</ele></trkpt>
      <trkpt lat="54.523823" lon="36.105817"><ele>132.1</ele></trkpt>
      <trkpt lat="54.523744" lon="36.105695"><ele>132.1</ele></trkpt>
      <trkpt lat="54.523388" lon="36.105201"><ele>132.0</ele></trkpt>
      <trkpt lat="54.522922" lon="36.104598"><ele>132.7</ele></trkpt>
      <trkpt lat="54.5227" lon="36.104314"><ele>133.0</ele></trkpt>
      <trkpt lat="54.5226" lon="36.104184"><ele>133.1</ele></trkpt>
      <trkpt lat="54.522509" lon="36.104081"><ele>133.3</ele></trkpt>
      <trkpt lat="54.522327" lon="36.103887"><ele>133.6</ele></trkpt>
      <trkpt lat="54.522004" lon="36.103669"><ele>133.8</ele></trkpt>
      <trkpt lat="54.521893" lon="36.103572"><ele>133.6</ele></trkpt>
      <trkpt lat="54.521685" lon="36.103464"><ele>133.3</ele></trkpt>
      <trkpt lat="54.521403" lon="36.103321"><ele>133.1</ele></trkpt>
      <trkpt lat="54.521096" lon="36.1031"><ele>133.3</ele></trkpt>
      <trkpt lat="54.520934" lon="36.103003"><ele>133.5</ele></trkpt>
      <trkpt lat="54.520802" lon="36.10293"><ele>133.5</ele></trkpt>
      <trkpt lat="54.520546" lon="36.102767"><ele>133.7</ele></trkpt>
      <trkpt lat="54.520211" lon="36.102542"><ele>133.9</ele></trkpt>
      <trkpt lat="54.520029" lon="36.102426"><ele>133.8</ele></trkpt>
      <trkpt lat="54.519924" lon="36.102361"><ele>133.7</ele></trkpt>
      <trkpt lat="54.519535" lon="36.102131"><ele>133.8</ele></trkpt>
      <trkpt lat="54.519092" lon="36.101923"><ele>133.8</ele></trkpt>
      <trkpt lat="54.518869" lon="36.101816"><ele>133.9</ele></trkpt>
      <trkpt lat="54.518655" lon="36.101713"><ele>133.9</ele></trkpt>
      <trkpt lat="54.518274" lon="36.101514"><ele>133.5</ele></trkpt>
      <trkpt lat="54.518223" lon="36.101491"><ele>133.5</ele></trkpt>
      <trkpt lat="54.518111" lon="36.101419"><ele>133.4</ele></trkpt>
      <trkpt lat="54.517899" lon="36.101314"><ele>133.3</ele></trkpt>
      <trkpt lat="54.517687" lon="36.101227"><ele>133.1</ele></trkpt>
      <trkpt lat="54.517539" lon="36.101152"><ele>133.0</ele></trkpt>
      <trkpt lat="54.517021" lon="36.100873"><ele>132.7</ele></trkpt>
      <trkpt lat="54.51693" lon="36.100834"><ele>132.7</ele></trkpt>
      <trkpt lat="54.516501" lon="36.10062"><ele>133.0</ele></trkpt>
      <trkpt lat="54.515997" lon="36.100342"><ele>133.5</ele></trkpt>
      <trkpt lat="54.515511" lon="36.10002"><ele>133.4</ele></trkpt>
      <trkpt lat="54.515109" lon="36.099655"><ele>133.5</ele></trkpt>
      <trkpt lat="54.514625" lon="36.099228"><ele>132.7</ele></trkpt>
      <trkpt lat="54.514569" lon="36.099178"><ele>132.6</ele></trkpt>
      <trkpt lat="54.51405" lon="36.098719"><ele>131.0</ele></trkpt>
      <trkpt lat="54.513992" lon="36.098661"><ele>130.8</ele></trkpt>
      <trkpt lat="54.513597" lon="36.098298"><ele>129.4</ele></trkpt>
      <trkpt lat="54.513514" lon="36.098222"><ele>129.0</ele></trkpt>
      <trkpt lat="54.513219" lon="36.097956"><ele>127.8</ele></trkpt>
      <trkpt lat="54.51291" lon="36.097668"><ele>126.7</ele></trkpt>
      <trkpt lat="54.51277" lon="36.097536"><ele>126.2</ele></trkpt>
      <trkpt lat="54.512676" lon="36.097449"><ele>125.9</ele></trkpt>
      <trkpt lat="54.512443" lon="36.097235"><ele>125.5</ele></trkpt>
      <trkpt lat="54.512108" lon="36.09692"><ele>125.1</ele></trkpt>
      <trkpt lat="54.511643" lon="36.09648"><ele>124.9</ele></trkpt>
      <trkpt lat="54.511147" lon="36.095896"><ele>126.4</ele></trkpt>
      <trkpt lat="54.510818" lon="36.095473"><ele>128.4</ele></trkpt>
      <trkpt lat="54.510769" lon="36.095408"><ele>128.7</ele></trkpt>
      <trkpt lat="54.51062" lon="36.095236"><ele>129.7</ele></trkpt>
      <trkpt lat="54.510488" lon="36.095075"><ele>130.6</ele></trkpt>
      <trkpt lat="54.510361" lon="36.094924"><ele>131.5</ele></trkpt>
      <trkpt lat="54.510328" lon="36.09489"><ele>131.6</ele></trkpt>
      <trkpt lat="54.510259" lon="36.094814"><ele>132.0</ele></trkpt>
      <trkpt lat="54.510126" lon="36.094652"><ele>132.6</ele></trkpt>
      <trkpt lat="54.50998" lon="36.094466"><ele>133.0</ele></trkpt>
      <trkpt lat="54.509918" lon="36.094409"><ele>133.1</ele></trkpt>
      <trkpt lat="54.509725" lon="36.09425"><ele>133.3</ele></trkpt>
      <trkpt lat="54.50968" lon="36.094199"><ele>133.3</ele></trkpt>
      <trkpt lat="54.509576" lon="36.094108"><ele>133.4</ele></trkpt>
      <trkpt lat="54.509372" lon="36.093907"><ele>133.6</ele></trkpt>
      <trkpt lat="54.509189" lon="36.093759"><ele>133.7</ele></trkpt>
      <trkpt lat="54.509189" lon="36.093759"><ele>133.1</ele></trkpt>
      <trkpt lat="54.509197" lon="36.093337"><ele>131.0</ele></trkpt>
      <trkpt lat="54.509205" lon="36.092921"><ele>128.8</ele></trkpt>
      <trkpt lat="54.509214" lon="36.092503"><ele>128.5</ele></trkpt>
      <trkpt lat="54.509217" lon="36.092331"><ele>128.6</ele></trkpt>
      <trkpt lat="54.50922" lon="36.092157"><ele>128.2</ele></trkpt>
      <trkpt lat="54.509223" lon="36.091992"><ele>128.4</ele></trkpt>
      <trkpt lat="54.509231" lon="36.091588"><ele>128.7</ele></trkpt>
      <trkpt lat="54.50924" lon="36.091151"><ele>128.0</ele></trkpt>
      <trkpt lat="54.509245" lon="36.09088"><ele>126.5</ele></trkpt>
      <trkpt lat="54.509247" lon="36.090776"><ele>125.9</ele></trkpt>
      <trkpt lat="54.509249" lon="36.090678"><ele>125.3</ele></trkpt>
      <trkpt lat="54.509251" lon="36.090557"><ele>124.7</ele></trkpt>
      <trkpt lat="54.509255" lon="36.090351"><ele>123.2</ele></trkpt>
      <trkpt lat="54.509264" lon="36.089923"><ele>122.4</ele></trkpt>
      <trkpt lat="54.509268" lon="36.089712"><ele>121.8</ele></trkpt>
      <trkpt lat="54.509272" lon="36.089488"><ele>121.2</ele></trkpt>
      <trkpt lat="54.509274" lon="36.089403"><ele>120.2</ele></trkpt>
      <trkpt lat="54.50933" lon="36.089493"><ele>119.2</ele></trkpt>
      <trkpt lat="54.509436" lon="36.08945"><ele>118.9</ele></trkpt>
      <trkpt lat="54.509533" lon="36.089259"><ele>118.5</ele></trkpt>
      <trkpt lat="54.50955" lon="36.089173"><ele>118.4</ele></trkpt>
      <trkpt lat="54.509595" lon="36.088956"><ele>118.1</ele></trkpt>
      <trkpt lat="54.509626" lon="36.088788"><ele>117.8</ele></trkpt>
      <trkpt lat="54.509638" lon="36.088754"><ele>117.8</ele></trkpt>
      <trkpt lat="54.509746" lon="36.088516"><ele>117.5</ele></trkpt>
      <trkpt lat="54.509863" lon="36.088225"><ele>117.1</ele></trkpt>
      <trkpt lat="54.509969" lon="36.088048"><ele>116.5</ele></trkpt>
      <trkpt lat="54.510059" lon="36.087763"><ele>116.1</ele></trkpt>
      <trkpt lat="54.510143" lon="36.087455"><ele>115.9</ele></trkpt>
      <trkpt lat="54.510211" lon="36.087287"><ele>115.9</ele></trkpt>
      <trkpt lat="54.510222" lon="36.087245"><ele>115.9</ele></trkpt>
      <trkpt lat="54.510241" lon="36.087194"><ele>115.9</ele></trkpt>
      <trkpt lat="54.510275" lon="36.087016"><ele>115.9</ele></trkpt>
      <trkpt lat="54.510317" lon="36.086742"><ele>116.1</ele></trkpt>
      <trkpt lat="54.51042" lon="36.086424"><ele>116.4</ele></trkpt>
      <trkpt lat="54.510546" lon="36.086226"><ele>116.8</ele></trkpt>
      <trkpt lat="54.510593" lon="36.086154"><ele>116.9</ele></trkpt>
      <trkpt lat="54.510639" lon="36.086004"><ele>117.1</ele></trkpt>
      <trkpt lat="54.51071" lon="36.085813"><ele>117.3</ele></trkpt>
      <trkpt lat="54.510717" lon="36.085639"><ele>117.5</ele></trkpt>
      <trkpt lat="54.510722" lon="36.085603"><ele>117.5</ele></trkpt>
      <trkpt lat="54.51082" lon="36.085445"><ele>117.7</ele></trkpt>
      <trkpt lat="54.51089" lon="36.085288"><ele>117.8</ele></trkpt>
      <trkpt lat="54.510977" lon="36.085177"><ele>117.9</ele></trkpt>
      <trkpt lat="54.510995" lon="36.085126"><ele>117.9</ele></trkpt>
      <trkpt lat="54.511016" lon="36.084961"><ele>117.9</ele></trkpt>
      <trkpt lat="54.511114" lon="36.084671"><ele>118.0</ele></trkpt>
      <trkpt lat="54.511242" lon="36.084281"><ele>118.2</ele></trkpt>
      <trkpt lat="54.511259" lon="36.084239"><ele>118.2</ele></trkpt>
      <trkpt lat="54.511375" lon="36.083912"><ele>118.4</ele></trkpt>
      <trkpt lat="54.511458" lon="36.083699"><ele>118.5</ele></trkpt>
      <trkpt lat="54.511527" lon="36.083416"><ele>118.7</ele></trkpt>
      <trkpt lat="54.511571" lon="36.083111"><ele>118.8</ele></trkpt>
      <trkpt lat="54.511622" lon="36.082801"><ele>118.8</ele></trkpt>
      <trkpt lat="54.511673" lon="36.082467"><ele>118.9</ele></trkpt>
      <trkpt lat="54.511731" lon="36.082191"><ele>118.9</ele></trkpt>
      <trkpt lat="54.511768" lon="36.082094"><ele>119.0</ele></trkpt>
      <trkpt lat="54.511779" lon="36.082053"><ele>119.0</ele></trkpt>
      <trkpt lat="54.51184" lon="36.081668"><ele>119.0</ele></trkpt>
      <trkpt lat="54.511895" lon="36.081308"><ele>119.0</ele></trkpt>
      <trkpt lat="54.511917" lon="36.080995"><ele>119.0</ele></trkpt>
      <trkpt lat="54.511978" lon="36.080563"><ele>119.0</ele></trkpt>
      <trkpt lat="54.511981" lon="36.080306"><ele>119.0</ele></trkpt>
      <trkpt lat="54.512006" lon="36.079947"><ele>119.1</ele></trkpt>
      <trkpt lat="54.512009" lon="36.079635"><ele>119.1</ele></trkpt>
      <trkpt lat="54.511976" lon="36.079377"><ele>119.2</ele></trkpt>
      <trkpt lat="54.511927" lon="36.078975"><ele>119.4</ele></trkpt>
      <trkpt lat="54.511841" lon="36.078717"><ele>119.6</ele></trkpt>
      <trkpt lat="54.511778" lon="36.07845"><ele>119.7</ele></trkpt>
      <trkpt lat="54.511704" lon="36.078216"><ele>119.9</ele></trkpt>
      <trkpt lat="54.511575" lon="36.077926"><ele>120.1</ele></trkpt>
      <trkpt lat="54.511511" lon="36.077823"><ele>120.1</ele></trkpt>
      <trkpt lat="54.511353" lon="36.077761"><ele>120.3</ele></trkpt>
      <trkpt lat="54.511223" lon="36.077711"><ele>120.5</ele></trkpt>
      <trkpt lat="54.511206" lon="36.077576"><ele>120.6</ele></trkpt>
      <trkpt lat="54.511164" lon="36.077436"><ele>120.7</ele></trkpt>
      <trkpt lat="54.511102" lon="36.077289"><ele>120.7</ele></trkpt>
      <trkpt lat="54.511101" lon="36.077253"><ele>120.7</ele></trkpt>
      <trkpt lat="54.511125" lon="36.076844"><ele>120.2</ele></trkpt>
      <trkpt lat="54.511147" lon="36.076518"><ele>120.3</ele></trkpt>
      <trkpt lat="54.511109" lon="36.076334"><ele>120.4</ele></trkpt>
      <trkpt lat="54.511075" lon="36.07636"><ele>120.4</ele></trkpt>
      <trkpt lat="54.511049" lon="36.076265"><ele>120.5</ele></trkpt>
      <trkpt lat="54.511047" lon="36.076188"><ele>120.5</ele></trkpt>
      <trkpt lat="54.511023" lon="36.076067"><ele>120.6</ele></trkpt>
      <trkpt lat="54.511013" lon="36.076038"><ele>120.6</ele></trkpt>
      <trkpt lat="54.510994" lon="36.075995"><ele>120.7</ele></trkpt>
      <trkpt lat="54.510965" lon="36.07585"><ele>120.8</ele></trkpt>
      <trkpt lat="54.51096" lon="36.0758"><ele>120.8</ele></trkpt>
      <trkpt lat="54.511004" lon="36.075664"><ele>120.9</ele></trkpt>
      <trkpt lat="54.51107" lon="36.075608"><ele>121.0</ele></trkpt>
      <trkpt lat="54.511052" lon="36.075351"><ele>121.2</ele></trkpt>
      <trkpt lat="54.511085" lon="36.075146"><ele>121.5</ele></trkpt>
      <trkpt lat="54.511071" lon="36.074742"><ele>122.2</ele></trkpt>
      <trkpt lat="54.511057" lon="36.074527"><ele>122.7</ele></trkpt>
      <trkpt lat="54.511006" lon="36.074315"><ele>123.2</ele></trkpt>
      <trkpt lat="54.510883" lon="36.07416"><ele>123.8</ele></trkpt>
      <trkpt lat="54.510847" lon="36.074119"><ele>123.9</ele></trkpt>
      <trkpt lat="54.510771" lon="36.074027"><ele>124.3</ele></trkpt>
      <trkpt lat="54.510625" lon="36.073857"><ele>125.1</ele></trkpt>
      <trkpt lat="54.510564" lon="36.073778"><ele>125.5</ele></trkpt>
      <trkpt lat="54.510475" lon="36.073697"><ele>126.0</ele></trkpt>
      <trkpt lat="54.510285" lon="36.073469"><ele>126.8</ele></trkpt>
      <trkpt lat="54.510277" lon="36.073426"><ele>126.9</ele></trkpt>
      <trkpt lat="54.510275" lon="36.073402"><ele>126.9</ele></trkpt>
      <trkpt lat="54.510277" lon="36.073224"><ele>127.2</ele></trkpt>
      <trkpt lat="54.510247" lon="36.073101"><ele>127.4</ele></trkpt>
      <trkpt lat="54.510229" lon="36.073072"><ele>127.5</ele></trkpt>
      <trkpt lat="54.510213" lon="36.073028"><ele>127.6</ele></trkpt>
      <trkpt lat="54.510206" lon="36.073011"><ele>127.6</ele></trkpt>
      <trkpt lat="54.510201" lon="36.072996"><ele>127.7</ele></trkpt>
      <trkpt lat="54.510185" lon="36.072931"><ele>127.8</ele></trkpt>
      <trkpt lat="54.510159" lon="36.072869"><ele>127.9</ele></trkpt>
      <trkpt lat="54.510106" lon="36.072715"><ele>128.1</ele></trkpt>
      <trkpt lat="54.510144" lon="36.072655"><ele>128.3</ele></trkpt>
      <trkpt lat="54.510114" lon="36.072585"><ele>128.4</ele></trkpt>
      <trkpt lat="54.510058" lon="36.072495"><ele>128.6</ele></trkpt>
      <trkpt lat="54.510024" lon="36.072438"><ele>128.7</ele></trkpt>
      <trkpt lat="54.509919" lon="36.072332"><ele>129.0</ele></trkpt>
      <trkpt lat="54.509841" lon="36.07225"><ele>129.2</ele></trkpt>
      <trkpt lat="54.509833" lon="36.072166"><ele>129.3</ele></trkpt>
      <trkpt lat="54.5099" lon="36.07212"><ele>129.5</ele></trkpt>
      <trkpt lat="54.5099" lon="36.07212"><ele>129.5</ele></trkpt>
      <trkpt lat="54.509923" lon="36.071929"><ele>129.8</ele></trkpt>
      <trkpt lat="54.509941" lon="36.07189"><ele>129.8</ele></trkpt>
      <trkpt lat="54.509964" lon="36.071842"><ele>129.9</ele></trkpt>
      <trkpt lat="54.510022" lon="36.071708"><ele>129.5</ele></trkpt>
      <trkpt lat="54.510129" lon="36.071514"><ele>128.7</ele></trkpt>
      <trkpt lat="54.510219" lon="36.071147"><ele>127.5</ele></trkpt>
      <trkpt lat="54.510228" lon="36.070951"><ele>127.2</ele></trkpt>
      <trkpt lat="54.510206" lon="36.070875"><ele>127.5</ele></trkpt>
      <trkpt lat="54.510208" lon="36.070761"><ele>127.9</ele></trkpt>
      <trkpt lat="54.51023" lon="36.070731"><ele>128.1</ele></trkpt>
      <trkpt lat="54.510251" lon="36.070705"><ele>128.3</ele></trkpt>
      <trkpt lat="54.510282" lon="36.070578"><ele>128.8</ele></trkpt>
      <trkpt lat="54.510303" lon="36.070406"><ele>129.8</ele></trkpt>
      <trkpt lat="54.510295" lon="36.070197"><ele>129.6</ele></trkpt>
      <trkpt lat="54.510311" lon="36.07005"><ele>129.3</ele></trkpt>
      <trkpt lat="54.510272" lon="36.069687"><ele>128.6</ele></trkpt>
      <trkpt lat="54.510238" lon="36.069373"><ele>127.9</ele></trkpt>
      <trkpt lat="54.510227" lon="36.069249"><ele>127.6</ele></trkpt>
      <trkpt lat="54.5102" lon="36.069034"><ele>127.2</ele></trkpt>
      <trkpt lat="54.510133" lon="36.068855"><ele>126.9</ele></trkpt>
      <trkpt lat="54.510083" lon="36.068756"><ele>126.9</ele></trkpt>
      <trkpt lat="54.509997" lon="36.068577"><ele>126.9</ele></trkpt>
      <trkpt lat="54.509893" lon="36.068372"><ele>126.7</ele></trkpt>
      <trkpt lat="54.509779" lon="36.067994"><ele>125.9</ele></trkpt>
      <trkpt lat="54.509762" lon="36.067829"><ele>125.8</ele></trkpt>
      <trkpt lat="54.50977" lon="36.067674"><ele>125.8</ele></trkpt>
      <trkpt lat="54.509792" lon="36.067557"><ele>125.9</ele></trkpt>
      <trkpt lat="54.509812" lon="36.067513"><ele>125.9</ele></trkpt>
      <trkpt lat="54.509838" lon="36.067405"><ele>125.8</ele></trkpt>
      <trkpt lat="54.509873" lon="36.067392"><ele>125.8</ele></trkpt>
      <trkpt lat="54.509904" lon="36.067395"><ele>125.7</ele></trkpt>
      <trkpt lat="54.51014" lon="36.067496"><ele>124.3</ele></trkpt>
      <trkpt lat="54.5103" lon="36.067523"><ele>124.0</ele></trkpt>
      <trkpt lat="54.510404" lon="36.067508"><ele>123.9</ele></trkpt>
      <trkpt lat="54.510451" lon="36.067493"><ele>123.9</ele></trkpt>
      <trkpt lat="54.510579" lon="36.067407"><ele>123.9</ele></trkpt>
      <trkpt lat="54.510611" lon="36.067361"><ele>123.9</ele></trkpt>
      <trkpt lat="54.510793" lon="36.067118"><ele>124.0</ele></trkpt>
      <trkpt lat="54.510814" lon="36.067097"><ele>124.0</ele></trkpt>
      <trkpt lat="54.510848" lon="36.06712"><ele>124.0</ele></trkpt>
      <trkpt lat="54.510949" lon="36.067258"><ele>124.0</ele></trkpt>
      <trkpt lat="54.510978" lon="36.067274"><ele>124.2</ele></trkpt>
      <trkpt lat="54.511014" lon="36.067277"><ele>124.3</ele></trkpt>
      <trkpt lat="54.511083" lon="36.067253"><ele>124.4</ele></trkpt>
      <trkpt lat="54.511098" lon="36.067256"><ele>124.5</ele></trkpt>
      <trkpt lat="54.511119" lon="36.067291"><ele>124.5</ele></trkpt>
      <trkpt lat="54.511147" lon="36.067395"><ele>124.7</ele></trkpt>
      <trkpt lat="54.511252" lon="36.067615"><ele>125.0</ele></trkpt>
      <trkpt lat="54.51133" lon="36.067784"><ele>125.1</ele></trkpt>
      <trkpt lat="54.511444" lon="36.067858"><ele>125.4</ele></trkpt>
      <trkpt lat="54.511535" lon="36.067829"><ele>125.6</ele></trkpt>
      <trkpt lat="54.511607" lon="36.067842"><ele>125.9</ele></trkpt>
      <trkpt lat="54.511653" lon="36.067851"><ele>126.1</ele></trkpt>
      <trkpt lat="54.511725" lon="36.067912"><ele>126.5</ele></trkpt>
      <trkpt lat="54.511876" lon="36.068014"><ele>127.1</ele></trkpt>
      <trkpt lat="54.511908" lon="36.068026"><ele>127.2</ele></trkpt>
      <trkpt lat="54.512178" lon="36.068256"><ele>128.0</ele></trkpt>
      <trkpt lat="54.512267" lon="36.068358"><ele>128.1</ele></trkpt>
      <trkpt lat="54.512297" lon="36.068396"><ele>128.2</ele></trkpt>
      <trkpt lat="54.512392" lon="36.068525"><ele>128.4</ele></trkpt>
      <trkpt lat="54.512402" lon="36.068566"><ele>128.4</ele></trkpt>
      <trkpt lat="54.512453" lon="36.068701"><ele>128.5</ele></trkpt>
      <trkpt lat="54.51263" lon="36.068985"><ele>128.6</ele></trkpt>
      <trkpt lat="54.512703" lon="36.069125"><ele>128.6</ele></trkpt>
      <trkpt lat="54.512931" lon="36.069474"><ele>128.6</ele></trkpt>
      <trkpt lat="54.512971" lon="36.069591"><ele>128.6</ele></trkpt>
      <trkpt lat="54.513092" lon="36.069742"><ele>128.7</ele></trkpt>
      <trkpt lat="54.513212" lon="36.070002"><ele>128.8</ele></trkpt>
      <trkpt lat="54.513263" lon="36.070076"><ele>128.9</ele></trkpt>
      <trkpt lat="54.513368" lon="36.07016"><ele>129.1</ele></trkpt>
      <trkpt lat="54.513504" lon="36.070169"><ele>129.4</ele></trkpt>
      <trkpt lat="54.513826" lon="36.070093"><ele>129.4</ele></trkpt>
      <trkpt lat="54.513918" lon="36.070089"><ele>129.4</ele></trkpt>
      <trkpt lat="54.514121" lon="36.070059"><ele>129.6</ele></trkpt>
      <trkpt lat="54.514298" lon="36.070021"><ele>129.6</ele></trkpt>
      <trkpt lat="54.514527" lon="36.069889"><ele>129.4</ele></trkpt>
      <trkpt lat="54.514705" lon="36.069824"><ele>129.0</ele></trkpt>
      <trkpt lat="54.514812" lon="36.069834"><ele>128.7</ele></trkpt>
      <trkpt lat="54.514966" lon="36.069864"><ele>128.2</ele></trkpt>
      <trkpt lat="54.515202" lon="36.06993"><ele>127.6</ele></trkpt>
      <trkpt lat="54.515202" lon="36.06993"><ele>127.6</ele></trkpt>
      <trkpt lat="54.515202" lon="36.06993"><ele>127.6</ele></trkpt>
      <trkpt lat="54.515202" lon="36.06993"><ele>127.6</ele></trkpt>
      <trkpt lat="54.515202" lon="36.06993"><ele>127.6</ele></trkpt>
      <trkpt lat="54.515202" lon="36.06993"><ele>127.6</ele></trkpt>
      <trkpt lat="54.515202" lon="36.06993"><ele>127.6</ele></trkpt>
      <trkpt lat="54.515202" lon="36.06993"><ele>127.6</ele></trkpt>
      <trkpt lat="54.515202" lon="36.06993"><ele>127.6</ele></trkpt>
      <trkpt lat="54.515202" lon="36.06993"><ele>127.6</ele></trkpt>
      <trkpt lat="54.515202" lon="36.06993"><ele>127.6</ele></trkpt>
      <trkpt lat="54.515202" lon="36.06993"><ele>127.6</ele></trkpt>
      <trkpt lat="54.515202" lon="36.06993"><ele>127.6</ele></trkpt>
      <trkpt lat="54.515202" lon="36.06993"><ele>127.6</ele></trkpt>
      <trkpt lat="54.515202" lon="36.06993"><ele>127.6</ele></trkpt>
      <trkpt lat="54.515202" lon="36.06993"><ele>127.6</ele></trkpt>
      <trkpt lat="54.515202" lon="36.06993"><ele>127.6</ele></trkpt>
      <trkpt lat="54.515202" lon="36.06993"><ele>127.6</ele></trkpt>
      <trkpt lat="54.515202" lon="36.06993"><ele>127.6</ele></trkpt>
      <trkpt lat="54.515202" lon="36.06993"><ele>127.6</ele></trkpt>
      <trkpt lat="54.515202" lon="36.06993"><ele>127.6</ele></trkpt>
      <trkpt lat="54.515202" lon="36.06993"><ele>127.6</ele></trkpt>
      <trkpt lat="54.515202" lon="36.06993"><ele>127.6</ele></trkpt>
      <trkpt lat="54.515202" lon="36.06993"><ele>127.6</ele></trkpt>
      <trkpt lat="54.515202" lon="36.06993"><ele>127.6</ele></trkpt>
      <trkpt lat="54.515202" lon="36.06993"><ele>127.6</ele></trkpt>
      <trkpt lat="54.515202" lon="36.06993"><ele>127.6</ele></trkpt>
      <trkpt lat="54.515202" lon="36.06993"><ele>127.6</ele></trkpt>
      <trkpt lat="54.515202" lon="36.06993"><ele>127.6</ele></trkpt>
      <trkpt lat="54.515202" lon="36.06993"><ele>127.6</ele></trkpt>
      <trkpt lat="54.515202" lon="36.06993"><ele>127.6</ele></trkpt>
      <trkpt lat="54.515202" lon="36.06993"><ele>127.6</ele></trkpt>
      <trkpt lat="54.515202" lon="36.06993"><ele>127.6</ele></trkpt>
      <trkpt lat="54.515202" lon="36.06993"><ele>127.6</ele></trkpt>
      <trkpt lat="54.515202" lon="36.06993"><ele>127.6</ele></trkpt>
      <trkpt lat="54.515202" lon="36.06993"><ele>127.6</ele></trkpt>
      <trkpt lat="54.515202" lon="36.06993"><ele>127.6</ele></trkpt>
      <trkpt lat="54.515202" lon="36.06993"><ele>127.6</ele></trkpt>
      <trkpt lat="54.515202" lon="36.06993"><ele>127.6</ele></trkpt>
      <trkpt lat="54.515202" lon="36.06993"><ele>127.6</ele></trkpt>
      <trkpt lat="54.515202" lon="36.06993"><ele>127.6</ele></trkpt>
      <trkpt lat="54.515202" lon="36.06993"><ele>127.6</ele></trkpt>
      <trkpt lat="54.515202" lon="36.06993"><ele>127.6</ele></trkpt>
      <trkpt lat="54.515202" lon="36.06993"><ele>127.6</ele></trkpt>
      <trkpt lat="54.515202" lon="36.06993"><ele>127.6</ele></trkpt>
      <trkpt lat="54.515202" lon="36.06993"><ele>127.6</ele></trkpt>
      <trkpt lat="54.515202" lon="36.06993"><ele>127.6</ele></trkpt>
      <trkpt lat="54.515202" lon="36.06993"><ele>127.6</ele></trkpt>
      <trkpt lat="54.515202" lon="36.06993"><ele>127.6</ele></trkpt>
      <trkpt lat="54.515202" lon="36.06993"><ele>127.6</ele></trkpt>
      <trkpt lat="54.515202" lon="36.06993"><ele>127.6</ele></trkpt>
      <trkpt lat="54.515202" lon="36.06993"><ele>127.6</ele></trkpt>
      <trkpt lat="54.515202" lon="36.06993"><ele>127.6</ele></trkpt>
      <trkpt lat="54.515202" lon="36.06993"><ele>127.6</ele></trkpt>
      <trkpt lat="54.515202" lon="36.06993"><ele>127.6</ele></trkpt>
      <trkpt lat="54.515202" lon="36.06993"><ele>127.6</ele></trkpt>
      <trkpt lat="54.515202" lon="36.06993"><ele>127.6</ele></trkpt>
      <trkpt lat="54.515202" lon="36.06993"><ele>127.6</ele></trkpt>
      <trkpt lat="54.515202" lon="36.06993"><ele>127.6</ele></trkpt>
      <trkpt lat="54.515202" lon="36.06993"><ele>127.6</ele></trkpt>
      <trkpt lat="54.515202" lon="36.06993"><ele>127.6</ele></trkpt>
      <trkpt lat="54.515202" lon="36.06993"><ele>127.6</ele></trkpt>
      <trkpt lat="54.515202" lon="36.06993"><ele>127.6</ele></trkpt>
      <trkpt lat="54.515202" lon="36.06993"><ele>127.6</ele></trkpt>
      <trkpt lat="54.515202" lon="36.06993"><ele>127.6</ele></trkpt>
      <trkpt lat="54.515202" lon="36.06993"><ele>127.6</ele></trkpt>
      <trkpt lat="54.515202" lon="36.06993"><ele>127.6</ele></trkpt>
      <trkpt lat="54.515202" lon="36.06993"><ele>127.6</ele></trkpt>
      <trkpt lat="54.515202" lon="36.06993"><ele>127.6</ele></trkpt>
      <trkpt lat="54.515202" lon="36.06993"><ele>127.6</ele></trkpt>
      <trkpt lat="54.515202" lon="36.06993"><ele>127.6</ele></trkpt>
      <trkpt lat="54.515202" lon="36.06993"><ele>127.6</ele></trkpt>
      <trkpt lat="54.515202" lon="36.06993"><ele>127.6</ele></trkpt>
      <trkpt lat="54.515202" lon="36.06993"><ele>127.6</ele></trkpt>
      <trkpt lat="54.515202" lon="36.06993"><ele>127.6</ele></trkpt>
      <trkpt lat="54.515202" lon="36.06993"><ele>127.6</ele></trkpt>
      <trkpt lat="54.515202" lon="36.06993"><ele>127.6</ele></trkpt>
      <trkpt lat="54.515202" lon="36.06993"><ele>127.6</ele></trkpt>
      <trkpt lat="54.515202" lon="36.06993"><ele>127.6</ele></trkpt>
      <trkpt lat="54.515202" lon="36.06993"><ele>127.6</ele></trkpt>
      <trkpt lat="54.515202" lon="36.06993"><ele>127.6</ele></trkpt>
      <trkpt lat="54.515202" lon="36.06993"><ele>127.6</ele></trkpt>
      <trkpt lat="54.515202" lon="36.06993"><ele>127.6</ele></trkpt>
      <trkpt lat="54.515202" lon="36.06993"><ele>127.6</ele></trkpt>
      <trkpt lat="54.515202" lon="36.06993"><ele>127.6</ele></trkpt>
      <trkpt lat="54.515202" lon="36.06993"><ele>127.6</ele></trkpt>
      <trkpt lat="54.515202" lon="36.06993"><ele>127.6</ele></trkpt>
      <trkpt lat="54.515202" lon="36.06993"><ele>127.6</ele></trkpt>
      <trkpt lat="54.515202" lon="36.06993"><ele>127.6</ele></trkpt>
      <trkpt lat="54.515202" lon="36.06993"><ele>127.6</ele></trkpt>
      <trkpt lat="54.515202" lon="36.06993"><ele>127.6</ele></trkpt>
      <trkpt lat="54.515202" lon="36.06993"><ele>127.6</ele></trkpt>
      <trkpt lat="54.515202" lon="36.06993"><ele>127.6</ele></trkpt>
      <trkpt lat="54.515202" lon="36.06993"><ele>127.6</ele></trkpt>
      <trkpt lat="54.515202" lon="36.06993"><ele>127.6</ele></trkpt>
      <trkpt lat="54.515202" lon="36.06993"><ele>127.6</ele></trkpt>
      <trkpt lat="54.515202" lon="36.06993"><ele>127.6</ele></trkpt>
      <trkpt lat="54.515202" lon="36.06993"><ele>127.6</ele></trkpt>
      <trkpt lat="54.515202" lon="36.06993"><ele>127.6</ele></trkpt>
      <trkpt lat="54.515202" lon="36.06993"><ele>127.6</ele></trkpt>
      <trkpt lat="54.515202" lon="36.06993"><ele>127.6</ele></trkpt>
      <trkpt lat="54.515202" lon="36.06993"><ele>127.6</ele></trkpt>
      <trkpt lat="54.515202" lon="36.06993"><ele>127.6</ele></trkpt>
      <trkpt lat="54.515202" lon="36.06993"><ele>127.6</ele></trkpt>
      <trkpt lat="54.515202" lon="36.06993"><ele>127.6</ele></trkpt>
      <trkpt lat="54.515202" lon="36.06993"><ele>127.6</ele></trkpt>
      <trkpt lat="54.515202" lon="36.06993"><ele>127.6</ele></trkpt>
      <trkpt lat="54.515202" lon="36.06993"><ele>127.6</ele></trkpt>
      <trkpt lat="54.515202" lon="36.06993"><ele>127.6</ele></trkpt>
      <trkpt lat="54.515202" lon="36.06993"><ele>127.6</ele></trkpt>
      <trkpt lat="54.515202" lon="36.06993"><ele>127.6</ele></trkpt>
      <trkpt lat="54.515202" lon="36.06993"><ele>127.6</ele></trkpt>
      <trkpt lat="54.515202" lon="36.06993"><ele>127.6</ele></trkpt>
      <trkpt lat="54.515202" lon="36.06993"><ele>127.6</ele></trkpt>
      <trkpt lat="54.515202" lon="36.06993"><ele>127.6</ele></trkpt>
      <trkpt lat="54.515202" lon="36.06993"><ele>127.6</ele></trkpt>
      <trkpt lat="54.515202" lon="36.06993"><ele>127.6</ele></trkpt>
      <trkpt lat="54.515202" lon="36.06993"><ele>127.6</ele></trkpt>
      <trkpt lat="54.515202" lon="36.06993"><ele>127.6</ele></trkpt>
      <trkpt lat="54.515202" lon="36.06993"><ele>127.6</ele></trkpt>
      <trkpt lat="54.515202" lon="36.06993"><ele>127.6</ele></trkpt>
      <trkpt lat="54.515202" lon="36.06993"><ele>127.6</ele></trkpt>
      <trkpt lat="54.515202" lon="36.06993"><ele>127.6</ele></trkpt>
      <trkpt lat="54.515202" lon="36.06993"><ele>127.6</ele></trkpt>
      <trkpt lat="54.515202" lon="36.06993"><ele>127.6</ele></trkpt>
      <trkpt lat="54.515202" lon="36.06993"><ele>127.6</ele></trkpt>
      <trkpt lat="54.515202" lon="36.06993"><ele>127.6</ele></trkpt>
      <trkpt lat="54.515202" lon="36.06993"><ele>127.6</ele></trkpt>
      <trkpt lat="54.515202" lon="36.06993"><ele>127.6</ele></trkpt>
      <trkpt lat="54.515202" lon="36.06993"><ele>127.6</ele></trkpt>
      <trkpt lat="54.515202" lon="36.06993"><ele>127.6</ele></trkpt>
      <trkpt lat="54.515202" lon="36.06993"><ele>127.6</ele></trkpt>
      <trkpt lat="54.515202" lon="36.06993"><ele>127.6</ele></trkpt>
      <trkpt lat="54.515202" lon="36.06993"><ele>127.6</ele></trkpt>
      <trkpt lat="54.515202" lon="36.06993"><ele>127.6</ele></trkpt>
      <trkpt lat="54.515202" lon="36.06993"><ele>127.6</ele></trkpt>
      <trkpt lat="54.515202" lon="36.06993"><ele>127.6</ele></trkpt>
      <trkpt lat="54.515202" lon="36.06993"><ele>127.6</ele></trkpt>
      <trkpt lat="54.515202" lon="36.06993"><ele>127.6</ele></trkpt>
      <trkpt lat="54.515202" lon="36.06993"><ele>127.6</ele></trkpt>
      <trkpt lat="54.515202" lon="36.06993"><ele>127.6</ele></trkpt>
      <trkpt lat="54.515202" lon="36.06993"><ele>127.6</ele></trkpt>
      <trkpt lat="54.515202" lon="36.06993"><ele>127.6</ele></trkpt>
      <trkpt lat="54.515202" lon="36.06993"><ele>127.6</ele></trkpt>
      <trkpt lat="54.515202" lon="36.06993"><ele>127.6</ele></trkpt>
      <trkpt lat="54.515202" lon="36.06993"><ele>127.6</ele></trkpt>
      <trkpt lat="54.515202" lon="36.06993"><ele>127.6</ele></trkpt>
      <trkpt lat="54.515202" lon="36.06993"><ele>127.6</ele></trkpt>
      <trkpt lat="54.515202" lon="36.06993"><ele>127.6</ele></trkpt>
      <trkpt lat="54.515202" lon="36.06993"><ele>127.6</ele></trkpt>
      <trkpt lat="54.515202" lon="36.06993"><ele>127.6</ele></trkpt>
      <trkpt lat="54.515202" lon="36.06993"><ele>127.6</ele></trkpt>
      <trkpt lat="54.515202" lon="36.06993"><ele>127.6</ele></trkpt>
      <trkpt lat="54.515202" lon="36.06993"><ele>127.6</ele></trkpt>
      <trkpt lat="54.515202" lon="36.06993"><ele>127.6</ele></trkpt>
      <trkpt lat="54.515202" lon="36.06993"><ele>127.6</ele></trkpt>
      <trkpt lat="54.515202" lon="36.06993"><ele>127.6</ele></trkpt>
      <trkpt lat="54.515202" lon="36.06993"><ele>127.6</ele></trkpt>
      <trkpt lat="54.515202" lon="36.06993"><ele>127.6</ele></trkpt>
      <trkpt lat="54.515202" lon="36.06993"><ele>127.6</ele></trkpt>
      <trkpt lat="54.515202" lon="36.06993"><ele>127.6</ele></trkpt>
      <trkpt lat="54.515202" lon="36.06993"><ele>127.6</ele></trkpt>
      <trkpt lat="54.515202" lon="36.06993"><ele>127.6</ele></trkpt>
      <trkpt lat="54.515202" lon="36.06993"><ele>127.6</ele></trkpt>
      <trkpt lat="54.515202" lon="36.06993"><ele>127.6</ele></trkpt>
      <trkpt lat="54.515202" lon="36.06993"><ele>127.6</ele></trkpt>
      <trkpt lat="54.515202" lon="36.06993"><ele>127.6</ele></trkpt>
      <trkpt lat="54.515202" lon="36.06993"><ele>127.6</ele></trkpt>
      <trkpt lat="54.515202" lon="36.06993"><ele>127.6</ele></trkpt>
      <trkpt lat="54.515202" lon="36.06993"><ele>127.6</ele></trkpt>
      <trkpt lat="54.515202" lon="36.06993"><ele>127.6</ele></trkpt>
      <trkpt lat="54.515202" lon="36.06993"><ele>127.6</ele></trkpt>
      <trkpt lat="54.515202" lon="36.06993"><ele>127.6</ele></trkpt>
      <trkpt lat="54.515202" lon="36.06993"><ele>127.6</ele></trkpt>
      <trkpt lat="54.515202" lon="36.06993"><ele>127.6</ele></trkpt>
      <trkpt lat="54.515202" lon="36.06993"><ele>127.6</ele></trkpt>
      <trkpt lat="54.515202" lon="36.06993"><ele>127.6</ele></trkpt>
      <trkpt lat="54.515202" lon="36.06993"><ele>127.6</ele></trkpt>
      <trkpt lat="54.515202" lon="36.06993"><ele>127.6</ele></trkpt>
      <trkpt lat="54.515202" lon="36.06993"><ele>127.6</ele></trkpt>
      <trkpt lat="54.515202" lon="36.06993"><ele>127.6</ele></trkpt>
      <trkpt lat="54.515202" lon="36.06993"><ele>127.6</ele></trkpt>
      <trkpt lat="54.515202" lon="36.06993"><ele>127.6</ele></trkpt>
      <trkpt lat="54.515202" lon="36.06993"><ele>127.6</ele></trkpt>
      <trkpt lat="54.515202" lon="36.06993"><ele>127.6</ele></trkpt>
      <trkpt lat="54.515202" lon="36.06993"><ele>127.6</ele></trkpt>
      <trkpt lat="54.515202" lon="36.06993"><ele>127.6</ele></trkpt>
      <trkpt lat="54.515202" lon="36.06993"><ele>127.6</ele></trkpt>
      <trkpt lat="54.515202" lon="36.06993"><ele>127.6</ele></trkpt>
      <trkpt lat="54.515202" lon="36.06993"><ele>127.6</ele></trkpt>
      <trkpt lat="54.515202" lon="36.06993"><ele>127.6</ele></trkpt>
      <trkpt lat="54.515202" lon="36.06993"><ele>127.6</ele></trkpt>
      <trkpt lat="54.515202" lon="36.06993"><ele>127.6</ele></trkpt>
      <trkpt lat="54.515202" lon="36.06993"><ele>127.6</ele></trkpt>
      <trkpt lat="54.515202" lon="36.06993"><ele>127.6</ele></trkpt>
      <trkpt lat="54.515202" lon="36.06993"><ele>127.6</ele></trkpt>
      <trkpt lat="54.515202" lon="36.06993"><ele>127.6</ele></trkpt>
      <trkpt lat="54.515202" lon="36.06993"><ele>127.6</ele></trkpt>
      <trkpt lat="54.515202" lon="36.06993"><ele>127.6</ele></trkpt>
      <trkpt lat="54.515202" lon="36.06993"><ele>127.6</ele></trkpt>
    </trkseg>
  </trk>
  <trk>
    <name>День 1, сегмент 2</name>
    <trkseg>
      <trkpt lat="54.556015" lon="35.946778"><ele>166.9</ele></trkpt>
      <trkpt lat="54.556628" lon="35.946331"><ele>160.7</ele></trkpt>
      <trkpt lat="54.556724" lon="35.946254"><ele>159.8</ele></trkpt>
      <trkpt lat="54.557241" lon="35.945425"><ele>160.9</ele></trkpt>
      <trkpt lat="54.55731" lon="35.944841"><ele>161.9</ele></trkpt>
      <trkpt lat="54.557342" lon="35.944405"><ele>163.1</ele></trkpt>
      <trkpt lat="54.557319" lon="35.943875"><ele>163.3</ele></trkpt>
      <trkpt lat="54.557277" lon="35.94352"><ele>162.9</ele></trkpt>
      <trkpt lat="54.557206" lon="35.943113"><ele>162.9</ele></trkpt>
      <trkpt lat="54.557206" lon="35.943113"><ele>162.9</ele></trkpt>
      <trkpt lat="54.557206" lon="35.943113"><ele>162.9</ele></trkpt>
      <trkpt lat="54.557206" lon="35.943113"><ele>162.9</ele></trkpt>
      <trkpt lat="54.557206" lon="35.943113"><ele>162.9</ele></trkpt>
      <trkpt lat="54.557206" lon="35.943113"><ele>162.9</ele></trkpt>
      <trkpt lat="54.557206" lon="35.943113"><ele>162.9</ele></trkpt>
      <trkpt lat="54.557206" lon="35.943113"><ele>162.9</ele></trkpt>
      <trkpt lat="54.557206" lon="35.943113"><ele>162.9</ele></trkpt>
      <trkpt lat="54.557206" lon="35.943113"><ele>162.8</ele></trkpt>
      <trkpt lat="54.557206" lon="35.943113"><ele>162.8</ele></trkpt>
      <trkpt lat="54.557206" lon="35.943113"><ele>162.8</ele></trkpt>
      <trkpt lat="54.557206" lon="35.943113"><ele>162.8</ele></trkpt>
      <trkpt lat="54.557206" lon="35.943113"><ele>162.8</ele></trkpt>
      <trkpt lat="54.557206" lon="35.943113"><ele>162.8</ele></trkpt>
      <trkpt lat="54.557206" lon="35.943113"><ele>162.8</ele></trkpt>
      <trkpt lat="54.557206" lon="35.943113"><ele>162.8</ele></trkpt>
      <trkpt lat="54.557206" lon="35.943113"><ele>162.8</ele></trkpt>
      <trkpt lat="54.557206" lon="35.943113"><ele>162.8</ele></trkpt>
      <trkpt lat="54.557206" lon="35.943113"><ele>162.8</ele></trkpt>
      <trkpt lat="54.557206" lon="35.943113"><ele>162.8</ele></trkpt>
      <trkpt lat="54.557206" lon="35.943113"><ele>162.8</ele></trkpt>
      <trkpt lat="54.557206" lon="35.943113"><ele>162.8</ele></trkpt>
      <trkpt lat="54.557206" lon="35.943113"><ele>162.8</ele></trkpt>
      <trkpt lat="54.557206" lon="35.943113"><ele>162.8</ele></trkpt>
      <trkpt lat="54.557206" lon="35.943113"><ele>162.8</ele></trkpt>
      <trkpt lat="54.557206" lon="35.943113"><ele>162.8</ele></trkpt>
      <trkpt lat="54.557206" lon="35.943113"><ele>162.8</ele></trkpt>
      <trkpt lat="54.557206" lon="35.943113"><ele>162.8</ele></trkpt>
    </trkseg>
  </trk>
  <trk>
    <name>День 1, сегмент 3 (→ Николо-Ленивец)</name>
    <trkseg>
      <trkpt lat="54.599052" lon="35.98634"><ele>123.9</ele></trkpt>
      <trkpt lat="54.599066" lon="35.986331"><ele>123.9</ele></trkpt>
      <trkpt lat="54.599181" lon="35.986277"><ele>123.8</ele></trkpt>
      <trkpt lat="54.59938" lon="35.986178"><ele>122.8</ele></trkpt>
      <trkpt lat="54.599587" lon="35.986085"><ele>123.8</ele></trkpt>
      <trkpt lat="54.599795" lon="35.985994"><ele>123.8</ele></trkpt>
      <trkpt lat="54.599986" lon="35.985907"><ele>124.2</ele></trkpt>
      <trkpt lat="54.600152" lon="35.985821"><ele>124.7</ele></trkpt>
      <trkpt lat="54.600402" lon="35.985686"><ele>124.7</ele></trkpt>
      <trkpt lat="54.600553" lon="35.985605"><ele>124.7</ele></trkpt>
      <trkpt lat="54.600746" lon="35.985511"><ele>125.1</ele></trkpt>
      <trkpt lat="54.600973" lon="35.985423"><ele>126.6</ele></trkpt>
      <trkpt lat="54.601166" lon="35.985363"><ele>126.8</ele></trkpt>
      <trkpt lat="54.601292" lon="35.985349"><ele>127.1</ele></trkpt>
      <trkpt lat="54.601467" lon="35.985353"><ele>127.2</ele></trkpt>
      <trkpt lat="54.601588" lon="35.985314"><ele>127.7</ele></trkpt>
      <trkpt lat="54.601661" lon="35.9854"><ele>127.5</ele></trkpt>
      <trkpt lat="54.601785" lon="35.985583"><ele>127.1</ele></trkpt>
      <trkpt lat="54.601967" lon="35.98578"><ele>126.5</ele></trkpt>
      <trkpt lat="54.602244" lon="35.986033"><ele>125.7</ele></trkpt>
      <trkpt lat="54.602438" lon="35.986191"><ele>125.1</ele></trkpt>
      <trkpt lat="54.602749" lon="35.986404"><ele>124.3</ele></trkpt>
      <trkpt lat="54.602902" lon="35.986531"><ele>124.0</ele></trkpt>
      <trkpt lat="54.60301" lon="35.986463"><ele>124.1</ele></trkpt>
      <trkpt lat="54.603219" lon="35.986279"><ele>124.2</ele></trkpt>
      <trkpt lat="54.603513" lon="35.986062"><ele>124.3</ele></trkpt>
      <trkpt lat="54.603771" lon="35.985922"><ele>124.5</ele></trkpt>
      <trkpt lat="54.603924" lon="35.985831"><ele>124.5</ele></trkpt>
      <trkpt lat="54.604008" lon="35.985786"><ele>124.6</ele></trkpt>
      <trkpt lat="54.604068" lon="35.985757"><ele>124.6</ele></trkpt>
      <trkpt lat="54.60421" lon="35.985628"><ele>124.7</ele></trkpt>
      <trkpt lat="54.604339" lon="35.985414"><ele>124.7</ele></trkpt>
      <trkpt lat="54.604481" lon="35.985292"><ele>124.8</ele></trkpt>
      <trkpt lat="54.604747" lon="35.985083"><ele>124.9</ele></trkpt>
      <trkpt lat="54.604919" lon="35.984819"><ele>125.0</ele></trkpt>
      <trkpt lat="54.605059" lon="35.984581"><ele>125.1</ele></trkpt>
      <trkpt lat="54.60524" lon="35.984355"><ele>125.2</ele></trkpt>
      <trkpt lat="54.605487" lon="35.984091"><ele>125.3</ele></trkpt>
      <trkpt lat="54.605655" lon="35.983946"><ele>125.4</ele></trkpt>
      <trkpt lat="54.605872" lon="35.983769"><ele>125.5</ele></trkpt>
      <trkpt lat="54.60621" lon="35.983491"><ele>125.7</ele></trkpt>
      <trkpt lat="54.606437" lon="35.983321"><ele>125.8</ele></trkpt>
      <trkpt lat="54.606599" lon="35.98308"><ele>125.9</ele></trkpt>
      <trkpt lat="54.606696" lon="35.982913"><ele>125.9</ele></trkpt>
      <trkpt lat="54.606812" lon="35.982777"><ele>125.9</ele></trkpt>
      <trkpt lat="54.606988" lon="35.982588"><ele>125.8</ele></trkpt>
      <trkpt lat="54.607104" lon="35.982329"><ele>125.7</ele></trkpt>
      <trkpt lat="54.607285" lon="35.981991"><ele>125.6</ele></trkpt>
      <trkpt lat="54.607505" lon="35.981615"><ele>125.5</ele></trkpt>
      <trkpt lat="54.607725" lon="35.981249"><ele>125.3</ele></trkpt>
      <trkpt lat="54.607987" lon="35.980866"><ele>125.1</ele></trkpt>
      <trkpt lat="54.608119" lon="35.98065"><ele>125.1</ele></trkpt>
      <trkpt lat="54.608192" lon="35.98056"><ele>125.0</ele></trkpt>
      <trkpt lat="54.60821" lon="35.980585"><ele>125.0</ele></trkpt>
      <trkpt lat="54.60824" lon="35.980634"><ele>125.0</ele></trkpt>
      <trkpt lat="54.608356" lon="35.980853"><ele>125.0</ele></trkpt>
      <trkpt lat="54.608439" lon="35.981212"><ele>125.0</ele></trkpt>
      <trkpt lat="54.608552" lon="35.981605"><ele>125.0</ele></trkpt>
      <trkpt lat="54.608599" lon="35.982012"><ele>125.0</ele></trkpt>
      <trkpt lat="54.608638" lon="35.98244"><ele>125.0</ele></trkpt>
      <trkpt lat="54.608692" lon="35.982811"><ele>125.0</ele></trkpt>
      <trkpt lat="54.608701" lon="35.983173"><ele>125.0</ele></trkpt>
      <trkpt lat="54.608689" lon="35.983426"><ele>125.0</ele></trkpt>
      <trkpt lat="54.608689" lon="35.983819"><ele>125.0</ele></trkpt>
      <trkpt lat="54.608694" lon="35.98418"><ele>125.0</ele></trkpt>
      <trkpt lat="54.608752" lon="35.984626"><ele>125.0</ele></trkpt>
      <trkpt lat="54.608812" lon="35.984959"><ele>125.0</ele></trkpt>
      <trkpt lat="54.608846" lon="35.985132"><ele>125.0</ele></trkpt>
      <trkpt lat="54.608853" lon="35.985195"><ele>125.0</ele></trkpt>
      <trkpt lat="54.608905" lon="35.985614"><ele>125.2</ele></trkpt>
      <trkpt lat="54.608955" lon="35.985766"><ele>124.8</ele></trkpt>
      <trkpt lat="54.608983" lon="35.985792"><ele>124.4</ele></trkpt>
      <trkpt lat="54.609095" lon="35.985845"><ele>124.1</ele></trkpt>
      <trkpt lat="54.609149" lon="35.985902"><ele>123.7</ele></trkpt>
      <trkpt lat="54.609183" lon="35.985952"><ele>123.7</ele></trkpt>
      <trkpt lat="54.609359" lon="35.986234"><ele>124.0</ele></trkpt>
      <trkpt lat="54.609433" lon="35.986544"><ele>124.1</ele></trkpt>
      <trkpt lat="54.609489" lon="35.986944"><ele>124.3</ele></trkpt>
      <trkpt lat="54.609542" lon="35.987195"><ele>124.5</ele></trkpt>
      <trkpt lat="54.60966" lon="35.987495"><ele>124.7</ele></trkpt>
      <trkpt lat="54.609716" lon="35.987739"><ele>124.8</ele></trkpt>
      <trkpt lat="54.609732" lon="35.987782"><ele>124.8</ele></trkpt>
      <trkpt lat="54.609853" lon="35.988163"><ele>125.0</ele></trkpt>
      <trkpt lat="54.609991" lon="35.988748"><ele>124.9</ele></trkpt>
      <trkpt lat="54.610114" lon="35.989304"><ele>125.0</ele></trkpt>
      <trkpt lat="54.610205" lon="35.989689"><ele>124.8</ele></trkpt>
      <trkpt lat="54.610222" lon="35.989746"><ele>124.9</ele></trkpt>
      <trkpt lat="54.610307" lon="35.990177"><ele>125.7</ele></trkpt>
      <trkpt lat="54.610373" lon="35.990529"><ele>125.9</ele></trkpt>
      <trkpt lat="54.610449" lon="35.990859"><ele>125.9</ele></trkpt>
      <trkpt lat="54.610558" lon="35.991199"><ele>125.9</ele></trkpt>
      <trkpt lat="54.610644" lon="35.991432"><ele>126.2</ele></trkpt>
      <trkpt lat="54.610716" lon="35.991861"><ele>126.6</ele></trkpt>
      <trkpt lat="54.610775" lon="35.992131"><ele>126.8</ele></trkpt>
      <trkpt lat="54.610817" lon="35.992289"><ele>126.9</ele></trkpt>
      <trkpt lat="54.610867" lon="35.992463"><ele>127.0</ele></trkpt>
      <trkpt lat="54.610919" lon="35.992626"><ele>127.1</ele></trkpt>
      <trkpt lat="54.610954" lon="35.992672"><ele>127.2</ele></trkpt>
      <trkpt lat="54.610958" lon="35.992682"><ele>127.2</ele></trkpt>
      <trkpt lat="54.610967" lon="35.992682"><ele>127.2</ele></trkpt>
      <trkpt lat="54.61097" lon="35.992683"><ele>127.2</ele></trkpt>
      <trkpt lat="54.61096" lon="35.992716"><ele>127.2</ele></trkpt>
      <trkpt lat="54.610963" lon="35.99275"><ele>127.3</ele></trkpt>
      <trkpt lat="54.610972" lon="35.992827"><ele>127.3</ele></trkpt>
      <trkpt lat="54.61099" lon="35.993005"><ele>127.4</ele></trkpt>
      <trkpt lat="54.611016" lon="35.993439"><ele>127.9</ele></trkpt>
      <trkpt lat="54.61105" lon="35.993732"><ele>128.2</ele></trkpt>
      <trkpt lat="54.611107" lon="35.99406"><ele>128.8</ele></trkpt>
      <trkpt lat="54.611134" lon="35.994456"><ele>129.4</ele></trkpt>
      <trkpt lat="54.611166" lon="35.994845"><ele>130.1</ele></trkpt>
      <trkpt lat="54.611202" lon="35.995166"><ele>130.7</ele></trkpt>
      <trkpt lat="54.611229" lon="35.99548"><ele>131.3</ele></trkpt>
      <trkpt lat="54.61128" lon="35.996"><ele>132.1</ele></trkpt>
      <trkpt lat="54.611296" lon="35.996257"><ele>132.5</ele></trkpt>
      <trkpt lat="54.611315" lon="35.996512"><ele>132.9</ele></trkpt>
      <trkpt lat="54.611341" lon="35.996977"><ele>133.7</ele></trkpt>
      <trkpt lat="54.611361" lon="35.997296"><ele>134.2</ele></trkpt>
      <trkpt lat="54.611402" lon="35.997745"><ele>134.5</ele></trkpt>
      <trkpt lat="54.611421" lon="35.998053"><ele>134.8</ele></trkpt>
      <trkpt lat="54.611432" lon="35.998184"><ele>134.9</ele></trkpt>
      <trkpt lat="54.611517" lon="35.998613"><ele>135.4</ele></trkpt>
      <trkpt lat="54.611647" lon="35.998908"><ele>135.9</ele></trkpt>
      <trkpt lat="54.611668" lon="35.998934"><ele>135.9</ele></trkpt>
      <trkpt lat="54.611749" lon="35.998951"><ele>136.0</ele></trkpt>
      <trkpt lat="54.611877" lon="35.99885"><ele>136.1</ele></trkpt>
      <trkpt lat="54.611953" lon="35.998767"><ele>136.1</ele></trkpt>
      <trkpt lat="54.612096" lon="35.998581"><ele>135.9</ele></trkpt>
      <trkpt lat="54.612259" lon="35.998418"><ele>135.5</ele></trkpt>
      <trkpt lat="54.612481" lon="35.998235"><ele>134.6</ele></trkpt>
      <trkpt lat="54.612571" lon="35.998192"><ele>134.4</ele></trkpt>
      <trkpt lat="54.612668" lon="35.998133"><ele>134.3</ele></trkpt>
      <trkpt lat="54.612972" lon="35.997909"><ele>134.2</ele></trkpt>
      <trkpt lat="54.613005" lon="35.997876"><ele>134.2</ele></trkpt>
      <trkpt lat="54.613177" lon="35.997773"><ele>134.4</ele></trkpt>
      <trkpt lat="54.613395" lon="35.997735"><ele>135.0</ele></trkpt>
      <trkpt lat="54.613543" lon="35.99772"><ele>135.0</ele></trkpt>
      <trkpt lat="54.613586" lon="35.99768"><ele>135.0</ele></trkpt>
      <trkpt lat="54.613639" lon="35.997596"><ele>135.0</ele></trkpt>
      <trkpt lat="54.61374" lon="35.997492"><ele>135.0</ele></trkpt>
      <trkpt lat="54.613809" lon="35.997425"><ele>135.0</ele></trkpt>
      <trkpt lat="54.613855" lon="35.99735"><ele>135.0</ele></trkpt>
      <trkpt lat="54.614017" lon="35.997115"><ele>135.0</ele></trkpt>
      <trkpt lat="54.614172" lon="35.996977"><ele>135.0</ele></trkpt>
      <trkpt lat="54.614335" lon="35.996891"><ele>134.9</ele></trkpt>
      <trkpt lat="54.614504" lon="35.996764"><ele>134.9</ele></trkpt>
      <trkpt lat="54.614714" lon="35.996594"><ele>134.7</ele></trkpt>
      <trkpt lat="54.614909" lon="35.996386"><ele>134.5</ele></trkpt>
      <trkpt lat="54.615177" lon="35.99622"><ele>134.5</ele></trkpt>
      <trkpt lat="54.615243" lon="35.996222"><ele>134.5</ele></trkpt>
      <trkpt lat="54.615334" lon="35.99624"><ele>134.5</ele></trkpt>
      <trkpt lat="54.615615" lon="35.996233"><ele>134.1</ele></trkpt>
      <trkpt lat="54.615868" lon="35.996152"><ele>133.7</ele></trkpt>
      <trkpt lat="54.61594" lon="35.996137"><ele>133.6</ele></trkpt>
      <trkpt lat="54.616274" lon="35.996073"><ele>133.1</ele></trkpt>
      <trkpt lat="54.616587" lon="35.996031"><ele>132.7</ele></trkpt>
      <trkpt lat="54.616753" lon="35.996065"><ele>132.6</ele></trkpt>
      <trkpt lat="54.616863" lon="35.996113"><ele>132.5</ele></trkpt>
      <trkpt lat="54.616995" lon="35.996202"><ele>132.5</ele></trkpt>
      <trkpt lat="54.617244" lon="35.996282"><ele>132.4</ele></trkpt>
      <trkpt lat="54.617521" lon="35.996319"><ele>132.2</ele></trkpt>
      <trkpt lat="54.617766" lon="35.996417"><ele>132.1</ele></trkpt>
      <trkpt lat="54.617893" lon="35.99642"><ele>132.0</ele></trkpt>
      <trkpt lat="54.617998" lon="35.996197"><ele>131.8</ele></trkpt>
      <trkpt lat="54.618113" lon="35.996083"><ele>131.7</ele></trkpt>
      <trkpt lat="54.618239" lon="35.995966"><ele>131.5</ele></trkpt>
      <trkpt lat="54.618373" lon="35.995724"><ele>131.3</ele></trkpt>
      <trkpt lat="54.618552" lon="35.995514"><ele>131.1</ele></trkpt>
      <trkpt lat="54.6188" lon="35.995233"><ele>131.0</ele></trkpt>
      <trkpt lat="54.618816" lon="35.995182"><ele>131.0</ele></trkpt>
      <trkpt lat="54.618818" lon="35.995062"><ele>131.0</ele></trkpt>
      <trkpt lat="54.618784" lon="35.994701"><ele>130.7</ele></trkpt>
      <trkpt lat="54.618759" lon="35.994568"><ele>130.6</ele></trkpt>
      <trkpt lat="54.618743" lon="35.994522"><ele>130.5</ele></trkpt>
      <trkpt lat="54.618743" lon="35.994522"><ele>130.5</ele></trkpt>
      <trkpt lat="54.618759" lon="35.994582"><ele>130.5</ele></trkpt>
      <trkpt lat="54.618765" lon="35.994609"><ele>130.4</ele></trkpt>
      <trkpt lat="54.61879" lon="35.99479"><ele>130.3</ele></trkpt>
      <trkpt lat="54.61884" lon="35.995038"><ele>130.0</ele></trkpt>
      <trkpt lat="54.618901" lon="35.99508"><ele>130.0</ele></trkpt>
      <trkpt lat="54.618922" lon="35.995069"><ele>130.0</ele></trkpt>
      <trkpt lat="54.619106" lon="35.994873"><ele>129.7</ele></trkpt>
      <trkpt lat="54.619288" lon="35.994671"><ele>129.2</ele></trkpt>
      <trkpt lat="54.619416" lon="35.994524"><ele>128.8</ele></trkpt>
      <trkpt lat="54.619535" lon="35.994373"><ele>128.3</ele></trkpt>
      <trkpt lat="54.619633" lon="35.994254"><ele>128.0</ele></trkpt>
      <trkpt lat="54.619828" lon="35.993991"><ele>127.2</ele></trkpt>
      <trkpt lat="54.619859" lon="35.993948"><ele>127.1</ele></trkpt>
      <trkpt lat="54.620179" lon="35.993482"><ele>126.0</ele></trkpt>
      <trkpt lat="54.620415" lon="35.993191"><ele>125.5</ele></trkpt>
      <trkpt lat="54.620574" lon="35.993008"><ele>125.6</ele></trkpt>
      <trkpt lat="54.620659" lon="35.992854"><ele>125.7</ele></trkpt>
      <trkpt lat="54.620768" lon="35.992685"><ele>125.7</ele></trkpt>
      <trkpt lat="54.620946" lon="35.992522"><ele>125.8</ele></trkpt>
      <trkpt lat="54.621082" lon="35.992381"><ele>125.9</ele></trkpt>
      <trkpt lat="54.621208" lon="35.992177"><ele>125.9</ele></trkpt>
      <trkpt lat="54.621316" lon="35.991886"><ele>126.0</ele></trkpt>
      <trkpt lat="54.621447" lon="35.991636"><ele>126.1</ele></trkpt>
      <trkpt lat="54.621564" lon="35.991327"><ele>126.1</ele></trkpt>
      <trkpt lat="54.62164" lon="35.991027"><ele>125.9</ele></trkpt>
      <trkpt lat="54.621832" lon="35.990643"><ele>125.8</ele></trkpt>
      <trkpt lat="54.621989" lon="35.990367"><ele>125.9</ele></trkpt>
      <trkpt lat="54.6221" lon="35.990184"><ele>125.6</ele></trkpt>
      <trkpt lat="54.622121" lon="35.990146"><ele>125.5</ele></trkpt>
      <trkpt lat="54.622304" lon="35.989876"><ele>125.2</ele></trkpt>
      <trkpt lat="54.622504" lon="35.989617"><ele>125.2</ele></trkpt>
      <trkpt lat="54.622645" lon="35.989231"><ele>125.1</ele></trkpt>
      <trkpt lat="54.622806" lon="35.988838"><ele>125.3</ele></trkpt>
      <trkpt lat="54.622952" lon="35.988539"><ele>125.6</ele></trkpt>
      <trkpt lat="54.623015" lon="35.988462"><ele>125.4</ele></trkpt>
      <trkpt lat="54.623161" lon="35.988334"><ele>125.4</ele></trkpt>
      <trkpt lat="54.623226" lon="35.988279"><ele>125.6</ele></trkpt>
      <trkpt lat="54.62331" lon="35.988222"><ele>125.7</ele></trkpt>
      <trkpt lat="54.623439" lon="35.988118"><ele>125.7</ele></trkpt>
      <trkpt lat="54.623482" lon="35.988075"><ele>125.8</ele></trkpt>
      <trkpt lat="54.623567" lon="35.987986"><ele>125.9</ele></trkpt>
      <trkpt lat="54.623747" lon="35.987697"><ele>126.0</ele></trkpt>
      <trkpt lat="54.623868" lon="35.987422"><ele>126.1</ele></trkpt>
      <trkpt lat="54.623944" lon="35.98722"><ele>126.1</ele></trkpt>
      <trkpt lat="54.623986" lon="35.987087"><ele>126.1</ele></trkpt>
      <trkpt lat="54.623988" lon="35.987079"><ele>126.1</ele></trkpt>
      <trkpt lat="54.623978" lon="35.987038"><ele>126.0</ele></trkpt>
      <trkpt lat="54.623883" lon="35.98685"><ele>126.0</ele></trkpt>
      <trkpt lat="54.623807" lon="35.98675"><ele>126.1</ele></trkpt>
      <trkpt lat="54.623799" lon="35.986742"><ele>126.1</ele></trkpt>
      <trkpt lat="54.623786" lon="35.986743"><ele>126.1</ele></trkpt>
      <trkpt lat="54.623736" lon="35.986801"><ele>126.1</ele></trkpt>
      <trkpt lat="54.623739" lon="35.986805"><ele>126.1</ele></trkpt>
      <trkpt lat="54.623762" lon="35.986793"><ele>126.1</ele></trkpt>
      <trkpt lat="54.623815" lon="35.986726"><ele>126.2</ele></trkpt>
      <trkpt lat="54.623885" lon="35.986629"><ele>126.2</ele></trkpt>
      <trkpt lat="54.62399" lon="35.986487"><ele>126.3</ele></trkpt>
      <trkpt lat="54.624185" lon="35.986223"><ele>126.4</ele></trkpt>
      <trkpt lat="54.624428" lon="35.98591"><ele>126.5</ele></trkpt>
      <trkpt lat="54.624631" lon="35.985671"><ele>126.7</ele></trkpt>
      <trkpt lat="54.624804" lon="35.985433"><ele>126.8</ele></trkpt>
      <trkpt lat="54.625095" lon="35.985058"><ele>127.0</ele></trkpt>
      <trkpt lat="54.625341" lon="35.98469"><ele>127.0</ele></trkpt>
      <trkpt lat="54.625439" lon="35.984364"><ele>126.7</ele></trkpt>
      <trkpt lat="54.625477" lon="35.984252"><ele>126.3</ele></trkpt>
      <trkpt lat="54.625573" lon="35.98407"><ele>125.5</ele></trkpt>
      <trkpt lat="54.625761" lon="35.983847"><ele>124.9</ele></trkpt>
      <trkpt lat="54.625821" lon="35.983674"><ele>124.9</ele></trkpt>
      <trkpt lat="54.625916" lon="35.983523"><ele>124.9</ele></trkpt>
      <trkpt lat="54.626025" lon="35.98346"><ele>124.9</ele></trkpt>
      <trkpt lat="54.62604" lon="35.983435"><ele>124.9</ele></trkpt>
      <trkpt lat="54.626062" lon="35.983318"><ele>124.9</ele></trkpt>
      <trkpt lat="54.626138" lon="35.983065"><ele>124.8</ele></trkpt>
      <trkpt lat="54.626292" lon="35.982785"><ele>124.7</ele></trkpt>
      <trkpt lat="54.626443" lon="35.982416"><ele>124.5</ele></trkpt>
      <trkpt lat="54.62647" lon="35.982172"><ele>124.3</ele></trkpt>
      <trkpt lat="54.62651" lon="35.981921"><ele>124.0</ele></trkpt>
      <trkpt lat="54.626594" lon="35.981716"><ele>124.0</ele></trkpt>
      <trkpt lat="54.626708" lon="35.981466"><ele>124.1</ele></trkpt>
      <trkpt lat="54.626826" lon="35.981116"><ele>124.2</ele></trkpt>
      <trkpt lat="54.626872" lon="35.980968"><ele>124.2</ele></trkpt>
      <trkpt lat="54.626952" lon="35.980676"><ele>124.2</ele></trkpt>
      <trkpt lat="54.626969" lon="35.980641"><ele>124.2</ele></trkpt>
      <trkpt lat="54.627021" lon="35.980538"><ele>124.2</ele></trkpt>
      <trkpt lat="54.627088" lon="35.980269"><ele>124.1</ele></trkpt>
      <trkpt lat="54.627196" lon="35.980014"><ele>124.1</ele></trkpt>
      <trkpt lat="54.627316" lon="35.979776"><ele>124.2</ele></trkpt>
      <trkpt lat="54.627439" lon="35.979489"><ele>124.3</ele></trkpt>
      <trkpt lat="54.627644" lon="35.979235"><ele>124.4</ele></trkpt>
      <trkpt lat="54.627804" lon="35.979037"><ele>124.5</ele></trkpt>
      <trkpt lat="54.627971" lon="35.978816"><ele>124.5</ele></trkpt>
      <trkpt lat="54.628165" lon="35.978547"><ele>124.4</ele></trkpt>
      <trkpt lat="54.628436" lon="35.978146"><ele>124.4</ele></trkpt>
      <trkpt lat="54.628657" lon="35.977701"><ele>124.6</ele></trkpt>
      <trkpt lat="54.628817" lon="35.977442"><ele>124.6</ele></trkpt>
      <trkpt lat="54.629023" lon="35.97709"><ele>124.3</ele></trkpt>
      <trkpt lat="54.629201" lon="35.976865"><ele>124.1</ele></trkpt>
      <trkpt lat="54.629295" lon="35.976622"><ele>124.2</ele></trkpt>
      <trkpt lat="54.629359" lon="35.976322"><ele>124.1</ele></trkpt>
      <trkpt lat="54.629466" lon="35.976057"><ele>124.0</ele></trkpt>
      <trkpt lat="54.62952" lon="35.975925"><ele>124.0</ele></trkpt>
      <trkpt lat="54.629602" lon="35.975832"><ele>124.0</ele></trkpt>
      <trkpt lat="54.629684" lon="35.975704"><ele>124.0</ele></trkpt>
      <trkpt lat="54.629764" lon="35.97541"><ele>124.0</ele></trkpt>
      <trkpt lat="54.629912" lon="35.975002"><ele>124.0</ele></trkpt>
      <trkpt lat="54.629989" lon="35.974734"><ele>123.9</ele></trkpt>
      <trkpt lat="54.630089" lon="35.974426"><ele>123.8</ele></trkpt>
      <trkpt lat="54.630193" lon="35.974064"><ele>123.5</ele></trkpt>
      <trkpt lat="54.630295" lon="35.973715"><ele>123.4</ele></trkpt>
      <trkpt lat="54.630432" lon="35.973166"><ele>123.1</ele></trkpt>
      <trkpt lat="54.630535" lon="35.972879"><ele>123.0</ele></trkpt>
      <trkpt lat="54.630669" lon="35.972534"><ele>123.1</ele></trkpt>
      <trkpt lat="54.63075" lon="35.972169"><ele>123.3</ele></trkpt>
      <trkpt lat="54.630762" lon="35.972116"><ele>123.4</ele></trkpt>
      <trkpt lat="54.630829" lon="35.971985"><ele>123.4</ele></trkpt>
      <trkpt lat="54.630937" lon="35.971686"><ele>123.6</ele></trkpt>
      <trkpt lat="54.630989" lon="35.971322"><ele>123.7</ele></trkpt>
      <trkpt lat="54.631047" lon="35.971008"><ele>123.8</ele></trkpt>
      <trkpt lat="54.631162" lon="35.970739"><ele>124.0</ele></trkpt>
      <trkpt lat="54.631268" lon="35.970256"><ele>124.3</ele></trkpt>
      <trkpt lat="54.631385" lon="35.969879"><ele>124.6</ele></trkpt>
      <trkpt lat="54.631516" lon="35.969459"><ele>124.6</ele></trkpt>
      <trkpt lat="54.631606" lon="35.969118"><ele>124.6</ele></trkpt>
      <trkpt lat="54.631681" lon="35.968851"><ele>124.8</ele></trkpt>
      <trkpt lat="54.631765" lon="35.968384"><ele>125.2</ele></trkpt>
      <trkpt lat="54.631864" lon="35.967911"><ele>125.5</ele></trkpt>
      <trkpt lat="54.631958" lon="35.967534"><ele>125.8</ele></trkpt>
      <trkpt lat="54.632029" lon="35.967421"><ele>126.0</ele></trkpt>
      <trkpt lat="54.632026" lon="35.967425"><ele>126.0</ele></trkpt>
      <trkpt lat="54.631999" lon="35.96744"><ele>126.0</ele></trkpt>
      <trkpt lat="54.631975" lon="35.967434"><ele>126.0</ele></trkpt>
      <trkpt lat="54.631969" lon="35.967427"><ele>126.0</ele></trkpt>
      <trkpt lat="54.632031" lon="35.967433"><ele>126.1</ele></trkpt>
      <trkpt lat="54.632043" lon="35.967423"><ele>126.1</ele></trkpt>
      <trkpt lat="54.632148" lon="35.96742"><ele>126.1</ele></trkpt>
      <trkpt lat="54.632298" lon="35.967548"><ele>126.1</ele></trkpt>
      <trkpt lat="54.632507" lon="35.96769"><ele>126.0</ele></trkpt>
      <trkpt lat="54.632669" lon="35.967796"><ele>126.0</ele></trkpt>
      <trkpt lat="54.632816" lon="35.967895"><ele>126.1</ele></trkpt>
      <trkpt lat="54.632934" lon="35.967972"><ele>126.2</ele></trkpt>
      <trkpt lat="54.63319" lon="35.968131"><ele>126.3</ele></trkpt>
      <trkpt lat="54.633456" lon="35.968248"><ele>126.3</ele></trkpt>
      <trkpt lat="54.63364" lon="35.968341"><ele>126.5</ele></trkpt>
      <trkpt lat="54.633879" lon="35.968449"><ele>126.7</ele></trkpt>
      <trkpt lat="54.633938" lon="35.968457"><ele>126.8</ele></trkpt>
      <trkpt lat="54.634138" lon="35.968459"><ele>126.9</ele></trkpt>
      <trkpt lat="54.63422" lon="35.968466"><ele>126.9</ele></trkpt>
      <trkpt lat="54.634245" lon="35.968467"><ele>127.0</ele></trkpt>
      <trkpt lat="54.63433" lon="35.968375"><ele>127.0</ele></trkpt>
      <trkpt lat="54.63436" lon="35.968318"><ele>127.0</ele></trkpt>
      <trkpt lat="54.634407" lon="35.968297"><ele>127.0</ele></trkpt>
      <trkpt lat="54.634572" lon="35.968246"><ele>126.9</ele></trkpt>
      <trkpt lat="54.634816" lon="35.968246"><ele>126.9</ele></trkpt>
      <trkpt lat="54.635119" lon="35.96833"><ele>126.6</ele></trkpt>
      <trkpt lat="54.635415" lon="35.968407"><ele>126.4</ele></trkpt>
      <trkpt lat="54.635513" lon="35.968417"><ele>126.4</ele></trkpt>
      <trkpt lat="54.635756" lon="35.968387"><ele>126.2</ele></trkpt>
      <trkpt lat="54.636129" lon="35.968271"><ele>126.0</ele></trkpt>
      <trkpt lat="54.636487" lon="35.968187"><ele>125.9</ele></trkpt>
      <trkpt lat="54.636826" lon="35.968154"><ele>125.8</ele></trkpt>
      <trkpt lat="54.637185" lon="35.968178"><ele>125.8</ele></trkpt>
      <trkpt lat="54.637399" lon="35.968142"><ele>125.8</ele></trkpt>
      <trkpt lat="54.637702" lon="35.968103"><ele>125.9</ele></trkpt>
      <trkpt lat="54.638133" lon="35.968101"><ele>125.8</ele></trkpt>
      <trkpt lat="54.638471" lon="35.968117"><ele>125.9</ele></trkpt>
      <trkpt lat="54.638754" lon="35.968095"><ele>126.0</ele></trkpt>
      <trkpt lat="54.639023" lon="35.968075"><ele>126.2</ele></trkpt>
      <trkpt lat="54.639308" lon="35.968045"><ele>126.2</ele></trkpt>
      <trkpt lat="54.639511" lon="35.967983"><ele>126.1</ele></trkpt>
      <trkpt lat="54.639742" lon="35.96802"><ele>126.0</ele></trkpt>
      <trkpt lat="54.63985" lon="35.968103"><ele>126.0</ele></trkpt>
      <trkpt lat="54.639884" lon="35.968252"><ele>126.0</ele></trkpt>
      <trkpt lat="54.639954" lon="35.968414"><ele>126.0</ele></trkpt>
      <trkpt lat="54.639988" lon="35.968599"><ele>126.0</ele></trkpt>
      <trkpt lat="54.63997" lon="35.968776"><ele>126.0</ele></trkpt>
      <trkpt lat="54.639981" lon="35.968803"><ele>126.0</ele></trkpt>
      <trkpt lat="54.640021" lon="35.968894"><ele>126.0</ele></trkpt>
      <trkpt lat="54.64012" lon="35.969126"><ele>126.0</ele></trkpt>
      <trkpt lat="54.640195" lon="35.969319"><ele>125.8</ele></trkpt>
      <trkpt lat="54.640333" lon="35.969552"><ele>125.7</ele></trkpt>
      <trkpt lat="54.6404" lon="35.969833"><ele>125.6</ele></trkpt>
      <trkpt lat="54.640492" lon="35.970223"><ele>125.4</ele></trkpt>
      <trkpt lat="54.640564" lon="35.970464"><ele>125.3</ele></trkpt>
      <trkpt lat="54.640697" lon="35.970526"><ele>125.2</ele></trkpt>
      <trkpt lat="54.640871" lon="35.97058"><ele>125.1</ele></trkpt>
      <trkpt lat="54.641097" lon="35.970765"><ele>125.2</ele></trkpt>
      <trkpt lat="54.641252" lon="35.970947"><ele>125.1</ele></trkpt>
      <trkpt lat="54.641428" lon="35.971057"><ele>125.3</ele></trkpt>
      <trkpt lat="54.64159" lon="35.971138"><ele>125.4</ele></trkpt>
      <trkpt lat="54.641688" lon="35.971268"><ele>125.4</ele></trkpt>
      <trkpt lat="54.641771" lon="35.971365"><ele>125.4</ele></trkpt>
      <trkpt lat="54.64192" lon="35.971506"><ele>125.4</ele></trkpt>
      <trkpt lat="54.642137" lon="35.971771"><ele>125.7</ele></trkpt>
      <trkpt lat="54.642406" lon="35.971974"><ele>125.9</ele></trkpt>
      <trkpt lat="54.642617" lon="35.972295"><ele>126.2</ele></trkpt>
      <trkpt lat="54.642828" lon="35.972683"><ele>126.6</ele></trkpt>
      <trkpt lat="54.642987" lon="35.973046"><ele>126.7</ele></trkpt>
      <trkpt lat="54.643181" lon="35.973438"><ele>127.1</ele></trkpt>
      <trkpt lat="54.643362" lon="35.973728"><ele>127.3</ele></trkpt>
      <trkpt lat="54.6435" lon="35.974112"><ele>127.6</ele></trkpt>
      <trkpt lat="54.643571" lon="35.974278"><ele>127.8</ele></trkpt>
      <trkpt lat="54.643697" lon="35.974614"><ele>128.2</ele></trkpt>
      <trkpt lat="54.643784" lon="35.974876"><ele>128.5</ele></trkpt>
      <trkpt lat="54.64384" lon="35.975171"><ele>128.6</ele></trkpt>
      <trkpt lat="54.643925" lon="35.975409"><ele>128.9</ele></trkpt>
      <trkpt lat="54.644078" lon="35.975618"><ele>129.1</ele></trkpt>
      <trkpt lat="54.644098" lon="35.975662"><ele>129.2</ele></trkpt>
      <trkpt lat="54.644132" lon="35.975849"><ele>129.5</ele></trkpt>
      <trkpt lat="54.644194" lon="35.976299"><ele>130.1</ele></trkpt>
      <trkpt lat="54.644322" lon="35.976946"><ele>130.9</ele></trkpt>
      <trkpt lat="54.644507" lon="35.977412"><ele>131.4</ele></trkpt>
      <trkpt lat="54.64475" lon="35.978041"><ele>132.3</ele></trkpt>
      <trkpt lat="54.644961" lon="35.978735"><ele>133.3</ele></trkpt>
      <trkpt lat="54.645077" lon="35.979231"><ele>133.8</ele></trkpt>
      <trkpt lat="54.645179" lon="35.979592"><ele>133.9</ele></trkpt>
      <trkpt lat="54.645349" lon="35.97984"><ele>133.7</ele></trkpt>
      <trkpt lat="54.645658" lon="35.980071"><ele>133.4</ele></trkpt>
      <trkpt lat="54.645914" lon="35.980067"><ele>133.3</ele></trkpt>
      <trkpt lat="54.646219" lon="35.979938"><ele>132.9</ele></trkpt>
      <trkpt lat="54.646527" lon="35.979765"><ele>132.4</ele></trkpt>
      <trkpt lat="54.64689" lon="35.979608"><ele>132.0</ele></trkpt>
      <trkpt lat="54.647182" lon="35.9796"><ele>131.7</ele></trkpt>
      <trkpt lat="54.64755" lon="35.979481"><ele>131.5</ele></trkpt>
      <trkpt lat="54.647907" lon="35.979313"><ele>131.4</ele></trkpt>
      <trkpt lat="54.648237" lon="35.979154"><ele>131.4</ele></trkpt>
      <trkpt lat="54.648369" lon="35.979174"><ele>131.4</ele></trkpt>
      <trkpt lat="54.648563" lon="35.979329"><ele>131.3</ele></trkpt>
      <trkpt lat="54.64869" lon="35.979275"><ele>131.2</ele></trkpt>
      <trkpt lat="54.648916" lon="35.978957"><ele>131.8</ele></trkpt>
      <trkpt lat="54.649111" lon="35.97882"><ele>131.6</ele></trkpt>
      <trkpt lat="54.649356" lon="35.978688"><ele>131.2</ele></trkpt>
      <trkpt lat="54.649468" lon="35.978625"><ele>131.1</ele></trkpt>
      <trkpt lat="54.649575" lon="35.978573"><ele>130.9</ele></trkpt>
      <trkpt lat="54.649791" lon="35.978451"><ele>130.5</ele></trkpt>
      <trkpt lat="54.649872" lon="35.978385"><ele>130.3</ele></trkpt>
      <trkpt lat="54.650032" lon="35.978283"><ele>130.0</ele></trkpt>
      <trkpt lat="54.650354" lon="35.978111"><ele>129.6</ele></trkpt>
      <trkpt lat="54.650633" lon="35.977933"><ele>129.2</ele></trkpt>
      <trkpt lat="54.65084" lon="35.977811"><ele>129.0</ele></trkpt>
      <trkpt lat="54.651045" lon="35.977574"><ele>129.0</ele></trkpt>
      <trkpt lat="54.651276" lon="35.977403"><ele>129.1</ele></trkpt>
      <trkpt lat="54.651537" lon="35.977243"><ele>129.4</ele></trkpt>
      <trkpt lat="54.651843" lon="35.977065"><ele>129.7</ele></trkpt>
      <trkpt lat="54.65214" lon="35.976904"><ele>130.1</ele></trkpt>
      <trkpt lat="54.652452" lon="35.97673"><ele>130.2</ele></trkpt>
      <trkpt lat="54.652652" lon="35.976631"><ele>130.3</ele></trkpt>
      <trkpt lat="54.652833" lon="35.976557"><ele>130.5</ele></trkpt>
      <trkpt lat="54.652918" lon="35.976527"><ele>130.7</ele></trkpt>
      <trkpt lat="54.653007" lon="35.976489"><ele>131.0</ele></trkpt>
      <trkpt lat="54.653169" lon="35.97646"><ele>130.9</ele></trkpt>
      <trkpt lat="54.65331" lon="35.976402"><ele>130.7</ele></trkpt>
      <trkpt lat="54.653345" lon="35.976395"><ele>130.7</ele></trkpt>
      <trkpt lat="54.653345" lon="35.976395"><ele>130.7</ele></trkpt>
      <trkpt lat="54.653345" lon="35.976395"><ele>130.7</ele></trkpt>
      <trkpt lat="54.653335" lon="35.976325"><ele>130.6</ele></trkpt>
      <trkpt lat="54.653337" lon="35.976302"><ele>130.6</ele></trkpt>
      <trkpt lat="54.653351" lon="35.976341"><ele>130.6</ele></trkpt>
      <trkpt lat="54.653361" lon="35.976373"><ele>130.6</ele></trkpt>
      <trkpt lat="54.65337" lon="35.97635"><ele>130.5</ele></trkpt>
      <trkpt lat="54.6534" lon="35.976303"><ele>130.5</ele></trkpt>
      <trkpt lat="54.653523" lon="35.976091"><ele>130.2</ele></trkpt>
      <trkpt lat="54.653628" lon="35.975901"><ele>130.1</ele></trkpt>
      <trkpt lat="54.653838" lon="35.975547"><ele>129.7</ele></trkpt>
      <trkpt lat="54.654026" lon="35.975269"><ele>129.7</ele></trkpt>
      <trkpt lat="54.654246" lon="35.975052"><ele>129.6</ele></trkpt>
      <trkpt lat="54.654533" lon="35.974807"><ele>129.4</ele></trkpt>
      <trkpt lat="54.654736" lon="35.974674"><ele>129.4</ele></trkpt>
      <trkpt lat="54.654774" lon="35.974649"><ele>129.4</ele></trkpt>
      <trkpt lat="54.655" lon="35.974486"><ele>129.6</ele></trkpt>
      <trkpt lat="54.655209" lon="35.974311"><ele>130.1</ele></trkpt>
      <trkpt lat="54.655418" lon="35.974103"><ele>130.9</ele></trkpt>
      <trkpt lat="54.655436" lon="35.97388"><ele>131.0</ele></trkpt>
      <trkpt lat="54.655412" lon="35.973481"><ele>130.9</ele></trkpt>
      <trkpt lat="54.655427" lon="35.973423"><ele>130.9</ele></trkpt>
      <trkpt lat="54.655539" lon="35.973019"><ele>130.6</ele></trkpt>
      <trkpt lat="54.655691" lon="35.972719"><ele>130.4</ele></trkpt>
      <trkpt lat="54.655919" lon="35.972518"><ele>130.3</ele></trkpt>
      <trkpt lat="54.656045" lon="35.972449"><ele>130.3</ele></trkpt>
      <trkpt lat="54.656261" lon="35.972247"><ele>130.0</ele></trkpt>
      <trkpt lat="54.656419" lon="35.972067"><ele>130.0</ele></trkpt>
      <trkpt lat="54.656577" lon="35.971949"><ele>130.1</ele></trkpt>
      <trkpt lat="54.656859" lon="35.971798"><ele>130.2</ele></trkpt>
      <trkpt lat="54.657034" lon="35.971704"><ele>130.3</ele></trkpt>
      <trkpt lat="54.657105" lon="35.971668"><ele>130.3</ele></trkpt>
      <trkpt lat="54.657385" lon="35.971507"><ele>130.4</ele></trkpt>
      <trkpt lat="54.65756" lon="35.971431"><ele>130.5</ele></trkpt>
      <trkpt lat="54.657751" lon="35.97131"><ele>130.6</ele></trkpt>
      <trkpt lat="54.657859" lon="35.971205"><ele>130.6</ele></trkpt>
      <trkpt lat="54.657926" lon="35.971161"><ele>130.6</ele></trkpt>
      <trkpt lat="54.658144" lon="35.971039"><ele>130.6</ele></trkpt>
      <trkpt lat="54.658406" lon="35.970874"><ele>130.7</ele></trkpt>
      <trkpt lat="54.658622" lon="35.97074"><ele>130.7</ele></trkpt>
      <trkpt lat="54.65878" lon="35.97066"><ele>130.8</ele></trkpt>
      <trkpt lat="54.658979" lon="35.970589"><ele>131.0</ele></trkpt>
      <trkpt lat="54.659259" lon="35.97042"><ele>131.1</ele></trkpt>
      <trkpt lat="54.659423" lon="35.970299"><ele>131.2</ele></trkpt>
      <trkpt lat="54.659655" lon="35.970065"><ele>131.0</ele></trkpt>
      <trkpt lat="54.659677" lon="35.969978"><ele>131.0</ele></trkpt>
      <trkpt lat="54.659672" lon="35.96989"><ele>131.0</ele></trkpt>
      <trkpt lat="54.659658" lon="35.969652"><ele>131.0</ele></trkpt>
      <trkpt lat="54.659636" lon="35.969375"><ele>130.8</ele></trkpt>
      <trkpt lat="54.659594" lon="35.969204"><ele>130.8</ele></trkpt>
      <trkpt lat="54.65956" lon="35.968915"><ele>130.7</ele></trkpt>
      <trkpt lat="54.659526" lon="35.968617"><ele>130.7</ele></trkpt>
      <trkpt lat="54.659479" lon="35.968328"><ele>130.6</ele></trkpt>
      <trkpt lat="54.659408" lon="35.967828"><ele>130.5</ele></trkpt>
      <trkpt lat="54.65937" lon="35.967354"><ele>130.5</ele></trkpt>
      <trkpt lat="54.659307" lon="35.967085"><ele>130.5</ele></trkpt>
      <trkpt lat="54.659289" lon="35.966642"><ele>130.4</ele></trkpt>
      <trkpt lat="54.659214" lon="35.96629"><ele>130.4</ele></trkpt>
      <trkpt lat="54.659175" lon="35.966006"><ele>130.4</ele></trkpt>
      <trkpt lat="54.659126" lon="35.965834"><ele>130.5</ele></trkpt>
      <trkpt lat="54.659062" lon="35.965613"><ele>130.7</ele></trkpt>
      <trkpt lat="54.659026" lon="35.965548"><ele>130.8</ele></trkpt>
      <trkpt lat="54.658991" lon="35.965489"><ele>130.9</ele></trkpt>
      <trkpt lat="54.658977" lon="35.965446"><ele>131.0</ele></trkpt>
      <trkpt lat="54.658941" lon="35.965293"><ele>131.0</ele></trkpt>
      <trkpt lat="54.658916" lon="35.964892"><ele>130.8</ele></trkpt>
      <trkpt lat="54.658962" lon="35.964388"><ele>130.8</ele></trkpt>
      <trkpt lat="54.659063" lon="35.963688"><ele>131.0</ele></trkpt>
      <trkpt lat="54.659206" lon="35.963069"><ele>131.4</ele></trkpt>
      <trkpt lat="54.659316" lon="35.962644"><ele>131.5</ele></trkpt>
      <trkpt lat="54.659389" lon="35.962299"><ele>131.5</ele></trkpt>
      <trkpt lat="54.659398" lon="35.962235"><ele>131.5</ele></trkpt>
      <trkpt lat="54.659442" lon="35.961917"><ele>131.4</ele></trkpt>
      <trkpt lat="54.659472" lon="35.961544"><ele>131.4</ele></trkpt>
      <trkpt lat="54.659497" lon="35.96118"><ele>131.3</ele></trkpt>
      <trkpt lat="54.65955" lon="35.960875"><ele>131.1</ele></trkpt>
      <trkpt lat="54.659632" lon="35.960541"><ele>130.8</ele></trkpt>
      <trkpt lat="54.659692" lon="35.960161"><ele>130.5</ele></trkpt>
      <trkpt lat="54.659795" lon="35.959689"><ele>130.3</ele></trkpt>
      <trkpt lat="54.659919" lon="35.959121"><ele>130.1</ele></trkpt>
      <trkpt lat="54.660067" lon="35.958521"><ele>129.7</ele></trkpt>
      <trkpt lat="54.660234" lon="35.958147"><ele>129.7</ele></trkpt>
      <trkpt lat="54.660257" lon="35.958102"><ele>129.8</ele></trkpt>
      <trkpt lat="54.660301" lon="35.957986"><ele>129.8</ele></trkpt>
      <trkpt lat="54.660459" lon="35.957535"><ele>129.6</ele></trkpt>
      <trkpt lat="54.660592" lon="35.9571"><ele>129.2</ele></trkpt>
      <trkpt lat="54.660604" lon="35.956734"><ele>129.3</ele></trkpt>
      <trkpt lat="54.66062" lon="35.956466"><ele>129.2</ele></trkpt>
      <trkpt lat="54.660618" lon="35.956273"><ele>129.1</ele></trkpt>
      <trkpt lat="54.660637" lon="35.955866"><ele>129.0</ele></trkpt>
      <trkpt lat="54.66067" lon="35.955581"><ele>128.8</ele></trkpt>
      <trkpt lat="54.660705" lon="35.955261"><ele>128.7</ele></trkpt>
      <trkpt lat="54.660723" lon="35.955114"><ele>128.6</ele></trkpt>
      <trkpt lat="54.660738" lon="35.954961"><ele>128.5</ele></trkpt>
      <trkpt lat="54.660749" lon="35.954736"><ele>128.4</ele></trkpt>
      <trkpt lat="54.660759" lon="35.954661"><ele>128.4</ele></trkpt>
      <trkpt lat="54.660813" lon="35.9543"><ele>128.3</ele></trkpt>
      <trkpt lat="54.66084" lon="35.953809"><ele>127.5</ele></trkpt>
      <trkpt lat="54.660835" lon="35.953726"><ele>127.4</ele></trkpt>
      <trkpt lat="54.660743" lon="35.953012"><ele>126.6</ele></trkpt>
      <trkpt lat="54.660735" lon="35.952924"><ele>126.6</ele></trkpt>
      <trkpt lat="54.660713" lon="35.952629"><ele>126.6</ele></trkpt>
      <trkpt lat="54.660656" lon="35.952424"><ele>126.7</ele></trkpt>
      <trkpt lat="54.66063" lon="35.952264"><ele>126.9</ele></trkpt>
      <trkpt lat="54.660571" lon="35.951762"><ele>127.3</ele></trkpt>
      <trkpt lat="54.660512" lon="35.951305"><ele>127.1</ele></trkpt>
      <trkpt lat="54.660488" lon="35.951159"><ele>127.0</ele></trkpt>
      <trkpt lat="54.660461" lon="35.95101"><ele>127.0</ele></trkpt>
      <trkpt lat="54.660391" lon="35.950824"><ele>127.0</ele></trkpt>
      <trkpt lat="54.660357" lon="35.950689"><ele>127.1</ele></trkpt>
      <trkpt lat="54.660347" lon="35.950541"><ele>127.2</ele></trkpt>
      <trkpt lat="54.660364" lon="35.950224"><ele>127.3</ele></trkpt>
      <trkpt lat="54.660421" lon="35.950142"><ele>127.2</ele></trkpt>
      <trkpt lat="54.660507" lon="35.950056"><ele>127.0</ele></trkpt>
      <trkpt lat="54.660606" lon="35.94998"><ele>126.8</ele></trkpt>
      <trkpt lat="54.660699" lon="35.949922"><ele>126.7</ele></trkpt>
      <trkpt lat="54.660797" lon="35.949894"><ele>126.7</ele></trkpt>
      <trkpt lat="54.660888" lon="35.949855"><ele>126.7</ele></trkpt>
      <trkpt lat="54.661148" lon="35.949659"><ele>126.8</ele></trkpt>
      <trkpt lat="54.661257" lon="35.949568"><ele>126.8</ele></trkpt>
      <trkpt lat="54.661327" lon="35.949518"><ele>126.8</ele></trkpt>
      <trkpt lat="54.661516" lon="35.949383"><ele>127.0</ele></trkpt>
      <trkpt lat="54.661764" lon="35.949184"><ele>127.3</ele></trkpt>
      <trkpt lat="54.661905" lon="35.94904"><ele>127.4</ele></trkpt>
      <trkpt lat="54.662022" lon="35.948943"><ele>127.7</ele></trkpt>
      <trkpt lat="54.66222" lon="35.948783"><ele>128.3</ele></trkpt>
      <trkpt lat="54.662429" lon="35.94862"><ele>128.9</ele></trkpt>
      <trkpt lat="54.662606" lon="35.948467"><ele>129.4</ele></trkpt>
      <trkpt lat="54.662737" lon="35.948348"><ele>129.7</ele></trkpt>
      <trkpt lat="54.662942" lon="35.948152"><ele>130.4</ele></trkpt>
      <trkpt lat="54.6631" lon="35.947973"><ele>131.2</ele></trkpt>
      <trkpt lat="54.663125" lon="35.94791"><ele>131.3</ele></trkpt>
      <trkpt lat="54.663123" lon="35.947844"><ele>131.5</ele></trkpt>
      <trkpt lat="54.663112" lon="35.947778"><ele>131.6</ele></trkpt>
      <trkpt lat="54.663094" lon="35.947651"><ele>131.5</ele></trkpt>
      <trkpt lat="54.663012" lon="35.947407"><ele>131.1</ele></trkpt>
      <trkpt lat="54.662879" lon="35.947004"><ele>130.7</ele></trkpt>
      <trkpt lat="54.662756" lon="35.946505"><ele>131.0</ele></trkpt>
      <trkpt lat="54.662674" lon="35.946124"><ele>132.2</ele></trkpt>
      <trkpt lat="54.662575" lon="35.945601"><ele>133.0</ele></trkpt>
      <trkpt lat="54.662564" lon="35.945529"><ele>133.1</ele></trkpt>
      <trkpt lat="54.662468" lon="35.94505"><ele>133.7</ele></trkpt>
      <trkpt lat="54.662429" lon="35.944864"><ele>133.9</ele></trkpt>
      <trkpt lat="54.662326" lon="35.944313"><ele>134.5</ele></trkpt>
      <trkpt lat="54.662236" lon="35.943971"><ele>135.0</ele></trkpt>
      <trkpt lat="54.662219" lon="35.943924"><ele>135.0</ele></trkpt>
      <trkpt lat="54.662164" lon="35.943611"><ele>135.4</ele></trkpt>
      <trkpt lat="54.662147" lon="35.943451"><ele>135.5</ele></trkpt>
      <trkpt lat="54.662153" lon="35.943432"><ele>135.5</ele></trkpt>
      <trkpt lat="54.662154" lon="35.94342"><ele>135.5</ele></trkpt>
      <trkpt lat="54.662139" lon="35.943415"><ele>135.5</ele></trkpt>
      <trkpt lat="54.662132" lon="35.943405"><ele>135.6</ele></trkpt>
      <trkpt lat="54.662104" lon="35.943364"><ele>135.6</ele></trkpt>
      <trkpt lat="54.662091" lon="35.943294"><ele>135.7</ele></trkpt>
      <trkpt lat="54.662036" lon="35.94295"><ele>136.0</ele></trkpt>
      <trkpt lat="54.661976" lon="35.942588"><ele>136.3</ele></trkpt>
      <trkpt lat="54.661875" lon="35.942048"><ele>136.8</ele></trkpt>
      <trkpt lat="54.661864" lon="35.94199"><ele>136.9</ele></trkpt>
      <trkpt lat="54.661774" lon="35.941486"><ele>137.3</ele></trkpt>
      <trkpt lat="54.661644" lon="35.940816"><ele>137.9</ele></trkpt>
      <trkpt lat="54.661632" lon="35.940755"><ele>137.9</ele></trkpt>
      <trkpt lat="54.661529" lon="35.940243"><ele>138.7</ele></trkpt>
      <trkpt lat="54.661473" lon="35.939964"><ele>139.5</ele></trkpt>
      <trkpt lat="54.661431" lon="35.939744"><ele>140.3</ele></trkpt>
      <trkpt lat="54.661388" lon="35.939538"><ele>141.1</ele></trkpt>
      <trkpt lat="54.661376" lon="35.93946"><ele>141.4</ele></trkpt>
      <trkpt lat="54.661315" lon="35.939146"><ele>142.7</ele></trkpt>
      <trkpt lat="54.661255" lon="35.93881"><ele>144.0</ele></trkpt>
      <trkpt lat="54.661228" lon="35.938674"><ele>144.5</ele></trkpt>
      <trkpt lat="54.661207" lon="35.93855"><ele>144.9</ele></trkpt>
      <trkpt lat="54.661151" lon="35.938271"><ele>146.0</ele></trkpt>
      <trkpt lat="54.661141" lon="35.938227"><ele>146.1</ele></trkpt>
      <trkpt lat="54.661076" lon="35.937904"><ele>147.2</ele></trkpt>
      <trkpt lat="54.661019" lon="35.937629"><ele>148.0</ele></trkpt>
      <trkpt lat="54.660978" lon="35.937407"><ele>148.6</ele></trkpt>
      <trkpt lat="54.660961" lon="35.937319"><ele>148.8</ele></trkpt>
      <trkpt lat="54.660883" lon="35.936903"><ele>149.7</ele></trkpt>
      <trkpt lat="54.660866" lon="35.93681"><ele>149.9</ele></trkpt>
      <trkpt lat="54.660801" lon="35.936462"><ele>150.7</ele></trkpt>
      <trkpt lat="54.660794" lon="35.936418"><ele>150.8</ele></trkpt>
      <trkpt lat="54.66071" lon="35.936"><ele>151.7</ele></trkpt>
      <trkpt lat="54.660627" lon="35.935582"><ele>152.4</ele></trkpt>
      <trkpt lat="54.660619" lon="35.935544"><ele>152.4</ele></trkpt>
      <trkpt lat="54.660519" lon="35.935052"><ele>153.1</ele></trkpt>
      <trkpt lat="54.66047" lon="35.934784"><ele>153.3</ele></trkpt>
      <trkpt lat="54.660424" lon="35.93453"><ele>153.5</ele></trkpt>
      <trkpt lat="54.660278" lon="35.933759"><ele>153.7</ele></trkpt>
      <trkpt lat="54.660148" lon="35.933081"><ele>153.5</ele></trkpt>
      <trkpt lat="54.660118" lon="35.932656"><ele>153.4</ele></trkpt>
      <trkpt lat="54.660173" lon="35.932554"><ele>153.2</ele></trkpt>
      <trkpt lat="54.660206" lon="35.932537"><ele>153.2</ele></trkpt>
      <trkpt lat="54.660251" lon="35.93253"><ele>153.1</ele></trkpt>
      <trkpt lat="54.660402" lon="35.932545"><ele>152.7</ele></trkpt>
      <trkpt lat="54.660785" lon="35.932585"><ele>151.4</ele></trkpt>
      <trkpt lat="54.661216" lon="35.932573"><ele>149.8</ele></trkpt>
      <trkpt lat="54.661306" lon="35.932564"><ele>149.5</ele></trkpt>
      <trkpt lat="54.661513" lon="35.93252"><ele>148.7</ele></trkpt>
      <trkpt lat="54.661749" lon="35.932451"><ele>148.1</ele></trkpt>
      <trkpt lat="54.661822" lon="35.932426"><ele>147.8</ele></trkpt>
      <trkpt lat="54.662037" lon="35.932337"><ele>147.1</ele></trkpt>
      <trkpt lat="54.662304" lon="35.932197"><ele>146.6</ele></trkpt>
      <trkpt lat="54.662384" lon="35.932148"><ele>146.6</ele></trkpt>
      <trkpt lat="54.662562" lon="35.932029"><ele>146.4</ele></trkpt>
      <trkpt lat="54.662919" lon="35.931775"><ele>146.7</ele></trkpt>
      <trkpt lat="54.663456" lon="35.931394"><ele>147.1</ele></trkpt>
      <trkpt lat="54.664013" lon="35.931014"><ele>148.2</ele></trkpt>
      <trkpt lat="54.664065" lon="35.930977"><ele>148.2</ele></trkpt>
      <trkpt lat="54.664565" lon="35.930623"><ele>149.0</ele></trkpt>
      <trkpt lat="54.664957" lon="35.930341"><ele>149.6</ele></trkpt>
      <trkpt lat="54.665044" lon="35.930281"><ele>149.7</ele></trkpt>
      <trkpt lat="54.665514" lon="35.929946"><ele>150.5</ele></trkpt>
      <trkpt lat="54.665644" lon="35.929855"><ele>150.8</ele></trkpt>
      <trkpt lat="54.666089" lon="35.929539"><ele>152.1</ele></trkpt>
      <trkpt lat="54.666178" lon="35.929481"><ele>152.5</ele></trkpt>
      <trkpt lat="54.666394" lon="35.929338"><ele>153.3</ele></trkpt>
      <trkpt lat="54.666516" lon="35.929252"><ele>153.8</ele></trkpt>
      <trkpt lat="54.666674" lon="35.92914"><ele>154.5</ele></trkpt>
      <trkpt lat="54.666698" lon="35.929124"><ele>154.6</ele></trkpt>
      <trkpt lat="54.666931" lon="35.928968"><ele>155.3</ele></trkpt>
      <trkpt lat="54.666987" lon="35.928931"><ele>155.4</ele></trkpt>
      <trkpt lat="54.667246" lon="35.928753"><ele>155.7</ele></trkpt>
      <trkpt lat="54.667547" lon="35.928555"><ele>155.8</ele></trkpt>
      <trkpt lat="54.667896" lon="35.928319"><ele>155.9</ele></trkpt>
      <trkpt lat="54.668337" lon="35.928015"><ele>155.7</ele></trkpt>
      <trkpt lat="54.668726" lon="35.927712"><ele>155.7</ele></trkpt>
      <trkpt lat="54.669165" lon="35.927199"><ele>155.7</ele></trkpt>
      <trkpt lat="54.669499" lon="35.926712"><ele>155.6</ele></trkpt>
      <trkpt lat="54.669946" lon="35.926026"><ele>155.3</ele></trkpt>
      <trkpt lat="54.66999" lon="35.925958"><ele>155.2</ele></trkpt>
      <trkpt lat="54.670432" lon="35.92529"><ele>154.7</ele></trkpt>
      <trkpt lat="54.67073" lon="35.924835"><ele>154.4</ele></trkpt>
      <trkpt lat="54.670944" lon="35.924512"><ele>154.3</ele></trkpt>
      <trkpt lat="54.671352" lon="35.92389"><ele>154.0</ele></trkpt>
      <trkpt lat="54.6714" lon="35.923819"><ele>153.9</ele></trkpt>
      <trkpt lat="54.671828" lon="35.923102"><ele>153.3</ele></trkpt>
      <trkpt lat="54.67198" lon="35.922637"><ele>153.0</ele></trkpt>
      <trkpt lat="54.672023" lon="35.922394"><ele>153.0</ele></trkpt>
      <trkpt lat="54.672043" lon="35.922164"><ele>153.1</ele></trkpt>
      <trkpt lat="54.672104" lon="35.921327"><ele>153.0</ele></trkpt>
      <trkpt lat="54.672137" lon="35.920895"><ele>153.0</ele></trkpt>
      <trkpt lat="54.672151" lon="35.920735"><ele>153.0</ele></trkpt>
      <trkpt lat="54.672153" lon="35.920572"><ele>152.9</ele></trkpt>
      <trkpt lat="54.67213" lon="35.920606"><ele>152.9</ele></trkpt>
      <trkpt lat="54.67213" lon="35.920922"><ele>153.0</ele></trkpt>
      <trkpt lat="54.672112" lon="35.92106"><ele>153.0</ele></trkpt>
      <trkpt lat="54.672096" lon="35.921281"><ele>153.0</ele></trkpt>
      <trkpt lat="54.672059" lon="35.92181"><ele>153.0</ele></trkpt>
      <trkpt lat="54.672042" lon="35.921892"><ele>153.0</ele></trkpt>
      <trkpt lat="54.672087" lon="35.921889"><ele>152.6</ele></trkpt>
      <trkpt lat="54.672168" lon="35.921862"><ele>151.8</ele></trkpt>
      <trkpt lat="54.672207" lon="35.921836"><ele>151.5</ele></trkpt>
      <trkpt lat="54.672444" lon="35.921621"><ele>151.0</ele></trkpt>
      <trkpt lat="54.672485" lon="35.921601"><ele>150.9</ele></trkpt>
      <trkpt lat="54.672716" lon="35.921524"><ele>150.6</ele></trkpt>
      <trkpt lat="54.672894" lon="35.921507"><ele>150.1</ele></trkpt>
      <trkpt lat="54.672977" lon="35.921704"><ele>149.7</ele></trkpt>
      <trkpt lat="54.673018" lon="35.921747"><ele>149.5</ele></trkpt>
      <trkpt lat="54.67304" lon="35.921736"><ele>149.4</ele></trkpt>
      <trkpt lat="54.673128" lon="35.921656"><ele>149.0</ele></trkpt>
      <trkpt lat="54.673137" lon="35.921654"><ele>148.9</ele></trkpt>
      <trkpt lat="54.673144" lon="35.921657"><ele>148.9</ele></trkpt>
      <trkpt lat="54.67316" lon="35.921686"><ele>148.8</ele></trkpt>
      <trkpt lat="54.673181" lon="35.921734"><ele>148.6</ele></trkpt>
      <trkpt lat="54.673269" lon="35.921916"><ele>147.8</ele></trkpt>
      <trkpt lat="54.673365" lon="35.921918"><ele>147.0</ele></trkpt>
      <trkpt lat="54.673453" lon="35.921933"><ele>146.1</ele></trkpt>
      <trkpt lat="54.673549" lon="35.921946"><ele>145.2</ele></trkpt>
      <trkpt lat="54.673811" lon="35.921981"><ele>142.6</ele></trkpt>
      <trkpt lat="54.673859" lon="35.921986"><ele>142.1</ele></trkpt>
      <trkpt lat="54.674001" lon="35.921996"><ele>140.7</ele></trkpt>
      <trkpt lat="54.674024" lon="35.921991"><ele>140.4</ele></trkpt>
      <trkpt lat="54.674076" lon="35.921999"><ele>139.7</ele></trkpt>
      <trkpt lat="54.674097" lon="35.922015"><ele>139.4</ele></trkpt>
      <trkpt lat="54.674152" lon="35.922057"><ele>138.5</ele></trkpt>
      <trkpt lat="54.67419" lon="35.92207"><ele>137.9</ele></trkpt>
      <trkpt lat="54.674227" lon="35.922087"><ele>137.4</ele></trkpt>
      <trkpt lat="54.674347" lon="35.92217"><ele>135.5</ele></trkpt>
      <trkpt lat="54.674421" lon="35.922207"><ele>134.1</ele></trkpt>
      <trkpt lat="54.674465" lon="35.922222"><ele>133.5</ele></trkpt>
      <trkpt lat="54.674465" lon="35.922222"><ele>133.5</ele></trkpt>
      <trkpt lat="54.674464" lon="35.922227"><ele>133.4</ele></trkpt>
      <trkpt lat="54.674596" lon="35.922239"><ele>132.5</ele></trkpt>
      <trkpt lat="54.674602" lon="35.922219"><ele>132.4</ele></trkpt>
      <trkpt lat="54.674614" lon="35.92219"><ele>132.3</ele></trkpt>
      <trkpt lat="54.674622" lon="35.922186"><ele>132.2</ele></trkpt>
      <trkpt lat="54.674632" lon="35.922185"><ele>132.2</ele></trkpt>
      <trkpt lat="54.674661" lon="35.92219"><ele>132.2</ele></trkpt>
      <trkpt lat="54.674738" lon="35.922229"><ele>132.2</ele></trkpt>
      <trkpt lat="54.674847" lon="35.922272"><ele>132.2</ele></trkpt>
      <trkpt lat="54.674911" lon="35.922311"><ele>132.1</ele></trkpt>
      <trkpt lat="54.674934" lon="35.922322"><ele>132.1</ele></trkpt>
      <trkpt lat="54.67494" lon="35.922324"><ele>132.1</ele></trkpt>
      <trkpt lat="54.674953" lon="35.922326"><ele>132.1</ele></trkpt>
      <trkpt lat="54.674965" lon="35.922335"><ele>132.1</ele></trkpt>
      <trkpt lat="54.67499" lon="35.922342"><ele>131.9</ele></trkpt>
      <trkpt lat="54.675007" lon="35.922349"><ele>131.7</ele></trkpt>
      <trkpt lat="54.675108" lon="35.922388"><ele>130.9</ele></trkpt>
      <trkpt lat="54.675198" lon="35.922424"><ele>130.4</ele></trkpt>
      <trkpt lat="54.675209" lon="35.922428"><ele>130.3</ele></trkpt>
      <trkpt lat="54.675228" lon="35.922433"><ele>130.2</ele></trkpt>
      <trkpt lat="54.675299" lon="35.922455"><ele>130.1</ele></trkpt>
      <trkpt lat="54.675415" lon="35.92251"><ele>130.2</ele></trkpt>
      <trkpt lat="54.675544" lon="35.92255"><ele>130.5</ele></trkpt>
      <trkpt lat="54.675614" lon="35.922579"><ele>130.4</ele></trkpt>
      <trkpt lat="54.67572" lon="35.922613"><ele>130.0</ele></trkpt>
      <trkpt lat="54.675777" lon="35.922637"><ele>129.7</ele></trkpt>
      <trkpt lat="54.675847" lon="35.922669"><ele>129.4</ele></trkpt>
      <trkpt lat="54.675855" lon="35.922672"><ele>129.4</ele></trkpt>
      <trkpt lat="54.675982" lon="35.922713"><ele>129.3</ele></trkpt>
      <trkpt lat="54.676102" lon="35.922762"><ele>129.7</ele></trkpt>
      <trkpt lat="54.676173" lon="35.922796"><ele>130.0</ele></trkpt>
      <trkpt lat="54.676173" lon="35.922796"><ele>130.0</ele></trkpt>
      <trkpt lat="54.676173" lon="35.922796"><ele>130.0</ele></trkpt>
      <trkpt lat="54.676182" lon="35.922804"><ele>130.0</ele></trkpt>
      <trkpt lat="54.676231" lon="35.92282"><ele>130.0</ele></trkpt>
      <trkpt lat="54.676325" lon="35.922846"><ele>129.7</ele></trkpt>
      <trkpt lat="54.676344" lon="35.922851"><ele>129.6</ele></trkpt>
      <trkpt lat="54.676416" lon="35.922887"><ele>129.3</ele></trkpt>
      <trkpt lat="54.676442" lon="35.922899"><ele>129.2</ele></trkpt>
      <trkpt lat="54.676478" lon="35.922916"><ele>129.2</ele></trkpt>
      <trkpt lat="54.676507" lon="35.922972"><ele>129.1</ele></trkpt>
      <trkpt lat="54.676592" lon="35.923011"><ele>129.1</ele></trkpt>
      <trkpt lat="54.676639" lon="35.923071"><ele>129.1</ele></trkpt>
      <trkpt lat="54.676677" lon="35.92308"><ele>126.4</ele></trkpt>
      <trkpt lat="54.676688" lon="35.923072"><ele>126.4</ele></trkpt>
      <trkpt lat="54.676688" lon="35.923072"><ele>126.4</ele></trkpt>
      <trkpt lat="54.676688" lon="35.923072"><ele>126.4</ele></trkpt>
      <trkpt lat="54.676708" lon="35.923042"><ele>126.4</ele></trkpt>
      <trkpt lat="54.676811" lon="35.922924"><ele>126.3</ele></trkpt>
      <trkpt lat="54.676921" lon="35.922733"><ele>126.3</ele></trkpt>
      <trkpt lat="54.677108" lon="35.9225"><ele>126.0</ele></trkpt>
      <trkpt lat="54.677168" lon="35.922379"><ele>125.7</ele></trkpt>
      <trkpt lat="54.677244" lon="35.922227"><ele>125.4</ele></trkpt>
      <trkpt lat="54.677419" lon="35.922048"><ele>125.3</ele></trkpt>
      <trkpt lat="54.677733" lon="35.921763"><ele>125.2</ele></trkpt>
      <trkpt lat="54.677986" lon="35.921537"><ele>125.0</ele></trkpt>
      <trkpt lat="54.678268" lon="35.921327"><ele>124.8</ele></trkpt>
      <trkpt lat="54.678552" lon="35.921168"><ele>124.7</ele></trkpt>
      <trkpt lat="54.67877" lon="35.921029"><ele>124.5</ele></trkpt>
      <trkpt lat="54.679083" lon="35.920856"><ele>124.3</ele></trkpt>
      <trkpt lat="54.67937" lon="35.920714"><ele>124.2</ele></trkpt>
      <trkpt lat="54.679514" lon="35.920694"><ele>124.0</ele></trkpt>
      <trkpt lat="54.679552" lon="35.920712"><ele>124.0</ele></trkpt>
      <trkpt lat="54.679791" lon="35.92074"><ele>124.1</ele></trkpt>
      <trkpt lat="54.67986" lon="35.920714"><ele>124.2</ele></trkpt>
      <trkpt lat="54.680162" lon="35.92059"><ele>124.5</ele></trkpt>
      <trkpt lat="54.680491" lon="35.920473"><ele>124.7</ele></trkpt>
      <trkpt lat="54.680861" lon="35.920352"><ele>125.1</ele></trkpt>
      <trkpt lat="54.681048" lon="35.920335"><ele>125.2</ele></trkpt>
      <trkpt lat="54.681228" lon="35.920235"><ele>125.3</ele></trkpt>
      <trkpt lat="54.681372" lon="35.920269"><ele>125.4</ele></trkpt>
      <trkpt lat="54.681548" lon="35.920366"><ele>125.7</ele></trkpt>
      <trkpt lat="54.681697" lon="35.920378"><ele>125.8</ele></trkpt>
      <trkpt lat="54.681791" lon="35.920395"><ele>125.8</ele></trkpt>
      <trkpt lat="54.681796" lon="35.920469"><ele>125.8</ele></trkpt>
      <trkpt lat="54.681774" lon="35.920588"><ele>125.8</ele></trkpt>
      <trkpt lat="54.681774" lon="35.920588"><ele>125.8</ele></trkpt>
      <trkpt lat="54.68206" lon="35.920816"><ele>125.9</ele></trkpt>
      <trkpt lat="54.682863" lon="35.920725"><ele>125.7</ele></trkpt>
      <trkpt lat="54.683027" lon="35.920707"><ele>125.6</ele></trkpt>
      <trkpt lat="54.683066" lon="35.92066"><ele>125.7</ele></trkpt>
      <trkpt lat="54.683113" lon="35.920609"><ele>125.7</ele></trkpt>
      <trkpt lat="54.683125" lon="35.920595"><ele>125.7</ele></trkpt>
      <trkpt lat="54.683162" lon="35.92064"><ele>125.8</ele></trkpt>
      <trkpt lat="54.683654" lon="35.920775"><ele>125.7</ele></trkpt>
      <trkpt lat="54.684129" lon="35.920906"><ele>125.6</ele></trkpt>
      <trkpt lat="54.684239" lon="35.920936"><ele>125.8</ele></trkpt>
      <trkpt lat="54.684728" lon="35.921071"><ele>126.4</ele></trkpt>
      <trkpt lat="54.685218" lon="35.921205"><ele>126.4</ele></trkpt>
      <trkpt lat="54.685699" lon="35.921338"><ele>126.4</ele></trkpt>
      <trkpt lat="54.686185" lon="35.921471"><ele>126.7</ele></trkpt>
      <trkpt lat="54.686669" lon="35.921604"><ele>126.9</ele></trkpt>
      <trkpt lat="54.687162" lon="35.92174"><ele>127.5</ele></trkpt>
      <trkpt lat="54.687655" lon="35.921876"><ele>127.6</ele></trkpt>
      <trkpt lat="54.688136" lon="35.922008"><ele>127.6</ele></trkpt>
      <trkpt lat="54.688327" lon="35.92206"><ele>126.9</ele></trkpt>
      <trkpt lat="54.688327" lon="35.92206"><ele>127.5</ele></trkpt>
      <trkpt lat="54.688595" lon="35.922134"><ele>127.0</ele></trkpt>
      <trkpt lat="54.688595" lon="35.922134"><ele>127.0</ele></trkpt>
      <trkpt lat="54.688614" lon="35.922135"><ele>127.0</ele></trkpt>
      <trkpt lat="54.688623" lon="35.922073"><ele>126.9</ele></trkpt>
      <trkpt lat="54.688629" lon="35.922024"><ele>127.0</ele></trkpt>
      <trkpt lat="54.688697" lon="35.922035"><ele>127.0</ele></trkpt>
      <trkpt lat="54.688798" lon="35.92205"><ele>127.3</ele></trkpt>
      <trkpt lat="54.688791" lon="35.922005"><ele>127.4</ele></trkpt>
      <trkpt lat="54.688771" lon="35.921982"><ele>127.5</ele></trkpt>
      <trkpt lat="54.688736" lon="35.921911"><ele>127.7</ele></trkpt>
      <trkpt lat="54.688793" lon="35.921858"><ele>128.0</ele></trkpt>
      <trkpt lat="54.688814" lon="35.921846"><ele>128.2</ele></trkpt>
      <trkpt lat="54.68868" lon="35.921767"><ele>127.9</ele></trkpt>
      <trkpt lat="54.688665" lon="35.92172"><ele>127.8</ele></trkpt>
      <trkpt lat="54.688594" lon="35.921614"><ele>127.6</ele></trkpt>
      <trkpt lat="54.688546" lon="35.921534"><ele>127.4</ele></trkpt>
      <trkpt lat="54.688407" lon="35.921384"><ele>127.3</ele></trkpt>
      <trkpt lat="54.688317" lon="35.92118"><ele>127.4</ele></trkpt>
      <trkpt lat="54.68818" lon="35.920945"><ele>127.8</ele></trkpt>
      <trkpt lat="54.688101" lon="35.920809"><ele>128.0</ele></trkpt>
      <trkpt lat="54.688015" lon="35.920656"><ele>128.1</ele></trkpt>
      <trkpt lat="54.687783" lon="35.920218"><ele>128.5</ele></trkpt>
      <trkpt lat="54.687543" lon="35.919861"><ele>128.6</ele></trkpt>
      <trkpt lat="54.687406" lon="35.919655"><ele>128.6</ele></trkpt>
      <trkpt lat="54.687227" lon="35.919386"><ele>128.6</ele></trkpt>
      <trkpt lat="54.687068" lon="35.919185"><ele>128.9</ele></trkpt>
      <trkpt lat="54.686885" lon="35.91893"><ele>129.2</ele></trkpt>
      <trkpt lat="54.686774" lon="35.918768"><ele>129.2</ele></trkpt>
      <trkpt lat="54.68658" lon="35.918545"><ele>129.4</ele></trkpt>
      <trkpt lat="54.686475" lon="35.918415"><ele>129.6</ele></trkpt>
      <trkpt lat="54.686333" lon="35.918202"><ele>129.8</ele></trkpt>
      <trkpt lat="54.686194" lon="35.917835"><ele>130.2</ele></trkpt>
      <trkpt lat="54.686104" lon="35.917549"><ele>130.6</ele></trkpt>
      <trkpt lat="54.68607" lon="35.917257"><ele>130.8</ele></trkpt>
      <trkpt lat="54.686127" lon="35.916815"><ele>130.2</ele></trkpt>
      <trkpt lat="54.686192" lon="35.91662"><ele>129.8</ele></trkpt>
      <trkpt lat="54.686245" lon="35.916407"><ele>129.5</ele></trkpt>
      <trkpt lat="54.68636" lon="35.916171"><ele>129.3</ele></trkpt>
      <trkpt lat="54.686545" lon="35.916004"><ele>129.1</ele></trkpt>
      <trkpt lat="54.686701" lon="35.915839"><ele>129.0</ele></trkpt>
      <trkpt lat="54.686987" lon="35.915529"><ele>128.7</ele></trkpt>
      <trkpt lat="54.687191" lon="35.915325"><ele>128.4</ele></trkpt>
      <trkpt lat="54.68743" lon="35.915134"><ele>128.3</ele></trkpt>
      <trkpt lat="54.687738" lon="35.91483"><ele>128.1</ele></trkpt>
      <trkpt lat="54.687876" lon="35.914678"><ele>127.9</ele></trkpt>
      <trkpt lat="54.687952" lon="35.914607"><ele>127.9</ele></trkpt>
      <trkpt lat="54.688271" lon="35.914348"><ele>127.8</ele></trkpt>
      <trkpt lat="54.688522" lon="35.914163"><ele>128.2</ele></trkpt>
      <trkpt lat="54.688798" lon="35.913889"><ele>128.4</ele></trkpt>
      <trkpt lat="54.689012" lon="35.913642"><ele>128.3</ele></trkpt>
      <trkpt lat="54.689216" lon="35.913397"><ele>128.1</ele></trkpt>
      <trkpt lat="54.689494" lon="35.913031"><ele>127.7</ele></trkpt>
      <trkpt lat="54.689547" lon="35.912954"><ele>127.7</ele></trkpt>
      <trkpt lat="54.689693" lon="35.912775"><ele>127.6</ele></trkpt>
      <trkpt lat="54.689858" lon="35.912549"><ele>127.5</ele></trkpt>
      <trkpt lat="54.690016" lon="35.912336"><ele>127.5</ele></trkpt>
      <trkpt lat="54.690212" lon="35.912015"><ele>127.6</ele></trkpt>
      <trkpt lat="54.690396" lon="35.911717"><ele>127.7</ele></trkpt>
      <trkpt lat="54.690565" lon="35.911436"><ele>127.9</ele></trkpt>
      <trkpt lat="54.690708" lon="35.91121"><ele>128.2</ele></trkpt>
      <trkpt lat="54.690752" lon="35.911142"><ele>128.3</ele></trkpt>
      <trkpt lat="54.690826" lon="35.910942"><ele>128.9</ele></trkpt>
      <trkpt lat="54.69087" lon="35.910855"><ele>129.2</ele></trkpt>
      <trkpt lat="54.690895" lon="35.910817"><ele>129.4</ele></trkpt>
      <trkpt lat="54.690926" lon="35.910777"><ele>129.5</ele></trkpt>
      <trkpt lat="54.691045" lon="35.910596"><ele>130.0</ele></trkpt>
      <trkpt lat="54.691123" lon="35.910461"><ele>130.1</ele></trkpt>
      <trkpt lat="54.691126" lon="35.910461"><ele>130.1</ele></trkpt>
      <trkpt lat="54.691127" lon="35.910462"><ele>130.1</ele></trkpt>
      <trkpt lat="54.691133" lon="35.910455"><ele>130.1</ele></trkpt>
      <trkpt lat="54.691179" lon="35.910413"><ele>130.1</ele></trkpt>
      <trkpt lat="54.691193" lon="35.910392"><ele>130.1</ele></trkpt>
      <trkpt lat="54.691224" lon="35.910362"><ele>130.1</ele></trkpt>
      <trkpt lat="54.691236" lon="35.910335"><ele>130.1</ele></trkpt>
      <trkpt lat="54.691308" lon="35.910104"><ele>130.1</ele></trkpt>
      <trkpt lat="54.691382" lon="35.909826"><ele>129.9</ele></trkpt>
      <trkpt lat="54.691534" lon="35.909622"><ele>129.7</ele></trkpt>
      <trkpt lat="54.691687" lon="35.909469"><ele>129.5</ele></trkpt>
      <trkpt lat="54.691718" lon="35.909472"><ele>129.4</ele></trkpt>
      <trkpt lat="54.691899" lon="35.909554"><ele>129.2</ele></trkpt>
      <trkpt lat="54.691943" lon="35.909595"><ele>129.2</ele></trkpt>
      <trkpt lat="54.691945" lon="35.909596"><ele>129.2</ele></trkpt>
      <trkpt lat="54.691944" lon="35.90959"><ele>129.2</ele></trkpt>
      <trkpt lat="54.691897" lon="35.909427"><ele>129.1</ele></trkpt>
      <trkpt lat="54.691882" lon="35.909263"><ele>129.1</ele></trkpt>
      <trkpt lat="54.691891" lon="35.909225"><ele>129.1</ele></trkpt>
      <trkpt lat="54.691904" lon="35.909146"><ele>129.1</ele></trkpt>
      <trkpt lat="54.691895" lon="35.909066"><ele>129.1</ele></trkpt>
      <trkpt lat="54.691895" lon="35.909059"><ele>129.1</ele></trkpt>
      <trkpt lat="54.691873" lon="35.908996"><ele>129.2</ele></trkpt>
      <trkpt lat="54.691864" lon="35.908972"><ele>129.2</ele></trkpt>
      <trkpt lat="54.691818" lon="35.908879"><ele>129.2</ele></trkpt>
      <trkpt lat="54.691783" lon="35.908721"><ele>129.2</ele></trkpt>
      <trkpt lat="54.691768" lon="35.908526"><ele>129.2</ele></trkpt>
      <trkpt lat="54.691738" lon="35.908251"><ele>129.3</ele></trkpt>
      <trkpt lat="54.691686" lon="35.907844"><ele>129.6</ele></trkpt>
      <trkpt lat="54.691681" lon="35.90779"><ele>129.7</ele></trkpt>
      <trkpt lat="54.69168" lon="35.907731"><ele>129.7</ele></trkpt>
      <trkpt lat="54.691673" lon="35.907631"><ele>129.7</ele></trkpt>
      <trkpt lat="54.691661" lon="35.907242"><ele>129.7</ele></trkpt>
      <trkpt lat="54.691683" lon="35.9069"><ele>129.3</ele></trkpt>
      <trkpt lat="54.691733" lon="35.906536"><ele>129.3</ele></trkpt>
      <trkpt lat="54.691753" lon="35.906166"><ele>129.5</ele></trkpt>
      <trkpt lat="54.691753" lon="35.905694"><ele>129.6</ele></trkpt>
      <trkpt lat="54.69178" lon="35.905157"><ele>129.8</ele></trkpt>
      <trkpt lat="54.691803" lon="35.904614"><ele>129.8</ele></trkpt>
      <trkpt lat="54.691834" lon="35.904068"><ele>130.2</ele></trkpt>
      <trkpt lat="54.691911" lon="35.903881"><ele>130.3</ele></trkpt>
      <trkpt lat="54.692063" lon="35.903774"><ele>130.4</ele></trkpt>
      <trkpt lat="54.692217" lon="35.903833"><ele>130.3</ele></trkpt>
      <trkpt lat="54.692442" lon="35.904032"><ele>130.3</ele></trkpt>
      <trkpt lat="54.692587" lon="35.904015"><ele>130.3</ele></trkpt>
      <trkpt lat="54.692664" lon="35.90386"><ele>130.2</ele></trkpt>
      <trkpt lat="54.692737" lon="35.903634"><ele>129.9</ele></trkpt>
      <trkpt lat="54.692742" lon="35.903564"><ele>129.8</ele></trkpt>
      <trkpt lat="54.692741" lon="35.903543"><ele>129.7</ele></trkpt>
      <trkpt lat="54.692774" lon="35.903436"><ele>129.5</ele></trkpt>
      <trkpt lat="54.692786" lon="35.903382"><ele>129.4</ele></trkpt>
      <trkpt lat="54.692784" lon="35.903331"><ele>129.3</ele></trkpt>
      <trkpt lat="54.692782" lon="35.903286"><ele>129.3</ele></trkpt>
      <trkpt lat="54.692781" lon="35.903257"><ele>129.2</ele></trkpt>
      <trkpt lat="54.692738" lon="35.903057"><ele>129.2</ele></trkpt>
      <trkpt lat="54.692678" lon="35.902782"><ele>129.7</ele></trkpt>
      <trkpt lat="54.692584" lon="35.902563"><ele>129.9</ele></trkpt>
      <trkpt lat="54.692483" lon="35.902368"><ele>129.9</ele></trkpt>
      <trkpt lat="54.692446" lon="35.902296"><ele>129.8</ele></trkpt>
      <trkpt lat="54.692375" lon="35.902145"><ele>129.8</ele></trkpt>
      <trkpt lat="54.692325" lon="35.902018"><ele>129.8</ele></trkpt>
      <trkpt lat="54.692195" lon="35.901643"><ele>130.0</ele></trkpt>
      <trkpt lat="54.692073" lon="35.901271"><ele>130.4</ele></trkpt>
      <trkpt lat="54.692023" lon="35.900982"><ele>130.6</ele></trkpt>
      <trkpt lat="54.692025" lon="35.90045"><ele>130.5</ele></trkpt>
      <trkpt lat="54.692031" lon="35.900113"><ele>130.5</ele></trkpt>
      <trkpt lat="54.692061" lon="35.899693"><ele>130.5</ele></trkpt>
      <trkpt lat="54.692086" lon="35.899202"><ele>130.5</ele></trkpt>
      <trkpt lat="54.69211" lon="35.898486"><ele>130.5</ele></trkpt>
      <trkpt lat="54.692119" lon="35.897988"><ele>130.4</ele></trkpt>
      <trkpt lat="54.692165" lon="35.897492"><ele>130.3</ele></trkpt>
      <trkpt lat="54.692213" lon="35.897087"><ele>130.4</ele></trkpt>
      <trkpt lat="54.692215" lon="35.896758"><ele>130.3</ele></trkpt>
      <trkpt lat="54.692221" lon="35.896191"><ele>130.3</ele></trkpt>
      <trkpt lat="54.692229" lon="35.895675"><ele>130.3</ele></trkpt>
      <trkpt lat="54.692233" lon="35.895322"><ele>130.2</ele></trkpt>
      <trkpt lat="54.692244" lon="35.894812"><ele>130.0</ele></trkpt>
      <trkpt lat="54.692264" lon="35.894156"><ele>129.8</ele></trkpt>
      <trkpt lat="54.692281" lon="35.893722"><ele>129.7</ele></trkpt>
      <trkpt lat="54.692292" lon="35.893224"><ele>129.6</ele></trkpt>
      <trkpt lat="54.692327" lon="35.892691"><ele>129.6</ele></trkpt>
      <trkpt lat="54.692363" lon="35.892422"><ele>129.7</ele></trkpt>
      <trkpt lat="54.692418" lon="35.89213"><ele>129.9</ele></trkpt>
      <trkpt lat="54.692404" lon="35.892043"><ele>129.9</ele></trkpt>
      <trkpt lat="54.692393" lon="35.891851"><ele>129.8</ele></trkpt>
      <trkpt lat="54.692401" lon="35.891818"><ele>129.8</ele></trkpt>
      <trkpt lat="54.692474" lon="35.891587"><ele>129.7</ele></trkpt>
      <trkpt lat="54.692503" lon="35.891254"><ele>129.8</ele></trkpt>
      <trkpt lat="54.692533" lon="35.890894"><ele>130.0</ele></trkpt>
      <trkpt lat="54.692559" lon="35.890604"><ele>130.1</ele></trkpt>
      <trkpt lat="54.692624" lon="35.890246"><ele>130.3</ele></trkpt>
      <trkpt lat="54.692688" lon="35.8899"><ele>130.4</ele></trkpt>
      <trkpt lat="54.692712" lon="35.889552"><ele>130.4</ele></trkpt>
      <trkpt lat="54.692694" lon="35.889389"><ele>130.5</ele></trkpt>
      <trkpt lat="54.69266" lon="35.889321"><ele>130.5</ele></trkpt>
      <trkpt lat="54.692531" lon="35.88919"><ele>130.6</ele></trkpt>
      <trkpt lat="54.692418" lon="35.889025"><ele>130.8</ele></trkpt>
      <trkpt lat="54.692417" lon="35.888744"><ele>130.9</ele></trkpt>
      <trkpt lat="54.692446" lon="35.888426"><ele>130.8</ele></trkpt>
      <trkpt lat="54.692452" lon="35.887954"><ele>130.8</ele></trkpt>
      <trkpt lat="54.692467" lon="35.887588"><ele>130.8</ele></trkpt>
      <trkpt lat="54.692497" lon="35.887167"><ele>130.9</ele></trkpt>
      <trkpt lat="54.692524" lon="35.886874"><ele>130.8</ele></trkpt>
      <trkpt lat="54.692544" lon="35.886638"><ele>130.8</ele></trkpt>
      <trkpt lat="54.692563" lon="35.886202"><ele>130.9</ele></trkpt>
      <trkpt lat="54.692577" lon="35.885804"><ele>131.0</ele></trkpt>
      <trkpt lat="54.692576" lon="35.885785"><ele>131.0</ele></trkpt>
      <trkpt lat="54.692599" lon="35.88572"><ele>131.0</ele></trkpt>
      <trkpt lat="54.69262" lon="35.885674"><ele>131.0</ele></trkpt>
      <trkpt lat="54.692714" lon="35.885516"><ele>130.9</ele></trkpt>
      <trkpt lat="54.692813" lon="35.885334"><ele>130.8</ele></trkpt>
      <trkpt lat="54.69288" lon="35.885072"><ele>130.7</ele></trkpt>
      <trkpt lat="54.692901" lon="35.885033"><ele>130.7</ele></trkpt>
      <trkpt lat="54.692934" lon="35.885029"><ele>130.8</ele></trkpt>
      <trkpt lat="54.693065" lon="35.885037"><ele>131.0</ele></trkpt>
      <trkpt lat="54.693137" lon="35.885074"><ele>131.4</ele></trkpt>
      <trkpt lat="54.693153" lon="35.885068"><ele>131.4</ele></trkpt>
      <trkpt lat="54.693179" lon="35.885053"><ele>131.6</ele></trkpt>
      <trkpt lat="54.693206" lon="35.88503"><ele>131.7</ele></trkpt>
      <trkpt lat="54.6933" lon="35.884875"><ele>132.6</ele></trkpt>
      <trkpt lat="54.693342" lon="35.884799"><ele>133.1</ele></trkpt>
      <trkpt lat="54.693341" lon="35.884788"><ele>133.1</ele></trkpt>
      <trkpt lat="54.693346" lon="35.884776"><ele>133.2</ele></trkpt>
      <trkpt lat="54.693379" lon="35.884744"><ele>133.6</ele></trkpt>
      <trkpt lat="54.6934" lon="35.884714"><ele>133.9</ele></trkpt>
      <trkpt lat="54.693455" lon="35.884631"><ele>134.6</ele></trkpt>
      <trkpt lat="54.693491" lon="35.884579"><ele>135.1</ele></trkpt>
      <trkpt lat="54.69352" lon="35.884517"><ele>135.5</ele></trkpt>
      <trkpt lat="54.693549" lon="35.884462"><ele>135.8</ele></trkpt>
      <trkpt lat="54.693551" lon="35.884456"><ele>135.9</ele></trkpt>
      <trkpt lat="54.693552" lon="35.884456"><ele>135.9</ele></trkpt>
      <trkpt lat="54.693557" lon="35.884446"><ele>135.9</ele></trkpt>
      <trkpt lat="54.693566" lon="35.88443"><ele>136.0</ele></trkpt>
      <trkpt lat="54.693624" lon="35.884295"><ele>136.7</ele></trkpt>
      <trkpt lat="54.693642" lon="35.884253"><ele>137.0</ele></trkpt>
      <trkpt lat="54.693662" lon="35.884225"><ele>137.1</ele></trkpt>
      <trkpt lat="54.693691" lon="35.884179"><ele>137.4</ele></trkpt>
      <trkpt lat="54.69374" lon="35.884119"><ele>137.8</ele></trkpt>
      <trkpt lat="54.693836" lon="35.88403"><ele>138.6</ele></trkpt>
      <trkpt lat="54.693914" lon="35.883957"><ele>139.3</ele></trkpt>
      <trkpt lat="54.693995" lon="35.883897"><ele>140.0</ele></trkpt>
      <trkpt lat="54.694046" lon="35.883835"><ele>140.5</ele></trkpt>
      <trkpt lat="54.694112" lon="35.883793"><ele>141.1</ele></trkpt>
      <trkpt lat="54.694155" lon="35.88376"><ele>141.5</ele></trkpt>
      <trkpt lat="54.694203" lon="35.883703"><ele>141.9</ele></trkpt>
      <trkpt lat="54.694214" lon="35.883692"><ele>142.0</ele></trkpt>
      <trkpt lat="54.694294" lon="35.883607"><ele>142.6</ele></trkpt>
      <trkpt lat="54.69431" lon="35.883597"><ele>142.7</ele></trkpt>
      <trkpt lat="54.694333" lon="35.883579"><ele>142.8</ele></trkpt>
      <trkpt lat="54.694382" lon="35.883541"><ele>143.1</ele></trkpt>
      <trkpt lat="54.694467" lon="35.883474"><ele>143.8</ele></trkpt>
      <trkpt lat="54.694492" lon="35.883426"><ele>144.2</ele></trkpt>
      <trkpt lat="54.694548" lon="35.883379"><ele>144.9</ele></trkpt>
      <trkpt lat="54.694589" lon="35.883333"><ele>145.4</ele></trkpt>
      <trkpt lat="54.694628" lon="35.883319"><ele>145.8</ele></trkpt>
      <trkpt lat="54.694634" lon="35.883319"><ele>145.9</ele></trkpt>
      <trkpt lat="54.694659" lon="35.883301"><ele>146.1</ele></trkpt>
      <trkpt lat="54.694697" lon="35.883266"><ele>146.6</ele></trkpt>
      <trkpt lat="54.694762" lon="35.883207"><ele>147.2</ele></trkpt>
      <trkpt lat="54.694772" lon="35.883185"><ele>147.3</ele></trkpt>
      <trkpt lat="54.694805" lon="35.883141"><ele>147.6</ele></trkpt>
      <trkpt lat="54.69486" lon="35.883044"><ele>148.2</ele></trkpt>
      <trkpt lat="54.694894" lon="35.882979"><ele>148.6</ele></trkpt>
      <trkpt lat="54.694905" lon="35.882958"><ele>148.7</ele></trkpt>
      <trkpt lat="54.694931" lon="35.882928"><ele>149.0</ele></trkpt>
      <trkpt lat="54.694977" lon="35.882829"><ele>149.5</ele></trkpt>
      <trkpt lat="54.695016" lon="35.882753"><ele>149.9</ele></trkpt>
      <trkpt lat="54.695025" lon="35.882734"><ele>150.0</ele></trkpt>
      <trkpt lat="54.695041" lon="35.882698"><ele>150.2</ele></trkpt>
      <trkpt lat="54.695051" lon="35.882648"><ele>150.5</ele></trkpt>
      <trkpt lat="54.695051" lon="35.882635"><ele>150.5</ele></trkpt>
      <trkpt lat="54.695058" lon="35.882604"><ele>150.7</ele></trkpt>
      <trkpt lat="54.695067" lon="35.882595"><ele>150.8</ele></trkpt>
      <trkpt lat="54.695067" lon="35.882595"><ele>150.8</ele></trkpt>
      <trkpt lat="54.695075" lon="35.882473"><ele>151.2</ele></trkpt>
      <trkpt lat="54.695077" lon="35.882388"><ele>151.5</ele></trkpt>
      <trkpt lat="54.695065" lon="35.882283"><ele>151.7</ele></trkpt>
      <trkpt lat="54.695027" lon="35.882049"><ele>152.0</ele></trkpt>
      <trkpt lat="54.694977" lon="35.881845"><ele>152.4</ele></trkpt>
      <trkpt lat="54.69492" lon="35.881696"><ele>152.7</ele></trkpt>
      <trkpt lat="54.694904" lon="35.88166"><ele>152.8</ele></trkpt>
      <trkpt lat="54.694745" lon="35.881387"><ele>153.6</ele></trkpt>
      <trkpt lat="54.694677" lon="35.88131"><ele>153.8</ele></trkpt>
      <trkpt lat="54.69465" lon="35.881178"><ele>154.1</ele></trkpt>
      <trkpt lat="54.694637" lon="35.88116"><ele>154.1</ele></trkpt>
      <trkpt lat="54.69462" lon="35.881115"><ele>154.2</ele></trkpt>
      <trkpt lat="54.694605" lon="35.881023"><ele>154.4</ele></trkpt>
      <trkpt lat="54.694602" lon="35.880993"><ele>154.4</ele></trkpt>
      <trkpt lat="54.694571" lon="35.880785"><ele>154.7</ele></trkpt>
      <trkpt lat="54.694566" lon="35.880713"><ele>154.8</ele></trkpt>
      <trkpt lat="54.69454" lon="35.880521"><ele>155.1</ele></trkpt>
      <trkpt lat="54.694537" lon="35.880478"><ele>155.2</ele></trkpt>
      <trkpt lat="54.694524" lon="35.880326"><ele>155.4</ele></trkpt>
      <trkpt lat="54.694493" lon="35.880211"><ele>155.6</ele></trkpt>
      <trkpt lat="54.69447" lon="35.880152"><ele>155.7</ele></trkpt>
      <trkpt lat="54.694465" lon="35.880042"><ele>155.8</ele></trkpt>
      <trkpt lat="54.694464" lon="35.879958"><ele>155.9</ele></trkpt>
      <trkpt lat="54.694462" lon="35.87993"><ele>155.9</ele></trkpt>
      <trkpt lat="54.694459" lon="35.879812"><ele>156.0</ele></trkpt>
      <trkpt lat="54.694453" lon="35.879577"><ele>156.2</ele></trkpt>
      <trkpt lat="54.694451" lon="35.879544"><ele>156.2</ele></trkpt>
      <trkpt lat="54.694455" lon="35.879508"><ele>156.2</ele></trkpt>
      <trkpt lat="54.694487" lon="35.879244"><ele>156.3</ele></trkpt>
      <trkpt lat="54.694506" lon="35.878899"><ele>156.4</ele></trkpt>
      <trkpt lat="54.694514" lon="35.878627"><ele>156.3</ele></trkpt>
      <trkpt lat="54.694536" lon="35.87831"><ele>156.2</ele></trkpt>
      <trkpt lat="54.694533" lon="35.878184"><ele>156.2</ele></trkpt>
      <trkpt lat="54.69454" lon="35.878055"><ele>156.2</ele></trkpt>
      <trkpt lat="54.694505" lon="35.877779"><ele>156.2</ele></trkpt>
      <trkpt lat="54.694579" lon="35.877479"><ele>156.2</ele></trkpt>
      <trkpt lat="54.694656" lon="35.877274"><ele>156.1</ele></trkpt>
      <trkpt lat="54.694747" lon="35.876954"><ele>156.0</ele></trkpt>
      <trkpt lat="54.694827" lon="35.87673"><ele>156.0</ele></trkpt>
      <trkpt lat="54.694854" lon="35.876548"><ele>156.0</ele></trkpt>
      <trkpt lat="54.694916" lon="35.876255"><ele>156.0</ele></trkpt>
      <trkpt lat="54.694941" lon="35.875948"><ele>156.0</ele></trkpt>
      <trkpt lat="54.694989" lon="35.875594"><ele>156.1</ele></trkpt>
      <trkpt lat="54.694997" lon="35.875305"><ele>156.1</ele></trkpt>
      <trkpt lat="54.694997" lon="35.875219"><ele>156.1</ele></trkpt>
      <trkpt lat="54.694999" lon="35.87507"><ele>156.1</ele></trkpt>
      <trkpt lat="54.69501" lon="35.874984"><ele>156.1</ele></trkpt>
      <trkpt lat="54.694996" lon="35.874879"><ele>156.1</ele></trkpt>
      <trkpt lat="54.694993" lon="35.874629"><ele>156.2</ele></trkpt>
      <trkpt lat="54.695011" lon="35.874474"><ele>156.3</ele></trkpt>
      <trkpt lat="54.695023" lon="35.874451"><ele>156.3</ele></trkpt>
      <trkpt lat="54.695131" lon="35.874304"><ele>156.4</ele></trkpt>
      <trkpt lat="54.69524" lon="35.874167"><ele>156.0</ele></trkpt>
      <trkpt lat="54.695348" lon="35.873945"><ele>155.1</ele></trkpt>
      <trkpt lat="54.695389" lon="35.873743"><ele>154.7</ele></trkpt>
      <trkpt lat="54.695387" lon="35.873735"><ele>154.7</ele></trkpt>
      <trkpt lat="54.695371" lon="35.873705"><ele>154.7</ele></trkpt>
      <trkpt lat="54.695353" lon="35.873672"><ele>154.7</ele></trkpt>
      <trkpt lat="54.695232" lon="35.873534"><ele>155.1</ele></trkpt>
      <trkpt lat="54.695086" lon="35.873459"><ele>155.9</ele></trkpt>
      <trkpt lat="54.695023" lon="35.87329"><ele>156.4</ele></trkpt>
      <trkpt lat="54.695004" lon="35.873186"><ele>156.6</ele></trkpt>
      <trkpt lat="54.694986" lon="35.87311"><ele>156.7</ele></trkpt>
      <trkpt lat="54.694936" lon="35.87291"><ele>156.8</ele></trkpt>
      <trkpt lat="54.694929" lon="35.87288"><ele>156.8</ele></trkpt>
      <trkpt lat="54.694928" lon="35.872816"><ele>156.8</ele></trkpt>
      <trkpt lat="54.694942" lon="35.872702"><ele>156.8</ele></trkpt>
      <trkpt lat="54.694926" lon="35.87249"><ele>156.8</ele></trkpt>
      <trkpt lat="54.694927" lon="35.872369"><ele>156.8</ele></trkpt>
      <trkpt lat="54.694936" lon="35.872325"><ele>156.8</ele></trkpt>
      <trkpt lat="54.694944" lon="35.872168"><ele>156.8</ele></trkpt>
      <trkpt lat="54.694925" lon="35.872086"><ele>156.8</ele></trkpt>
      <trkpt lat="54.694952" lon="35.871957"><ele>156.8</ele></trkpt>
      <trkpt lat="54.69494" lon="35.871879"><ele>156.8</ele></trkpt>
      <trkpt lat="54.694956" lon="35.871724"><ele>156.8</ele></trkpt>
      <trkpt lat="54.694958" lon="35.87171"><ele>156.8</ele></trkpt>
      <trkpt lat="54.694963" lon="35.871694"><ele>156.8</ele></trkpt>
      <trkpt lat="54.694988" lon="35.871633"><ele>156.8</ele></trkpt>
      <trkpt lat="54.694999" lon="35.871617"><ele>156.8</ele></trkpt>
      <trkpt lat="54.695026" lon="35.871501"><ele>156.8</ele></trkpt>
      <trkpt lat="54.695027" lon="35.87148"><ele>156.8</ele></trkpt>
      <trkpt lat="54.695019" lon="35.871386"><ele>156.9</ele></trkpt>
      <trkpt lat="54.695017" lon="35.871366"><ele>156.9</ele></trkpt>
      <trkpt lat="54.694996" lon="35.871248"><ele>156.9</ele></trkpt>
      <trkpt lat="54.694987" lon="35.871197"><ele>156.9</ele></trkpt>
      <trkpt lat="54.694958" lon="35.870989"><ele>156.9</ele></trkpt>
      <trkpt lat="54.694946" lon="35.870951"><ele>156.8</ele></trkpt>
      <trkpt lat="54.694912" lon="35.870786"><ele>156.8</ele></trkpt>
      <trkpt lat="54.694905" lon="35.87056"><ele>156.9</ele></trkpt>
      <trkpt lat="54.694898" lon="35.870516"><ele>157.0</ele></trkpt>
      <trkpt lat="54.694879" lon="35.870457"><ele>157.0</ele></trkpt>
      <trkpt lat="54.694865" lon="35.870418"><ele>157.1</ele></trkpt>
      <trkpt lat="54.694858" lon="35.870271"><ele>157.2</ele></trkpt>
      <trkpt lat="54.694859" lon="35.870253"><ele>157.2</ele></trkpt>
      <trkpt lat="54.694849" lon="35.870184"><ele>157.2</ele></trkpt>
      <trkpt lat="54.694856" lon="35.870129"><ele>157.2</ele></trkpt>
      <trkpt lat="54.694861" lon="35.870042"><ele>157.3</ele></trkpt>
      <trkpt lat="54.694879" lon="35.869932"><ele>157.3</ele></trkpt>
      <trkpt lat="54.694911" lon="35.869856"><ele>157.2</ele></trkpt>
      <trkpt lat="54.694927" lon="35.869823"><ele>157.2</ele></trkpt>
      <trkpt lat="54.694939" lon="35.869718"><ele>157.2</ele></trkpt>
      <trkpt lat="54.694935" lon="35.869631"><ele>157.2</ele></trkpt>
      <trkpt lat="54.69495" lon="35.869471"><ele>157.2</ele></trkpt>
      <trkpt lat="54.694938" lon="35.869382"><ele>157.2</ele></trkpt>
      <trkpt lat="54.694929" lon="35.869343"><ele>157.2</ele></trkpt>
      <trkpt lat="54.694916" lon="35.869222"><ele>157.2</ele></trkpt>
      <trkpt lat="54.6949" lon="35.869178"><ele>157.2</ele></trkpt>
      <trkpt lat="54.694881" lon="35.869107"><ele>157.1</ele></trkpt>
      <trkpt lat="54.694883" lon="35.869082"><ele>157.1</ele></trkpt>
      <trkpt lat="54.694861" lon="35.869021"><ele>157.1</ele></trkpt>
      <trkpt lat="54.694837" lon="35.868957"><ele>157.1</ele></trkpt>
      <trkpt lat="54.694841" lon="35.868857"><ele>157.0</ele></trkpt>
      <trkpt lat="54.694845" lon="35.868705"><ele>157.0</ele></trkpt>
      <trkpt lat="54.694823" lon="35.868615"><ele>156.9</ele></trkpt>
      <trkpt lat="54.694811" lon="35.868528"><ele>156.9</ele></trkpt>
      <trkpt lat="54.694803" lon="35.868499"><ele>156.9</ele></trkpt>
      <trkpt lat="54.694753" lon="35.868358"><ele>156.9</ele></trkpt>
      <trkpt lat="54.694723" lon="35.86821"><ele>156.8</ele></trkpt>
      <trkpt lat="54.694705" lon="35.868058"><ele>156.8</ele></trkpt>
      <trkpt lat="54.694708" lon="35.868025"><ele>156.8</ele></trkpt>
      <trkpt lat="54.694705" lon="35.867948"><ele>156.8</ele></trkpt>
      <trkpt lat="54.69471" lon="35.867898"><ele>156.8</ele></trkpt>
      <trkpt lat="54.69475" lon="35.867779"><ele>156.7</ele></trkpt>
      <trkpt lat="54.694764" lon="35.867748"><ele>156.7</ele></trkpt>
      <trkpt lat="54.694753" lon="35.867683"><ele>156.7</ele></trkpt>
      <trkpt lat="54.694755" lon="35.867589"><ele>156.7</ele></trkpt>
      <trkpt lat="54.694721" lon="35.867486"><ele>156.6</ele></trkpt>
      <trkpt lat="54.694699" lon="35.867416"><ele>156.6</ele></trkpt>
      <trkpt lat="54.694693" lon="35.867411"><ele>156.6</ele></trkpt>
      <trkpt lat="54.694684" lon="35.867365"><ele>156.6</ele></trkpt>
      <trkpt lat="54.694642" lon="35.867237"><ele>156.5</ele></trkpt>
      <trkpt lat="54.694638" lon="35.8672"><ele>156.5</ele></trkpt>
      <trkpt lat="54.694664" lon="35.867084"><ele>156.4</ele></trkpt>
      <trkpt lat="54.694669" lon="35.867053"><ele>156.4</ele></trkpt>
      <trkpt lat="54.694678" lon="35.866992"><ele>156.3</ele></trkpt>
      <trkpt lat="54.694688" lon="35.866936"><ele>156.2</ele></trkpt>
      <trkpt lat="54.69472" lon="35.866722"><ele>155.9</ele></trkpt>
      <trkpt lat="54.694745" lon="35.866542"><ele>155.6</ele></trkpt>
      <trkpt lat="54.69476" lon="35.866484"><ele>155.5</ele></trkpt>
      <trkpt lat="54.694785" lon="35.866376"><ele>155.3</ele></trkpt>
      <trkpt lat="54.694824" lon="35.866239"><ele>155.0</ele></trkpt>
      <trkpt lat="54.694832" lon="35.866126"><ele>154.8</ele></trkpt>
      <trkpt lat="54.69486" lon="35.866016"><ele>154.6</ele></trkpt>
      <trkpt lat="54.694852" lon="35.865848"><ele>154.5</ele></trkpt>
      <trkpt lat="54.694853" lon="35.865774"><ele>154.5</ele></trkpt>
      <trkpt lat="54.69484" lon="35.865559"><ele>154.6</ele></trkpt>
      <trkpt lat="54.694829" lon="35.865455"><ele>154.7</ele></trkpt>
      <trkpt lat="54.694844" lon="35.865317"><ele>155.0</ele></trkpt>
      <trkpt lat="54.694801" lon="35.865035"><ele>155.7</ele></trkpt>
      <trkpt lat="54.6948" lon="35.865025"><ele>155.7</ele></trkpt>
      <trkpt lat="54.694801" lon="35.865015"><ele>155.7</ele></trkpt>
      <trkpt lat="54.6948" lon="35.865007"><ele>155.7</ele></trkpt>
      <trkpt lat="54.694797" lon="35.865"><ele>155.7</ele></trkpt>
      <trkpt lat="54.694827" lon="35.864967"><ele>155.9</ele></trkpt>
      <trkpt lat="54.694818" lon="35.864927"><ele>156.0</ele></trkpt>
      <trkpt lat="54.69482" lon="35.86472"><ele>156.3</ele></trkpt>
      <trkpt lat="54.694818" lon="35.864562"><ele>156.4</ele></trkpt>
      <trkpt lat="54.69482" lon="35.864531"><ele>156.4</ele></trkpt>
      <trkpt lat="54.694828" lon="35.864402"><ele>156.4</ele></trkpt>
      <trkpt lat="54.694851" lon="35.864337"><ele>156.4</ele></trkpt>
      <trkpt lat="54.694854" lon="35.864303"><ele>156.4</ele></trkpt>
      <trkpt lat="54.694827" lon="35.864142"><ele>156.4</ele></trkpt>
      <trkpt lat="54.694823" lon="35.864007"><ele>156.4</ele></trkpt>
      <trkpt lat="54.694812" lon="35.863906"><ele>156.4</ele></trkpt>
      <trkpt lat="54.694775" lon="35.863853"><ele>156.4</ele></trkpt>
      <trkpt lat="54.694776" lon="35.863646"><ele>156.3</ele></trkpt>
      <trkpt lat="54.694756" lon="35.863598"><ele>156.3</ele></trkpt>
      <trkpt lat="54.694749" lon="35.863503"><ele>156.3</ele></trkpt>
      <trkpt lat="54.694738" lon="35.863326"><ele>156.3</ele></trkpt>
      <trkpt lat="54.694746" lon="35.863288"><ele>156.3</ele></trkpt>
      <trkpt lat="54.694762" lon="35.863069"><ele>156.2</ele></trkpt>
      <trkpt lat="54.694766" lon="35.863049"><ele>156.2</ele></trkpt>
      <trkpt lat="54.694774" lon="35.862855"><ele>155.9</ele></trkpt>
      <trkpt lat="54.694789" lon="35.862687"><ele>155.7</ele></trkpt>
      <trkpt lat="54.694813" lon="35.862594"><ele>155.5</ele></trkpt>
      <trkpt lat="54.69481" lon="35.862489"><ele>155.3</ele></trkpt>
      <trkpt lat="54.694811" lon="35.862403"><ele>155.1</ele></trkpt>
      <trkpt lat="54.694709" lon="35.862048"><ele>154.4</ele></trkpt>
      <trkpt lat="54.694696" lon="35.861733"><ele>154.0</ele></trkpt>
      <trkpt lat="54.694668" lon="35.86152"><ele>154.0</ele></trkpt>
      <trkpt lat="54.694665" lon="35.86143"><ele>154.1</ele></trkpt>
      <trkpt lat="54.69465" lon="35.86137"><ele>154.2</ele></trkpt>
      <trkpt lat="54.694655" lon="35.86126"><ele>154.4</ele></trkpt>
      <trkpt lat="54.694613" lon="35.861057"><ele>154.8</ele></trkpt>
      <trkpt lat="54.694593" lon="35.860815"><ele>155.3</ele></trkpt>
      <trkpt lat="54.694589" lon="35.860598"><ele>155.3</ele></trkpt>
      <trkpt lat="54.694584" lon="35.860552"><ele>155.3</ele></trkpt>
      <trkpt lat="54.694597" lon="35.860277"><ele>155.0</ele></trkpt>
      <trkpt lat="54.694583" lon="35.86004"><ele>154.6</ele></trkpt>
      <trkpt lat="54.694584" lon="35.859989"><ele>154.5</ele></trkpt>
      <trkpt lat="54.694564" lon="35.859715"><ele>154.1</ele></trkpt>
      <trkpt lat="54.694536" lon="35.859484"><ele>154.0</ele></trkpt>
      <trkpt lat="54.69452" lon="35.859421"><ele>154.0</ele></trkpt>
      <trkpt lat="54.694497" lon="35.859403"><ele>154.0</ele></trkpt>
      <trkpt lat="54.694506" lon="35.859174"><ele>154.1</ele></trkpt>
      <trkpt lat="54.69451" lon="35.859144"><ele>154.1</ele></trkpt>
      <trkpt lat="54.694518" lon="35.859094"><ele>154.2</ele></trkpt>
      <trkpt lat="54.694527" lon="35.859068"><ele>154.2</ele></trkpt>
      <trkpt lat="54.694528" lon="35.859045"><ele>154.3</ele></trkpt>
      <trkpt lat="54.694544" lon="35.858903"><ele>154.6</ele></trkpt>
      <trkpt lat="54.694557" lon="35.858848"><ele>154.7</ele></trkpt>
      <trkpt lat="54.69456" lon="35.858739"><ele>155.0</ele></trkpt>
      <trkpt lat="54.694559" lon="35.85858"><ele>155.3</ele></trkpt>
      <trkpt lat="54.694579" lon="35.858478"><ele>155.5</ele></trkpt>
      <trkpt lat="54.694592" lon="35.858383"><ele>155.7</ele></trkpt>
      <trkpt lat="54.694584" lon="35.858319"><ele>155.8</ele></trkpt>
      <trkpt lat="54.694573" lon="35.858298"><ele>155.9</ele></trkpt>
      <trkpt lat="54.694563" lon="35.858271"><ele>155.9</ele></trkpt>
      <trkpt lat="54.694505" lon="35.858139"><ele>156.1</ele></trkpt>
      <trkpt lat="54.694508" lon="35.858117"><ele>156.1</ele></trkpt>
      <trkpt lat="54.694504" lon="35.858052"><ele>156.2</ele></trkpt>
      <trkpt lat="54.694459" lon="35.857948"><ele>156.3</ele></trkpt>
      <trkpt lat="54.694459" lon="35.857925"><ele>156.3</ele></trkpt>
      <trkpt lat="54.694478" lon="35.857667"><ele>156.2</ele></trkpt>
      <trkpt lat="54.694484" lon="35.857632"><ele>156.1</ele></trkpt>
      <trkpt lat="54.694461" lon="35.857448"><ele>156.0</ele></trkpt>
      <trkpt lat="54.694457" lon="35.857336"><ele>155.9</ele></trkpt>
      <trkpt lat="54.694454" lon="35.85726"><ele>155.8</ele></trkpt>
      <trkpt lat="54.694436" lon="35.857211"><ele>155.8</ele></trkpt>
      <trkpt lat="54.694411" lon="35.857072"><ele>155.8</ele></trkpt>
      <trkpt lat="54.69442" lon="35.856951"><ele>155.9</ele></trkpt>
      <trkpt lat="54.694425" lon="35.856846"><ele>155.9</ele></trkpt>
      <trkpt lat="54.694422" lon="35.856534"><ele>156.1</ele></trkpt>
      <trkpt lat="54.694426" lon="35.856345"><ele>156.1</ele></trkpt>
      <trkpt lat="54.694422" lon="35.856308"><ele>156.1</ele></trkpt>
      <trkpt lat="54.694417" lon="35.856279"><ele>156.1</ele></trkpt>
      <trkpt lat="54.694408" lon="35.856212"><ele>156.1</ele></trkpt>
      <trkpt lat="54.69439" lon="35.856164"><ele>156.1</ele></trkpt>
      <trkpt lat="54.694363" lon="35.85612"><ele>156.1</ele></trkpt>
      <trkpt lat="54.694363" lon="35.856094"><ele>156.1</ele></trkpt>
      <trkpt lat="54.694358" lon="35.856007"><ele>156.1</ele></trkpt>
      <trkpt lat="54.694356" lon="35.855945"><ele>156.1</ele></trkpt>
      <trkpt lat="54.69436" lon="35.855918"><ele>156.1</ele></trkpt>
      <trkpt lat="54.694375" lon="35.855856"><ele>156.0</ele></trkpt>
      <trkpt lat="54.694373" lon="35.85583"><ele>156.0</ele></trkpt>
      <trkpt lat="54.694369" lon="35.855786"><ele>155.9</ele></trkpt>
      <trkpt lat="54.694338" lon="35.855713"><ele>155.8</ele></trkpt>
      <trkpt lat="54.694345" lon="35.855677"><ele>155.8</ele></trkpt>
      <trkpt lat="54.694343" lon="35.855648"><ele>155.7</ele></trkpt>
      <trkpt lat="54.69434" lon="35.855491"><ele>155.5</ele></trkpt>
      <trkpt lat="54.694335" lon="35.855451"><ele>155.5</ele></trkpt>
      <trkpt lat="54.69437" lon="35.855187"><ele>155.2</ele></trkpt>
      <trkpt lat="54.694375" lon="35.854964"><ele>155.2</ele></trkpt>
      <trkpt lat="54.694386" lon="35.854895"><ele>155.2</ele></trkpt>
      <trkpt lat="54.694414" lon="35.854801"><ele>155.2</ele></trkpt>
      <trkpt lat="54.694426" lon="35.854751"><ele>155.2</ele></trkpt>
      <trkpt lat="54.694444" lon="35.854708"><ele>155.3</ele></trkpt>
      <trkpt lat="54.694517" lon="35.854511"><ele>155.5</ele></trkpt>
      <trkpt lat="54.694553" lon="35.854404"><ele>155.7</ele></trkpt>
      <trkpt lat="54.694572" lon="35.854352"><ele>155.8</ele></trkpt>
      <trkpt lat="54.694592" lon="35.854277"><ele>155.9</ele></trkpt>
      <trkpt lat="54.694606" lon="35.854187"><ele>156.0</ele></trkpt>
      <trkpt lat="54.69461" lon="35.854006"><ele>156.3</ele></trkpt>
      <trkpt lat="54.694627" lon="35.853939"><ele>156.4</ele></trkpt>
      <trkpt lat="54.694664" lon="35.853799"><ele>156.5</ele></trkpt>
      <trkpt lat="54.694659" lon="35.853756"><ele>156.5</ele></trkpt>
      <trkpt lat="54.694668" lon="35.853574"><ele>156.6</ele></trkpt>
      <trkpt lat="54.694677" lon="35.853347"><ele>156.6</ele></trkpt>
      <trkpt lat="54.694675" lon="35.853325"><ele>156.6</ele></trkpt>
      <trkpt lat="54.694669" lon="35.853309"><ele>156.6</ele></trkpt>
      <trkpt lat="54.694672" lon="35.853288"><ele>156.6</ele></trkpt>
      <trkpt lat="54.694674" lon="35.853275"><ele>156.6</ele></trkpt>
      <trkpt lat="54.694691" lon="35.853203"><ele>156.6</ele></trkpt>
      <trkpt lat="54.694698" lon="35.853182"><ele>156.6</ele></trkpt>
      <trkpt lat="54.694709" lon="35.853129"><ele>156.6</ele></trkpt>
      <trkpt lat="54.69473" lon="35.853033"><ele>156.6</ele></trkpt>
      <trkpt lat="54.694725" lon="35.852996"><ele>156.6</ele></trkpt>
      <trkpt lat="54.694725" lon="35.852931"><ele>156.6</ele></trkpt>
      <trkpt lat="54.694786" lon="35.852771"><ele>156.6</ele></trkpt>
      <trkpt lat="54.694788" lon="35.852742"><ele>156.6</ele></trkpt>
      <trkpt lat="54.6948" lon="35.852639"><ele>156.5</ele></trkpt>
      <trkpt lat="54.694795" lon="35.852573"><ele>156.5</ele></trkpt>
      <trkpt lat="54.694804" lon="35.852538"><ele>156.4</ele></trkpt>
      <trkpt lat="54.694825" lon="35.852461"><ele>156.4</ele></trkpt>
      <trkpt lat="54.694781" lon="35.852291"><ele>156.3</ele></trkpt>
      <trkpt lat="54.694802" lon="35.852133"><ele>156.3</ele></trkpt>
      <trkpt lat="54.69482" lon="35.852109"><ele>156.3</ele></trkpt>
      <trkpt lat="54.694847" lon="35.852038"><ele>156.3</ele></trkpt>
      <trkpt lat="54.694876" lon="35.851937"><ele>156.4</ele></trkpt>
      <trkpt lat="54.694886" lon="35.851893"><ele>156.4</ele></trkpt>
      <trkpt lat="54.694896" lon="35.85184"><ele>156.5</ele></trkpt>
      <trkpt lat="54.694907" lon="35.851784"><ele>156.5</ele></trkpt>
      <trkpt lat="54.694912" lon="35.851479"><ele>156.8</ele></trkpt>
      <trkpt lat="54.694903" lon="35.851411"><ele>156.9</ele></trkpt>
      <trkpt lat="54.69488" lon="35.851344"><ele>156.9</ele></trkpt>
      <trkpt lat="54.694883" lon="35.851274"><ele>157.0</ele></trkpt>
      <trkpt lat="54.694881" lon="35.851234"><ele>157.0</ele></trkpt>
      <trkpt lat="54.694878" lon="35.851046"><ele>157.1</ele></trkpt>
      <trkpt lat="54.694887" lon="35.850986"><ele>157.1</ele></trkpt>
      <trkpt lat="54.694866" lon="35.850961"><ele>157.1</ele></trkpt>
      <trkpt lat="54.694868" lon="35.850949"><ele>157.1</ele></trkpt>
      <trkpt lat="54.694898" lon="35.850932"><ele>157.0</ele></trkpt>
      <trkpt lat="54.694954" lon="35.85093"><ele>156.9</ele></trkpt>
      <trkpt lat="54.695048" lon="35.850798"><ele>156.7</ele></trkpt>
      <trkpt lat="54.695113" lon="35.85063"><ele>156.4</ele></trkpt>
      <trkpt lat="54.695164" lon="35.85051"><ele>156.3</ele></trkpt>
      <trkpt lat="54.695171" lon="35.850434"><ele>156.3</ele></trkpt>
      <trkpt lat="54.69517" lon="35.850372"><ele>156.2</ele></trkpt>
      <trkpt lat="54.695161" lon="35.850296"><ele>156.2</ele></trkpt>
      <trkpt lat="54.695187" lon="35.850067"><ele>156.0</ele></trkpt>
      <trkpt lat="54.695216" lon="35.849864"><ele>155.8</ele></trkpt>
      <trkpt lat="54.695238" lon="35.849802"><ele>155.7</ele></trkpt>
      <trkpt lat="54.695265" lon="35.849717"><ele>155.6</ele></trkpt>
      <trkpt lat="54.695296" lon="35.849489"><ele>155.5</ele></trkpt>
      <trkpt lat="54.6953" lon="35.849322"><ele>155.4</ele></trkpt>
      <trkpt lat="54.695284" lon="35.849233"><ele>155.3</ele></trkpt>
      <trkpt lat="54.695323" lon="35.849058"><ele>155.1</ele></trkpt>
      <trkpt lat="54.69538" lon="35.848903"><ele>155.0</ele></trkpt>
      <trkpt lat="54.695406" lon="35.848841"><ele>154.9</ele></trkpt>
      <trkpt lat="54.695464" lon="35.848619"><ele>154.8</ele></trkpt>
      <trkpt lat="54.695544" lon="35.84836"><ele>154.9</ele></trkpt>
      <trkpt lat="54.6956" lon="35.848083"><ele>155.0</ele></trkpt>
      <trkpt lat="54.69565" lon="35.847925"><ele>155.0</ele></trkpt>
      <trkpt lat="54.695663" lon="35.847879"><ele>155.0</ele></trkpt>
      <trkpt lat="54.695699" lon="35.847813"><ele>155.0</ele></trkpt>
      <trkpt lat="54.695728" lon="35.847721"><ele>154.9</ele></trkpt>
      <trkpt lat="54.695751" lon="35.847666"><ele>154.9</ele></trkpt>
      <trkpt lat="54.695808" lon="35.847498"><ele>154.7</ele></trkpt>
      <trkpt lat="54.695845" lon="35.847388"><ele>154.6</ele></trkpt>
      <trkpt lat="54.695884" lon="35.847313"><ele>154.5</ele></trkpt>
      <trkpt lat="54.695937" lon="35.84716"><ele>154.5</ele></trkpt>
      <trkpt lat="54.695941" lon="35.84709"><ele>154.5</ele></trkpt>
      <trkpt lat="54.695975" lon="35.846989"><ele>154.6</ele></trkpt>
      <trkpt lat="54.695981" lon="35.846909"><ele>154.6</ele></trkpt>
      <trkpt lat="54.696002" lon="35.846733"><ele>154.8</ele></trkpt>
      <trkpt lat="54.696082" lon="35.846378"><ele>154.8</ele></trkpt>
      <trkpt lat="54.696131" lon="35.84615"><ele>154.9</ele></trkpt>
      <trkpt lat="54.696137" lon="35.846003"><ele>154.9</ele></trkpt>
      <trkpt lat="54.696144" lon="35.845972"><ele>154.9</ele></trkpt>
      <trkpt lat="54.696217" lon="35.845682"><ele>155.0</ele></trkpt>
      <trkpt lat="54.696288" lon="35.845389"><ele>155.1</ele></trkpt>
      <trkpt lat="54.696281" lon="35.845335"><ele>155.1</ele></trkpt>
      <trkpt lat="54.696286" lon="35.84526"><ele>155.1</ele></trkpt>
      <trkpt lat="54.696346" lon="35.845131"><ele>155.0</ele></trkpt>
      <trkpt lat="54.69641" lon="35.844947"><ele>154.8</ele></trkpt>
      <trkpt lat="54.696535" lon="35.844626"><ele>154.4</ele></trkpt>
      <trkpt lat="54.696663" lon="35.844268"><ele>153.9</ele></trkpt>
      <trkpt lat="54.696685" lon="35.844221"><ele>153.9</ele></trkpt>
      <trkpt lat="54.696709" lon="35.844154"><ele>153.8</ele></trkpt>
      <trkpt lat="54.696782" lon="35.843965"><ele>153.5</ele></trkpt>
      <trkpt lat="54.696858" lon="35.843686"><ele>153.1</ele></trkpt>
      <trkpt lat="54.69694" lon="35.843405"><ele>153.1</ele></trkpt>
      <trkpt lat="54.696975" lon="35.843305"><ele>153.1</ele></trkpt>
      <trkpt lat="54.696988" lon="35.843253"><ele>153.2</ele></trkpt>
      <trkpt lat="54.696982" lon="35.84323"><ele>153.2</ele></trkpt>
      <trkpt lat="54.697026" lon="35.843117"><ele>153.4</ele></trkpt>
      <trkpt lat="54.697094" lon="35.842947"><ele>153.5</ele></trkpt>
      <trkpt lat="54.697205" lon="35.842585"><ele>153.5</ele></trkpt>
      <trkpt lat="54.697242" lon="35.842375"><ele>153.4</ele></trkpt>
      <trkpt lat="54.697299" lon="35.842121"><ele>153.2</ele></trkpt>
      <trkpt lat="54.697306" lon="35.842087"><ele>153.2</ele></trkpt>
      <trkpt lat="54.697339" lon="35.841927"><ele>153.0</ele></trkpt>
      <trkpt lat="54.697457" lon="35.841574"><ele>152.3</ele></trkpt>
      <trkpt lat="54.697511" lon="35.841428"><ele>151.9</ele></trkpt>
      <trkpt lat="54.697549" lon="35.841321"><ele>151.7</ele></trkpt>
      <trkpt lat="54.697673" lon="35.841032"><ele>150.8</ele></trkpt>
      <trkpt lat="54.697705" lon="35.840957"><ele>150.5</ele></trkpt>
      <trkpt lat="54.697785" lon="35.840688"><ele>150.0</ele></trkpt>
      <trkpt lat="54.69778" lon="35.840571"><ele>149.9</ele></trkpt>
      <trkpt lat="54.697798" lon="35.840501"><ele>149.8</ele></trkpt>
      <trkpt lat="54.697811" lon="35.840256"><ele>149.7</ele></trkpt>
      <trkpt lat="54.69782" lon="35.840202"><ele>149.7</ele></trkpt>
      <trkpt lat="54.697857" lon="35.840116"><ele>149.8</ele></trkpt>
      <trkpt lat="54.697877" lon="35.840017"><ele>150.0</ele></trkpt>
      <trkpt lat="54.69787" lon="35.839975"><ele>150.0</ele></trkpt>
      <trkpt lat="54.697887" lon="35.839742"><ele>150.7</ele></trkpt>
      <trkpt lat="54.697884" lon="35.839625"><ele>151.3</ele></trkpt>
      <trkpt lat="54.697874" lon="35.839577"><ele>151.6</ele></trkpt>
      <trkpt lat="54.697843" lon="35.839549"><ele>151.8</ele></trkpt>
      <trkpt lat="54.697823" lon="35.8395"><ele>152.1</ele></trkpt>
      <trkpt lat="54.697808" lon="35.839477"><ele>152.2</ele></trkpt>
      <trkpt lat="54.697795" lon="35.839464"><ele>152.2</ele></trkpt>
      <trkpt lat="54.6977" lon="35.839288"><ele>152.4</ele></trkpt>
      <trkpt lat="54.69767" lon="35.839213"><ele>152.3</ele></trkpt>
      <trkpt lat="54.697628" lon="35.83919"><ele>152.2</ele></trkpt>
      <trkpt lat="54.697526" lon="35.839159"><ele>151.6</ele></trkpt>
      <trkpt lat="54.697381" lon="35.839078"><ele>150.5</ele></trkpt>
      <trkpt lat="54.697351" lon="35.839047"><ele>150.2</ele></trkpt>
      <trkpt lat="54.697266" lon="35.838923"><ele>149.2</ele></trkpt>
      <trkpt lat="54.697265" lon="35.83888"><ele>148.9</ele></trkpt>
      <trkpt lat="54.697261" lon="35.838802"><ele>148.5</ele></trkpt>
      <trkpt lat="54.697239" lon="35.838601"><ele>147.4</ele></trkpt>
      <trkpt lat="54.697233" lon="35.838567"><ele>147.2</ele></trkpt>
      <trkpt lat="54.697232" lon="35.838468"><ele>146.8</ele></trkpt>
      <trkpt lat="54.697197" lon="35.838312"><ele>146.0</ele></trkpt>
      <trkpt lat="54.697163" lon="35.838186"><ele>145.2</ele></trkpt>
      <trkpt lat="54.697134" lon="35.838063"><ele>144.1</ele></trkpt>
      <trkpt lat="54.697119" lon="35.837944"><ele>142.9</ele></trkpt>
      <trkpt lat="54.697119" lon="35.83794"><ele>142.9</ele></trkpt>
      <trkpt lat="54.69714" lon="35.837809"><ele>141.8</ele></trkpt>
      <trkpt lat="54.697141" lon="35.837788"><ele>141.8</ele></trkpt>
      <trkpt lat="54.697154" lon="35.83774"><ele>141.6</ele></trkpt>
      <trkpt lat="54.697204" lon="35.837595"><ele>141.0</ele></trkpt>
      <trkpt lat="54.697207" lon="35.837584"><ele>141.0</ele></trkpt>
      <trkpt lat="54.697218" lon="35.837573"><ele>141.0</ele></trkpt>
      <trkpt lat="54.697249" lon="35.83745"><ele>140.7</ele></trkpt>
      <trkpt lat="54.697263" lon="35.837269"><ele>140.4</ele></trkpt>
      <trkpt lat="54.6973" lon="35.837087"><ele>140.0</ele></trkpt>
      <trkpt lat="54.697289" lon="35.837054"><ele>139.9</ele></trkpt>
      <trkpt lat="54.697288" lon="35.837045"><ele>139.9</ele></trkpt>
      <trkpt lat="54.69729" lon="35.837033"><ele>139.9</ele></trkpt>
      <trkpt lat="54.697298" lon="35.836977"><ele>139.8</ele></trkpt>
      <trkpt lat="54.697347" lon="35.836796"><ele>139.5</ele></trkpt>
      <trkpt lat="54.697354" lon="35.836566"><ele>139.2</ele></trkpt>
      <trkpt lat="54.697373" lon="35.836359"><ele>138.8</ele></trkpt>
      <trkpt lat="54.697398" lon="35.836236"><ele>138.5</ele></trkpt>
      <trkpt lat="54.697504" lon="35.836167"><ele>138.2</ele></trkpt>
      <trkpt lat="54.697619" lon="35.836117"><ele>138.0</ele></trkpt>
      <trkpt lat="54.69764" lon="35.836097"><ele>137.9</ele></trkpt>
      <trkpt lat="54.697804" lon="35.836048"><ele>137.6</ele></trkpt>
      <trkpt lat="54.697981" lon="35.835864"><ele>137.1</ele></trkpt>
      <trkpt lat="54.698001" lon="35.835829"><ele>137.0</ele></trkpt>
      <trkpt lat="54.698067" lon="35.835723"><ele>136.8</ele></trkpt>
      <trkpt lat="54.698142" lon="35.83551"><ele>136.8</ele></trkpt>
      <trkpt lat="54.698143" lon="35.835472"><ele>136.8</ele></trkpt>
      <trkpt lat="54.698128" lon="35.83533"><ele>136.8</ele></trkpt>
      <trkpt lat="54.698105" lon="35.83527"><ele>136.9</ele></trkpt>
      <trkpt lat="54.69805" lon="35.835174"><ele>136.9</ele></trkpt>
      <trkpt lat="54.698001" lon="35.83507"><ele>136.9</ele></trkpt>
      <trkpt lat="54.697983" lon="35.834923"><ele>137.0</ele></trkpt>
      <trkpt lat="54.69796" lon="35.834825"><ele>137.0</ele></trkpt>
      <trkpt lat="54.697943" lon="35.834638"><ele>137.3</ele></trkpt>
      <trkpt lat="54.697972" lon="35.834418"><ele>137.8</ele></trkpt>
      <trkpt lat="54.698011" lon="35.834073"><ele>138.5</ele></trkpt>
      <trkpt lat="54.698009" lon="35.834018"><ele>138.7</ele></trkpt>
      <trkpt lat="54.698044" lon="35.833782"><ele>139.2</ele></trkpt>
      <trkpt lat="54.698046" lon="35.833737"><ele>139.3</ele></trkpt>
      <trkpt lat="54.698088" lon="35.833431"><ele>139.7</ele></trkpt>
      <trkpt lat="54.698114" lon="35.833247"><ele>139.8</ele></trkpt>
      <trkpt lat="54.698146" lon="35.832975"><ele>139.7</ele></trkpt>
      <trkpt lat="54.698204" lon="35.832557"><ele>139.1</ele></trkpt>
      <trkpt lat="54.698269" lon="35.832121"><ele>138.8</ele></trkpt>
      <trkpt lat="54.698353" lon="35.831746"><ele>138.8</ele></trkpt>
      <trkpt lat="54.6984" lon="35.831443"><ele>138.7</ele></trkpt>
      <trkpt lat="54.698391" lon="35.831196"><ele>138.5</ele></trkpt>
      <trkpt lat="54.698383" lon="35.830902"><ele>138.0</ele></trkpt>
      <trkpt lat="54.698384" lon="35.830842"><ele>137.9</ele></trkpt>
      <trkpt lat="54.698397" lon="35.830448"><ele>137.0</ele></trkpt>
      <trkpt lat="54.698405" lon="35.830299"><ele>136.6</ele></trkpt>
      <trkpt lat="54.698421" lon="35.829968"><ele>135.7</ele></trkpt>
      <trkpt lat="54.698419" lon="35.829779"><ele>135.2</ele></trkpt>
      <trkpt lat="54.698412" lon="35.829365"><ele>134.2</ele></trkpt>
      <trkpt lat="54.69841" lon="35.829154"><ele>133.7</ele></trkpt>
      <trkpt lat="54.698421" lon="35.82889"><ele>133.1</ele></trkpt>
      <trkpt lat="54.698435" lon="35.828757"><ele>132.8</ele></trkpt>
      <trkpt lat="54.698475" lon="35.828539"><ele>132.5</ele></trkpt>
      <trkpt lat="54.698506" lon="35.828428"><ele>132.3</ele></trkpt>
      <trkpt lat="54.698646" lon="35.828022"><ele>132.0</ele></trkpt>
      <trkpt lat="54.69867" lon="35.82794"><ele>132.0</ele></trkpt>
      <trkpt lat="54.698702" lon="35.827819"><ele>132.1</ele></trkpt>
      <trkpt lat="54.69877" lon="35.827431"><ele>132.4</ele></trkpt>
      <trkpt lat="54.69872" lon="35.827077"><ele>132.5</ele></trkpt>
      <trkpt lat="54.698724" lon="35.826852"><ele>132.7</ele></trkpt>
      <trkpt lat="54.698789" lon="35.826528"><ele>133.3</ele></trkpt>
      <trkpt lat="54.698784" lon="35.826469"><ele>133.4</ele></trkpt>
      <trkpt lat="54.698764" lon="35.826427"><ele>133.4</ele></trkpt>
      <trkpt lat="54.698762" lon="35.826425"><ele>133.4</ele></trkpt>
      <trkpt lat="54.698759" lon="35.826489"><ele>133.4</ele></trkpt>
      <trkpt lat="54.69875" lon="35.826484"><ele>133.4</ele></trkpt>
      <trkpt lat="54.698773" lon="35.826468"><ele>133.4</ele></trkpt>
      <trkpt lat="54.698778" lon="35.826436"><ele>133.4</ele></trkpt>
      <trkpt lat="54.698778" lon="35.826423"><ele>133.4</ele></trkpt>
      <trkpt lat="54.698776" lon="35.826421"><ele>133.4</ele></trkpt>
      <trkpt lat="54.698662" lon="35.826384"><ele>132.3</ele></trkpt>
      <trkpt lat="54.69838" lon="35.826397"><ele>130.8</ele></trkpt>
      <trkpt lat="54.698045" lon="35.826407"><ele>129.3</ele></trkpt>
      <trkpt lat="54.697923" lon="35.826369"><ele>128.6</ele></trkpt>
      <trkpt lat="54.697758" lon="35.826324"><ele>128.0</ele></trkpt>
      <trkpt lat="54.697645" lon="35.826318"><ele>127.9</ele></trkpt>
      <trkpt lat="54.697489" lon="35.826352"><ele>127.9</ele></trkpt>
      <trkpt lat="54.697427" lon="35.826364"><ele>128.0</ele></trkpt>
      <trkpt lat="54.697314" lon="35.826357"><ele>128.1</ele></trkpt>
      <trkpt lat="54.697141" lon="35.82631"><ele>128.1</ele></trkpt>
      <trkpt lat="54.697017" lon="35.826199"><ele>127.9</ele></trkpt>
      <trkpt lat="54.69693" lon="35.825945"><ele>127.2</ele></trkpt>
      <trkpt lat="54.69694" lon="35.825576"><ele>126.7</ele></trkpt>
      <trkpt lat="54.696974" lon="35.82511"><ele>125.9</ele></trkpt>
      <trkpt lat="54.697004" lon="35.824658"><ele>125.3</ele></trkpt>
      <trkpt lat="54.697029" lon="35.824345"><ele>125.1</ele></trkpt>
      <trkpt lat="54.697054" lon="35.823838"><ele>124.6</ele></trkpt>
      <trkpt lat="54.697077" lon="35.823379"><ele>124.1</ele></trkpt>
      <trkpt lat="54.697092" lon="35.823011"><ele>124.1</ele></trkpt>
      <trkpt lat="54.697121" lon="35.822489"><ele>124.3</ele></trkpt>
      <trkpt lat="54.697121" lon="35.822389"><ele>124.3</ele></trkpt>
      <trkpt lat="54.697126" lon="35.822125"><ele>124.6</ele></trkpt>
      <trkpt lat="54.697135" lon="35.821547"><ele>124.5</ele></trkpt>
      <trkpt lat="54.69714" lon="35.821149"><ele>124.6</ele></trkpt>
      <trkpt lat="54.697155" lon="35.820762"><ele>124.5</ele></trkpt>
      <trkpt lat="54.697181" lon="35.820127"><ele>124.7</ele></trkpt>
      <trkpt lat="54.697204" lon="35.819667"><ele>124.9</ele></trkpt>
      <trkpt lat="54.697226" lon="35.819328"><ele>125.0</ele></trkpt>
      <trkpt lat="54.697272" lon="35.818556"><ele>125.2</ele></trkpt>
      <trkpt lat="54.697285" lon="35.818154"><ele>125.4</ele></trkpt>
      <trkpt lat="54.697321" lon="35.817525"><ele>125.4</ele></trkpt>
      <trkpt lat="54.697363" lon="35.817003"><ele>125.4</ele></trkpt>
      <trkpt lat="54.697383" lon="35.816559"><ele>125.5</ele></trkpt>
      <trkpt lat="54.697406" lon="35.81632"><ele>125.6</ele></trkpt>
      <trkpt lat="54.697416" lon="35.815919"><ele>125.5</ele></trkpt>
      <trkpt lat="54.697421" lon="35.815444"><ele>125.4</ele></trkpt>
      <trkpt lat="54.697446" lon="35.815028"><ele>125.3</ele></trkpt>
      <trkpt lat="54.697468" lon="35.814625"><ele>125.4</ele></trkpt>
      <trkpt lat="54.697471" lon="35.814127"><ele>125.3</ele></trkpt>
      <trkpt lat="54.697466" lon="35.813507"><ele>125.2</ele></trkpt>
      <trkpt lat="54.697467" lon="35.813036"><ele>125.1</ele></trkpt>
      <trkpt lat="54.697487" lon="35.812626"><ele>125.1</ele></trkpt>
      <trkpt lat="54.697526" lon="35.81222"><ele>124.9</ele></trkpt>
      <trkpt lat="54.697556" lon="35.811789"><ele>124.6</ele></trkpt>
      <trkpt lat="54.697614" lon="35.811378"><ele>124.3</ele></trkpt>
      <trkpt lat="54.697675" lon="35.811044"><ele>124.1</ele></trkpt>
      <trkpt lat="54.697727" lon="35.810804"><ele>123.9</ele></trkpt>
      <trkpt lat="54.69779" lon="35.81048"><ele>123.9</ele></trkpt>
      <trkpt lat="54.697857" lon="35.810186"><ele>123.8</ele></trkpt>
      <trkpt lat="54.697886" lon="35.810094"><ele>123.8</ele></trkpt>
      <trkpt lat="54.697974" lon="35.809803"><ele>123.8</ele></trkpt>
      <trkpt lat="54.698069" lon="35.809532"><ele>123.8</ele></trkpt>
      <trkpt lat="54.698209" lon="35.809211"><ele>124.0</ele></trkpt>
      <trkpt lat="54.69841" lon="35.808803"><ele>124.3</ele></trkpt>
      <trkpt lat="54.698581" lon="35.808439"><ele>124.7</ele></trkpt>
      <trkpt lat="54.698684" lon="35.808208"><ele>124.8</ele></trkpt>
      <trkpt lat="54.698854" lon="35.807919"><ele>125.0</ele></trkpt>
      <trkpt lat="54.699075" lon="35.807606"><ele>125.3</ele></trkpt>
      <trkpt lat="54.699334" lon="35.807232"><ele>125.8</ele></trkpt>
      <trkpt lat="54.699564" lon="35.806937"><ele>126.1</ele></trkpt>
      <trkpt lat="54.699884" lon="35.806527"><ele>126.4</ele></trkpt>
      <trkpt lat="54.699969" lon="35.806403"><ele>126.4</ele></trkpt>
      <trkpt lat="54.699994" lon="35.80638"><ele>126.4</ele></trkpt>
      <trkpt lat="54.700034" lon="35.806322"><ele>126.5</ele></trkpt>
      <trkpt lat="54.700206" lon="35.806109"><ele>126.5</ele></trkpt>
      <trkpt lat="54.700345" lon="35.805956"><ele>126.6</ele></trkpt>
      <trkpt lat="54.700626" lon="35.805616"><ele>126.7</ele></trkpt>
      <trkpt lat="54.700886" lon="35.805315"><ele>126.9</ele></trkpt>
      <trkpt lat="54.701073" lon="35.805193"><ele>127.2</ele></trkpt>
      <trkpt lat="54.701294" lon="35.805189"><ele>128.0</ele></trkpt>
      <trkpt lat="54.701576" lon="35.805203"><ele>128.6</ele></trkpt>
      <trkpt lat="54.701675" lon="35.805168"><ele>128.8</ele></trkpt>
      <trkpt lat="54.701682" lon="35.805168"><ele>128.8</ele></trkpt>
      <trkpt lat="54.701707" lon="35.805156"><ele>128.8</ele></trkpt>
      <trkpt lat="54.701725" lon="35.805146"><ele>128.9</ele></trkpt>
      <trkpt lat="54.70185" lon="35.805092"><ele>129.1</ele></trkpt>
      <trkpt lat="54.702007" lon="35.80503"><ele>129.3</ele></trkpt>
      <trkpt lat="54.702214" lon="35.805"><ele>129.5</ele></trkpt>
      <trkpt lat="54.702428" lon="35.804965"><ele>129.5</ele></trkpt>
      <trkpt lat="54.702699" lon="35.804838"><ele>129.5</ele></trkpt>
      <trkpt lat="54.702881" lon="35.804628"><ele>129.6</ele></trkpt>
      <trkpt lat="54.703035" lon="35.804459"><ele>129.7</ele></trkpt>
      <trkpt lat="54.703215" lon="35.804287"><ele>129.8</ele></trkpt>
      <trkpt lat="54.703392" lon="35.804012"><ele>129.6</ele></trkpt>
      <trkpt lat="54.703551" lon="35.803818"><ele>129.4</ele></trkpt>
      <trkpt lat="54.703726" lon="35.803692"><ele>129.2</ele></trkpt>
      <trkpt lat="54.703752" lon="35.803675"><ele>129.1</ele></trkpt>
      <trkpt lat="54.703892" lon="35.803557"><ele>128.9</ele></trkpt>
      <trkpt lat="54.704072" lon="35.803455"><ele>128.8</ele></trkpt>
      <trkpt lat="54.704258" lon="35.803344"><ele>128.9</ele></trkpt>
      <trkpt lat="54.704427" lon="35.803235"><ele>128.9</ele></trkpt>
      <trkpt lat="54.704449" lon="35.80322"><ele>128.9</ele></trkpt>
      <trkpt lat="54.704552" lon="35.80315"><ele>128.8</ele></trkpt>
      <trkpt lat="54.704563" lon="35.803143"><ele>128.8</ele></trkpt>
      <trkpt lat="54.704616" lon="35.803114"><ele>128.8</ele></trkpt>
      <trkpt lat="54.704706" lon="35.803042"><ele>128.7</ele></trkpt>
      <trkpt lat="54.704798" lon="35.802945"><ele>128.7</ele></trkpt>
      <trkpt lat="54.704935" lon="35.802855"><ele>128.6</ele></trkpt>
      <trkpt lat="54.705168" lon="35.802708"><ele>128.6</ele></trkpt>
      <trkpt lat="54.705431" lon="35.802518"><ele>128.9</ele></trkpt>
      <trkpt lat="54.70557" lon="35.802494"><ele>129.5</ele></trkpt>
      <trkpt lat="54.705792" lon="35.802501"><ele>130.6</ele></trkpt>
      <trkpt lat="54.705945" lon="35.802452"><ele>131.2</ele></trkpt>
      <trkpt lat="54.706076" lon="35.802356"><ele>131.2</ele></trkpt>
      <trkpt lat="54.706142" lon="35.802281"><ele>131.2</ele></trkpt>
      <trkpt lat="54.706285" lon="35.802118"><ele>131.0</ele></trkpt>
      <trkpt lat="54.706442" lon="35.801918"><ele>130.5</ele></trkpt>
      <trkpt lat="54.706589" lon="35.801749"><ele>130.3</ele></trkpt>
      <trkpt lat="54.706818" lon="35.801538"><ele>130.0</ele></trkpt>
      <trkpt lat="54.706988" lon="35.80134"><ele>129.7</ele></trkpt>
      <trkpt lat="54.707045" lon="35.801279"><ele>129.6</ele></trkpt>
      <trkpt lat="54.707249" lon="35.801066"><ele>129.3</ele></trkpt>
      <trkpt lat="54.707275" lon="35.801032"><ele>129.2</ele></trkpt>
      <trkpt lat="54.707364" lon="35.800922"><ele>129.1</ele></trkpt>
      <trkpt lat="54.707487" lon="35.800787"><ele>128.9</ele></trkpt>
      <trkpt lat="54.707575" lon="35.800711"><ele>128.8</ele></trkpt>
      <trkpt lat="54.707674" lon="35.800632"><ele>128.7</ele></trkpt>
      <trkpt lat="54.707686" lon="35.800626"><ele>128.7</ele></trkpt>
      <trkpt lat="54.707687" lon="35.800622"><ele>128.7</ele></trkpt>
      <trkpt lat="54.707693" lon="35.800613"><ele>128.7</ele></trkpt>
      <trkpt lat="54.707723" lon="35.800572"><ele>128.6</ele></trkpt>
      <trkpt lat="54.707747" lon="35.800543"><ele>128.6</ele></trkpt>
      <trkpt lat="54.707792" lon="35.800506"><ele>128.6</ele></trkpt>
      <trkpt lat="54.707818" lon="35.800588"><ele>128.6</ele></trkpt>
      <trkpt lat="54.707866" lon="35.800535"><ele>128.5</ele></trkpt>
      <trkpt lat="54.707979" lon="35.800423"><ele>128.5</ele></trkpt>
      <trkpt lat="54.708121" lon="35.800257"><ele>128.4</ele></trkpt>
      <trkpt lat="54.708186" lon="35.800186"><ele>128.4</ele></trkpt>
      <trkpt lat="54.708292" lon="35.800065"><ele>128.3</ele></trkpt>
      <trkpt lat="54.708426" lon="35.799987"><ele>128.4</ele></trkpt>
      <trkpt lat="54.708522" lon="35.799928"><ele>128.5</ele></trkpt>
      <trkpt lat="54.708653" lon="35.799898"><ele>128.8</ele></trkpt>
      <trkpt lat="54.708789" lon="35.79977"><ele>129.1</ele></trkpt>
      <trkpt lat="54.708966" lon="35.799587"><ele>129.2</ele></trkpt>
      <trkpt lat="54.709222" lon="35.799327"><ele>129.3</ele></trkpt>
      <trkpt lat="54.709378" lon="35.799153"><ele>129.4</ele></trkpt>
      <trkpt lat="54.709592" lon="35.798911"><ele>129.8</ele></trkpt>
      <trkpt lat="54.70969" lon="35.79887"><ele>130.0</ele></trkpt>
      <trkpt lat="54.70986" lon="35.798771"><ele>130.3</ele></trkpt>
      <trkpt lat="54.710031" lon="35.79858"><ele>130.4</ele></trkpt>
      <trkpt lat="54.710045" lon="35.798557"><ele>130.4</ele></trkpt>
      <trkpt lat="54.710056" lon="35.798542"><ele>130.4</ele></trkpt>
      <trkpt lat="54.710078" lon="35.798518"><ele>130.4</ele></trkpt>
      <trkpt lat="54.710182" lon="35.798396"><ele>130.5</ele></trkpt>
      <trkpt lat="54.710318" lon="35.798216"><ele>130.6</ele></trkpt>
      <trkpt lat="54.710468" lon="35.79804"><ele>130.4</ele></trkpt>
      <trkpt lat="54.710573" lon="35.797883"><ele>130.3</ele></trkpt>
      <trkpt lat="54.7106" lon="35.797848"><ele>130.2</ele></trkpt>
      <trkpt lat="54.710628" lon="35.797813"><ele>130.2</ele></trkpt>
      <trkpt lat="54.710735" lon="35.797658"><ele>130.3</ele></trkpt>
      <trkpt lat="54.710838" lon="35.797538"><ele>130.3</ele></trkpt>
      <trkpt lat="54.710885" lon="35.797466"><ele>130.4</ele></trkpt>
      <trkpt lat="54.710911" lon="35.797447"><ele>130.4</ele></trkpt>
      <trkpt lat="54.710986" lon="35.797357"><ele>130.5</ele></trkpt>
      <trkpt lat="54.711083" lon="35.797237"><ele>130.6</ele></trkpt>
      <trkpt lat="54.711099" lon="35.797222"><ele>130.6</ele></trkpt>
      <trkpt lat="54.711143" lon="35.797174"><ele>130.7</ele></trkpt>
      <trkpt lat="54.711209" lon="35.797125"><ele>130.9</ele></trkpt>
      <trkpt lat="54.711214" lon="35.79711"><ele>130.9</ele></trkpt>
      <trkpt lat="54.71123" lon="35.797091"><ele>130.9</ele></trkpt>
      <trkpt lat="54.711237" lon="35.797088"><ele>130.9</ele></trkpt>
      <trkpt lat="54.711252" lon="35.797074"><ele>130.9</ele></trkpt>
      <trkpt lat="54.711288" lon="35.797052"><ele>131.0</ele></trkpt>
      <trkpt lat="54.711302" lon="35.797038"><ele>131.0</ele></trkpt>
      <trkpt lat="54.711361" lon="35.796974"><ele>131.1</ele></trkpt>
      <trkpt lat="54.711376" lon="35.796957"><ele>131.1</ele></trkpt>
      <trkpt lat="54.711483" lon="35.796855"><ele>131.2</ele></trkpt>
      <trkpt lat="54.711605" lon="35.796722"><ele>131.1</ele></trkpt>
      <trkpt lat="54.711772" lon="35.796503"><ele>131.0</ele></trkpt>
      <trkpt lat="54.71184" lon="35.796317"><ele>131.0</ele></trkpt>
      <trkpt lat="54.71192" lon="35.796134"><ele>131.0</ele></trkpt>
      <trkpt lat="54.711999" lon="35.795929"><ele>131.2</ele></trkpt>
      <trkpt lat="54.712127" lon="35.795727"><ele>131.5</ele></trkpt>
      <trkpt lat="54.712212" lon="35.795588"><ele>131.7</ele></trkpt>
      <trkpt lat="54.712309" lon="35.795473"><ele>132.0</ele></trkpt>
      <trkpt lat="54.712333" lon="35.795452"><ele>132.0</ele></trkpt>
      <trkpt lat="54.712342" lon="35.795448"><ele>132.0</ele></trkpt>
      <trkpt lat="54.712357" lon="35.795438"><ele>132.0</ele></trkpt>
      <trkpt lat="54.712363" lon="35.795442"><ele>132.0</ele></trkpt>
      <trkpt lat="54.712402" lon="35.7955"><ele>131.8</ele></trkpt>
      <trkpt lat="54.712499" lon="35.795626"><ele>131.7</ele></trkpt>
      <trkpt lat="54.712513" lon="35.795642"><ele>131.7</ele></trkpt>
      <trkpt lat="54.712521" lon="35.79565"><ele>131.7</ele></trkpt>
      <trkpt lat="54.71256" lon="35.795687"><ele>131.8</ele></trkpt>
      <trkpt lat="54.712579" lon="35.795706"><ele>131.8</ele></trkpt>
      <trkpt lat="54.712674" lon="35.795875"><ele>132.5</ele></trkpt>
      <trkpt lat="54.712778" lon="35.796092"><ele>133.7</ele></trkpt>
      <trkpt lat="54.712862" lon="35.796272"><ele>134.6</ele></trkpt>
      <trkpt lat="54.71291" lon="35.796326"><ele>135.0</ele></trkpt>
      <trkpt lat="54.712978" lon="35.796379"><ele>135.4</ele></trkpt>
      <trkpt lat="54.713078" lon="35.796437"><ele>136.0</ele></trkpt>
      <trkpt lat="54.713155" lon="35.796491"><ele>136.5</ele></trkpt>
      <trkpt lat="54.71321" lon="35.796534"><ele>136.8</ele></trkpt>
      <trkpt lat="54.713318" lon="35.796601"><ele>137.4</ele></trkpt>
      <trkpt lat="54.713486" lon="35.796614"><ele>138.0</ele></trkpt>
      <trkpt lat="54.713536" lon="35.796639"><ele>138.2</ele></trkpt>
      <trkpt lat="54.713613" lon="35.796678"><ele>138.4</ele></trkpt>
      <trkpt lat="54.713625" lon="35.796684"><ele>138.5</ele></trkpt>
      <trkpt lat="54.713711" lon="35.796704"><ele>138.6</ele></trkpt>
      <trkpt lat="54.713887" lon="35.796664"><ele>138.4</ele></trkpt>
      <trkpt lat="54.71397" lon="35.796623"><ele>138.2</ele></trkpt>
      <trkpt lat="54.714209" lon="35.796517"><ele>137.6</ele></trkpt>
      <trkpt lat="54.714307" lon="35.796452"><ele>137.4</ele></trkpt>
      <trkpt lat="54.714313" lon="35.796441"><ele>137.3</ele></trkpt>
      <trkpt lat="54.714393" lon="35.79626"><ele>137.0</ele></trkpt>
      <trkpt lat="54.71448" lon="35.796054"><ele>136.5</ele></trkpt>
      <trkpt lat="54.714551" lon="35.795865"><ele>136.1</ele></trkpt>
      <trkpt lat="54.714566" lon="35.795849"><ele>136.0</ele></trkpt>
      <trkpt lat="54.714619" lon="35.79577"><ele>135.8</ele></trkpt>
      <trkpt lat="54.714659" lon="35.795686"><ele>135.6</ele></trkpt>
      <trkpt lat="54.714704" lon="35.795631"><ele>135.4</ele></trkpt>
      <trkpt lat="54.714731" lon="35.795596"><ele>135.3</ele></trkpt>
      <trkpt lat="54.714753" lon="35.795484"><ele>135.1</ele></trkpt>
      <trkpt lat="54.714787" lon="35.795374"><ele>134.8</ele></trkpt>
      <trkpt lat="54.714791" lon="35.795312"><ele>134.7</ele></trkpt>
      <trkpt lat="54.714823" lon="35.795113"><ele>134.3</ele></trkpt>
      <trkpt lat="54.714845" lon="35.794974"><ele>134.1</ele></trkpt>
      <trkpt lat="54.714897" lon="35.794771"><ele>133.7</ele></trkpt>
      <trkpt lat="54.715001" lon="35.794546"><ele>133.5</ele></trkpt>
      <trkpt lat="54.715084" lon="35.794406"><ele>133.5</ele></trkpt>
      <trkpt lat="54.715114" lon="35.79435"><ele>133.5</ele></trkpt>
      <trkpt lat="54.715126" lon="35.794322"><ele>133.5</ele></trkpt>
      <trkpt lat="54.715162" lon="35.794227"><ele>133.5</ele></trkpt>
      <trkpt lat="54.715245" lon="35.79406"><ele>133.7</ele></trkpt>
      <trkpt lat="54.715312" lon="35.793872"><ele>133.9</ele></trkpt>
      <trkpt lat="54.715401" lon="35.793671"><ele>134.2</ele></trkpt>
      <trkpt lat="54.715449" lon="35.793599"><ele>134.4</ele></trkpt>
      <trkpt lat="54.715458" lon="35.793581"><ele>134.4</ele></trkpt>
      <trkpt lat="54.715472" lon="35.79356"><ele>134.5</ele></trkpt>
      <trkpt lat="54.715491" lon="35.793528"><ele>134.6</ele></trkpt>
      <trkpt lat="54.715498" lon="35.793512"><ele>134.6</ele></trkpt>
      <trkpt lat="54.715535" lon="35.79346"><ele>134.8</ele></trkpt>
      <trkpt lat="54.715615" lon="35.793378"><ele>135.2</ele></trkpt>
      <trkpt lat="54.715629" lon="35.793364"><ele>135.2</ele></trkpt>
      <trkpt lat="54.715714" lon="35.793285"><ele>135.6</ele></trkpt>
      <trkpt lat="54.715814" lon="35.79321"><ele>135.9</ele></trkpt>
      <trkpt lat="54.715957" lon="35.793158"><ele>136.3</ele></trkpt>
      <trkpt lat="54.716027" lon="35.793137"><ele>136.5</ele></trkpt>
      <trkpt lat="54.716134" lon="35.793111"><ele>136.9</ele></trkpt>
      <trkpt lat="54.716273" lon="35.793071"><ele>137.3</ele></trkpt>
      <trkpt lat="54.7163" lon="35.793063"><ele>137.4</ele></trkpt>
      <trkpt lat="54.716445" lon="35.793038"><ele>137.8</ele></trkpt>
      <trkpt lat="54.716578" lon="35.792992"><ele>138.0</ele></trkpt>
      <trkpt lat="54.716782" lon="35.792922"><ele>138.5</ele></trkpt>
      <trkpt lat="54.716814" lon="35.792915"><ele>138.6</ele></trkpt>
      <trkpt lat="54.716912" lon="35.792879"><ele>138.7</ele></trkpt>
      <trkpt lat="54.716985" lon="35.792874"><ele>138.8</ele></trkpt>
      <trkpt lat="54.716997" lon="35.792865"><ele>138.8</ele></trkpt>
      <trkpt lat="54.717015" lon="35.792855"><ele>138.9</ele></trkpt>
      <trkpt lat="54.71702" lon="35.792853"><ele>138.9</ele></trkpt>
      <trkpt lat="54.717056" lon="35.792835"><ele>138.9</ele></trkpt>
      <trkpt lat="54.717236" lon="35.792779"><ele>139.2</ele></trkpt>
      <trkpt lat="54.717464" lon="35.79272"><ele>139.6</ele></trkpt>
      <trkpt lat="54.717651" lon="35.792665"><ele>140.0</ele></trkpt>
      <trkpt lat="54.717809" lon="35.792623"><ele>140.3</ele></trkpt>
      <trkpt lat="54.717986" lon="35.79259"><ele>140.6</ele></trkpt>
      <trkpt lat="54.718133" lon="35.792536"><ele>140.9</ele></trkpt>
      <trkpt lat="54.718324" lon="35.79245"><ele>140.9</ele></trkpt>
      <trkpt lat="54.718348" lon="35.792445"><ele>140.9</ele></trkpt>
      <trkpt lat="54.718451" lon="35.792407"><ele>140.6</ele></trkpt>
      <trkpt lat="54.718519" lon="35.792364"><ele>140.2</ele></trkpt>
      <trkpt lat="54.718602" lon="35.792313"><ele>139.5</ele></trkpt>
      <trkpt lat="54.718721" lon="35.792285"><ele>138.4</ele></trkpt>
      <trkpt lat="54.718834" lon="35.792269"><ele>137.4</ele></trkpt>
      <trkpt lat="54.718921" lon="35.792282"><ele>136.6</ele></trkpt>
      <trkpt lat="54.718947" lon="35.792286"><ele>136.4</ele></trkpt>
      <trkpt lat="54.719003" lon="35.792307"><ele>136.0</ele></trkpt>
      <trkpt lat="54.719088" lon="35.792357"><ele>135.3</ele></trkpt>
      <trkpt lat="54.719102" lon="35.792371"><ele>135.2</ele></trkpt>
      <trkpt lat="54.719159" lon="35.79244"><ele>134.9</ele></trkpt>
      <trkpt lat="54.719164" lon="35.792453"><ele>134.9</ele></trkpt>
      <trkpt lat="54.719182" lon="35.792479"><ele>134.9</ele></trkpt>
      <trkpt lat="54.719182" lon="35.792488"><ele>134.9</ele></trkpt>
      <trkpt lat="54.719281" lon="35.792482"><ele>135.0</ele></trkpt>
      <trkpt lat="54.719283" lon="35.792481"><ele>135.0</ele></trkpt>
      <trkpt lat="54.71934" lon="35.792487"><ele>135.2</ele></trkpt>
      <trkpt lat="54.719395" lon="35.792462"><ele>135.5</ele></trkpt>
      <trkpt lat="54.71944" lon="35.792429"><ele>135.8</ele></trkpt>
      <trkpt lat="54.719444" lon="35.792415"><ele>135.8</ele></trkpt>
      <trkpt lat="54.719458" lon="35.792393"><ele>136.0</ele></trkpt>
      <trkpt lat="54.719471" lon="35.792383"><ele>136.1</ele></trkpt>
      <trkpt lat="54.71948" lon="35.792368"><ele>136.1</ele></trkpt>
      <trkpt lat="54.719498" lon="35.792351"><ele>136.3</ele></trkpt>
      <trkpt lat="54.719537" lon="35.792321"><ele>136.6</ele></trkpt>
      <trkpt lat="54.719595" lon="35.792282"><ele>137.1</ele></trkpt>
      <trkpt lat="54.719609" lon="35.792269"><ele>137.2</ele></trkpt>
      <trkpt lat="54.719695" lon="35.792198"><ele>138.1</ele></trkpt>
      <trkpt lat="54.719707" lon="35.792194"><ele>138.2</ele></trkpt>
      <trkpt lat="54.719774" lon="35.792143"><ele>138.8</ele></trkpt>
      <trkpt lat="54.71981" lon="35.792121"><ele>139.1</ele></trkpt>
      <trkpt lat="54.719877" lon="35.792094"><ele>139.7</ele></trkpt>
      <trkpt lat="54.719927" lon="35.792084"><ele>140.2</ele></trkpt>
      <trkpt lat="54.719982" lon="35.792079"><ele>140.7</ele></trkpt>
      <trkpt lat="54.720007" lon="35.792088"><ele>140.9</ele></trkpt>
      <trkpt lat="54.720069" lon="35.792091"><ele>141.4</ele></trkpt>
      <trkpt lat="54.72008" lon="35.792088"><ele>141.5</ele></trkpt>
      <trkpt lat="54.720119" lon="35.792088"><ele>141.8</ele></trkpt>
      <trkpt lat="54.720177" lon="35.792081"><ele>142.3</ele></trkpt>
      <trkpt lat="54.720215" lon="35.792078"><ele>142.6</ele></trkpt>
      <trkpt lat="54.720272" lon="35.792059"><ele>143.0</ele></trkpt>
      <trkpt lat="54.720295" lon="35.792048"><ele>143.2</ele></trkpt>
      <trkpt lat="54.720371" lon="35.791999"><ele>143.8</ele></trkpt>
      <trkpt lat="54.720405" lon="35.791983"><ele>144.0</ele></trkpt>
      <trkpt lat="54.720496" lon="35.791936"><ele>144.6</ele></trkpt>
      <trkpt lat="54.720519" lon="35.791922"><ele>144.8</ele></trkpt>
      <trkpt lat="54.720538" lon="35.791902"><ele>144.9</ele></trkpt>
      <trkpt lat="54.72057" lon="35.791877"><ele>145.1</ele></trkpt>
      <trkpt lat="54.720655" lon="35.791807"><ele>145.7</ele></trkpt>
      <trkpt lat="54.720665" lon="35.791799"><ele>145.8</ele></trkpt>
      <trkpt lat="54.720761" lon="35.791685"><ele>146.6</ele></trkpt>
      <trkpt lat="54.720767" lon="35.791675"><ele>146.6</ele></trkpt>
      <trkpt lat="54.720781" lon="35.791652"><ele>146.7</ele></trkpt>
      <trkpt lat="54.720789" lon="35.791642"><ele>146.7</ele></trkpt>
      <trkpt lat="54.720799" lon="35.791626"><ele>146.7</ele></trkpt>
      <trkpt lat="54.720812" lon="35.791612"><ele>146.8</ele></trkpt>
      <trkpt lat="54.720836" lon="35.79158"><ele>146.9</ele></trkpt>
      <trkpt lat="54.720849" lon="35.791558"><ele>146.9</ele></trkpt>
      <trkpt lat="54.72086" lon="35.791537"><ele>146.9</ele></trkpt>
      <trkpt lat="54.720867" lon="35.791526"><ele>147.0</ele></trkpt>
      <trkpt lat="54.720919" lon="35.791438"><ele>147.1</ele></trkpt>
      <trkpt lat="54.720944" lon="35.79139"><ele>147.1</ele></trkpt>
      <trkpt lat="54.720981" lon="35.791335"><ele>147.1</ele></trkpt>
      <trkpt lat="54.721043" lon="35.791261"><ele>147.2</ele></trkpt>
      <trkpt lat="54.721076" lon="35.791217"><ele>147.2</ele></trkpt>
      <trkpt lat="54.721113" lon="35.791158"><ele>147.3</ele></trkpt>
      <trkpt lat="54.721164" lon="35.791019"><ele>147.4</ele></trkpt>
      <trkpt lat="54.721234" lon="35.790897"><ele>147.6</ele></trkpt>
      <trkpt lat="54.721263" lon="35.790852"><ele>147.8</ele></trkpt>
      <trkpt lat="54.721361" lon="35.790708"><ele>148.2</ele></trkpt>
      <trkpt lat="54.721385" lon="35.790681"><ele>148.3</ele></trkpt>
      <trkpt lat="54.721471" lon="35.790603"><ele>148.7</ele></trkpt>
      <trkpt lat="54.721503" lon="35.790549"><ele>148.9</ele></trkpt>
      <trkpt lat="54.721528" lon="35.790491"><ele>148.9</ele></trkpt>
      <trkpt lat="54.721538" lon="35.79045"><ele>148.8</ele></trkpt>
      <trkpt lat="54.721545" lon="35.790385"><ele>148.7</ele></trkpt>
      <trkpt lat="54.721546" lon="35.790354"><ele>148.6</ele></trkpt>
      <trkpt lat="54.721539" lon="35.79015"><ele>148.1</ele></trkpt>
      <trkpt lat="54.721483" lon="35.789923"><ele>147.3</ele></trkpt>
      <trkpt lat="54.721353" lon="35.789602"><ele>146.2</ele></trkpt>
      <trkpt lat="54.721292" lon="35.789488"><ele>145.9</ele></trkpt>
      <trkpt lat="54.721241" lon="35.789358"><ele>145.7</ele></trkpt>
      <trkpt lat="54.721191" lon="35.789244"><ele>145.5</ele></trkpt>
      <trkpt lat="54.721064" lon="35.788992"><ele>145.1</ele></trkpt>
      <trkpt lat="54.720882" lon="35.788694"><ele>144.0</ele></trkpt>
      <trkpt lat="54.720799" lon="35.788575"><ele>143.5</ele></trkpt>
      <trkpt lat="54.72072" lon="35.788448"><ele>143.0</ele></trkpt>
      <trkpt lat="54.720675" lon="35.788384"><ele>142.6</ele></trkpt>
      <trkpt lat="54.720529" lon="35.788149"><ele>141.5</ele></trkpt>
      <trkpt lat="54.720389" lon="35.787888"><ele>140.5</ele></trkpt>
      <trkpt lat="54.720235" lon="35.787643"><ele>139.6</ele></trkpt>
      <trkpt lat="54.720047" lon="35.787318"><ele>138.7</ele></trkpt>
      <trkpt lat="54.719869" lon="35.787037"><ele>137.8</ele></trkpt>
      <trkpt lat="54.719765" lon="35.786868"><ele>137.4</ele></trkpt>
      <trkpt lat="54.719605" lon="35.786605"><ele>136.8</ele></trkpt>
      <trkpt lat="54.719496" lon="35.786429"><ele>136.3</ele></trkpt>
      <trkpt lat="54.719356" lon="35.786197"><ele>135.7</ele></trkpt>
      <trkpt lat="54.719243" lon="35.786015"><ele>135.3</ele></trkpt>
      <trkpt lat="54.719073" lon="35.785732"><ele>134.5</ele></trkpt>
      <trkpt lat="54.718833" lon="35.785357"><ele>133.6</ele></trkpt>
      <trkpt lat="54.718732" lon="35.785219"><ele>133.2</ele></trkpt>
      <trkpt lat="54.718638" lon="35.785094"><ele>132.8</ele></trkpt>
      <trkpt lat="54.718527" lon="35.784934"><ele>132.4</ele></trkpt>
      <trkpt lat="54.718398" lon="35.784688"><ele>132.0</ele></trkpt>
      <trkpt lat="54.718376" lon="35.784639"><ele>132.0</ele></trkpt>
      <trkpt lat="54.718146" lon="35.78425"><ele>131.5</ele></trkpt>
      <trkpt lat="54.718009" lon="35.784014"><ele>131.3</ele></trkpt>
      <trkpt lat="54.717995" lon="35.783992"><ele>131.3</ele></trkpt>
      <trkpt lat="54.717994" lon="35.783987"><ele>131.3</ele></trkpt>
      <trkpt lat="54.717991" lon="35.783982"><ele>131.3</ele></trkpt>
      <trkpt lat="54.717974" lon="35.783921"><ele>131.3</ele></trkpt>
      <trkpt lat="54.717978" lon="35.783846"><ele>131.2</ele></trkpt>
      <trkpt lat="54.717987" lon="35.783809"><ele>131.2</ele></trkpt>
      <trkpt lat="54.718075" lon="35.783521"><ele>130.7</ele></trkpt>
      <trkpt lat="54.718102" lon="35.783406"><ele>130.5</ele></trkpt>
      <trkpt lat="54.718139" lon="35.783302"><ele>130.4</ele></trkpt>
      <trkpt lat="54.718247" lon="35.783037"><ele>130.3</ele></trkpt>
      <trkpt lat="54.718362" lon="35.782827"><ele>130.4</ele></trkpt>
      <trkpt lat="54.718449" lon="35.782645"><ele>130.5</ele></trkpt>
      <trkpt lat="54.718552" lon="35.782387"><ele>130.4</ele></trkpt>
      <trkpt lat="54.718679" lon="35.782099"><ele>130.6</ele></trkpt>
      <trkpt lat="54.718875" lon="35.781813"><ele>130.6</ele></trkpt>
      <trkpt lat="54.718988" lon="35.781571"><ele>130.5</ele></trkpt>
      <trkpt lat="54.719112" lon="35.781247"><ele>129.9</ele></trkpt>
      <trkpt lat="54.719133" lon="35.781207"><ele>129.8</ele></trkpt>
      <trkpt lat="54.719239" lon="35.781054"><ele>129.6</ele></trkpt>
      <trkpt lat="54.71928" lon="35.781012"><ele>129.5</ele></trkpt>
      <trkpt lat="54.71934" lon="35.780917"><ele>129.3</ele></trkpt>
      <trkpt lat="54.71937" lon="35.780719"><ele>129.0</ele></trkpt>
      <trkpt lat="54.719444" lon="35.78041"><ele>127.9</ele></trkpt>
      <trkpt lat="54.719464" lon="35.78034"><ele>127.6</ele></trkpt>
      <trkpt lat="54.719509" lon="35.780111"><ele>126.7</ele></trkpt>
      <trkpt lat="54.719515" lon="35.780075"><ele>126.5</ele></trkpt>
      <trkpt lat="54.719504" lon="35.779944"><ele>125.9</ele></trkpt>
      <trkpt lat="54.7195" lon="35.77992"><ele>125.8</ele></trkpt>
      <trkpt lat="54.719458" lon="35.77986"><ele>125.8</ele></trkpt>
      <trkpt lat="54.719439" lon="35.779785"><ele>125.8</ele></trkpt>
      <trkpt lat="54.719434" lon="35.779596"><ele>125.8</ele></trkpt>
      <trkpt lat="54.7194" lon="35.7794"><ele>125.8</ele></trkpt>
      <trkpt lat="54.719387" lon="35.779374"><ele>125.8</ele></trkpt>
      <trkpt lat="54.719346" lon="35.779295"><ele>125.8</ele></trkpt>
      <trkpt lat="54.719334" lon="35.779238"><ele>125.4</ele></trkpt>
      <trkpt lat="54.719332" lon="35.779177"><ele>125.1</ele></trkpt>
      <trkpt lat="54.719325" lon="35.779159"><ele>124.8</ele></trkpt>
      <trkpt lat="54.719318" lon="35.779136"><ele>124.8</ele></trkpt>
      <trkpt lat="54.719289" lon="35.779051"><ele>124.4</ele></trkpt>
      <trkpt lat="54.719295" lon="35.778992"><ele>124.5</ele></trkpt>
      <trkpt lat="54.719303" lon="35.778971"><ele>124.4</ele></trkpt>
      <trkpt lat="54.71932" lon="35.778938"><ele>124.6</ele></trkpt>
      <trkpt lat="54.71932" lon="35.778938"><ele>124.6</ele></trkpt>
      <trkpt lat="54.719352" lon="35.778888"><ele>124.7</ele></trkpt>
      <trkpt lat="54.719371" lon="35.778865"><ele>124.6</ele></trkpt>
      <trkpt lat="54.719383" lon="35.778852"><ele>124.5</ele></trkpt>
      <trkpt lat="54.719396" lon="35.778798"><ele>124.3</ele></trkpt>
      <trkpt lat="54.719395" lon="35.778781"><ele>124.3</ele></trkpt>
      <trkpt lat="54.719401" lon="35.778731"><ele>124.2</ele></trkpt>
      <trkpt lat="54.719412" lon="35.778701"><ele>124.1</ele></trkpt>
      <trkpt lat="54.719439" lon="35.778658"><ele>124.3</ele></trkpt>
      <trkpt lat="54.719424" lon="35.778623"><ele>124.2</ele></trkpt>
      <trkpt lat="54.719418" lon="35.778605"><ele>124.1</ele></trkpt>
      <trkpt lat="54.719423" lon="35.778563"><ele>123.8</ele></trkpt>
      <trkpt lat="54.719428" lon="35.778549"><ele>123.8</ele></trkpt>
      <trkpt lat="54.71946" lon="35.778424"><ele>123.4</ele></trkpt>
      <trkpt lat="54.719517" lon="35.778318"><ele>124.1</ele></trkpt>
      <trkpt lat="54.719535" lon="35.778305"><ele>124.0</ele></trkpt>
      <trkpt lat="54.719609" lon="35.778138"><ele>123.8</ele></trkpt>
      <trkpt lat="54.719653" lon="35.777877"><ele>125.1</ele></trkpt>
      <trkpt lat="54.71966" lon="35.77785"><ele>125.1</ele></trkpt>
      <trkpt lat="54.719707" lon="35.777727"><ele>124.9</ele></trkpt>
      <trkpt lat="54.719718" lon="35.777704"><ele>124.8</ele></trkpt>
      <trkpt lat="54.719722" lon="35.777699"><ele>124.7</ele></trkpt>
      <trkpt lat="54.719731" lon="35.777676"><ele>124.7</ele></trkpt>
      <trkpt lat="54.719739" lon="35.777654"><ele>124.6</ele></trkpt>
      <trkpt lat="54.719815" lon="35.777477"><ele>124.8</ele></trkpt>
      <trkpt lat="54.719924" lon="35.777254"><ele>125.7</ele></trkpt>
      <trkpt lat="54.719952" lon="35.777195"><ele>125.8</ele></trkpt>
      <trkpt lat="54.719966" lon="35.777178"><ele>125.7</ele></trkpt>
      <trkpt lat="54.720026" lon="35.77703"><ele>125.5</ele></trkpt>
      <trkpt lat="54.720106" lon="35.776852"><ele>125.5</ele></trkpt>
      <trkpt lat="54.720222" lon="35.776633"><ele>126.6</ele></trkpt>
      <trkpt lat="54.720389" lon="35.776474"><ele>127.4</ele></trkpt>
      <trkpt lat="54.72054" lon="35.77636"><ele>129.0</ele></trkpt>
      <trkpt lat="54.720555" lon="35.776348"><ele>128.9</ele></trkpt>
      <trkpt lat="54.720612" lon="35.776289"><ele>129.6</ele></trkpt>
      <trkpt lat="54.72077" lon="35.77609"><ele>130.8</ele></trkpt>
      <trkpt lat="54.720793" lon="35.776056"><ele>131.2</ele></trkpt>
      <trkpt lat="54.720876" lon="35.775903"><ele>132.0</ele></trkpt>
      <trkpt lat="54.720921" lon="35.775778"><ele>132.5</ele></trkpt>
      <trkpt lat="54.72097" lon="35.775663"><ele>132.4</ele></trkpt>
      <trkpt lat="54.720991" lon="35.775596"><ele>132.8</ele></trkpt>
      <trkpt lat="54.721025" lon="35.77551"><ele>133.3</ele></trkpt>
      <trkpt lat="54.721047" lon="35.775451"><ele>133.2</ele></trkpt>
      <trkpt lat="54.721091" lon="35.775337"><ele>133.2</ele></trkpt>
      <trkpt lat="54.721126" lon="35.775264"><ele>133.4</ele></trkpt>
      <trkpt lat="54.721165" lon="35.775092"><ele>134.1</ele></trkpt>
      <trkpt lat="54.721173" lon="35.77506"><ele>134.0</ele></trkpt>
      <trkpt lat="54.72123" lon="35.774858"><ele>134.1</ele></trkpt>
      <trkpt lat="54.721322" lon="35.774502"><ele>134.2</ele></trkpt>
      <trkpt lat="54.721402" lon="35.774215"><ele>134.4</ele></trkpt>
      <trkpt lat="54.721437" lon="35.774097"><ele>134.4</ele></trkpt>
      <trkpt lat="54.721503" lon="35.773846"><ele>134.5</ele></trkpt>
      <trkpt lat="54.721597" lon="35.773534"><ele>134.6</ele></trkpt>
      <trkpt lat="54.721703" lon="35.77317"><ele>134.8</ele></trkpt>
      <trkpt lat="54.721833" lon="35.77274"><ele>135.0</ele></trkpt>
      <trkpt lat="54.721918" lon="35.77245"><ele>135.1</ele></trkpt>
      <trkpt lat="54.722018" lon="35.772123"><ele>135.2</ele></trkpt>
      <trkpt lat="54.722131" lon="35.771673"><ele>135.4</ele></trkpt>
      <trkpt lat="54.722207" lon="35.771363"><ele>135.5</ele></trkpt>
      <trkpt lat="54.722281" lon="35.770924"><ele>135.7</ele></trkpt>
      <trkpt lat="54.722331" lon="35.77054"><ele>135.8</ele></trkpt>
      <trkpt lat="54.722377" lon="35.770233"><ele>136.0</ele></trkpt>
      <trkpt lat="54.722386" lon="35.77018"><ele>136.0</ele></trkpt>
      <trkpt lat="54.722483" lon="35.769727"><ele>136.2</ele></trkpt>
      <trkpt lat="54.722608" lon="35.769287"><ele>136.3</ele></trkpt>
      <trkpt lat="54.722618" lon="35.769261"><ele>136.4</ele></trkpt>
      <trkpt lat="54.722654" lon="35.76926"><ele>136.4</ele></trkpt>
      <trkpt lat="54.722656" lon="35.769261"><ele>136.4</ele></trkpt>
      <trkpt lat="54.722659" lon="35.769246"><ele>136.4</ele></trkpt>
      <trkpt lat="54.722675" lon="35.769149"><ele>136.4</ele></trkpt>
      <trkpt lat="54.722753" lon="35.768941"><ele>136.5</ele></trkpt>
      <trkpt lat="54.722829" lon="35.768691"><ele>136.6</ele></trkpt>
      <trkpt lat="54.722946" lon="35.768371"><ele>136.8</ele></trkpt>
      <trkpt lat="54.723024" lon="35.768143"><ele>136.9</ele></trkpt>
      <trkpt lat="54.72314" lon="35.767822"><ele>137.0</ele></trkpt>
      <trkpt lat="54.723294" lon="35.767335"><ele>137.2</ele></trkpt>
      <trkpt lat="54.723437" lon="35.766926"><ele>137.4</ele></trkpt>
      <trkpt lat="54.723526" lon="35.766666"><ele>137.5</ele></trkpt>
      <trkpt lat="54.723575" lon="35.766518"><ele>137.5</ele></trkpt>
      <trkpt lat="54.723705" lon="35.766142"><ele>137.7</ele></trkpt>
      <trkpt lat="54.723854" lon="35.765779"><ele>137.9</ele></trkpt>
      <trkpt lat="54.723939" lon="35.76558"><ele>138.0</ele></trkpt>
      <trkpt lat="54.724033" lon="35.765368"><ele>138.1</ele></trkpt>
      <trkpt lat="54.724051" lon="35.765336"><ele>138.1</ele></trkpt>
      <trkpt lat="54.724129" lon="35.765215"><ele>138.1</ele></trkpt>
      <trkpt lat="54.724141" lon="35.765183"><ele>138.2</ele></trkpt>
      <trkpt lat="54.724148" lon="35.765138"><ele>138.2</ele></trkpt>
      <trkpt lat="54.724139" lon="35.765017"><ele>138.3</ele></trkpt>
      <trkpt lat="54.724098" lon="35.764892"><ele>138.4</ele></trkpt>
      <trkpt lat="54.724077" lon="35.764794"><ele>138.6</ele></trkpt>
      <trkpt lat="54.724025" lon="35.764531"><ele>138.8</ele></trkpt>
      <trkpt lat="54.723993" lon="35.764132"><ele>138.8</ele></trkpt>
      <trkpt lat="54.724023" lon="35.763548"><ele>138.5</ele></trkpt>
      <trkpt lat="54.724032" lon="35.76346"><ele>138.5</ele></trkpt>
      <trkpt lat="54.72411" lon="35.762992"><ele>138.3</ele></trkpt>
      <trkpt lat="54.724228" lon="35.762425"><ele>138.4</ele></trkpt>
      <trkpt lat="54.724345" lon="35.761971"><ele>138.3</ele></trkpt>
      <trkpt lat="54.724493" lon="35.761335"><ele>138.6</ele></trkpt>
      <trkpt lat="54.724555" lon="35.760861"><ele>138.9</ele></trkpt>
      <trkpt lat="54.724556" lon="35.760727"><ele>138.9</ele></trkpt>
      <trkpt lat="54.724556" lon="35.760727"><ele>138.9</ele></trkpt>
      <trkpt lat="54.724556" lon="35.760727"><ele>138.9</ele></trkpt>
      <trkpt lat="54.724548" lon="35.760707"><ele>138.9</ele></trkpt>
      <trkpt lat="54.724525" lon="35.760637"><ele>138.8</ele></trkpt>
      <trkpt lat="54.724461" lon="35.760443"><ele>138.8</ele></trkpt>
      <trkpt lat="54.724363" lon="35.760227"><ele>138.6</ele></trkpt>
      <trkpt lat="54.724217" lon="35.759893"><ele>138.4</ele></trkpt>
      <trkpt lat="54.724038" lon="35.759504"><ele>138.1</ele></trkpt>
      <trkpt lat="54.723757" lon="35.758874"><ele>137.4</ele></trkpt>
      <trkpt lat="54.723655" lon="35.758615"><ele>136.9</ele></trkpt>
      <trkpt lat="54.723512" lon="35.758181"><ele>135.4</ele></trkpt>
      <trkpt lat="54.723374" lon="35.757716"><ele>133.7</ele></trkpt>
      <trkpt lat="54.723311" lon="35.757495"><ele>133.2</ele></trkpt>
      <trkpt lat="54.72326" lon="35.757307"><ele>132.9</ele></trkpt>
      <trkpt lat="54.72319" lon="35.757043"><ele>132.7</ele></trkpt>
      <trkpt lat="54.723148" lon="35.756882"><ele>132.8</ele></trkpt>
      <trkpt lat="54.723071" lon="35.756602"><ele>133.0</ele></trkpt>
      <trkpt lat="54.723017" lon="35.756404"><ele>133.2</ele></trkpt>
      <trkpt lat="54.722819" lon="35.755706"><ele>134.2</ele></trkpt>
      <trkpt lat="54.722591" lon="35.754968"><ele>135.9</ele></trkpt>
      <trkpt lat="54.722441" lon="35.754511"><ele>136.9</ele></trkpt>
      <trkpt lat="54.722423" lon="35.754453"><ele>137.0</ele></trkpt>
      <trkpt lat="54.722242" lon="35.753934"><ele>137.9</ele></trkpt>
      <trkpt lat="54.722043" lon="35.753366"><ele>138.4</ele></trkpt>
      <trkpt lat="54.721913" lon="35.752976"><ele>138.5</ele></trkpt>
      <trkpt lat="54.721858" lon="35.752766"><ele>138.5</ele></trkpt>
      <trkpt lat="54.721757" lon="35.752227"><ele>138.6</ele></trkpt>
      <trkpt lat="54.721695" lon="35.75179"><ele>138.7</ele></trkpt>
      <trkpt lat="54.721652" lon="35.751147"><ele>138.8</ele></trkpt>
      <trkpt lat="54.72163" lon="35.750603"><ele>138.7</ele></trkpt>
      <trkpt lat="54.721629" lon="35.74998"><ele>138.6</ele></trkpt>
      <trkpt lat="54.721628" lon="35.749487"><ele>138.4</ele></trkpt>
      <trkpt lat="54.721627" lon="35.749429"><ele>138.4</ele></trkpt>
      <trkpt lat="54.721612" lon="35.748615"><ele>137.6</ele></trkpt>
      <trkpt lat="54.721583" lon="35.747847"><ele>136.8</ele></trkpt>
      <trkpt lat="54.721569" lon="35.747369"><ele>136.5</ele></trkpt>
      <trkpt lat="54.721554" lon="35.747087"><ele>136.5</ele></trkpt>
      <trkpt lat="54.721538" lon="35.746587"><ele>136.9</ele></trkpt>
      <trkpt lat="54.721505" lon="35.745926"><ele>137.4</ele></trkpt>
      <trkpt lat="54.721458" lon="35.745174"><ele>137.6</ele></trkpt>
      <trkpt lat="54.721411" lon="35.744379"><ele>137.8</ele></trkpt>
      <trkpt lat="54.721355" lon="35.743596"><ele>137.8</ele></trkpt>
      <trkpt lat="54.721345" lon="35.743401"><ele>137.9</ele></trkpt>
      <trkpt lat="54.721317" lon="35.743044"><ele>138.0</ele></trkpt>
      <trkpt lat="54.72126" lon="35.742227"><ele>137.8</ele></trkpt>
      <trkpt lat="54.721184" lon="35.741664"><ele>137.6</ele></trkpt>
      <trkpt lat="54.721026" lon="35.741129"><ele>137.7</ele></trkpt>
      <trkpt lat="54.720989" lon="35.740928"><ele>137.8</ele></trkpt>
      <trkpt lat="54.72105" lon="35.740751"><ele>137.7</ele></trkpt>
      <trkpt lat="54.721229" lon="35.740687"><ele>137.7</ele></trkpt>
      <trkpt lat="54.721385" lon="35.740733"><ele>137.8</ele></trkpt>
      <trkpt lat="54.721536" lon="35.740778"><ele>138.3</ele></trkpt>
      <trkpt lat="54.721695" lon="35.74082"><ele>139.1</ele></trkpt>
      <trkpt lat="54.721877" lon="35.740859"><ele>140.3</ele></trkpt>
      <trkpt lat="54.721943" lon="35.740871"><ele>140.7</ele></trkpt>
      <trkpt lat="54.722041" lon="35.740881"><ele>141.3</ele></trkpt>
      <trkpt lat="54.722057" lon="35.74088"><ele>141.4</ele></trkpt>
      <trkpt lat="54.722182" lon="35.740891"><ele>142.0</ele></trkpt>
      <trkpt lat="54.722222" lon="35.740905"><ele>142.2</ele></trkpt>
      <trkpt lat="54.722414" lon="35.740957"><ele>142.9</ele></trkpt>
      <trkpt lat="54.722463" lon="35.740964"><ele>143.1</ele></trkpt>
      <trkpt lat="54.72268" lon="35.741006"><ele>143.9</ele></trkpt>
      <trkpt lat="54.7228" lon="35.741032"><ele>144.3</ele></trkpt>
      <trkpt lat="54.722885" lon="35.741082"><ele>144.7</ele></trkpt>
      <trkpt lat="54.722896" lon="35.741081"><ele>144.7</ele></trkpt>
      <trkpt lat="54.722902" lon="35.741082"><ele>144.7</ele></trkpt>
      <trkpt lat="54.722923" lon="35.741076"><ele>144.8</ele></trkpt>
      <trkpt lat="54.722988" lon="35.741079"><ele>145.0</ele></trkpt>
      <trkpt lat="54.723118" lon="35.741066"><ele>145.5</ele></trkpt>
      <trkpt lat="54.723285" lon="35.74098"><ele>145.8</ele></trkpt>
      <trkpt lat="54.723517" lon="35.7409"><ele>146.0</ele></trkpt>
      <trkpt lat="54.723556" lon="35.740875"><ele>146.1</ele></trkpt>
      <trkpt lat="54.723775" lon="35.74076"><ele>146.5</ele></trkpt>
      <trkpt lat="54.723866" lon="35.740642"><ele>146.9</ele></trkpt>
      <trkpt lat="54.723948" lon="35.740484"><ele>147.4</ele></trkpt>
      <trkpt lat="54.724052" lon="35.740267"><ele>148.1</ele></trkpt>
      <trkpt lat="54.724134" lon="35.740025"><ele>149.1</ele></trkpt>
      <trkpt lat="54.724193" lon="35.73987"><ele>149.7</ele></trkpt>
      <trkpt lat="54.724226" lon="35.739758"><ele>150.2</ele></trkpt>
      <trkpt lat="54.724291" lon="35.739568"><ele>150.9</ele></trkpt>
      <trkpt lat="54.724302" lon="35.739528"><ele>151.1</ele></trkpt>
      <trkpt lat="54.724362" lon="35.739336"><ele>151.8</ele></trkpt>
      <trkpt lat="54.724396" lon="35.739217"><ele>152.3</ele></trkpt>
      <trkpt lat="54.724467" lon="35.738952"><ele>153.3</ele></trkpt>
      <trkpt lat="54.724508" lon="35.738713"><ele>154.1</ele></trkpt>
      <trkpt lat="54.72459" lon="35.738386"><ele>155.1</ele></trkpt>
      <trkpt lat="54.724599" lon="35.738346"><ele>155.3</ele></trkpt>
      <trkpt lat="54.724671" lon="35.738089"><ele>156.0</ele></trkpt>
      <trkpt lat="54.724676" lon="35.738049"><ele>156.1</ele></trkpt>
      <trkpt lat="54.724753" lon="35.737751"><ele>156.8</ele></trkpt>
      <trkpt lat="54.724789" lon="35.737624"><ele>157.1</ele></trkpt>
      <trkpt lat="54.72483" lon="35.737418"><ele>157.6</ele></trkpt>
      <trkpt lat="54.724894" lon="35.737181"><ele>158.1</ele></trkpt>
      <trkpt lat="54.724913" lon="35.737114"><ele>158.3</ele></trkpt>
      <trkpt lat="54.725008" lon="35.736727"><ele>159.0</ele></trkpt>
      <trkpt lat="54.725017" lon="35.736684"><ele>159.1</ele></trkpt>
      <trkpt lat="54.725101" lon="35.736265"><ele>160.0</ele></trkpt>
      <trkpt lat="54.725125" lon="35.73614"><ele>160.2</ele></trkpt>
      <trkpt lat="54.725148" lon="35.735904"><ele>160.7</ele></trkpt>
      <trkpt lat="54.725161" lon="35.735631"><ele>161.2</ele></trkpt>
      <trkpt lat="54.725162" lon="35.73553"><ele>161.4</ele></trkpt>
      <trkpt lat="54.72515" lon="35.735253"><ele>162.0</ele></trkpt>
      <trkpt lat="54.725133" lon="35.73487"><ele>162.8</ele></trkpt>
      <trkpt lat="54.725108" lon="35.734451"><ele>163.9</ele></trkpt>
      <trkpt lat="54.725107" lon="35.734412"><ele>164.0</ele></trkpt>
      <trkpt lat="54.725093" lon="35.734047"><ele>165.0</ele></trkpt>
      <trkpt lat="54.725069" lon="35.733756"><ele>165.9</ele></trkpt>
      <trkpt lat="54.725062" lon="35.733612"><ele>166.4</ele></trkpt>
      <trkpt lat="54.725056" lon="35.733298"><ele>167.4</ele></trkpt>
      <trkpt lat="54.725033" lon="35.732962"><ele>168.4</ele></trkpt>
      <trkpt lat="54.725018" lon="35.732676"><ele>169.4</ele></trkpt>
      <trkpt lat="54.725018" lon="35.732624"><ele>169.5</ele></trkpt>
      <trkpt lat="54.725014" lon="35.732427"><ele>170.1</ele></trkpt>
      <trkpt lat="54.72501" lon="35.732336"><ele>170.3</ele></trkpt>
      <trkpt lat="54.724995" lon="35.732029"><ele>171.0</ele></trkpt>
      <trkpt lat="54.724993" lon="35.731986"><ele>171.1</ele></trkpt>
      <trkpt lat="54.724974" lon="35.731587"><ele>171.8</ele></trkpt>
      <trkpt lat="54.724972" lon="35.731451"><ele>172.0</ele></trkpt>
      <trkpt lat="54.724969" lon="35.731346"><ele>172.1</ele></trkpt>
      <trkpt lat="54.724946" lon="35.731048"><ele>172.4</ele></trkpt>
      <trkpt lat="54.724928" lon="35.730746"><ele>172.6</ele></trkpt>
      <trkpt lat="54.724898" lon="35.730436"><ele>172.7</ele></trkpt>
      <trkpt lat="54.724883" lon="35.730234"><ele>172.9</ele></trkpt>
      <trkpt lat="54.72487" lon="35.730039"><ele>173.0</ele></trkpt>
      <trkpt lat="54.724869" lon="35.73002"><ele>173.0</ele></trkpt>
      <trkpt lat="54.724871" lon="35.729991"><ele>173.0</ele></trkpt>
      <trkpt lat="54.72487" lon="35.72992"><ele>173.1</ele></trkpt>
      <trkpt lat="54.724853" lon="35.729615"><ele>173.2</ele></trkpt>
      <trkpt lat="54.724845" lon="35.729441"><ele>173.3</ele></trkpt>
      <trkpt lat="54.724838" lon="35.729182"><ele>173.3</ele></trkpt>
      <trkpt lat="54.724797" lon="35.728531"><ele>173.5</ele></trkpt>
      <trkpt lat="54.724778" lon="35.728063"><ele>173.7</ele></trkpt>
      <trkpt lat="54.724745" lon="35.727469"><ele>173.9</ele></trkpt>
      <trkpt lat="54.724724" lon="35.726878"><ele>174.2</ele></trkpt>
      <trkpt lat="54.724698" lon="35.726351"><ele>174.5</ele></trkpt>
      <trkpt lat="54.724675" lon="35.725954"><ele>174.8</ele></trkpt>
      <trkpt lat="54.724667" lon="35.72575"><ele>174.9</ele></trkpt>
      <trkpt lat="54.724668" lon="35.725733"><ele>174.9</ele></trkpt>
      <trkpt lat="54.724673" lon="35.725715"><ele>174.9</ele></trkpt>
      <trkpt lat="54.724671" lon="35.725683"><ele>174.9</ele></trkpt>
      <trkpt lat="54.72467" lon="35.725505"><ele>175.1</ele></trkpt>
      <trkpt lat="54.724655" lon="35.725198"><ele>175.3</ele></trkpt>
      <trkpt lat="54.724631" lon="35.724867"><ele>175.6</ele></trkpt>
      <trkpt lat="54.724614" lon="35.724611"><ele>175.7</ele></trkpt>
      <trkpt lat="54.724608" lon="35.72455"><ele>175.7</ele></trkpt>
      <trkpt lat="54.724596" lon="35.724313"><ele>175.8</ele></trkpt>
      <trkpt lat="54.724565" lon="35.723854"><ele>176.1</ele></trkpt>
      <trkpt lat="54.724542" lon="35.723442"><ele>176.3</ele></trkpt>
      <trkpt lat="54.724511" lon="35.723002"><ele>176.5</ele></trkpt>
      <trkpt lat="54.724516" lon="35.722605"><ele>176.6</ele></trkpt>
      <trkpt lat="54.724504" lon="35.72215"><ele>176.6</ele></trkpt>
      <trkpt lat="54.724498" lon="35.721844"><ele>176.6</ele></trkpt>
      <trkpt lat="54.724513" lon="35.721709"><ele>176.5</ele></trkpt>
      <trkpt lat="54.724528" lon="35.721639"><ele>176.5</ele></trkpt>
      <trkpt lat="54.724633" lon="35.721371"><ele>176.4</ele></trkpt>
      <trkpt lat="54.724799" lon="35.721041"><ele>176.5</ele></trkpt>
      <trkpt lat="54.724953" lon="35.72071"><ele>176.8</ele></trkpt>
      <trkpt lat="54.72504" lon="35.720365"><ele>177.0</ele></trkpt>
      <trkpt lat="54.725039" lon="35.720206"><ele>177.0</ele></trkpt>
      <trkpt lat="54.725027" lon="35.720158"><ele>177.0</ele></trkpt>
      <trkpt lat="54.724981" lon="35.719948"><ele>176.9</ele></trkpt>
      <trkpt lat="54.724961" lon="35.719887"><ele>176.8</ele></trkpt>
      <trkpt lat="54.724939" lon="35.719831"><ele>176.8</ele></trkpt>
      <trkpt lat="54.724868" lon="35.719588"><ele>176.7</ele></trkpt>
      <trkpt lat="54.724764" lon="35.719161"><ele>176.5</ele></trkpt>
      <trkpt lat="54.724674" lon="35.718927"><ele>176.4</ele></trkpt>
      <trkpt lat="54.724496" lon="35.718562"><ele>176.3</ele></trkpt>
      <trkpt lat="54.724352" lon="35.718256"><ele>176.2</ele></trkpt>
      <trkpt lat="54.724288" lon="35.718263"><ele>176.1</ele></trkpt>
      <trkpt lat="54.724263" lon="35.718297"><ele>176.0</ele></trkpt>
      <trkpt lat="54.724088" lon="35.718615"><ele>175.6</ele></trkpt>
      <trkpt lat="54.724026" lon="35.718699"><ele>175.5</ele></trkpt>
      <trkpt lat="54.723949" lon="35.718749"><ele>175.4</ele></trkpt>
      <trkpt lat="54.723907" lon="35.718746"><ele>175.4</ele></trkpt>
      <trkpt lat="54.723776" lon="35.718609"><ele>175.4</ele></trkpt>
      <trkpt lat="54.72366" lon="35.718377"><ele>175.5</ele></trkpt>
      <trkpt lat="54.723488" lon="35.717929"><ele>175.4</ele></trkpt>
      <trkpt lat="54.723275" lon="35.71744"><ele>175.1</ele></trkpt>
      <trkpt lat="54.723115" lon="35.717101"><ele>175.0</ele></trkpt>
      <trkpt lat="54.72291" lon="35.716654"><ele>174.9</ele></trkpt>
      <trkpt lat="54.722714" lon="35.716193"><ele>174.9</ele></trkpt>
      <trkpt lat="54.722611" lon="35.715779"><ele>174.7</ele></trkpt>
      <trkpt lat="54.722605" lon="35.715533"><ele>174.7</ele></trkpt>
      <trkpt lat="54.72261" lon="35.715463"><ele>174.6</ele></trkpt>
      <trkpt lat="54.722635" lon="35.715245"><ele>174.6</ele></trkpt>
      <trkpt lat="54.722743" lon="35.714819"><ele>174.5</ele></trkpt>
      <trkpt lat="54.722826" lon="35.714456"><ele>174.5</ele></trkpt>
      <trkpt lat="54.72294" lon="35.714037"><ele>174.4</ele></trkpt>
      <trkpt lat="54.723019" lon="35.713741"><ele>174.4</ele></trkpt>
      <trkpt lat="54.723092" lon="35.713451"><ele>174.2</ele></trkpt>
      <trkpt lat="54.723184" lon="35.71309"><ele>173.9</ele></trkpt>
      <trkpt lat="54.723285" lon="35.712674"><ele>173.5</ele></trkpt>
      <trkpt lat="54.723449" lon="35.712221"><ele>173.0</ele></trkpt>
      <trkpt lat="54.723501" lon="35.712118"><ele>172.9</ele></trkpt>
      <trkpt lat="54.723652" lon="35.711897"><ele>172.7</ele></trkpt>
      <trkpt lat="54.72372" lon="35.711806"><ele>172.5</ele></trkpt>
      <trkpt lat="54.723903" lon="35.711648"><ele>172.3</ele></trkpt>
      <trkpt lat="54.724047" lon="35.711544"><ele>172.1</ele></trkpt>
      <trkpt lat="54.724196" lon="35.711459"><ele>171.9</ele></trkpt>
      <trkpt lat="54.724469" lon="35.711257"><ele>171.7</ele></trkpt>
      <trkpt lat="54.724616" lon="35.711163"><ele>171.6</ele></trkpt>
      <trkpt lat="54.724738" lon="35.711087"><ele>171.5</ele></trkpt>
      <trkpt lat="54.724913" lon="35.710974"><ele>171.4</ele></trkpt>
      <trkpt lat="54.725217" lon="35.710762"><ele>171.5</ele></trkpt>
      <trkpt lat="54.725454" lon="35.710623"><ele>172.0</ele></trkpt>
      <trkpt lat="54.725669" lon="35.71047"><ele>172.7</ele></trkpt>
      <trkpt lat="54.725931" lon="35.710294"><ele>173.3</ele></trkpt>
      <trkpt lat="54.726081" lon="35.710183"><ele>173.6</ele></trkpt>
      <trkpt lat="54.726252" lon="35.710043"><ele>174.1</ele></trkpt>
      <trkpt lat="54.726428" lon="35.709918"><ele>174.6</ele></trkpt>
      <trkpt lat="54.7265" lon="35.709867"><ele>174.8</ele></trkpt>
      <trkpt lat="54.726706" lon="35.709678"><ele>175.1</ele></trkpt>
      <trkpt lat="54.726911" lon="35.709501"><ele>175.3</ele></trkpt>
      <trkpt lat="54.726944" lon="35.709475"><ele>175.3</ele></trkpt>
      <trkpt lat="54.727131" lon="35.70929"><ele>175.3</ele></trkpt>
      <trkpt lat="54.727459" lon="35.709056"><ele>175.4</ele></trkpt>
      <trkpt lat="54.727693" lon="35.708853"><ele>175.7</ele></trkpt>
      <trkpt lat="54.728064" lon="35.708554"><ele>176.5</ele></trkpt>
      <trkpt lat="54.728122" lon="35.708503"><ele>176.6</ele></trkpt>
      <trkpt lat="54.728329" lon="35.708314"><ele>176.8</ele></trkpt>
      <trkpt lat="54.728527" lon="35.708141"><ele>176.9</ele></trkpt>
      <trkpt lat="54.728728" lon="35.707986"><ele>177.0</ele></trkpt>
      <trkpt lat="54.728921" lon="35.707811"><ele>177.1</ele></trkpt>
      <trkpt lat="54.72895" lon="35.707782"><ele>177.1</ele></trkpt>
      <trkpt lat="54.729164" lon="35.7076"><ele>177.3</ele></trkpt>
      <trkpt lat="54.729438" lon="35.707367"><ele>177.8</ele></trkpt>
      <trkpt lat="54.729624" lon="35.707177"><ele>178.1</ele></trkpt>
      <trkpt lat="54.729651" lon="35.707158"><ele>178.1</ele></trkpt>
      <trkpt lat="54.72991" lon="35.706901"><ele>178.3</ele></trkpt>
      <trkpt lat="54.730107" lon="35.706696"><ele>178.6</ele></trkpt>
      <trkpt lat="54.730134" lon="35.70667"><ele>178.6</ele></trkpt>
      <trkpt lat="54.730297" lon="35.706509"><ele>179.1</ele></trkpt>
      <trkpt lat="54.730503" lon="35.70629"><ele>179.8</ele></trkpt>
      <trkpt lat="54.730608" lon="35.706177"><ele>180.1</ele></trkpt>
      <trkpt lat="54.730684" lon="35.706094"><ele>180.3</ele></trkpt>
      <trkpt lat="54.730907" lon="35.705858"><ele>180.9</ele></trkpt>
      <trkpt lat="54.730934" lon="35.705827"><ele>180.9</ele></trkpt>
      <trkpt lat="54.731193" lon="35.70554"><ele>181.6</ele></trkpt>
      <trkpt lat="54.731251" lon="35.705484"><ele>181.7</ele></trkpt>
      <trkpt lat="54.731408" lon="35.705283"><ele>182.0</ele></trkpt>
      <trkpt lat="54.731654" lon="35.705007"><ele>182.3</ele></trkpt>
      <trkpt lat="54.731769" lon="35.704881"><ele>182.4</ele></trkpt>
      <trkpt lat="54.731819" lon="35.704858"><ele>182.4</ele></trkpt>
      <trkpt lat="54.731828" lon="35.70486"><ele>182.4</ele></trkpt>
      <trkpt lat="54.731831" lon="35.704863"><ele>182.5</ele></trkpt>
      <trkpt lat="54.731831" lon="35.704863"><ele>182.5</ele></trkpt>
      <trkpt lat="54.731847" lon="35.704816"><ele>182.5</ele></trkpt>
      <trkpt lat="54.731853" lon="35.704799"><ele>182.5</ele></trkpt>
      <trkpt lat="54.731861" lon="35.704785"><ele>182.5</ele></trkpt>
      <trkpt lat="54.731888" lon="35.704748"><ele>182.5</ele></trkpt>
      <trkpt lat="54.731921" lon="35.704714"><ele>182.5</ele></trkpt>
      <trkpt lat="54.731952" lon="35.704675"><ele>182.5</ele></trkpt>
      <trkpt lat="54.732113" lon="35.704489"><ele>182.6</ele></trkpt>
      <trkpt lat="54.732371" lon="35.704229"><ele>182.6</ele></trkpt>
      <trkpt lat="54.732598" lon="35.703945"><ele>182.5</ele></trkpt>
      <trkpt lat="54.732787" lon="35.703728"><ele>182.4</ele></trkpt>
      <trkpt lat="54.733045" lon="35.703422"><ele>182.4</ele></trkpt>
      <trkpt lat="54.733189" lon="35.703249"><ele>182.5</ele></trkpt>
      <trkpt lat="54.733334" lon="35.703067"><ele>182.6</ele></trkpt>
      <trkpt lat="54.733459" lon="35.702922"><ele>182.6</ele></trkpt>
      <trkpt lat="54.733503" lon="35.702875"><ele>182.5</ele></trkpt>
      <trkpt lat="54.733536" lon="35.702825"><ele>182.5</ele></trkpt>
      <trkpt lat="54.733657" lon="35.702706"><ele>182.5</ele></trkpt>
      <trkpt lat="54.733859" lon="35.702471"><ele>182.4</ele></trkpt>
      <trkpt lat="54.734081" lon="35.702167"><ele>182.2</ele></trkpt>
      <trkpt lat="54.734314" lon="35.701822"><ele>181.8</ele></trkpt>
      <trkpt lat="54.734548" lon="35.701485"><ele>181.6</ele></trkpt>
      <trkpt lat="54.734763" lon="35.701135"><ele>181.4</ele></trkpt>
      <trkpt lat="54.734821" lon="35.701043"><ele>181.3</ele></trkpt>
      <trkpt lat="54.734941" lon="35.700838"><ele>181.0</ele></trkpt>
      <trkpt lat="54.734969" lon="35.700793"><ele>181.0</ele></trkpt>
      <trkpt lat="54.735134" lon="35.700517"><ele>180.5</ele></trkpt>
      <trkpt lat="54.735405" lon="35.700073"><ele>179.9</ele></trkpt>
      <trkpt lat="54.735458" lon="35.699984"><ele>179.8</ele></trkpt>
      <trkpt lat="54.735577" lon="35.69979"><ele>179.6</ele></trkpt>
      <trkpt lat="54.735758" lon="35.699456"><ele>179.2</ele></trkpt>
      <trkpt lat="54.73593" lon="35.699094"><ele>179.0</ele></trkpt>
      <trkpt lat="54.735954" lon="35.699045"><ele>179.0</ele></trkpt>
      <trkpt lat="54.736001" lon="35.698932"><ele>179.0</ele></trkpt>
      <trkpt lat="54.736109" lon="35.698629"><ele>178.9</ele></trkpt>
      <trkpt lat="54.736152" lon="35.698518"><ele>178.9</ele></trkpt>
      <trkpt lat="54.736232" lon="35.698275"><ele>178.8</ele></trkpt>
      <trkpt lat="54.736366" lon="35.697854"><ele>178.7</ele></trkpt>
      <trkpt lat="54.736519" lon="35.697365"><ele>178.6</ele></trkpt>
      <trkpt lat="54.736631" lon="35.69704"><ele>178.6</ele></trkpt>
      <trkpt lat="54.736702" lon="35.69681"><ele>178.7</ele></trkpt>
      <trkpt lat="54.736797" lon="35.696447"><ele>178.8</ele></trkpt>
      <trkpt lat="54.736922" lon="35.696004"><ele>179.1</ele></trkpt>
      <trkpt lat="54.737076" lon="35.695514"><ele>179.2</ele></trkpt>
      <trkpt lat="54.737248" lon="35.694982"><ele>179.0</ele></trkpt>
      <trkpt lat="54.737371" lon="35.694566"><ele>178.7</ele></trkpt>
      <trkpt lat="54.737527" lon="35.694067"><ele>178.4</ele></trkpt>
      <trkpt lat="54.737656" lon="35.693726"><ele>178.4</ele></trkpt>
      <trkpt lat="54.737779" lon="35.693367"><ele>178.4</ele></trkpt>
      <trkpt lat="54.737956" lon="35.692918"><ele>178.5</ele></trkpt>
      <trkpt lat="54.738143" lon="35.692421"><ele>178.7</ele></trkpt>
      <trkpt lat="54.73833" lon="35.691955"><ele>178.8</ele></trkpt>
      <trkpt lat="54.738522" lon="35.691433"><ele>178.7</ele></trkpt>
      <trkpt lat="54.738686" lon="35.691004"><ele>178.7</ele></trkpt>
      <trkpt lat="54.738867" lon="35.690531"><ele>178.5</ele></trkpt>
      <trkpt lat="54.739034" lon="35.69009"><ele>178.2</ele></trkpt>
      <trkpt lat="54.739172" lon="35.68975"><ele>177.9</ele></trkpt>
      <trkpt lat="54.739274" lon="35.68951"><ele>177.7</ele></trkpt>
      <trkpt lat="54.73937" lon="35.689269"><ele>177.5</ele></trkpt>
      <trkpt lat="54.739612" lon="35.688629"><ele>176.6</ele></trkpt>
      <trkpt lat="54.739689" lon="35.688459"><ele>176.3</ele></trkpt>
      <trkpt lat="54.739713" lon="35.688402"><ele>176.3</ele></trkpt>
      <trkpt lat="54.739787" lon="35.688214"><ele>176.0</ele></trkpt>
      <trkpt lat="54.739816" lon="35.688154"><ele>176.0</ele></trkpt>
      <trkpt lat="54.739894" lon="35.687965"><ele>175.7</ele></trkpt>
      <trkpt lat="54.739955" lon="35.687755"><ele>175.4</ele></trkpt>
      <trkpt lat="54.739978" lon="35.687691"><ele>175.4</ele></trkpt>
      <trkpt lat="54.740074" lon="35.687449"><ele>175.0</ele></trkpt>
      <trkpt lat="54.740142" lon="35.687268"><ele>174.7</ele></trkpt>
      <trkpt lat="54.740237" lon="35.687023"><ele>174.1</ele></trkpt>
      <trkpt lat="54.740295" lon="35.686872"><ele>173.8</ele></trkpt>
      <trkpt lat="54.740331" lon="35.686726"><ele>173.5</ele></trkpt>
      <trkpt lat="54.740339" lon="35.686454"><ele>173.2</ele></trkpt>
      <trkpt lat="54.740328" lon="35.686398"><ele>173.2</ele></trkpt>
      <trkpt lat="54.740268" lon="35.686162"><ele>173.1</ele></trkpt>
      <trkpt lat="54.740128" lon="35.685874"><ele>173.0</ele></trkpt>
      <trkpt lat="54.740109" lon="35.685829"><ele>173.0</ele></trkpt>
      <trkpt lat="54.740014" lon="35.685638"><ele>173.0</ele></trkpt>
      <trkpt lat="54.740001" lon="35.685599"><ele>173.0</ele></trkpt>
      <trkpt lat="54.739865" lon="35.6854"><ele>172.8</ele></trkpt>
      <trkpt lat="54.739794" lon="35.685337"><ele>172.7</ele></trkpt>
      <trkpt lat="54.739662" lon="35.685216"><ele>172.4</ele></trkpt>
      <trkpt lat="54.739426" lon="35.684955"><ele>171.7</ele></trkpt>
      <trkpt lat="54.739288" lon="35.684779"><ele>171.4</ele></trkpt>
      <trkpt lat="54.739138" lon="35.684638"><ele>171.1</ele></trkpt>
      <trkpt lat="54.739034" lon="35.684547"><ele>171.0</ele></trkpt>
      <trkpt lat="54.738686" lon="35.684213"><ele>170.8</ele></trkpt>
      <trkpt lat="54.738454" lon="35.684063"><ele>171.0</ele></trkpt>
      <trkpt lat="54.738262" lon="35.683942"><ele>171.0</ele></trkpt>
      <trkpt lat="54.738088" lon="35.683753"><ele>170.7</ele></trkpt>
      <trkpt lat="54.738012" lon="35.683486"><ele>170.3</ele></trkpt>
      <trkpt lat="54.737986" lon="35.683166"><ele>169.5</ele></trkpt>
      <trkpt lat="54.737984" lon="35.683097"><ele>169.3</ele></trkpt>
      <trkpt lat="54.737966" lon="35.682734"><ele>168.3</ele></trkpt>
      <trkpt lat="54.737956" lon="35.682447"><ele>167.7</ele></trkpt>
      <trkpt lat="54.737947" lon="35.682184"><ele>167.4</ele></trkpt>
      <trkpt lat="54.737947" lon="35.682057"><ele>167.4</ele></trkpt>
      <trkpt lat="54.737941" lon="35.681796"><ele>167.6</ele></trkpt>
      <trkpt lat="54.73794" lon="35.681753"><ele>167.6</ele></trkpt>
      <trkpt lat="54.737924" lon="35.681516"><ele>167.9</ele></trkpt>
      <trkpt lat="54.737809" lon="35.681197"><ele>167.9</ele></trkpt>
      <trkpt lat="54.737727" lon="35.68099"><ele>167.9</ele></trkpt>
      <trkpt lat="54.737753" lon="35.681021"><ele>167.9</ele></trkpt>
      <trkpt lat="54.737768" lon="35.681053"><ele>167.9</ele></trkpt>
      <trkpt lat="54.737772" lon="35.681071"><ele>167.9</ele></trkpt>
      <trkpt lat="54.73779" lon="35.681128"><ele>167.9</ele></trkpt>
      <trkpt lat="54.737802" lon="35.681156"><ele>167.9</ele></trkpt>
      <trkpt lat="54.737807" lon="35.681168"><ele>167.9</ele></trkpt>
      <trkpt lat="54.737811" lon="35.681182"><ele>167.9</ele></trkpt>
      <trkpt lat="54.737826" lon="35.681223"><ele>167.9</ele></trkpt>
      <trkpt lat="54.737831" lon="35.681237"><ele>167.9</ele></trkpt>
      <trkpt lat="54.737891" lon="35.681387"><ele>168.0</ele></trkpt>
      <trkpt lat="54.737961" lon="35.681445"><ele>168.1</ele></trkpt>
      <trkpt lat="54.737966" lon="35.681435"><ele>168.1</ele></trkpt>
      <trkpt lat="54.738033" lon="35.681241"><ele>168.5</ele></trkpt>
      <trkpt lat="54.738127" lon="35.681051"><ele>169.0</ele></trkpt>
      <trkpt lat="54.738286" lon="35.680748"><ele>169.6</ele></trkpt>
      <trkpt lat="54.73839" lon="35.680449"><ele>169.7</ele></trkpt>
      <trkpt lat="54.738401" lon="35.680392"><ele>169.7</ele></trkpt>
      <trkpt lat="54.738465" lon="35.679833"><ele>169.3</ele></trkpt>
      <trkpt lat="54.73851" lon="35.679215"><ele>169.0</ele></trkpt>
      <trkpt lat="54.738536" lon="35.678654"><ele>168.7</ele></trkpt>
      <trkpt lat="54.738549" lon="35.678216"><ele>168.2</ele></trkpt>
      <trkpt lat="54.738548" lon="35.678156"><ele>168.2</ele></trkpt>
      <trkpt lat="54.738545" lon="35.677651"><ele>167.7</ele></trkpt>
      <trkpt lat="54.738536" lon="35.677505"><ele>167.6</ele></trkpt>
      <trkpt lat="54.738455" lon="35.677049"><ele>167.3</ele></trkpt>
      <trkpt lat="54.738357" lon="35.676755"><ele>167.1</ele></trkpt>
      <trkpt lat="54.738309" lon="35.676644"><ele>167.0</ele></trkpt>
      <trkpt lat="54.738058" lon="35.676175"><ele>166.4</ele></trkpt>
      <trkpt lat="54.737794" lon="35.675731"><ele>165.7</ele></trkpt>
      <trkpt lat="54.737769" lon="35.675686"><ele>165.6</ele></trkpt>
      <trkpt lat="54.73763" lon="35.675434"><ele>165.1</ele></trkpt>
      <trkpt lat="54.73752" lon="35.675226"><ele>164.8</ele></trkpt>
      <trkpt lat="54.737447" lon="35.675089"><ele>164.6</ele></trkpt>
      <trkpt lat="54.737305" lon="35.674856"><ele>164.2</ele></trkpt>
      <trkpt lat="54.737283" lon="35.674811"><ele>164.1</ele></trkpt>
      <trkpt lat="54.737165" lon="35.674576"><ele>163.7</ele></trkpt>
      <trkpt lat="54.737093" lon="35.674435"><ele>163.4</ele></trkpt>
      <trkpt lat="54.737064" lon="35.674373"><ele>163.3</ele></trkpt>
      <trkpt lat="54.737003" lon="35.674262"><ele>163.1</ele></trkpt>
      <trkpt lat="54.736817" lon="35.673876"><ele>162.1</ele></trkpt>
      <trkpt lat="54.73678" lon="35.67381"><ele>161.8</ele></trkpt>
      <trkpt lat="54.736629" lon="35.673526"><ele>160.7</ele></trkpt>
      <trkpt lat="54.736405" lon="35.673082"><ele>158.7</ele></trkpt>
      <trkpt lat="54.736387" lon="35.673041"><ele>158.6</ele></trkpt>
      <trkpt lat="54.736307" lon="35.672875"><ele>157.9</ele></trkpt>
      <trkpt lat="54.736144" lon="35.672521"><ele>156.4</ele></trkpt>
      <trkpt lat="54.736111" lon="35.672455"><ele>156.1</ele></trkpt>
      <trkpt lat="54.735991" lon="35.672232"><ele>155.0</ele></trkpt>
      <trkpt lat="54.735931" lon="35.672116"><ele>154.4</ele></trkpt>
      <trkpt lat="54.735904" lon="35.672059"><ele>154.1</ele></trkpt>
      <trkpt lat="54.735885" lon="35.672016"><ele>153.8</ele></trkpt>
      <trkpt lat="54.735795" lon="35.671819"><ele>152.8</ele></trkpt>
      <trkpt lat="54.735757" lon="35.671753"><ele>152.4</ele></trkpt>
      <trkpt lat="54.735714" lon="35.671665"><ele>151.9</ele></trkpt>
      <trkpt lat="54.73569" lon="35.67161"><ele>151.5</ele></trkpt>
      <trkpt lat="54.735602" lon="35.671458"><ele>150.6</ele></trkpt>
      <trkpt lat="54.735575" lon="35.671412"><ele>150.3</ele></trkpt>
      <trkpt lat="54.735495" lon="35.671252"><ele>149.5</ele></trkpt>
      <trkpt lat="54.735425" lon="35.671112"><ele>148.7</ele></trkpt>
      <trkpt lat="54.735404" lon="35.671059"><ele>148.4</ele></trkpt>
      <trkpt lat="54.735349" lon="35.670943"><ele>147.7</ele></trkpt>
      <trkpt lat="54.735253" lon="35.670753"><ele>146.7</ele></trkpt>
      <trkpt lat="54.735223" lon="35.670698"><ele>146.4</ele></trkpt>
      <trkpt lat="54.735118" lon="35.670456"><ele>145.3</ele></trkpt>
      <trkpt lat="54.735087" lon="35.670378"><ele>144.9</ele></trkpt>
      <trkpt lat="54.735031" lon="35.670257"><ele>144.5</ele></trkpt>
      <trkpt lat="54.734999" lon="35.670191"><ele>144.3</ele></trkpt>
      <trkpt lat="54.73487" lon="35.669921"><ele>143.6</ele></trkpt>
      <trkpt lat="54.734817" lon="35.669801"><ele>143.5</ele></trkpt>
      <trkpt lat="54.734755" lon="35.669669"><ele>143.5</ele></trkpt>
      <trkpt lat="54.734651" lon="35.669467"><ele>143.8</ele></trkpt>
      <trkpt lat="54.734505" lon="35.669177"><ele>144.7</ele></trkpt>
      <trkpt lat="54.734422" lon="35.669002"><ele>145.3</ele></trkpt>
      <trkpt lat="54.734322" lon="35.668795"><ele>146.0</ele></trkpt>
      <trkpt lat="54.734209" lon="35.668543"><ele>146.7</ele></trkpt>
      <trkpt lat="54.734168" lon="35.668467"><ele>146.9</ele></trkpt>
      <trkpt lat="54.734032" lon="35.668176"><ele>147.7</ele></trkpt>
      <trkpt lat="54.734" lon="35.668093"><ele>147.9</ele></trkpt>
      <trkpt lat="54.733909" lon="35.667922"><ele>148.3</ele></trkpt>
      <trkpt lat="54.733881" lon="35.667853"><ele>148.4</ele></trkpt>
      <trkpt lat="54.73384" lon="35.667819"><ele>148.5</ele></trkpt>
      <trkpt lat="54.733746" lon="35.667611"><ele>149.0</ele></trkpt>
      <trkpt lat="54.733603" lon="35.667294"><ele>149.8</ele></trkpt>
      <trkpt lat="54.733448" lon="35.666977"><ele>150.7</ele></trkpt>
      <trkpt lat="54.733411" lon="35.666908"><ele>150.9</ele></trkpt>
      <trkpt lat="54.733286" lon="35.66665"><ele>151.7</ele></trkpt>
      <trkpt lat="54.733253" lon="35.666587"><ele>151.9</ele></trkpt>
      <trkpt lat="54.733165" lon="35.666388"><ele>152.6</ele></trkpt>
      <trkpt lat="54.733137" lon="35.666326"><ele>152.9</ele></trkpt>
      <trkpt lat="54.733129" lon="35.666302"><ele>152.9</ele></trkpt>
      <trkpt lat="54.733044" lon="35.666123"><ele>153.6</ele></trkpt>
      <trkpt lat="54.732979" lon="35.665996"><ele>154.2</ele></trkpt>
      <trkpt lat="54.732897" lon="35.665842"><ele>154.7</ele></trkpt>
      <trkpt lat="54.732842" lon="35.665733"><ele>155.1</ele></trkpt>
      <trkpt lat="54.732777" lon="35.665564"><ele>155.7</ele></trkpt>
      <trkpt lat="54.732684" lon="35.665356"><ele>156.3</ele></trkpt>
      <trkpt lat="54.732673" lon="35.665328"><ele>156.4</ele></trkpt>
      <trkpt lat="54.732549" lon="35.665087"><ele>157.1</ele></trkpt>
      <trkpt lat="54.732428" lon="35.66484"><ele>157.8</ele></trkpt>
      <trkpt lat="54.732346" lon="35.664687"><ele>158.3</ele></trkpt>
      <trkpt lat="54.732329" lon="35.664659"><ele>158.4</ele></trkpt>
      <trkpt lat="54.732214" lon="35.664402"><ele>159.2</ele></trkpt>
      <trkpt lat="54.732197" lon="35.66437"><ele>159.3</ele></trkpt>
      <trkpt lat="54.732106" lon="35.664198"><ele>159.7</ele></trkpt>
      <trkpt lat="54.732014" lon="35.664023"><ele>160.1</ele></trkpt>
      <trkpt lat="54.731999" lon="35.663989"><ele>160.2</ele></trkpt>
      <trkpt lat="54.731933" lon="35.663843"><ele>160.5</ele></trkpt>
      <trkpt lat="54.731919" lon="35.663821"><ele>160.6</ele></trkpt>
      <trkpt lat="54.731867" lon="35.663703"><ele>160.8</ele></trkpt>
      <trkpt lat="54.73177" lon="35.663511"><ele>161.2</ele></trkpt>
      <trkpt lat="54.731652" lon="35.66326"><ele>161.8</ele></trkpt>
      <trkpt lat="54.731485" lon="35.66291"><ele>162.2</ele></trkpt>
      <trkpt lat="54.731465" lon="35.662865"><ele>162.3</ele></trkpt>
      <trkpt lat="54.731372" lon="35.662583"><ele>162.7</ele></trkpt>
      <trkpt lat="54.731328" lon="35.662296"><ele>163.0</ele></trkpt>
      <trkpt lat="54.731382" lon="35.662038"><ele>163.2</ele></trkpt>
      <trkpt lat="54.731479" lon="35.661797"><ele>163.4</ele></trkpt>
      <trkpt lat="54.731547" lon="35.661683"><ele>163.6</ele></trkpt>
      <trkpt lat="54.731775" lon="35.661332"><ele>164.0</ele></trkpt>
      <trkpt lat="54.731953" lon="35.661064"><ele>164.3</ele></trkpt>
      <trkpt lat="54.732004" lon="35.660985"><ele>164.4</ele></trkpt>
      <trkpt lat="54.732174" lon="35.660727"><ele>164.7</ele></trkpt>
      <trkpt lat="54.732199" lon="35.660693"><ele>164.7</ele></trkpt>
      <trkpt lat="54.732383" lon="35.660401"><ele>165.1</ele></trkpt>
      <trkpt lat="54.732412" lon="35.660359"><ele>165.1</ele></trkpt>
      <trkpt lat="54.732609" lon="35.660036"><ele>165.5</ele></trkpt>
      <trkpt lat="54.732792" lon="35.659749"><ele>165.8</ele></trkpt>
      <trkpt lat="54.733017" lon="35.65941"><ele>166.2</ele></trkpt>
      <trkpt lat="54.733116" lon="35.659265"><ele>166.3</ele></trkpt>
      <trkpt lat="54.733182" lon="35.65918"><ele>166.4</ele></trkpt>
      <trkpt lat="54.733224" lon="35.65913"><ele>166.4</ele></trkpt>
      <trkpt lat="54.733268" lon="35.659059"><ele>166.5</ele></trkpt>
      <trkpt lat="54.73328" lon="35.659028"><ele>166.5</ele></trkpt>
      <trkpt lat="54.733285" lon="35.65902"><ele>166.5</ele></trkpt>
      <trkpt lat="54.733284" lon="35.658985"><ele>166.5</ele></trkpt>
      <trkpt lat="54.733292" lon="35.658975"><ele>166.6</ele></trkpt>
      <trkpt lat="54.733328" lon="35.658943"><ele>166.6</ele></trkpt>
      <trkpt lat="54.733395" lon="35.658866"><ele>166.7</ele></trkpt>
      <trkpt lat="54.733599" lon="35.658637"><ele>166.9</ele></trkpt>
      <trkpt lat="54.733869" lon="35.658358"><ele>167.0</ele></trkpt>
      <trkpt lat="54.734113" lon="35.658103"><ele>167.0</ele></trkpt>
      <trkpt lat="54.734384" lon="35.657837"><ele>167.1</ele></trkpt>
      <trkpt lat="54.734702" lon="35.657512"><ele>167.2</ele></trkpt>
      <trkpt lat="54.734878" lon="35.657333"><ele>167.2</ele></trkpt>
      <trkpt lat="54.734966" lon="35.657239"><ele>167.2</ele></trkpt>
      <trkpt lat="54.735142" lon="35.657044"><ele>167.2</ele></trkpt>
      <trkpt lat="54.735407" lon="35.656772"><ele>167.3</ele></trkpt>
      <trkpt lat="54.735698" lon="35.656471"><ele>167.5</ele></trkpt>
      <trkpt lat="54.735939" lon="35.656214"><ele>167.9</ele></trkpt>
      <trkpt lat="54.736173" lon="35.655975"><ele>168.3</ele></trkpt>
      <trkpt lat="54.736442" lon="35.655691"><ele>168.7</ele></trkpt>
      <trkpt lat="54.736511" lon="35.655616"><ele>168.7</ele></trkpt>
      <trkpt lat="54.736728" lon="35.655364"><ele>168.7</ele></trkpt>
      <trkpt lat="54.737061" lon="35.654905"><ele>168.5</ele></trkpt>
      <trkpt lat="54.737305" lon="35.654565"><ele>168.3</ele></trkpt>
      <trkpt lat="54.737634" lon="35.654127"><ele>168.3</ele></trkpt>
      <trkpt lat="54.737763" lon="35.653966"><ele>168.3</ele></trkpt>
      <trkpt lat="54.737929" lon="35.65374"><ele>168.5</ele></trkpt>
      <trkpt lat="54.738165" lon="35.653391"><ele>169.1</ele></trkpt>
      <trkpt lat="54.738369" lon="35.653123"><ele>169.4</ele></trkpt>
      <trkpt lat="54.738623" lon="35.652809"><ele>169.7</ele></trkpt>
      <trkpt lat="54.738648" lon="35.652776"><ele>169.7</ele></trkpt>
      <trkpt lat="54.738986" lon="35.652335"><ele>169.9</ele></trkpt>
      <trkpt lat="54.739205" lon="35.652073"><ele>170.2</ele></trkpt>
      <trkpt lat="54.739376" lon="35.651871"><ele>170.7</ele></trkpt>
      <trkpt lat="54.739566" lon="35.651653"><ele>171.3</ele></trkpt>
      <trkpt lat="54.73959" lon="35.651628"><ele>171.4</ele></trkpt>
      <trkpt lat="54.739791" lon="35.651444"><ele>171.9</ele></trkpt>
      <trkpt lat="54.739894" lon="35.651348"><ele>172.1</ele></trkpt>
      <trkpt lat="54.740026" lon="35.651211"><ele>172.3</ele></trkpt>
      <trkpt lat="54.740323" lon="35.650915"><ele>172.5</ele></trkpt>
      <trkpt lat="54.740635" lon="35.650553"><ele>172.4</ele></trkpt>
      <trkpt lat="54.74088" lon="35.650269"><ele>172.2</ele></trkpt>
      <trkpt lat="54.741093" lon="35.649989"><ele>172.1</ele></trkpt>
      <trkpt lat="54.741255" lon="35.649773"><ele>172.0</ele></trkpt>
      <trkpt lat="54.741494" lon="35.649486"><ele>172.0</ele></trkpt>
      <trkpt lat="54.741512" lon="35.649449"><ele>172.0</ele></trkpt>
      <trkpt lat="54.741568" lon="35.649355"><ele>172.0</ele></trkpt>
      <trkpt lat="54.741733" lon="35.649111"><ele>172.0</ele></trkpt>
      <trkpt lat="54.742019" lon="35.648667"><ele>171.7</ele></trkpt>
      <trkpt lat="54.742089" lon="35.648546"><ele>171.6</ele></trkpt>
      <trkpt lat="54.742227" lon="35.648373"><ele>171.4</ele></trkpt>
      <trkpt lat="54.74246" lon="35.647984"><ele>171.1</ele></trkpt>
      <trkpt lat="54.742768" lon="35.647499"><ele>171.1</ele></trkpt>
      <trkpt lat="54.742982" lon="35.647125"><ele>170.9</ele></trkpt>
      <trkpt lat="54.743267" lon="35.646595"><ele>170.7</ele></trkpt>
      <trkpt lat="54.743316" lon="35.646509"><ele>170.6</ele></trkpt>
      <trkpt lat="54.743412" lon="35.646316"><ele>170.5</ele></trkpt>
      <trkpt lat="54.74362" lon="35.645937"><ele>170.3</ele></trkpt>
      <trkpt lat="54.743839" lon="35.645524"><ele>170.2</ele></trkpt>
      <trkpt lat="54.743966" lon="35.645269"><ele>170.3</ele></trkpt>
      <trkpt lat="54.744135" lon="35.644972"><ele>170.5</ele></trkpt>
      <trkpt lat="54.744314" lon="35.644611"><ele>170.5</ele></trkpt>
      <trkpt lat="54.744463" lon="35.644299"><ele>170.6</ele></trkpt>
      <trkpt lat="54.744604" lon="35.644051"><ele>170.5</ele></trkpt>
      <trkpt lat="54.744763" lon="35.64377"><ele>170.5</ele></trkpt>
      <trkpt lat="54.744933" lon="35.643424"><ele>170.3</ele></trkpt>
      <trkpt lat="54.745037" lon="35.643191"><ele>170.2</ele></trkpt>
      <trkpt lat="54.745187" lon="35.642911"><ele>170.1</ele></trkpt>
      <trkpt lat="54.745315" lon="35.64267"><ele>170.0</ele></trkpt>
      <trkpt lat="54.745443" lon="35.642396"><ele>169.9</ele></trkpt>
      <trkpt lat="54.745583" lon="35.642134"><ele>169.8</ele></trkpt>
      <trkpt lat="54.745683" lon="35.641809"><ele>169.7</ele></trkpt>
      <trkpt lat="54.745693" lon="35.641611"><ele>169.8</ele></trkpt>
      <trkpt lat="54.745688" lon="35.641572"><ele>169.9</ele></trkpt>
      <trkpt lat="54.745626" lon="35.641292"><ele>170.2</ele></trkpt>
      <trkpt lat="54.745578" lon="35.641083"><ele>170.5</ele></trkpt>
      <trkpt lat="54.745548" lon="35.640875"><ele>170.7</ele></trkpt>
      <trkpt lat="54.745521" lon="35.640776"><ele>170.8</ele></trkpt>
      <trkpt lat="54.74549" lon="35.640647"><ele>170.9</ele></trkpt>
      <trkpt lat="54.745448" lon="35.640314"><ele>171.2</ele></trkpt>
      <trkpt lat="54.745431" lon="35.640231"><ele>171.2</ele></trkpt>
      <trkpt lat="54.745391" lon="35.640105"><ele>171.3</ele></trkpt>
      <trkpt lat="54.745372" lon="35.639889"><ele>171.4</ele></trkpt>
      <trkpt lat="54.745376" lon="35.63985"><ele>171.4</ele></trkpt>
      <trkpt lat="54.745369" lon="35.639796"><ele>171.4</ele></trkpt>
      <trkpt lat="54.745361" lon="35.639765"><ele>171.4</ele></trkpt>
      <trkpt lat="54.745331" lon="35.639686"><ele>171.5</ele></trkpt>
      <trkpt lat="54.745316" lon="35.639622"><ele>171.5</ele></trkpt>
      <trkpt lat="54.745262" lon="35.639311"><ele>171.5</ele></trkpt>
      <trkpt lat="54.74518" lon="35.639023"><ele>171.4</ele></trkpt>
      <trkpt lat="54.745083" lon="35.638773"><ele>171.3</ele></trkpt>
      <trkpt lat="54.744976" lon="35.638493"><ele>170.8</ele></trkpt>
      <trkpt lat="54.744953" lon="35.638445"><ele>170.7</ele></trkpt>
      <trkpt lat="54.744875" lon="35.638182"><ele>170.2</ele></trkpt>
      <trkpt lat="54.744705" lon="35.637825"><ele>169.4</ele></trkpt>
      <trkpt lat="54.744647" lon="35.637727"><ele>169.2</ele></trkpt>
      <trkpt lat="54.744589" lon="35.637614"><ele>168.8</ele></trkpt>
      <trkpt lat="54.744575" lon="35.637559"><ele>168.7</ele></trkpt>
      <trkpt lat="54.744573" lon="35.637544"><ele>168.6</ele></trkpt>
      <trkpt lat="54.744573" lon="35.637539"><ele>168.6</ele></trkpt>
      <trkpt lat="54.744533" lon="35.637501"><ele>168.4</ele></trkpt>
      <trkpt lat="54.744502" lon="35.63747"><ele>168.3</ele></trkpt>
      <trkpt lat="54.744486" lon="35.637438"><ele>168.1</ele></trkpt>
      <trkpt lat="54.744472" lon="35.637411"><ele>168.0</ele></trkpt>
      <trkpt lat="54.744471" lon="35.637395"><ele>168.0</ele></trkpt>
      <trkpt lat="54.744583" lon="35.637581"><ele>168.7</ele></trkpt>
      <trkpt lat="54.744651" lon="35.637746"><ele>169.2</ele></trkpt>
      <trkpt lat="54.744745" lon="35.637914"><ele>169.6</ele></trkpt>
      <trkpt lat="54.744823" lon="35.638088"><ele>170.0</ele></trkpt>
      <trkpt lat="54.744862" lon="35.638164"><ele>170.1</ele></trkpt>
      <trkpt lat="54.74489" lon="35.638239"><ele>170.3</ele></trkpt>
      <trkpt lat="54.744977" lon="35.638469"><ele>170.8</ele></trkpt>
      <trkpt lat="54.745031" lon="35.638628"><ele>171.0</ele></trkpt>
      <trkpt lat="54.745038" lon="35.638646"><ele>171.1</ele></trkpt>
      <trkpt lat="54.745114" lon="35.638841"><ele>171.3</ele></trkpt>
      <trkpt lat="54.745204" lon="35.639084"><ele>171.4</ele></trkpt>
      <trkpt lat="54.745274" lon="35.639296"><ele>171.5</ele></trkpt>
      <trkpt lat="54.745295" lon="35.639491"><ele>171.5</ele></trkpt>
      <trkpt lat="54.745317" lon="35.639679"><ele>171.5</ele></trkpt>
      <trkpt lat="54.745345" lon="35.639842"><ele>171.4</ele></trkpt>
      <trkpt lat="54.745418" lon="35.640016"><ele>171.3</ele></trkpt>
      <trkpt lat="54.74548" lon="35.640223"><ele>171.2</ele></trkpt>
      <trkpt lat="54.745508" lon="35.640273"><ele>171.2</ele></trkpt>
      <trkpt lat="54.745512" lon="35.640271"><ele>171.2</ele></trkpt>
      <trkpt lat="54.745515" lon="35.640273"><ele>171.2</ele></trkpt>
      <trkpt lat="54.745513" lon="35.640275"><ele>171.2</ele></trkpt>
      <trkpt lat="54.7455" lon="35.640327"><ele>171.2</ele></trkpt>
      <trkpt lat="54.745505" lon="35.640459"><ele>171.1</ele></trkpt>
      <trkpt lat="54.745537" lon="35.640704"><ele>170.8</ele></trkpt>
      <trkpt lat="54.745573" lon="35.64091"><ele>170.6</ele></trkpt>
      <trkpt lat="54.745618" lon="35.641156"><ele>170.4</ele></trkpt>
      <trkpt lat="54.745658" lon="35.641355"><ele>170.1</ele></trkpt>
      <trkpt lat="54.745665" lon="35.641375"><ele>170.1</ele></trkpt>
      <trkpt lat="54.74569" lon="35.641507"><ele>169.9</ele></trkpt>
      <trkpt lat="54.745698" lon="35.641539"><ele>169.9</ele></trkpt>
      <trkpt lat="54.745701" lon="35.641553"><ele>169.9</ele></trkpt>
      <trkpt lat="54.745716" lon="35.641632"><ele>169.8</ele></trkpt>
      <trkpt lat="54.745773" lon="35.641847"><ele>169.5</ele></trkpt>
      <trkpt lat="54.745803" lon="35.641993"><ele>169.3</ele></trkpt>
      <trkpt lat="54.745824" lon="35.642074"><ele>169.2</ele></trkpt>
      <trkpt lat="54.745897" lon="35.642327"><ele>168.6</ele></trkpt>
      <trkpt lat="54.745961" lon="35.642587"><ele>168.0</ele></trkpt>
      <trkpt lat="54.746021" lon="35.642796"><ele>167.5</ele></trkpt>
      <trkpt lat="54.746082" lon="35.643008"><ele>167.1</ele></trkpt>
      <trkpt lat="54.746087" lon="35.64304"><ele>167.0</ele></trkpt>
      <trkpt lat="54.746087" lon="35.643048"><ele>167.0</ele></trkpt>
      <trkpt lat="54.746104" lon="35.643077"><ele>166.9</ele></trkpt>
      <trkpt lat="54.746135" lon="35.643095"><ele>166.8</ele></trkpt>
      <trkpt lat="54.746236" lon="35.643073"><ele>166.6</ele></trkpt>
      <trkpt lat="54.746248" lon="35.643055"><ele>166.6</ele></trkpt>
      <trkpt lat="54.746298" lon="35.642961"><ele>166.6</ele></trkpt>
      <trkpt lat="54.746353" lon="35.642847"><ele>166.5</ele></trkpt>
      <trkpt lat="54.746473" lon="35.642587"><ele>166.4</ele></trkpt>
      <trkpt lat="54.746551" lon="35.642406"><ele>166.3</ele></trkpt>
      <trkpt lat="54.746638" lon="35.642199"><ele>166.3</ele></trkpt>
      <trkpt lat="54.746717" lon="35.642048"><ele>166.3</ele></trkpt>
      <trkpt lat="54.746795" lon="35.641898"><ele>166.2</ele></trkpt>
      <trkpt lat="54.746883" lon="35.641739"><ele>166.2</ele></trkpt>
      <trkpt lat="54.74693" lon="35.641705"><ele>166.2</ele></trkpt>
      <trkpt lat="54.746936" lon="35.641713"><ele>166.2</ele></trkpt>
      <trkpt lat="54.74695" lon="35.641736"><ele>166.1</ele></trkpt>
      <trkpt lat="54.746944" lon="35.641738"><ele>166.1</ele></trkpt>
      <trkpt lat="54.746941" lon="35.641725"><ele>166.1</ele></trkpt>
      <trkpt lat="54.746937" lon="35.64164"><ele>166.1</ele></trkpt>
      <trkpt lat="54.746962" lon="35.641545"><ele>166.0</ele></trkpt>
      <trkpt lat="54.747009" lon="35.64143"><ele>165.7</ele></trkpt>
      <trkpt lat="54.74707" lon="35.641277"><ele>165.2</ele></trkpt>
      <trkpt lat="54.747072" lon="35.641271"><ele>165.2</ele></trkpt>
      <trkpt lat="54.747088" lon="35.641268"><ele>165.1</ele></trkpt>
      <trkpt lat="54.747103" lon="35.641208"><ele>164.9</ele></trkpt>
      <trkpt lat="54.74719" lon="35.640952"><ele>163.7</ele></trkpt>
      <trkpt lat="54.747318" lon="35.64061"><ele>161.9</ele></trkpt>
      <trkpt lat="54.747355" lon="35.640505"><ele>161.4</ele></trkpt>
      <trkpt lat="54.747513" lon="35.640066"><ele>159.2</ele></trkpt>
      <trkpt lat="54.747642" lon="35.639736"><ele>157.2</ele></trkpt>
      <trkpt lat="54.747729" lon="35.639502"><ele>155.8</ele></trkpt>
      <trkpt lat="54.747861" lon="35.639147"><ele>153.5</ele></trkpt>
      <trkpt lat="54.747955" lon="35.638904"><ele>151.7</ele></trkpt>
      <trkpt lat="54.748054" lon="35.638656"><ele>149.8</ele></trkpt>
      <trkpt lat="54.74816" lon="35.638378"><ele>147.5</ele></trkpt>
      <trkpt lat="54.748256" lon="35.638115"><ele>145.4</ele></trkpt>
      <trkpt lat="54.748361" lon="35.63783"><ele>143.3</ele></trkpt>
      <trkpt lat="54.748453" lon="35.637601"><ele>141.6</ele></trkpt>
      <trkpt lat="54.748501" lon="35.637476"><ele>140.6</ele></trkpt>
      <trkpt lat="54.748548" lon="35.637351"><ele>139.7</ele></trkpt>
      <trkpt lat="54.748594" lon="35.637221"><ele>138.9</ele></trkpt>
      <trkpt lat="54.748638" lon="35.637086"><ele>138.0</ele></trkpt>
      <trkpt lat="54.748684" lon="35.636955"><ele>137.3</ele></trkpt>
      <trkpt lat="54.748732" lon="35.636828"><ele>136.7</ele></trkpt>
      <trkpt lat="54.748781" lon="35.636703"><ele>136.1</ele></trkpt>
      <trkpt lat="54.748877" lon="35.636458"><ele>135.3</ele></trkpt>
      <trkpt lat="54.748918" lon="35.636344"><ele>135.1</ele></trkpt>
      <trkpt lat="54.748955" lon="35.636238"><ele>134.9</ele></trkpt>
      <trkpt lat="54.748996" lon="35.636121"><ele>134.8</ele></trkpt>
      <trkpt lat="54.749022" lon="35.636045"><ele>134.8</ele></trkpt>
      <trkpt lat="54.749066" lon="35.635935"><ele>134.7</ele></trkpt>
      <trkpt lat="54.749132" lon="35.635779"><ele>134.7</ele></trkpt>
      <trkpt lat="54.749203" lon="35.635599"><ele>134.6</ele></trkpt>
      <trkpt lat="54.749228" lon="35.635536"><ele>134.6</ele></trkpt>
      <trkpt lat="54.749378" lon="35.635176"><ele>134.4</ele></trkpt>
      <trkpt lat="54.749645" lon="35.634539"><ele>134.2</ele></trkpt>
      <trkpt lat="54.749881" lon="35.633963"><ele>133.8</ele></trkpt>
      <trkpt lat="54.750006" lon="35.633657"><ele>133.7</ele></trkpt>
      <trkpt lat="54.750282" lon="35.632966"><ele>133.9</ele></trkpt>
      <trkpt lat="54.750538" lon="35.632324"><ele>135.4</ele></trkpt>
      <trkpt lat="54.750677" lon="35.631976"><ele>136.3</ele></trkpt>
      <trkpt lat="54.75073" lon="35.631861"><ele>136.7</ele></trkpt>
      <trkpt lat="54.750852" lon="35.631566"><ele>137.7</ele></trkpt>
      <trkpt lat="54.750879" lon="35.631512"><ele>137.9</ele></trkpt>
      <trkpt lat="54.750944" lon="35.631347"><ele>138.5</ele></trkpt>
      <trkpt lat="54.751003" lon="35.631194"><ele>138.9</ele></trkpt>
      <trkpt lat="54.751023" lon="35.631151"><ele>139.1</ele></trkpt>
      <trkpt lat="54.751087" lon="35.630999"><ele>139.5</ele></trkpt>
      <trkpt lat="54.751111" lon="35.630938"><ele>139.7</ele></trkpt>
      <trkpt lat="54.751178" lon="35.630761"><ele>140.3</ele></trkpt>
      <trkpt lat="54.751286" lon="35.630462"><ele>141.2</ele></trkpt>
      <trkpt lat="54.751435" lon="35.630023"><ele>142.3</ele></trkpt>
      <trkpt lat="54.751455" lon="35.62997"><ele>142.5</ele></trkpt>
      <trkpt lat="54.751561" lon="35.629632"><ele>143.4</ele></trkpt>
      <trkpt lat="54.751603" lon="35.629531"><ele>143.5</ele></trkpt>
      <trkpt lat="54.751675" lon="35.629341"><ele>143.8</ele></trkpt>
      <trkpt lat="54.751774" lon="35.62907"><ele>143.9</ele></trkpt>
      <trkpt lat="54.751813" lon="35.628953"><ele>144.0</ele></trkpt>
      <trkpt lat="54.7519" lon="35.628693"><ele>144.1</ele></trkpt>
      <trkpt lat="54.752002" lon="35.62842"><ele>144.3</ele></trkpt>
      <trkpt lat="54.752111" lon="35.628144"><ele>144.6</ele></trkpt>
      <trkpt lat="54.752157" lon="35.627986"><ele>144.8</ele></trkpt>
      <trkpt lat="54.752186" lon="35.627897"><ele>144.9</ele></trkpt>
      <trkpt lat="54.752243" lon="35.627753"><ele>145.2</ele></trkpt>
      <trkpt lat="54.75233" lon="35.627516"><ele>145.5</ele></trkpt>
      <trkpt lat="54.752456" lon="35.627186"><ele>145.8</ele></trkpt>
      <trkpt lat="54.752564" lon="35.626897"><ele>146.2</ele></trkpt>
      <trkpt lat="54.752642" lon="35.626684"><ele>146.3</ele></trkpt>
      <trkpt lat="54.752729" lon="35.626461"><ele>146.5</ele></trkpt>
      <trkpt lat="54.752842" lon="35.626153"><ele>146.9</ele></trkpt>
      <trkpt lat="54.752992" lon="35.625805"><ele>147.2</ele></trkpt>
      <trkpt lat="54.753219" lon="35.62524"><ele>147.9</ele></trkpt>
      <trkpt lat="54.753315" lon="35.625021"><ele>148.2</ele></trkpt>
      <trkpt lat="54.753486" lon="35.624618"><ele>148.5</ele></trkpt>
      <trkpt lat="54.753655" lon="35.624224"><ele>148.7</ele></trkpt>
      <trkpt lat="54.753676" lon="35.624178"><ele>148.7</ele></trkpt>
      <trkpt lat="54.75389" lon="35.623687"><ele>148.8</ele></trkpt>
      <trkpt lat="54.754125" lon="35.623147"><ele>148.9</ele></trkpt>
      <trkpt lat="54.754182" lon="35.622985"><ele>148.9</ele></trkpt>
      <trkpt lat="54.754191" lon="35.622979"><ele>148.9</ele></trkpt>
      <trkpt lat="54.754192" lon="35.622977"><ele>148.9</ele></trkpt>
      <trkpt lat="54.754194" lon="35.622968"><ele>148.9</ele></trkpt>
      <trkpt lat="54.75421" lon="35.622932"><ele>148.9</ele></trkpt>
      <trkpt lat="54.754269" lon="35.622713"><ele>148.7</ele></trkpt>
      <trkpt lat="54.754314" lon="35.622396"><ele>148.3</ele></trkpt>
      <trkpt lat="54.754325" lon="35.622263"><ele>148.2</ele></trkpt>
      <trkpt lat="54.754322" lon="35.622085"><ele>147.9</ele></trkpt>
      <trkpt lat="54.75431" lon="35.62192"><ele>147.7</ele></trkpt>
      <trkpt lat="54.754217" lon="35.621359"><ele>146.8</ele></trkpt>
      <trkpt lat="54.754088" lon="35.620737"><ele>144.3</ele></trkpt>
      <trkpt lat="54.754059" lon="35.620602"><ele>143.7</ele></trkpt>
      <trkpt lat="54.753897" lon="35.619827"><ele>139.6</ele></trkpt>
      <trkpt lat="54.753821" lon="35.619382"><ele>138.1</ele></trkpt>
      <trkpt lat="54.753771" lon="35.619063"><ele>137.0</ele></trkpt>
      <trkpt lat="54.753748" lon="35.618903"><ele>136.6</ele></trkpt>
      <trkpt lat="54.753726" lon="35.618742"><ele>136.2</ele></trkpt>
      <trkpt lat="54.75368" lon="35.618427"><ele>135.8</ele></trkpt>
      <trkpt lat="54.753647" lon="35.618157"><ele>135.7</ele></trkpt>
      <trkpt lat="54.753629" lon="35.617986"><ele>135.7</ele></trkpt>
      <trkpt lat="54.753615" lon="35.617849"><ele>135.7</ele></trkpt>
      <trkpt lat="54.753596" lon="35.617585"><ele>135.9</ele></trkpt>
      <trkpt lat="54.753589" lon="35.617366"><ele>136.0</ele></trkpt>
      <trkpt lat="54.753569" lon="35.616816"><ele>136.8</ele></trkpt>
      <trkpt lat="54.753554" lon="35.616235"><ele>137.9</ele></trkpt>
      <trkpt lat="54.753542" lon="35.615942"><ele>138.4</ele></trkpt>
      <trkpt lat="54.753544" lon="35.615879"><ele>138.5</ele></trkpt>
      <trkpt lat="54.753543" lon="35.615848"><ele>138.6</ele></trkpt>
      <trkpt lat="54.753541" lon="35.615833"><ele>138.6</ele></trkpt>
      <trkpt lat="54.753544" lon="35.615817"><ele>138.6</ele></trkpt>
      <trkpt lat="54.75355" lon="35.615803"><ele>138.7</ele></trkpt>
      <trkpt lat="54.753536" lon="35.615767"><ele>138.8</ele></trkpt>
      <trkpt lat="54.753527" lon="35.615556"><ele>139.2</ele></trkpt>
      <trkpt lat="54.753521" lon="35.615253"><ele>139.8</ele></trkpt>
      <trkpt lat="54.75351" lon="35.614682"><ele>141.3</ele></trkpt>
      <trkpt lat="54.753508" lon="35.614515"><ele>141.9</ele></trkpt>
      <trkpt lat="54.753501" lon="35.614389"><ele>142.4</ele></trkpt>
      <trkpt lat="54.753498" lon="35.614326"><ele>142.6</ele></trkpt>
      <trkpt lat="54.753499" lon="35.614321"><ele>142.6</ele></trkpt>
      <trkpt lat="54.753499" lon="35.614321"><ele>142.6</ele></trkpt>
      <trkpt lat="54.753507" lon="35.614226"><ele>143.1</ele></trkpt>
      <trkpt lat="54.753509" lon="35.614144"><ele>143.5</ele></trkpt>
      <trkpt lat="54.753499" lon="35.613922"><ele>144.6</ele></trkpt>
      <trkpt lat="54.7535" lon="35.613904"><ele>144.7</ele></trkpt>
      <trkpt lat="54.753493" lon="35.613754"><ele>145.3</ele></trkpt>
      <trkpt lat="54.753486" lon="35.613667"><ele>145.7</ele></trkpt>
      <trkpt lat="54.753482" lon="35.613541"><ele>146.2</ele></trkpt>
      <trkpt lat="54.753481" lon="35.613439"><ele>146.6</ele></trkpt>
      <trkpt lat="54.753473" lon="35.61325"><ele>147.1</ele></trkpt>
      <trkpt lat="54.753471" lon="35.613222"><ele>147.2</ele></trkpt>
      <trkpt lat="54.753461" lon="35.612907"><ele>147.7</ele></trkpt>
      <trkpt lat="54.753455" lon="35.612773"><ele>147.9</ele></trkpt>
      <trkpt lat="54.75345" lon="35.612655"><ele>148.0</ele></trkpt>
      <trkpt lat="54.753454" lon="35.612402"><ele>148.3</ele></trkpt>
      <trkpt lat="54.753447" lon="35.612165"><ele>148.5</ele></trkpt>
      <trkpt lat="54.753449" lon="35.612157"><ele>148.5</ele></trkpt>
      <trkpt lat="54.75344" lon="35.612128"><ele>148.6</ele></trkpt>
      <trkpt lat="54.753436" lon="35.612079"><ele>148.6</ele></trkpt>
      <trkpt lat="54.753415" lon="35.611896"><ele>148.9</ele></trkpt>
      <trkpt lat="54.7534" lon="35.611721"><ele>149.2</ele></trkpt>
      <trkpt lat="54.753363" lon="35.611524"><ele>149.6</ele></trkpt>
      <trkpt lat="54.75336" lon="35.611503"><ele>149.6</ele></trkpt>
      <trkpt lat="54.753336" lon="35.611343"><ele>150.0</ele></trkpt>
      <trkpt lat="54.75332" lon="35.611248"><ele>150.3</ele></trkpt>
      <trkpt lat="54.753294" lon="35.611062"><ele>151.1</ele></trkpt>
      <trkpt lat="54.75329" lon="35.611043"><ele>151.1</ele></trkpt>
      <trkpt lat="54.75326" lon="35.610852"><ele>152.1</ele></trkpt>
      <trkpt lat="54.753253" lon="35.61081"><ele>152.3</ele></trkpt>
      <trkpt lat="54.753242" lon="35.610712"><ele>152.9</ele></trkpt>
      <trkpt lat="54.753227" lon="35.610619"><ele>153.5</ele></trkpt>
      <trkpt lat="54.753202" lon="35.610489"><ele>154.4</ele></trkpt>
      <trkpt lat="54.753197" lon="35.610446"><ele>154.7</ele></trkpt>
      <trkpt lat="54.753168" lon="35.610316"><ele>155.7</ele></trkpt>
      <trkpt lat="54.753157" lon="35.610263"><ele>156.1</ele></trkpt>
      <trkpt lat="54.75315" lon="35.610206"><ele>156.5</ele></trkpt>
      <trkpt lat="54.753138" lon="35.610126"><ele>157.0</ele></trkpt>
      <trkpt lat="54.753125" lon="35.609983"><ele>157.9</ele></trkpt>
      <trkpt lat="54.753126" lon="35.609931"><ele>158.2</ele></trkpt>
      <trkpt lat="54.753126" lon="35.609797"><ele>158.8</ele></trkpt>
      <trkpt lat="54.753127" lon="35.609713"><ele>159.1</ele></trkpt>
      <trkpt lat="54.753136" lon="35.609604"><ele>159.4</ele></trkpt>
      <trkpt lat="54.753164" lon="35.609436"><ele>159.7</ele></trkpt>
      <trkpt lat="54.753203" lon="35.609253"><ele>160.0</ele></trkpt>
      <trkpt lat="54.753211" lon="35.609202"><ele>160.0</ele></trkpt>
      <trkpt lat="54.753279" lon="35.608926"><ele>160.3</ele></trkpt>
      <trkpt lat="54.753326" lon="35.608743"><ele>160.4</ele></trkpt>
      <trkpt lat="54.753393" lon="35.608434"><ele>160.8</ele></trkpt>
      <trkpt lat="54.753404" lon="35.608394"><ele>160.9</ele></trkpt>
      <trkpt lat="54.75346" lon="35.608182"><ele>161.4</ele></trkpt>
      <trkpt lat="54.753529" lon="35.607925"><ele>162.2</ele></trkpt>
      <trkpt lat="54.753587" lon="35.607727"><ele>162.8</ele></trkpt>
      <trkpt lat="54.753633" lon="35.607515"><ele>163.5</ele></trkpt>
      <trkpt lat="54.753648" lon="35.607456"><ele>163.7</ele></trkpt>
      <trkpt lat="54.753683" lon="35.607312"><ele>164.1</ele></trkpt>
      <trkpt lat="54.753724" lon="35.607106"><ele>164.5</ele></trkpt>
      <trkpt lat="54.753729" lon="35.607091"><ele>164.5</ele></trkpt>
      <trkpt lat="54.753782" lon="35.606891"><ele>164.9</ele></trkpt>
      <trkpt lat="54.753801" lon="35.606784"><ele>165.0</ele></trkpt>
      <trkpt lat="54.75383" lon="35.606679"><ele>165.2</ele></trkpt>
      <trkpt lat="54.753905" lon="35.606418"><ele>165.6</ele></trkpt>
      <trkpt lat="54.753968" lon="35.606151"><ele>166.1</ele></trkpt>
      <trkpt lat="54.753972" lon="35.606134"><ele>166.1</ele></trkpt>
      <trkpt lat="54.753977" lon="35.606125"><ele>166.1</ele></trkpt>
      <trkpt lat="54.75401" lon="35.606008"><ele>166.2</ele></trkpt>
      <trkpt lat="54.754025" lon="35.605943"><ele>166.3</ele></trkpt>
      <trkpt lat="54.754068" lon="35.605749"><ele>166.5</ele></trkpt>
      <trkpt lat="54.754125" lon="35.605534"><ele>166.8</ele></trkpt>
      <trkpt lat="54.754131" lon="35.605512"><ele>166.8</ele></trkpt>
      <trkpt lat="54.754208" lon="35.60526"><ele>167.2</ele></trkpt>
      <trkpt lat="54.754229" lon="35.605141"><ele>167.3</ele></trkpt>
      <trkpt lat="54.75426" lon="35.604994"><ele>167.5</ele></trkpt>
      <trkpt lat="54.754315" lon="35.604777"><ele>167.8</ele></trkpt>
      <trkpt lat="54.754353" lon="35.604584"><ele>168.0</ele></trkpt>
      <trkpt lat="54.754402" lon="35.604336"><ele>168.2</ele></trkpt>
      <trkpt lat="54.75443" lon="35.604198"><ele>168.2</ele></trkpt>
      <trkpt lat="54.754481" lon="35.603927"><ele>168.4</ele></trkpt>
      <trkpt lat="54.754537" lon="35.603633"><ele>168.5</ele></trkpt>
      <trkpt lat="54.754602" lon="35.60334"><ele>168.5</ele></trkpt>
      <trkpt lat="54.754651" lon="35.603114"><ele>168.5</ele></trkpt>
      <trkpt lat="54.754655" lon="35.60309"><ele>168.5</ele></trkpt>
      <trkpt lat="54.754711" lon="35.602827"><ele>168.6</ele></trkpt>
      <trkpt lat="54.754795" lon="35.6025"><ele>168.9</ele></trkpt>
      <trkpt lat="54.754855" lon="35.602196"><ele>169.1</ele></trkpt>
      <trkpt lat="54.754908" lon="35.601952"><ele>169.3</ele></trkpt>
      <trkpt lat="54.754972" lon="35.601677"><ele>169.4</ele></trkpt>
      <trkpt lat="54.754976" lon="35.601653"><ele>169.4</ele></trkpt>
      <trkpt lat="54.755027" lon="35.601421"><ele>169.5</ele></trkpt>
      <trkpt lat="54.755073" lon="35.601181"><ele>169.5</ele></trkpt>
      <trkpt lat="54.755119" lon="35.600932"><ele>169.6</ele></trkpt>
      <trkpt lat="54.755161" lon="35.600685"><ele>169.7</ele></trkpt>
      <trkpt lat="54.755209" lon="35.600448"><ele>169.7</ele></trkpt>
      <trkpt lat="54.755278" lon="35.60011"><ele>169.8</ele></trkpt>
      <trkpt lat="54.755328" lon="35.599905"><ele>169.8</ele></trkpt>
      <trkpt lat="54.755335" lon="35.599881"><ele>169.8</ele></trkpt>
      <trkpt lat="54.755339" lon="35.599843"><ele>169.8</ele></trkpt>
      <trkpt lat="54.755347" lon="35.599749"><ele>169.8</ele></trkpt>
      <trkpt lat="54.755382" lon="35.599549"><ele>169.8</ele></trkpt>
      <trkpt lat="54.755412" lon="35.599397"><ele>169.8</ele></trkpt>
      <trkpt lat="54.755432" lon="35.599282"><ele>169.8</ele></trkpt>
      <trkpt lat="54.755459" lon="35.599076"><ele>169.8</ele></trkpt>
      <trkpt lat="54.755485" lon="35.598848"><ele>169.8</ele></trkpt>
      <trkpt lat="54.755497" lon="35.598612"><ele>169.8</ele></trkpt>
      <trkpt lat="54.755527" lon="35.598494"><ele>169.8</ele></trkpt>
      <trkpt lat="54.755545" lon="35.598474"><ele>169.8</ele></trkpt>
      <trkpt lat="54.755594" lon="35.598383"><ele>169.9</ele></trkpt>
      <trkpt lat="54.755606" lon="35.598361"><ele>169.9</ele></trkpt>
      <trkpt lat="54.755684" lon="35.598276"><ele>170.0</ele></trkpt>
      <trkpt lat="54.755764" lon="35.598179"><ele>170.0</ele></trkpt>
      <trkpt lat="54.755867" lon="35.598094"><ele>170.0</ele></trkpt>
      <trkpt lat="54.756005" lon="35.597937"><ele>170.0</ele></trkpt>
      <trkpt lat="54.756101" lon="35.597825"><ele>170.0</ele></trkpt>
      <trkpt lat="54.756194" lon="35.597714"><ele>169.9</ele></trkpt>
      <trkpt lat="54.756299" lon="35.597602"><ele>169.9</ele></trkpt>
      <trkpt lat="54.756433" lon="35.597468"><ele>169.8</ele></trkpt>
      <trkpt lat="54.756575" lon="35.597339"><ele>169.7</ele></trkpt>
      <trkpt lat="54.756686" lon="35.597216"><ele>169.7</ele></trkpt>
      <trkpt lat="54.75678" lon="35.597113"><ele>169.7</ele></trkpt>
      <trkpt lat="54.756905" lon="35.596991"><ele>169.7</ele></trkpt>
      <trkpt lat="54.757041" lon="35.596871"><ele>169.7</ele></trkpt>
      <trkpt lat="54.757145" lon="35.596786"><ele>169.7</ele></trkpt>
      <trkpt lat="54.757255" lon="35.5967"><ele>169.8</ele></trkpt>
      <trkpt lat="54.757266" lon="35.596692"><ele>169.8</ele></trkpt>
      <trkpt lat="54.757391" lon="35.59661"><ele>169.8</ele></trkpt>
      <trkpt lat="54.757505" lon="35.596593"><ele>169.9</ele></trkpt>
      <trkpt lat="54.757605" lon="35.596564"><ele>170.0</ele></trkpt>
      <trkpt lat="54.757623" lon="35.59657"><ele>170.0</ele></trkpt>
      <trkpt lat="54.757671" lon="35.596566"><ele>170.1</ele></trkpt>
      <trkpt lat="54.757799" lon="35.596555"><ele>170.2</ele></trkpt>
      <trkpt lat="54.757918" lon="35.59656"><ele>170.3</ele></trkpt>
      <trkpt lat="54.758039" lon="35.596562"><ele>170.5</ele></trkpt>
      <trkpt lat="54.758189" lon="35.596573"><ele>170.6</ele></trkpt>
      <trkpt lat="54.758287" lon="35.596574"><ele>170.7</ele></trkpt>
      <trkpt lat="54.758405" lon="35.596605"><ele>170.9</ele></trkpt>
      <trkpt lat="54.758509" lon="35.596624"><ele>171.0</ele></trkpt>
      <trkpt lat="54.758633" lon="35.596655"><ele>171.2</ele></trkpt>
      <trkpt lat="54.758715" lon="35.596687"><ele>171.3</ele></trkpt>
      <trkpt lat="54.758866" lon="35.596753"><ele>171.5</ele></trkpt>
      <trkpt lat="54.759002" lon="35.59683"><ele>171.6</ele></trkpt>
      <trkpt lat="54.759124" lon="35.596922"><ele>171.7</ele></trkpt>
      <trkpt lat="54.759246" lon="35.597002"><ele>171.8</ele></trkpt>
      <trkpt lat="54.759381" lon="35.597105"><ele>171.9</ele></trkpt>
      <trkpt lat="54.759497" lon="35.597264"><ele>171.9</ele></trkpt>
      <trkpt lat="54.75961" lon="35.597448"><ele>171.9</ele></trkpt>
      <trkpt lat="54.759705" lon="35.597599"><ele>172.0</ele></trkpt>
      <trkpt lat="54.759809" lon="35.597769"><ele>172.1</ele></trkpt>
      <trkpt lat="54.759874" lon="35.597886"><ele>172.2</ele></trkpt>
      <trkpt lat="54.759938" lon="35.59799"><ele>172.2</ele></trkpt>
      <trkpt lat="54.759948" lon="35.598006"><ele>172.2</ele></trkpt>
      <trkpt lat="54.76004" lon="35.598114"><ele>172.3</ele></trkpt>
      <trkpt lat="54.760062" lon="35.598131"><ele>172.3</ele></trkpt>
      <trkpt lat="54.760098" lon="35.598161"><ele>172.4</ele></trkpt>
      <trkpt lat="54.760114" lon="35.59818"><ele>172.4</ele></trkpt>
      <trkpt lat="54.760241" lon="35.598266"><ele>172.5</ele></trkpt>
      <trkpt lat="54.760285" lon="35.598289"><ele>172.5</ele></trkpt>
      <trkpt lat="54.760311" lon="35.598304"><ele>172.5</ele></trkpt>
      <trkpt lat="54.760325" lon="35.598314"><ele>172.5</ele></trkpt>
      <trkpt lat="54.760415" lon="35.59838"><ele>172.6</ele></trkpt>
      <trkpt lat="54.76052" lon="35.598448"><ele>172.7</ele></trkpt>
      <trkpt lat="54.760614" lon="35.598489"><ele>172.8</ele></trkpt>
      <trkpt lat="54.760729" lon="35.598526"><ele>172.8</ele></trkpt>
      <trkpt lat="54.760847" lon="35.598559"><ele>172.8</ele></trkpt>
      <trkpt lat="54.760854" lon="35.598561"><ele>172.8</ele></trkpt>
      <trkpt lat="54.760898" lon="35.5985"><ele>172.8</ele></trkpt>
      <trkpt lat="54.760978" lon="35.598387"><ele>172.8</ele></trkpt>
      <trkpt lat="54.761066" lon="35.598215"><ele>172.8</ele></trkpt>
      <trkpt lat="54.76113" lon="35.598098"><ele>172.9</ele></trkpt>
      <trkpt lat="54.761161" lon="35.598052"><ele>172.9</ele></trkpt>
      <trkpt lat="54.761181" lon="35.598"><ele>172.9</ele></trkpt>
      <trkpt lat="54.761208" lon="35.59795"><ele>173.0</ele></trkpt>
      <trkpt lat="54.76124" lon="35.597908"><ele>173.0</ele></trkpt>
      <trkpt lat="54.761332" lon="35.59793"><ele>172.7</ele></trkpt>
      <trkpt lat="54.761394" lon="35.598009"><ele>172.6</ele></trkpt>
      <trkpt lat="54.761424" lon="35.598045"><ele>172.5</ele></trkpt>
      <trkpt lat="54.761489" lon="35.598161"><ele>172.3</ele></trkpt>
      <trkpt lat="54.761497" lon="35.598161"><ele>172.3</ele></trkpt>
      <trkpt lat="54.76153" lon="35.598145"><ele>172.3</ele></trkpt>
      <trkpt lat="54.761545" lon="35.598161"><ele>172.3</ele></trkpt>
      <trkpt lat="54.761646" lon="35.598252"><ele>172.1</ele></trkpt>
      <trkpt lat="54.761753" lon="35.598341"><ele>172.1</ele></trkpt>
      <trkpt lat="54.761845" lon="35.598411"><ele>172.1</ele></trkpt>
      <trkpt lat="54.761995" lon="35.598526"><ele>172.2</ele></trkpt>
      <trkpt lat="54.762108" lon="35.598605"><ele>172.3</ele></trkpt>
      <trkpt lat="54.762214" lon="35.598684"><ele>172.5</ele></trkpt>
      <trkpt lat="54.762289" lon="35.598745"><ele>172.6</ele></trkpt>
      <trkpt lat="54.76231" lon="35.598763"><ele>172.6</ele></trkpt>
      <trkpt lat="54.762357" lon="35.598786"><ele>172.7</ele></trkpt>
      <trkpt lat="54.762395" lon="35.598807"><ele>172.7</ele></trkpt>
      <trkpt lat="54.7624" lon="35.598813"><ele>172.7</ele></trkpt>
      <trkpt lat="54.762426" lon="35.598848"><ele>172.8</ele></trkpt>
      <trkpt lat="54.762473" lon="35.598921"><ele>172.8</ele></trkpt>
      <trkpt lat="54.762515" lon="35.598975"><ele>172.9</ele></trkpt>
      <trkpt lat="54.762537" lon="35.598986"><ele>172.9</ele></trkpt>
      <trkpt lat="54.762559" lon="35.598951"><ele>172.9</ele></trkpt>
      <trkpt lat="54.762562" lon="35.598932"><ele>172.9</ele></trkpt>
      <trkpt lat="54.762592" lon="35.59883"><ele>172.9</ele></trkpt>
      <trkpt lat="54.762638" lon="35.598646"><ele>172.8</ele></trkpt>
      <trkpt lat="54.762694" lon="35.598504"><ele>172.8</ele></trkpt>
      <trkpt lat="54.762703" lon="35.598501"><ele>172.8</ele></trkpt>
      <trkpt lat="54.762714" lon="35.598508"><ele>172.8</ele></trkpt>
      <trkpt lat="54.762769" lon="35.598585"><ele>172.8</ele></trkpt>
      <trkpt lat="54.762803" lon="35.598643"><ele>172.7</ele></trkpt>
      <trkpt lat="54.762828" lon="35.598744"><ele>172.7</ele></trkpt>
      <trkpt lat="54.76289" lon="35.598978"><ele>172.6</ele></trkpt>
      <trkpt lat="54.762945" lon="35.599185"><ele>172.6</ele></trkpt>
      <trkpt lat="54.762974" lon="35.599325"><ele>172.5</ele></trkpt>
      <trkpt lat="54.762978" lon="35.599351"><ele>172.5</ele></trkpt>
      <trkpt lat="54.762969" lon="35.59939"><ele>172.5</ele></trkpt>
      <trkpt lat="54.762969" lon="35.59939"><ele>172.5</ele></trkpt>
      <trkpt lat="54.762928" lon="35.599398"><ele>172.5</ele></trkpt>
      <trkpt lat="54.762955" lon="35.599464"><ele>172.5</ele></trkpt>
      <trkpt lat="54.762955" lon="35.599464"><ele>172.5</ele></trkpt>
    </trkseg>
  </trk>
  <trk>
    <name>День 2 (Николо-Ленивец → Калуга)</name>
    <trkseg>
      <trkpt lat="54.76228" lon="35.598976"><ele>165.6</ele></trkpt>
      <trkpt lat="54.76228" lon="35.598976"><ele>171.4</ele></trkpt>
      <trkpt lat="54.762053" lon="35.598947"><ele>171.2</ele></trkpt>
      <trkpt lat="54.762326" lon="35.598784"><ele>171.6</ele></trkpt>
      <trkpt lat="54.762282" lon="35.598739"><ele>171.8</ele></trkpt>
      <trkpt lat="54.762289" lon="35.598745"><ele>172.0</ele></trkpt>
      <trkpt lat="54.762299" lon="35.59876"><ele>172.0</ele></trkpt>
      <trkpt lat="54.762335" lon="35.598802"><ele>171.8</ele></trkpt>
      <trkpt lat="54.762376" lon="35.598829"><ele>171.8</ele></trkpt>
      <trkpt lat="54.762406" lon="35.598875"><ele>171.8</ele></trkpt>
      <trkpt lat="54.76241" lon="35.5989"><ele>171.8</ele></trkpt>
      <trkpt lat="54.762407" lon="35.598927"><ele>171.8</ele></trkpt>
      <trkpt lat="54.762379" lon="35.599017"><ele>172.0</ele></trkpt>
      <trkpt lat="54.762362" lon="35.599152"><ele>172.2</ele></trkpt>
      <trkpt lat="54.762353" lon="35.599179"><ele>172.2</ele></trkpt>
      <trkpt lat="54.762366" lon="35.599089"><ele>174.0</ele></trkpt>
      <trkpt lat="54.762374" lon="35.599037"><ele>175.4</ele></trkpt>
      <trkpt lat="54.762379" lon="35.598962"><ele>175.4</ele></trkpt>
      <trkpt lat="54.762378" lon="35.598942"><ele>175.4</ele></trkpt>
      <trkpt lat="54.762358" lon="35.598882"><ele>175.4</ele></trkpt>
      <trkpt lat="54.762346" lon="35.598866"><ele>175.4</ele></trkpt>
      <trkpt lat="54.762218" lon="35.598744"><ele>175.2</ele></trkpt>
      <trkpt lat="54.762107" lon="35.598647"><ele>175.0</ele></trkpt>
      <trkpt lat="54.761997" lon="35.598547"><ele>174.6</ele></trkpt>
      <trkpt lat="54.761972" lon="35.598489"><ele>174.6</ele></trkpt>
      <trkpt lat="54.761975" lon="35.598454"><ele>174.6</ele></trkpt>
      <trkpt lat="54.761976" lon="35.598447"><ele>174.6</ele></trkpt>
      <trkpt lat="54.761971" lon="35.59853"><ele>174.6</ele></trkpt>
      <trkpt lat="54.761967" lon="35.59854"><ele>174.6</ele></trkpt>
      <trkpt lat="54.761939" lon="35.598534"><ele>175.2</ele></trkpt>
      <trkpt lat="54.761925" lon="35.598524"><ele>175.2</ele></trkpt>
      <trkpt lat="54.761822" lon="35.59845"><ele>175.0</ele></trkpt>
      <trkpt lat="54.761686" lon="35.598333"><ele>174.6</ele></trkpt>
      <trkpt lat="54.761578" lon="35.598232"><ele>174.6</ele></trkpt>
      <trkpt lat="54.76145" lon="35.598107"><ele>174.6</ele></trkpt>
      <trkpt lat="54.761392" lon="35.598001"><ele>174.6</ele></trkpt>
      <trkpt lat="54.761358" lon="35.597973"><ele>174.6</ele></trkpt>
      <trkpt lat="54.761282" lon="35.597904"><ele>174.8</ele></trkpt>
      <trkpt lat="54.761271" lon="35.597902"><ele>174.8</ele></trkpt>
      <trkpt lat="54.761197" lon="35.597977"><ele>175.4</ele></trkpt>
      <trkpt lat="54.761082" lon="35.598185"><ele>175.4</ele></trkpt>
      <trkpt lat="54.76095" lon="35.598376"><ele>175.2</ele></trkpt>
      <trkpt lat="54.760856" lon="35.598549"><ele>175.0</ele></trkpt>
      <trkpt lat="54.760838" lon="35.59863"><ele>175.0</ele></trkpt>
      <trkpt lat="54.76085" lon="35.598731"><ele>175.0</ele></trkpt>
      <trkpt lat="54.760916" lon="35.598889"><ele>174.8</ele></trkpt>
      <trkpt lat="54.760978" lon="35.599154"><ele>175.2</ele></trkpt>
      <trkpt lat="54.760992" lon="35.599387"><ele>175.4</ele></trkpt>
      <trkpt lat="54.760963" lon="35.599605"><ele>175.6</ele></trkpt>
      <trkpt lat="54.760902" lon="35.599895"><ele>175.6</ele></trkpt>
      <trkpt lat="54.760856" lon="35.600095"><ele>175.6</ele></trkpt>
      <trkpt lat="54.760832" lon="35.600354"><ele>175.6</ele></trkpt>
      <trkpt lat="54.760822" lon="35.600614"><ele>176.0</ele></trkpt>
      <trkpt lat="54.760773" lon="35.60075"><ele>176.0</ele></trkpt>
      <trkpt lat="54.760762" lon="35.600772"><ele>176.0</ele></trkpt>
      <trkpt lat="54.760758" lon="35.60081"><ele>176.0</ele></trkpt>
      <trkpt lat="54.760761" lon="35.600822"><ele>176.0</ele></trkpt>
      <trkpt lat="54.760777" lon="35.60085"><ele>176.0</ele></trkpt>
      <trkpt lat="54.760794" lon="35.600878"><ele>176.0</ele></trkpt>
      <trkpt lat="54.760784" lon="35.600871"><ele>176.4</ele></trkpt>
      <trkpt lat="54.760643" lon="35.600829"><ele>176.4</ele></trkpt>
      <trkpt lat="54.760454" lon="35.60081"><ele>176.0</ele></trkpt>
      <trkpt lat="54.76026" lon="35.600778"><ele>176.0</ele></trkpt>
      <trkpt lat="54.760115" lon="35.600712"><ele>176.2</ele></trkpt>
      <trkpt lat="54.75995" lon="35.600649"><ele>176.0</ele></trkpt>
      <trkpt lat="54.759805" lon="35.600638"><ele>176.0</ele></trkpt>
      <trkpt lat="54.759606" lon="35.600604"><ele>176.0</ele></trkpt>
      <trkpt lat="54.759367" lon="35.600518"><ele>176.0</ele></trkpt>
      <trkpt lat="54.759088" lon="35.600466"><ele>175.6</ele></trkpt>
      <trkpt lat="54.758802" lon="35.600433"><ele>175.2</ele></trkpt>
      <trkpt lat="54.758689" lon="35.60042"><ele>174.8</ele></trkpt>
      <trkpt lat="54.75866" lon="35.60042"><ele>174.8</ele></trkpt>
      <trkpt lat="54.758603" lon="35.600417"><ele>174.6</ele></trkpt>
      <trkpt lat="54.758414" lon="35.600418"><ele>174.2</ele></trkpt>
      <trkpt lat="54.758155" lon="35.600378"><ele>174.0</ele></trkpt>
      <trkpt lat="54.757982" lon="35.600358"><ele>173.8</ele></trkpt>
      <trkpt lat="54.757927" lon="35.600348"><ele>173.8</ele></trkpt>
      <trkpt lat="54.75763" lon="35.600311"><ele>173.2</ele></trkpt>
      <trkpt lat="54.7574" lon="35.600299"><ele>173.2</ele></trkpt>
      <trkpt lat="54.75712" lon="35.600274"><ele>173.2</ele></trkpt>
      <trkpt lat="54.756866" lon="35.600229"><ele>173.0</ele></trkpt>
      <trkpt lat="54.756734" lon="35.600214"><ele>173.0</ele></trkpt>
      <trkpt lat="54.756523" lon="35.60018"><ele>172.8</ele></trkpt>
      <trkpt lat="54.756296" lon="35.600145"><ele>172.8</ele></trkpt>
      <trkpt lat="54.756242" lon="35.600131"><ele>172.6</ele></trkpt>
      <trkpt lat="54.755908" lon="35.600049"><ele>172.2</ele></trkpt>
      <trkpt lat="54.755676" lon="35.59999"><ele>172.2</ele></trkpt>
      <trkpt lat="54.75541" lon="35.599924"><ele>172.4</ele></trkpt>
      <trkpt lat="54.755362" lon="35.599925"><ele>172.4</ele></trkpt>
      <trkpt lat="54.755298" lon="35.599984"><ele>172.4</ele></trkpt>
      <trkpt lat="54.755241" lon="35.600225"><ele>172.4</ele></trkpt>
      <trkpt lat="54.75517" lon="35.600657"><ele>172.6</ele></trkpt>
      <trkpt lat="54.755148" lon="35.600786"><ele>172.6</ele></trkpt>
      <trkpt lat="54.755086" lon="35.601109"><ele>172.4</ele></trkpt>
      <trkpt lat="54.754979" lon="35.601576"><ele>172.0</ele></trkpt>
      <trkpt lat="54.754894" lon="35.601927"><ele>172.0</ele></trkpt>
      <trkpt lat="54.754779" lon="35.602413"><ele>172.0</ele></trkpt>
      <trkpt lat="54.754741" lon="35.602614"><ele>172.0</ele></trkpt>
      <trkpt lat="54.754682" lon="35.602866"><ele>171.8</ele></trkpt>
      <trkpt lat="54.754593" lon="35.603274"><ele>171.6</ele></trkpt>
      <trkpt lat="54.75452" lon="35.603602"><ele>170.8</ele></trkpt>
      <trkpt lat="54.754469" lon="35.603811"><ele>170.6</ele></trkpt>
      <trkpt lat="54.754414" lon="35.604075"><ele>170.2</ele></trkpt>
      <trkpt lat="54.754347" lon="35.604383"><ele>169.8</ele></trkpt>
      <trkpt lat="54.754336" lon="35.604433"><ele>169.8</ele></trkpt>
      <trkpt lat="54.754255" lon="35.604819"><ele>169.6</ele></trkpt>
      <trkpt lat="54.754214" lon="35.605043"><ele>169.8</ele></trkpt>
      <trkpt lat="54.754086" lon="35.605601"><ele>169.8</ele></trkpt>
      <trkpt lat="54.753943" lon="35.606151"><ele>169.4</ele></trkpt>
      <trkpt lat="54.75381" lon="35.606687"><ele>168.8</ele></trkpt>
      <trkpt lat="54.753678" lon="35.607222"><ele>167.8</ele></trkpt>
      <trkpt lat="54.753654" lon="35.60732"><ele>167.6</ele></trkpt>
      <trkpt lat="54.753489" lon="35.607973"><ele>166.8</ele></trkpt>
      <trkpt lat="54.753459" lon="35.608089"><ele>166.6</ele></trkpt>
      <trkpt lat="54.753314" lon="35.608699"><ele>165.6</ele></trkpt>
      <trkpt lat="54.753232" lon="35.609053"><ele>164.4</ele></trkpt>
      <trkpt lat="54.75315" lon="35.609383"><ele>163.2</ele></trkpt>
      <trkpt lat="54.753093" lon="35.609716"><ele>162.2</ele></trkpt>
      <trkpt lat="54.753084" lon="35.609821"><ele>162.2</ele></trkpt>
      <trkpt lat="54.753081" lon="35.610036"><ele>162.0</ele></trkpt>
      <trkpt lat="54.753089" lon="35.610156"><ele>162.0</ele></trkpt>
      <trkpt lat="54.753103" lon="35.610286"><ele>162.0</ele></trkpt>
      <trkpt lat="54.753187" lon="35.610746"><ele>162.0</ele></trkpt>
      <trkpt lat="54.753352" lon="35.611656"><ele>161.0</ele></trkpt>
      <trkpt lat="54.753401" lon="35.612021"><ele>159.4</ele></trkpt>
      <trkpt lat="54.753414" lon="35.612199"><ele>158.2</ele></trkpt>
      <trkpt lat="54.753422" lon="35.612375"><ele>157.2</ele></trkpt>
      <trkpt lat="54.753429" lon="35.612543"><ele>156.0</ele></trkpt>
      <trkpt lat="54.753435" lon="35.61271"><ele>154.8</ele></trkpt>
      <trkpt lat="54.753439" lon="35.612876"><ele>153.6</ele></trkpt>
      <trkpt lat="54.753442" lon="35.6132"><ele>151.8</ele></trkpt>
      <trkpt lat="54.753458" lon="35.613691"><ele>150.4</ele></trkpt>
      <trkpt lat="54.753488" lon="35.614613"><ele>149.8</ele></trkpt>
      <trkpt lat="54.753505" lon="35.615209"><ele>149.2</ele></trkpt>
      <trkpt lat="54.753517" lon="35.615809"><ele>147.8</ele></trkpt>
      <trkpt lat="54.753524" lon="35.616197"><ele>146.8</ele></trkpt>
      <trkpt lat="54.753529" lon="35.616391"><ele>145.8</ele></trkpt>
      <trkpt lat="54.753541" lon="35.616776"><ele>144.4</ele></trkpt>
      <trkpt lat="54.753552" lon="35.617147"><ele>143.2</ele></trkpt>
      <trkpt lat="54.753564" lon="35.617507"><ele>142.6</ele></trkpt>
      <trkpt lat="54.753583" lon="35.617845"><ele>141.6</ele></trkpt>
      <trkpt lat="54.753613" lon="35.618165"><ele>140.6</ele></trkpt>
      <trkpt lat="54.753628" lon="35.618319"><ele>140.2</ele></trkpt>
      <trkpt lat="54.753666" lon="35.618615"><ele>139.8</ele></trkpt>
      <trkpt lat="54.753746" lon="35.61912"><ele>139.6</ele></trkpt>
      <trkpt lat="54.753785" lon="35.619323"><ele>139.4</ele></trkpt>
      <trkpt lat="54.753826" lon="35.619591"><ele>139.6</ele></trkpt>
      <trkpt lat="54.753883" lon="35.619927"><ele>140.6</ele></trkpt>
      <trkpt lat="54.753892" lon="35.619975"><ele>141.0</ele></trkpt>
      <trkpt lat="54.753926" lon="35.620143"><ele>142.2</ele></trkpt>
      <trkpt lat="54.753962" lon="35.620308"><ele>143.4</ele></trkpt>
      <trkpt lat="54.753973" lon="35.620365"><ele>143.6</ele></trkpt>
      <trkpt lat="54.754005" lon="35.620543"><ele>144.6</ele></trkpt>
      <trkpt lat="54.754062" lon="35.620792"><ele>145.8</ele></trkpt>
      <trkpt lat="54.754081" lon="35.620893"><ele>146.2</ele></trkpt>
      <trkpt lat="54.754095" lon="35.620948"><ele>146.4</ele></trkpt>
      <trkpt lat="54.754121" lon="35.621049"><ele>146.8</ele></trkpt>
      <trkpt lat="54.754183" lon="35.62129"><ele>148.0</ele></trkpt>
      <trkpt lat="54.754226" lon="35.621501"><ele>149.2</ele></trkpt>
      <trkpt lat="54.754251" lon="35.621668"><ele>150.0</ele></trkpt>
      <trkpt lat="54.754271" lon="35.621785"><ele>150.2</ele></trkpt>
      <trkpt lat="54.754308" lon="35.622089"><ele>151.0</ele></trkpt>
      <trkpt lat="54.754302" lon="35.622349"><ele>151.2</ele></trkpt>
      <trkpt lat="54.754292" lon="35.622448"><ele>151.4</ele></trkpt>
      <trkpt lat="54.754243" lon="35.622687"><ele>152.0</ele></trkpt>
      <trkpt lat="54.754175" lon="35.622927"><ele>152.2</ele></trkpt>
      <trkpt lat="54.754177" lon="35.622968"><ele>152.4</ele></trkpt>
      <trkpt lat="54.754183" lon="35.623008"><ele>152.4</ele></trkpt>
      <trkpt lat="54.754189" lon="35.623045"><ele>152.4</ele></trkpt>
      <trkpt lat="54.75415" lon="35.623071"><ele>151.6</ele></trkpt>
      <trkpt lat="54.75413" lon="35.623075"><ele>151.6</ele></trkpt>
      <trkpt lat="54.754057" lon="35.623178"><ele>151.6</ele></trkpt>
      <trkpt lat="54.75395" lon="35.623437"><ele>151.6</ele></trkpt>
      <trkpt lat="54.753733" lon="35.623928"><ele>151.6</ele></trkpt>
      <trkpt lat="54.753549" lon="35.624342"><ele>151.4</ele></trkpt>
      <trkpt lat="54.753492" lon="35.624473"><ele>151.4</ele></trkpt>
      <trkpt lat="54.753316" lon="35.624877"><ele>151.0</ele></trkpt>
      <trkpt lat="54.753003" lon="35.62565"><ele>150.6</ele></trkpt>
      <trkpt lat="54.752796" lon="35.626186"><ele>150.2</ele></trkpt>
      <trkpt lat="54.752719" lon="35.626373"><ele>150.0</ele></trkpt>
      <trkpt lat="54.752652" lon="35.626563"><ele>149.8</ele></trkpt>
      <trkpt lat="54.752559" lon="35.626801"><ele>149.6</ele></trkpt>
      <trkpt lat="54.752326" lon="35.627415"><ele>149.4</ele></trkpt>
      <trkpt lat="54.752273" lon="35.627562"><ele>149.2</ele></trkpt>
      <trkpt lat="54.75208" lon="35.628086"><ele>148.8</ele></trkpt>
      <trkpt lat="54.75189" lon="35.628609"><ele>148.2</ele></trkpt>
      <trkpt lat="54.751768" lon="35.628959"><ele>147.4</ele></trkpt>
      <trkpt lat="54.751639" lon="35.629315"><ele>147.2</ele></trkpt>
      <trkpt lat="54.751579" lon="35.629482"><ele>147.0</ele></trkpt>
      <trkpt lat="54.751368" lon="35.630074"><ele>146.6</ele></trkpt>
      <trkpt lat="54.751242" lon="35.630408"><ele>146.0</ele></trkpt>
      <trkpt lat="54.751137" lon="35.630678"><ele>145.6</ele></trkpt>
      <trkpt lat="54.751063" lon="35.630872"><ele>144.6</ele></trkpt>
      <trkpt lat="54.750862" lon="35.631382"><ele>143.8</ele></trkpt>
      <trkpt lat="54.750817" lon="35.63149"><ele>143.6</ele></trkpt>
      <trkpt lat="54.750637" lon="35.631934"><ele>142.4</ele></trkpt>
      <trkpt lat="54.750543" lon="35.632163"><ele>141.8</ele></trkpt>
      <trkpt lat="54.750447" lon="35.632397"><ele>141.2</ele></trkpt>
      <trkpt lat="54.750259" lon="35.632871"><ele>139.8</ele></trkpt>
      <trkpt lat="54.750168" lon="35.633104"><ele>139.0</ele></trkpt>
      <trkpt lat="54.750126" lon="35.633215"><ele>138.6</ele></trkpt>
      <trkpt lat="54.74996" lon="35.633627"><ele>137.2</ele></trkpt>
      <trkpt lat="54.749921" lon="35.633726"><ele>136.8</ele></trkpt>
      <trkpt lat="54.749847" lon="35.633917"><ele>136.2</ele></trkpt>
      <trkpt lat="54.749673" lon="35.634343"><ele>135.8</ele></trkpt>
      <trkpt lat="54.749346" lon="35.635154"><ele>135.8</ele></trkpt>
      <trkpt lat="54.74903" lon="35.635947"><ele>136.0</ele></trkpt>
      <trkpt lat="54.748998" lon="35.636026"><ele>136.2</ele></trkpt>
      <trkpt lat="54.748756" lon="35.636693"><ele>136.6</ele></trkpt>
      <trkpt lat="54.748645" lon="35.636972"><ele>137.6</ele></trkpt>
      <trkpt lat="54.748565" lon="35.637145"><ele>138.6</ele></trkpt>
      <trkpt lat="54.74854" lon="35.63721"><ele>139.2</ele></trkpt>
      <trkpt lat="54.748516" lon="35.637276"><ele>139.6</ele></trkpt>
      <trkpt lat="54.748456" lon="35.637441"><ele>140.8</ele></trkpt>
      <trkpt lat="54.748402" lon="35.637599"><ele>141.8</ele></trkpt>
      <trkpt lat="54.74836" lon="35.637725"><ele>143.0</ele></trkpt>
      <trkpt lat="54.748348" lon="35.637755"><ele>143.2</ele></trkpt>
      <trkpt lat="54.748291" lon="35.637869"><ele>144.2</ele></trkpt>
      <trkpt lat="54.748228" lon="35.638022"><ele>145.4</ele></trkpt>
      <trkpt lat="54.748205" lon="35.638088"><ele>145.8</ele></trkpt>
      <trkpt lat="54.748166" lon="35.638181"><ele>146.6</ele></trkpt>
      <trkpt lat="54.748119" lon="35.638296"><ele>147.6</ele></trkpt>
      <trkpt lat="54.748063" lon="35.638455"><ele>148.6</ele></trkpt>
      <trkpt lat="54.748025" lon="35.638572"><ele>149.6</ele></trkpt>
      <trkpt lat="54.747969" lon="35.638714"><ele>150.8</ele></trkpt>
      <trkpt lat="54.747939" lon="35.638807"><ele>151.6</ele></trkpt>
      <trkpt lat="54.747917" lon="35.638874"><ele>152.2</ele></trkpt>
      <trkpt lat="54.74787" lon="35.638994"><ele>153.2</ele></trkpt>
      <trkpt lat="54.747836" lon="35.639075"><ele>153.8</ele></trkpt>
      <trkpt lat="54.747813" lon="35.639139"><ele>154.2</ele></trkpt>
      <trkpt lat="54.747767" lon="35.639292"><ele>155.4</ele></trkpt>
      <trkpt lat="54.747746" lon="35.639349"><ele>155.6</ele></trkpt>
      <trkpt lat="54.747685" lon="35.639457"><ele>156.4</ele></trkpt>
      <trkpt lat="54.747641" lon="35.63957"><ele>157.4</ele></trkpt>
      <trkpt lat="54.74763" lon="35.639596"><ele>157.6</ele></trkpt>
      <trkpt lat="54.747576" lon="35.639748"><ele>158.6</ele></trkpt>
      <trkpt lat="54.747567" lon="35.639779"><ele>158.8</ele></trkpt>
      <trkpt lat="54.747501" lon="35.639956"><ele>159.8</ele></trkpt>
      <trkpt lat="54.74748" lon="35.640018"><ele>160.2</ele></trkpt>
      <trkpt lat="54.747417" lon="35.640179"><ele>161.0</ele></trkpt>
      <trkpt lat="54.747354" lon="35.640357"><ele>162.2</ele></trkpt>
      <trkpt lat="54.74728" lon="35.640538"><ele>163.2</ele></trkpt>
      <trkpt lat="54.747269" lon="35.640569"><ele>163.4</ele></trkpt>
      <trkpt lat="54.747207" lon="35.640728"><ele>164.2</ele></trkpt>
      <trkpt lat="54.74716" lon="35.640854"><ele>164.8</ele></trkpt>
      <trkpt lat="54.747123" lon="35.640949"><ele>165.4</ele></trkpt>
      <trkpt lat="54.747044" lon="35.641141"><ele>166.2</ele></trkpt>
      <trkpt lat="54.747032" lon="35.641174"><ele>166.6</ele></trkpt>
      <trkpt lat="54.746957" lon="35.641377"><ele>167.6</ele></trkpt>
      <trkpt lat="54.746949" lon="35.641415"><ele>167.8</ele></trkpt>
      <trkpt lat="54.746935" lon="35.641609"><ele>168.4</ele></trkpt>
      <trkpt lat="54.746936" lon="35.641688"><ele>168.6</ele></trkpt>
      <trkpt lat="54.746936" lon="35.641688"><ele>168.8</ele></trkpt>
      <trkpt lat="54.746925" lon="35.64174"><ele>169.6</ele></trkpt>
      <trkpt lat="54.746883" lon="35.641766"><ele>169.4</ele></trkpt>
      <trkpt lat="54.746879" lon="35.641767"><ele>169.4</ele></trkpt>
      <trkpt lat="54.746853" lon="35.641762"><ele>169.4</ele></trkpt>
      <trkpt lat="54.746803" lon="35.641798"><ele>169.4</ele></trkpt>
      <trkpt lat="54.7467" lon="35.642021"><ele>169.8</ele></trkpt>
      <trkpt lat="54.746563" lon="35.642347"><ele>170.2</ele></trkpt>
      <trkpt lat="54.746407" lon="35.642723"><ele>170.4</ele></trkpt>
      <trkpt lat="54.746211" lon="35.643134"><ele>170.6</ele></trkpt>
      <trkpt lat="54.746166" lon="35.643303"><ele>170.6</ele></trkpt>
      <trkpt lat="54.746166" lon="35.643403"><ele>170.6</ele></trkpt>
      <trkpt lat="54.746251" lon="35.643752"><ele>170.6</ele></trkpt>
      <trkpt lat="54.746378" lon="35.644222"><ele>170.4</ele></trkpt>
      <trkpt lat="54.74657" lon="35.644965"><ele>169.2</ele></trkpt>
      <trkpt lat="54.746615" lon="35.645146"><ele>169.0</ele></trkpt>
      <trkpt lat="54.746812" lon="35.645894"><ele>168.2</ele></trkpt>
      <trkpt lat="54.746909" lon="35.646263"><ele>167.8</ele></trkpt>
      <trkpt lat="54.747031" lon="35.646717"><ele>166.8</ele></trkpt>
      <trkpt lat="54.747101" lon="35.647003"><ele>166.6</ele></trkpt>
      <trkpt lat="54.747343" lon="35.647887"><ele>166.0</ele></trkpt>
      <trkpt lat="54.747395" lon="35.648095"><ele>165.8</ele></trkpt>
      <trkpt lat="54.747595" lon="35.648839"><ele>165.6</ele></trkpt>
      <trkpt lat="54.747834" lon="35.649724"><ele>165.2</ele></trkpt>
      <trkpt lat="54.747887" lon="35.649937"><ele>165.0</ele></trkpt>
      <trkpt lat="54.748058" lon="35.650598"><ele>164.8</ele></trkpt>
      <trkpt lat="54.74819" lon="35.651127"><ele>165.0</ele></trkpt>
      <trkpt lat="54.748268" lon="35.651526"><ele>165.2</ele></trkpt>
      <trkpt lat="54.74835" lon="35.651956"><ele>165.0</ele></trkpt>
      <trkpt lat="54.748432" lon="35.652403"><ele>164.8</ele></trkpt>
      <trkpt lat="54.748575" lon="35.653173"><ele>164.4</ele></trkpt>
      <trkpt lat="54.748749" lon="35.654114"><ele>164.6</ele></trkpt>
      <trkpt lat="54.748922" lon="35.655041"><ele>165.2</ele></trkpt>
      <trkpt lat="54.749" lon="35.65545"><ele>165.4</ele></trkpt>
      <trkpt lat="54.749172" lon="35.656378"><ele>165.4</ele></trkpt>
      <trkpt lat="54.74923" lon="35.656691"><ele>165.4</ele></trkpt>
      <trkpt lat="54.749396" lon="35.657619"><ele>165.4</ele></trkpt>
      <trkpt lat="54.749435" lon="35.657827"><ele>164.8</ele></trkpt>
      <trkpt lat="54.749591" lon="35.658727"><ele>164.2</ele></trkpt>
      <trkpt lat="54.749634" lon="35.658965"><ele>164.2</ele></trkpt>
      <trkpt lat="54.74973" lon="35.659518"><ele>163.8</ele></trkpt>
      <trkpt lat="54.749806" lon="35.659933"><ele>163.2</ele></trkpt>
      <trkpt lat="54.749941" lon="35.66068"><ele>163.2</ele></trkpt>
      <trkpt lat="54.750067" lon="35.661504"><ele>164.8</ele></trkpt>
      <trkpt lat="54.750076" lon="35.661597"><ele>165.0</ele></trkpt>
      <trkpt lat="54.750114" lon="35.662054"><ele>165.2</ele></trkpt>
      <trkpt lat="54.750124" lon="35.662236"><ele>165.4</ele></trkpt>
      <trkpt lat="54.750175" lon="35.662796"><ele>166.0</ele></trkpt>
      <trkpt lat="54.750189" lon="35.66299"><ele>166.0</ele></trkpt>
      <trkpt lat="54.750209" lon="35.663509"><ele>166.4</ele></trkpt>
      <trkpt lat="54.750214" lon="35.663822"><ele>166.6</ele></trkpt>
      <trkpt lat="54.7502" lon="35.664855"><ele>166.4</ele></trkpt>
      <trkpt lat="54.750185" lon="35.6653"><ele>165.8</ele></trkpt>
      <trkpt lat="54.750169" lon="35.665961"><ele>165.4</ele></trkpt>
      <trkpt lat="54.750136" lon="35.66692"><ele>165.2</ele></trkpt>
      <trkpt lat="54.750106" lon="35.667823"><ele>165.2</ele></trkpt>
      <trkpt lat="54.750101" lon="35.668003"><ele>165.4</ele></trkpt>
      <trkpt lat="54.750097" lon="35.668357"><ele>165.8</ele></trkpt>
      <trkpt lat="54.750139" lon="35.66917"><ele>166.6</ele></trkpt>
      <trkpt lat="54.750164" lon="35.669435"><ele>166.8</ele></trkpt>
      <trkpt lat="54.75024" lon="35.670231"><ele>166.8</ele></trkpt>
      <trkpt lat="54.750314" lon="35.670971"><ele>167.2</ele></trkpt>
      <trkpt lat="54.750353" lon="35.671465"><ele>168.0</ele></trkpt>
      <trkpt lat="54.750359" lon="35.671534"><ele>168.0</ele></trkpt>
      <trkpt lat="54.750411" lon="35.672068"><ele>169.0</ele></trkpt>
      <trkpt lat="54.750427" lon="35.672274"><ele>169.6</ele></trkpt>
      <trkpt lat="54.75046" lon="35.672635"><ele>170.2</ele></trkpt>
      <trkpt lat="54.750507" lon="35.673096"><ele>171.2</ele></trkpt>
      <trkpt lat="54.750522" lon="35.673221"><ele>171.4</ele></trkpt>
      <trkpt lat="54.750566" lon="35.673619"><ele>172.4</ele></trkpt>
      <trkpt lat="54.750574" lon="35.67368"><ele>172.6</ele></trkpt>
      <trkpt lat="54.750613" lon="35.674065"><ele>173.6</ele></trkpt>
      <trkpt lat="54.750624" lon="35.674136"><ele>173.8</ele></trkpt>
      <trkpt lat="54.750688" lon="35.674694"><ele>174.2</ele></trkpt>
      <trkpt lat="54.750729" lon="35.675051"><ele>174.2</ele></trkpt>
      <trkpt lat="54.750775" lon="35.675438"><ele>174.0</ele></trkpt>
      <trkpt lat="54.750891" lon="35.676414"><ele>173.2</ele></trkpt>
      <trkpt lat="54.750914" lon="35.676616"><ele>173.2</ele></trkpt>
      <trkpt lat="54.751001" lon="35.677302"><ele>172.6</ele></trkpt>
      <trkpt lat="54.751056" lon="35.677773"><ele>172.4</ele></trkpt>
      <trkpt lat="54.751174" lon="35.678722"><ele>172.2</ele></trkpt>
      <trkpt lat="54.751207" lon="35.678981"><ele>172.2</ele></trkpt>
      <trkpt lat="54.751328" lon="35.679961"><ele>171.6</ele></trkpt>
      <trkpt lat="54.751339" lon="35.680068"><ele>171.4</ele></trkpt>
      <trkpt lat="54.751351" lon="35.68017"><ele>171.4</ele></trkpt>
      <trkpt lat="54.75146" lon="35.681099"><ele>171.0</ele></trkpt>
      <trkpt lat="54.751493" lon="35.681374"><ele>171.0</ele></trkpt>
      <trkpt lat="54.751606" lon="35.682303"><ele>171.2</ele></trkpt>
      <trkpt lat="54.751627" lon="35.682482"><ele>171.2</ele></trkpt>
      <trkpt lat="54.751708" lon="35.683146"><ele>171.8</ele></trkpt>
      <trkpt lat="54.751767" lon="35.683659"><ele>172.2</ele></trkpt>
      <trkpt lat="54.751788" lon="35.683872"><ele>172.6</ele></trkpt>
      <trkpt lat="54.751843" lon="35.684353"><ele>173.6</ele></trkpt>
      <trkpt lat="54.75185" lon="35.684423"><ele>173.6</ele></trkpt>
      <trkpt lat="54.751917" lon="35.685049"><ele>173.8</ele></trkpt>
      <trkpt lat="54.752008" lon="35.685801"><ele>173.8</ele></trkpt>
      <trkpt lat="54.752113" lon="35.686612"><ele>172.8</ele></trkpt>
      <trkpt lat="54.752138" lon="35.686809"><ele>172.6</ele></trkpt>
      <trkpt lat="54.752184" lon="35.687184"><ele>172.2</ele></trkpt>
      <trkpt lat="54.75223" lon="35.687535"><ele>172.2</ele></trkpt>
      <trkpt lat="54.75233" lon="35.688308"><ele>172.4</ele></trkpt>
      <trkpt lat="54.752448" lon="35.689301"><ele>172.4</ele></trkpt>
      <trkpt lat="54.752459" lon="35.689397"><ele>172.4</ele></trkpt>
      <trkpt lat="54.752577" lon="35.690325"><ele>172.4</ele></trkpt>
      <trkpt lat="54.752601" lon="35.690512"><ele>172.4</ele></trkpt>
      <trkpt lat="54.752725" lon="35.691518"><ele>173.2</ele></trkpt>
      <trkpt lat="54.752734" lon="35.691605"><ele>173.2</ele></trkpt>
      <trkpt lat="54.75278" lon="35.692009"><ele>173.8</ele></trkpt>
      <trkpt lat="54.75279" lon="35.692075"><ele>173.8</ele></trkpt>
      <trkpt lat="54.752814" lon="35.692325"><ele>174.8</ele></trkpt>
      <trkpt lat="54.752839" lon="35.692502"><ele>175.6</ele></trkpt>
      <trkpt lat="54.752842" lon="35.692559"><ele>176.0</ele></trkpt>
      <trkpt lat="54.752865" lon="35.692724"><ele>177.2</ele></trkpt>
      <trkpt lat="54.752884" lon="35.692904"><ele>177.8</ele></trkpt>
      <trkpt lat="54.752921" lon="35.693213"><ele>178.4</ele></trkpt>
      <trkpt lat="54.752947" lon="35.693462"><ele>178.6</ele></trkpt>
      <trkpt lat="54.753016" lon="35.694101"><ele>179.0</ele></trkpt>
      <trkpt lat="54.753029" lon="35.694295"><ele>179.2</ele></trkpt>
      <trkpt lat="54.753044" lon="35.694363"><ele>180.0</ele></trkpt>
      <trkpt lat="54.753065" lon="35.694457"><ele>180.0</ele></trkpt>
      <trkpt lat="54.753113" lon="35.694728"><ele>180.0</ele></trkpt>
      <trkpt lat="54.753191" lon="35.695035"><ele>179.8</ele></trkpt>
      <trkpt lat="54.753275" lon="35.69529"><ele>179.8</ele></trkpt>
      <trkpt lat="54.75345" lon="35.695684"><ele>179.8</ele></trkpt>
      <trkpt lat="54.753684" lon="35.696073"><ele>179.6</ele></trkpt>
      <trkpt lat="54.753784" lon="35.696221"><ele>179.2</ele></trkpt>
      <trkpt lat="54.753961" lon="35.696457"><ele>178.6</ele></trkpt>
      <trkpt lat="54.754168" lon="35.696717"><ele>178.0</ele></trkpt>
      <trkpt lat="54.754396" lon="35.696986"><ele>177.2</ele></trkpt>
      <trkpt lat="54.754478" lon="35.697077"><ele>176.8</ele></trkpt>
      <trkpt lat="54.754561" lon="35.69717"><ele>176.2</ele></trkpt>
      <trkpt lat="54.754646" lon="35.697262"><ele>175.6</ele></trkpt>
      <trkpt lat="54.754818" lon="35.697449"><ele>174.4</ele></trkpt>
      <trkpt lat="54.754992" lon="35.697632"><ele>173.4</ele></trkpt>
      <trkpt lat="54.755166" lon="35.697823"><ele>172.2</ele></trkpt>
      <trkpt lat="54.75534" lon="35.698016"><ele>170.8</ele></trkpt>
      <trkpt lat="54.755429" lon="35.698112"><ele>169.6</ele></trkpt>
      <trkpt lat="54.755613" lon="35.698306"><ele>167.8</ele></trkpt>
      <trkpt lat="54.755806" lon="35.698509"><ele>167.4</ele></trkpt>
      <trkpt lat="54.756007" lon="35.698721"><ele>166.2</ele></trkpt>
      <trkpt lat="54.756216" lon="35.698947"><ele>165.0</ele></trkpt>
      <trkpt lat="54.756428" lon="35.699175"><ele>163.8</ele></trkpt>
      <trkpt lat="54.756639" lon="35.6994"><ele>162.0</ele></trkpt>
      <trkpt lat="54.756964" lon="35.699754"><ele>160.6</ele></trkpt>
      <trkpt lat="54.757072" lon="35.699868"><ele>159.8</ele></trkpt>
      <trkpt lat="54.757181" lon="35.699986"><ele>158.6</ele></trkpt>
      <trkpt lat="54.757289" lon="35.700103"><ele>157.2</ele></trkpt>
      <trkpt lat="54.757398" lon="35.700221"><ele>155.8</ele></trkpt>
      <trkpt lat="54.757616" lon="35.700452"><ele>154.2</ele></trkpt>
      <trkpt lat="54.75783" lon="35.70068"><ele>152.6</ele></trkpt>
      <trkpt lat="54.758037" lon="35.700907"><ele>151.0</ele></trkpt>
      <trkpt lat="54.758139" lon="35.701018"><ele>150.2</ele></trkpt>
      <trkpt lat="54.758241" lon="35.701127"><ele>149.6</ele></trkpt>
      <trkpt lat="54.75844" lon="35.701337"><ele>148.6</ele></trkpt>
      <trkpt lat="54.758729" lon="35.701645"><ele>147.4</ele></trkpt>
      <trkpt lat="54.758915" lon="35.701838"><ele>146.6</ele></trkpt>
      <trkpt lat="54.759008" lon="35.70193"><ele>146.4</ele></trkpt>
      <trkpt lat="54.759349" lon="35.702292"><ele>145.4</ele></trkpt>
      <trkpt lat="54.759429" lon="35.70238"><ele>145.2</ele></trkpt>
      <trkpt lat="54.75988" lon="35.702875"><ele>144.4</ele></trkpt>
      <trkpt lat="54.760273" lon="35.703306"><ele>144.4</ele></trkpt>
      <trkpt lat="54.760699" lon="35.703775"><ele>144.8</ele></trkpt>
      <trkpt lat="54.760946" lon="35.704036"><ele>144.8</ele></trkpt>
      <trkpt lat="54.761195" lon="35.704302"><ele>144.8</ele></trkpt>
      <trkpt lat="54.761683" lon="35.704824"><ele>144.6</ele></trkpt>
      <trkpt lat="54.761855" lon="35.70502"><ele>144.6</ele></trkpt>
      <trkpt lat="54.762317" lon="35.705532"><ele>144.4</ele></trkpt>
      <trkpt lat="54.762427" lon="35.705653"><ele>144.6</ele></trkpt>
      <trkpt lat="54.762766" lon="35.705976"><ele>144.8</ele></trkpt>
      <trkpt lat="54.762818" lon="35.706043"><ele>144.8</ele></trkpt>
      <trkpt lat="54.762824" lon="35.706126"><ele>144.8</ele></trkpt>
      <trkpt lat="54.76274" lon="35.706192"><ele>144.8</ele></trkpt>
      <trkpt lat="54.762641" lon="35.706095"><ele>144.8</ele></trkpt>
      <trkpt lat="54.762531" lon="35.706057"><ele>144.6</ele></trkpt>
      <trkpt lat="54.762531" lon="35.706057"><ele>144.4</ele></trkpt>
      <trkpt lat="54.762531" lon="35.706057"><ele>144.4</ele></trkpt>
      <trkpt lat="54.762527" lon="35.706099"><ele>144.6</ele></trkpt>
      <trkpt lat="54.762534" lon="35.706136"><ele>144.6</ele></trkpt>
      <trkpt lat="54.762532" lon="35.706145"><ele>144.6</ele></trkpt>
      <trkpt lat="54.762532" lon="35.70615"><ele>144.6</ele></trkpt>
      <trkpt lat="54.76252" lon="35.706025"><ele>148.0</ele></trkpt>
      <trkpt lat="54.762511" lon="35.705998"><ele>148.2</ele></trkpt>
      <trkpt lat="54.762497" lon="35.705921"><ele>148.2</ele></trkpt>
      <trkpt lat="54.762512" lon="35.705878"><ele>148.2</ele></trkpt>
      <trkpt lat="54.762588" lon="35.705802"><ele>148.2</ele></trkpt>
      <trkpt lat="54.762606" lon="35.705813"><ele>148.2</ele></trkpt>
      <trkpt lat="54.762716" lon="35.705907"><ele>148.4</ele></trkpt>
      <trkpt lat="54.762734" lon="35.705925"><ele>148.6</ele></trkpt>
      <trkpt lat="54.762867" lon="35.706038"><ele>148.8</ele></trkpt>
      <trkpt lat="54.762882" lon="35.706087"><ele>148.2</ele></trkpt>
      <trkpt lat="54.762886" lon="35.706093"><ele>148.2</ele></trkpt>
      <trkpt lat="54.762916" lon="35.706095"><ele>148.0</ele></trkpt>
      <trkpt lat="54.76293" lon="35.7061"><ele>148.0</ele></trkpt>
      <trkpt lat="54.763078" lon="35.706181"><ele>148.0</ele></trkpt>
      <trkpt lat="54.763272" lon="35.706312"><ele>148.0</ele></trkpt>
      <trkpt lat="54.763562" lon="35.706483"><ele>147.6</ele></trkpt>
      <trkpt lat="54.763608" lon="35.706514"><ele>147.4</ele></trkpt>
      <trkpt lat="54.763896" lon="35.706691"><ele>146.2</ele></trkpt>
      <trkpt lat="54.764045" lon="35.706779"><ele>146.0</ele></trkpt>
      <trkpt lat="54.764424" lon="35.707039"><ele>145.4</ele></trkpt>
      <trkpt lat="54.764627" lon="35.707169"><ele>145.2</ele></trkpt>
      <trkpt lat="54.764998" lon="35.707396"><ele>145.2</ele></trkpt>
      <trkpt lat="54.765441" lon="35.70768"><ele>145.0</ele></trkpt>
      <trkpt lat="54.765783" lon="35.70791"><ele>144.4</ele></trkpt>
      <trkpt lat="54.766066" lon="35.708107"><ele>143.4</ele></trkpt>
      <trkpt lat="54.766188" lon="35.708187"><ele>143.4</ele></trkpt>
      <trkpt lat="54.766568" lon="35.708446"><ele>143.2</ele></trkpt>
      <trkpt lat="54.767084" lon="35.708798"><ele>143.2</ele></trkpt>
      <trkpt lat="54.767201" lon="35.708893"><ele>143.2</ele></trkpt>
      <trkpt lat="54.76772" lon="35.709294"><ele>143.2</ele></trkpt>
      <trkpt lat="54.767891" lon="35.709451"><ele>143.2</ele></trkpt>
      <trkpt lat="54.768341" lon="35.709955"><ele>143.2</ele></trkpt>
      <trkpt lat="54.768387" lon="35.710012"><ele>143.4</ele></trkpt>
      <trkpt lat="54.768838" lon="35.710613"><ele>143.6</ele></trkpt>
      <trkpt lat="54.768882" lon="35.710674"><ele>144.0</ele></trkpt>
      <trkpt lat="54.769076" lon="35.710942"><ele>144.2</ele></trkpt>
      <trkpt lat="54.769107" lon="35.71098"><ele>144.2</ele></trkpt>
      <trkpt lat="54.769185" lon="35.711087"><ele>144.6</ele></trkpt>
      <trkpt lat="54.769256" lon="35.711188"><ele>145.4</ele></trkpt>
      <trkpt lat="54.769279" lon="35.711217"><ele>145.8</ele></trkpt>
      <trkpt lat="54.769341" lon="35.711292"><ele>146.8</ele></trkpt>
      <trkpt lat="54.769427" lon="35.711413"><ele>147.6</ele></trkpt>
      <trkpt lat="54.769449" lon="35.71144"><ele>147.8</ele></trkpt>
      <trkpt lat="54.769511" lon="35.711524"><ele>148.8</ele></trkpt>
      <trkpt lat="54.769613" lon="35.71166"><ele>150.0</ele></trkpt>
      <trkpt lat="54.769633" lon="35.711688"><ele>150.2</ele></trkpt>
      <trkpt lat="54.76972" lon="35.711805"><ele>151.2</ele></trkpt>
      <trkpt lat="54.769753" lon="35.711856"><ele>151.6</ele></trkpt>
      <trkpt lat="54.769812" lon="35.711937"><ele>152.2</ele></trkpt>
      <trkpt lat="54.769925" lon="35.712091"><ele>153.2</ele></trkpt>
      <trkpt lat="54.769949" lon="35.712122"><ele>153.4</ele></trkpt>
      <trkpt lat="54.770043" lon="35.712251"><ele>154.4</ele></trkpt>
      <trkpt lat="54.770148" lon="35.712379"><ele>155.6</ele></trkpt>
      <trkpt lat="54.770259" lon="35.712532"><ele>156.6</ele></trkpt>
      <trkpt lat="54.770338" lon="35.712641"><ele>157.2</ele></trkpt>
      <trkpt lat="54.770394" lon="35.712721"><ele>157.8</ele></trkpt>
      <trkpt lat="54.770493" lon="35.712855"><ele>158.6</ele></trkpt>
      <trkpt lat="54.770529" lon="35.712899"><ele>158.8</ele></trkpt>
      <trkpt lat="54.770669" lon="35.713085"><ele>160.0</ele></trkpt>
      <trkpt lat="54.770774" lon="35.713221"><ele>161.0</ele></trkpt>
      <trkpt lat="54.77084" lon="35.713297"><ele>161.4</ele></trkpt>
      <trkpt lat="54.770901" lon="35.713384"><ele>162.0</ele></trkpt>
      <trkpt lat="54.771019" lon="35.713535"><ele>163.0</ele></trkpt>
      <trkpt lat="54.771075" lon="35.713624"><ele>163.6</ele></trkpt>
      <trkpt lat="54.771141" lon="35.713703"><ele>164.0</ele></trkpt>
      <trkpt lat="54.771234" lon="35.713829"><ele>165.0</ele></trkpt>
      <trkpt lat="54.771258" lon="35.71385"><ele>165.2</ele></trkpt>
      <trkpt lat="54.771273" lon="35.713871"><ele>165.4</ele></trkpt>
      <trkpt lat="54.771318" lon="35.713956"><ele>165.8</ele></trkpt>
      <trkpt lat="54.771423" lon="35.714087"><ele>166.4</ele></trkpt>
      <trkpt lat="54.77146" lon="35.71415"><ele>166.6</ele></trkpt>
      <trkpt lat="54.771601" lon="35.714341"><ele>167.6</ele></trkpt>
      <trkpt lat="54.771662" lon="35.714434"><ele>168.0</ele></trkpt>
      <trkpt lat="54.771784" lon="35.714608"><ele>168.6</ele></trkpt>
      <trkpt lat="54.771863" lon="35.714726"><ele>169.0</ele></trkpt>
      <trkpt lat="54.771989" lon="35.714902"><ele>169.8</ele></trkpt>
      <trkpt lat="54.772034" lon="35.714962"><ele>170.0</ele></trkpt>
      <trkpt lat="54.772179" lon="35.715128"><ele>170.6</ele></trkpt>
      <trkpt lat="54.772194" lon="35.715155"><ele>170.8</ele></trkpt>
      <trkpt lat="54.772401" lon="35.715473"><ele>171.6</ele></trkpt>
      <trkpt lat="54.772473" lon="35.71557"><ele>171.8</ele></trkpt>
      <trkpt lat="54.772619" lon="35.715781"><ele>172.4</ele></trkpt>
      <trkpt lat="54.772812" lon="35.716063"><ele>172.8</ele></trkpt>
      <trkpt lat="54.772857" lon="35.716135"><ele>173.0</ele></trkpt>
      <trkpt lat="54.773153" lon="35.716562"><ele>173.8</ele></trkpt>
      <trkpt lat="54.773175" lon="35.7166"><ele>173.8</ele></trkpt>
      <trkpt lat="54.773398" lon="35.716934"><ele>174.8</ele></trkpt>
      <trkpt lat="54.77354" lon="35.717152"><ele>175.2</ele></trkpt>
      <trkpt lat="54.77366" lon="35.717339"><ele>175.8</ele></trkpt>
      <trkpt lat="54.773736" lon="35.717454"><ele>176.2</ele></trkpt>
      <trkpt lat="54.773986" lon="35.717827"><ele>177.4</ele></trkpt>
      <trkpt lat="54.774035" lon="35.717894"><ele>177.4</ele></trkpt>
      <trkpt lat="54.7743" lon="35.718296"><ele>178.2</ele></trkpt>
      <trkpt lat="54.774377" lon="35.718416"><ele>178.4</ele></trkpt>
      <trkpt lat="54.774478" lon="35.718524"><ele>178.6</ele></trkpt>
      <trkpt lat="54.774574" lon="35.718711"><ele>178.8</ele></trkpt>
      <trkpt lat="54.774803" lon="35.719102"><ele>179.2</ele></trkpt>
      <trkpt lat="54.774977" lon="35.719375"><ele>179.2</ele></trkpt>
      <trkpt lat="54.775271" lon="35.719861"><ele>179.2</ele></trkpt>
      <trkpt lat="54.775312" lon="35.719926"><ele>179.2</ele></trkpt>
      <trkpt lat="54.775634" lon="35.72044"><ele>179.4</ele></trkpt>
      <trkpt lat="54.776013" lon="35.721054"><ele>179.6</ele></trkpt>
      <trkpt lat="54.776343" lon="35.721625"><ele>179.8</ele></trkpt>
      <trkpt lat="54.776688" lon="35.722196"><ele>179.8</ele></trkpt>
      <trkpt lat="54.77709" lon="35.722881"><ele>179.4</ele></trkpt>
      <trkpt lat="54.777316" lon="35.723261"><ele>179.8</ele></trkpt>
      <trkpt lat="54.777392" lon="35.723391"><ele>180.0</ele></trkpt>
      <trkpt lat="54.777441" lon="35.72347"><ele>180.0</ele></trkpt>
      <trkpt lat="54.777845" lon="35.724139"><ele>179.8</ele></trkpt>
      <trkpt lat="54.778239" lon="35.7248"><ele>180.0</ele></trkpt>
      <trkpt lat="54.778539" lon="35.725295"><ele>181.0</ele></trkpt>
      <trkpt lat="54.778859" lon="35.725826"><ele>182.2</ele></trkpt>
      <trkpt lat="54.77893" lon="35.725938"><ele>182.6</ele></trkpt>
      <trkpt lat="54.779111" lon="35.726242"><ele>183.2</ele></trkpt>
      <trkpt lat="54.779219" lon="35.726429"><ele>183.6</ele></trkpt>
      <trkpt lat="54.779359" lon="35.72666"><ele>184.4</ele></trkpt>
      <trkpt lat="54.779447" lon="35.726799"><ele>184.8</ele></trkpt>
      <trkpt lat="54.77953" lon="35.726938"><ele>185.6</ele></trkpt>
      <trkpt lat="54.779654" lon="35.727143"><ele>186.4</ele></trkpt>
      <trkpt lat="54.779664" lon="35.727154"><ele>186.4</ele></trkpt>
      <trkpt lat="54.779706" lon="35.727181"><ele>188.4</ele></trkpt>
      <trkpt lat="54.779734" lon="35.72722"><ele>188.2</ele></trkpt>
      <trkpt lat="54.779862" lon="35.727439"><ele>188.2</ele></trkpt>
      <trkpt lat="54.780177" lon="35.727873"><ele>188.0</ele></trkpt>
      <trkpt lat="54.780596" lon="35.728451"><ele>188.2</ele></trkpt>
      <trkpt lat="54.781045" lon="35.72904"><ele>188.8</ele></trkpt>
      <trkpt lat="54.781233" lon="35.729284"><ele>189.6</ele></trkpt>
      <trkpt lat="54.781484" lon="35.729565"><ele>190.2</ele></trkpt>
      <trkpt lat="54.781925" lon="35.729948"><ele>190.4</ele></trkpt>
      <trkpt lat="54.782452" lon="35.730315"><ele>190.2</ele></trkpt>
      <trkpt lat="54.782505" lon="35.730356"><ele>190.2</ele></trkpt>
      <trkpt lat="54.782784" lon="35.730551"><ele>190.2</ele></trkpt>
      <trkpt lat="54.783154" lon="35.730804"><ele>190.4</ele></trkpt>
      <trkpt lat="54.783717" lon="35.731211"><ele>190.8</ele></trkpt>
      <trkpt lat="54.783816" lon="35.731284"><ele>190.8</ele></trkpt>
      <trkpt lat="54.784098" lon="35.731495"><ele>190.8</ele></trkpt>
      <trkpt lat="54.784202" lon="35.73156"><ele>190.8</ele></trkpt>
      <trkpt lat="54.784711" lon="35.731937"><ele>190.4</ele></trkpt>
      <trkpt lat="54.784882" lon="35.732071"><ele>190.2</ele></trkpt>
      <trkpt lat="54.785415" lon="35.732488"><ele>190.0</ele></trkpt>
      <trkpt lat="54.785526" lon="35.732573"><ele>189.8</ele></trkpt>
      <trkpt lat="54.78565" lon="35.732669"><ele>189.6</ele></trkpt>
      <trkpt lat="54.785976" lon="35.732921"><ele>189.4</ele></trkpt>
      <trkpt lat="54.786347" lon="35.733215"><ele>189.2</ele></trkpt>
      <trkpt lat="54.786904" lon="35.733643"><ele>188.8</ele></trkpt>
      <trkpt lat="54.787139" lon="35.733806"><ele>188.8</ele></trkpt>
      <trkpt lat="54.78769" lon="35.734142"><ele>188.8</ele></trkpt>
      <trkpt lat="54.787806" lon="35.734213"><ele>188.8</ele></trkpt>
      <trkpt lat="54.788365" lon="35.734542"><ele>189.0</ele></trkpt>
      <trkpt lat="54.788622" lon="35.734699"><ele>189.0</ele></trkpt>
      <trkpt lat="54.789025" lon="35.734953"><ele>188.8</ele></trkpt>
      <trkpt lat="54.789299" lon="35.735123"><ele>188.4</ele></trkpt>
      <trkpt lat="54.789808" lon="35.735438"><ele>188.2</ele></trkpt>
      <trkpt lat="54.790136" lon="35.73564"><ele>188.4</ele></trkpt>
      <trkpt lat="54.790206" lon="35.735681"><ele>188.4</ele></trkpt>
      <trkpt lat="54.790786" lon="35.736033"><ele>188.4</ele></trkpt>
      <trkpt lat="54.790934" lon="35.736123"><ele>188.0</ele></trkpt>
      <trkpt lat="54.791008" lon="35.736169"><ele>187.6</ele></trkpt>
      <trkpt lat="54.791444" lon="35.73642"><ele>186.4</ele></trkpt>
      <trkpt lat="54.791671" lon="35.736552"><ele>185.8</ele></trkpt>
      <trkpt lat="54.791895" lon="35.73668"><ele>185.4</ele></trkpt>
      <trkpt lat="54.792416" lon="35.736974"><ele>184.6</ele></trkpt>
      <trkpt lat="54.792506" lon="35.737025"><ele>184.4</ele></trkpt>
      <trkpt lat="54.792563" lon="35.737059"><ele>184.2</ele></trkpt>
      <trkpt lat="54.79313" lon="35.737398"><ele>183.4</ele></trkpt>
      <trkpt lat="54.79331" lon="35.737503"><ele>183.2</ele></trkpt>
      <trkpt lat="54.793611" lon="35.737693"><ele>182.8</ele></trkpt>
      <trkpt lat="54.794169" lon="35.738032"><ele>182.2</ele></trkpt>
      <trkpt lat="54.794401" lon="35.738176"><ele>182.0</ele></trkpt>
      <trkpt lat="54.794709" lon="35.73836"><ele>181.0</ele></trkpt>
      <trkpt lat="54.794785" lon="35.738402"><ele>180.8</ele></trkpt>
      <trkpt lat="54.794857" lon="35.738448"><ele>180.6</ele></trkpt>
      <trkpt lat="54.795018" lon="35.738547"><ele>179.8</ele></trkpt>
      <trkpt lat="54.795577" lon="35.738884"><ele>179.0</ele></trkpt>
      <trkpt lat="54.795793" lon="35.739014"><ele>178.8</ele></trkpt>
      <trkpt lat="54.796288" lon="35.739319"><ele>177.6</ele></trkpt>
      <trkpt lat="54.796431" lon="35.739409"><ele>177.2</ele></trkpt>
      <trkpt lat="54.796792" lon="35.739637"><ele>176.6</ele></trkpt>
      <trkpt lat="54.797159" lon="35.739864"><ele>175.8</ele></trkpt>
      <trkpt lat="54.79731" lon="35.739954"><ele>175.6</ele></trkpt>
      <trkpt lat="54.797879" lon="35.740299"><ele>174.8</ele></trkpt>
      <trkpt lat="54.797947" lon="35.740342"><ele>174.6</ele></trkpt>
      <trkpt lat="54.798013" lon="35.740383"><ele>174.4</ele></trkpt>
      <trkpt lat="54.798334" lon="35.740568"><ele>174.2</ele></trkpt>
      <trkpt lat="54.798688" lon="35.740833"><ele>174.0</ele></trkpt>
      <trkpt lat="54.798737" lon="35.740884"><ele>174.0</ele></trkpt>
      <trkpt lat="54.798811" lon="35.741024"><ele>174.0</ele></trkpt>
      <trkpt lat="54.798835" lon="35.741115"><ele>173.8</ele></trkpt>
      <trkpt lat="54.798846" lon="35.741221"><ele>173.4</ele></trkpt>
      <trkpt lat="54.798837" lon="35.741326"><ele>173.2</ele></trkpt>
      <trkpt lat="54.798813" lon="35.741423"><ele>173.0</ele></trkpt>
      <trkpt lat="54.798715" lon="35.741697"><ele>171.8</ele></trkpt>
      <trkpt lat="54.798615" lon="35.74198"><ele>170.4</ele></trkpt>
      <trkpt lat="54.79858" lon="35.742072"><ele>170.0</ele></trkpt>
      <trkpt lat="54.798512" lon="35.742251"><ele>169.4</ele></trkpt>
      <trkpt lat="54.798387" lon="35.742607"><ele>168.4</ele></trkpt>
      <trkpt lat="54.798259" lon="35.742942"><ele>168.0</ele></trkpt>
      <trkpt lat="54.798029" lon="35.743569"><ele>168.0</ele></trkpt>
      <trkpt lat="54.797794" lon="35.74423"><ele>168.4</ele></trkpt>
      <trkpt lat="54.797624" lon="35.744688"><ele>169.4</ele></trkpt>
      <trkpt lat="54.797569" lon="35.744828"><ele>169.4</ele></trkpt>
      <trkpt lat="54.797321" lon="35.745481"><ele>169.4</ele></trkpt>
      <trkpt lat="54.797044" lon="35.746197"><ele>169.0</ele></trkpt>
      <trkpt lat="54.796736" lon="35.746988"><ele>168.4</ele></trkpt>
      <trkpt lat="54.7967" lon="35.74707"><ele>168.4</ele></trkpt>
      <trkpt lat="54.796385" lon="35.747698"><ele>167.6</ele></trkpt>
      <trkpt lat="54.796344" lon="35.74777"><ele>167.2</ele></trkpt>
      <trkpt lat="54.796043" lon="35.748327"><ele>166.8</ele></trkpt>
      <trkpt lat="54.795745" lon="35.748905"><ele>167.6</ele></trkpt>
      <trkpt lat="54.795595" lon="35.749187"><ele>168.6</ele></trkpt>
      <trkpt lat="54.795473" lon="35.749416"><ele>169.6</ele></trkpt>
      <trkpt lat="54.795136" lon="35.750051"><ele>170.0</ele></trkpt>
      <trkpt lat="54.794754" lon="35.750777"><ele>169.0</ele></trkpt>
      <trkpt lat="54.794585" lon="35.751091"><ele>168.6</ele></trkpt>
      <trkpt lat="54.794282" lon="35.751664"><ele>168.8</ele></trkpt>
      <trkpt lat="54.793962" lon="35.752258"><ele>169.4</ele></trkpt>
      <trkpt lat="54.793835" lon="35.752496"><ele>170.6</ele></trkpt>
      <trkpt lat="54.793804" lon="35.752556"><ele>170.8</ele></trkpt>
      <trkpt lat="54.793595" lon="35.752948"><ele>171.8</ele></trkpt>
      <trkpt lat="54.793565" lon="35.753003"><ele>172.0</ele></trkpt>
      <trkpt lat="54.793249" lon="35.753585"><ele>172.4</ele></trkpt>
      <trkpt lat="54.792902" lon="35.754251"><ele>172.0</ele></trkpt>
      <trkpt lat="54.79264" lon="35.75478"><ele>172.6</ele></trkpt>
      <trkpt lat="54.792457" lon="35.755132"><ele>173.0</ele></trkpt>
      <trkpt lat="54.792262" lon="35.755495"><ele>173.2</ele></trkpt>
      <trkpt lat="54.791907" lon="35.75617"><ele>173.0</ele></trkpt>
      <trkpt lat="54.79153" lon="35.756873"><ele>172.4</ele></trkpt>
      <trkpt lat="54.791453" lon="35.757017"><ele>172.2</ele></trkpt>
      <trkpt lat="54.791146" lon="35.757594"><ele>171.2</ele></trkpt>
      <trkpt lat="54.791038" lon="35.757794"><ele>171.2</ele></trkpt>
      <trkpt lat="54.790681" lon="35.758459"><ele>171.4</ele></trkpt>
      <trkpt lat="54.790295" lon="35.759185"><ele>172.0</ele></trkpt>
      <trkpt lat="54.789917" lon="35.759949"><ele>171.8</ele></trkpt>
      <trkpt lat="54.789884" lon="35.760031"><ele>171.6</ele></trkpt>
      <trkpt lat="54.789776" lon="35.760369"><ele>171.4</ele></trkpt>
      <trkpt lat="54.789734" lon="35.760554"><ele>171.0</ele></trkpt>
      <trkpt lat="54.789657" lon="35.761038"><ele>170.2</ele></trkpt>
      <trkpt lat="54.789615" lon="35.761441"><ele>170.0</ele></trkpt>
      <trkpt lat="54.789551" lon="35.76242"><ele>169.8</ele></trkpt>
      <trkpt lat="54.789536" lon="35.762761"><ele>169.6</ele></trkpt>
      <trkpt lat="54.789485" lon="35.763613"><ele>169.2</ele></trkpt>
      <trkpt lat="54.789393" lon="35.764299"><ele>168.8</ele></trkpt>
      <trkpt lat="54.789244" lon="35.764916"><ele>169.0</ele></trkpt>
      <trkpt lat="54.789223" lon="35.76501"><ele>169.2</ele></trkpt>
      <trkpt lat="54.789118" lon="35.765457"><ele>169.4</ele></trkpt>
      <trkpt lat="54.78898" lon="35.765989"><ele>170.4</ele></trkpt>
      <trkpt lat="54.788906" lon="35.766273"><ele>171.6</ele></trkpt>
      <trkpt lat="54.788836" lon="35.766563"><ele>172.0</ele></trkpt>
      <trkpt lat="54.788679" lon="35.767116"><ele>172.2</ele></trkpt>
      <trkpt lat="54.788513" lon="35.76776"><ele>172.4</ele></trkpt>
      <trkpt lat="54.788371" lon="35.768464"><ele>172.4</ele></trkpt>
      <trkpt lat="54.788276" lon="35.768912"><ele>172.4</ele></trkpt>
      <trkpt lat="54.788203" lon="35.769292"><ele>172.0</ele></trkpt>
      <trkpt lat="54.78801" lon="35.770226"><ele>170.8</ele></trkpt>
      <trkpt lat="54.787819" lon="35.771115"><ele>170.8</ele></trkpt>
      <trkpt lat="54.787758" lon="35.77138"><ele>170.4</ele></trkpt>
      <trkpt lat="54.787557" lon="35.772294"><ele>170.4</ele></trkpt>
      <trkpt lat="54.78742" lon="35.77291"><ele>171.6</ele></trkpt>
      <trkpt lat="54.787372" lon="35.773119"><ele>171.6</ele></trkpt>
      <trkpt lat="54.787248" lon="35.773687"><ele>172.4</ele></trkpt>
      <trkpt lat="54.787232" lon="35.773759"><ele>172.6</ele></trkpt>
      <trkpt lat="54.787136" lon="35.774346"><ele>172.8</ele></trkpt>
      <trkpt lat="54.786965" lon="35.775224"><ele>173.0</ele></trkpt>
      <trkpt lat="54.786929" lon="35.775401"><ele>172.8</ele></trkpt>
      <trkpt lat="54.78675" lon="35.77619"><ele>171.6</ele></trkpt>
      <trkpt lat="54.78671" lon="35.776351"><ele>171.4</ele></trkpt>
      <trkpt lat="54.786521" lon="35.777196"><ele>171.2</ele></trkpt>
      <trkpt lat="54.786371" lon="35.777848"><ele>170.4</ele></trkpt>
      <trkpt lat="54.786285" lon="35.778217"><ele>170.2</ele></trkpt>
      <trkpt lat="54.786069" lon="35.779113"><ele>170.2</ele></trkpt>
      <trkpt lat="54.78605" lon="35.779194"><ele>170.2</ele></trkpt>
      <trkpt lat="54.7859" lon="35.779817"><ele>171.0</ele></trkpt>
      <trkpt lat="54.785846" lon="35.780064"><ele>171.6</ele></trkpt>
      <trkpt lat="54.785723" lon="35.780579"><ele>172.0</ele></trkpt>
      <trkpt lat="54.785526" lon="35.78149"><ele>172.2</ele></trkpt>
      <trkpt lat="54.785507" lon="35.781582"><ele>172.2</ele></trkpt>
      <trkpt lat="54.78531" lon="35.782544"><ele>171.4</ele></trkpt>
      <trkpt lat="54.785107" lon="35.78344"><ele>171.0</ele></trkpt>
      <trkpt lat="54.784895" lon="35.784046"><ele>170.8</ele></trkpt>
      <trkpt lat="54.784653" lon="35.784455"><ele>170.8</ele></trkpt>
      <trkpt lat="54.784603" lon="35.784511"><ele>170.8</ele></trkpt>
      <trkpt lat="54.784242" lon="35.784888"><ele>170.6</ele></trkpt>
      <trkpt lat="54.783981" lon="35.785151"><ele>169.6</ele></trkpt>
      <trkpt lat="54.78393" lon="35.785204"><ele>169.4</ele></trkpt>
      <trkpt lat="54.783732" lon="35.785399"><ele>168.8</ele></trkpt>
      <trkpt lat="54.783324" lon="35.785793"><ele>168.6</ele></trkpt>
      <trkpt lat="54.782962" lon="35.786132"><ele>169.6</ele></trkpt>
      <trkpt lat="54.78247" lon="35.786584"><ele>170.8</ele></trkpt>
      <trkpt lat="54.782393" lon="35.786648"><ele>170.8</ele></trkpt>
      <trkpt lat="54.782282" lon="35.786743"><ele>171.0</ele></trkpt>
      <trkpt lat="54.782097" lon="35.786904"><ele>171.4</ele></trkpt>
      <trkpt lat="54.781995" lon="35.786994"><ele>171.8</ele></trkpt>
      <trkpt lat="54.781739" lon="35.787236"><ele>172.4</ele></trkpt>
      <trkpt lat="54.781586" lon="35.787382"><ele>172.8</ele></trkpt>
      <trkpt lat="54.781341" lon="35.787603"><ele>173.0</ele></trkpt>
      <trkpt lat="54.781008" lon="35.787915"><ele>173.2</ele></trkpt>
      <trkpt lat="54.780602" lon="35.788314"><ele>173.4</ele></trkpt>
      <trkpt lat="54.780567" lon="35.788353"><ele>173.4</ele></trkpt>
      <trkpt lat="54.780395" lon="35.788535"><ele>173.8</ele></trkpt>
      <trkpt lat="54.78026" lon="35.788668"><ele>174.2</ele></trkpt>
      <trkpt lat="54.780226" lon="35.788708"><ele>174.2</ele></trkpt>
      <trkpt lat="54.780021" lon="35.788986"><ele>174.8</ele></trkpt>
      <trkpt lat="54.77996" lon="35.789086"><ele>174.8</ele></trkpt>
      <trkpt lat="54.779732" lon="35.789548"><ele>175.2</ele></trkpt>
      <trkpt lat="54.779571" lon="35.790002"><ele>175.8</ele></trkpt>
      <trkpt lat="54.779472" lon="35.790272"><ele>176.0</ele></trkpt>
      <trkpt lat="54.779282" lon="35.790841"><ele>177.0</ele></trkpt>
      <trkpt lat="54.779267" lon="35.790888"><ele>177.0</ele></trkpt>
      <trkpt lat="54.779054" lon="35.791493"><ele>177.8</ele></trkpt>
      <trkpt lat="54.778993" lon="35.791667"><ele>178.0</ele></trkpt>
      <trkpt lat="54.778892" lon="35.791974"><ele>178.0</ele></trkpt>
      <trkpt lat="54.778844" lon="35.792113"><ele>178.0</ele></trkpt>
      <trkpt lat="54.778764" lon="35.792356"><ele>178.2</ele></trkpt>
      <trkpt lat="54.778671" lon="35.792602"><ele>178.2</ele></trkpt>
      <trkpt lat="54.778628" lon="35.792729"><ele>178.4</ele></trkpt>
      <trkpt lat="54.778578" lon="35.792865"><ele>178.8</ele></trkpt>
      <trkpt lat="54.778561" lon="35.792914"><ele>178.8</ele></trkpt>
      <trkpt lat="54.778536" lon="35.792989"><ele>179.0</ele></trkpt>
      <trkpt lat="54.778474" lon="35.793178"><ele>179.0</ele></trkpt>
      <trkpt lat="54.778451" lon="35.793235"><ele>179.2</ele></trkpt>
      <trkpt lat="54.778222" lon="35.793902"><ele>179.6</ele></trkpt>
      <trkpt lat="54.778073" lon="35.794399"><ele>179.6</ele></trkpt>
      <trkpt lat="54.777877" lon="35.795098"><ele>179.4</ele></trkpt>
      <trkpt lat="54.777771" lon="35.795421"><ele>179.0</ele></trkpt>
      <trkpt lat="54.777684" lon="35.79568"><ele>178.2</ele></trkpt>
      <trkpt lat="54.777651" lon="35.795777"><ele>177.6</ele></trkpt>
      <trkpt lat="54.777549" lon="35.79614"><ele>176.2</ele></trkpt>
      <trkpt lat="54.777423" lon="35.796495"><ele>175.0</ele></trkpt>
      <trkpt lat="54.777395" lon="35.79658"><ele>174.4</ele></trkpt>
      <trkpt lat="54.777318" lon="35.796807"><ele>173.8</ele></trkpt>
      <trkpt lat="54.777215" lon="35.797097"><ele>173.6</ele></trkpt>
      <trkpt lat="54.777006" lon="35.797706"><ele>173.6</ele></trkpt>
      <trkpt lat="54.776784" lon="35.798385"><ele>173.6</ele></trkpt>
      <trkpt lat="54.776556" lon="35.799058"><ele>173.8</ele></trkpt>
      <trkpt lat="54.776444" lon="35.799383"><ele>173.4</ele></trkpt>
      <trkpt lat="54.776139" lon="35.800265"><ele>173.2</ele></trkpt>
      <trkpt lat="54.776119" lon="35.80032"><ele>173.2</ele></trkpt>
      <trkpt lat="54.775931" lon="35.800864"><ele>173.4</ele></trkpt>
      <trkpt lat="54.775698" lon="35.801556"><ele>174.4</ele></trkpt>
      <trkpt lat="54.775648" lon="35.801704"><ele>174.8</ele></trkpt>
      <trkpt lat="54.77551" lon="35.80222"><ele>175.6</ele></trkpt>
      <trkpt lat="54.77548" lon="35.802347"><ele>175.8</ele></trkpt>
      <trkpt lat="54.775457" lon="35.802419"><ele>176.0</ele></trkpt>
      <trkpt lat="54.775455" lon="35.802422"><ele>176.0</ele></trkpt>
      <trkpt lat="54.775462" lon="35.802481"><ele>178.4</ele></trkpt>
      <trkpt lat="54.775458" lon="35.80252"><ele>178.4</ele></trkpt>
      <trkpt lat="54.775446" lon="35.802749"><ele>178.2</ele></trkpt>
      <trkpt lat="54.775446" lon="35.802806"><ele>178.2</ele></trkpt>
      <trkpt lat="54.775468" lon="35.803384"><ele>177.8</ele></trkpt>
      <trkpt lat="54.775493" lon="35.80374"><ele>177.2</ele></trkpt>
      <trkpt lat="54.775528" lon="35.804308"><ele>176.4</ele></trkpt>
      <trkpt lat="54.775536" lon="35.804411"><ele>176.0</ele></trkpt>
      <trkpt lat="54.775556" lon="35.80483"><ele>175.6</ele></trkpt>
      <trkpt lat="54.775554" lon="35.804931"><ele>175.4</ele></trkpt>
      <trkpt lat="54.775532" lon="35.805122"><ele>175.4</ele></trkpt>
      <trkpt lat="54.775509" lon="35.805205"><ele>175.2</ele></trkpt>
      <trkpt lat="54.77548" lon="35.80528"><ele>175.2</ele></trkpt>
      <trkpt lat="54.775405" lon="35.805411"><ele>175.0</ele></trkpt>
      <trkpt lat="54.775363" lon="35.805465"><ele>175.0</ele></trkpt>
      <trkpt lat="54.775317" lon="35.805512"><ele>174.8</ele></trkpt>
      <trkpt lat="54.775136" lon="35.805631"><ele>174.8</ele></trkpt>
      <trkpt lat="54.77489" lon="35.80577"><ele>174.8</ele></trkpt>
      <trkpt lat="54.774508" lon="35.80601"><ele>175.8</ele></trkpt>
      <trkpt lat="54.774411" lon="35.806069"><ele>176.2</ele></trkpt>
      <trkpt lat="54.77425" lon="35.806182"><ele>176.8</ele></trkpt>
      <trkpt lat="54.774199" lon="35.806261"><ele>177.4</ele></trkpt>
      <trkpt lat="54.774115" lon="35.806455"><ele>178.0</ele></trkpt>
      <trkpt lat="54.774096" lon="35.806648"><ele>178.2</ele></trkpt>
      <trkpt lat="54.774099" lon="35.806717"><ele>178.4</ele></trkpt>
      <trkpt lat="54.774105" lon="35.806789"><ele>178.4</ele></trkpt>
      <trkpt lat="54.774164" lon="35.807409"><ele>178.8</ele></trkpt>
      <trkpt lat="54.774258" lon="35.808095"><ele>178.4</ele></trkpt>
      <trkpt lat="54.774347" lon="35.808792"><ele>177.8</ele></trkpt>
      <trkpt lat="54.774382" lon="35.809224"><ele>177.8</ele></trkpt>
      <trkpt lat="54.774397" lon="35.809376"><ele>178.2</ele></trkpt>
      <trkpt lat="54.774412" lon="35.809579"><ele>179.4</ele></trkpt>
      <trkpt lat="54.774448" lon="35.809965"><ele>180.6</ele></trkpt>
      <trkpt lat="54.774454" lon="35.810066"><ele>181.0</ele></trkpt>
      <trkpt lat="54.774455" lon="35.810162"><ele>181.6</ele></trkpt>
      <trkpt lat="54.774465" lon="35.810408"><ele>183.0</ele></trkpt>
      <trkpt lat="54.774465" lon="35.81046"><ele>183.4</ele></trkpt>
      <trkpt lat="54.774464" lon="35.810557"><ele>184.0</ele></trkpt>
      <trkpt lat="54.774474" lon="35.810834"><ele>185.2</ele></trkpt>
      <trkpt lat="54.774482" lon="35.811018"><ele>186.2</ele></trkpt>
      <trkpt lat="54.774488" lon="35.811158"><ele>186.4</ele></trkpt>
      <trkpt lat="54.774489" lon="35.811374"><ele>187.0</ele></trkpt>
      <trkpt lat="54.774499" lon="35.81159"><ele>188.0</ele></trkpt>
      <trkpt lat="54.774502" lon="35.811639"><ele>188.2</ele></trkpt>
      <trkpt lat="54.774523" lon="35.811896"><ele>188.8</ele></trkpt>
      <trkpt lat="54.774536" lon="35.812168"><ele>189.2</ele></trkpt>
      <trkpt lat="54.774575" lon="35.812557"><ele>189.6</ele></trkpt>
      <trkpt lat="54.774618" lon="35.813021"><ele>190.2</ele></trkpt>
      <trkpt lat="54.774641" lon="35.81327"><ele>190.6</ele></trkpt>
      <trkpt lat="54.774705" lon="35.813843"><ele>191.2</ele></trkpt>
      <trkpt lat="54.774787" lon="35.814394"><ele>191.2</ele></trkpt>
      <trkpt lat="54.774933" lon="35.815168"><ele>191.2</ele></trkpt>
      <trkpt lat="54.774996" lon="35.815493"><ele>191.2</ele></trkpt>
      <trkpt lat="54.775027" lon="35.815731"><ele>191.2</ele></trkpt>
      <trkpt lat="54.775038" lon="35.815794"><ele>191.2</ele></trkpt>
      <trkpt lat="54.775155" lon="35.816351"><ele>191.4</ele></trkpt>
      <trkpt lat="54.775251" lon="35.81694"><ele>191.8</ele></trkpt>
      <trkpt lat="54.775376" lon="35.817582"><ele>191.8</ele></trkpt>
      <trkpt lat="54.775527" lon="35.818412"><ele>191.8</ele></trkpt>
      <trkpt lat="54.775651" lon="35.819097"><ele>191.4</ele></trkpt>
      <trkpt lat="54.775798" lon="35.819915"><ele>191.2</ele></trkpt>
      <trkpt lat="54.77585" lon="35.820615"><ele>191.0</ele></trkpt>
      <trkpt lat="54.775821" lon="35.821217"><ele>190.4</ele></trkpt>
      <trkpt lat="54.775802" lon="35.821416"><ele>190.2</ele></trkpt>
      <trkpt lat="54.775762" lon="35.821938"><ele>189.4</ele></trkpt>
      <trkpt lat="54.775712" lon="35.822568"><ele>189.0</ele></trkpt>
      <trkpt lat="54.775647" lon="35.823302"><ele>188.2</ele></trkpt>
      <trkpt lat="54.775615" lon="35.823693"><ele>187.4</ele></trkpt>
      <trkpt lat="54.775587" lon="35.823997"><ele>187.2</ele></trkpt>
      <trkpt lat="54.775514" lon="35.824785"><ele>187.0</ele></trkpt>
      <trkpt lat="54.775425" lon="35.825753"><ele>186.2</ele></trkpt>
      <trkpt lat="54.775416" lon="35.825873"><ele>186.0</ele></trkpt>
      <trkpt lat="54.775337" lon="35.826666"><ele>185.4</ele></trkpt>
      <trkpt lat="54.775307" lon="35.826966"><ele>185.0</ele></trkpt>
      <trkpt lat="54.775242" lon="35.827664"><ele>184.8</ele></trkpt>
      <trkpt lat="54.775175" lon="35.8285"><ele>184.0</ele></trkpt>
      <trkpt lat="54.775111" lon="35.829171"><ele>183.4</ele></trkpt>
      <trkpt lat="54.775076" lon="35.829523"><ele>183.0</ele></trkpt>
      <trkpt lat="54.775023" lon="35.830107"><ele>181.8</ele></trkpt>
      <trkpt lat="54.775001" lon="35.830339"><ele>181.6</ele></trkpt>
      <trkpt lat="54.774911" lon="35.831271"><ele>181.2</ele></trkpt>
      <trkpt lat="54.774868" lon="35.831733"><ele>181.2</ele></trkpt>
      <trkpt lat="54.774776" lon="35.832723"><ele>181.0</ele></trkpt>
      <trkpt lat="54.774757" lon="35.832925"><ele>181.2</ele></trkpt>
      <trkpt lat="54.774718" lon="35.833426"><ele>180.8</ele></trkpt>
      <trkpt lat="54.774678" lon="35.833972"><ele>180.6</ele></trkpt>
      <trkpt lat="54.774606" lon="35.834708"><ele>180.8</ele></trkpt>
      <trkpt lat="54.774571" lon="35.835085"><ele>179.8</ele></trkpt>
      <trkpt lat="54.774528" lon="35.835576"><ele>179.0</ele></trkpt>
      <trkpt lat="54.774495" lon="35.835931"><ele>178.8</ele></trkpt>
      <trkpt lat="54.774428" lon="35.836622"><ele>178.2</ele></trkpt>
      <trkpt lat="54.774404" lon="35.836841"><ele>177.8</ele></trkpt>
      <trkpt lat="54.774332" lon="35.83745"><ele>176.8</ele></trkpt>
      <trkpt lat="54.774289" lon="35.837749"><ele>176.8</ele></trkpt>
      <trkpt lat="54.774191" lon="35.838316"><ele>176.6</ele></trkpt>
      <trkpt lat="54.774012" lon="35.839031"><ele>176.8</ele></trkpt>
      <trkpt lat="54.773905" lon="35.839651"><ele>177.8</ele></trkpt>
      <trkpt lat="54.7739" lon="35.840269"><ele>178.0</ele></trkpt>
      <trkpt lat="54.773992" lon="35.841011"><ele>178.0</ele></trkpt>
      <trkpt lat="54.77409" lon="35.841723"><ele>177.6</ele></trkpt>
      <trkpt lat="54.774206" lon="35.84267"><ele>177.8</ele></trkpt>
      <trkpt lat="54.774243" lon="35.842988"><ele>177.8</ele></trkpt>
      <trkpt lat="54.774329" lon="35.843695"><ele>178.4</ele></trkpt>
      <trkpt lat="54.774428" lon="35.84446"><ele>178.6</ele></trkpt>
      <trkpt lat="54.77444" lon="35.844554"><ele>178.8</ele></trkpt>
      <trkpt lat="54.774527" lon="35.845247"><ele>178.8</ele></trkpt>
      <trkpt lat="54.774549" lon="35.845408"><ele>178.8</ele></trkpt>
      <trkpt lat="54.774615" lon="35.845951"><ele>179.0</ele></trkpt>
      <trkpt lat="54.77473" lon="35.846885"><ele>179.4</ele></trkpt>
      <trkpt lat="54.77475" lon="35.847034"><ele>179.8</ele></trkpt>
      <trkpt lat="54.774812" lon="35.847495"><ele>180.8</ele></trkpt>
      <trkpt lat="54.774835" lon="35.847657"><ele>181.0</ele></trkpt>
      <trkpt lat="54.774901" lon="35.848262"><ele>181.2</ele></trkpt>
      <trkpt lat="54.774956" lon="35.848752"><ele>181.2</ele></trkpt>
      <trkpt lat="54.775077" lon="35.849675"><ele>180.4</ele></trkpt>
      <trkpt lat="54.775085" lon="35.849785"><ele>180.2</ele></trkpt>
      <trkpt lat="54.775089" lon="35.850499"><ele>180.0</ele></trkpt>
      <trkpt lat="54.775053" lon="35.850944"><ele>180.0</ele></trkpt>
      <trkpt lat="54.775006" lon="35.851523"><ele>180.0</ele></trkpt>
      <trkpt lat="54.774903" lon="35.852213"><ele>181.4</ele></trkpt>
      <trkpt lat="54.774788" lon="35.852927"><ele>181.6</ele></trkpt>
      <trkpt lat="54.774604" lon="35.85358"><ele>181.4</ele></trkpt>
      <trkpt lat="54.77442" lon="35.854222"><ele>181.6</ele></trkpt>
      <trkpt lat="54.774334" lon="35.85448"><ele>181.8</ele></trkpt>
      <trkpt lat="54.774176" lon="35.854958"><ele>182.6</ele></trkpt>
      <trkpt lat="54.774126" lon="35.855127"><ele>182.8</ele></trkpt>
      <trkpt lat="54.773913" lon="35.855764"><ele>183.0</ele></trkpt>
      <trkpt lat="54.773669" lon="35.856534"><ele>182.4</ele></trkpt>
      <trkpt lat="54.773425" lon="35.857358"><ele>181.6</ele></trkpt>
      <trkpt lat="54.773224" lon="35.858013"><ele>180.6</ele></trkpt>
      <trkpt lat="54.773167" lon="35.85824"><ele>180.2</ele></trkpt>
      <trkpt lat="54.773113" lon="35.85846"><ele>179.6</ele></trkpt>
      <trkpt lat="54.773013" lon="35.858871"><ele>179.2</ele></trkpt>
      <trkpt lat="54.772968" lon="35.859065"><ele>179.2</ele></trkpt>
      <trkpt lat="54.77286" lon="35.859533"><ele>179.2</ele></trkpt>
      <trkpt lat="54.772732" lon="35.86005"><ele>179.2</ele></trkpt>
      <trkpt lat="54.772634" lon="35.860459"><ele>180.0</ele></trkpt>
      <trkpt lat="54.77261" lon="35.860553"><ele>180.2</ele></trkpt>
      <trkpt lat="54.7726" lon="35.860618"><ele>180.4</ele></trkpt>
      <trkpt lat="54.772494" lon="35.861081"><ele>181.2</ele></trkpt>
      <trkpt lat="54.772434" lon="35.861292"><ele>181.4</ele></trkpt>
      <trkpt lat="54.772426" lon="35.861343"><ele>181.4</ele></trkpt>
      <trkpt lat="54.772383" lon="35.861547"><ele>181.6</ele></trkpt>
      <trkpt lat="54.772248" lon="35.862212"><ele>181.8</ele></trkpt>
      <trkpt lat="54.772101" lon="35.862926"><ele>181.4</ele></trkpt>
      <trkpt lat="54.772035" lon="35.86335"><ele>180.2</ele></trkpt>
      <trkpt lat="54.772028" lon="35.863556"><ele>179.8</ele></trkpt>
      <trkpt lat="54.772052" lon="35.863954"><ele>179.4</ele></trkpt>
      <trkpt lat="54.772069" lon="35.864143"><ele>179.2</ele></trkpt>
      <trkpt lat="54.772145" lon="35.864943"><ele>179.2</ele></trkpt>
      <trkpt lat="54.772243" lon="35.865934"><ele>180.4</ele></trkpt>
      <trkpt lat="54.772251" lon="35.866023"><ele>180.6</ele></trkpt>
      <trkpt lat="54.772262" lon="35.866182"><ele>181.0</ele></trkpt>
      <trkpt lat="54.772307" lon="35.866699"><ele>181.4</ele></trkpt>
      <trkpt lat="54.772309" lon="35.867374"><ele>181.4</ele></trkpt>
      <trkpt lat="54.7723" lon="35.86808"><ele>181.0</ele></trkpt>
      <trkpt lat="54.772272" lon="35.868786"><ele>179.6</ele></trkpt>
      <trkpt lat="54.772259" lon="35.868899"><ele>179.4</ele></trkpt>
      <trkpt lat="54.772199" lon="35.869097"><ele>179.0</ele></trkpt>
      <trkpt lat="54.772154" lon="35.869178"><ele>179.0</ele></trkpt>
      <trkpt lat="54.772104" lon="35.869241"><ele>178.8</ele></trkpt>
      <trkpt lat="54.772053" lon="35.869292"><ele>178.6</ele></trkpt>
      <trkpt lat="54.771882" lon="35.869462"><ele>178.0</ele></trkpt>
      <trkpt lat="54.771598" lon="35.869787"><ele>177.6</ele></trkpt>
      <trkpt lat="54.771331" lon="35.8701"><ele>177.2</ele></trkpt>
      <trkpt lat="54.770861" lon="35.870664"><ele>177.0</ele></trkpt>
      <trkpt lat="54.770595" lon="35.87097"><ele>177.0</ele></trkpt>
      <trkpt lat="54.770191" lon="35.87148"><ele>177.6</ele></trkpt>
      <trkpt lat="54.77015" lon="35.87154"><ele>177.6</ele></trkpt>
      <trkpt lat="54.769916" lon="35.87183"><ele>177.8</ele></trkpt>
      <trkpt lat="54.769486" lon="35.872365"><ele>178.2</ele></trkpt>
      <trkpt lat="54.769083" lon="35.87283"><ele>178.4</ele></trkpt>
      <trkpt lat="54.768788" lon="35.873215"><ele>178.4</ele></trkpt>
      <trkpt lat="54.768552" lon="35.873514"><ele>178.6</ele></trkpt>
      <trkpt lat="54.768194" lon="35.873954"><ele>179.2</ele></trkpt>
      <trkpt lat="54.768024" lon="35.874129"><ele>179.4</ele></trkpt>
      <trkpt lat="54.767856" lon="35.874326"><ele>179.8</ele></trkpt>
      <trkpt lat="54.767423" lon="35.874853"><ele>180.0</ele></trkpt>
      <trkpt lat="54.767172" lon="35.875145"><ele>180.0</ele></trkpt>
      <trkpt lat="54.766715" lon="35.875682"><ele>178.8</ele></trkpt>
      <trkpt lat="54.76661" lon="35.875799"><ele>178.4</ele></trkpt>
      <trkpt lat="54.766283" lon="35.876204"><ele>177.8</ele></trkpt>
      <trkpt lat="54.766088" lon="35.876445"><ele>177.0</ele></trkpt>
      <trkpt lat="54.765843" lon="35.876764"><ele>176.8</ele></trkpt>
      <trkpt lat="54.765384" lon="35.877364"><ele>176.6</ele></trkpt>
      <trkpt lat="54.765329" lon="35.877431"><ele>176.4</ele></trkpt>
      <trkpt lat="54.764868" lon="35.878026"><ele>176.4</ele></trkpt>
      <trkpt lat="54.764399" lon="35.878624"><ele>176.6</ele></trkpt>
      <trkpt lat="54.764351" lon="35.87868"><ele>176.8</ele></trkpt>
      <trkpt lat="54.763991" lon="35.879143"><ele>177.2</ele></trkpt>
      <trkpt lat="54.763529" lon="35.879712"><ele>177.8</ele></trkpt>
      <trkpt lat="54.763485" lon="35.879764"><ele>177.8</ele></trkpt>
      <trkpt lat="54.763043" lon="35.880334"><ele>177.8</ele></trkpt>
      <trkpt lat="54.762702" lon="35.880779"><ele>176.8</ele></trkpt>
      <trkpt lat="54.762386" lon="35.881197"><ele>176.8</ele></trkpt>
      <trkpt lat="54.762054" lon="35.881628"><ele>177.4</ele></trkpt>
      <trkpt lat="54.761676" lon="35.882116"><ele>178.6</ele></trkpt>
      <trkpt lat="54.761405" lon="35.882454"><ele>179.6</ele></trkpt>
      <trkpt lat="54.76114" lon="35.882783"><ele>180.0</ele></trkpt>
      <trkpt lat="54.760759" lon="35.883266"><ele>180.4</ele></trkpt>
      <trkpt lat="54.760709" lon="35.883328"><ele>180.6</ele></trkpt>
      <trkpt lat="54.76041" lon="35.883729"><ele>180.6</ele></trkpt>
      <trkpt lat="54.75994" lon="35.884313"><ele>180.0</ele></trkpt>
      <trkpt lat="54.759493" lon="35.884858"><ele>179.0</ele></trkpt>
      <trkpt lat="54.759395" lon="35.88498"><ele>178.8</ele></trkpt>
      <trkpt lat="54.759041" lon="35.885429"><ele>178.6</ele></trkpt>
      <trkpt lat="54.758991" lon="35.885495"><ele>178.6</ele></trkpt>
      <trkpt lat="54.758677" lon="35.885892"><ele>178.6</ele></trkpt>
      <trkpt lat="54.758533" lon="35.886069"><ele>178.4</ele></trkpt>
      <trkpt lat="54.758155" lon="35.886551"><ele>178.0</ele></trkpt>
      <trkpt lat="54.758069" lon="35.886673"><ele>177.8</ele></trkpt>
      <trkpt lat="54.757815" lon="35.88694"><ele>177.8</ele></trkpt>
      <trkpt lat="54.757496" lon="35.887068"><ele>177.6</ele></trkpt>
      <trkpt lat="54.757068" lon="35.887122"><ele>176.8</ele></trkpt>
      <trkpt lat="54.756621" lon="35.887184"><ele>175.4</ele></trkpt>
      <trkpt lat="54.756532" lon="35.887195"><ele>174.8</ele></trkpt>
      <trkpt lat="54.756443" lon="35.887206"><ele>174.2</ele></trkpt>
      <trkpt lat="54.756263" lon="35.887221"><ele>172.6</ele></trkpt>
      <trkpt lat="54.756094" lon="35.887235"><ele>171.0</ele></trkpt>
      <trkpt lat="54.755924" lon="35.88725"><ele>170.0</ele></trkpt>
      <trkpt lat="54.755839" lon="35.887257"><ele>169.8</ele></trkpt>
      <trkpt lat="54.755466" lon="35.887316"><ele>169.6</ele></trkpt>
      <trkpt lat="54.755117" lon="35.88741"><ele>169.6</ele></trkpt>
      <trkpt lat="54.754826" lon="35.887471"><ele>171.2</ele></trkpt>
      <trkpt lat="54.75478" lon="35.887481"><ele>171.6</ele></trkpt>
      <trkpt lat="54.754559" lon="35.887514"><ele>172.4</ele></trkpt>
      <trkpt lat="54.754444" lon="35.887531"><ele>172.8</ele></trkpt>
      <trkpt lat="54.754323" lon="35.887578"><ele>172.8</ele></trkpt>
      <trkpt lat="54.754304" lon="35.887571"><ele>172.8</ele></trkpt>
      <trkpt lat="54.754295" lon="35.887565"><ele>173.0</ele></trkpt>
      <trkpt lat="54.754268" lon="35.887615"><ele>173.2</ele></trkpt>
      <trkpt lat="54.754235" lon="35.887648"><ele>173.2</ele></trkpt>
      <trkpt lat="54.754086" lon="35.887726"><ele>173.2</ele></trkpt>
      <trkpt lat="54.753888" lon="35.887806"><ele>173.4</ele></trkpt>
      <trkpt lat="54.753857" lon="35.887817"><ele>173.6</ele></trkpt>
      <trkpt lat="54.753597" lon="35.887903"><ele>174.4</ele></trkpt>
      <trkpt lat="54.753561" lon="35.887914"><ele>174.6</ele></trkpt>
      <trkpt lat="54.753272" lon="35.887987"><ele>175.2</ele></trkpt>
      <trkpt lat="54.752955" lon="35.888061"><ele>175.6</ele></trkpt>
      <trkpt lat="54.752937" lon="35.888061"><ele>175.6</ele></trkpt>
      <trkpt lat="54.752929" lon="35.888059"><ele>175.6</ele></trkpt>
      <trkpt lat="54.752918" lon="35.888064"><ele>175.6</ele></trkpt>
      <trkpt lat="54.752783" lon="35.888101"><ele>175.6</ele></trkpt>
      <trkpt lat="54.752565" lon="35.888157"><ele>175.2</ele></trkpt>
      <trkpt lat="54.752145" lon="35.888252"><ele>175.0</ele></trkpt>
      <trkpt lat="54.751738" lon="35.888334"><ele>175.2</ele></trkpt>
      <trkpt lat="54.751324" lon="35.888425"><ele>175.8</ele></trkpt>
      <trkpt lat="54.750894" lon="35.888513"><ele>176.0</ele></trkpt>
      <trkpt lat="54.750638" lon="35.88857"><ele>176.6</ele></trkpt>
      <trkpt lat="54.750517" lon="35.888595"><ele>177.0</ele></trkpt>
      <trkpt lat="54.750245" lon="35.888648"><ele>177.8</ele></trkpt>
      <trkpt lat="54.75001" lon="35.8887"><ele>178.0</ele></trkpt>
      <trkpt lat="54.749659" lon="35.88877"><ele>178.0</ele></trkpt>
      <trkpt lat="54.749242" lon="35.888864"><ele>178.6</ele></trkpt>
      <trkpt lat="54.74882" lon="35.888958"><ele>178.8</ele></trkpt>
      <trkpt lat="54.748534" lon="35.889022"><ele>179.8</ele></trkpt>
      <trkpt lat="54.748428" lon="35.889049"><ele>180.0</ele></trkpt>
      <trkpt lat="54.748116" lon="35.88912"><ele>180.6</ele></trkpt>
      <trkpt lat="54.747982" lon="35.889142"><ele>180.8</ele></trkpt>
      <trkpt lat="54.747739" lon="35.889204"><ele>182.0</ele></trkpt>
      <trkpt lat="54.747704" lon="35.889211"><ele>182.2</ele></trkpt>
      <trkpt lat="54.747461" lon="35.88928"><ele>183.2</ele></trkpt>
      <trkpt lat="54.747428" lon="35.889289"><ele>183.4</ele></trkpt>
      <trkpt lat="54.747047" lon="35.889405"><ele>183.8</ele></trkpt>
      <trkpt lat="54.746833" lon="35.889489"><ele>183.8</ele></trkpt>
      <trkpt lat="54.746471" lon="35.889596"><ele>184.2</ele></trkpt>
      <trkpt lat="54.746032" lon="35.889803"><ele>184.2</ele></trkpt>
      <trkpt lat="54.745686" lon="35.889987"><ele>183.8</ele></trkpt>
      <trkpt lat="54.745265" lon="35.890225"><ele>183.2</ele></trkpt>
      <trkpt lat="54.74481" lon="35.890556"><ele>183.0</ele></trkpt>
      <trkpt lat="54.744387" lon="35.890922"><ele>183.0</ele></trkpt>
      <trkpt lat="54.743874" lon="35.891368"><ele>182.4</ele></trkpt>
      <trkpt lat="54.743817" lon="35.891419"><ele>182.4</ele></trkpt>
      <trkpt lat="54.743395" lon="35.891789"><ele>181.4</ele></trkpt>
      <trkpt lat="54.743341" lon="35.891829"><ele>181.4</ele></trkpt>
      <trkpt lat="54.742916" lon="35.892185"><ele>181.0</ele></trkpt>
      <trkpt lat="54.742509" lon="35.892542"><ele>180.6</ele></trkpt>
      <trkpt lat="54.742283" lon="35.892745"><ele>180.4</ele></trkpt>
      <trkpt lat="54.741979" lon="35.893017"><ele>180.2</ele></trkpt>
      <trkpt lat="54.741553" lon="35.893392"><ele>179.2</ele></trkpt>
      <trkpt lat="54.741256" lon="35.893646"><ele>178.8</ele></trkpt>
      <trkpt lat="54.740766" lon="35.894061"><ele>179.2</ele></trkpt>
      <trkpt lat="54.740441" lon="35.894341"><ele>180.2</ele></trkpt>
      <trkpt lat="54.740397" lon="35.894377"><ele>180.4</ele></trkpt>
      <trkpt lat="54.740275" lon="35.894494"><ele>180.8</ele></trkpt>
      <trkpt lat="54.740142" lon="35.894593"><ele>181.4</ele></trkpt>
      <trkpt lat="54.740056" lon="35.894662"><ele>181.6</ele></trkpt>
      <trkpt lat="54.739715" lon="35.894955"><ele>181.8</ele></trkpt>
      <trkpt lat="54.7393" lon="35.895318"><ele>181.4</ele></trkpt>
      <trkpt lat="54.738859" lon="35.8957"><ele>181.0</ele></trkpt>
      <trkpt lat="54.738641" lon="35.895896"><ele>180.2</ele></trkpt>
      <trkpt lat="54.73837" lon="35.896136"><ele>179.4</ele></trkpt>
      <trkpt lat="54.738312" lon="35.896185"><ele>179.2</ele></trkpt>
      <trkpt lat="54.738189" lon="35.896289"><ele>179.0</ele></trkpt>
      <trkpt lat="54.737868" lon="35.896574"><ele>178.4</ele></trkpt>
      <trkpt lat="54.7378" lon="35.896634"><ele>178.2</ele></trkpt>
      <trkpt lat="54.737535" lon="35.896854"><ele>177.2</ele></trkpt>
      <trkpt lat="54.737352" lon="35.897004"><ele>177.0</ele></trkpt>
      <trkpt lat="54.737153" lon="35.897186"><ele>176.0</ele></trkpt>
      <trkpt lat="54.736773" lon="35.897525"><ele>175.0</ele></trkpt>
      <trkpt lat="54.736703" lon="35.897586"><ele>174.8</ele></trkpt>
      <trkpt lat="54.736429" lon="35.897828"><ele>174.0</ele></trkpt>
      <trkpt lat="54.736143" lon="35.898072"><ele>172.6</ele></trkpt>
      <trkpt lat="54.735932" lon="35.898257"><ele>171.8</ele></trkpt>
      <trkpt lat="54.735864" lon="35.898317"><ele>171.6</ele></trkpt>
      <trkpt lat="54.735624" lon="35.898526"><ele>170.2</ele></trkpt>
      <trkpt lat="54.735223" lon="35.898869"><ele>169.8</ele></trkpt>
      <trkpt lat="54.734727" lon="35.899309"><ele>169.4</ele></trkpt>
      <trkpt lat="54.734664" lon="35.899367"><ele>169.4</ele></trkpt>
      <trkpt lat="54.7346" lon="35.899422"><ele>169.4</ele></trkpt>
      <trkpt lat="54.734534" lon="35.899483"><ele>169.2</ele></trkpt>
      <trkpt lat="54.734156" lon="35.89981"><ele>168.2</ele></trkpt>
      <trkpt lat="54.733925" lon="35.900011"><ele>167.4</ele></trkpt>
      <trkpt lat="54.733743" lon="35.900168"><ele>167.2</ele></trkpt>
      <trkpt lat="54.733292" lon="35.900544"><ele>166.8</ele></trkpt>
      <trkpt lat="54.732897" lon="35.90089"><ele>166.8</ele></trkpt>
      <trkpt lat="54.732475" lon="35.901255"><ele>166.8</ele></trkpt>
      <trkpt lat="54.732" lon="35.901681"><ele>166.8</ele></trkpt>
      <trkpt lat="54.731488" lon="35.902084"><ele>166.6</ele></trkpt>
      <trkpt lat="54.731271" lon="35.902203"><ele>166.2</ele></trkpt>
      <trkpt lat="54.730894" lon="35.902409"><ele>165.8</ele></trkpt>
      <trkpt lat="54.730459" lon="35.902653"><ele>165.8</ele></trkpt>
      <trkpt lat="54.730403" lon="35.902685"><ele>165.8</ele></trkpt>
      <trkpt lat="54.729912" lon="35.902958"><ele>166.2</ele></trkpt>
      <trkpt lat="54.729394" lon="35.90324"><ele>166.4</ele></trkpt>
      <trkpt lat="54.728979" lon="35.903453"><ele>166.6</ele></trkpt>
      <trkpt lat="54.728429" lon="35.903761"><ele>166.8</ele></trkpt>
      <trkpt lat="54.72838" lon="35.903788"><ele>166.8</ele></trkpt>
      <trkpt lat="54.728066" lon="35.903954"><ele>166.8</ele></trkpt>
      <trkpt lat="54.72782" lon="35.90408"><ele>167.2</ele></trkpt>
      <trkpt lat="54.727332" lon="35.904344"><ele>167.8</ele></trkpt>
      <trkpt lat="54.726875" lon="35.904589"><ele>168.2</ele></trkpt>
      <trkpt lat="54.72683" lon="35.904613"><ele>168.2</ele></trkpt>
      <trkpt lat="54.726308" lon="35.9049"><ele>169.0</ele></trkpt>
      <trkpt lat="54.725792" lon="35.905187"><ele>168.8</ele></trkpt>
      <trkpt lat="54.725438" lon="35.905377"><ele>168.8</ele></trkpt>
      <trkpt lat="54.725005" lon="35.90561"><ele>169.2</ele></trkpt>
      <trkpt lat="54.72483" lon="35.905708"><ele>169.6</ele></trkpt>
      <trkpt lat="54.724579" lon="35.905846"><ele>169.6</ele></trkpt>
      <trkpt lat="54.724251" lon="35.906019"><ele>170.4</ele></trkpt>
      <trkpt lat="54.724174" lon="35.906064"><ele>170.6</ele></trkpt>
      <trkpt lat="54.723784" lon="35.906281"><ele>171.6</ele></trkpt>
      <trkpt lat="54.723516" lon="35.906424"><ele>172.6</ele></trkpt>
      <trkpt lat="54.723486" lon="35.906441"><ele>172.6</ele></trkpt>
      <trkpt lat="54.723276" lon="35.906552"><ele>174.0</ele></trkpt>
      <trkpt lat="54.723181" lon="35.906604"><ele>174.4</ele></trkpt>
      <trkpt lat="54.723029" lon="35.90668"><ele>175.0</ele></trkpt>
      <trkpt lat="54.722819" lon="35.906788"><ele>175.2</ele></trkpt>
      <trkpt lat="54.722679" lon="35.906871"><ele>176.2</ele></trkpt>
      <trkpt lat="54.722569" lon="35.906943"><ele>176.6</ele></trkpt>
      <trkpt lat="54.722355" lon="35.90706"><ele>177.0</ele></trkpt>
      <trkpt lat="54.722327" lon="35.907071"><ele>177.4</ele></trkpt>
      <trkpt lat="54.722299" lon="35.907082"><ele>177.6</ele></trkpt>
      <trkpt lat="54.722245" lon="35.907112"><ele>178.6</ele></trkpt>
      <trkpt lat="54.722138" lon="35.90717"><ele>179.6</ele></trkpt>
      <trkpt lat="54.72203" lon="35.907221"><ele>180.0</ele></trkpt>
      <trkpt lat="54.721823" lon="35.907345"><ele>180.8</ele></trkpt>
      <trkpt lat="54.721695" lon="35.907414"><ele>181.8</ele></trkpt>
      <trkpt lat="54.72167" lon="35.907429"><ele>182.0</ele></trkpt>
      <trkpt lat="54.721477" lon="35.907549"><ele>183.2</ele></trkpt>
      <trkpt lat="54.721378" lon="35.907609"><ele>183.4</ele></trkpt>
      <trkpt lat="54.721351" lon="35.907623"><ele>183.6</ele></trkpt>
      <trkpt lat="54.721147" lon="35.907735"><ele>184.4</ele></trkpt>
      <trkpt lat="54.721045" lon="35.90779"><ele>184.8</ele></trkpt>
      <trkpt lat="54.720713" lon="35.907956"><ele>185.2</ele></trkpt>
      <trkpt lat="54.72044" lon="35.908113"><ele>185.6</ele></trkpt>
      <trkpt lat="54.720271" lon="35.908219"><ele>186.4</ele></trkpt>
      <trkpt lat="54.720243" lon="35.908234"><ele>186.4</ele></trkpt>
      <trkpt lat="54.72016" lon="35.908276"><ele>186.6</ele></trkpt>
      <trkpt lat="54.72007" lon="35.908302"><ele>186.8</ele></trkpt>
      <trkpt lat="54.719852" lon="35.908443"><ele>187.0</ele></trkpt>
      <trkpt lat="54.719599" lon="35.908587"><ele>187.0</ele></trkpt>
      <trkpt lat="54.719201" lon="35.908803"><ele>186.8</ele></trkpt>
      <trkpt lat="54.718851" lon="35.909047"><ele>187.6</ele></trkpt>
      <trkpt lat="54.718818" lon="35.909078"><ele>187.8</ele></trkpt>
      <trkpt lat="54.718568" lon="35.909291"><ele>188.8</ele></trkpt>
      <trkpt lat="54.71847" lon="35.909408"><ele>189.0</ele></trkpt>
      <trkpt lat="54.718379" lon="35.909547"><ele>189.0</ele></trkpt>
      <trkpt lat="54.718356" lon="35.909581"><ele>189.0</ele></trkpt>
      <trkpt lat="54.718317" lon="35.909645"><ele>189.0</ele></trkpt>
      <trkpt lat="54.71826" lon="35.909735"><ele>189.0</ele></trkpt>
      <trkpt lat="54.718222" lon="35.909786"><ele>189.0</ele></trkpt>
      <trkpt lat="54.718154" lon="35.909866"><ele>189.0</ele></trkpt>
      <trkpt lat="54.718125" lon="35.909892"><ele>189.0</ele></trkpt>
      <trkpt lat="54.718081" lon="35.909914"><ele>189.0</ele></trkpt>
      <trkpt lat="54.718019" lon="35.909955"><ele>189.0</ele></trkpt>
      <trkpt lat="54.717981" lon="35.910007"><ele>189.0</ele></trkpt>
      <trkpt lat="54.71792" lon="35.910106"><ele>188.8</ele></trkpt>
      <trkpt lat="54.717513" lon="35.910844"><ele>188.0</ele></trkpt>
      <trkpt lat="54.717471" lon="35.910919"><ele>187.8</ele></trkpt>
      <trkpt lat="54.717386" lon="35.911073"><ele>187.8</ele></trkpt>
      <trkpt lat="54.717136" lon="35.911523"><ele>186.8</ele></trkpt>
      <trkpt lat="54.717094" lon="35.911608"><ele>186.4</ele></trkpt>
      <trkpt lat="54.716984" lon="35.911879"><ele>185.8</ele></trkpt>
      <trkpt lat="54.716871" lon="35.912148"><ele>184.6</ele></trkpt>
      <trkpt lat="54.716833" lon="35.912242"><ele>184.4</ele></trkpt>
      <trkpt lat="54.716596" lon="35.912782"><ele>183.4</ele></trkpt>
      <trkpt lat="54.716403" lon="35.91321"><ele>183.0</ele></trkpt>
      <trkpt lat="54.716109" lon="35.913885"><ele>183.0</ele></trkpt>
      <trkpt lat="54.715916" lon="35.914508"><ele>183.4</ele></trkpt>
      <trkpt lat="54.715846" lon="35.915154"><ele>183.4</ele></trkpt>
      <trkpt lat="54.715806" lon="35.915843"><ele>183.6</ele></trkpt>
      <trkpt lat="54.715811" lon="35.916024"><ele>183.6</ele></trkpt>
      <trkpt lat="54.715807" lon="35.916192"><ele>183.8</ele></trkpt>
      <trkpt lat="54.715804" lon="35.916334"><ele>184.0</ele></trkpt>
      <trkpt lat="54.715842" lon="35.916951"><ele>184.4</ele></trkpt>
      <trkpt lat="54.715894" lon="35.91771"><ele>184.2</ele></trkpt>
      <trkpt lat="54.715936" lon="35.918347"><ele>183.0</ele></trkpt>
      <trkpt lat="54.715959" lon="35.918606"><ele>182.4</ele></trkpt>
      <trkpt lat="54.716008" lon="35.918965"><ele>181.8</ele></trkpt>
      <trkpt lat="54.716025" lon="35.919284"><ele>181.4</ele></trkpt>
      <trkpt lat="54.716051" lon="35.919756"><ele>181.2</ele></trkpt>
      <trkpt lat="54.716107" lon="35.920717"><ele>181.0</ele></trkpt>
      <trkpt lat="54.716132" lon="35.92106"><ele>180.6</ele></trkpt>
      <trkpt lat="54.716147" lon="35.921299"><ele>180.2</ele></trkpt>
      <trkpt lat="54.7162" lon="35.922107"><ele>179.2</ele></trkpt>
      <trkpt lat="54.716257" lon="35.923047"><ele>179.2</ele></trkpt>
      <trkpt lat="54.71628" lon="35.923293"><ele>179.2</ele></trkpt>
      <trkpt lat="54.716314" lon="35.923778"><ele>179.2</ele></trkpt>
      <trkpt lat="54.716327" lon="35.924021"><ele>179.2</ele></trkpt>
      <trkpt lat="54.716346" lon="35.924268"><ele>179.2</ele></trkpt>
      <trkpt lat="54.716344" lon="35.924385"><ele>179.2</ele></trkpt>
      <trkpt lat="54.716347" lon="35.924503"><ele>179.2</ele></trkpt>
      <trkpt lat="54.71636" lon="35.924749"><ele>179.2</ele></trkpt>
      <trkpt lat="54.716387" lon="35.92515"><ele>179.0</ele></trkpt>
      <trkpt lat="54.716428" lon="35.925703"><ele>178.8</ele></trkpt>
      <trkpt lat="54.716467" lon="35.926279"><ele>178.6</ele></trkpt>
      <trkpt lat="54.716492" lon="35.926541"><ele>178.4</ele></trkpt>
      <trkpt lat="54.716502" lon="35.926677"><ele>178.4</ele></trkpt>
      <trkpt lat="54.716511" lon="35.926804"><ele>178.4</ele></trkpt>
      <trkpt lat="54.716558" lon="35.927281"><ele>178.0</ele></trkpt>
      <trkpt lat="54.716598" lon="35.927792"><ele>177.6</ele></trkpt>
      <trkpt lat="54.716604" lon="35.927935"><ele>177.6</ele></trkpt>
      <trkpt lat="54.716678" lon="35.928529"><ele>177.6</ele></trkpt>
      <trkpt lat="54.716699" lon="35.928786"><ele>177.6</ele></trkpt>
      <trkpt lat="54.716725" lon="35.929036"><ele>177.4</ele></trkpt>
      <trkpt lat="54.716722" lon="35.92928"><ele>177.4</ele></trkpt>
      <trkpt lat="54.716718" lon="35.929486"><ele>177.6</ele></trkpt>
      <trkpt lat="54.716723" lon="35.929739"><ele>177.8</ele></trkpt>
      <trkpt lat="54.716709" lon="35.929827"><ele>177.8</ele></trkpt>
      <trkpt lat="54.716695" lon="35.92989"><ele>177.8</ele></trkpt>
      <trkpt lat="54.716712" lon="35.930049"><ele>177.8</ele></trkpt>
      <trkpt lat="54.716719" lon="35.930178"><ele>178.0</ele></trkpt>
      <trkpt lat="54.716724" lon="35.930445"><ele>178.0</ele></trkpt>
      <trkpt lat="54.716736" lon="35.930657"><ele>178.0</ele></trkpt>
      <trkpt lat="54.71675" lon="35.930759"><ele>178.2</ele></trkpt>
      <trkpt lat="54.7168" lon="35.930995"><ele>178.2</ele></trkpt>
      <trkpt lat="54.716831" lon="35.931189"><ele>178.2</ele></trkpt>
      <trkpt lat="54.716834" lon="35.931287"><ele>178.4</ele></trkpt>
      <trkpt lat="54.716825" lon="35.931744"><ele>178.6</ele></trkpt>
      <trkpt lat="54.716812" lon="35.931815"><ele>178.8</ele></trkpt>
      <trkpt lat="54.716801" lon="35.931949"><ele>179.0</ele></trkpt>
      <trkpt lat="54.716803" lon="35.93212"><ele>179.2</ele></trkpt>
      <trkpt lat="54.716794" lon="35.932362"><ele>179.4</ele></trkpt>
      <trkpt lat="54.716775" lon="35.932642"><ele>179.4</ele></trkpt>
      <trkpt lat="54.716791" lon="35.932776"><ele>179.6</ele></trkpt>
      <trkpt lat="54.716825" lon="35.932894"><ele>179.6</ele></trkpt>
      <trkpt lat="54.716961" lon="35.933345"><ele>180.2</ele></trkpt>
      <trkpt lat="54.717004" lon="35.933578"><ele>180.2</ele></trkpt>
      <trkpt lat="54.717008" lon="35.933667"><ele>180.2</ele></trkpt>
      <trkpt lat="54.717009" lon="35.933725"><ele>180.2</ele></trkpt>
      <trkpt lat="54.717004" lon="35.934008"><ele>180.2</ele></trkpt>
      <trkpt lat="54.716994" lon="35.934093"><ele>180.2</ele></trkpt>
      <trkpt lat="54.716994" lon="35.934537"><ele>180.0</ele></trkpt>
      <trkpt lat="54.717006" lon="35.934713"><ele>180.0</ele></trkpt>
      <trkpt lat="54.717023" lon="35.934911"><ele>180.0</ele></trkpt>
      <trkpt lat="54.717054" lon="35.935472"><ele>179.8</ele></trkpt>
      <trkpt lat="54.717082" lon="35.935898"><ele>179.4</ele></trkpt>
      <trkpt lat="54.717125" lon="35.936124"><ele>179.4</ele></trkpt>
      <trkpt lat="54.717151" lon="35.9366"><ele>179.4</ele></trkpt>
      <trkpt lat="54.717139" lon="35.936803"><ele>179.6</ele></trkpt>
      <trkpt lat="54.717095" lon="35.937068"><ele>179.6</ele></trkpt>
      <trkpt lat="54.71709" lon="35.937188"><ele>179.6</ele></trkpt>
      <trkpt lat="54.717092" lon="35.937302"><ele>179.6</ele></trkpt>
      <trkpt lat="54.717133" lon="35.937489"><ele>179.6</ele></trkpt>
      <trkpt lat="54.717161" lon="35.937569"><ele>179.6</ele></trkpt>
      <trkpt lat="54.717173" lon="35.937644"><ele>179.6</ele></trkpt>
      <trkpt lat="54.717183" lon="35.93785"><ele>179.8</ele></trkpt>
      <trkpt lat="54.717189" lon="35.937945"><ele>179.8</ele></trkpt>
      <trkpt lat="54.717153" lon="35.938094"><ele>179.8</ele></trkpt>
      <trkpt lat="54.717152" lon="35.938174"><ele>179.8</ele></trkpt>
      <trkpt lat="54.717158" lon="35.938261"><ele>180.0</ele></trkpt>
      <trkpt lat="54.71718" lon="35.938436"><ele>180.4</ele></trkpt>
      <trkpt lat="54.717218" lon="35.938587"><ele>180.4</ele></trkpt>
      <trkpt lat="54.717258" lon="35.938733"><ele>180.6</ele></trkpt>
      <trkpt lat="54.717361" lon="35.939063"><ele>180.8</ele></trkpt>
      <trkpt lat="54.71755" lon="35.939481"><ele>181.0</ele></trkpt>
      <trkpt lat="54.71763" lon="35.939583"><ele>181.0</ele></trkpt>
      <trkpt lat="54.717729" lon="35.939682"><ele>181.0</ele></trkpt>
      <trkpt lat="54.717941" lon="35.940017"><ele>181.0</ele></trkpt>
      <trkpt lat="54.718246" lon="35.940533"><ele>180.0</ele></trkpt>
      <trkpt lat="54.71846" lon="35.940828"><ele>179.6</ele></trkpt>
      <trkpt lat="54.718617" lon="35.94104"><ele>179.6</ele></trkpt>
      <trkpt lat="54.718664" lon="35.941116"><ele>179.4</ele></trkpt>
      <trkpt lat="54.718913" lon="35.9416"><ele>179.0</ele></trkpt>
      <trkpt lat="54.718984" lon="35.941742"><ele>178.8</ele></trkpt>
      <trkpt lat="54.719057" lon="35.941997"><ele>178.8</ele></trkpt>
      <trkpt lat="54.719223" lon="35.942523"><ele>178.6</ele></trkpt>
      <trkpt lat="54.719314" lon="35.942663"><ele>178.4</ele></trkpt>
      <trkpt lat="54.719506" lon="35.942997"><ele>177.8</ele></trkpt>
      <trkpt lat="54.719633" lon="35.943173"><ele>177.2</ele></trkpt>
      <trkpt lat="54.719837" lon="35.943381"><ele>176.0</ele></trkpt>
      <trkpt lat="54.72019" lon="35.943713"><ele>174.2</ele></trkpt>
      <trkpt lat="54.72029" lon="35.94382"><ele>173.2</ele></trkpt>
      <trkpt lat="54.720389" lon="35.943956"><ele>172.2</ele></trkpt>
      <trkpt lat="54.720483" lon="35.944117"><ele>171.2</ele></trkpt>
      <trkpt lat="54.720555" lon="35.944247"><ele>170.0</ele></trkpt>
      <trkpt lat="54.720629" lon="35.944377"><ele>169.0</ele></trkpt>
      <trkpt lat="54.720758" lon="35.944582"><ele>167.8</ele></trkpt>
      <trkpt lat="54.720864" lon="35.944747"><ele>166.6</ele></trkpt>
      <trkpt lat="54.720986" lon="35.944939"><ele>165.4</ele></trkpt>
      <trkpt lat="54.721014" lon="35.944973"><ele>164.0</ele></trkpt>
      <trkpt lat="54.721043" lon="35.945007"><ele>162.8</ele></trkpt>
      <trkpt lat="54.721098" lon="35.945097"><ele>161.4</ele></trkpt>
      <trkpt lat="54.721129" lon="35.94516"><ele>160.0</ele></trkpt>
      <trkpt lat="54.721178" lon="35.945262"><ele>158.6</ele></trkpt>
      <trkpt lat="54.721177" lon="35.945319"><ele>157.2</ele></trkpt>
      <trkpt lat="54.721224" lon="35.945424"><ele>156.0</ele></trkpt>
      <trkpt lat="54.721268" lon="35.945607"><ele>154.4</ele></trkpt>
      <trkpt lat="54.72142" lon="35.945825"><ele>154.4</ele></trkpt>
      <trkpt lat="54.721586" lon="35.946034"><ele>153.0</ele></trkpt>
      <trkpt lat="54.721656" lon="35.946122"><ele>151.8</ele></trkpt>
      <trkpt lat="54.721735" lon="35.946229"><ele>151.0</ele></trkpt>
      <trkpt lat="54.721807" lon="35.946404"><ele>150.6</ele></trkpt>
      <trkpt lat="54.721908" lon="35.946632"><ele>150.4</ele></trkpt>
      <trkpt lat="54.72177" lon="35.946255"><ele>150.0</ele></trkpt>
      <trkpt lat="54.721936" lon="35.946597"><ele>149.6</ele></trkpt>
      <trkpt lat="54.721997" lon="35.946667"><ele>149.4</ele></trkpt>
      <trkpt lat="54.722066" lon="35.946755"><ele>149.4</ele></trkpt>
      <trkpt lat="54.722282" lon="35.947097"><ele>149.0</ele></trkpt>
      <trkpt lat="54.722335" lon="35.947199"><ele>149.0</ele></trkpt>
      <trkpt lat="54.722458" lon="35.947397"><ele>148.4</ele></trkpt>
      <trkpt lat="54.72268" lon="35.947715"><ele>147.8</ele></trkpt>
      <trkpt lat="54.722856" lon="35.94795"><ele>147.6</ele></trkpt>
      <trkpt lat="54.723025" lon="35.9482"><ele>147.6</ele></trkpt>
      <trkpt lat="54.72313" lon="35.948331"><ele>147.4</ele></trkpt>
      <trkpt lat="54.723305" lon="35.948567"><ele>147.4</ele></trkpt>
      <trkpt lat="54.723531" lon="35.948864"><ele>147.0</ele></trkpt>
      <trkpt lat="54.72378" lon="35.949208"><ele>147.0</ele></trkpt>
      <trkpt lat="54.724004" lon="35.94953"><ele>147.0</ele></trkpt>
      <trkpt lat="54.72409" lon="35.949651"><ele>147.0</ele></trkpt>
      <trkpt lat="54.724192" lon="35.949773"><ele>147.2</ele></trkpt>
      <trkpt lat="54.724249" lon="35.949865"><ele>147.4</ele></trkpt>
      <trkpt lat="54.724446" lon="35.950213"><ele>147.8</ele></trkpt>
      <trkpt lat="54.724511" lon="35.950327"><ele>147.8</ele></trkpt>
      <trkpt lat="54.724576" lon="35.950409"><ele>147.8</ele></trkpt>
      <trkpt lat="54.724641" lon="35.950529"><ele>148.0</ele></trkpt>
      <trkpt lat="54.724796" lon="35.950767"><ele>148.0</ele></trkpt>
      <trkpt lat="54.725041" lon="35.951238"><ele>148.0</ele></trkpt>
      <trkpt lat="54.72528" lon="35.951575"><ele>148.0</ele></trkpt>
      <trkpt lat="54.725313" lon="35.951641"><ele>148.0</ele></trkpt>
      <trkpt lat="54.725359" lon="35.951707"><ele>148.0</ele></trkpt>
      <trkpt lat="54.725424" lon="35.951782"><ele>148.0</ele></trkpt>
      <trkpt lat="54.725493" lon="35.951852"><ele>148.0</ele></trkpt>
      <trkpt lat="54.725622" lon="35.952044"><ele>148.0</ele></trkpt>
      <trkpt lat="54.725665" lon="35.952107"><ele>148.0</ele></trkpt>
      <trkpt lat="54.725733" lon="35.952218"><ele>148.0</ele></trkpt>
      <trkpt lat="54.725782" lon="35.952282"><ele>148.0</ele></trkpt>
      <trkpt lat="54.725891" lon="35.952406"><ele>148.4</ele></trkpt>
      <trkpt lat="54.725929" lon="35.952464"><ele>148.6</ele></trkpt>
      <trkpt lat="54.725971" lon="35.952515"><ele>149.0</ele></trkpt>
      <trkpt lat="54.726071" lon="35.952683"><ele>149.2</ele></trkpt>
      <trkpt lat="54.726188" lon="35.952896"><ele>149.6</ele></trkpt>
      <trkpt lat="54.726229" lon="35.952974"><ele>149.8</ele></trkpt>
      <trkpt lat="54.726325" lon="35.953221"><ele>150.2</ele></trkpt>
      <trkpt lat="54.726396" lon="35.953429"><ele>150.4</ele></trkpt>
      <trkpt lat="54.72647" lon="35.953691"><ele>150.4</ele></trkpt>
      <trkpt lat="54.72652" lon="35.953999"><ele>150.4</ele></trkpt>
      <trkpt lat="54.726561" lon="35.95418"><ele>150.4</ele></trkpt>
      <trkpt lat="54.726625" lon="35.954613"><ele>150.4</ele></trkpt>
      <trkpt lat="54.726644" lon="35.954714"><ele>150.4</ele></trkpt>
      <trkpt lat="54.726657" lon="35.954803"><ele>150.4</ele></trkpt>
      <trkpt lat="54.726642" lon="35.954888"><ele>150.4</ele></trkpt>
      <trkpt lat="54.726633" lon="35.954975"><ele>150.4</ele></trkpt>
      <trkpt lat="54.726613" lon="35.955128"><ele>150.4</ele></trkpt>
      <trkpt lat="54.726652" lon="35.95536"><ele>150.4</ele></trkpt>
      <trkpt lat="54.726659" lon="35.955456"><ele>150.2</ele></trkpt>
      <trkpt lat="54.726676" lon="35.955549"><ele>149.8</ele></trkpt>
      <trkpt lat="54.726696" lon="35.955753"><ele>149.2</ele></trkpt>
      <trkpt lat="54.72675" lon="35.95603"><ele>148.6</ele></trkpt>
      <trkpt lat="54.726779" lon="35.95618"><ele>148.4</ele></trkpt>
      <trkpt lat="54.726801" lon="35.956313"><ele>148.0</ele></trkpt>
      <trkpt lat="54.726822" lon="35.956516"><ele>147.8</ele></trkpt>
      <trkpt lat="54.726854" lon="35.956717"><ele>147.4</ele></trkpt>
      <trkpt lat="54.726926" lon="35.957252"><ele>147.2</ele></trkpt>
      <trkpt lat="54.72694" lon="35.957431"><ele>147.2</ele></trkpt>
      <trkpt lat="54.726969" lon="35.957788"><ele>147.2</ele></trkpt>
      <trkpt lat="54.726977" lon="35.957856"><ele>147.2</ele></trkpt>
      <trkpt lat="54.727005" lon="35.958121"><ele>147.2</ele></trkpt>
      <trkpt lat="54.727016" lon="35.958184"><ele>147.2</ele></trkpt>
      <trkpt lat="54.727043" lon="35.958332"><ele>147.2</ele></trkpt>
      <trkpt lat="54.727036" lon="35.958494"><ele>147.2</ele></trkpt>
      <trkpt lat="54.727027" lon="35.958661"><ele>147.6</ele></trkpt>
      <trkpt lat="54.727024" lon="35.958746"><ele>147.6</ele></trkpt>
      <trkpt lat="54.727039" lon="35.958838"><ele>147.8</ele></trkpt>
      <trkpt lat="54.727107" lon="35.959043"><ele>147.8</ele></trkpt>
      <trkpt lat="54.727146" lon="35.959235"><ele>148.2</ele></trkpt>
      <trkpt lat="54.727155" lon="35.959318"><ele>148.2</ele></trkpt>
      <trkpt lat="54.727174" lon="35.959495"><ele>148.6</ele></trkpt>
      <trkpt lat="54.727224" lon="35.959799"><ele>149.0</ele></trkpt>
      <trkpt lat="54.727256" lon="35.959939"><ele>149.4</ele></trkpt>
      <trkpt lat="54.72728" lon="35.960095"><ele>149.6</ele></trkpt>
      <trkpt lat="54.727285" lon="35.960176"><ele>149.8</ele></trkpt>
      <trkpt lat="54.727357" lon="35.960639"><ele>150.0</ele></trkpt>
      <trkpt lat="54.727434" lon="35.960975"><ele>150.0</ele></trkpt>
      <trkpt lat="54.727498" lon="35.961219"><ele>150.0</ele></trkpt>
      <trkpt lat="54.727563" lon="35.961467"><ele>150.0</ele></trkpt>
      <trkpt lat="54.727585" lon="35.961584"><ele>150.0</ele></trkpt>
      <trkpt lat="54.727595" lon="35.961661"><ele>150.0</ele></trkpt>
      <trkpt lat="54.727631" lon="35.961885"><ele>150.0</ele></trkpt>
      <trkpt lat="54.727654" lon="35.961999"><ele>150.0</ele></trkpt>
      <trkpt lat="54.727751" lon="35.962652"><ele>149.6</ele></trkpt>
      <trkpt lat="54.727766" lon="35.962865"><ele>148.6</ele></trkpt>
      <trkpt lat="54.72779" lon="35.963368"><ele>147.4</ele></trkpt>
      <trkpt lat="54.72779" lon="35.963461"><ele>147.4</ele></trkpt>
      <trkpt lat="54.727742" lon="35.964107"><ele>147.2</ele></trkpt>
      <trkpt lat="54.727634" lon="35.964827"><ele>147.2</ele></trkpt>
      <trkpt lat="54.727501" lon="35.96563"><ele>147.2</ele></trkpt>
      <trkpt lat="54.727393" lon="35.966103"><ele>148.4</ele></trkpt>
      <trkpt lat="54.727362" lon="35.966239"><ele>148.8</ele></trkpt>
      <trkpt lat="54.72725" lon="35.966719"><ele>149.6</ele></trkpt>
      <trkpt lat="54.727193" lon="35.966891"><ele>149.8</ele></trkpt>
      <trkpt lat="54.727137" lon="35.967164"><ele>150.2</ele></trkpt>
      <trkpt lat="54.727077" lon="35.967334"><ele>151.0</ele></trkpt>
      <trkpt lat="54.726976" lon="35.967617"><ele>152.2</ele></trkpt>
      <trkpt lat="54.726959" lon="35.967664"><ele>152.4</ele></trkpt>
      <trkpt lat="54.726866" lon="35.967931"><ele>153.4</ele></trkpt>
      <trkpt lat="54.72685" lon="35.967969"><ele>153.6</ele></trkpt>
      <trkpt lat="54.726779" lon="35.968115"><ele>154.4</ele></trkpt>
      <trkpt lat="54.726707" lon="35.968264"><ele>154.8</ele></trkpt>
      <trkpt lat="54.726599" lon="35.968492"><ele>155.6</ele></trkpt>
      <trkpt lat="54.726497" lon="35.968687"><ele>156.2</ele></trkpt>
      <trkpt lat="54.726402" lon="35.968882"><ele>156.6</ele></trkpt>
      <trkpt lat="54.72635" lon="35.96901"><ele>157.0</ele></trkpt>
      <trkpt lat="54.72624" lon="35.969377"><ele>157.8</ele></trkpt>
      <trkpt lat="54.726203" lon="35.969525"><ele>158.4</ele></trkpt>
      <trkpt lat="54.726137" lon="35.969834"><ele>159.0</ele></trkpt>
      <trkpt lat="54.726113" lon="35.969923"><ele>159.2</ele></trkpt>
      <trkpt lat="54.726034" lon="35.970186"><ele>159.8</ele></trkpt>
      <trkpt lat="54.726021" lon="35.970205"><ele>160.0</ele></trkpt>
      <trkpt lat="54.726007" lon="35.970621"><ele>160.8</ele></trkpt>
      <trkpt lat="54.726017" lon="35.970639"><ele>160.8</ele></trkpt>
      <trkpt lat="54.726028" lon="35.970787"><ele>160.8</ele></trkpt>
      <trkpt lat="54.726024" lon="35.970783"><ele>160.8</ele></trkpt>
      <trkpt lat="54.725994" lon="35.970752"><ele>160.8</ele></trkpt>
      <trkpt lat="54.72599" lon="35.970751"><ele>160.8</ele></trkpt>
      <trkpt lat="54.725945" lon="35.97081"><ele>160.8</ele></trkpt>
      <trkpt lat="54.725972" lon="35.970882"><ele>160.8</ele></trkpt>
      <trkpt lat="54.726014" lon="35.971082"><ele>161.0</ele></trkpt>
      <trkpt lat="54.726003" lon="35.971106"><ele>161.2</ele></trkpt>
      <trkpt lat="54.72601" lon="35.971152"><ele>161.4</ele></trkpt>
      <trkpt lat="54.725979" lon="35.971277"><ele>161.8</ele></trkpt>
      <trkpt lat="54.725972" lon="35.971392"><ele>162.0</ele></trkpt>
      <trkpt lat="54.725952" lon="35.971444"><ele>162.0</ele></trkpt>
      <trkpt lat="54.725823" lon="35.971514"><ele>162.0</ele></trkpt>
      <trkpt lat="54.72573" lon="35.971573"><ele>162.2</ele></trkpt>
      <trkpt lat="54.725613" lon="35.971584"><ele>162.4</ele></trkpt>
      <trkpt lat="54.725472" lon="35.971578"><ele>162.8</ele></trkpt>
      <trkpt lat="54.725373" lon="35.971561"><ele>162.8</ele></trkpt>
      <trkpt lat="54.72531" lon="35.971534"><ele>162.8</ele></trkpt>
      <trkpt lat="54.725173" lon="35.971502"><ele>163.0</ele></trkpt>
      <trkpt lat="54.725061" lon="35.971486"><ele>163.2</ele></trkpt>
      <trkpt lat="54.724963" lon="35.971636"><ele>163.6</ele></trkpt>
      <trkpt lat="54.724947" lon="35.971673"><ele>163.6</ele></trkpt>
      <trkpt lat="54.72492" lon="35.971754"><ele>163.8</ele></trkpt>
      <trkpt lat="54.724906" lon="35.97177"><ele>163.8</ele></trkpt>
      <trkpt lat="54.724842" lon="35.971979"><ele>164.0</ele></trkpt>
      <trkpt lat="54.724802" lon="35.9721"><ele>164.0</ele></trkpt>
      <trkpt lat="54.724735" lon="35.972286"><ele>164.0</ele></trkpt>
      <trkpt lat="54.724535" lon="35.972917"><ele>164.4</ele></trkpt>
      <trkpt lat="54.724497" lon="35.973048"><ele>164.4</ele></trkpt>
      <trkpt lat="54.724384" lon="35.973456"><ele>164.6</ele></trkpt>
      <trkpt lat="54.724186" lon="35.974202"><ele>164.4</ele></trkpt>
      <trkpt lat="54.724111" lon="35.974647"><ele>164.0</ele></trkpt>
      <trkpt lat="54.724085" lon="35.974971"><ele>163.8</ele></trkpt>
      <trkpt lat="54.724094" lon="35.975144"><ele>163.6</ele></trkpt>
      <trkpt lat="54.724123" lon="35.975619"><ele>163.2</ele></trkpt>
      <trkpt lat="54.724168" lon="35.975841"><ele>163.0</ele></trkpt>
      <trkpt lat="54.724264" lon="35.97627"><ele>162.4</ele></trkpt>
      <trkpt lat="54.724366" lon="35.976733"><ele>161.8</ele></trkpt>
      <trkpt lat="54.724484" lon="35.977257"><ele>161.4</ele></trkpt>
      <trkpt lat="54.724593" lon="35.977758"><ele>161.0</ele></trkpt>
      <trkpt lat="54.724687" lon="35.978214"><ele>159.6</ele></trkpt>
      <trkpt lat="54.724731" lon="35.97841"><ele>158.4</ele></trkpt>
      <trkpt lat="54.724781" lon="35.978627"><ele>157.6</ele></trkpt>
      <trkpt lat="54.724806" lon="35.978736"><ele>157.4</ele></trkpt>
      <trkpt lat="54.724984" lon="35.979555"><ele>157.0</ele></trkpt>
      <trkpt lat="54.725168" lon="35.980457"><ele>157.0</ele></trkpt>
      <trkpt lat="54.725187" lon="35.980551"><ele>157.0</ele></trkpt>
      <trkpt lat="54.725323" lon="35.981493"><ele>156.8</ele></trkpt>
      <trkpt lat="54.7254" lon="35.982217"><ele>158.0</ele></trkpt>
      <trkpt lat="54.725431" lon="35.982521"><ele>158.4</ele></trkpt>
      <trkpt lat="54.725442" lon="35.982821"><ele>159.0</ele></trkpt>
      <trkpt lat="54.725454" lon="35.983145"><ele>159.4</ele></trkpt>
      <trkpt lat="54.725456" lon="35.983219"><ele>159.4</ele></trkpt>
      <trkpt lat="54.725461" lon="35.98367"><ele>160.6</ele></trkpt>
      <trkpt lat="54.725464" lon="35.984177"><ele>161.2</ele></trkpt>
      <trkpt lat="54.725463" lon="35.984413"><ele>161.8</ele></trkpt>
      <trkpt lat="54.725459" lon="35.984569"><ele>162.2</ele></trkpt>
      <trkpt lat="54.725455" lon="35.984798"><ele>162.6</ele></trkpt>
      <trkpt lat="54.725456" lon="35.984921"><ele>162.8</ele></trkpt>
      <trkpt lat="54.725457" lon="35.985517"><ele>164.0</ele></trkpt>
      <trkpt lat="54.725463" lon="35.985763"><ele>164.0</ele></trkpt>
      <trkpt lat="54.725464" lon="35.986217"><ele>164.2</ele></trkpt>
      <trkpt lat="54.72546" lon="35.986861"><ele>164.8</ele></trkpt>
      <trkpt lat="54.725457" lon="35.987088"><ele>165.2</ele></trkpt>
      <trkpt lat="54.725451" lon="35.987492"><ele>165.4</ele></trkpt>
      <trkpt lat="54.725445" lon="35.988097"><ele>166.0</ele></trkpt>
      <trkpt lat="54.725445" lon="35.988155"><ele>166.2</ele></trkpt>
      <trkpt lat="54.725454" lon="35.988697"><ele>167.0</ele></trkpt>
      <trkpt lat="54.725456" lon="35.988934"><ele>167.4</ele></trkpt>
      <trkpt lat="54.725456" lon="35.989364"><ele>168.0</ele></trkpt>
      <trkpt lat="54.725457" lon="35.989651"><ele>168.6</ele></trkpt>
      <trkpt lat="54.725451" lon="35.989816"><ele>169.0</ele></trkpt>
      <trkpt lat="54.725423" lon="35.989909"><ele>169.4</ele></trkpt>
      <trkpt lat="54.72538" lon="35.989937"><ele>169.8</ele></trkpt>
      <trkpt lat="54.725209" lon="35.989917"><ele>170.6</ele></trkpt>
      <trkpt lat="54.725072" lon="35.989915"><ele>170.8</ele></trkpt>
      <trkpt lat="54.724936" lon="35.989915"><ele>171.2</ele></trkpt>
      <trkpt lat="54.724815" lon="35.989831"><ele>171.2</ele></trkpt>
      <trkpt lat="54.724798" lon="35.989784"><ele>171.2</ele></trkpt>
      <trkpt lat="54.724738" lon="35.989495"><ele>171.2</ele></trkpt>
      <trkpt lat="54.72466" lon="35.98933"><ele>171.2</ele></trkpt>
      <trkpt lat="54.724644" lon="35.989315"><ele>171.2</ele></trkpt>
      <trkpt lat="54.72464" lon="35.989311"><ele>171.2</ele></trkpt>
      <trkpt lat="54.72468" lon="35.989346"><ele>173.0</ele></trkpt>
      <trkpt lat="54.724674" lon="35.989366"><ele>173.0</ele></trkpt>
      <trkpt lat="54.724662" lon="35.989377"><ele>173.0</ele></trkpt>
      <trkpt lat="54.7246" lon="35.989374"><ele>172.8</ele></trkpt>
      <trkpt lat="54.724515" lon="35.989331"><ele>172.8</ele></trkpt>
      <trkpt lat="54.724502" lon="35.989334"><ele>172.8</ele></trkpt>
      <trkpt lat="54.724475" lon="35.989377"><ele>172.8</ele></trkpt>
      <trkpt lat="54.724409" lon="35.989641"><ele>172.8</ele></trkpt>
      <trkpt lat="54.724347" lon="35.98986"><ele>172.8</ele></trkpt>
      <trkpt lat="54.724221" lon="35.990202"><ele>172.8</ele></trkpt>
      <trkpt lat="54.724129" lon="35.990531"><ele>173.6</ele></trkpt>
      <trkpt lat="54.724086" lon="35.990674"><ele>174.2</ele></trkpt>
      <trkpt lat="54.724024" lon="35.990861"><ele>175.0</ele></trkpt>
      <trkpt lat="54.723999" lon="35.990936"><ele>175.4</ele></trkpt>
      <trkpt lat="54.723925" lon="35.991169"><ele>176.4</ele></trkpt>
      <trkpt lat="54.723891" lon="35.991276"><ele>176.8</ele></trkpt>
      <trkpt lat="54.723862" lon="35.991373"><ele>177.4</ele></trkpt>
      <trkpt lat="54.723811" lon="35.991514"><ele>178.6</ele></trkpt>
      <trkpt lat="54.723789" lon="35.991584"><ele>179.0</ele></trkpt>
      <trkpt lat="54.723733" lon="35.991697"><ele>179.6</ele></trkpt>
      <trkpt lat="54.723658" lon="35.991785"><ele>180.4</ele></trkpt>
      <trkpt lat="54.7236" lon="35.9918"><ele>180.6</ele></trkpt>
      <trkpt lat="54.72339" lon="35.991815"><ele>181.4</ele></trkpt>
      <trkpt lat="54.723266" lon="35.991841"><ele>181.6</ele></trkpt>
      <trkpt lat="54.72312" lon="35.991868"><ele>182.4</ele></trkpt>
      <trkpt lat="54.723071" lon="35.991872"><ele>182.6</ele></trkpt>
      <trkpt lat="54.722864" lon="35.991894"><ele>183.4</ele></trkpt>
      <trkpt lat="54.722605" lon="35.991893"><ele>183.8</ele></trkpt>
      <trkpt lat="54.722551" lon="35.99189"><ele>184.0</ele></trkpt>
      <trkpt lat="54.722262" lon="35.991887"><ele>184.4</ele></trkpt>
      <trkpt lat="54.722027" lon="35.991882"><ele>185.0</ele></trkpt>
      <trkpt lat="54.722004" lon="35.991879"><ele>185.2</ele></trkpt>
      <trkpt lat="54.721966" lon="35.991861"><ele>185.6</ele></trkpt>
      <trkpt lat="54.721863" lon="35.991866"><ele>185.6</ele></trkpt>
      <trkpt lat="54.721726" lon="35.991856"><ele>186.0</ele></trkpt>
      <trkpt lat="54.721622" lon="35.991842"><ele>186.0</ele></trkpt>
      <trkpt lat="54.721376" lon="35.991811"><ele>186.4</ele></trkpt>
      <trkpt lat="54.721157" lon="35.991781"><ele>187.0</ele></trkpt>
      <trkpt lat="54.721047" lon="35.991765"><ele>187.4</ele></trkpt>
      <trkpt lat="54.720904" lon="35.991742"><ele>188.0</ele></trkpt>
      <trkpt lat="54.720766" lon="35.991734"><ele>188.4</ele></trkpt>
      <trkpt lat="54.720602" lon="35.991717"><ele>189.2</ele></trkpt>
      <trkpt lat="54.720383" lon="35.991686"><ele>190.0</ele></trkpt>
      <trkpt lat="54.720327" lon="35.991678"><ele>190.0</ele></trkpt>
      <trkpt lat="54.720054" lon="35.991638"><ele>191.2</ele></trkpt>
      <trkpt lat="54.719782" lon="35.991599"><ele>191.6</ele></trkpt>
      <trkpt lat="54.719646" lon="35.991574"><ele>192.4</ele></trkpt>
      <trkpt lat="54.7194" lon="35.991526"><ele>193.0</ele></trkpt>
      <trkpt lat="54.719346" lon="35.991505"><ele>193.2</ele></trkpt>
      <trkpt lat="54.719291" lon="35.991498"><ele>193.4</ele></trkpt>
      <trkpt lat="54.719088" lon="35.991473"><ele>194.4</ele></trkpt>
      <trkpt lat="54.718746" lon="35.991413"><ele>194.8</ele></trkpt>
      <trkpt lat="54.718292" lon="35.991307"><ele>195.2</ele></trkpt>
      <trkpt lat="54.718257" lon="35.991298"><ele>195.4</ele></trkpt>
      <trkpt lat="54.717975" lon="35.991252"><ele>195.8</ele></trkpt>
      <trkpt lat="54.71794" lon="35.991246"><ele>195.8</ele></trkpt>
      <trkpt lat="54.717501" lon="35.991174"><ele>196.4</ele></trkpt>
      <trkpt lat="54.717463" lon="35.991169"><ele>196.2</ele></trkpt>
      <trkpt lat="54.71707" lon="35.991113"><ele>197.0</ele></trkpt>
      <trkpt lat="54.716963" lon="35.991086"><ele>197.2</ele></trkpt>
      <trkpt lat="54.716642" lon="35.99103"><ele>197.8</ele></trkpt>
      <trkpt lat="54.716177" lon="35.990952"><ele>197.8</ele></trkpt>
      <trkpt lat="54.715644" lon="35.990872"><ele>197.4</ele></trkpt>
      <trkpt lat="54.715157" lon="35.990803"><ele>197.8</ele></trkpt>
      <trkpt lat="54.714799" lon="35.990726"><ele>198.4</ele></trkpt>
      <trkpt lat="54.714721" lon="35.990716"><ele>198.6</ele></trkpt>
      <trkpt lat="54.714262" lon="35.990638"><ele>199.2</ele></trkpt>
      <trkpt lat="54.714225" lon="35.990633"><ele>199.4</ele></trkpt>
      <trkpt lat="54.713846" lon="35.990562"><ele>200.4</ele></trkpt>
      <trkpt lat="54.713731" lon="35.990531"><ele>200.8</ele></trkpt>
      <trkpt lat="54.713423" lon="35.990463"><ele>201.0</ele></trkpt>
      <trkpt lat="54.713148" lon="35.990415"><ele>201.6</ele></trkpt>
      <trkpt lat="54.713066" lon="35.990405"><ele>201.6</ele></trkpt>
      <trkpt lat="54.712624" lon="35.990347"><ele>202.0</ele></trkpt>
      <trkpt lat="54.712135" lon="35.990272"><ele>202.4</ele></trkpt>
      <trkpt lat="54.711647" lon="35.990212"><ele>202.6</ele></trkpt>
      <trkpt lat="54.711606" lon="35.990207"><ele>202.6</ele></trkpt>
      <trkpt lat="54.711127" lon="35.990123"><ele>203.6</ele></trkpt>
      <trkpt lat="54.710824" lon="35.990078"><ele>203.8</ele></trkpt>
      <trkpt lat="54.71064" lon="35.990041"><ele>204.0</ele></trkpt>
      <trkpt lat="54.710265" lon="35.989975"><ele>204.6</ele></trkpt>
      <trkpt lat="54.71011" lon="35.989947"><ele>204.8</ele></trkpt>
      <trkpt lat="54.709915" lon="35.989913"><ele>205.4</ele></trkpt>
      <trkpt lat="54.709769" lon="35.989886"><ele>206.0</ele></trkpt>
      <trkpt lat="54.709469" lon="35.989839"><ele>206.4</ele></trkpt>
      <trkpt lat="54.70902" lon="35.989773"><ele>207.0</ele></trkpt>
      <trkpt lat="54.70892" lon="35.989754"><ele>207.0</ele></trkpt>
      <trkpt lat="54.708469" lon="35.989678"><ele>207.6</ele></trkpt>
      <trkpt lat="54.708028" lon="35.989597"><ele>208.0</ele></trkpt>
      <trkpt lat="54.707997" lon="35.98959"><ele>208.0</ele></trkpt>
      <trkpt lat="54.707447" lon="35.989499"><ele>208.6</ele></trkpt>
      <trkpt lat="54.707247" lon="35.989456"><ele>209.2</ele></trkpt>
      <trkpt lat="54.707093" lon="35.989443"><ele>209.4</ele></trkpt>
      <trkpt lat="54.706701" lon="35.989525"><ele>210.0</ele></trkpt>
      <trkpt lat="54.706333" lon="35.989799"><ele>210.2</ele></trkpt>
      <trkpt lat="54.705986" lon="35.990202"><ele>210.2</ele></trkpt>
      <trkpt lat="54.705763" lon="35.990545"><ele>210.2</ele></trkpt>
      <trkpt lat="54.705655" lon="35.9907"><ele>210.4</ele></trkpt>
      <trkpt lat="54.705433" lon="35.991017"><ele>210.6</ele></trkpt>
      <trkpt lat="54.705367" lon="35.991113"><ele>210.6</ele></trkpt>
      <trkpt lat="54.705029" lon="35.991592"><ele>210.6</ele></trkpt>
      <trkpt lat="54.704719" lon="35.992032"><ele>210.8</ele></trkpt>
      <trkpt lat="54.704291" lon="35.992628"><ele>211.0</ele></trkpt>
      <trkpt lat="54.704259" lon="35.992674"><ele>211.0</ele></trkpt>
      <trkpt lat="54.703983" lon="35.993058"><ele>211.2</ele></trkpt>
      <trkpt lat="54.703538" lon="35.993675"><ele>211.4</ele></trkpt>
      <trkpt lat="54.703428" lon="35.993822"><ele>211.4</ele></trkpt>
      <trkpt lat="54.703125" lon="35.994259"><ele>211.6</ele></trkpt>
      <trkpt lat="54.702713" lon="35.994873"><ele>211.8</ele></trkpt>
      <trkpt lat="54.702386" lon="35.995333"><ele>212.0</ele></trkpt>
      <trkpt lat="54.701942" lon="35.995949"><ele>212.0</ele></trkpt>
      <trkpt lat="54.701904" lon="35.995999"><ele>212.0</ele></trkpt>
      <trkpt lat="54.701597" lon="35.996428"><ele>212.2</ele></trkpt>
      <trkpt lat="54.701458" lon="35.99665"><ele>212.2</ele></trkpt>
      <trkpt lat="54.701027" lon="35.997265"><ele>212.4</ele></trkpt>
      <trkpt lat="54.700952" lon="35.997381"><ele>212.4</ele></trkpt>
      <trkpt lat="54.700504" lon="35.998021"><ele>212.6</ele></trkpt>
      <trkpt lat="54.700087" lon="35.998629"><ele>212.4</ele></trkpt>
      <trkpt lat="54.700013" lon="35.998722"><ele>212.4</ele></trkpt>
      <trkpt lat="54.699927" lon="35.998845"><ele>212.6</ele></trkpt>
      <trkpt lat="54.69952" lon="35.999418"><ele>213.0</ele></trkpt>
      <trkpt lat="54.699208" lon="35.999882"><ele>213.4</ele></trkpt>
      <trkpt lat="54.699179" lon="35.999927"><ele>213.4</ele></trkpt>
      <trkpt lat="54.698885" lon="36.000369"><ele>213.4</ele></trkpt>
      <trkpt lat="54.69869" lon="36.000665"><ele>213.2</ele></trkpt>
      <trkpt lat="54.6985" lon="36.000926"><ele>213.2</ele></trkpt>
      <trkpt lat="54.698058" lon="36.00154"><ele>213.6</ele></trkpt>
      <trkpt lat="54.698029" lon="36.001582"><ele>213.6</ele></trkpt>
      <trkpt lat="54.697812" lon="36.001891"><ele>213.6</ele></trkpt>
      <trkpt lat="54.697711" lon="36.002033"><ele>213.6</ele></trkpt>
      <trkpt lat="54.697281" lon="36.00263"><ele>214.0</ele></trkpt>
      <trkpt lat="54.696907" lon="36.003139"><ele>214.4</ele></trkpt>
      <trkpt lat="54.69649" lon="36.00374"><ele>214.4</ele></trkpt>
      <trkpt lat="54.696244" lon="36.004093"><ele>214.8</ele></trkpt>
      <trkpt lat="54.696068" lon="36.004341"><ele>215.0</ele></trkpt>
      <trkpt lat="54.69572" lon="36.004867"><ele>215.6</ele></trkpt>
      <trkpt lat="54.695577" lon="36.005083"><ele>215.8</ele></trkpt>
      <trkpt lat="54.695485" lon="36.005222"><ele>215.8</ele></trkpt>
      <trkpt lat="54.695293" lon="36.005485"><ele>215.6</ele></trkpt>
      <trkpt lat="54.695085" lon="36.005766"><ele>215.6</ele></trkpt>
      <trkpt lat="54.694888" lon="36.006046"><ele>215.4</ele></trkpt>
      <trkpt lat="54.694557" lon="36.006536"><ele>215.0</ele></trkpt>
      <trkpt lat="54.69411" lon="36.007161"><ele>214.6</ele></trkpt>
      <trkpt lat="54.693802" lon="36.007609"><ele>214.6</ele></trkpt>
      <trkpt lat="54.69366" lon="36.007807"><ele>214.4</ele></trkpt>
      <trkpt lat="54.693222" lon="36.008454"><ele>213.8</ele></trkpt>
      <trkpt lat="54.692963" lon="36.00881"><ele>213.4</ele></trkpt>
      <trkpt lat="54.692865" lon="36.008951"><ele>213.2</ele></trkpt>
      <trkpt lat="54.692447" lon="36.009561"><ele>212.8</ele></trkpt>
      <trkpt lat="54.692354" lon="36.009691"><ele>212.6</ele></trkpt>
      <trkpt lat="54.692174" lon="36.009939"><ele>212.4</ele></trkpt>
      <trkpt lat="54.691796" lon="36.010471"><ele>212.2</ele></trkpt>
      <trkpt lat="54.691365" lon="36.011103"><ele>212.0</ele></trkpt>
      <trkpt lat="54.691321" lon="36.011165"><ele>212.0</ele></trkpt>
      <trkpt lat="54.690887" lon="36.0118"><ele>211.8</ele></trkpt>
      <trkpt lat="54.690846" lon="36.011856"><ele>211.8</ele></trkpt>
      <trkpt lat="54.690502" lon="36.012332"><ele>212.0</ele></trkpt>
      <trkpt lat="54.690203" lon="36.012713"><ele>212.4</ele></trkpt>
      <trkpt lat="54.689951" lon="36.013083"><ele>212.6</ele></trkpt>
      <trkpt lat="54.689751" lon="36.013318"><ele>212.4</ele></trkpt>
      <trkpt lat="54.689639" lon="36.013439"><ele>212.4</ele></trkpt>
      <trkpt lat="54.689483" lon="36.013614"><ele>212.4</ele></trkpt>
      <trkpt lat="54.689323" lon="36.013833"><ele>212.6</ele></trkpt>
      <trkpt lat="54.689034" lon="36.014199"><ele>212.6</ele></trkpt>
      <trkpt lat="54.688603" lon="36.014738"><ele>212.6</ele></trkpt>
      <trkpt lat="54.688512" lon="36.014854"><ele>212.4</ele></trkpt>
      <trkpt lat="54.688135" lon="36.015296"><ele>211.2</ele></trkpt>
      <trkpt lat="54.688037" lon="36.015399"><ele>211.0</ele></trkpt>
      <trkpt lat="54.687541" lon="36.015868"><ele>210.4</ele></trkpt>
      <trkpt lat="54.687485" lon="36.015915"><ele>210.0</ele></trkpt>
      <trkpt lat="54.687194" lon="36.016162"><ele>209.0</ele></trkpt>
      <trkpt lat="54.686904" lon="36.016418"><ele>208.6</ele></trkpt>
      <trkpt lat="54.686674" lon="36.016619"><ele>208.4</ele></trkpt>
      <trkpt lat="54.686331" lon="36.016911"><ele>208.4</ele></trkpt>
      <trkpt lat="54.685827" lon="36.017342"><ele>208.4</ele></trkpt>
      <trkpt lat="54.685768" lon="36.017388"><ele>208.4</ele></trkpt>
      <trkpt lat="54.685324" lon="36.017752"><ele>208.0</ele></trkpt>
      <trkpt lat="54.68516" lon="36.017895"><ele>207.8</ele></trkpt>
      <trkpt lat="54.684666" lon="36.018319"><ele>207.6</ele></trkpt>
      <trkpt lat="54.684441" lon="36.01851"><ele>207.8</ele></trkpt>
      <trkpt lat="54.683951" lon="36.018937"><ele>207.4</ele></trkpt>
      <trkpt lat="54.683628" lon="36.019215"><ele>206.8</ele></trkpt>
      <trkpt lat="54.683321" lon="36.019483"><ele>206.6</ele></trkpt>
      <trkpt lat="54.683065" lon="36.019705"><ele>206.6</ele></trkpt>
      <trkpt lat="54.682622" lon="36.020068"><ele>207.0</ele></trkpt>
      <trkpt lat="54.682397" lon="36.020258"><ele>207.4</ele></trkpt>
      <trkpt lat="54.682219" lon="36.020418"><ele>207.4</ele></trkpt>
      <trkpt lat="54.682011" lon="36.020598"><ele>207.8</ele></trkpt>
      <trkpt lat="54.681826" lon="36.020751"><ele>208.0</ele></trkpt>
      <trkpt lat="54.681421" lon="36.021104"><ele>208.4</ele></trkpt>
      <trkpt lat="54.681159" lon="36.021335"><ele>208.8</ele></trkpt>
      <trkpt lat="54.681047" lon="36.021426"><ele>209.0</ele></trkpt>
      <trkpt lat="54.680761" lon="36.021636"><ele>210.0</ele></trkpt>
      <trkpt lat="54.680625" lon="36.021742"><ele>210.2</ele></trkpt>
      <trkpt lat="54.680269" lon="36.02196"><ele>210.8</ele></trkpt>
      <trkpt lat="54.680159" lon="36.022006"><ele>211.0</ele></trkpt>
      <trkpt lat="54.679982" lon="36.022091"><ele>211.4</ele></trkpt>
      <trkpt lat="54.679614" lon="36.022268"><ele>212.0</ele></trkpt>
      <trkpt lat="54.679314" lon="36.022431"><ele>212.6</ele></trkpt>
      <trkpt lat="54.679051" lon="36.022589"><ele>212.8</ele></trkpt>
      <trkpt lat="54.678931" lon="36.022651"><ele>212.8</ele></trkpt>
      <trkpt lat="54.678926" lon="36.022651"><ele>212.8</ele></trkpt>
      <trkpt lat="54.678899" lon="36.022662"><ele>213.6</ele></trkpt>
      <trkpt lat="54.678848" lon="36.022681"><ele>213.4</ele></trkpt>
      <trkpt lat="54.678708" lon="36.022729"><ele>213.4</ele></trkpt>
      <trkpt lat="54.678624" lon="36.02275"><ele>213.4</ele></trkpt>
      <trkpt lat="54.678312" lon="36.022824"><ele>213.2</ele></trkpt>
      <trkpt lat="54.677796" lon="36.022979"><ele>213.2</ele></trkpt>
      <trkpt lat="54.677306" lon="36.023144"><ele>213.2</ele></trkpt>
      <trkpt lat="54.676807" lon="36.023299"><ele>213.0</ele></trkpt>
      <trkpt lat="54.676674" lon="36.023341"><ele>212.8</ele></trkpt>
      <trkpt lat="54.676189" lon="36.023488"><ele>213.4</ele></trkpt>
      <trkpt lat="54.675704" lon="36.023643"><ele>214.6</ele></trkpt>
      <trkpt lat="54.675612" lon="36.023677"><ele>214.8</ele></trkpt>
      <trkpt lat="54.675198" lon="36.023829"><ele>215.2</ele></trkpt>
      <trkpt lat="54.67463" lon="36.023989"><ele>215.2</ele></trkpt>
      <trkpt lat="54.674577" lon="36.024004"><ele>215.2</ele></trkpt>
      <trkpt lat="54.67423" lon="36.024086"><ele>215.2</ele></trkpt>
      <trkpt lat="54.673726" lon="36.02421"><ele>213.8</ele></trkpt>
      <trkpt lat="54.67366" lon="36.024223"><ele>213.4</ele></trkpt>
      <trkpt lat="54.673249" lon="36.024318"><ele>212.6</ele></trkpt>
      <trkpt lat="54.67295" lon="36.024391"><ele>212.2</ele></trkpt>
      <trkpt lat="54.672733" lon="36.024444"><ele>211.6</ele></trkpt>
      <trkpt lat="54.672301" lon="36.024552"><ele>210.4</ele></trkpt>
      <trkpt lat="54.672154" lon="36.024593"><ele>209.4</ele></trkpt>
      <trkpt lat="54.671922" lon="36.024645"><ele>208.2</ele></trkpt>
      <trkpt lat="54.671712" lon="36.024692"><ele>207.0</ele></trkpt>
      <trkpt lat="54.671445" lon="36.024761"><ele>205.8</ele></trkpt>
      <trkpt lat="54.671371" lon="36.024779"><ele>205.6</ele></trkpt>
      <trkpt lat="54.670795" lon="36.024928"><ele>205.0</ele></trkpt>
      <trkpt lat="54.67064" lon="36.024964"><ele>204.6</ele></trkpt>
      <trkpt lat="54.670583" lon="36.024977"><ele>204.4</ele></trkpt>
      <trkpt lat="54.670301" lon="36.025046"><ele>203.6</ele></trkpt>
      <trkpt lat="54.66973" lon="36.025189"><ele>202.6</ele></trkpt>
      <trkpt lat="54.669437" lon="36.025259"><ele>202.6</ele></trkpt>
      <trkpt lat="54.668894" lon="36.025397"><ele>202.2</ele></trkpt>
      <trkpt lat="54.668749" lon="36.025435"><ele>201.8</ele></trkpt>
      <trkpt lat="54.668514" lon="36.025493"><ele>201.4</ele></trkpt>
      <trkpt lat="54.668152" lon="36.025577"><ele>200.4</ele></trkpt>
      <trkpt lat="54.668088" lon="36.02559"><ele>200.2</ele></trkpt>
      <trkpt lat="54.667782" lon="36.025668"><ele>199.4</ele></trkpt>
      <trkpt lat="54.667608" lon="36.025715"><ele>199.2</ele></trkpt>
      <trkpt lat="54.667165" lon="36.025817"><ele>199.4</ele></trkpt>
      <trkpt lat="54.666748" lon="36.02592"><ele>199.8</ele></trkpt>
      <trkpt lat="54.666293" lon="36.026031"><ele>200.0</ele></trkpt>
      <trkpt lat="54.665852" lon="36.026143"><ele>200.2</ele></trkpt>
      <trkpt lat="54.665813" lon="36.026152"><ele>200.2</ele></trkpt>
      <trkpt lat="54.66525" lon="36.026308"><ele>200.4</ele></trkpt>
      <trkpt lat="54.664727" lon="36.026431"><ele>200.6</ele></trkpt>
      <trkpt lat="54.664139" lon="36.026585"><ele>200.6</ele></trkpt>
      <trkpt lat="54.664045" lon="36.02662"><ele>200.4</ele></trkpt>
      <trkpt lat="54.663481" lon="36.026839"><ele>199.6</ele></trkpt>
      <trkpt lat="54.66338" lon="36.026885"><ele>199.6</ele></trkpt>
      <trkpt lat="54.662861" lon="36.027186"><ele>199.2</ele></trkpt>
      <trkpt lat="54.662798" lon="36.027227"><ele>199.0</ele></trkpt>
      <trkpt lat="54.662753" lon="36.027259"><ele>198.8</ele></trkpt>
      <trkpt lat="54.662416" lon="36.027505"><ele>197.8</ele></trkpt>
      <trkpt lat="54.662169" lon="36.027689"><ele>197.4</ele></trkpt>
      <trkpt lat="54.661922" lon="36.027869"><ele>196.6</ele></trkpt>
      <trkpt lat="54.661558" lon="36.028139"><ele>195.8</ele></trkpt>
      <trkpt lat="54.661333" lon="36.02831"><ele>195.2</ele></trkpt>
      <trkpt lat="54.661144" lon="36.028452"><ele>194.0</ele></trkpt>
      <trkpt lat="54.66095" lon="36.028601"><ele>193.2</ele></trkpt>
      <trkpt lat="54.66075" lon="36.028755"><ele>192.8</ele></trkpt>
      <trkpt lat="54.660392" lon="36.02902"><ele>191.6</ele></trkpt>
      <trkpt lat="54.660339" lon="36.029058"><ele>191.4</ele></trkpt>
      <trkpt lat="54.660143" lon="36.029194"><ele>190.4</ele></trkpt>
      <trkpt lat="54.659854" lon="36.029405"><ele>189.4</ele></trkpt>
      <trkpt lat="54.659522" lon="36.029651"><ele>189.0</ele></trkpt>
      <trkpt lat="54.659223" lon="36.029864"><ele>188.2</ele></trkpt>
      <trkpt lat="54.658726" lon="36.030219"><ele>187.4</ele></trkpt>
      <trkpt lat="54.658654" lon="36.030271"><ele>187.2</ele></trkpt>
      <trkpt lat="54.658564" lon="36.030334"><ele>187.0</ele></trkpt>
      <trkpt lat="54.658283" lon="36.030544"><ele>185.8</ele></trkpt>
      <trkpt lat="54.658055" lon="36.03071"><ele>184.6</ele></trkpt>
      <trkpt lat="54.657753" lon="36.030939"><ele>183.8</ele></trkpt>
      <trkpt lat="54.657678" lon="36.030997"><ele>183.4</ele></trkpt>
      <trkpt lat="54.657162" lon="36.031385"><ele>181.8</ele></trkpt>
      <trkpt lat="54.656952" lon="36.031544"><ele>180.8</ele></trkpt>
      <trkpt lat="54.656869" lon="36.031605"><ele>180.6</ele></trkpt>
      <trkpt lat="54.656556" lon="36.031844"><ele>179.6</ele></trkpt>
      <trkpt lat="54.65629" lon="36.032049"><ele>178.8</ele></trkpt>
      <trkpt lat="54.656226" lon="36.032103"><ele>178.6</ele></trkpt>
      <trkpt lat="54.655676" lon="36.032605"><ele>178.2</ele></trkpt>
      <trkpt lat="54.655509" lon="36.032773"><ele>177.6</ele></trkpt>
      <trkpt lat="54.655167" lon="36.033128"><ele>177.2</ele></trkpt>
      <trkpt lat="54.654777" lon="36.033542"><ele>176.4</ele></trkpt>
      <trkpt lat="54.654553" lon="36.033786"><ele>175.8</ele></trkpt>
      <trkpt lat="54.654438" lon="36.033906"><ele>175.2</ele></trkpt>
      <trkpt lat="54.65408" lon="36.03427"><ele>174.2</ele></trkpt>
      <trkpt lat="54.654005" lon="36.034343"><ele>174.0</ele></trkpt>
      <trkpt lat="54.653891" lon="36.03445"><ele>173.6</ele></trkpt>
      <trkpt lat="54.653702" lon="36.034625"><ele>172.8</ele></trkpt>
      <trkpt lat="54.653503" lon="36.034801"><ele>171.6</ele></trkpt>
      <trkpt lat="54.653154" lon="36.035098"><ele>170.6</ele></trkpt>
      <trkpt lat="54.653085" lon="36.035158"><ele>170.4</ele></trkpt>
      <trkpt lat="54.652733" lon="36.035439"><ele>169.0</ele></trkpt>
      <trkpt lat="54.652579" lon="36.035548"><ele>168.6</ele></trkpt>
      <trkpt lat="54.652457" lon="36.03563"><ele>168.0</ele></trkpt>
      <trkpt lat="54.652055" lon="36.035862"><ele>167.4</ele></trkpt>
      <trkpt lat="54.651499" lon="36.036106"><ele>167.4</ele></trkpt>
      <trkpt lat="54.65114" lon="36.036224"><ele>168.4</ele></trkpt>
      <trkpt lat="54.650981" lon="36.036268"><ele>169.2</ele></trkpt>
      <trkpt lat="54.650861" lon="36.036296"><ele>170.0</ele></trkpt>
      <trkpt lat="54.650774" lon="36.036317"><ele>170.4</ele></trkpt>
      <trkpt lat="54.650563" lon="36.036361"><ele>171.4</ele></trkpt>
      <trkpt lat="54.650538" lon="36.036368"><ele>171.6</ele></trkpt>
      <trkpt lat="54.650358" lon="36.036397"><ele>172.4</ele></trkpt>
      <trkpt lat="54.650276" lon="36.036411"><ele>172.8</ele></trkpt>
      <trkpt lat="54.650114" lon="36.036426"><ele>173.6</ele></trkpt>
      <trkpt lat="54.650032" lon="36.036443"><ele>174.0</ele></trkpt>
      <trkpt lat="54.649909" lon="36.036458"><ele>174.6</ele></trkpt>
      <trkpt lat="54.649745" lon="36.036475"><ele>175.4</ele></trkpt>
      <trkpt lat="54.649611" lon="36.036488"><ele>175.6</ele></trkpt>
      <trkpt lat="54.649465" lon="36.036495"><ele>176.0</ele></trkpt>
      <trkpt lat="54.649328" lon="36.036501"><ele>176.8</ele></trkpt>
      <trkpt lat="54.649108" lon="36.036513"><ele>177.2</ele></trkpt>
      <trkpt lat="54.648913" lon="36.036525"><ele>177.8</ele></trkpt>
      <trkpt lat="54.648752" lon="36.036542"><ele>178.4</ele></trkpt>
      <trkpt lat="54.648668" lon="36.036547"><ele>178.8</ele></trkpt>
      <trkpt lat="54.648502" lon="36.036547"><ele>179.6</ele></trkpt>
      <trkpt lat="54.648419" lon="36.036553"><ele>179.8</ele></trkpt>
      <trkpt lat="54.648165" lon="36.036571"><ele>180.8</ele></trkpt>
      <trkpt lat="54.648137" lon="36.036575"><ele>181.0</ele></trkpt>
      <trkpt lat="54.647877" lon="36.036598"><ele>181.6</ele></trkpt>
      <trkpt lat="54.647754" lon="36.03661"><ele>182.0</ele></trkpt>
      <trkpt lat="54.647645" lon="36.036618"><ele>182.2</ele></trkpt>
      <trkpt lat="54.647324" lon="36.036641"><ele>182.8</ele></trkpt>
      <trkpt lat="54.647264" lon="36.036647"><ele>183.2</ele></trkpt>
      <trkpt lat="54.646978" lon="36.036672"><ele>183.8</ele></trkpt>
      <trkpt lat="54.646705" lon="36.036693"><ele>184.2</ele></trkpt>
      <trkpt lat="54.64665" lon="36.0367"><ele>184.4</ele></trkpt>
      <trkpt lat="54.646287" lon="36.036723"><ele>185.2</ele></trkpt>
      <trkpt lat="54.646258" lon="36.036724"><ele>185.4</ele></trkpt>
      <trkpt lat="54.646003" lon="36.03674"><ele>186.2</ele></trkpt>
      <trkpt lat="54.645857" lon="36.036751"><ele>186.4</ele></trkpt>
      <trkpt lat="54.645697" lon="36.036765"><ele>186.8</ele></trkpt>
      <trkpt lat="54.645415" lon="36.036782"><ele>187.4</ele></trkpt>
      <trkpt lat="54.645356" lon="36.036785"><ele>187.4</ele></trkpt>
      <trkpt lat="54.645106" lon="36.036807"><ele>188.0</ele></trkpt>
      <trkpt lat="54.644858" lon="36.036831"><ele>188.4</ele></trkpt>
      <trkpt lat="54.644808" lon="36.036831"><ele>188.6</ele></trkpt>
      <trkpt lat="54.64476" lon="36.03683"><ele>188.6</ele></trkpt>
      <trkpt lat="54.644751" lon="36.036836"><ele>189.0</ele></trkpt>
      <trkpt lat="54.644738" lon="36.03684"><ele>189.0</ele></trkpt>
      <trkpt lat="54.644622" lon="36.036845"><ele>188.8</ele></trkpt>
      <trkpt lat="54.644386" lon="36.036863"><ele>189.0</ele></trkpt>
      <trkpt lat="54.64404" lon="36.036886"><ele>189.4</ele></trkpt>
      <trkpt lat="54.643723" lon="36.036919"><ele>189.8</ele></trkpt>
      <trkpt lat="54.643478" lon="36.036941"><ele>189.8</ele></trkpt>
      <trkpt lat="54.642915" lon="36.03698"><ele>189.8</ele></trkpt>
      <trkpt lat="54.642836" lon="36.036989"><ele>190.0</ele></trkpt>
      <trkpt lat="54.642511" lon="36.037007"><ele>190.0</ele></trkpt>
      <trkpt lat="54.642254" lon="36.037023"><ele>190.8</ele></trkpt>
      <trkpt lat="54.642051" lon="36.037037"><ele>191.0</ele></trkpt>
      <trkpt lat="54.641608" lon="36.037067"><ele>191.2</ele></trkpt>
      <trkpt lat="54.641528" lon="36.037071"><ele>191.6</ele></trkpt>
      <trkpt lat="54.641176" lon="36.037097"><ele>192.4</ele></trkpt>
      <trkpt lat="54.641023" lon="36.037115"><ele>192.6</ele></trkpt>
      <trkpt lat="54.640842" lon="36.037127"><ele>192.8</ele></trkpt>
      <trkpt lat="54.640484" lon="36.037155"><ele>193.4</ele></trkpt>
      <trkpt lat="54.640371" lon="36.037166"><ele>193.8</ele></trkpt>
      <trkpt lat="54.640188" lon="36.037178"><ele>194.4</ele></trkpt>
      <trkpt lat="54.639903" lon="36.0372"><ele>194.6</ele></trkpt>
      <trkpt lat="54.639833" lon="36.037202"><ele>194.8</ele></trkpt>
      <trkpt lat="54.639583" lon="36.037213"><ele>195.4</ele></trkpt>
      <trkpt lat="54.639352" lon="36.037221"><ele>195.8</ele></trkpt>
      <trkpt lat="54.639239" lon="36.037236"><ele>196.2</ele></trkpt>
      <trkpt lat="54.638991" lon="36.037254"><ele>196.8</ele></trkpt>
      <trkpt lat="54.638854" lon="36.037267"><ele>197.4</ele></trkpt>
      <trkpt lat="54.638609" lon="36.037283"><ele>197.6</ele></trkpt>
      <trkpt lat="54.638503" lon="36.037287"><ele>197.8</ele></trkpt>
      <trkpt lat="54.638194" lon="36.037312"><ele>198.2</ele></trkpt>
      <trkpt lat="54.637903" lon="36.037327"><ele>199.0</ele></trkpt>
      <trkpt lat="54.637758" lon="36.037343"><ele>199.4</ele></trkpt>
      <trkpt lat="54.637351" lon="36.037371"><ele>199.6</ele></trkpt>
      <trkpt lat="54.637275" lon="36.037384"><ele>199.8</ele></trkpt>
      <trkpt lat="54.637058" lon="36.037394"><ele>200.0</ele></trkpt>
      <trkpt lat="54.636672" lon="36.037423"><ele>200.2</ele></trkpt>
      <trkpt lat="54.63632" lon="36.037442"><ele>200.6</ele></trkpt>
      <trkpt lat="54.636121" lon="36.037455"><ele>200.6</ele></trkpt>
      <trkpt lat="54.635966" lon="36.037468"><ele>200.6</ele></trkpt>
      <trkpt lat="54.63584" lon="36.037478"><ele>200.6</ele></trkpt>
      <trkpt lat="54.635397" lon="36.037506"><ele>201.2</ele></trkpt>
      <trkpt lat="54.634951" lon="36.037543"><ele>201.6</ele></trkpt>
      <trkpt lat="54.634867" lon="36.037555"><ele>201.6</ele></trkpt>
      <trkpt lat="54.634505" lon="36.037584"><ele>201.6</ele></trkpt>
      <trkpt lat="54.634106" lon="36.037617"><ele>201.8</ele></trkpt>
      <trkpt lat="54.633579" lon="36.037652"><ele>202.2</ele></trkpt>
      <trkpt lat="54.633496" lon="36.037655"><ele>202.2</ele></trkpt>
      <trkpt lat="54.633207" lon="36.037682"><ele>202.6</ele></trkpt>
      <trkpt lat="54.632776" lon="36.037717"><ele>202.8</ele></trkpt>
      <trkpt lat="54.632344" lon="36.037738"><ele>203.0</ele></trkpt>
      <trkpt lat="54.632124" lon="36.037755"><ele>203.2</ele></trkpt>
      <trkpt lat="54.631898" lon="36.037779"><ele>203.2</ele></trkpt>
      <trkpt lat="54.631566" lon="36.037804"><ele>203.6</ele></trkpt>
      <trkpt lat="54.631306" lon="36.037819"><ele>203.8</ele></trkpt>
      <trkpt lat="54.631218" lon="36.037821"><ele>203.8</ele></trkpt>
      <trkpt lat="54.630947" lon="36.037844"><ele>203.6</ele></trkpt>
      <trkpt lat="54.6309" lon="36.037847"><ele>203.6</ele></trkpt>
      <trkpt lat="54.630485" lon="36.037878"><ele>203.6</ele></trkpt>
      <trkpt lat="54.630377" lon="36.03789"><ele>203.4</ele></trkpt>
      <trkpt lat="54.630147" lon="36.037902"><ele>203.4</ele></trkpt>
      <trkpt lat="54.629587" lon="36.037945"><ele>202.6</ele></trkpt>
      <trkpt lat="54.629526" lon="36.037952"><ele>202.4</ele></trkpt>
      <trkpt lat="54.62913" lon="36.037984"><ele>201.8</ele></trkpt>
      <trkpt lat="54.628889" lon="36.038005"><ele>201.4</ele></trkpt>
      <trkpt lat="54.628495" lon="36.038038"><ele>200.8</ele></trkpt>
      <trkpt lat="54.628439" lon="36.038047"><ele>200.4</ele></trkpt>
      <trkpt lat="54.627961" lon="36.038099"><ele>199.2</ele></trkpt>
      <trkpt lat="54.627887" lon="36.038099"><ele>199.2</ele></trkpt>
      <trkpt lat="54.627381" lon="36.03812"><ele>198.8</ele></trkpt>
      <trkpt lat="54.626974" lon="36.038147"><ele>198.2</ele></trkpt>
      <trkpt lat="54.626756" lon="36.038157"><ele>197.6</ele></trkpt>
      <trkpt lat="54.626553" lon="36.038169"><ele>197.0</ele></trkpt>
      <trkpt lat="54.626337" lon="36.038178"><ele>195.6</ele></trkpt>
      <trkpt lat="54.626052" lon="36.038191"><ele>194.8</ele></trkpt>
      <trkpt lat="54.625802" lon="36.038198"><ele>194.4</ele></trkpt>
      <trkpt lat="54.625378" lon="36.038224"><ele>193.2</ele></trkpt>
      <trkpt lat="54.624954" lon="36.038229"><ele>192.6</ele></trkpt>
      <trkpt lat="54.624466" lon="36.038198"><ele>192.8</ele></trkpt>
      <trkpt lat="54.623974" lon="36.038155"><ele>193.4</ele></trkpt>
      <trkpt lat="54.623656" lon="36.038088"><ele>194.2</ele></trkpt>
      <trkpt lat="54.623505" lon="36.038045"><ele>194.6</ele></trkpt>
      <trkpt lat="54.62316" lon="36.038056"><ele>195.0</ele></trkpt>
      <trkpt lat="54.62287" lon="36.038037"><ele>195.4</ele></trkpt>
      <trkpt lat="54.622838" lon="36.038034"><ele>195.4</ele></trkpt>
      <trkpt lat="54.622747" lon="36.038024"><ele>195.6</ele></trkpt>
      <trkpt lat="54.622336" lon="36.037999"><ele>195.8</ele></trkpt>
      <trkpt lat="54.621996" lon="36.037984"><ele>195.4</ele></trkpt>
      <trkpt lat="54.62143" lon="36.037942"><ele>195.6</ele></trkpt>
      <trkpt lat="54.620907" lon="36.037889"><ele>195.8</ele></trkpt>
      <trkpt lat="54.62033" lon="36.03786"><ele>195.6</ele></trkpt>
      <trkpt lat="54.620281" lon="36.037858"><ele>195.6</ele></trkpt>
      <trkpt lat="54.619773" lon="36.037827"><ele>195.4</ele></trkpt>
      <trkpt lat="54.61929" lon="36.03781"><ele>194.2</ele></trkpt>
      <trkpt lat="54.61907" lon="36.037802"><ele>193.6</ele></trkpt>
      <trkpt lat="54.618764" lon="36.037797"><ele>193.6</ele></trkpt>
      <trkpt lat="54.618171" lon="36.037784"><ele>192.4</ele></trkpt>
      <trkpt lat="54.618107" lon="36.037783"><ele>192.2</ele></trkpt>
      <trkpt lat="54.617864" lon="36.037785"><ele>191.0</ele></trkpt>
      <trkpt lat="54.617416" lon="36.03778"><ele>190.0</ele></trkpt>
      <trkpt lat="54.616857" lon="36.037766"><ele>190.0</ele></trkpt>
      <trkpt lat="54.616806" lon="36.037762"><ele>190.0</ele></trkpt>
      <trkpt lat="54.616202" lon="36.037754"><ele>190.6</ele></trkpt>
      <trkpt lat="54.616087" lon="36.037755"><ele>190.6</ele></trkpt>
      <trkpt lat="54.615522" lon="36.037718"><ele>190.6</ele></trkpt>
      <trkpt lat="54.615286" lon="36.037738"><ele>190.4</ele></trkpt>
      <trkpt lat="54.615123" lon="36.037768"><ele>190.4</ele></trkpt>
      <trkpt lat="54.61473" lon="36.037839"><ele>190.2</ele></trkpt>
      <trkpt lat="54.614643" lon="36.037846"><ele>190.0</ele></trkpt>
      <trkpt lat="54.614498" lon="36.037898"><ele>190.0</ele></trkpt>
      <trkpt lat="54.614439" lon="36.03792"><ele>189.6</ele></trkpt>
      <trkpt lat="54.614062" lon="36.038056"><ele>189.0</ele></trkpt>
      <trkpt lat="54.61359" lon="36.038272"><ele>188.8</ele></trkpt>
      <trkpt lat="54.613142" lon="36.038477"><ele>188.8</ele></trkpt>
      <trkpt lat="54.6126" lon="36.038731"><ele>188.6</ele></trkpt>
      <trkpt lat="54.612186" lon="36.038954"><ele>188.4</ele></trkpt>
      <trkpt lat="54.611713" lon="36.039195"><ele>188.2</ele></trkpt>
      <trkpt lat="54.611169" lon="36.039465"><ele>188.2</ele></trkpt>
      <trkpt lat="54.610625" lon="36.039717"><ele>188.2</ele></trkpt>
      <trkpt lat="54.610573" lon="36.03974"><ele>188.2</ele></trkpt>
      <trkpt lat="54.610076" lon="36.039951"><ele>188.4</ele></trkpt>
      <trkpt lat="54.609641" lon="36.040164"><ele>188.4</ele></trkpt>
      <trkpt lat="54.609199" lon="36.040361"><ele>188.4</ele></trkpt>
      <trkpt lat="54.609009" lon="36.040458"><ele>188.4</ele></trkpt>
      <trkpt lat="54.608772" lon="36.04058"><ele>188.4</ele></trkpt>
      <trkpt lat="54.60853" lon="36.040697"><ele>188.4</ele></trkpt>
      <trkpt lat="54.608017" lon="36.040947"><ele>188.6</ele></trkpt>
      <trkpt lat="54.607966" lon="36.040971"><ele>188.6</ele></trkpt>
      <trkpt lat="54.607525" lon="36.041226"><ele>189.0</ele></trkpt>
      <trkpt lat="54.607269" lon="36.04154"><ele>189.0</ele></trkpt>
      <trkpt lat="54.60724" lon="36.041596"><ele>189.0</ele></trkpt>
      <trkpt lat="54.607122" lon="36.041934"><ele>189.0</ele></trkpt>
      <trkpt lat="54.606972" lon="36.042515"><ele>189.2</ele></trkpt>
      <trkpt lat="54.606808" lon="36.043099"><ele>189.2</ele></trkpt>
      <trkpt lat="54.606669" lon="36.043612"><ele>189.2</ele></trkpt>
      <trkpt lat="54.606436" lon="36.044394"><ele>188.2</ele></trkpt>
      <trkpt lat="54.60634" lon="36.044662"><ele>187.8</ele></trkpt>
      <trkpt lat="54.606237" lon="36.044916"><ele>186.6</ele></trkpt>
      <trkpt lat="54.606134" lon="36.045153"><ele>185.2</ele></trkpt>
      <trkpt lat="54.606039" lon="36.045373"><ele>183.6</ele></trkpt>
      <trkpt lat="54.605913" lon="36.04566"><ele>183.0</ele></trkpt>
      <trkpt lat="54.605737" lon="36.046031"><ele>182.8</ele></trkpt>
      <trkpt lat="54.60555" lon="36.04644"><ele>184.0</ele></trkpt>
      <trkpt lat="54.60545" lon="36.046628"><ele>185.2</ele></trkpt>
      <trkpt lat="54.605381" lon="36.046755"><ele>186.2</ele></trkpt>
      <trkpt lat="54.60536" lon="36.046799"><ele>186.4</ele></trkpt>
      <trkpt lat="54.605282" lon="36.046958"><ele>187.4</ele></trkpt>
      <trkpt lat="54.60523" lon="36.047074"><ele>188.4</ele></trkpt>
      <trkpt lat="54.605213" lon="36.047107"><ele>188.8</ele></trkpt>
      <trkpt lat="54.605123" lon="36.047278"><ele>189.6</ele></trkpt>
      <trkpt lat="54.605088" lon="36.047342"><ele>189.8</ele></trkpt>
      <trkpt lat="54.604955" lon="36.047566"><ele>190.6</ele></trkpt>
      <trkpt lat="54.604846" lon="36.047765"><ele>191.4</ele></trkpt>
      <trkpt lat="54.604805" lon="36.047825"><ele>191.6</ele></trkpt>
      <trkpt lat="54.604654" lon="36.048053"><ele>192.6</ele></trkpt>
      <trkpt lat="54.604631" lon="36.048089"><ele>192.8</ele></trkpt>
      <trkpt lat="54.604472" lon="36.048288"><ele>193.0</ele></trkpt>
      <trkpt lat="54.604455" lon="36.0483"><ele>193.0</ele></trkpt>
      <trkpt lat="54.604394" lon="36.048369"><ele>193.6</ele></trkpt>
      <trkpt lat="54.60437" lon="36.048401"><ele>193.6</ele></trkpt>
      <trkpt lat="54.604278" lon="36.048518"><ele>193.6</ele></trkpt>
      <trkpt lat="54.604102" lon="36.048702"><ele>193.6</ele></trkpt>
      <trkpt lat="54.603805" lon="36.048974"><ele>193.8</ele></trkpt>
      <trkpt lat="54.603392" lon="36.049286"><ele>194.0</ele></trkpt>
      <trkpt lat="54.602926" lon="36.049578"><ele>194.2</ele></trkpt>
      <trkpt lat="54.602519" lon="36.049825"><ele>194.4</ele></trkpt>
      <trkpt lat="54.602044" lon="36.050103"><ele>194.4</ele></trkpt>
      <trkpt lat="54.601588" lon="36.050366"><ele>194.4</ele></trkpt>
      <trkpt lat="54.601231" lon="36.050595"><ele>194.2</ele></trkpt>
      <trkpt lat="54.600971" lon="36.050755"><ele>194.2</ele></trkpt>
      <trkpt lat="54.600869" lon="36.050821"><ele>194.2</ele></trkpt>
      <trkpt lat="54.600701" lon="36.050949"><ele>194.4</ele></trkpt>
      <trkpt lat="54.600552" lon="36.051046"><ele>194.6</ele></trkpt>
      <trkpt lat="54.600373" lon="36.051173"><ele>194.8</ele></trkpt>
      <trkpt lat="54.600289" lon="36.051261"><ele>194.8</ele></trkpt>
      <trkpt lat="54.599976" lon="36.051566"><ele>194.8</ele></trkpt>
      <trkpt lat="54.599875" lon="36.051653"><ele>194.8</ele></trkpt>
      <trkpt lat="54.599795" lon="36.051742"><ele>194.8</ele></trkpt>
      <trkpt lat="54.599749" lon="36.051787"><ele>194.8</ele></trkpt>
      <trkpt lat="54.599671" lon="36.051877"><ele>194.8</ele></trkpt>
      <trkpt lat="54.599586" lon="36.051998"><ele>194.8</ele></trkpt>
      <trkpt lat="54.599508" lon="36.052104"><ele>194.8</ele></trkpt>
      <trkpt lat="54.599408" lon="36.052173"><ele>195.0</ele></trkpt>
      <trkpt lat="54.599357" lon="36.052253"><ele>195.0</ele></trkpt>
      <trkpt lat="54.599269" lon="36.05237"><ele>195.0</ele></trkpt>
      <trkpt lat="54.599215" lon="36.05245"><ele>195.0</ele></trkpt>
      <trkpt lat="54.599124" lon="36.052657"><ele>194.8</ele></trkpt>
      <trkpt lat="54.599052" lon="36.052775"><ele>194.8</ele></trkpt>
      <trkpt lat="54.598989" lon="36.052902"><ele>194.8</ele></trkpt>
      <trkpt lat="54.598875" lon="36.053061"><ele>194.8</ele></trkpt>
      <trkpt lat="54.598822" lon="36.053145"><ele>194.6</ele></trkpt>
      <trkpt lat="54.598712" lon="36.053236"><ele>194.6</ele></trkpt>
      <trkpt lat="54.598669" lon="36.053276"><ele>194.6</ele></trkpt>
      <trkpt lat="54.598469" lon="36.053611"><ele>194.4</ele></trkpt>
      <trkpt lat="54.598429" lon="36.05368"><ele>194.2</ele></trkpt>
      <trkpt lat="54.598395" lon="36.053734"><ele>194.2</ele></trkpt>
      <trkpt lat="54.598315" lon="36.053872"><ele>194.2</ele></trkpt>
      <trkpt lat="54.598231" lon="36.053989"><ele>194.0</ele></trkpt>
      <trkpt lat="54.597972" lon="36.054325"><ele>193.0</ele></trkpt>
      <trkpt lat="54.597876" lon="36.054438"><ele>192.6</ele></trkpt>
      <trkpt lat="54.597784" lon="36.054566"><ele>192.4</ele></trkpt>
      <trkpt lat="54.597497" lon="36.055049"><ele>192.4</ele></trkpt>
      <trkpt lat="54.597211" lon="36.055415"><ele>192.2</ele></trkpt>
      <trkpt lat="54.596979" lon="36.055753"><ele>192.4</ele></trkpt>
      <trkpt lat="54.596706" lon="36.056115"><ele>192.6</ele></trkpt>
      <trkpt lat="54.596472" lon="36.056402"><ele>192.8</ele></trkpt>
      <trkpt lat="54.596418" lon="36.05645"><ele>192.8</ele></trkpt>
      <trkpt lat="54.596356" lon="36.056493"><ele>192.8</ele></trkpt>
      <trkpt lat="54.596222" lon="36.05658"><ele>192.8</ele></trkpt>
      <trkpt lat="54.596136" lon="36.056701"><ele>192.6</ele></trkpt>
      <trkpt lat="54.596104" lon="36.056787"><ele>192.6</ele></trkpt>
      <trkpt lat="54.596065" lon="36.056867"><ele>192.6</ele></trkpt>
      <trkpt lat="54.595997" lon="36.057008"><ele>192.6</ele></trkpt>
      <trkpt lat="54.595926" lon="36.057113"><ele>192.6</ele></trkpt>
      <trkpt lat="54.595868" lon="36.05716"><ele>192.4</ele></trkpt>
      <trkpt lat="54.595817" lon="36.057223"><ele>192.4</ele></trkpt>
      <trkpt lat="54.59573" lon="36.057346"><ele>192.2</ele></trkpt>
      <trkpt lat="54.595662" lon="36.057347"><ele>192.2</ele></trkpt>
      <trkpt lat="54.595621" lon="36.057379"><ele>192.0</ele></trkpt>
      <trkpt lat="54.595578" lon="36.057426"><ele>192.0</ele></trkpt>
      <trkpt lat="54.595532" lon="36.05749"><ele>192.0</ele></trkpt>
      <trkpt lat="54.595414" lon="36.057613"><ele>191.8</ele></trkpt>
      <trkpt lat="54.595278" lon="36.057846"><ele>191.4</ele></trkpt>
      <trkpt lat="54.59514" lon="36.058029"><ele>190.8</ele></trkpt>
      <trkpt lat="54.595026" lon="36.058133"><ele>190.4</ele></trkpt>
      <trkpt lat="54.594983" lon="36.058209"><ele>190.2</ele></trkpt>
      <trkpt lat="54.594814" lon="36.058212"><ele>190.2</ele></trkpt>
      <trkpt lat="54.594568" lon="36.058249"><ele>190.0</ele></trkpt>
      <trkpt lat="54.59457" lon="36.058383"><ele>190.0</ele></trkpt>
      <trkpt lat="54.594564" lon="36.058499"><ele>190.0</ele></trkpt>
      <trkpt lat="54.59451" lon="36.058687"><ele>189.6</ele></trkpt>
      <trkpt lat="54.594353" lon="36.059025"><ele>188.8</ele></trkpt>
      <trkpt lat="54.594282" lon="36.059131"><ele>188.6</ele></trkpt>
      <trkpt lat="54.594251" lon="36.05926"><ele>188.4</ele></trkpt>
      <trkpt lat="54.594252" lon="36.059486"><ele>188.0</ele></trkpt>
      <trkpt lat="54.594163" lon="36.059652"><ele>187.4</ele></trkpt>
      <trkpt lat="54.594091" lon="36.059715"><ele>187.2</ele></trkpt>
      <trkpt lat="54.593971" lon="36.059842"><ele>186.8</ele></trkpt>
      <trkpt lat="54.593861" lon="36.059938"><ele>186.2</ele></trkpt>
      <trkpt lat="54.593782" lon="36.060083"><ele>186.0</ele></trkpt>
      <trkpt lat="54.593699" lon="36.060215"><ele>186.0</ele></trkpt>
      <trkpt lat="54.59362" lon="36.060336"><ele>185.8</ele></trkpt>
      <trkpt lat="54.593476" lon="36.060528"><ele>185.8</ele></trkpt>
      <trkpt lat="54.593375" lon="36.060649"><ele>185.8</ele></trkpt>
      <trkpt lat="54.593153" lon="36.060934"><ele>186.0</ele></trkpt>
      <trkpt lat="54.592981" lon="36.061133"><ele>186.2</ele></trkpt>
      <trkpt lat="54.592903" lon="36.061268"><ele>186.4</ele></trkpt>
      <trkpt lat="54.592838" lon="36.06141"><ele>186.6</ele></trkpt>
      <trkpt lat="54.592774" lon="36.061494"><ele>186.8</ele></trkpt>
      <trkpt lat="54.59257" lon="36.061742"><ele>186.8</ele></trkpt>
      <trkpt lat="54.592378" lon="36.062003"><ele>186.8</ele></trkpt>
      <trkpt lat="54.59234" lon="36.062055"><ele>186.8</ele></trkpt>
      <trkpt lat="54.592238" lon="36.06219"><ele>186.8</ele></trkpt>
      <trkpt lat="54.592148" lon="36.062296"><ele>186.6</ele></trkpt>
      <trkpt lat="54.592098" lon="36.06236"><ele>186.6</ele></trkpt>
      <trkpt lat="54.592051" lon="36.062432"><ele>186.6</ele></trkpt>
      <trkpt lat="54.591899" lon="36.06261"><ele>186.6</ele></trkpt>
      <trkpt lat="54.591843" lon="36.062689"><ele>186.6</ele></trkpt>
      <trkpt lat="54.591691" lon="36.062908"><ele>186.4</ele></trkpt>
      <trkpt lat="54.591654" lon="36.06297"><ele>186.4</ele></trkpt>
      <trkpt lat="54.591522" lon="36.063196"><ele>186.2</ele></trkpt>
      <trkpt lat="54.591445" lon="36.063319"><ele>186.2</ele></trkpt>
      <trkpt lat="54.591348" lon="36.063433"><ele>186.0</ele></trkpt>
      <trkpt lat="54.591317" lon="36.063472"><ele>186.0</ele></trkpt>
      <trkpt lat="54.591236" lon="36.063589"><ele>185.8</ele></trkpt>
      <trkpt lat="54.591128" lon="36.063757"><ele>185.8</ele></trkpt>
      <trkpt lat="54.59104" lon="36.063863"><ele>185.8</ele></trkpt>
      <trkpt lat="54.590834" lon="36.064102"><ele>185.6</ele></trkpt>
      <trkpt lat="54.59076" lon="36.064202"><ele>185.6</ele></trkpt>
      <trkpt lat="54.590618" lon="36.064397"><ele>185.4</ele></trkpt>
      <trkpt lat="54.590544" lon="36.064513"><ele>185.2</ele></trkpt>
      <trkpt lat="54.590433" lon="36.064691"><ele>185.2</ele></trkpt>
      <trkpt lat="54.590184" lon="36.064992"><ele>185.0</ele></trkpt>
      <trkpt lat="54.590141" lon="36.065055"><ele>185.0</ele></trkpt>
      <trkpt lat="54.590027" lon="36.065219"><ele>185.0</ele></trkpt>
      <trkpt lat="54.589763" lon="36.065607"><ele>185.6</ele></trkpt>
      <trkpt lat="54.589296" lon="36.066046"><ele>185.6</ele></trkpt>
      <trkpt lat="54.588842" lon="36.066472"><ele>185.2</ele></trkpt>
      <trkpt lat="54.588626" lon="36.066675"><ele>185.0</ele></trkpt>
      <trkpt lat="54.588348" lon="36.066936"><ele>183.8</ele></trkpt>
      <trkpt lat="54.587945" lon="36.067314"><ele>182.4</ele></trkpt>
      <trkpt lat="54.587656" lon="36.067586"><ele>181.4</ele></trkpt>
      <trkpt lat="54.58742" lon="36.067808"><ele>179.8</ele></trkpt>
      <trkpt lat="54.58719" lon="36.068024"><ele>178.8</ele></trkpt>
      <trkpt lat="54.586841" lon="36.068351"><ele>177.6</ele></trkpt>
      <trkpt lat="54.586721" lon="36.068464"><ele>176.6</ele></trkpt>
      <trkpt lat="54.586407" lon="36.068759"><ele>175.4</ele></trkpt>
      <trkpt lat="54.586006" lon="36.069135"><ele>174.4</ele></trkpt>
      <trkpt lat="54.58565" lon="36.06947"><ele>174.4</ele></trkpt>
      <trkpt lat="54.585277" lon="36.069811"><ele>174.6</ele></trkpt>
      <trkpt lat="54.585222" lon="36.06984"><ele>174.6</ele></trkpt>
      <trkpt lat="54.58518" lon="36.069878"><ele>174.8</ele></trkpt>
      <trkpt lat="54.584963" lon="36.070008"><ele>175.4</ele></trkpt>
      <trkpt lat="54.584906" lon="36.070049"><ele>175.6</ele></trkpt>
      <trkpt lat="54.584781" lon="36.070164"><ele>176.0</ele></trkpt>
      <trkpt lat="54.584674" lon="36.070273"><ele>176.2</ele></trkpt>
      <trkpt lat="54.584591" lon="36.070334"><ele>176.6</ele></trkpt>
      <trkpt lat="54.584552" lon="36.070357"><ele>176.4</ele></trkpt>
      <trkpt lat="54.584259" lon="36.070568"><ele>177.2</ele></trkpt>
      <trkpt lat="54.584208" lon="36.070599"><ele>177.2</ele></trkpt>
      <trkpt lat="54.584127" lon="36.070673"><ele>177.4</ele></trkpt>
      <trkpt lat="54.583949" lon="36.070942"><ele>178.4</ele></trkpt>
      <trkpt lat="54.583734" lon="36.071329"><ele>179.2</ele></trkpt>
      <trkpt lat="54.583469" lon="36.071929"><ele>179.4</ele></trkpt>
      <trkpt lat="54.583262" lon="36.072636"><ele>179.2</ele></trkpt>
      <trkpt lat="54.583158" lon="36.07313"><ele>179.2</ele></trkpt>
      <trkpt lat="54.583062" lon="36.073778"><ele>178.2</ele></trkpt>
      <trkpt lat="54.58305" lon="36.074002"><ele>177.2</ele></trkpt>
      <trkpt lat="54.583035" lon="36.074494"><ele>177.0</ele></trkpt>
      <trkpt lat="54.583075" lon="36.075428"><ele>176.4</ele></trkpt>
      <trkpt lat="54.583103" lon="36.075673"><ele>176.2</ele></trkpt>
      <trkpt lat="54.583177" lon="36.076308"><ele>175.6</ele></trkpt>
      <trkpt lat="54.583185" lon="36.076436"><ele>175.4</ele></trkpt>
      <trkpt lat="54.583211" lon="36.076686"><ele>174.8</ele></trkpt>
      <trkpt lat="54.583271" lon="36.077175"><ele>174.4</ele></trkpt>
      <trkpt lat="54.583338" lon="36.077999"><ele>174.4</ele></trkpt>
      <trkpt lat="54.583314" lon="36.078878"><ele>174.6</ele></trkpt>
      <trkpt lat="54.583302" lon="36.078993"><ele>174.6</ele></trkpt>
      <trkpt lat="54.583254" lon="36.079314"><ele>174.6</ele></trkpt>
      <trkpt lat="54.583145" lon="36.07993"><ele>175.0</ele></trkpt>
      <trkpt lat="54.582928" lon="36.080639"><ele>174.8</ele></trkpt>
      <trkpt lat="54.582633" lon="36.081415"><ele>174.2</ele></trkpt>
      <trkpt lat="54.582325" lon="36.082237"><ele>174.0</ele></trkpt>
      <trkpt lat="54.582289" lon="36.082333"><ele>174.0</ele></trkpt>
      <trkpt lat="54.582094" lon="36.082817"><ele>173.6</ele></trkpt>
      <trkpt lat="54.582015" lon="36.083029"><ele>173.6</ele></trkpt>
      <trkpt lat="54.581779" lon="36.083689"><ele>173.0</ele></trkpt>
      <trkpt lat="54.581745" lon="36.083789"><ele>172.8</ele></trkpt>
      <trkpt lat="54.581683" lon="36.084006"><ele>172.6</ele></trkpt>
      <trkpt lat="54.581653" lon="36.08411"><ele>172.6</ele></trkpt>
      <trkpt lat="54.581433" lon="36.084842"><ele>172.2</ele></trkpt>
      <trkpt lat="54.581179" lon="36.085646"><ele>171.6</ele></trkpt>
      <trkpt lat="54.581038" lon="36.086096"><ele>171.4</ele></trkpt>
      <trkpt lat="54.580901" lon="36.086664"><ele>170.8</ele></trkpt>
      <trkpt lat="54.580757" lon="36.087175"><ele>170.8</ele></trkpt>
      <trkpt lat="54.5806" lon="36.087707"><ele>170.8</ele></trkpt>
      <trkpt lat="54.580344" lon="36.088549"><ele>170.8</ele></trkpt>
      <trkpt lat="54.580179" lon="36.089108"><ele>170.4</ele></trkpt>
      <trkpt lat="54.580103" lon="36.089385"><ele>170.2</ele></trkpt>
      <trkpt lat="54.57998" lon="36.089757"><ele>170.0</ele></trkpt>
      <trkpt lat="54.579801" lon="36.090354"><ele>170.0</ele></trkpt>
      <trkpt lat="54.579646" lon="36.090869"><ele>170.2</ele></trkpt>
      <trkpt lat="54.579615" lon="36.09097"><ele>170.2</ele></trkpt>
      <trkpt lat="54.57948" lon="36.091342"><ele>170.2</ele></trkpt>
      <trkpt lat="54.579422" lon="36.091534"><ele>170.2</ele></trkpt>
      <trkpt lat="54.579308" lon="36.091948"><ele>170.2</ele></trkpt>
      <trkpt lat="54.579116" lon="36.092644"><ele>170.0</ele></trkpt>
      <trkpt lat="54.578926" lon="36.093279"><ele>169.4</ele></trkpt>
      <trkpt lat="54.578751" lon="36.093798"><ele>169.4</ele></trkpt>
      <trkpt lat="54.578574" lon="36.094377"><ele>170.0</ele></trkpt>
      <trkpt lat="54.578371" lon="36.095094"><ele>170.2</ele></trkpt>
      <trkpt lat="54.578164" lon="36.09584"><ele>170.2</ele></trkpt>
      <trkpt lat="54.578047" lon="36.096274"><ele>170.0</ele></trkpt>
      <trkpt lat="54.577942" lon="36.096617"><ele>170.0</ele></trkpt>
      <trkpt lat="54.577684" lon="36.097496"><ele>169.6</ele></trkpt>
      <trkpt lat="54.577475" lon="36.098258"><ele>169.0</ele></trkpt>
      <trkpt lat="54.577447" lon="36.098361"><ele>168.8</ele></trkpt>
      <trkpt lat="54.577235" lon="36.099237"><ele>168.0</ele></trkpt>
      <trkpt lat="54.577205" lon="36.099357"><ele>168.0</ele></trkpt>
      <trkpt lat="54.577001" lon="36.100205"><ele>168.0</ele></trkpt>
      <trkpt lat="54.576831" lon="36.100935"><ele>169.0</ele></trkpt>
      <trkpt lat="54.576741" lon="36.101368"><ele>169.6</ele></trkpt>
      <trkpt lat="54.576711" lon="36.101568"><ele>170.2</ele></trkpt>
      <trkpt lat="54.57669" lon="36.101753"><ele>170.6</ele></trkpt>
      <trkpt lat="54.576652" lon="36.102006"><ele>171.2</ele></trkpt>
      <trkpt lat="54.576631" lon="36.102111"><ele>171.4</ele></trkpt>
      <trkpt lat="54.576575" lon="36.102464"><ele>171.4</ele></trkpt>
      <trkpt lat="54.576517" lon="36.102751"><ele>172.2</ele></trkpt>
      <trkpt lat="54.576482" lon="36.102947"><ele>172.4</ele></trkpt>
      <trkpt lat="54.576449" lon="36.103221"><ele>173.2</ele></trkpt>
      <trkpt lat="54.576435" lon="36.103359"><ele>173.6</ele></trkpt>
      <trkpt lat="54.576362" lon="36.103703"><ele>174.4</ele></trkpt>
      <trkpt lat="54.576338" lon="36.103868"><ele>174.6</ele></trkpt>
      <trkpt lat="54.576259" lon="36.104257"><ele>175.0</ele></trkpt>
      <trkpt lat="54.576162" lon="36.104737"><ele>175.4</ele></trkpt>
      <trkpt lat="54.576152" lon="36.104794"><ele>175.4</ele></trkpt>
      <trkpt lat="54.576142" lon="36.10485"><ele>175.4</ele></trkpt>
      <trkpt lat="54.576138" lon="36.104916"><ele>175.4</ele></trkpt>
      <trkpt lat="54.576114" lon="36.105102"><ele>175.4</ele></trkpt>
      <trkpt lat="54.576104" lon="36.10516"><ele>175.4</ele></trkpt>
      <trkpt lat="54.575995" lon="36.105542"><ele>175.8</ele></trkpt>
      <trkpt lat="54.575914" lon="36.105899"><ele>176.0</ele></trkpt>
      <trkpt lat="54.575888" lon="36.106102"><ele>176.2</ele></trkpt>
      <trkpt lat="54.575873" lon="36.106181"><ele>176.2</ele></trkpt>
      <trkpt lat="54.575858" lon="36.106243"><ele>176.2</ele></trkpt>
      <trkpt lat="54.57582" lon="36.106371"><ele>176.4</ele></trkpt>
      <trkpt lat="54.575723" lon="36.10665"><ele>176.2</ele></trkpt>
      <trkpt lat="54.575712" lon="36.106707"><ele>176.4</ele></trkpt>
      <trkpt lat="54.575713" lon="36.106811"><ele>176.4</ele></trkpt>
      <trkpt lat="54.575717" lon="36.107004"><ele>176.6</ele></trkpt>
      <trkpt lat="54.57569" lon="36.107117"><ele>176.8</ele></trkpt>
      <trkpt lat="54.575677" lon="36.107343"><ele>177.2</ele></trkpt>
      <trkpt lat="54.575669" lon="36.107398"><ele>177.4</ele></trkpt>
      <trkpt lat="54.575634" lon="36.107778"><ele>178.0</ele></trkpt>
      <trkpt lat="54.575611" lon="36.107922"><ele>178.4</ele></trkpt>
      <trkpt lat="54.575596" lon="36.107972"><ele>178.4</ele></trkpt>
      <trkpt lat="54.575587" lon="36.108024"><ele>178.6</ele></trkpt>
      <trkpt lat="54.575536" lon="36.10824"><ele>179.2</ele></trkpt>
      <trkpt lat="54.575482" lon="36.108407"><ele>179.4</ele></trkpt>
      <trkpt lat="54.575474" lon="36.108455"><ele>179.6</ele></trkpt>
      <trkpt lat="54.575464" lon="36.108553"><ele>179.8</ele></trkpt>
      <trkpt lat="54.575434" lon="36.10865"><ele>179.8</ele></trkpt>
      <trkpt lat="54.575411" lon="36.108903"><ele>180.2</ele></trkpt>
      <trkpt lat="54.575366" lon="36.109078"><ele>180.6</ele></trkpt>
      <trkpt lat="54.575357" lon="36.10924"><ele>180.8</ele></trkpt>
      <trkpt lat="54.575316" lon="36.10935"><ele>181.0</ele></trkpt>
      <trkpt lat="54.575279" lon="36.109604"><ele>181.2</ele></trkpt>
      <trkpt lat="54.575272" lon="36.109664"><ele>181.2</ele></trkpt>
      <trkpt lat="54.575247" lon="36.109782"><ele>181.2</ele></trkpt>
      <trkpt lat="54.575231" lon="36.109841"><ele>181.4</ele></trkpt>
      <trkpt lat="54.575227" lon="36.109976"><ele>181.4</ele></trkpt>
      <trkpt lat="54.57519" lon="36.110122"><ele>181.6</ele></trkpt>
      <trkpt lat="54.575157" lon="36.110256"><ele>181.6</ele></trkpt>
      <trkpt lat="54.575132" lon="36.110441"><ele>181.8</ele></trkpt>
      <trkpt lat="54.575104" lon="36.110789"><ele>181.8</ele></trkpt>
      <trkpt lat="54.575038" lon="36.111044"><ele>182.0</ele></trkpt>
      <trkpt lat="54.574896" lon="36.11147"><ele>182.2</ele></trkpt>
      <trkpt lat="54.574809" lon="36.11166"><ele>182.6</ele></trkpt>
      <trkpt lat="54.574784" lon="36.1117"><ele>182.6</ele></trkpt>
      <trkpt lat="54.574611" lon="36.111915"><ele>183.0</ele></trkpt>
      <trkpt lat="54.574577" lon="36.111995"><ele>183.2</ele></trkpt>
      <trkpt lat="54.574494" lon="36.112266"><ele>183.4</ele></trkpt>
      <trkpt lat="54.574403" lon="36.112425"><ele>183.4</ele></trkpt>
      <trkpt lat="54.574329" lon="36.112567"><ele>183.8</ele></trkpt>
      <trkpt lat="54.574299" lon="36.112628"><ele>183.8</ele></trkpt>
      <trkpt lat="54.574191" lon="36.112867"><ele>184.2</ele></trkpt>
      <trkpt lat="54.574088" lon="36.11309"><ele>184.4</ele></trkpt>
      <trkpt lat="54.574026" lon="36.113172"><ele>184.8</ele></trkpt>
      <trkpt lat="54.573826" lon="36.113452"><ele>185.2</ele></trkpt>
      <trkpt lat="54.573562" lon="36.113727"><ele>185.2</ele></trkpt>
      <trkpt lat="54.573144" lon="36.114106"><ele>185.4</ele></trkpt>
      <trkpt lat="54.572882" lon="36.114316"><ele>185.8</ele></trkpt>
      <trkpt lat="54.572757" lon="36.114408"><ele>185.8</ele></trkpt>
      <trkpt lat="54.572399" lon="36.114693"><ele>186.0</ele></trkpt>
      <trkpt lat="54.572097" lon="36.114966"><ele>186.6</ele></trkpt>
      <trkpt lat="54.571993" lon="36.115059"><ele>186.8</ele></trkpt>
      <trkpt lat="54.571797" lon="36.115207"><ele>187.0</ele></trkpt>
      <trkpt lat="54.571717" lon="36.115257"><ele>187.0</ele></trkpt>
      <trkpt lat="54.571577" lon="36.115381"><ele>187.2</ele></trkpt>
      <trkpt lat="54.571532" lon="36.115424"><ele>187.2</ele></trkpt>
      <trkpt lat="54.571457" lon="36.115498"><ele>187.2</ele></trkpt>
      <trkpt lat="54.571418" lon="36.115532"><ele>187.4</ele></trkpt>
      <trkpt lat="54.571391" lon="36.115554"><ele>187.4</ele></trkpt>
      <trkpt lat="54.571271" lon="36.115659"><ele>187.4</ele></trkpt>
      <trkpt lat="54.571233" lon="36.115692"><ele>187.6</ele></trkpt>
      <trkpt lat="54.571132" lon="36.115784"><ele>187.8</ele></trkpt>
      <trkpt lat="54.571053" lon="36.115858"><ele>187.8</ele></trkpt>
      <trkpt lat="54.571023" lon="36.115876"><ele>187.8</ele></trkpt>
      <trkpt lat="54.570935" lon="36.115937"><ele>187.8</ele></trkpt>
      <trkpt lat="54.570789" lon="36.116057"><ele>187.8</ele></trkpt>
      <trkpt lat="54.570724" lon="36.116124"><ele>187.8</ele></trkpt>
      <trkpt lat="54.570673" lon="36.116172"><ele>188.0</ele></trkpt>
      <trkpt lat="54.570592" lon="36.116222"><ele>187.8</ele></trkpt>
      <trkpt lat="54.57048" lon="36.116207"><ele>187.8</ele></trkpt>
      <trkpt lat="54.570409" lon="36.116258"><ele>187.8</ele></trkpt>
      <trkpt lat="54.570377" lon="36.116172"><ele>187.8</ele></trkpt>
      <trkpt lat="54.57031" lon="36.116213"><ele>187.8</ele></trkpt>
      <trkpt lat="54.570118" lon="36.116403"><ele>187.4</ele></trkpt>
      <trkpt lat="54.570034" lon="36.116396"><ele>187.4</ele></trkpt>
      <trkpt lat="54.569994" lon="36.116538"><ele>187.4</ele></trkpt>
      <trkpt lat="54.569949" lon="36.116609"><ele>187.4</ele></trkpt>
      <trkpt lat="54.56982" lon="36.11662"><ele>187.0</ele></trkpt>
      <trkpt lat="54.569744" lon="36.116515"><ele>186.6</ele></trkpt>
      <trkpt lat="54.56962" lon="36.116638"><ele>186.2</ele></trkpt>
      <trkpt lat="54.569563" lon="36.116677"><ele>186.2</ele></trkpt>
      <trkpt lat="54.569456" lon="36.116742"><ele>186.2</ele></trkpt>
      <trkpt lat="54.56936" lon="36.116848"><ele>186.0</ele></trkpt>
      <trkpt lat="54.569309" lon="36.116918"><ele>185.8</ele></trkpt>
      <trkpt lat="54.569218" lon="36.117033"><ele>185.8</ele></trkpt>
      <trkpt lat="54.569018" lon="36.117285"><ele>185.8</ele></trkpt>
      <trkpt lat="54.568898" lon="36.117472"><ele>185.6</ele></trkpt>
      <trkpt lat="54.568796" lon="36.11752"><ele>185.6</ele></trkpt>
      <trkpt lat="54.568676" lon="36.11765"><ele>185.6</ele></trkpt>
      <trkpt lat="54.568248" lon="36.11811"><ele>185.8</ele></trkpt>
      <trkpt lat="54.568006" lon="36.117919"><ele>185.8</ele></trkpt>
      <trkpt lat="54.567942" lon="36.118046"><ele>185.6</ele></trkpt>
      <trkpt lat="54.567844" lon="36.117825"><ele>185.8</ele></trkpt>
      <trkpt lat="54.567356" lon="36.118179"><ele>185.6</ele></trkpt>
      <trkpt lat="54.567051" lon="36.118401"><ele>184.6</ele></trkpt>
      <trkpt lat="54.566631" lon="36.118705"><ele>183.6</ele></trkpt>
      <trkpt lat="54.566122" lon="36.119075"><ele>182.8</ele></trkpt>
      <trkpt lat="54.566027" lon="36.119143"><ele>182.4</ele></trkpt>
      <trkpt lat="54.565747" lon="36.119347"><ele>181.6</ele></trkpt>
      <trkpt lat="54.565747" lon="36.119347"><ele>182.2</ele></trkpt>
      <trkpt lat="54.565302" lon="36.11967"><ele>181.4</ele></trkpt>
      <trkpt lat="54.565197" lon="36.119746"><ele>180.4</ele></trkpt>
      <trkpt lat="54.564687" lon="36.120116"><ele>179.4</ele></trkpt>
      <trkpt lat="54.564567" lon="36.120203"><ele>179.2</ele></trkpt>
      <trkpt lat="54.564226" lon="36.12045"><ele>178.0</ele></trkpt>
      <trkpt lat="54.563972" lon="36.120635"><ele>177.0</ele></trkpt>
      <trkpt lat="54.563573" lon="36.120924"><ele>175.8</ele></trkpt>
      <trkpt lat="54.563085" lon="36.121278"><ele>175.8</ele></trkpt>
      <trkpt lat="54.562566" lon="36.121655"><ele>175.2</ele></trkpt>
      <trkpt lat="54.562076" lon="36.122011"><ele>175.0</ele></trkpt>
      <trkpt lat="54.562012" lon="36.122057"><ele>174.8</ele></trkpt>
      <trkpt lat="54.561492" lon="36.122434"><ele>174.6</ele></trkpt>
      <trkpt lat="54.561132" lon="36.122696"><ele>173.8</ele></trkpt>
      <trkpt lat="54.560852" lon="36.122899"><ele>172.8</ele></trkpt>
      <trkpt lat="54.560583" lon="36.123094"><ele>171.6</ele></trkpt>
      <trkpt lat="54.560084" lon="36.123456"><ele>171.4</ele></trkpt>
      <trkpt lat="54.559572" lon="36.123828"><ele>171.0</ele></trkpt>
      <trkpt lat="54.559183" lon="36.12411"><ele>170.8</ele></trkpt>
      <trkpt lat="54.558942" lon="36.124275"><ele>170.8</ele></trkpt>
      <trkpt lat="54.558886" lon="36.124373"><ele>170.8</ele></trkpt>
      <trkpt lat="54.558831" lon="36.124487"><ele>170.6</ele></trkpt>
      <trkpt lat="54.558805" lon="36.124578"><ele>170.6</ele></trkpt>
      <trkpt lat="54.558661" lon="36.124745"><ele>170.6</ele></trkpt>
      <trkpt lat="54.558537" lon="36.124924"><ele>170.4</ele></trkpt>
      <trkpt lat="54.558491" lon="36.124964"><ele>170.4</ele></trkpt>
      <trkpt lat="54.558363" lon="36.125077"><ele>170.2</ele></trkpt>
      <trkpt lat="54.558344" lon="36.125302"><ele>170.4</ele></trkpt>
      <trkpt lat="54.55832" lon="36.125397"><ele>170.4</ele></trkpt>
      <trkpt lat="54.558219" lon="36.125444"><ele>170.2</ele></trkpt>
      <trkpt lat="54.558159" lon="36.125508"><ele>170.0</ele></trkpt>
      <trkpt lat="54.558017" lon="36.125847"><ele>170.0</ele></trkpt>
      <trkpt lat="54.557903" lon="36.125998"><ele>169.8</ele></trkpt>
      <trkpt lat="54.557884" lon="36.125954"><ele>169.8</ele></trkpt>
      <trkpt lat="54.557867" lon="36.125946"><ele>169.8</ele></trkpt>
      <trkpt lat="54.557806" lon="36.125889"><ele>169.8</ele></trkpt>
      <trkpt lat="54.557788" lon="36.12585"><ele>169.6</ele></trkpt>
      <trkpt lat="54.557787" lon="36.125826"><ele>169.6</ele></trkpt>
      <trkpt lat="54.557795" lon="36.125873"><ele>169.6</ele></trkpt>
      <trkpt lat="54.557822" lon="36.125757"><ele>169.6</ele></trkpt>
      <trkpt lat="54.55791" lon="36.125726"><ele>169.6</ele></trkpt>
      <trkpt lat="54.557952" lon="36.12583"><ele>169.6</ele></trkpt>
      <trkpt lat="54.557984" lon="36.125851"><ele>169.6</ele></trkpt>
      <trkpt lat="54.557977" lon="36.125944"><ele>169.6</ele></trkpt>
      <trkpt lat="54.557959" lon="36.125962"><ele>169.6</ele></trkpt>
      <trkpt lat="54.55794" lon="36.125957"><ele>169.6</ele></trkpt>
      <trkpt lat="54.557899" lon="36.126037"><ele>169.6</ele></trkpt>
      <trkpt lat="54.557876" lon="36.126036"><ele>169.4</ele></trkpt>
      <trkpt lat="54.557755" lon="36.126286"><ele>169.4</ele></trkpt>
      <trkpt lat="54.557427" lon="36.12665"><ele>169.4</ele></trkpt>
      <trkpt lat="54.557345" lon="36.126742"><ele>169.2</ele></trkpt>
      <trkpt lat="54.557269" lon="36.126823"><ele>169.0</ele></trkpt>
      <trkpt lat="54.557179" lon="36.127011"><ele>168.8</ele></trkpt>
      <trkpt lat="54.557149" lon="36.127099"><ele>168.8</ele></trkpt>
      <trkpt lat="54.557113" lon="36.127192"><ele>168.6</ele></trkpt>
      <trkpt lat="54.557048" lon="36.127411"><ele>168.6</ele></trkpt>
      <trkpt lat="54.557016" lon="36.127488"><ele>168.6</ele></trkpt>
      <trkpt lat="54.556958" lon="36.127597"><ele>168.6</ele></trkpt>
      <trkpt lat="54.556578" lon="36.127956"><ele>168.8</ele></trkpt>
      <trkpt lat="54.55625" lon="36.12905"><ele>168.8</ele></trkpt>
      <trkpt lat="54.555927" lon="36.130129"><ele>169.2</ele></trkpt>
      <trkpt lat="54.555897" lon="36.13023"><ele>169.2</ele></trkpt>
      <trkpt lat="54.555815" lon="36.130531"><ele>169.4</ele></trkpt>
      <trkpt lat="54.55565" lon="36.130839"><ele>170.0</ele></trkpt>
      <trkpt lat="54.555466" lon="36.131486"><ele>170.4</ele></trkpt>
      <trkpt lat="54.555451" lon="36.13146"><ele>170.4</ele></trkpt>
      <trkpt lat="54.555208" lon="36.131828"><ele>170.4</ele></trkpt>
      <trkpt lat="54.555119" lon="36.131947"><ele>170.4</ele></trkpt>
      <trkpt lat="54.555022" lon="36.131992"><ele>170.4</ele></trkpt>
      <trkpt lat="54.554879" lon="36.132149"><ele>170.4</ele></trkpt>
      <trkpt lat="54.554649" lon="36.132231"><ele>170.4</ele></trkpt>
      <trkpt lat="54.554646" lon="36.132381"><ele>170.4</ele></trkpt>
      <trkpt lat="54.554602" lon="36.132581"><ele>170.2</ele></trkpt>
      <trkpt lat="54.554548" lon="36.13293"><ele>170.0</ele></trkpt>
      <trkpt lat="54.554485" lon="36.133054"><ele>170.0</ele></trkpt>
      <trkpt lat="54.554403" lon="36.133276"><ele>169.8</ele></trkpt>
      <trkpt lat="54.55438" lon="36.133356"><ele>169.8</ele></trkpt>
      <trkpt lat="54.554306" lon="36.133527"><ele>169.8</ele></trkpt>
      <trkpt lat="54.554218" lon="36.133609"><ele>169.6</ele></trkpt>
      <trkpt lat="54.554097" lon="36.13373"><ele>169.6</ele></trkpt>
      <trkpt lat="54.554072" lon="36.133784"><ele>169.6</ele></trkpt>
      <trkpt lat="54.554023" lon="36.133862"><ele>169.6</ele></trkpt>
      <trkpt lat="54.553866" lon="36.13414"><ele>169.6</ele></trkpt>
      <trkpt lat="54.553564" lon="36.13457"><ele>169.6</ele></trkpt>
      <trkpt lat="54.553251" lon="36.135181"><ele>169.6</ele></trkpt>
      <trkpt lat="54.553024" lon="36.135597"><ele>169.6</ele></trkpt>
      <trkpt lat="54.552866" lon="36.135893"><ele>169.6</ele></trkpt>
      <trkpt lat="54.552572" lon="36.136387"><ele>170.0</ele></trkpt>
      <trkpt lat="54.552314" lon="36.136847"><ele>170.4</ele></trkpt>
      <trkpt lat="54.551893" lon="36.137545"><ele>170.8</ele></trkpt>
      <trkpt lat="54.551549" lon="36.138223"><ele>170.6</ele></trkpt>
      <trkpt lat="54.551268" lon="36.13878"><ele>170.4</ele></trkpt>
      <trkpt lat="54.550864" lon="36.13951"><ele>170.4</ele></trkpt>
      <trkpt lat="54.5508" lon="36.139629"><ele>170.4</ele></trkpt>
      <trkpt lat="54.550398" lon="36.140343"><ele>169.6</ele></trkpt>
      <trkpt lat="54.550151" lon="36.140791"><ele>169.0</ele></trkpt>
      <trkpt lat="54.550074" lon="36.140939"><ele>168.8</ele></trkpt>
      <trkpt lat="54.549801" lon="36.141508"><ele>168.2</ele></trkpt>
      <trkpt lat="54.549636" lon="36.141828"><ele>167.6</ele></trkpt>
      <trkpt lat="54.549559" lon="36.141974"><ele>167.4</ele></trkpt>
      <trkpt lat="54.549339" lon="36.142351"><ele>167.0</ele></trkpt>
      <trkpt lat="54.548963" lon="36.143006"><ele>167.0</ele></trkpt>
      <trkpt lat="54.548917" lon="36.14308"><ele>167.0</ele></trkpt>
      <trkpt lat="54.548477" lon="36.143783"><ele>167.6</ele></trkpt>
      <trkpt lat="54.54824" lon="36.1442"><ele>167.8</ele></trkpt>
      <trkpt lat="54.547826" lon="36.144928"><ele>168.0</ele></trkpt>
      <trkpt lat="54.547786" lon="36.144995"><ele>168.0</ele></trkpt>
      <trkpt lat="54.547387" lon="36.145673"><ele>167.4</ele></trkpt>
      <trkpt lat="54.547298" lon="36.145818"><ele>167.2</ele></trkpt>
      <trkpt lat="54.547059" lon="36.146261"><ele>166.8</ele></trkpt>
      <trkpt lat="54.546889" lon="36.146573"><ele>166.6</ele></trkpt>
      <trkpt lat="54.546488" lon="36.147279"><ele>166.0</ele></trkpt>
      <trkpt lat="54.546398" lon="36.147442"><ele>166.0</ele></trkpt>
      <trkpt lat="54.546206" lon="36.147789"><ele>165.8</ele></trkpt>
      <trkpt lat="54.546058" lon="36.148049"><ele>165.8</ele></trkpt>
      <trkpt lat="54.545675" lon="36.148702"><ele>165.2</ele></trkpt>
      <trkpt lat="54.54563" lon="36.148785"><ele>165.0</ele></trkpt>
      <trkpt lat="54.545579" lon="36.148867"><ele>164.8</ele></trkpt>
      <trkpt lat="54.545159" lon="36.149534"><ele>163.8</ele></trkpt>
      <trkpt lat="54.544987" lon="36.149788"><ele>163.2</ele></trkpt>
      <trkpt lat="54.544861" lon="36.149968"><ele>162.6</ele></trkpt>
      <trkpt lat="54.544589" lon="36.150328"><ele>161.2</ele></trkpt>
      <trkpt lat="54.544453" lon="36.15051"><ele>160.2</ele></trkpt>
      <trkpt lat="54.544383" lon="36.150597"><ele>159.8</ele></trkpt>
      <trkpt lat="54.544238" lon="36.150771"><ele>159.0</ele></trkpt>
      <trkpt lat="54.544018" lon="36.151018"><ele>157.8</ele></trkpt>
      <trkpt lat="54.543809" lon="36.151237"><ele>156.8</ele></trkpt>
      <trkpt lat="54.543743" lon="36.1513"><ele>156.4</ele></trkpt>
      <trkpt lat="54.543552" lon="36.151488"><ele>155.4</ele></trkpt>
      <trkpt lat="54.543488" lon="36.151548"><ele>155.2</ele></trkpt>
      <trkpt lat="54.543009" lon="36.151945"><ele>155.0</ele></trkpt>
      <trkpt lat="54.542932" lon="36.152002"><ele>155.0</ele></trkpt>
      <trkpt lat="54.542402" lon="36.152394"><ele>155.0</ele></trkpt>
      <trkpt lat="54.542071" lon="36.152682"><ele>155.0</ele></trkpt>
      <trkpt lat="54.541611" lon="36.153048"><ele>155.0</ele></trkpt>
      <trkpt lat="54.541127" lon="36.153416"><ele>154.6</ele></trkpt>
      <trkpt lat="54.540654" lon="36.153876"><ele>154.2</ele></trkpt>
      <trkpt lat="54.540187" lon="36.154452"><ele>153.0</ele></trkpt>
      <trkpt lat="54.539877" lon="36.154907"><ele>152.8</ele></trkpt>
      <trkpt lat="54.539703" lon="36.155182"><ele>152.0</ele></trkpt>
      <trkpt lat="54.53946" lon="36.155539"><ele>152.0</ele></trkpt>
      <trkpt lat="54.539423" lon="36.155632"><ele>152.0</ele></trkpt>
      <trkpt lat="54.539219" lon="36.155995"><ele>151.6</ele></trkpt>
      <trkpt lat="54.538914" lon="36.156557"><ele>151.4</ele></trkpt>
      <trkpt lat="54.538523" lon="36.157277"><ele>152.0</ele></trkpt>
      <trkpt lat="54.538149" lon="36.157963"><ele>152.2</ele></trkpt>
      <trkpt lat="54.537768" lon="36.158669"><ele>152.8</ele></trkpt>
      <trkpt lat="54.537377" lon="36.15936"><ele>152.6</ele></trkpt>
      <trkpt lat="54.537336" lon="36.159436"><ele>152.6</ele></trkpt>
      <trkpt lat="54.53698" lon="36.160128"><ele>152.2</ele></trkpt>
      <trkpt lat="54.536684" lon="36.160677"><ele>151.8</ele></trkpt>
      <trkpt lat="54.536559" lon="36.160895"><ele>151.6</ele></trkpt>
      <trkpt lat="54.536386" lon="36.161204"><ele>151.4</ele></trkpt>
      <trkpt lat="54.536301" lon="36.161359"><ele>151.2</ele></trkpt>
      <trkpt lat="54.535899" lon="36.162087"><ele>151.0</ele></trkpt>
      <trkpt lat="54.535528" lon="36.162745"><ele>151.0</ele></trkpt>
      <trkpt lat="54.535362" lon="36.163041"><ele>151.0</ele></trkpt>
      <trkpt lat="54.534987" lon="36.163707"><ele>151.0</ele></trkpt>
      <trkpt lat="54.534901" lon="36.163855"><ele>151.0</ele></trkpt>
      <trkpt lat="54.534515" lon="36.164555"><ele>151.6</ele></trkpt>
      <trkpt lat="54.53439" lon="36.164778"><ele>151.8</ele></trkpt>
      <trkpt lat="54.533986" lon="36.165461"><ele>151.8</ele></trkpt>
      <trkpt lat="54.533957" lon="36.165509"><ele>151.8</ele></trkpt>
      <trkpt lat="54.533653" lon="36.166021"><ele>152.2</ele></trkpt>
      <trkpt lat="54.533621" lon="36.166073"><ele>152.4</ele></trkpt>
      <trkpt lat="54.533346" lon="36.166543"><ele>153.4</ele></trkpt>
      <trkpt lat="54.533287" lon="36.166643"><ele>153.4</ele></trkpt>
      <trkpt lat="54.533061" lon="36.167069"><ele>154.6</ele></trkpt>
      <trkpt lat="54.533034" lon="36.167122"><ele>154.6</ele></trkpt>
      <trkpt lat="54.532765" lon="36.167577"><ele>155.2</ele></trkpt>
      <trkpt lat="54.532406" lon="36.168176"><ele>155.4</ele></trkpt>
      <trkpt lat="54.532228" lon="36.168484"><ele>155.6</ele></trkpt>
      <trkpt lat="54.532094" lon="36.168719"><ele>155.8</ele></trkpt>
      <trkpt lat="54.531909" lon="36.169016"><ele>156.4</ele></trkpt>
      <trkpt lat="54.531909" lon="36.169016"><ele>156.6</ele></trkpt>
      <trkpt lat="54.531909" lon="36.169016"><ele>156.8</ele></trkpt>
      <trkpt lat="54.531897" lon="36.169052"><ele>157.0</ele></trkpt>
      <trkpt lat="54.531845" lon="36.169142"><ele>157.0</ele></trkpt>
      <trkpt lat="54.531652" lon="36.169466"><ele>157.2</ele></trkpt>
      <trkpt lat="54.531529" lon="36.169707"><ele>157.0</ele></trkpt>
      <trkpt lat="54.53148" lon="36.169805"><ele>157.4</ele></trkpt>
      <trkpt lat="54.53139" lon="36.169943"><ele>158.0</ele></trkpt>
      <trkpt lat="54.531308" lon="36.170101"><ele>158.2</ele></trkpt>
      <trkpt lat="54.531191" lon="36.170294"><ele>158.4</ele></trkpt>
      <trkpt lat="54.53104" lon="36.170538"><ele>159.2</ele></trkpt>
      <trkpt lat="54.530892" lon="36.170783"><ele>160.0</ele></trkpt>
      <trkpt lat="54.530864" lon="36.170831"><ele>160.2</ele></trkpt>
      <trkpt lat="54.530623" lon="36.171265"><ele>161.0</ele></trkpt>
      <trkpt lat="54.5306" lon="36.171309"><ele>161.4</ele></trkpt>
      <trkpt lat="54.530481" lon="36.171499"><ele>162.4</ele></trkpt>
      <trkpt lat="54.530392" lon="36.171652"><ele>163.2</ele></trkpt>
      <trkpt lat="54.530305" lon="36.171817"><ele>163.6</ele></trkpt>
      <trkpt lat="54.530188" lon="36.172004"><ele>164.2</ele></trkpt>
      <trkpt lat="54.530078" lon="36.172212"><ele>164.8</ele></trkpt>
      <trkpt lat="54.52998" lon="36.172363"><ele>165.0</ele></trkpt>
      <trkpt lat="54.529847" lon="36.172594"><ele>165.8</ele></trkpt>
      <trkpt lat="54.529758" lon="36.172771"><ele>166.2</ele></trkpt>
      <trkpt lat="54.529537" lon="36.173136"><ele>166.8</ele></trkpt>
      <trkpt lat="54.529531" lon="36.173146"><ele>167.0</ele></trkpt>
      <trkpt lat="54.52953" lon="36.173135"><ele>167.2</ele></trkpt>
      <trkpt lat="54.529544" lon="36.173112"><ele>168.2</ele></trkpt>
      <trkpt lat="54.529548" lon="36.173095"><ele>168.2</ele></trkpt>
      <trkpt lat="54.529577" lon="36.172998"><ele>168.2</ele></trkpt>
      <trkpt lat="54.529576" lon="36.17299"><ele>168.2</ele></trkpt>
      <trkpt lat="54.529555" lon="36.172977"><ele>168.0</ele></trkpt>
      <trkpt lat="54.529471" lon="36.173039"><ele>167.8</ele></trkpt>
      <trkpt lat="54.529372" lon="36.173098"><ele>167.8</ele></trkpt>
      <trkpt lat="54.529334" lon="36.173152"><ele>168.0</ele></trkpt>
      <trkpt lat="54.529325" lon="36.173151"><ele>168.2</ele></trkpt>
      <trkpt lat="54.529334" lon="36.173099"><ele>168.4</ele></trkpt>
      <trkpt lat="54.529408" lon="36.172989"><ele>169.2</ele></trkpt>
      <trkpt lat="54.529436" lon="36.172846"><ele>169.4</ele></trkpt>
      <trkpt lat="54.529416" lon="36.17281"><ele>169.6</ele></trkpt>
      <trkpt lat="54.5294" lon="36.172788"><ele>169.6</ele></trkpt>
      <trkpt lat="54.529353" lon="36.172701"><ele>169.6</ele></trkpt>
      <trkpt lat="54.529287" lon="36.172607"><ele>174.0</ele></trkpt>
      <trkpt lat="54.529297" lon="36.172629"><ele>174.0</ele></trkpt>
      <trkpt lat="54.529309" lon="36.172684"><ele>174.0</ele></trkpt>
      <trkpt lat="54.529322" lon="36.172739"><ele>174.0</ele></trkpt>
      <trkpt lat="54.529308" lon="36.172759"><ele>174.0</ele></trkpt>
      <trkpt lat="54.529275" lon="36.172872"><ele>174.0</ele></trkpt>
      <trkpt lat="54.52921" lon="36.172909"><ele>174.0</ele></trkpt>
      <trkpt lat="54.529216" lon="36.172947"><ele>174.0</ele></trkpt>
      <trkpt lat="54.529197" lon="36.173035"><ele>174.0</ele></trkpt>
      <trkpt lat="54.529208" lon="36.173102"><ele>174.0</ele></trkpt>
      <trkpt lat="54.529217" lon="36.173124"><ele>174.0</ele></trkpt>
      <trkpt lat="54.529224" lon="36.173152"><ele>174.0</ele></trkpt>
      <trkpt lat="54.529213" lon="36.173152"><ele>174.0</ele></trkpt>
      <trkpt lat="54.529209" lon="36.173151"><ele>174.0</ele></trkpt>
      <trkpt lat="54.52923" lon="36.173198"><ele>173.2</ele></trkpt>
      <trkpt lat="54.529235" lon="36.173248"><ele>173.2</ele></trkpt>
      <trkpt lat="54.529245" lon="36.173307"><ele>173.2</ele></trkpt>
      <trkpt lat="54.529242" lon="36.173371"><ele>173.2</ele></trkpt>
      <trkpt lat="54.529143" lon="36.173434"><ele>173.2</ele></trkpt>
      <trkpt lat="54.529065" lon="36.17351"><ele>173.2</ele></trkpt>
      <trkpt lat="54.528971" lon="36.173692"><ele>173.6</ele></trkpt>
      <trkpt lat="54.528948" lon="36.17375"><ele>173.8</ele></trkpt>
      <trkpt lat="54.528904" lon="36.173828"><ele>174.0</ele></trkpt>
      <trkpt lat="54.528834" lon="36.174025"><ele>174.2</ele></trkpt>
      <trkpt lat="54.528813" lon="36.174047"><ele>174.2</ele></trkpt>
      <trkpt lat="54.528744" lon="36.174108"><ele>174.4</ele></trkpt>
      <trkpt lat="54.52865" lon="36.174281"><ele>174.6</ele></trkpt>
      <trkpt lat="54.528606" lon="36.174466"><ele>175.0</ele></trkpt>
      <trkpt lat="54.528591" lon="36.174544"><ele>175.0</ele></trkpt>
      <trkpt lat="54.52858" lon="36.174575"><ele>175.2</ele></trkpt>
      <trkpt lat="54.528442" lon="36.174665"><ele>176.0</ele></trkpt>
      <trkpt lat="54.528435" lon="36.174674"><ele>176.2</ele></trkpt>
      <trkpt lat="54.528389" lon="36.17474"><ele>176.2</ele></trkpt>
      <trkpt lat="54.528381" lon="36.174758"><ele>176.2</ele></trkpt>
      <trkpt lat="54.528357" lon="36.174845"><ele>176.4</ele></trkpt>
      <trkpt lat="54.528256" lon="36.175021"><ele>176.6</ele></trkpt>
      <trkpt lat="54.528168" lon="36.175124"><ele>176.8</ele></trkpt>
      <trkpt lat="54.528124" lon="36.17518"><ele>177.0</ele></trkpt>
      <trkpt lat="54.528072" lon="36.17522"><ele>177.2</ele></trkpt>
      <trkpt lat="54.528005" lon="36.175258"><ele>177.2</ele></trkpt>
      <trkpt lat="54.527956" lon="36.175291"><ele>177.2</ele></trkpt>
      <trkpt lat="54.527945" lon="36.175312"><ele>177.4</ele></trkpt>
      <trkpt lat="54.527909" lon="36.175358"><ele>177.4</ele></trkpt>
      <trkpt lat="54.52789" lon="36.175384"><ele>177.4</ele></trkpt>
      <trkpt lat="54.527819" lon="36.175496"><ele>177.8</ele></trkpt>
      <trkpt lat="54.527811" lon="36.175529"><ele>178.0</ele></trkpt>
      <trkpt lat="54.527809" lon="36.175545"><ele>178.2</ele></trkpt>
      <trkpt lat="54.527799" lon="36.175565"><ele>178.2</ele></trkpt>
      <trkpt lat="54.527747" lon="36.175623"><ele>178.4</ele></trkpt>
      <trkpt lat="54.52762" lon="36.175756"><ele>178.6</ele></trkpt>
      <trkpt lat="54.527575" lon="36.1759"><ele>178.8</ele></trkpt>
      <trkpt lat="54.527561" lon="36.175942"><ele>179.0</ele></trkpt>
      <trkpt lat="54.527513" lon="36.176058"><ele>179.0</ele></trkpt>
      <trkpt lat="54.527467" lon="36.176146"><ele>179.2</ele></trkpt>
      <trkpt lat="54.527454" lon="36.176174"><ele>179.2</ele></trkpt>
      <trkpt lat="54.527435" lon="36.1762"><ele>179.2</ele></trkpt>
      <trkpt lat="54.527364" lon="36.176312"><ele>179.4</ele></trkpt>
      <trkpt lat="54.52725" lon="36.176545"><ele>179.6</ele></trkpt>
      <trkpt lat="54.527214" lon="36.17669"><ele>180.0</ele></trkpt>
      <trkpt lat="54.527124" lon="36.17676"><ele>180.2</ele></trkpt>
      <trkpt lat="54.527103" lon="36.176831"><ele>180.2</ele></trkpt>
      <trkpt lat="54.527047" lon="36.176893"><ele>180.2</ele></trkpt>
      <trkpt lat="54.526991" lon="36.176973"><ele>180.4</ele></trkpt>
      <trkpt lat="54.526979" lon="36.177048"><ele>180.6</ele></trkpt>
      <trkpt lat="54.526933" lon="36.177045"><ele>180.6</ele></trkpt>
      <trkpt lat="54.526925" lon="36.177041"><ele>180.8</ele></trkpt>
      <trkpt lat="54.526927" lon="36.177053"><ele>180.8</ele></trkpt>
      <trkpt lat="54.526901" lon="36.177052"><ele>180.8</ele></trkpt>
      <trkpt lat="54.526869" lon="36.177054"><ele>180.8</ele></trkpt>
      <trkpt lat="54.526838" lon="36.177097"><ele>180.8</ele></trkpt>
      <trkpt lat="54.526747" lon="36.177216"><ele>180.8</ele></trkpt>
      <trkpt lat="54.526657" lon="36.177363"><ele>181.0</ele></trkpt>
      <trkpt lat="54.526632" lon="36.177392"><ele>181.2</ele></trkpt>
      <trkpt lat="54.526515" lon="36.17755"><ele>181.4</ele></trkpt>
      <trkpt lat="54.526387" lon="36.177773"><ele>181.4</ele></trkpt>
      <trkpt lat="54.526264" lon="36.178027"><ele>181.6</ele></trkpt>
      <trkpt lat="54.526101" lon="36.178272"><ele>181.8</ele></trkpt>
      <trkpt lat="54.525985" lon="36.178426"><ele>182.0</ele></trkpt>
      <trkpt lat="54.525917" lon="36.178529"><ele>182.0</ele></trkpt>
      <trkpt lat="54.525836" lon="36.178672"><ele>182.2</ele></trkpt>
      <trkpt lat="54.525774" lon="36.178856"><ele>182.2</ele></trkpt>
      <trkpt lat="54.525664" lon="36.178989"><ele>182.6</ele></trkpt>
      <trkpt lat="54.52557" lon="36.179175"><ele>182.8</ele></trkpt>
      <trkpt lat="54.52555" lon="36.179213"><ele>182.8</ele></trkpt>
      <trkpt lat="54.525479" lon="36.179382"><ele>183.0</ele></trkpt>
      <trkpt lat="54.525463" lon="36.179415"><ele>183.0</ele></trkpt>
      <trkpt lat="54.525442" lon="36.179464"><ele>183.2</ele></trkpt>
      <trkpt lat="54.525429" lon="36.179488"><ele>183.2</ele></trkpt>
      <trkpt lat="54.525414" lon="36.179512"><ele>183.2</ele></trkpt>
      <trkpt lat="54.525365" lon="36.179665"><ele>183.4</ele></trkpt>
      <trkpt lat="54.525353" lon="36.179696"><ele>183.4</ele></trkpt>
      <trkpt lat="54.525295" lon="36.179793"><ele>183.4</ele></trkpt>
      <trkpt lat="54.525263" lon="36.179868"><ele>183.4</ele></trkpt>
      <trkpt lat="54.525224" lon="36.179962"><ele>183.4</ele></trkpt>
      <trkpt lat="54.525207" lon="36.179991"><ele>183.4</ele></trkpt>
      <trkpt lat="54.52515" lon="36.180073"><ele>183.4</ele></trkpt>
      <trkpt lat="54.524974" lon="36.180279"><ele>183.4</ele></trkpt>
      <trkpt lat="54.524906" lon="36.180398"><ele>183.6</ele></trkpt>
      <trkpt lat="54.524905" lon="36.180424"><ele>183.6</ele></trkpt>
      <trkpt lat="54.524884" lon="36.180482"><ele>183.6</ele></trkpt>
      <trkpt lat="54.524847" lon="36.180535"><ele>183.6</ele></trkpt>
      <trkpt lat="54.524843" lon="36.180557"><ele>183.6</ele></trkpt>
      <trkpt lat="54.524808" lon="36.180639"><ele>183.6</ele></trkpt>
      <trkpt lat="54.524798" lon="36.180684"><ele>183.6</ele></trkpt>
      <trkpt lat="54.524664" lon="36.180983"><ele>183.8</ele></trkpt>
      <trkpt lat="54.524654" lon="36.181085"><ele>183.8</ele></trkpt>
      <trkpt lat="54.524662" lon="36.181268"><ele>183.8</ele></trkpt>
      <trkpt lat="54.524638" lon="36.181366"><ele>183.8</ele></trkpt>
      <trkpt lat="54.524603" lon="36.181418"><ele>183.8</ele></trkpt>
      <trkpt lat="54.524578" lon="36.181545"><ele>184.0</ele></trkpt>
      <trkpt lat="54.524605" lon="36.181623"><ele>184.0</ele></trkpt>
      <trkpt lat="54.524725" lon="36.181812"><ele>184.4</ele></trkpt>
      <trkpt lat="54.524725" lon="36.181859"><ele>184.4</ele></trkpt>
      <trkpt lat="54.524714" lon="36.181902"><ele>184.4</ele></trkpt>
      <trkpt lat="54.52469" lon="36.181959"><ele>184.2</ele></trkpt>
      <trkpt lat="54.524678" lon="36.181979"><ele>184.2</ele></trkpt>
      <trkpt lat="54.524638" lon="36.18208"><ele>184.2</ele></trkpt>
      <trkpt lat="54.524613" lon="36.182206"><ele>184.2</ele></trkpt>
      <trkpt lat="54.524603" lon="36.182252"><ele>184.2</ele></trkpt>
      <trkpt lat="54.524594" lon="36.182387"><ele>184.2</ele></trkpt>
      <trkpt lat="54.524581" lon="36.182461"><ele>184.0</ele></trkpt>
      <trkpt lat="54.52457" lon="36.182541"><ele>184.2</ele></trkpt>
      <trkpt lat="54.524562" lon="36.182641"><ele>184.2</ele></trkpt>
      <trkpt lat="54.524514" lon="36.18278"><ele>184.2</ele></trkpt>
      <trkpt lat="54.524498" lon="36.182829"><ele>184.2</ele></trkpt>
      <trkpt lat="54.52447" lon="36.182899"><ele>184.2</ele></trkpt>
      <trkpt lat="54.524415" lon="36.183013"><ele>184.2</ele></trkpt>
      <trkpt lat="54.524379" lon="36.183101"><ele>184.2</ele></trkpt>
      <trkpt lat="54.524274" lon="36.183319"><ele>184.4</ele></trkpt>
      <trkpt lat="54.524196" lon="36.183494"><ele>184.6</ele></trkpt>
      <trkpt lat="54.524198" lon="36.183534"><ele>184.6</ele></trkpt>
      <trkpt lat="54.524227" lon="36.183566"><ele>184.6</ele></trkpt>
      <trkpt lat="54.524212" lon="36.183614"><ele>184.6</ele></trkpt>
      <trkpt lat="54.524208" lon="36.183774"><ele>184.8</ele></trkpt>
      <trkpt lat="54.524194" lon="36.18381"><ele>184.8</ele></trkpt>
      <trkpt lat="54.524161" lon="36.183909"><ele>184.8</ele></trkpt>
      <trkpt lat="54.52414" lon="36.183984"><ele>184.8</ele></trkpt>
      <trkpt lat="54.524035" lon="36.184248"><ele>184.8</ele></trkpt>
      <trkpt lat="54.52401" lon="36.184357"><ele>184.8</ele></trkpt>
      <trkpt lat="54.524015" lon="36.184425"><ele>184.6</ele></trkpt>
      <trkpt lat="54.524004" lon="36.18445"><ele>184.6</ele></trkpt>
      <trkpt lat="54.52399" lon="36.184535"><ele>184.8</ele></trkpt>
      <trkpt lat="54.523997" lon="36.184558"><ele>184.8</ele></trkpt>
      <trkpt lat="54.523871" lon="36.184758"><ele>184.8</ele></trkpt>
      <trkpt lat="54.523848" lon="36.1849"><ele>184.8</ele></trkpt>
      <trkpt lat="54.523841" lon="36.184977"><ele>184.8</ele></trkpt>
      <trkpt lat="54.523787" lon="36.185043"><ele>185.0</ele></trkpt>
      <trkpt lat="54.523731" lon="36.18511"><ele>185.0</ele></trkpt>
      <trkpt lat="54.523729" lon="36.185137"><ele>185.0</ele></trkpt>
      <trkpt lat="54.523709" lon="36.185203"><ele>184.8</ele></trkpt>
      <trkpt lat="54.523653" lon="36.185387"><ele>184.8</ele></trkpt>
      <trkpt lat="54.52359" lon="36.185647"><ele>184.8</ele></trkpt>
      <trkpt lat="54.523562" lon="36.185688"><ele>184.8</ele></trkpt>
      <trkpt lat="54.523517" lon="36.185763"><ele>184.8</ele></trkpt>
      <trkpt lat="54.523484" lon="36.185877"><ele>184.8</ele></trkpt>
      <trkpt lat="54.52345" lon="36.18602"><ele>184.8</ele></trkpt>
      <trkpt lat="54.52342" lon="36.186106"><ele>184.8</ele></trkpt>
      <trkpt lat="54.523404" lon="36.186128"><ele>184.8</ele></trkpt>
      <trkpt lat="54.523371" lon="36.186199"><ele>184.8</ele></trkpt>
      <trkpt lat="54.523339" lon="36.186295"><ele>185.0</ele></trkpt>
      <trkpt lat="54.523245" lon="36.186571"><ele>185.0</ele></trkpt>
      <trkpt lat="54.523185" lon="36.186845"><ele>185.0</ele></trkpt>
      <trkpt lat="54.523111" lon="36.187252"><ele>185.0</ele></trkpt>
      <trkpt lat="54.522964" lon="36.187474"><ele>185.0</ele></trkpt>
      <trkpt lat="54.522872" lon="36.18755"><ele>185.0</ele></trkpt>
      <trkpt lat="54.522771" lon="36.187624"><ele>185.0</ele></trkpt>
      <trkpt lat="54.522631" lon="36.187841"><ele>185.0</ele></trkpt>
      <trkpt lat="54.522596" lon="36.18787"><ele>184.8</ele></trkpt>
      <trkpt lat="54.522461" lon="36.187945"><ele>184.8</ele></trkpt>
      <trkpt lat="54.522397" lon="36.187958"><ele>184.8</ele></trkpt>
      <trkpt lat="54.522352" lon="36.188048"><ele>184.4</ele></trkpt>
      <trkpt lat="54.522344" lon="36.188084"><ele>184.4</ele></trkpt>
      <trkpt lat="54.522348" lon="36.188191"><ele>184.2</ele></trkpt>
      <trkpt lat="54.522328" lon="36.188293"><ele>183.8</ele></trkpt>
      <trkpt lat="54.522288" lon="36.188367"><ele>183.4</ele></trkpt>
      <trkpt lat="54.522308" lon="36.188686"><ele>183.0</ele></trkpt>
      <trkpt lat="54.52232" lon="36.188905"><ele>182.8</ele></trkpt>
      <trkpt lat="54.52234" lon="36.189169"><ele>182.6</ele></trkpt>
      <trkpt lat="54.522362" lon="36.189245"><ele>182.4</ele></trkpt>
      <trkpt lat="54.522377" lon="36.189576"><ele>182.0</ele></trkpt>
      <trkpt lat="54.522342" lon="36.189712"><ele>181.6</ele></trkpt>
      <trkpt lat="54.522314" lon="36.189791"><ele>181.4</ele></trkpt>
      <trkpt lat="54.522268" lon="36.189921"><ele>180.6</ele></trkpt>
      <trkpt lat="54.522258" lon="36.18999"><ele>180.2</ele></trkpt>
      <trkpt lat="54.522216" lon="36.190183"><ele>179.4</ele></trkpt>
      <trkpt lat="54.522143" lon="36.190497"><ele>178.4</ele></trkpt>
      <trkpt lat="54.522115" lon="36.19058"><ele>178.4</ele></trkpt>
      <trkpt lat="54.521979" lon="36.190882"><ele>177.2</ele></trkpt>
      <trkpt lat="54.521961" lon="36.190945"><ele>177.2</ele></trkpt>
      <trkpt lat="54.52193" lon="36.191179"><ele>176.4</ele></trkpt>
      <trkpt lat="54.521942" lon="36.191297"><ele>176.2</ele></trkpt>
      <trkpt lat="54.521972" lon="36.191367"><ele>176.2</ele></trkpt>
      <trkpt lat="54.521994" lon="36.191477"><ele>176.2</ele></trkpt>
      <trkpt lat="54.521993" lon="36.191486"><ele>176.2</ele></trkpt>
      <trkpt lat="54.521991" lon="36.191504"><ele>176.2</ele></trkpt>
      <trkpt lat="54.521994" lon="36.191543"><ele>176.8</ele></trkpt>
      <trkpt lat="54.522" lon="36.191564"><ele>176.8</ele></trkpt>
      <trkpt lat="54.522006" lon="36.191581"><ele>176.8</ele></trkpt>
      <trkpt lat="54.522038" lon="36.191667"><ele>176.8</ele></trkpt>
      <trkpt lat="54.522077" lon="36.19175"><ele>177.0</ele></trkpt>
      <trkpt lat="54.52212" lon="36.191905"><ele>177.0</ele></trkpt>
      <trkpt lat="54.522118" lon="36.19195"><ele>177.2</ele></trkpt>
      <trkpt lat="54.522049" lon="36.192271"><ele>177.4</ele></trkpt>
      <trkpt lat="54.521937" lon="36.192721"><ele>177.4</ele></trkpt>
      <trkpt lat="54.52179" lon="36.193324"><ele>177.2</ele></trkpt>
      <trkpt lat="54.521531" lon="36.194147"><ele>177.0</ele></trkpt>
      <trkpt lat="54.521272" lon="36.194859"><ele>177.2</ele></trkpt>
      <trkpt lat="54.520969" lon="36.195518"><ele>177.2</ele></trkpt>
      <trkpt lat="54.520827" lon="36.195856"><ele>177.2</ele></trkpt>
      <trkpt lat="54.52077" lon="36.195983"><ele>177.4</ele></trkpt>
      <trkpt lat="54.520761" lon="36.195985"><ele>177.4</ele></trkpt>
      <trkpt lat="54.520758" lon="36.195982"><ele>177.4</ele></trkpt>
      <trkpt lat="54.520756" lon="36.195984"><ele>177.4</ele></trkpt>
      <trkpt lat="54.520755" lon="36.195989"><ele>177.4</ele></trkpt>
      <trkpt lat="54.520759" lon="36.196"><ele>177.6</ele></trkpt>
      <trkpt lat="54.520767" lon="36.196031"><ele>177.6</ele></trkpt>
      <trkpt lat="54.520841" lon="36.196189"><ele>177.6</ele></trkpt>
      <trkpt lat="54.52084" lon="36.196356"><ele>177.6</ele></trkpt>
      <trkpt lat="54.520723" lon="36.196715"><ele>177.4</ele></trkpt>
      <trkpt lat="54.520519" lon="36.197144"><ele>177.2</ele></trkpt>
      <trkpt lat="54.520489" lon="36.197204"><ele>177.2</ele></trkpt>
      <trkpt lat="54.520341" lon="36.197503"><ele>177.0</ele></trkpt>
      <trkpt lat="54.520074" lon="36.197984"><ele>176.2</ele></trkpt>
      <trkpt lat="54.519905" lon="36.198278"><ele>175.4</ele></trkpt>
      <trkpt lat="54.519803" lon="36.198452"><ele>175.0</ele></trkpt>
      <trkpt lat="54.519452" lon="36.199036"><ele>174.4</ele></trkpt>
      <trkpt lat="54.51934" lon="36.199228"><ele>174.4</ele></trkpt>
      <trkpt lat="54.519258" lon="36.19938"><ele>174.2</ele></trkpt>
      <trkpt lat="54.519075" lon="36.199695"><ele>173.2</ele></trkpt>
      <trkpt lat="54.519039" lon="36.199759"><ele>173.2</ele></trkpt>
      <trkpt lat="54.518836" lon="36.200083"><ele>172.6</ele></trkpt>
      <trkpt lat="54.518765" lon="36.200192"><ele>172.0</ele></trkpt>
      <trkpt lat="54.518658" lon="36.200343"><ele>171.4</ele></trkpt>
      <trkpt lat="54.518594" lon="36.200466"><ele>171.0</ele></trkpt>
      <trkpt lat="54.51853" lon="36.200589"><ele>170.6</ele></trkpt>
      <trkpt lat="54.518449" lon="36.200758"><ele>170.0</ele></trkpt>
      <trkpt lat="54.518409" lon="36.200832"><ele>169.8</ele></trkpt>
      <trkpt lat="54.518363" lon="36.200909"><ele>169.8</ele></trkpt>
      <trkpt lat="54.51822" lon="36.201142"><ele>168.8</ele></trkpt>
      <trkpt lat="54.518082" lon="36.201375"><ele>167.6</ele></trkpt>
      <trkpt lat="54.518028" lon="36.201451"><ele>167.4</ele></trkpt>
      <trkpt lat="54.517826" lon="36.201816"><ele>165.8</ele></trkpt>
      <trkpt lat="54.517754" lon="36.201969"><ele>165.6</ele></trkpt>
      <trkpt lat="54.517692" lon="36.202118"><ele>164.8</ele></trkpt>
      <trkpt lat="54.517582" lon="36.202318"><ele>163.6</ele></trkpt>
      <trkpt lat="54.5175" lon="36.202453"><ele>162.8</ele></trkpt>
      <trkpt lat="54.517508" lon="36.20249"><ele>162.4</ele></trkpt>
      <trkpt lat="54.517545" lon="36.202538"><ele>162.4</ele></trkpt>
      <trkpt lat="54.517571" lon="36.202642"><ele>162.4</ele></trkpt>
      <trkpt lat="54.517569" lon="36.202706"><ele>162.4</ele></trkpt>
      <trkpt lat="54.517495" lon="36.202863"><ele>162.4</ele></trkpt>
      <trkpt lat="54.517415" lon="36.202984"><ele>161.4</ele></trkpt>
      <trkpt lat="54.517402" lon="36.203024"><ele>161.2</ele></trkpt>
      <trkpt lat="54.517295" lon="36.203287"><ele>160.4</ele></trkpt>
      <trkpt lat="54.517152" lon="36.203525"><ele>159.8</ele></trkpt>
      <trkpt lat="54.517122" lon="36.203574"><ele>159.8</ele></trkpt>
      <trkpt lat="54.516962" lon="36.203822"><ele>159.0</ele></trkpt>
      <trkpt lat="54.51694" lon="36.203856"><ele>158.8</ele></trkpt>
      <trkpt lat="54.516841" lon="36.204029"><ele>158.4</ele></trkpt>
      <trkpt lat="54.516752" lon="36.204192"><ele>158.0</ele></trkpt>
      <trkpt lat="54.516681" lon="36.204351"><ele>157.6</ele></trkpt>
      <trkpt lat="54.516536" lon="36.204643"><ele>157.2</ele></trkpt>
      <trkpt lat="54.516417" lon="36.204821"><ele>156.6</ele></trkpt>
      <trkpt lat="54.516351" lon="36.204895"><ele>156.4</ele></trkpt>
      <trkpt lat="54.516293" lon="36.204986"><ele>156.4</ele></trkpt>
      <trkpt lat="54.516205" lon="36.205136"><ele>156.2</ele></trkpt>
      <trkpt lat="54.516143" lon="36.205239"><ele>156.2</ele></trkpt>
      <trkpt lat="54.516012" lon="36.205455"><ele>156.2</ele></trkpt>
      <trkpt lat="54.515906" lon="36.20564"><ele>155.8</ele></trkpt>
      <trkpt lat="54.515788" lon="36.205865"><ele>155.4</ele></trkpt>
      <trkpt lat="54.515764" lon="36.205908"><ele>155.2</ele></trkpt>
      <trkpt lat="54.515628" lon="36.20615"><ele>155.2</ele></trkpt>
      <trkpt lat="54.515483" lon="36.206396"><ele>155.2</ele></trkpt>
      <trkpt lat="54.515289" lon="36.206684"><ele>155.2</ele></trkpt>
      <trkpt lat="54.515178" lon="36.206863"><ele>155.2</ele></trkpt>
      <trkpt lat="54.515023" lon="36.207117"><ele>155.4</ele></trkpt>
      <trkpt lat="54.514872" lon="36.207416"><ele>155.2</ele></trkpt>
      <trkpt lat="54.514692" lon="36.207767"><ele>155.2</ele></trkpt>
      <trkpt lat="54.514528" lon="36.208013"><ele>155.2</ele></trkpt>
      <trkpt lat="54.5143" lon="36.208224"><ele>155.2</ele></trkpt>
      <trkpt lat="54.514113" lon="36.20841"><ele>155.6</ele></trkpt>
      <trkpt lat="54.514041" lon="36.208457"><ele>156.2</ele></trkpt>
      <trkpt lat="54.514031" lon="36.208471"><ele>156.6</ele></trkpt>
      <trkpt lat="54.514016" lon="36.208501"><ele>157.4</ele></trkpt>
      <trkpt lat="54.513991" lon="36.208547"><ele>158.4</ele></trkpt>
      <trkpt lat="54.513978" lon="36.208581"><ele>158.8</ele></trkpt>
      <trkpt lat="54.513952" lon="36.208681"><ele>159.4</ele></trkpt>
      <trkpt lat="54.513927" lon="36.208789"><ele>159.6</ele></trkpt>
      <trkpt lat="54.513818" lon="36.208946"><ele>159.8</ele></trkpt>
      <trkpt lat="54.513812" lon="36.208997"><ele>159.8</ele></trkpt>
      <trkpt lat="54.513794" lon="36.209028"><ele>159.8</ele></trkpt>
      <trkpt lat="54.513802" lon="36.209091"><ele>159.8</ele></trkpt>
      <trkpt lat="54.513684" lon="36.20938"><ele>159.6</ele></trkpt>
      <trkpt lat="54.513715" lon="36.209417"><ele>159.6</ele></trkpt>
      <trkpt lat="54.513701" lon="36.209464"><ele>159.6</ele></trkpt>
      <trkpt lat="54.513688" lon="36.209509"><ele>159.6</ele></trkpt>
      <trkpt lat="54.513677" lon="36.20957"><ele>159.4</ele></trkpt>
      <trkpt lat="54.513646" lon="36.209766"><ele>159.4</ele></trkpt>
      <trkpt lat="54.513535" lon="36.209778"><ele>159.4</ele></trkpt>
      <trkpt lat="54.51332" lon="36.210063"><ele>159.2</ele></trkpt>
      <trkpt lat="54.513216" lon="36.210407"><ele>159.2</ele></trkpt>
      <trkpt lat="54.513149" lon="36.210731"><ele>159.0</ele></trkpt>
      <trkpt lat="54.513004" lon="36.210901"><ele>159.0</ele></trkpt>
      <trkpt lat="54.512898" lon="36.211149"><ele>159.0</ele></trkpt>
      <trkpt lat="54.512893" lon="36.2113"><ele>159.2</ele></trkpt>
      <trkpt lat="54.512781" lon="36.211435"><ele>159.2</ele></trkpt>
      <trkpt lat="54.512634" lon="36.21154"><ele>159.2</ele></trkpt>
      <trkpt lat="54.512425" lon="36.211705"><ele>159.4</ele></trkpt>
      <trkpt lat="54.512331" lon="36.211783"><ele>159.4</ele></trkpt>
      <trkpt lat="54.512354" lon="36.211922"><ele>159.4</ele></trkpt>
      <trkpt lat="54.51243" lon="36.212011"><ele>159.4</ele></trkpt>
      <trkpt lat="54.512686" lon="36.212371"><ele>159.4</ele></trkpt>
      <trkpt lat="54.512702" lon="36.212472"><ele>159.4</ele></trkpt>
      <trkpt lat="54.512685" lon="36.212749"><ele>159.4</ele></trkpt>
      <trkpt lat="54.512666" lon="36.212935"><ele>159.4</ele></trkpt>
      <trkpt lat="54.512656" lon="36.213368"><ele>159.4</ele></trkpt>
      <trkpt lat="54.512654" lon="36.213623"><ele>159.4</ele></trkpt>
      <trkpt lat="54.512572" lon="36.21387"><ele>159.8</ele></trkpt>
      <trkpt lat="54.51257" lon="36.214197"><ele>160.0</ele></trkpt>
      <trkpt lat="54.512649" lon="36.214557"><ele>160.4</ele></trkpt>
      <trkpt lat="54.512634" lon="36.214721"><ele>160.6</ele></trkpt>
      <trkpt lat="54.51262" lon="36.214884"><ele>160.8</ele></trkpt>
      <trkpt lat="54.512561" lon="36.215031"><ele>160.8</ele></trkpt>
      <trkpt lat="54.512426" lon="36.215152"><ele>161.0</ele></trkpt>
      <trkpt lat="54.512274" lon="36.215368"><ele>161.6</ele></trkpt>
      <trkpt lat="54.512223" lon="36.215522"><ele>161.8</ele></trkpt>
      <trkpt lat="54.512175" lon="36.215564"><ele>161.8</ele></trkpt>
      <trkpt lat="54.512268" lon="36.215749"><ele>162.0</ele></trkpt>
      <trkpt lat="54.512221" lon="36.215705"><ele>162.4</ele></trkpt>
      <trkpt lat="54.512249" lon="36.215757"><ele>162.4</ele></trkpt>
      <trkpt lat="54.512319" lon="36.215933"><ele>162.4</ele></trkpt>
      <trkpt lat="54.512444" lon="36.21619"><ele>162.6</ele></trkpt>
      <trkpt lat="54.512496" lon="36.216543"><ele>162.4</ele></trkpt>
      <trkpt lat="54.512685" lon="36.216826"><ele>162.2</ele></trkpt>
      <trkpt lat="54.512785" lon="36.217007"><ele>162.0</ele></trkpt>
      <trkpt lat="54.512825" lon="36.217166"><ele>162.0</ele></trkpt>
      <trkpt lat="54.51284" lon="36.21748"><ele>161.8</ele></trkpt>
      <trkpt lat="54.512846" lon="36.217845"><ele>161.6</ele></trkpt>
      <trkpt lat="54.512852" lon="36.217916"><ele>161.6</ele></trkpt>
      <trkpt lat="54.513013" lon="36.218398"><ele>161.0</ele></trkpt>
      <trkpt lat="54.513403" lon="36.218941"><ele>160.8</ele></trkpt>
      <trkpt lat="54.513767" lon="36.219493"><ele>160.8</ele></trkpt>
      <trkpt lat="54.513847" lon="36.219571"><ele>160.6</ele></trkpt>
      <trkpt lat="54.514363" lon="36.220011"><ele>160.4</ele></trkpt>
      <trkpt lat="54.514642" lon="36.220217"><ele>160.2</ele></trkpt>
      <trkpt lat="54.515115" lon="36.220556"><ele>160.0</ele></trkpt>
      <trkpt lat="54.5161" lon="36.221245"><ele>159.8</ele></trkpt>
      <trkpt lat="54.516358" lon="36.221402"><ele>159.8</ele></trkpt>
      <trkpt lat="54.516847" lon="36.22171"><ele>159.6</ele></trkpt>
      <trkpt lat="54.520755" lon="36.224142"><ele>159.6</ele></trkpt>
      <trkpt lat="54.521435" lon="36.224512"><ele>159.6</ele></trkpt>
      <trkpt lat="54.522977" lon="36.225338"><ele>159.8</ele></trkpt>
      <trkpt lat="54.524215" lon="36.225954"><ele>159.8</ele></trkpt>
      <trkpt lat="54.527035" lon="36.227261"><ele>159.8</ele></trkpt>
      <trkpt lat="54.528767" lon="36.227989"><ele>159.8</ele></trkpt>
      <trkpt lat="54.530784" lon="36.228839"><ele>159.8</ele></trkpt>
      <trkpt lat="54.532944" lon="36.229774"><ele>159.6</ele></trkpt>
      <trkpt lat="54.527714" lon="36.227941"><ele>159.2</ele></trkpt>
      <trkpt lat="54.516377" lon="36.223969"><ele>158.6</ele></trkpt>
      <trkpt lat="54.513855" lon="36.223085"><ele>158.4</ele></trkpt>
      <trkpt lat="54.51335" lon="36.222987"><ele>158.2</ele></trkpt>
      <trkpt lat="54.513245" lon="36.223094"><ele>158.0</ele></trkpt>
      <trkpt lat="54.51329" lon="36.22317"><ele>157.8</ele></trkpt>
      <trkpt lat="54.513277" lon="36.223009"><ele>157.8</ele></trkpt>
      <trkpt lat="54.513292" lon="36.222847"><ele>157.8</ele></trkpt>
      <trkpt lat="54.513368" lon="36.222785"><ele>157.8</ele></trkpt>
      <trkpt lat="54.51359" lon="36.222732"><ele>157.8</ele></trkpt>
      <trkpt lat="54.513744" lon="36.222921"><ele>157.8</ele></trkpt>
      <trkpt lat="54.513895" lon="36.223089"><ele>157.8</ele></trkpt>
      <trkpt lat="54.51398" lon="36.223204"><ele>157.8</ele></trkpt>
      <trkpt lat="54.513997" lon="36.223218"><ele>157.8</ele></trkpt>
    </trkseg>
  </trk>
</gpx>
