<?xml version="1.0" encoding="UTF-8"?>
<gpx version="1.1" creator="bike-reports.velotrips" xmlns="http://www.opengis.net/gpx/1.1">
  <trk>
    <name>cycling: Осло — Драммен</name>
    <trkseg>
      <trkpt lat="59.90996" lon="10.75171"></trkpt>
      <trkpt lat="59.9112" lon="10.75011"></trkpt>
      <trkpt lat="59.91278" lon="10.74808"></trkpt>
      <trkpt lat="59.91341" lon="10.7465"></trkpt>
      <trkpt lat="59.91291" lon="10.74785"></trkpt>
      <trkpt lat="59.91351" lon="10.7501"></trkpt>
      <trkpt lat="59.91373" lon="10.74984"></trkpt>
      <trkpt lat="59.91537" lon="10.74841"></trkpt>
      <trkpt lat="59.91599" lon="10.74455"></trkpt>
      <trkpt lat="59.91474" lon="10.74465"></trkpt>
      <trkpt lat="59.91354" lon="10.74402"></trkpt>
      <trkpt lat="59.91185" lon="10.74184"></trkpt>
      <trkpt lat="59.91044" lon="10.73851"></trkpt>
      <trkpt lat="59.91009" lon="10.73518"></trkpt>
      <trkpt lat="59.91079" lon="10.73336"></trkpt>
      <trkpt lat="59.91214" lon="10.73196"></trkpt>
      <trkpt lat="59.91443" lon="10.73301"></trkpt>
      <trkpt lat="59.91553" lon="10.7331"></trkpt>
      <trkpt lat="59.91701" lon="10.7284"></trkpt>
      <trkpt lat="59.91542" lon="10.72489"></trkpt>
      <trkpt lat="59.91478" lon="10.71824"></trkpt>
      <trkpt lat="59.91391" lon="10.71488"></trkpt>
      <trkpt lat="59.91292" lon="10.70925"></trkpt>
      <trkpt lat="59.91393" lon="10.70327"></trkpt>
      <trkpt lat="59.91667" lon="10.70019"></trkpt>
      <trkpt lat="59.91826" lon="10.69653"></trkpt>
      <trkpt lat="59.91876" lon="10.69111"></trkpt>
      <trkpt lat="59.91867" lon="10.68647"></trkpt>
      <trkpt lat="59.92073" lon="10.68298"></trkpt>
      <trkpt lat="59.92125" lon="10.67744"></trkpt>
      <trkpt lat="59.92052" lon="10.67482"></trkpt>
      <trkpt lat="59.91916" lon="10.66998"></trkpt>
      <trkpt lat="59.91797" lon="10.66366"></trkpt>
      <trkpt lat="59.916" lon="10.65545"></trkpt>
      <trkpt lat="59.9152" lon="10.64954"></trkpt>
      <trkpt lat="59.91357" lon="10.64389"></trkpt>
      <trkpt lat="59.91275" lon="10.64047"></trkpt>
      <trkpt lat="59.91184" lon="10.63819"></trkpt>
      <trkpt lat="59.91162" lon="10.6348"></trkpt>
      <trkpt lat="59.912" lon="10.6325"></trkpt>
      <trkpt lat="59.911" lon="10.62895"></trkpt>
      <trkpt lat="59.91045" lon="10.62316"></trkpt>
      <trkpt lat="59.9082" lon="10.61669"></trkpt>
      <trkpt lat="59.90669" lon="10.60993"></trkpt>
      <trkpt lat="59.9053" lon="10.60317"></trkpt>
      <trkpt lat="59.90405" lon="10.59709"></trkpt>
      <trkpt lat="59.90302" lon="10.59145"></trkpt>
      <trkpt lat="59.90101" lon="10.58421"></trkpt>
      <trkpt lat="59.89939" lon="10.58137"></trkpt>
      <trkpt lat="59.89843" lon="10.57666"></trkpt>
      <trkpt lat="59.89738" lon="10.5678"></trkpt>
      <trkpt lat="59.89608" lon="10.56206"></trkpt>
      <trkpt lat="59.89344" lon="10.55616"></trkpt>
      <trkpt lat="59.89399" lon="10.55019"></trkpt>
      <trkpt lat="59.89346" lon="10.5442"></trkpt>
      <trkpt lat="59.89281" lon="10.5396"></trkpt>
      <trkpt lat="59.8917" lon="10.53313"></trkpt>
      <trkpt lat="59.89055" lon="10.52763"></trkpt>
      <trkpt lat="59.88838" lon="10.52567"></trkpt>
      <trkpt lat="59.88639" lon="10.52351"></trkpt>
      <trkpt lat="59.8856" lon="10.52065"></trkpt>
      <trkpt lat="59.88562" lon="10.51815"></trkpt>
      <trkpt lat="59.88292" lon="10.51673"></trkpt>
      <trkpt lat="59.88014" lon="10.51316"></trkpt>
      <trkpt lat="59.87909" lon="10.50938"></trkpt>
      <trkpt lat="59.87885" lon="10.50525"></trkpt>
      <trkpt lat="59.87709" lon="10.50178"></trkpt>
      <trkpt lat="59.87592" lon="10.50029"></trkpt>
      <trkpt lat="59.87437" lon="10.49767"></trkpt>
      <trkpt lat="59.87177" lon="10.49335"></trkpt>
      <trkpt lat="59.86916" lon="10.49157"></trkpt>
      <trkpt lat="59.86595" lon="10.48995"></trkpt>
      <trkpt lat="59.86446" lon="10.48913"></trkpt>
      <trkpt lat="59.85985" lon="10.49305"></trkpt>
      <trkpt lat="59.85673" lon="10.49197"></trkpt>
      <trkpt lat="59.8552" lon="10.48809"></trkpt>
      <trkpt lat="59.85516" lon="10.4824"></trkpt>
      <trkpt lat="59.85696" lon="10.47935"></trkpt>
      <trkpt lat="59.85794" lon="10.47827"></trkpt>
      <trkpt lat="59.85843" lon="10.47333"></trkpt>
      <trkpt lat="59.85705" lon="10.46635"></trkpt>
      <trkpt lat="59.85506" lon="10.45886"></trkpt>
      <trkpt lat="59.85278" lon="10.45294"></trkpt>
      <trkpt lat="59.8511" lon="10.45053"></trkpt>
      <trkpt lat="59.84962" lon="10.44903"></trkpt>
      <trkpt lat="59.84797" lon="10.44195"></trkpt>
      <trkpt lat="59.8437" lon="10.4383"></trkpt>
      <trkpt lat="59.84149" lon="10.43563"></trkpt>
      <trkpt lat="59.83851" lon="10.43386"></trkpt>
      <trkpt lat="59.83618" lon="10.43159"></trkpt>
      <trkpt lat="59.83469" lon="10.43135"></trkpt>
      <trkpt lat="59.83337" lon="10.42389"></trkpt>
      <trkpt lat="59.8321" lon="10.41929"></trkpt>
      <trkpt lat="59.83008" lon="10.41535"></trkpt>
      <trkpt lat="59.82944" lon="10.41184"></trkpt>
      <trkpt lat="59.82824" lon="10.40562"></trkpt>
      <trkpt lat="59.82519" lon="10.39769"></trkpt>
      <trkpt lat="59.82246" lon="10.39006"></trkpt>
      <trkpt lat="59.82044" lon="10.38233"></trkpt>
      <trkpt lat="59.82061" lon="10.3786"></trkpt>
      <trkpt lat="59.82114" lon="10.37395"></trkpt>
      <trkpt lat="59.81996" lon="10.36624"></trkpt>
      <trkpt lat="59.8186" lon="10.35764"></trkpt>
      <trkpt lat="59.81901" lon="10.35166"></trkpt>
      <trkpt lat="59.81956" lon="10.34512"></trkpt>
      <trkpt lat="59.81884" lon="10.33873"></trkpt>
      <trkpt lat="59.8183" lon="10.33466"></trkpt>
      <trkpt lat="59.81705" lon="10.32605"></trkpt>
      <trkpt lat="59.81536" lon="10.31923"></trkpt>
      <trkpt lat="59.81323" lon="10.31323"></trkpt>
      <trkpt lat="59.81134" lon="10.30825"></trkpt>
      <trkpt lat="59.80973" lon="10.30168"></trkpt>
      <trkpt lat="59.80796" lon="10.29805"></trkpt>
      <trkpt lat="59.80598" lon="10.29185"></trkpt>
      <trkpt lat="59.80378" lon="10.28945"></trkpt>
      <trkpt lat="59.80188" lon="10.28489"></trkpt>
      <trkpt lat="59.7985" lon="10.27954"></trkpt>
      <trkpt lat="59.79508" lon="10.2766"></trkpt>
      <trkpt lat="59.792" lon="10.27561"></trkpt>
      <trkpt lat="59.7901" lon="10.27473"></trkpt>
      <trkpt lat="59.78814" lon="10.27782"></trkpt>
      <trkpt lat="59.78613" lon="10.27651"></trkpt>
      <trkpt lat="59.78312" lon="10.27961"></trkpt>
      <trkpt lat="59.77913" lon="10.28109"></trkpt>
      <trkpt lat="59.77495" lon="10.28259"></trkpt>
      <trkpt lat="59.77082" lon="10.28425"></trkpt>
      <trkpt lat="59.76767" lon="10.28234"></trkpt>
      <trkpt lat="59.76283" lon="10.27646"></trkpt>
      <trkpt lat="59.75925" lon="10.27166"></trkpt>
      <trkpt lat="59.75594" lon="10.26633"></trkpt>
      <trkpt lat="59.75337" lon="10.26231"></trkpt>
      <trkpt lat="59.75092" lon="10.25527"></trkpt>
      <trkpt lat="59.74919" lon="10.24805"></trkpt>
      <trkpt lat="59.74768" lon="10.24179"></trkpt>
      <trkpt lat="59.74591" lon="10.2358"></trkpt>
      <trkpt lat="59.74356" lon="10.23057"></trkpt>
      <trkpt lat="59.74095" lon="10.22569"></trkpt>
      <trkpt lat="59.74048" lon="10.21878"></trkpt>
      <trkpt lat="59.7412" lon="10.21035"></trkpt>
      <trkpt lat="59.74265" lon="10.20374"></trkpt>
      <trkpt lat="59.74021" lon="10.20349"></trkpt>
    </trkseg>
  </trk>
  <trk>
    <name>cycling: Ставангер — Люсеботн (через Кьераг)</name>
    <trkseg>
      <trkpt lat="58.96668" lon="5.7321"></trkpt>
      <trkpt lat="58.97016" lon="5.73624"></trkpt>
      <trkpt lat="58.96747" lon="5.74958"></trkpt>
      <trkpt lat="58.9598" lon="5.75277"></trkpt>
      <trkpt lat="58.95511" lon="5.74813"></trkpt>
      <trkpt lat="58.94365" lon="5.74493"></trkpt>
      <trkpt lat="58.92795" lon="5.73466"></trkpt>
      <trkpt lat="58.92151" lon="5.72436"></trkpt>
      <trkpt lat="58.91291" lon="5.72503"></trkpt>
      <trkpt lat="58.90612" lon="5.73348"></trkpt>
      <trkpt lat="58.89554" lon="5.73892"></trkpt>
      <trkpt lat="58.88288" lon="5.72692"></trkpt>
      <trkpt lat="58.87437" lon="5.72913"></trkpt>
      <trkpt lat="58.86697" lon="5.74444"></trkpt>
      <trkpt lat="58.85696" lon="5.74246"></trkpt>
      <trkpt lat="58.85082" lon="5.73484"></trkpt>
      <trkpt lat="58.85191" lon="5.74767"></trkpt>
      <trkpt lat="58.85329" lon="5.75891"></trkpt>
      <trkpt lat="58.85351" lon="5.77129"></trkpt>
      <trkpt lat="58.85618" lon="5.78687"></trkpt>
      <trkpt lat="58.86686" lon="5.80107"></trkpt>
      <trkpt lat="58.87384" lon="5.81904"></trkpt>
      <trkpt lat="58.88462" lon="5.83852"></trkpt>
      <trkpt lat="58.89602" lon="5.84408"></trkpt>
      <trkpt lat="58.90902" lon="5.85109"></trkpt>
      <trkpt lat="58.92496" lon="5.85105"></trkpt>
      <trkpt lat="58.92817" lon="5.86331"></trkpt>
      <trkpt lat="58.93449" lon="5.87485"></trkpt>
      <trkpt lat="58.94455" lon="5.88461"></trkpt>
      <trkpt lat="58.94863" lon="5.89709"></trkpt>
      <trkpt lat="58.95009" lon="5.91376"></trkpt>
      <trkpt lat="58.94637" lon="5.9302"></trkpt>
      <trkpt lat="58.93739" lon="5.94456"></trkpt>
      <trkpt lat="58.93002" lon="5.96329"></trkpt>
      <trkpt lat="58.91964" lon="5.96489"></trkpt>
      <trkpt lat="58.90968" lon="5.95836"></trkpt>
      <trkpt lat="58.90221" lon="5.96969"></trkpt>
      <trkpt lat="58.89891" lon="5.98771"></trkpt>
      <trkpt lat="58.89719" lon="6.00626"></trkpt>
      <trkpt lat="58.88912" lon="6.01003"></trkpt>
      <trkpt lat="58.88406" lon="6.01222"></trkpt>
      <trkpt lat="58.87273" lon="5.99977"></trkpt>
      <trkpt lat="58.86486" lon="6.00517"></trkpt>
      <trkpt lat="58.85896" lon="6.01246"></trkpt>
      <trkpt lat="58.84344" lon="6.01131"></trkpt>
      <trkpt lat="58.82978" lon="6.01122"></trkpt>
      <trkpt lat="58.82375" lon="6.01862"></trkpt>
      <trkpt lat="58.82947" lon="6.03502"></trkpt>
      <trkpt lat="58.83376" lon="6.05544"></trkpt>
      <trkpt lat="58.83626" lon="6.07003"></trkpt>
      <trkpt lat="58.83263" lon="6.09006"></trkpt>
      <trkpt lat="58.83372" lon="6.11444"></trkpt>
      <trkpt lat="58.8384" lon="6.13785"></trkpt>
      <trkpt lat="58.83695" lon="6.16902"></trkpt>
      <trkpt lat="58.82694" lon="6.18961"></trkpt>
      <trkpt lat="58.81544" lon="6.21722"></trkpt>
      <trkpt lat="58.8076" lon="6.24331"></trkpt>
      <trkpt lat="58.79778" lon="6.26969"></trkpt>
      <trkpt lat="58.79178" lon="6.27652"></trkpt>
      <trkpt lat="58.7835" lon="6.30205"></trkpt>
      <trkpt lat="58.7793" lon="6.31785"></trkpt>
      <trkpt lat="58.78932" lon="6.33131"></trkpt>
      <trkpt lat="58.79776" lon="6.34991"></trkpt>
      <trkpt lat="58.8047" lon="6.36899"></trkpt>
      <trkpt lat="58.81087" lon="6.38861"></trkpt>
      <trkpt lat="58.81352" lon="6.4111"></trkpt>
      <trkpt lat="58.82082" lon="6.43623"></trkpt>
      <trkpt lat="58.82711" lon="6.45463"></trkpt>
      <trkpt lat="58.83513" lon="6.47994"></trkpt>
      <trkpt lat="58.84092" lon="6.50234"></trkpt>
      <trkpt lat="58.84967" lon="6.52437"></trkpt>
      <trkpt lat="58.85646" lon="6.54428"></trkpt>
      <trkpt lat="58.86465" lon="6.56098"></trkpt>
      <trkpt lat="58.87146" lon="6.58144"></trkpt>
      <trkpt lat="58.88022" lon="6.60789"></trkpt>
      <trkpt lat="58.88625" lon="6.62991"></trkpt>
      <trkpt lat="58.89037" lon="6.65369"></trkpt>
      <trkpt lat="58.8972" lon="6.6768"></trkpt>
      <trkpt lat="58.90452" lon="6.70526"></trkpt>
      <trkpt lat="58.91079" lon="6.72946"></trkpt>
      <trkpt lat="58.91099" lon="6.75093"></trkpt>
      <trkpt lat="58.90712" lon="6.76036"></trkpt>
      <trkpt lat="58.90035" lon="6.77867"></trkpt>
      <trkpt lat="58.90175" lon="6.80036"></trkpt>
      <trkpt lat="58.9049" lon="6.82633"></trkpt>
      <trkpt lat="58.90905" lon="6.84378"></trkpt>
      <trkpt lat="58.90931" lon="6.85791"></trkpt>
      <trkpt lat="58.91508" lon="6.87039"></trkpt>
      <trkpt lat="58.91565" lon="6.87584"></trkpt>
      <trkpt lat="58.9137" lon="6.8836"></trkpt>
      <trkpt lat="58.92137" lon="6.8989"></trkpt>
      <trkpt lat="58.92658" lon="6.90832"></trkpt>
      <trkpt lat="58.93402" lon="6.91205"></trkpt>
      <trkpt lat="58.94311" lon="6.92298"></trkpt>
      <trkpt lat="58.95161" lon="6.92764"></trkpt>
      <trkpt lat="58.96284" lon="6.923"></trkpt>
      <trkpt lat="58.97529" lon="6.92161"></trkpt>
      <trkpt lat="58.98711" lon="6.92417"></trkpt>
      <trkpt lat="58.99676" lon="6.93287"></trkpt>
      <trkpt lat="59.00574" lon="6.93204"></trkpt>
      <trkpt lat="59.01759" lon="6.93777"></trkpt>
      <trkpt lat="59.02197" lon="6.9265"></trkpt>
      <trkpt lat="59.01584" lon="6.93735"></trkpt>
      <trkpt lat="59.00421" lon="6.93103"></trkpt>
      <trkpt lat="58.99517" lon="6.91561"></trkpt>
      <trkpt lat="59.00281" lon="6.90696"></trkpt>
      <trkpt lat="59.00365" lon="6.90233"></trkpt>
      <trkpt lat="59.01446" lon="6.89123"></trkpt>
      <trkpt lat="59.02215" lon="6.88871"></trkpt>
      <trkpt lat="59.02927" lon="6.87031"></trkpt>
      <trkpt lat="59.03617" lon="6.85779"></trkpt>
      <trkpt lat="59.03935" lon="6.83915"></trkpt>
      <trkpt lat="59.04052" lon="6.82035"></trkpt>
      <trkpt lat="59.04209" lon="6.80397"></trkpt>
      <trkpt lat="59.04036" lon="6.78426"></trkpt>
      <trkpt lat="59.03702" lon="6.77424"></trkpt>
      <trkpt lat="59.03865" lon="6.75851"></trkpt>
      <trkpt lat="59.03653" lon="6.74731"></trkpt>
      <trkpt lat="59.03447" lon="6.72475"></trkpt>
      <trkpt lat="59.03711" lon="6.71021"></trkpt>
      <trkpt lat="59.03542" lon="6.69218"></trkpt>
      <trkpt lat="59.0369" lon="6.67909"></trkpt>
      <trkpt lat="59.0337" lon="6.67034"></trkpt>
      <trkpt lat="59.02896" lon="6.65803"></trkpt>
      <trkpt lat="59.03988" lon="6.65107"></trkpt>
      <trkpt lat="59.04629" lon="6.65168"></trkpt>
      <trkpt lat="59.04502" lon="6.65332"></trkpt>
      <trkpt lat="59.04764" lon="6.65436"></trkpt>
      <trkpt lat="59.0491" lon="6.65689"></trkpt>
      <trkpt lat="59.04981" lon="6.65991"></trkpt>
      <trkpt lat="59.05188" lon="6.66223"></trkpt>
      <trkpt lat="59.05338" lon="6.66487"></trkpt>
      <trkpt lat="59.05447" lon="6.66552"></trkpt>
      <trkpt lat="59.05742" lon="6.66273"></trkpt>
      <trkpt lat="59.05422" lon="6.64911"></trkpt>
      <trkpt lat="59.05465" lon="6.64851"></trkpt>
      <trkpt lat="59.05443" lon="6.64567"></trkpt>
      <trkpt lat="59.05674" lon="6.65857"></trkpt>
      <trkpt lat="59.05624" lon="6.65878"></trkpt>
      <trkpt lat="59.05449" lon="6.64567"></trkpt>
      <trkpt lat="59.05398" lon="6.64483"></trkpt>
    </trkseg>
  </trk>
  <trk>
    <name>cycling: Форсанн — Прекестулен</name>
    <trkseg>
      <trkpt lat="58.90126" lon="6.08771"></trkpt>
      <trkpt lat="58.89954" lon="6.09034"></trkpt>
      <trkpt lat="58.89958" lon="6.09599"></trkpt>
      <trkpt lat="58.9001" lon="6.10124"></trkpt>
      <trkpt lat="58.90072" lon="6.10691"></trkpt>
      <trkpt lat="58.90291" lon="6.10846"></trkpt>
      <trkpt lat="58.90553" lon="6.10739"></trkpt>
      <trkpt lat="58.90759" lon="6.10638"></trkpt>
      <trkpt lat="58.91003" lon="6.10492"></trkpt>
      <trkpt lat="58.91313" lon="6.10313"></trkpt>
      <trkpt lat="58.91576" lon="6.1046"></trkpt>
      <trkpt lat="58.92103" lon="6.10216"></trkpt>
      <trkpt lat="58.92358" lon="6.09832"></trkpt>
      <trkpt lat="58.92565" lon="6.0953"></trkpt>
      <trkpt lat="58.92964" lon="6.09687"></trkpt>
      <trkpt lat="58.93357" lon="6.09613"></trkpt>
      <trkpt lat="58.93694" lon="6.09474"></trkpt>
      <trkpt lat="58.94053" lon="6.0955"></trkpt>
      <trkpt lat="58.94833" lon="6.10146"></trkpt>
      <trkpt lat="58.9498" lon="6.10349"></trkpt>
      <trkpt lat="58.95265" lon="6.10503"></trkpt>
      <trkpt lat="58.95517" lon="6.10852"></trkpt>
      <trkpt lat="58.95882" lon="6.11023"></trkpt>
      <trkpt lat="58.96227" lon="6.10792"></trkpt>
      <trkpt lat="58.96481" lon="6.10394"></trkpt>
      <trkpt lat="58.96873" lon="6.09761"></trkpt>
      <trkpt lat="58.97185" lon="6.09287"></trkpt>
      <trkpt lat="58.97495" lon="6.08908"></trkpt>
      <trkpt lat="58.97807" lon="6.0861"></trkpt>
      <trkpt lat="58.98127" lon="6.08781"></trkpt>
      <trkpt lat="58.98318" lon="6.09245"></trkpt>
      <trkpt lat="58.98614" lon="6.09113"></trkpt>
      <trkpt lat="58.98849" lon="6.08804"></trkpt>
      <trkpt lat="58.99137" lon="6.08566"></trkpt>
      <trkpt lat="58.9935" lon="6.08436"></trkpt>
      <trkpt lat="58.99721" lon="6.08181"></trkpt>
      <trkpt lat="58.99779" lon="6.08378"></trkpt>
      <trkpt lat="58.99874" lon="6.08375"></trkpt>
      <trkpt lat="58.99973" lon="6.08802"></trkpt>
      <trkpt lat="59.0002" lon="6.08892"></trkpt>
      <trkpt lat="58.99936" lon="6.09187"></trkpt>
      <trkpt lat="58.99853" lon="6.09808"></trkpt>
      <trkpt lat="58.99951" lon="6.10152"></trkpt>
      <trkpt lat="59.0004" lon="6.10385"></trkpt>
      <trkpt lat="59.00111" lon="6.10799"></trkpt>
      <trkpt lat="59.00001" lon="6.10996"></trkpt>
      <trkpt lat="58.99933" lon="6.11302"></trkpt>
      <trkpt lat="58.99939" lon="6.1192"></trkpt>
      <trkpt lat="58.99975" lon="6.12323"></trkpt>
      <trkpt lat="58.99997" lon="6.12771"></trkpt>
      <trkpt lat="59.00097" lon="6.134"></trkpt>
      <trkpt lat="58.99923" lon="6.13662"></trkpt>
      <trkpt lat="58.996" lon="6.13859"></trkpt>
      <trkpt lat="58.99389" lon="6.13957"></trkpt>
      <trkpt lat="58.99621" lon="6.13844"></trkpt>
      <trkpt lat="58.99964" lon="6.1364"></trkpt>
      <trkpt lat="59.00061" lon="6.13181"></trkpt>
      <trkpt lat="58.99984" lon="6.12549"></trkpt>
      <trkpt lat="58.99951" lon="6.1187"></trkpt>
      <trkpt lat="58.99935" lon="6.11196"></trkpt>
      <trkpt lat="59.00122" lon="6.10701"></trkpt>
      <trkpt lat="58.99976" lon="6.1023"></trkpt>
      <trkpt lat="58.99882" lon="6.09692"></trkpt>
      <trkpt lat="58.99923" lon="6.09305"></trkpt>
      <trkpt lat="58.9995" lon="6.09124"></trkpt>
      <trkpt lat="58.99999" lon="6.08685"></trkpt>
      <trkpt lat="58.9989" lon="6.08474"></trkpt>
      <trkpt lat="58.99793" lon="6.08348"></trkpt>
      <trkpt lat="58.99762" lon="6.08127"></trkpt>
      <trkpt lat="58.9994" lon="6.07798"></trkpt>
      <trkpt lat="59.00271" lon="6.07552"></trkpt>
      <trkpt lat="59.00539" lon="6.0706"></trkpt>
      <trkpt lat="59.00561" lon="6.06967"></trkpt>
      <trkpt lat="59.00638" lon="6.0677"></trkpt>
      <trkpt lat="59.00716" lon="6.06106"></trkpt>
      <trkpt lat="59.00933" lon="6.05578"></trkpt>
      <trkpt lat="59.01154" lon="6.05344"></trkpt>
      <trkpt lat="59.0152" lon="6.04874"></trkpt>
      <trkpt lat="59.01883" lon="6.04743"></trkpt>
      <trkpt lat="59.0213" lon="6.04497"></trkpt>
      <trkpt lat="59.02005" lon="6.04311"></trkpt>
      <trkpt lat="59.01975" lon="6.03962"></trkpt>
      <trkpt lat="59.02007" lon="6.04001"></trkpt>
      <trkpt lat="59.02014" lon="6.03932"></trkpt>
      <trkpt lat="59.0211" lon="6.03563"></trkpt>
      <trkpt lat="59.02308" lon="6.02965"></trkpt>
      <trkpt lat="59.02416" lon="6.02225"></trkpt>
      <trkpt lat="59.02355" lon="6.02151"></trkpt>
      <trkpt lat="59.02442" lon="6.02015"></trkpt>
      <trkpt lat="59.02567" lon="6.01565"></trkpt>
      <trkpt lat="59.02396" lon="6.00846"></trkpt>
      <trkpt lat="59.02293" lon="6.00155"></trkpt>
      <trkpt lat="59.02371" lon="5.99664"></trkpt>
      <trkpt lat="59.02479" lon="5.99071"></trkpt>
      <trkpt lat="59.02521" lon="5.98451"></trkpt>
      <trkpt lat="59.02492" lon="5.97784"></trkpt>
      <trkpt lat="59.02477" lon="5.97187"></trkpt>
      <trkpt lat="59.02521" lon="5.96736"></trkpt>
      <trkpt lat="59.02583" lon="5.96302"></trkpt>
      <trkpt lat="59.02683" lon="5.9552"></trkpt>
      <trkpt lat="59.02799" lon="5.94904"></trkpt>
      <trkpt lat="59.03159" lon="5.94473"></trkpt>
      <trkpt lat="59.03533" lon="5.93866"></trkpt>
      <trkpt lat="59.03769" lon="5.93493"></trkpt>
      <trkpt lat="59.04044" lon="5.93011"></trkpt>
      <trkpt lat="59.04295" lon="5.92508"></trkpt>
      <trkpt lat="59.04543" lon="5.92488"></trkpt>
      <trkpt lat="59.04858" lon="5.92294"></trkpt>
      <trkpt lat="59.05318" lon="5.91859"></trkpt>
      <trkpt lat="59.05626" lon="5.9192"></trkpt>
      <trkpt lat="59.0606" lon="5.92212"></trkpt>
      <trkpt lat="59.0643" lon="5.92262"></trkpt>
      <trkpt lat="59.06486" lon="5.92818"></trkpt>
      <trkpt lat="59.06472" lon="5.93442"></trkpt>
      <trkpt lat="59.06475" lon="5.94272"></trkpt>
      <trkpt lat="59.06709" lon="5.9489"></trkpt>
      <trkpt lat="59.06882" lon="5.95425"></trkpt>
      <trkpt lat="59.06871" lon="5.95945"></trkpt>
      <trkpt lat="59.06681" lon="5.96215"></trkpt>
      <trkpt lat="59.06809" lon="5.96813"></trkpt>
      <trkpt lat="59.06873" lon="5.97158"></trkpt>
      <trkpt lat="59.06876" lon="5.97578"></trkpt>
      <trkpt lat="59.06805" lon="5.97757"></trkpt>
      <trkpt lat="59.06957" lon="5.9825"></trkpt>
      <trkpt lat="59.06993" lon="5.98911"></trkpt>
      <trkpt lat="59.07076" lon="5.99446"></trkpt>
      <trkpt lat="59.07111" lon="5.99998"></trkpt>
      <trkpt lat="59.0696" lon="6.00434"></trkpt>
      <trkpt lat="59.06989" lon="6.00707"></trkpt>
      <trkpt lat="59.07097" lon="6.01399"></trkpt>
      <trkpt lat="59.07147" lon="6.01881"></trkpt>
      <trkpt lat="59.07321" lon="6.02733"></trkpt>
      <trkpt lat="59.0742" lon="6.03235"></trkpt>
      <trkpt lat="59.07462" lon="6.03835"></trkpt>
      <trkpt lat="59.07475" lon="6.04465"></trkpt>
      <trkpt lat="59.07245" lon="6.04829"></trkpt>
      <trkpt lat="59.07257" lon="6.05219"></trkpt>
      <trkpt lat="59.07335" lon="6.05706"></trkpt>
      <trkpt lat="59.07399" lon="6.06038"></trkpt>
      <trkpt lat="59.074" lon="6.06268"></trkpt>
      <trkpt lat="59.07458" lon="6.06302"></trkpt>
    </trkseg>
  </trk>
  <trk>
    <name>cycling: К парому на Скіфтун</name>
    <trkseg>
      <trkpt lat="59.07411" lon="6.06158"></trkpt>
      <trkpt lat="59.07431" lon="6.06124"></trkpt>
      <trkpt lat="59.07626" lon="6.06563"></trkpt>
      <trkpt lat="59.07698" lon="6.0669"></trkpt>
      <trkpt lat="59.07887" lon="6.07044"></trkpt>
      <trkpt lat="59.08054" lon="6.07281"></trkpt>
      <trkpt lat="59.08268" lon="6.07864"></trkpt>
      <trkpt lat="59.08342" lon="6.08336"></trkpt>
      <trkpt lat="59.08403" lon="6.08752"></trkpt>
      <trkpt lat="59.08446" lon="6.09044"></trkpt>
      <trkpt lat="59.08524" lon="6.09427"></trkpt>
      <trkpt lat="59.08594" lon="6.09753"></trkpt>
      <trkpt lat="59.0869" lon="6.10139"></trkpt>
      <trkpt lat="59.08762" lon="6.1045"></trkpt>
      <trkpt lat="59.08762" lon="6.10457"></trkpt>
      <trkpt lat="59.08968" lon="6.11066"></trkpt>
      <trkpt lat="59.0903" lon="6.11528"></trkpt>
      <trkpt lat="59.08937" lon="6.117"></trkpt>
      <trkpt lat="59.08983" lon="6.11978"></trkpt>
      <trkpt lat="59.09059" lon="6.12318"></trkpt>
      <trkpt lat="59.09182" lon="6.12776"></trkpt>
      <trkpt lat="59.09321" lon="6.13181"></trkpt>
      <trkpt lat="59.09451" lon="6.13557"></trkpt>
      <trkpt lat="59.09721" lon="6.13868"></trkpt>
      <trkpt lat="59.09805" lon="6.14046"></trkpt>
      <trkpt lat="59.09944" lon="6.14711"></trkpt>
      <trkpt lat="59.10048" lon="6.15368"></trkpt>
      <trkpt lat="59.10114" lon="6.15835"></trkpt>
      <trkpt lat="59.10253" lon="6.1614"></trkpt>
      <trkpt lat="59.10407" lon="6.16631"></trkpt>
      <trkpt lat="59.10628" lon="6.169"></trkpt>
      <trkpt lat="59.10636" lon="6.17415"></trkpt>
      <trkpt lat="59.10659" lon="6.17792"></trkpt>
      <trkpt lat="59.10823" lon="6.1827"></trkpt>
      <trkpt lat="59.10964" lon="6.18947"></trkpt>
      <trkpt lat="59.11089" lon="6.19594"></trkpt>
      <trkpt lat="59.11173" lon="6.199"></trkpt>
      <trkpt lat="59.11344" lon="6.20475"></trkpt>
      <trkpt lat="59.11614" lon="6.20967"></trkpt>
      <trkpt lat="59.1185" lon="6.21457"></trkpt>
      <trkpt lat="59.12063" lon="6.21815"></trkpt>
      <trkpt lat="59.12114" lon="6.22152"></trkpt>
      <trkpt lat="59.12173" lon="6.22456"></trkpt>
      <trkpt lat="59.12248" lon="6.22985"></trkpt>
      <trkpt lat="59.12239" lon="6.23476"></trkpt>
      <trkpt lat="59.1236" lon="6.24068"></trkpt>
      <trkpt lat="59.12569" lon="6.2476"></trkpt>
      <trkpt lat="59.12618" lon="6.25253"></trkpt>
      <trkpt lat="59.12657" lon="6.25192"></trkpt>
      <trkpt lat="59.12653" lon="6.24965"></trkpt>
      <trkpt lat="59.12772" lon="6.24997"></trkpt>
      <trkpt lat="59.13087" lon="6.2476"></trkpt>
      <trkpt lat="59.13457" lon="6.24174"></trkpt>
      <trkpt lat="59.13561" lon="6.23874"></trkpt>
      <trkpt lat="59.13683" lon="6.23319"></trkpt>
      <trkpt lat="59.13809" lon="6.22711"></trkpt>
      <trkpt lat="59.14" lon="6.22363"></trkpt>
      <trkpt lat="59.14023" lon="6.21472"></trkpt>
      <trkpt lat="59.14241" lon="6.20963"></trkpt>
      <trkpt lat="59.14406" lon="6.20753"></trkpt>
      <trkpt lat="59.14719" lon="6.20506"></trkpt>
      <trkpt lat="59.14883" lon="6.20244"></trkpt>
      <trkpt lat="59.14947" lon="6.19512"></trkpt>
      <trkpt lat="59.14986" lon="6.18963"></trkpt>
      <trkpt lat="59.15041" lon="6.1842"></trkpt>
      <trkpt lat="59.15075" lon="6.18072"></trkpt>
      <trkpt lat="59.15048" lon="6.17753"></trkpt>
      <trkpt lat="59.14981" lon="6.17259"></trkpt>
      <trkpt lat="59.15076" lon="6.16698"></trkpt>
      <trkpt lat="59.15125" lon="6.16729"></trkpt>
      <trkpt lat="59.15247" lon="6.17099"></trkpt>
      <trkpt lat="59.15395" lon="6.17326"></trkpt>
      <trkpt lat="59.15722" lon="6.1743"></trkpt>
      <trkpt lat="59.15958" lon="6.17483"></trkpt>
      <trkpt lat="59.16204" lon="6.17387"></trkpt>
      <trkpt lat="59.16388" lon="6.17163"></trkpt>
      <trkpt lat="59.16534" lon="6.16983"></trkpt>
      <trkpt lat="59.16657" lon="6.16749"></trkpt>
      <trkpt lat="59.16797" lon="6.16953"></trkpt>
      <trkpt lat="59.16831" lon="6.17201"></trkpt>
      <trkpt lat="59.16845" lon="6.17225"></trkpt>
      <trkpt lat="59.1687" lon="6.17145"></trkpt>
      <trkpt lat="59.16988" lon="6.16849"></trkpt>
      <trkpt lat="59.17124" lon="6.16586"></trkpt>
      <trkpt lat="59.17184" lon="6.16275"></trkpt>
      <trkpt lat="59.17173" lon="6.16041"></trkpt>
      <trkpt lat="59.16998" lon="6.15876"></trkpt>
      <trkpt lat="59.16819" lon="6.15754"></trkpt>
      <trkpt lat="59.16636" lon="6.15561"></trkpt>
      <trkpt lat="59.16478" lon="6.15204"></trkpt>
      <trkpt lat="59.16464" lon="6.14682"></trkpt>
      <trkpt lat="59.16489" lon="6.14337"></trkpt>
      <trkpt lat="59.16617" lon="6.13978"></trkpt>
      <trkpt lat="59.16843" lon="6.14023"></trkpt>
      <trkpt lat="59.17115" lon="6.14133"></trkpt>
      <trkpt lat="59.172" lon="6.14038"></trkpt>
      <trkpt lat="59.17382" lon="6.14117"></trkpt>
      <trkpt lat="59.17528" lon="6.14214"></trkpt>
      <trkpt lat="59.17626" lon="6.14372"></trkpt>
      <trkpt lat="59.17806" lon="6.14528"></trkpt>
      <trkpt lat="59.17971" lon="6.14647"></trkpt>
      <trkpt lat="59.1811" lon="6.14608"></trkpt>
      <trkpt lat="59.18178" lon="6.14489"></trkpt>
      <trkpt lat="59.18214" lon="6.1435"></trkpt>
      <trkpt lat="59.18263" lon="6.14152"></trkpt>
      <trkpt lat="59.18271" lon="6.14236"></trkpt>
      <trkpt lat="59.18293" lon="6.14537"></trkpt>
      <trkpt lat="59.18303" lon="6.14972"></trkpt>
      <trkpt lat="59.18252" lon="6.15213"></trkpt>
      <trkpt lat="59.18259" lon="6.15246"></trkpt>
      <trkpt lat="59.18377" lon="6.15088"></trkpt>
      <trkpt lat="59.18463" lon="6.14991"></trkpt>
      <trkpt lat="59.18626" lon="6.14737"></trkpt>
      <trkpt lat="59.18662" lon="6.14652"></trkpt>
      <trkpt lat="59.19013" lon="6.14268"></trkpt>
      <trkpt lat="59.19285" lon="6.13701"></trkpt>
      <trkpt lat="59.19421" lon="6.13403"></trkpt>
      <trkpt lat="59.19631" lon="6.13412"></trkpt>
      <trkpt lat="59.19848" lon="6.12546"></trkpt>
      <trkpt lat="59.19959" lon="6.12312"></trkpt>
      <trkpt lat="59.2047" lon="6.12378"></trkpt>
      <trkpt lat="59.20855" lon="6.124"></trkpt>
      <trkpt lat="59.21177" lon="6.12076"></trkpt>
      <trkpt lat="59.21419" lon="6.12199"></trkpt>
      <trkpt lat="59.21579" lon="6.12432"></trkpt>
      <trkpt lat="59.21832" lon="6.13116"></trkpt>
      <trkpt lat="59.22033" lon="6.13684"></trkpt>
      <trkpt lat="59.22249" lon="6.13837"></trkpt>
      <trkpt lat="59.22364" lon="6.13969"></trkpt>
      <trkpt lat="59.22584" lon="6.14385"></trkpt>
      <trkpt lat="59.22637" lon="6.14795"></trkpt>
      <trkpt lat="59.22835" lon="6.14899"></trkpt>
      <trkpt lat="59.23051" lon="6.15307"></trkpt>
      <trkpt lat="59.23238" lon="6.15739"></trkpt>
      <trkpt lat="59.23179" lon="6.16272"></trkpt>
      <trkpt lat="59.23284" lon="6.16569"></trkpt>
      <trkpt lat="59.23374" lon="6.16629"></trkpt>
      <trkpt lat="59.23359" lon="6.16657"></trkpt>
      <trkpt lat="59.2336" lon="6.16659"></trkpt>
      <trkpt lat="59.23392" lon="6.16621"></trkpt>
      <trkpt lat="59.23397" lon="6.16606"></trkpt>
    </trkseg>
  </trk>
  <trk>
    <name>cycling: Скіфтун — Одда — Тролльтунга</name>
    <trkseg>
      <trkpt lat="59.26209" lon="6.15936"></trkpt>
      <trkpt lat="59.26321" lon="6.16197"></trkpt>
      <trkpt lat="59.27057" lon="6.18598"></trkpt>
      <trkpt lat="59.27286" lon="6.20359"></trkpt>
      <trkpt lat="59.27603" lon="6.2207"></trkpt>
      <trkpt lat="59.27988" lon="6.24085"></trkpt>
      <trkpt lat="59.28596" lon="6.26663"></trkpt>
      <trkpt lat="59.29187" lon="6.28652"></trkpt>
      <trkpt lat="59.29894" lon="6.31492"></trkpt>
      <trkpt lat="59.3021" lon="6.32794"></trkpt>
      <trkpt lat="59.31144" lon="6.33131"></trkpt>
      <trkpt lat="59.31067" lon="6.30976"></trkpt>
      <trkpt lat="59.31267" lon="6.29506"></trkpt>
      <trkpt lat="59.32068" lon="6.27285"></trkpt>
      <trkpt lat="59.32602" lon="6.25993"></trkpt>
      <trkpt lat="59.33376" lon="6.24985"></trkpt>
      <trkpt lat="59.3476" lon="6.24039"></trkpt>
      <trkpt lat="59.35477" lon="6.2306"></trkpt>
      <trkpt lat="59.35824" lon="6.20403"></trkpt>
      <trkpt lat="59.36692" lon="6.18677"></trkpt>
      <trkpt lat="59.37942" lon="6.18252"></trkpt>
      <trkpt lat="59.38554" lon="6.18497"></trkpt>
      <trkpt lat="59.39611" lon="6.19049"></trkpt>
      <trkpt lat="59.40428" lon="6.20064"></trkpt>
      <trkpt lat="59.40998" lon="6.21403"></trkpt>
      <trkpt lat="59.41504" lon="6.21796"></trkpt>
      <trkpt lat="59.4187" lon="6.22022"></trkpt>
      <trkpt lat="59.43037" lon="6.22581"></trkpt>
      <trkpt lat="59.4468" lon="6.24293"></trkpt>
      <trkpt lat="59.46295" lon="6.25136"></trkpt>
      <trkpt lat="59.46946" lon="6.25875"></trkpt>
      <trkpt lat="59.47286" lon="6.28135"></trkpt>
      <trkpt lat="59.47252" lon="6.30068"></trkpt>
      <trkpt lat="59.46084" lon="6.32634"></trkpt>
      <trkpt lat="59.45674" lon="6.34396"></trkpt>
      <trkpt lat="59.45484" lon="6.36973"></trkpt>
      <trkpt lat="59.45377" lon="6.40436"></trkpt>
      <trkpt lat="59.4645" lon="6.41177"></trkpt>
      <trkpt lat="59.47322" lon="6.42776"></trkpt>
      <trkpt lat="59.482" lon="6.44533"></trkpt>
      <trkpt lat="59.4889" lon="6.49322"></trkpt>
      <trkpt lat="59.4876" lon="6.51026"></trkpt>
      <trkpt lat="59.4863" lon="6.51197"></trkpt>
      <trkpt lat="59.49669" lon="6.53384"></trkpt>
      <trkpt lat="59.50545" lon="6.55345"></trkpt>
      <trkpt lat="59.50787" lon="6.57785"></trkpt>
      <trkpt lat="59.52732" lon="6.59183"></trkpt>
      <trkpt lat="59.56297" lon="6.62408"></trkpt>
      <trkpt lat="59.57191" lon="6.65656"></trkpt>
      <trkpt lat="59.58175" lon="6.67903"></trkpt>
      <trkpt lat="59.58793" lon="6.70622"></trkpt>
      <trkpt lat="59.60222" lon="6.76278"></trkpt>
      <trkpt lat="59.62181" lon="6.77751"></trkpt>
      <trkpt lat="59.64096" lon="6.78338"></trkpt>
      <trkpt lat="59.65399" lon="6.78978"></trkpt>
      <trkpt lat="59.66562" lon="6.77054"></trkpt>
      <trkpt lat="59.67899" lon="6.75802"></trkpt>
      <trkpt lat="59.69127" lon="6.75355"></trkpt>
      <trkpt lat="59.69684" lon="6.74379"></trkpt>
      <trkpt lat="59.71131" lon="6.73703"></trkpt>
      <trkpt lat="59.7242" lon="6.72889"></trkpt>
      <trkpt lat="59.73104" lon="6.74276"></trkpt>
      <trkpt lat="59.74052" lon="6.76215"></trkpt>
      <trkpt lat="59.75096" lon="6.77831"></trkpt>
      <trkpt lat="59.75857" lon="6.78648"></trkpt>
      <trkpt lat="59.771" lon="6.778"></trkpt>
      <trkpt lat="59.78586" lon="6.77121"></trkpt>
      <trkpt lat="59.79971" lon="6.77064"></trkpt>
      <trkpt lat="59.81391" lon="6.77379"></trkpt>
      <trkpt lat="59.81335" lon="6.76946"></trkpt>
      <trkpt lat="59.81393" lon="6.76198"></trkpt>
      <trkpt lat="59.81719" lon="6.75053"></trkpt>
      <trkpt lat="59.82156" lon="6.74507"></trkpt>
      <trkpt lat="59.87388" lon="6.67249"></trkpt>
      <trkpt lat="59.88679" lon="6.65275"></trkpt>
      <trkpt lat="59.90377" lon="6.62117"></trkpt>
      <trkpt lat="59.92051" lon="6.60075"></trkpt>
      <trkpt lat="59.92722" lon="6.57578"></trkpt>
      <trkpt lat="59.93479" lon="6.58713"></trkpt>
      <trkpt lat="59.94829" lon="6.58368"></trkpt>
      <trkpt lat="59.96374" lon="6.57384"></trkpt>
      <trkpt lat="59.97919" lon="6.56854"></trkpt>
      <trkpt lat="59.99326" lon="6.566"></trkpt>
      <trkpt lat="60.00947" lon="6.55869"></trkpt>
      <trkpt lat="60.02395" lon="6.55765"></trkpt>
      <trkpt lat="60.03231" lon="6.56349"></trkpt>
      <trkpt lat="60.04573" lon="6.56078"></trkpt>
      <trkpt lat="60.05579" lon="6.55377"></trkpt>
      <trkpt lat="60.06764" lon="6.54606"></trkpt>
      <trkpt lat="60.0705" lon="6.55147"></trkpt>
      <trkpt lat="60.08114" lon="6.55083"></trkpt>
      <trkpt lat="60.09842" lon="6.54764"></trkpt>
      <trkpt lat="60.11671" lon="6.56506"></trkpt>
      <trkpt lat="60.11767" lon="6.57521"></trkpt>
      <trkpt lat="60.12113" lon="6.57017"></trkpt>
      <trkpt lat="60.12013" lon="6.58441"></trkpt>
      <trkpt lat="60.12693" lon="6.5987"></trkpt>
      <trkpt lat="60.13268" lon="6.61312"></trkpt>
      <trkpt lat="60.13098" lon="6.6365"></trkpt>
      <trkpt lat="60.13285" lon="6.62767"></trkpt>
      <trkpt lat="60.13231" lon="6.63141"></trkpt>
      <trkpt lat="60.13148" lon="6.63485"></trkpt>
      <trkpt lat="60.13004" lon="6.63899"></trkpt>
      <trkpt lat="60.12837" lon="6.64229"></trkpt>
      <trkpt lat="60.12808" lon="6.64625"></trkpt>
      <trkpt lat="60.12725" lon="6.65027"></trkpt>
      <trkpt lat="60.1268" lon="6.6549"></trkpt>
      <trkpt lat="60.12672" lon="6.6597"></trkpt>
      <trkpt lat="60.12712" lon="6.66474"></trkpt>
      <trkpt lat="60.12782" lon="6.66913"></trkpt>
      <trkpt lat="60.12843" lon="6.67423"></trkpt>
      <trkpt lat="60.1286" lon="6.67894"></trkpt>
      <trkpt lat="60.12927" lon="6.68394"></trkpt>
      <trkpt lat="60.12893" lon="6.68921"></trkpt>
      <trkpt lat="60.12935" lon="6.69403"></trkpt>
      <trkpt lat="60.13081" lon="6.69781"></trkpt>
      <trkpt lat="60.13228" lon="6.70132"></trkpt>
      <trkpt lat="60.13298" lon="6.70586"></trkpt>
      <trkpt lat="60.1332" lon="6.7103"></trkpt>
      <trkpt lat="60.13257" lon="6.71444"></trkpt>
      <trkpt lat="60.13158" lon="6.71854"></trkpt>
      <trkpt lat="60.13108" lon="6.72297"></trkpt>
      <trkpt lat="60.13145" lon="6.72052"></trkpt>
      <trkpt lat="60.1321" lon="6.71567"></trkpt>
      <trkpt lat="60.13303" lon="6.71139"></trkpt>
      <trkpt lat="60.13321" lon="6.70661"></trkpt>
      <trkpt lat="60.13248" lon="6.70183"></trkpt>
      <trkpt lat="60.13089" lon="6.6979"></trkpt>
      <trkpt lat="60.12935" lon="6.69407"></trkpt>
      <trkpt lat="60.12898" lon="6.68894"></trkpt>
      <trkpt lat="60.12925" lon="6.68381"></trkpt>
      <trkpt lat="60.12858" lon="6.6785"></trkpt>
      <trkpt lat="60.12836" lon="6.67325"></trkpt>
      <trkpt lat="60.12753" lon="6.66798"></trkpt>
      <trkpt lat="60.12696" lon="6.6627"></trkpt>
      <trkpt lat="60.12663" lon="6.65752"></trkpt>
      <trkpt lat="60.1272" lon="6.65294"></trkpt>
      <trkpt lat="60.1278" lon="6.64757"></trkpt>
      <trkpt lat="60.1285" lon="6.64276"></trkpt>
      <trkpt lat="60.13157" lon="6.63464"></trkpt>
      <trkpt lat="60.13293" lon="6.62721"></trkpt>
    </trkseg>
  </trk>
  <trk>
    <name>cycling: К парому на Кінсарвік</name>
    <trkseg>
      <trkpt lat="60.13133" lon="6.63582"></trkpt>
      <trkpt lat="60.1328" lon="6.62868"></trkpt>
      <trkpt lat="60.13291" lon="6.62673"></trkpt>
      <trkpt lat="60.13292" lon="6.62678"></trkpt>
      <trkpt lat="60.1329" lon="6.62573"></trkpt>
      <trkpt lat="60.13368" lon="6.61951"></trkpt>
      <trkpt lat="60.13265" lon="6.61406"></trkpt>
      <trkpt lat="60.13199" lon="6.6109"></trkpt>
      <trkpt lat="60.13173" lon="6.60621"></trkpt>
      <trkpt lat="60.12877" lon="6.60167"></trkpt>
      <trkpt lat="60.12718" lon="6.59949"></trkpt>
      <trkpt lat="60.12542" lon="6.59679"></trkpt>
      <trkpt lat="60.12359" lon="6.59457"></trkpt>
      <trkpt lat="60.12148" lon="6.59018"></trkpt>
      <trkpt lat="60.12017" lon="6.58593"></trkpt>
      <trkpt lat="60.11968" lon="6.58004"></trkpt>
      <trkpt lat="60.11955" lon="6.57655"></trkpt>
      <trkpt lat="60.121" lon="6.57245"></trkpt>
      <trkpt lat="60.12128" lon="6.56696"></trkpt>
      <trkpt lat="60.11948" lon="6.57209"></trkpt>
      <trkpt lat="60.11738" lon="6.5769"></trkpt>
      <trkpt lat="60.11794" lon="6.57355"></trkpt>
      <trkpt lat="60.11854" lon="6.5699"></trkpt>
      <trkpt lat="60.11741" lon="6.56929"></trkpt>
      <trkpt lat="60.11687" lon="6.56611"></trkpt>
      <trkpt lat="60.11716" lon="6.56097"></trkpt>
      <trkpt lat="60.11552" lon="6.5634"></trkpt>
      <trkpt lat="60.1163" lon="6.56035"></trkpt>
      <trkpt lat="60.119" lon="6.55802"></trkpt>
      <trkpt lat="60.12154" lon="6.55733"></trkpt>
      <trkpt lat="60.1237" lon="6.55658"></trkpt>
      <trkpt lat="60.12598" lon="6.55729"></trkpt>
      <trkpt lat="60.12795" lon="6.55797"></trkpt>
      <trkpt lat="60.12998" lon="6.55792"></trkpt>
      <trkpt lat="60.13176" lon="6.55927"></trkpt>
      <trkpt lat="60.13367" lon="6.56148"></trkpt>
      <trkpt lat="60.13559" lon="6.56181"></trkpt>
      <trkpt lat="60.13683" lon="6.56368"></trkpt>
      <trkpt lat="60.13878" lon="6.56753"></trkpt>
      <trkpt lat="60.14037" lon="6.57152"></trkpt>
      <trkpt lat="60.14276" lon="6.57241"></trkpt>
      <trkpt lat="60.14443" lon="6.57227"></trkpt>
      <trkpt lat="60.14625" lon="6.57143"></trkpt>
      <trkpt lat="60.14725" lon="6.57064"></trkpt>
      <trkpt lat="60.15059" lon="6.57004"></trkpt>
      <trkpt lat="60.15094" lon="6.5708"></trkpt>
      <trkpt lat="60.15303" lon="6.5727"></trkpt>
      <trkpt lat="60.15701" lon="6.57397"></trkpt>
      <trkpt lat="60.16008" lon="6.57702"></trkpt>
      <trkpt lat="60.16278" lon="6.57663"></trkpt>
      <trkpt lat="60.16349" lon="6.57665"></trkpt>
      <trkpt lat="60.16353" lon="6.57679"></trkpt>
      <trkpt lat="60.1641" lon="6.57684"></trkpt>
      <trkpt lat="60.16711" lon="6.57362"></trkpt>
      <trkpt lat="60.16912" lon="6.57149"></trkpt>
      <trkpt lat="60.17167" lon="6.57289"></trkpt>
      <trkpt lat="60.17267" lon="6.57463"></trkpt>
      <trkpt lat="60.17433" lon="6.57567"></trkpt>
      <trkpt lat="60.17703" lon="6.57685"></trkpt>
      <trkpt lat="60.17812" lon="6.57896"></trkpt>
      <trkpt lat="60.17998" lon="6.5826"></trkpt>
      <trkpt lat="60.18199" lon="6.58647"></trkpt>
      <trkpt lat="60.18367" lon="6.58885"></trkpt>
      <trkpt lat="60.18772" lon="6.58913"></trkpt>
      <trkpt lat="60.19118" lon="6.59082"></trkpt>
      <trkpt lat="60.19442" lon="6.59305"></trkpt>
      <trkpt lat="60.19863" lon="6.59402"></trkpt>
      <trkpt lat="60.2013" lon="6.59699"></trkpt>
      <trkpt lat="60.20359" lon="6.59865"></trkpt>
      <trkpt lat="60.20639" lon="6.60116"></trkpt>
      <trkpt lat="60.20864" lon="6.60239"></trkpt>
      <trkpt lat="60.21105" lon="6.60223"></trkpt>
      <trkpt lat="60.21463" lon="6.60288"></trkpt>
      <trkpt lat="60.21746" lon="6.6027"></trkpt>
      <trkpt lat="60.22087" lon="6.60383"></trkpt>
      <trkpt lat="60.22521" lon="6.60713"></trkpt>
      <trkpt lat="60.22816" lon="6.61015"></trkpt>
      <trkpt lat="60.23073" lon="6.61232"></trkpt>
      <trkpt lat="60.2342" lon="6.61693"></trkpt>
      <trkpt lat="60.23735" lon="6.62051"></trkpt>
      <trkpt lat="60.24257" lon="6.61995"></trkpt>
      <trkpt lat="60.24764" lon="6.61789"></trkpt>
      <trkpt lat="60.25052" lon="6.61646"></trkpt>
      <trkpt lat="60.25484" lon="6.61792"></trkpt>
      <trkpt lat="60.25747" lon="6.6216"></trkpt>
      <trkpt lat="60.26138" lon="6.62377"></trkpt>
      <trkpt lat="60.26392" lon="6.62417"></trkpt>
      <trkpt lat="60.26803" lon="6.62168"></trkpt>
      <trkpt lat="60.27112" lon="6.62056"></trkpt>
      <trkpt lat="60.27369" lon="6.61836"></trkpt>
      <trkpt lat="60.27825" lon="6.61987"></trkpt>
      <trkpt lat="60.27998" lon="6.61921"></trkpt>
      <trkpt lat="60.28225" lon="6.62172"></trkpt>
      <trkpt lat="60.28541" lon="6.62355"></trkpt>
      <trkpt lat="60.28772" lon="6.62503"></trkpt>
      <trkpt lat="60.28872" lon="6.62894"></trkpt>
      <trkpt lat="60.29028" lon="6.63285"></trkpt>
      <trkpt lat="60.29195" lon="6.63568"></trkpt>
      <trkpt lat="60.29596" lon="6.63961"></trkpt>
      <trkpt lat="60.29969" lon="6.64133"></trkpt>
      <trkpt lat="60.3033" lon="6.64283"></trkpt>
      <trkpt lat="60.30719" lon="6.64608"></trkpt>
      <trkpt lat="60.30913" lon="6.64794"></trkpt>
      <trkpt lat="60.31114" lon="6.64914"></trkpt>
      <trkpt lat="60.31521" lon="6.65398"></trkpt>
      <trkpt lat="60.31991" lon="6.6549"></trkpt>
      <trkpt lat="60.32209" lon="6.65508"></trkpt>
      <trkpt lat="60.32531" lon="6.6588"></trkpt>
      <trkpt lat="60.32841" lon="6.65771"></trkpt>
      <trkpt lat="60.33123" lon="6.65402"></trkpt>
      <trkpt lat="60.33421" lon="6.65321"></trkpt>
      <trkpt lat="60.33559" lon="6.65322"></trkpt>
      <trkpt lat="60.33797" lon="6.65438"></trkpt>
      <trkpt lat="60.3391" lon="6.65483"></trkpt>
      <trkpt lat="60.33973" lon="6.65548"></trkpt>
      <trkpt lat="60.34396" lon="6.65792"></trkpt>
      <trkpt lat="60.34939" lon="6.66095"></trkpt>
      <trkpt lat="60.35322" lon="6.66441"></trkpt>
      <trkpt lat="60.35727" lon="6.66914"></trkpt>
      <trkpt lat="60.36142" lon="6.67292"></trkpt>
      <trkpt lat="60.366" lon="6.67821"></trkpt>
      <trkpt lat="60.37094" lon="6.68094"></trkpt>
      <trkpt lat="60.37545" lon="6.6838"></trkpt>
      <trkpt lat="60.38105" lon="6.68743"></trkpt>
      <trkpt lat="60.38494" lon="6.68867"></trkpt>
      <trkpt lat="60.38314" lon="6.69574"></trkpt>
      <trkpt lat="60.37819" lon="6.70503"></trkpt>
      <trkpt lat="60.37431" lon="6.71382"></trkpt>
      <trkpt lat="60.37483" lon="6.7132"></trkpt>
      <trkpt lat="60.37435" lon="6.71407"></trkpt>
      <trkpt lat="60.37505" lon="6.71805"></trkpt>
      <trkpt lat="60.37494" lon="6.717"></trkpt>
      <trkpt lat="60.37438" lon="6.71458"></trkpt>
      <trkpt lat="60.37518" lon="6.71845"></trkpt>
      <trkpt lat="60.37499" lon="6.71848"></trkpt>
      <trkpt lat="60.37541" lon="6.71865"></trkpt>
      <trkpt lat="60.3754" lon="6.71866"></trkpt>
      <trkpt lat="60.37549" lon="6.71911"></trkpt>
      <trkpt lat="60.37533" lon="6.71884"></trkpt>
      <trkpt lat="60.37539" lon="6.71894"></trkpt>
      <trkpt lat="60.37576" lon="6.71899"></trkpt>
    </trkseg>
  </trk>
  <trk>
    <name>cycling: Кваннал — Восс</name>
    <trkseg>
      <trkpt lat="60.47166" lon="6.61207"></trkpt>
      <trkpt lat="60.4711" lon="6.61021"></trkpt>
      <trkpt lat="60.47497" lon="6.62448"></trkpt>
      <trkpt lat="60.48063" lon="6.64498"></trkpt>
      <trkpt lat="60.49076" lon="6.65388"></trkpt>
      <trkpt lat="60.50318" lon="6.68179"></trkpt>
      <trkpt lat="60.50995" lon="6.68921"></trkpt>
      <trkpt lat="60.51708" lon="6.69721"></trkpt>
      <trkpt lat="60.52136" lon="6.70251"></trkpt>
      <trkpt lat="60.52604" lon="6.721"></trkpt>
      <trkpt lat="60.53332" lon="6.7332"></trkpt>
      <trkpt lat="60.53535" lon="6.72868"></trkpt>
      <trkpt lat="60.5379" lon="6.71626"></trkpt>
      <trkpt lat="60.54066" lon="6.70455"></trkpt>
      <trkpt lat="60.54936" lon="6.70607"></trkpt>
      <trkpt lat="60.55766" lon="6.71017"></trkpt>
      <trkpt lat="60.56351" lon="6.70829"></trkpt>
      <trkpt lat="60.56446" lon="6.69434"></trkpt>
      <trkpt lat="60.56705" lon="6.68664"></trkpt>
      <trkpt lat="60.57261" lon="6.69338"></trkpt>
      <trkpt lat="60.57528" lon="6.68623"></trkpt>
      <trkpt lat="60.58002" lon="6.68057"></trkpt>
      <trkpt lat="60.58354" lon="6.66861"></trkpt>
      <trkpt lat="60.58639" lon="6.65865"></trkpt>
      <trkpt lat="60.5859" lon="6.65202"></trkpt>
      <trkpt lat="60.58572" lon="6.64807"></trkpt>
      <trkpt lat="60.58619" lon="6.64319"></trkpt>
      <trkpt lat="60.58625" lon="6.64415"></trkpt>
      <trkpt lat="60.58728" lon="6.64194"></trkpt>
      <trkpt lat="60.58724" lon="6.63833"></trkpt>
      <trkpt lat="60.58573" lon="6.63728"></trkpt>
      <trkpt lat="60.58497" lon="6.63759"></trkpt>
      <trkpt lat="60.58424" lon="6.63957"></trkpt>
      <trkpt lat="60.58599" lon="6.63499"></trkpt>
      <trkpt lat="60.58827" lon="6.63491"></trkpt>
      <trkpt lat="60.58837" lon="6.63431"></trkpt>
      <trkpt lat="60.58922" lon="6.63122"></trkpt>
      <trkpt lat="60.58889" lon="6.62427"></trkpt>
      <trkpt lat="60.58558" lon="6.61269"></trkpt>
      <trkpt lat="60.58864" lon="6.60423"></trkpt>
      <trkpt lat="60.59345" lon="6.59341"></trkpt>
      <trkpt lat="60.59355" lon="6.58321"></trkpt>
      <trkpt lat="60.5952" lon="6.56705"></trkpt>
      <trkpt lat="60.59884" lon="6.55682"></trkpt>
      <trkpt lat="60.60511" lon="6.54368"></trkpt>
      <trkpt lat="60.61288" lon="6.53628"></trkpt>
      <trkpt lat="60.6203" lon="6.53299"></trkpt>
      <trkpt lat="60.62845" lon="6.52259"></trkpt>
      <trkpt lat="60.62842" lon="6.50122"></trkpt>
      <trkpt lat="60.63323" lon="6.47608"></trkpt>
      <trkpt lat="60.63581" lon="6.46626"></trkpt>
      <trkpt lat="60.63592" lon="6.46633"></trkpt>
      <trkpt lat="60.6357" lon="6.45248"></trkpt>
      <trkpt lat="60.6365" lon="6.43968"></trkpt>
      <trkpt lat="60.64324" lon="6.43575"></trkpt>
      <trkpt lat="60.65485" lon="6.43574"></trkpt>
      <trkpt lat="60.66221" lon="6.43663"></trkpt>
      <trkpt lat="60.66911" lon="6.44917"></trkpt>
      <trkpt lat="60.67751" lon="6.45448"></trkpt>
      <trkpt lat="60.68411" lon="6.46154"></trkpt>
      <trkpt lat="60.69074" lon="6.46712"></trkpt>
      <trkpt lat="60.69763" lon="6.47394"></trkpt>
      <trkpt lat="60.70527" lon="6.48036"></trkpt>
      <trkpt lat="60.70501" lon="6.4814"></trkpt>
      <trkpt lat="60.70498" lon="6.48148"></trkpt>
      <trkpt lat="60.70573" lon="6.48089"></trkpt>
      <trkpt lat="60.71072" lon="6.48548"></trkpt>
      <trkpt lat="60.72142" lon="6.4912"></trkpt>
      <trkpt lat="60.73103" lon="6.49058"></trkpt>
      <trkpt lat="60.73791" lon="6.49"></trkpt>
      <trkpt lat="60.7434" lon="6.49074"></trkpt>
      <trkpt lat="60.74919" lon="6.50023"></trkpt>
      <trkpt lat="60.75659" lon="6.49686"></trkpt>
      <trkpt lat="60.76084" lon="6.49123"></trkpt>
      <trkpt lat="60.76839" lon="6.49052"></trkpt>
      <trkpt lat="60.77601" lon="6.48437"></trkpt>
      <trkpt lat="60.78284" lon="6.48824"></trkpt>
      <trkpt lat="60.7855" lon="6.49962"></trkpt>
      <trkpt lat="60.79184" lon="6.50874"></trkpt>
      <trkpt lat="60.79716" lon="6.50462"></trkpt>
      <trkpt lat="60.80294" lon="6.4996"></trkpt>
      <trkpt lat="60.81119" lon="6.47784"></trkpt>
      <trkpt lat="60.81434" lon="6.47319"></trkpt>
      <trkpt lat="60.82064" lon="6.46328"></trkpt>
      <trkpt lat="60.83103" lon="6.46149"></trkpt>
      <trkpt lat="60.83508" lon="6.45454"></trkpt>
      <trkpt lat="60.83673" lon="6.45931"></trkpt>
      <trkpt lat="60.83953" lon="6.46381"></trkpt>
      <trkpt lat="60.84307" lon="6.46822"></trkpt>
      <trkpt lat="60.85038" lon="6.48133"></trkpt>
      <trkpt lat="60.85586" lon="6.49335"></trkpt>
      <trkpt lat="60.86584" lon="6.49667"></trkpt>
      <trkpt lat="60.87475" lon="6.50072"></trkpt>
      <trkpt lat="60.88035" lon="6.50915"></trkpt>
      <trkpt lat="60.88684" lon="6.50127"></trkpt>
      <trkpt lat="60.88856" lon="6.49841"></trkpt>
      <trkpt lat="60.88853" lon="6.49908"></trkpt>
      <trkpt lat="60.89198" lon="6.49648"></trkpt>
      <trkpt lat="60.89937" lon="6.48851"></trkpt>
      <trkpt lat="60.90241" lon="6.48216"></trkpt>
      <trkpt lat="60.90088" lon="6.47709"></trkpt>
      <trkpt lat="60.90264" lon="6.47969"></trkpt>
      <trkpt lat="60.90181" lon="6.47684"></trkpt>
      <trkpt lat="60.902" lon="6.47651"></trkpt>
      <trkpt lat="60.90353" lon="6.47881"></trkpt>
      <trkpt lat="60.90178" lon="6.47406"></trkpt>
      <trkpt lat="60.90078" lon="6.46855"></trkpt>
      <trkpt lat="60.9013" lon="6.46407"></trkpt>
      <trkpt lat="60.90473" lon="6.45876"></trkpt>
      <trkpt lat="60.90886" lon="6.4577"></trkpt>
      <trkpt lat="60.9101" lon="6.45353"></trkpt>
      <trkpt lat="60.91096" lon="6.44554"></trkpt>
      <trkpt lat="60.91746" lon="6.44636"></trkpt>
      <trkpt lat="60.92407" lon="6.44785"></trkpt>
      <trkpt lat="60.92406" lon="6.44578"></trkpt>
      <trkpt lat="60.9246" lon="6.44642"></trkpt>
      <trkpt lat="60.93189" lon="6.44301"></trkpt>
      <trkpt lat="60.94105" lon="6.44548"></trkpt>
      <trkpt lat="60.95034" lon="6.45731"></trkpt>
      <trkpt lat="60.95663" lon="6.47081"></trkpt>
      <trkpt lat="60.96595" lon="6.4869"></trkpt>
      <trkpt lat="60.96894" lon="6.49896"></trkpt>
      <trkpt lat="60.9737" lon="6.50727"></trkpt>
      <trkpt lat="60.97664" lon="6.52155"></trkpt>
      <trkpt lat="60.98457" lon="6.53579"></trkpt>
      <trkpt lat="60.99307" lon="6.54257"></trkpt>
      <trkpt lat="61.00104" lon="6.54145"></trkpt>
      <trkpt lat="61.01333" lon="6.54299"></trkpt>
      <trkpt lat="61.01913" lon="6.54349"></trkpt>
      <trkpt lat="61.03411" lon="6.54183"></trkpt>
      <trkpt lat="61.05562" lon="6.56029"></trkpt>
      <trkpt lat="61.05669" lon="6.55655"></trkpt>
      <trkpt lat="61.05919" lon="6.54243"></trkpt>
      <trkpt lat="61.06604" lon="6.54622"></trkpt>
      <trkpt lat="61.069" lon="6.55767"></trkpt>
      <trkpt lat="61.07305" lon="6.57652"></trkpt>
      <trkpt lat="61.08629" lon="6.58023"></trkpt>
      <trkpt lat="61.08708" lon="6.58013"></trkpt>
      <trkpt lat="61.0871" lon="6.58033"></trkpt>
      <trkpt lat="61.0888" lon="6.58423"></trkpt>
      <trkpt lat="61.08937" lon="6.58381"></trkpt>
    </trkseg>
  </trk>
  <trk>
    <name>hiking: Тропа на Чераг (Kjeragbolten)</name>
    <trkseg>
      <trkpt lat="59.04624" lon="6.65156"></trkpt>
      <trkpt lat="59.04603" lon="6.6505"></trkpt>
      <trkpt lat="59.04586" lon="6.64911"></trkpt>
      <trkpt lat="59.04577" lon="6.64827"></trkpt>
      <trkpt lat="59.04573" lon="6.64739"></trkpt>
      <trkpt lat="59.04548" lon="6.64693"></trkpt>
      <trkpt lat="59.04504" lon="6.6468"></trkpt>
      <trkpt lat="59.04456" lon="6.64692"></trkpt>
      <trkpt lat="59.04409" lon="6.64676"></trkpt>
      <trkpt lat="59.04415" lon="6.64582"></trkpt>
      <trkpt lat="59.04383" lon="6.6453"></trkpt>
      <trkpt lat="59.04347" lon="6.64474"></trkpt>
      <trkpt lat="59.043" lon="6.64473"></trkpt>
      <trkpt lat="59.04259" lon="6.64452"></trkpt>
      <trkpt lat="59.04283" lon="6.64387"></trkpt>
      <trkpt lat="59.04204" lon="6.64394"></trkpt>
      <trkpt lat="59.04156" lon="6.64377"></trkpt>
      <trkpt lat="59.04122" lon="6.64348"></trkpt>
      <trkpt lat="59.04115" lon="6.64247"></trkpt>
      <trkpt lat="59.04069" lon="6.6414"></trkpt>
      <trkpt lat="59.04076" lon="6.64013"></trkpt>
      <trkpt lat="59.04102" lon="6.63904"></trkpt>
      <trkpt lat="59.04122" lon="6.63792"></trkpt>
      <trkpt lat="59.0412" lon="6.63738"></trkpt>
      <trkpt lat="59.04112" lon="6.63701"></trkpt>
      <trkpt lat="59.04119" lon="6.63649"></trkpt>
      <trkpt lat="59.04115" lon="6.6352"></trkpt>
      <trkpt lat="59.04137" lon="6.6338"></trkpt>
      <trkpt lat="59.04145" lon="6.63278"></trkpt>
      <trkpt lat="59.04141" lon="6.63192"></trkpt>
      <trkpt lat="59.04123" lon="6.63082"></trkpt>
      <trkpt lat="59.04109" lon="6.62968"></trkpt>
      <trkpt lat="59.04104" lon="6.62928"></trkpt>
      <trkpt lat="59.04116" lon="6.62882"></trkpt>
      <trkpt lat="59.04188" lon="6.62873"></trkpt>
      <trkpt lat="59.04257" lon="6.62878"></trkpt>
      <trkpt lat="59.04225" lon="6.62768"></trkpt>
      <trkpt lat="59.04194" lon="6.62677"></trkpt>
      <trkpt lat="59.04186" lon="6.62579"></trkpt>
      <trkpt lat="59.04175" lon="6.62517"></trkpt>
      <trkpt lat="59.04188" lon="6.62406"></trkpt>
      <trkpt lat="59.04159" lon="6.62319"></trkpt>
      <trkpt lat="59.04125" lon="6.62272"></trkpt>
      <trkpt lat="59.04086" lon="6.62191"></trkpt>
      <trkpt lat="59.04044" lon="6.62071"></trkpt>
      <trkpt lat="59.04012" lon="6.61971"></trkpt>
      <trkpt lat="59.03963" lon="6.61807"></trkpt>
      <trkpt lat="59.03919" lon="6.61706"></trkpt>
      <trkpt lat="59.03889" lon="6.61578"></trkpt>
      <trkpt lat="59.03849" lon="6.61483"></trkpt>
      <trkpt lat="59.03806" lon="6.61264"></trkpt>
      <trkpt lat="59.03762" lon="6.61059"></trkpt>
      <trkpt lat="59.03726" lon="6.60912"></trkpt>
      <trkpt lat="59.03679" lon="6.60721"></trkpt>
      <trkpt lat="59.03618" lon="6.60509"></trkpt>
      <trkpt lat="59.03569" lon="6.60375"></trkpt>
      <trkpt lat="59.0353" lon="6.60282"></trkpt>
      <trkpt lat="59.03474" lon="6.60162"></trkpt>
      <trkpt lat="59.03459" lon="6.60151"></trkpt>
      <trkpt lat="59.03433" lon="6.60009"></trkpt>
      <trkpt lat="59.03437" lon="6.59894"></trkpt>
      <trkpt lat="59.03397" lon="6.59727"></trkpt>
      <trkpt lat="59.03364" lon="6.59589"></trkpt>
      <trkpt lat="59.03348" lon="6.59472"></trkpt>
      <trkpt lat="59.03368" lon="6.59375"></trkpt>
      <trkpt lat="59.03371" lon="6.59328"></trkpt>
      <trkpt lat="59.03365" lon="6.59309"></trkpt>
      <trkpt lat="59.03358" lon="6.59356"></trkpt>
      <trkpt lat="59.03364" lon="6.59298"></trkpt>
      <trkpt lat="59.03367" lon="6.59365"></trkpt>
      <trkpt lat="59.03347" lon="6.59458"></trkpt>
      <trkpt lat="59.03366" lon="6.59594"></trkpt>
      <trkpt lat="59.03409" lon="6.59757"></trkpt>
      <trkpt lat="59.03421" lon="6.5989"></trkpt>
      <trkpt lat="59.03422" lon="6.60013"></trkpt>
      <trkpt lat="59.0345" lon="6.6012"></trkpt>
      <trkpt lat="59.03487" lon="6.60192"></trkpt>
      <trkpt lat="59.03521" lon="6.60287"></trkpt>
      <trkpt lat="59.03563" lon="6.60361"></trkpt>
      <trkpt lat="59.03607" lon="6.60485"></trkpt>
      <trkpt lat="59.03657" lon="6.60624"></trkpt>
      <trkpt lat="59.03732" lon="6.60855"></trkpt>
      <trkpt lat="59.03784" lon="6.61102"></trkpt>
      <trkpt lat="59.03819" lon="6.61293"></trkpt>
      <trkpt lat="59.03831" lon="6.61389"></trkpt>
      <trkpt lat="59.03843" lon="6.61467"></trkpt>
      <trkpt lat="59.03884" lon="6.61531"></trkpt>
      <trkpt lat="59.03919" lon="6.61677"></trkpt>
      <trkpt lat="59.0395" lon="6.61795"></trkpt>
      <trkpt lat="59.03998" lon="6.61913"></trkpt>
      <trkpt lat="59.04031" lon="6.62014"></trkpt>
      <trkpt lat="59.04051" lon="6.62115"></trkpt>
      <trkpt lat="59.04121" lon="6.62252"></trkpt>
      <trkpt lat="59.04154" lon="6.6235"></trkpt>
      <trkpt lat="59.0419" lon="6.62414"></trkpt>
      <trkpt lat="59.0417" lon="6.62499"></trkpt>
      <trkpt lat="59.0417" lon="6.62595"></trkpt>
      <trkpt lat="59.0417" lon="6.62691"></trkpt>
      <trkpt lat="59.0417" lon="6.62786"></trkpt>
      <trkpt lat="59.04166" lon="6.62868"></trkpt>
      <trkpt lat="59.04103" lon="6.62925"></trkpt>
      <trkpt lat="59.04124" lon="6.62985"></trkpt>
      <trkpt lat="59.04128" lon="6.63089"></trkpt>
      <trkpt lat="59.04127" lon="6.63232"></trkpt>
      <trkpt lat="59.04124" lon="6.63358"></trkpt>
      <trkpt lat="59.04124" lon="6.63473"></trkpt>
      <trkpt lat="59.041" lon="6.63581"></trkpt>
      <trkpt lat="59.04118" lon="6.63691"></trkpt>
      <trkpt lat="59.04102" lon="6.63728"></trkpt>
      <trkpt lat="59.04129" lon="6.63784"></trkpt>
      <trkpt lat="59.04102" lon="6.6386"></trkpt>
      <trkpt lat="59.04094" lon="6.63956"></trkpt>
      <trkpt lat="59.04069" lon="6.64072"></trkpt>
      <trkpt lat="59.04079" lon="6.64165"></trkpt>
      <trkpt lat="59.04115" lon="6.64314"></trkpt>
      <trkpt lat="59.04141" lon="6.64342"></trkpt>
      <trkpt lat="59.04183" lon="6.64373"></trkpt>
      <trkpt lat="59.04234" lon="6.64388"></trkpt>
      <trkpt lat="59.0426" lon="6.64453"></trkpt>
      <trkpt lat="59.04281" lon="6.64538"></trkpt>
      <trkpt lat="59.04348" lon="6.64474"></trkpt>
      <trkpt lat="59.04394" lon="6.645"></trkpt>
      <trkpt lat="59.04401" lon="6.64532"></trkpt>
      <trkpt lat="59.04417" lon="6.6461"></trkpt>
      <trkpt lat="59.04444" lon="6.64675"></trkpt>
      <trkpt lat="59.04486" lon="6.64696"></trkpt>
      <trkpt lat="59.04528" lon="6.64675"></trkpt>
      <trkpt lat="59.04574" lon="6.64714"></trkpt>
      <trkpt lat="59.04606" lon="6.64784"></trkpt>
      <trkpt lat="59.04646" lon="6.64823"></trkpt>
      <trkpt lat="59.04663" lon="6.64902"></trkpt>
      <trkpt lat="59.04615" lon="6.64972"></trkpt>
      <trkpt lat="59.04622" lon="6.65128"></trkpt>
      <trkpt lat="59.04605" lon="6.65143"></trkpt>
      <trkpt lat="59.04623" lon="6.65161"></trkpt>
      <trkpt lat="59.04624" lon="6.65163"></trkpt>
      <trkpt lat="59.04623" lon="6.65162"></trkpt>
      <trkpt lat="59.04624" lon="6.65161"></trkpt>
      <trkpt lat="59.04625" lon="6.65161"></trkpt>
      <trkpt lat="59.04624" lon="6.65161"></trkpt>
      <trkpt lat="59.04624" lon="6.65164"></trkpt>
    </trkseg>
  </trk>
  <trk>
    <name>hiking: Тропа на Прекестулен</name>
    <trkseg>
      <trkpt lat="58.99388" lon="6.13983"></trkpt>
      <trkpt lat="58.99334" lon="6.13984"></trkpt>
      <trkpt lat="58.99286" lon="6.14042"></trkpt>
      <trkpt lat="58.99249" lon="6.14095"></trkpt>
      <trkpt lat="58.99212" lon="6.14185"></trkpt>
      <trkpt lat="58.9917" lon="6.14218"></trkpt>
      <trkpt lat="58.99142" lon="6.14272"></trkpt>
      <trkpt lat="58.99112" lon="6.14344"></trkpt>
      <trkpt lat="58.99083" lon="6.14429"></trkpt>
      <trkpt lat="58.99043" lon="6.14497"></trkpt>
      <trkpt lat="58.99028" lon="6.14583"></trkpt>
      <trkpt lat="58.98994" lon="6.14666"></trkpt>
      <trkpt lat="58.98979" lon="6.14758"></trkpt>
      <trkpt lat="58.98957" lon="6.14828"></trkpt>
      <trkpt lat="58.98923" lon="6.14884"></trkpt>
      <trkpt lat="58.98902" lon="6.14953"></trkpt>
      <trkpt lat="58.98903" lon="6.15051"></trkpt>
      <trkpt lat="58.98888" lon="6.15121"></trkpt>
      <trkpt lat="58.98882" lon="6.15196"></trkpt>
      <trkpt lat="58.98897" lon="6.15264"></trkpt>
      <trkpt lat="58.98924" lon="6.15349"></trkpt>
      <trkpt lat="58.9894" lon="6.15442"></trkpt>
      <trkpt lat="58.9897" lon="6.15517"></trkpt>
      <trkpt lat="58.98976" lon="6.15629"></trkpt>
      <trkpt lat="58.98989" lon="6.15734"></trkpt>
      <trkpt lat="58.99002" lon="6.15822"></trkpt>
      <trkpt lat="58.99002" lon="6.15918"></trkpt>
      <trkpt lat="58.99004" lon="6.16015"></trkpt>
      <trkpt lat="58.99021" lon="6.16118"></trkpt>
      <trkpt lat="58.99048" lon="6.16183"></trkpt>
      <trkpt lat="58.99062" lon="6.16252"></trkpt>
      <trkpt lat="58.99061" lon="6.16336"></trkpt>
      <trkpt lat="58.99051" lon="6.16416"></trkpt>
      <trkpt lat="58.99069" lon="6.16492"></trkpt>
      <trkpt lat="58.99083" lon="6.16575"></trkpt>
      <trkpt lat="58.99121" lon="6.16634"></trkpt>
      <trkpt lat="58.99136" lon="6.1672"></trkpt>
      <trkpt lat="58.99128" lon="6.16811"></trkpt>
      <trkpt lat="58.99106" lon="6.16895"></trkpt>
      <trkpt lat="58.99088" lon="6.16983"></trkpt>
      <trkpt lat="58.99064" lon="6.17072"></trkpt>
      <trkpt lat="58.9906" lon="6.17162"></trkpt>
      <trkpt lat="58.99021" lon="6.17196"></trkpt>
      <trkpt lat="58.98988" lon="6.17264"></trkpt>
      <trkpt lat="58.98977" lon="6.17287"></trkpt>
      <trkpt lat="58.98938" lon="6.17338"></trkpt>
      <trkpt lat="58.98902" lon="6.17389"></trkpt>
      <trkpt lat="58.98873" lon="6.17471"></trkpt>
      <trkpt lat="58.9888" lon="6.17567"></trkpt>
      <trkpt lat="58.98881" lon="6.17659"></trkpt>
      <trkpt lat="58.98872" lon="6.17759"></trkpt>
      <trkpt lat="58.98898" lon="6.17827"></trkpt>
      <trkpt lat="58.98904" lon="6.17928"></trkpt>
      <trkpt lat="58.98924" lon="6.18016"></trkpt>
      <trkpt lat="58.98931" lon="6.18051"></trkpt>
      <trkpt lat="58.98935" lon="6.18142"></trkpt>
      <trkpt lat="58.98911" lon="6.18224"></trkpt>
      <trkpt lat="58.98894" lon="6.18316"></trkpt>
      <trkpt lat="58.98866" lon="6.18393"></trkpt>
      <trkpt lat="58.98873" lon="6.18489"></trkpt>
      <trkpt lat="58.98904" lon="6.18554"></trkpt>
      <trkpt lat="58.98911" lon="6.18649"></trkpt>
      <trkpt lat="58.98903" lon="6.18742"></trkpt>
      <trkpt lat="58.98887" lon="6.18827"></trkpt>
      <trkpt lat="58.98849" lon="6.18891"></trkpt>
      <trkpt lat="58.98808" lon="6.18949"></trkpt>
      <trkpt lat="58.98781" lon="6.18939"></trkpt>
      <trkpt lat="58.98734" lon="6.18926"></trkpt>
      <trkpt lat="58.98688" lon="6.18896"></trkpt>
      <trkpt lat="58.98656" lon="6.18848"></trkpt>
      <trkpt lat="58.98629" lon="6.18852"></trkpt>
      <trkpt lat="58.9865" lon="6.18846"></trkpt>
      <trkpt lat="58.98691" lon="6.18888"></trkpt>
      <trkpt lat="58.98736" lon="6.18926"></trkpt>
      <trkpt lat="58.98786" lon="6.18938"></trkpt>
      <trkpt lat="58.98807" lon="6.18956"></trkpt>
      <trkpt lat="58.98842" lon="6.18901"></trkpt>
      <trkpt lat="58.98882" lon="6.18839"></trkpt>
      <trkpt lat="58.98905" lon="6.18751"></trkpt>
      <trkpt lat="58.98913" lon="6.18652"></trkpt>
      <trkpt lat="58.98906" lon="6.18563"></trkpt>
      <trkpt lat="58.98873" lon="6.18492"></trkpt>
      <trkpt lat="58.98867" lon="6.18408"></trkpt>
      <trkpt lat="58.9888" lon="6.18332"></trkpt>
      <trkpt lat="58.98904" lon="6.18253"></trkpt>
      <trkpt lat="58.98922" lon="6.18166"></trkpt>
      <trkpt lat="58.98936" lon="6.18081"></trkpt>
      <trkpt lat="58.98901" lon="6.18022"></trkpt>
      <trkpt lat="58.98904" lon="6.17927"></trkpt>
      <trkpt lat="58.98898" lon="6.17824"></trkpt>
      <trkpt lat="58.98874" lon="6.17754"></trkpt>
      <trkpt lat="58.98883" lon="6.17652"></trkpt>
      <trkpt lat="58.98882" lon="6.17551"></trkpt>
      <trkpt lat="58.98874" lon="6.17464"></trkpt>
      <trkpt lat="58.989" lon="6.17376"></trkpt>
      <trkpt lat="58.98938" lon="6.17344"></trkpt>
      <trkpt lat="58.98976" lon="6.17297"></trkpt>
      <trkpt lat="58.98998" lon="6.1723"></trkpt>
      <trkpt lat="58.99039" lon="6.17176"></trkpt>
      <trkpt lat="58.99059" lon="6.17104"></trkpt>
      <trkpt lat="58.99072" lon="6.17034"></trkpt>
      <trkpt lat="58.99094" lon="6.16943"></trkpt>
      <trkpt lat="58.99108" lon="6.16857"></trkpt>
      <trkpt lat="58.99128" lon="6.16768"></trkpt>
      <trkpt lat="58.99139" lon="6.16688"></trkpt>
      <trkpt lat="58.99106" lon="6.1661"></trkpt>
      <trkpt lat="58.99069" lon="6.16536"></trkpt>
      <trkpt lat="58.99055" lon="6.16448"></trkpt>
      <trkpt lat="58.99053" lon="6.16358"></trkpt>
      <trkpt lat="58.99064" lon="6.16277"></trkpt>
      <trkpt lat="58.99055" lon="6.16207"></trkpt>
      <trkpt lat="58.99029" lon="6.16118"></trkpt>
      <trkpt lat="58.99007" lon="6.16025"></trkpt>
      <trkpt lat="58.98997" lon="6.15938"></trkpt>
      <trkpt lat="58.98976" lon="6.15918"></trkpt>
      <trkpt lat="58.99005" lon="6.15865"></trkpt>
      <trkpt lat="58.99016" lon="6.15785"></trkpt>
      <trkpt lat="58.98983" lon="6.15693"></trkpt>
      <trkpt lat="58.98979" lon="6.15582"></trkpt>
      <trkpt lat="58.98969" lon="6.15498"></trkpt>
      <trkpt lat="58.9894" lon="6.15415"></trkpt>
      <trkpt lat="58.98918" lon="6.15331"></trkpt>
      <trkpt lat="58.989" lon="6.15246"></trkpt>
      <trkpt lat="58.98886" lon="6.15156"></trkpt>
      <trkpt lat="58.98912" lon="6.1508"></trkpt>
      <trkpt lat="58.98903" lon="6.14985"></trkpt>
      <trkpt lat="58.98921" lon="6.14896"></trkpt>
      <trkpt lat="58.98962" lon="6.14837"></trkpt>
      <trkpt lat="58.98986" lon="6.14752"></trkpt>
      <trkpt lat="58.99012" lon="6.14662"></trkpt>
      <trkpt lat="58.9904" lon="6.14574"></trkpt>
      <trkpt lat="58.99065" lon="6.14492"></trkpt>
      <trkpt lat="58.99103" lon="6.14411"></trkpt>
      <trkpt lat="58.99129" lon="6.14327"></trkpt>
      <trkpt lat="58.99155" lon="6.14241"></trkpt>
      <trkpt lat="58.99182" lon="6.14226"></trkpt>
      <trkpt lat="58.99218" lon="6.14182"></trkpt>
      <trkpt lat="58.99251" lon="6.14097"></trkpt>
      <trkpt lat="58.99292" lon="6.14036"></trkpt>
      <trkpt lat="58.99347" lon="6.13983"></trkpt>
      <trkpt lat="58.99395" lon="6.14002"></trkpt>
    </trkseg>
  </trk>
  <trk>
    <name>hiking: Тропа на Тролльтунгу (via ferrata)</name>
    <trkseg>
      <trkpt lat="60.1308" lon="6.7241"></trkpt>
      <trkpt lat="60.13052" lon="6.72583"></trkpt>
      <trkpt lat="60.12983" lon="6.72788"></trkpt>
      <trkpt lat="60.12913" lon="6.72987"></trkpt>
      <trkpt lat="60.12871" lon="6.73083"></trkpt>
      <trkpt lat="60.12809" lon="6.7328"></trkpt>
      <trkpt lat="60.12722" lon="6.73502"></trkpt>
      <trkpt lat="60.12679" lon="6.73687"></trkpt>
      <trkpt lat="60.12721" lon="6.73794"></trkpt>
      <trkpt lat="60.1277" lon="6.73918"></trkpt>
      <trkpt lat="60.12849" lon="6.74055"></trkpt>
      <trkpt lat="60.12928" lon="6.74226"></trkpt>
      <trkpt lat="60.12971" lon="6.74313"></trkpt>
      <trkpt lat="60.13034" lon="6.7432"></trkpt>
      <trkpt lat="60.13092" lon="6.74332"></trkpt>
      <trkpt lat="60.13145" lon="6.74343"></trkpt>
      <trkpt lat="60.13201" lon="6.74291"></trkpt>
      <trkpt lat="60.13295" lon="6.74294"></trkpt>
      <trkpt lat="60.13401" lon="6.74339"></trkpt>
      <trkpt lat="60.13461" lon="6.74345"></trkpt>
      <trkpt lat="60.13535" lon="6.74389"></trkpt>
      <trkpt lat="60.13593" lon="6.74424"></trkpt>
      <trkpt lat="60.13605" lon="6.74442"></trkpt>
      <trkpt lat="60.13554" lon="6.74366"></trkpt>
      <trkpt lat="60.13461" lon="6.74287"></trkpt>
      <trkpt lat="60.13414" lon="6.7428"></trkpt>
      <trkpt lat="60.13337" lon="6.74328"></trkpt>
      <trkpt lat="60.13275" lon="6.74297"></trkpt>
      <trkpt lat="60.13241" lon="6.74344"></trkpt>
      <trkpt lat="60.13163" lon="6.74326"></trkpt>
      <trkpt lat="60.13097" lon="6.74311"></trkpt>
      <trkpt lat="60.1303" lon="6.7433"></trkpt>
      <trkpt lat="60.12967" lon="6.74307"></trkpt>
      <trkpt lat="60.12922" lon="6.74187"></trkpt>
      <trkpt lat="60.12854" lon="6.74062"></trkpt>
      <trkpt lat="60.12805" lon="6.73991"></trkpt>
      <trkpt lat="60.1275" lon="6.73885"></trkpt>
      <trkpt lat="60.12717" lon="6.73786"></trkpt>
      <trkpt lat="60.12682" lon="6.73708"></trkpt>
      <trkpt lat="60.12722" lon="6.73544"></trkpt>
      <trkpt lat="60.12753" lon="6.73434"></trkpt>
      <trkpt lat="60.12792" lon="6.73331"></trkpt>
      <trkpt lat="60.12859" lon="6.73132"></trkpt>
      <trkpt lat="60.12925" lon="6.72979"></trkpt>
      <trkpt lat="60.12983" lon="6.72808"></trkpt>
      <trkpt lat="60.13031" lon="6.72704"></trkpt>
      <trkpt lat="60.13055" lon="6.72582"></trkpt>
      <trkpt lat="60.13091" lon="6.72401"></trkpt>
      <trkpt lat="60.13074" lon="6.72433"></trkpt>
      <trkpt lat="60.13118" lon="6.72551"></trkpt>
      <trkpt lat="60.13185" lon="6.72626"></trkpt>
      <trkpt lat="60.13263" lon="6.72677"></trkpt>
      <trkpt lat="60.13273" lon="6.72782"></trkpt>
      <trkpt lat="60.1329" lon="6.72928"></trkpt>
      <trkpt lat="60.13288" lon="6.73023"></trkpt>
      <trkpt lat="60.13265" lon="6.73179"></trkpt>
      <trkpt lat="60.13256" lon="6.73303"></trkpt>
      <trkpt lat="60.13318" lon="6.73318"></trkpt>
      <trkpt lat="60.13359" lon="6.73415"></trkpt>
      <trkpt lat="60.13366" lon="6.73517"></trkpt>
      <trkpt lat="60.13393" lon="6.73622"></trkpt>
      <trkpt lat="60.13436" lon="6.73511"></trkpt>
      <trkpt lat="60.13483" lon="6.73483"></trkpt>
      <trkpt lat="60.13527" lon="6.73382"></trkpt>
      <trkpt lat="60.13586" lon="6.73314"></trkpt>
      <trkpt lat="60.13679" lon="6.73383"></trkpt>
      <trkpt lat="60.13721" lon="6.73465"></trkpt>
      <trkpt lat="60.13786" lon="6.73535"></trkpt>
      <trkpt lat="60.13882" lon="6.73642"></trkpt>
      <trkpt lat="60.13963" lon="6.73768"></trkpt>
      <trkpt lat="60.14055" lon="6.73865"></trkpt>
      <trkpt lat="60.14102" lon="6.73893"></trkpt>
      <trkpt lat="60.14019" lon="6.73885"></trkpt>
      <trkpt lat="60.1402" lon="6.74042"></trkpt>
      <trkpt lat="60.141" lon="6.74186"></trkpt>
      <trkpt lat="60.14117" lon="6.74334"></trkpt>
      <trkpt lat="60.14125" lon="6.74473"></trkpt>
      <trkpt lat="60.1408" lon="6.74667"></trkpt>
      <trkpt lat="60.14099" lon="6.74801"></trkpt>
      <trkpt lat="60.14072" lon="6.75027"></trkpt>
      <trkpt lat="60.14017" lon="6.75195"></trkpt>
      <trkpt lat="60.13931" lon="6.75225"></trkpt>
      <trkpt lat="60.13857" lon="6.75266"></trkpt>
      <trkpt lat="60.13827" lon="6.75369"></trkpt>
      <trkpt lat="60.1384" lon="6.75492"></trkpt>
      <trkpt lat="60.13785" lon="6.75559"></trkpt>
      <trkpt lat="60.13719" lon="6.75679"></trkpt>
      <trkpt lat="60.13662" lon="6.75714"></trkpt>
      <trkpt lat="60.13594" lon="6.75713"></trkpt>
      <trkpt lat="60.13546" lon="6.75756"></trkpt>
      <trkpt lat="60.13489" lon="6.75794"></trkpt>
      <trkpt lat="60.13407" lon="6.75787"></trkpt>
      <trkpt lat="60.13373" lon="6.75656"></trkpt>
      <trkpt lat="60.13337" lon="6.75512"></trkpt>
      <trkpt lat="60.13291" lon="6.75428"></trkpt>
      <trkpt lat="60.13298" lon="6.75462"></trkpt>
      <trkpt lat="60.13288" lon="6.75456"></trkpt>
      <trkpt lat="60.1336" lon="6.75571"></trkpt>
      <trkpt lat="60.13403" lon="6.75643"></trkpt>
      <trkpt lat="60.135" lon="6.75693"></trkpt>
      <trkpt lat="60.13596" lon="6.75709"></trkpt>
      <trkpt lat="60.13672" lon="6.75675"></trkpt>
      <trkpt lat="60.13738" lon="6.75658"></trkpt>
      <trkpt lat="60.13828" lon="6.75546"></trkpt>
      <trkpt lat="60.13835" lon="6.75425"></trkpt>
      <trkpt lat="60.13827" lon="6.75301"></trkpt>
      <trkpt lat="60.1389" lon="6.75221"></trkpt>
      <trkpt lat="60.13934" lon="6.75234"></trkpt>
      <trkpt lat="60.14015" lon="6.75209"></trkpt>
      <trkpt lat="60.14064" lon="6.75046"></trkpt>
      <trkpt lat="60.14083" lon="6.74843"></trkpt>
      <trkpt lat="60.14096" lon="6.74673"></trkpt>
      <trkpt lat="60.14122" lon="6.74489"></trkpt>
      <trkpt lat="60.14131" lon="6.74366"></trkpt>
      <trkpt lat="60.14096" lon="6.74179"></trkpt>
      <trkpt lat="60.14047" lon="6.74068"></trkpt>
      <trkpt lat="60.14014" lon="6.73872"></trkpt>
      <trkpt lat="60.13926" lon="6.7379"></trkpt>
      <trkpt lat="60.1386" lon="6.73791"></trkpt>
      <trkpt lat="60.13782" lon="6.73655"></trkpt>
      <trkpt lat="60.1375" lon="6.73511"></trkpt>
      <trkpt lat="60.13682" lon="6.7338"></trkpt>
      <trkpt lat="60.13625" lon="6.73331"></trkpt>
      <trkpt lat="60.13534" lon="6.73296"></trkpt>
      <trkpt lat="60.13504" lon="6.73445"></trkpt>
      <trkpt lat="60.13452" lon="6.73476"></trkpt>
      <trkpt lat="60.13421" lon="6.73584"></trkpt>
      <trkpt lat="60.1337" lon="6.73626"></trkpt>
      <trkpt lat="60.13368" lon="6.73493"></trkpt>
      <trkpt lat="60.13348" lon="6.73371"></trkpt>
      <trkpt lat="60.13294" lon="6.73313"></trkpt>
      <trkpt lat="60.1327" lon="6.73259"></trkpt>
      <trkpt lat="60.13262" lon="6.7315"></trkpt>
      <trkpt lat="60.13279" lon="6.73022"></trkpt>
      <trkpt lat="60.13279" lon="6.72924"></trkpt>
      <trkpt lat="60.13273" lon="6.72723"></trkpt>
      <trkpt lat="60.13234" lon="6.72658"></trkpt>
      <trkpt lat="60.13187" lon="6.72613"></trkpt>
      <trkpt lat="60.13124" lon="6.7254"></trkpt>
      <trkpt lat="60.13066" lon="6.72498"></trkpt>
      <trkpt lat="60.13078" lon="6.72418"></trkpt>
    </trkseg>
  </trk>
  <trk>
    <name>transport: Переезд к фьордам</name>
    <trkseg>
      <trkpt lat="59.74068" lon="10.20242"></trkpt>
      <trkpt lat="59.74143" lon="10.19943"></trkpt>
      <trkpt lat="59.74187" lon="10.19411"></trkpt>
      <trkpt lat="59.74386" lon="10.15978"></trkpt>
      <trkpt lat="59.74481" lon="10.14433"></trkpt>
      <trkpt lat="59.74559" lon="10.13317"></trkpt>
      <trkpt lat="59.74602" lon="10.12356"></trkpt>
      <trkpt lat="59.74602" lon="10.11806"></trkpt>
      <trkpt lat="59.74567" lon="10.10674"></trkpt>
      <trkpt lat="59.74662" lon="10.0942"></trkpt>
      <trkpt lat="59.74853" lon="10.07446"></trkpt>
      <trkpt lat="59.74965" lon="10.06639"></trkpt>
      <trkpt lat="59.75173" lon="10.06142"></trkpt>
      <trkpt lat="59.75397" lon="10.05644"></trkpt>
      <trkpt lat="59.75493" lon="10.05215"></trkpt>
      <trkpt lat="59.75467" lon="10.04751"></trkpt>
      <trkpt lat="59.75484" lon="10.04271"></trkpt>
      <trkpt lat="59.75458" lon="10.03859"></trkpt>
      <trkpt lat="59.75328" lon="10.03292"></trkpt>
      <trkpt lat="59.75224" lon="10.03"></trkpt>
      <trkpt lat="59.75112" lon="10.02451"></trkpt>
      <trkpt lat="59.7506" lon="10.01593"></trkpt>
      <trkpt lat="59.75095" lon="10.0094"></trkpt>
      <trkpt lat="59.75294" lon="9.99567"></trkpt>
      <trkpt lat="59.75432" lon="9.98606"></trkpt>
      <trkpt lat="59.75579" lon="9.98005"></trkpt>
      <trkpt lat="59.75786" lon="9.97147"></trkpt>
      <trkpt lat="59.75916" lon="9.96632"></trkpt>
      <trkpt lat="59.75968" lon="9.96099"></trkpt>
      <trkpt lat="59.76089" lon="9.94297"></trkpt>
      <trkpt lat="59.76106" lon="9.93628"></trkpt>
      <trkpt lat="59.76063" lon="9.93379"></trkpt>
      <trkpt lat="59.76009" lon="9.92894"></trkpt>
      <trkpt lat="59.76005" lon="9.92538"></trkpt>
      <trkpt lat="59.76063" lon="9.92211"></trkpt>
      <trkpt lat="59.76279" lon="9.91722"></trkpt>
      <trkpt lat="59.76711" lon="9.91138"></trkpt>
      <trkpt lat="59.77005" lon="9.90589"></trkpt>
      <trkpt lat="59.77152" lon="9.90211"></trkpt>
      <trkpt lat="59.77178" lon="9.89902"></trkpt>
      <trkpt lat="59.77083" lon="9.89594"></trkpt>
      <trkpt lat="59.76867" lon="9.89508"></trkpt>
      <trkpt lat="59.76694" lon="9.89559"></trkpt>
      <trkpt lat="59.76374" lon="9.8937"></trkpt>
      <trkpt lat="59.76089" lon="9.89164"></trkpt>
      <trkpt lat="59.75812" lon="9.89096"></trkpt>
      <trkpt lat="59.75415" lon="9.88924"></trkpt>
      <trkpt lat="59.75095" lon="9.88684"></trkpt>
      <trkpt lat="59.74866" lon="9.88426"></trkpt>
      <trkpt lat="59.74559" lon="9.87825"></trkpt>
      <trkpt lat="59.74416" lon="9.87671"></trkpt>
      <trkpt lat="59.74139" lon="9.87602"></trkpt>
      <trkpt lat="59.73988" lon="9.87448"></trkpt>
      <trkpt lat="59.73871" lon="9.87173"></trkpt>
      <trkpt lat="59.73689" lon="9.86984"></trkpt>
      <trkpt lat="59.73412" lon="9.86675"></trkpt>
      <trkpt lat="59.72759" lon="9.86229"></trkpt>
      <trkpt lat="59.72448" lon="9.86006"></trkpt>
      <trkpt lat="59.72153" lon="9.85474"></trkpt>
      <trkpt lat="59.71772" lon="9.8501"></trkpt>
      <trkpt lat="59.71677" lon="9.84718"></trkpt>
      <trkpt lat="59.71651" lon="9.84272"></trkpt>
      <trkpt lat="59.71669" lon="9.83465"></trkpt>
      <trkpt lat="59.71686" lon="9.82607"></trkpt>
      <trkpt lat="59.71599" lon="9.82161"></trkpt>
      <trkpt lat="59.71426" lon="9.81852"></trkpt>
      <trkpt lat="59.70205" lon="9.80032"></trkpt>
      <trkpt lat="59.69937" lon="9.79654"></trkpt>
      <trkpt lat="59.69738" lon="9.79543"></trkpt>
      <trkpt lat="59.69595" lon="9.79354"></trkpt>
      <trkpt lat="59.69478" lon="9.79156"></trkpt>
      <trkpt lat="59.69248" lon="9.79131"></trkpt>
      <trkpt lat="59.68997" lon="9.79028"></trkpt>
      <trkpt lat="59.68824" lon="9.78916"></trkpt>
      <trkpt lat="59.68451" lon="9.78478"></trkpt>
      <trkpt lat="59.68343" lon="9.78178"></trkpt>
      <trkpt lat="59.682" lon="9.78109"></trkpt>
      <trkpt lat="59.67962" lon="9.77938"></trkpt>
      <trkpt lat="59.67589" lon="9.77457"></trkpt>
      <trkpt lat="59.67411" lon="9.772"></trkpt>
      <trkpt lat="59.67099" lon="9.76848"></trkpt>
      <trkpt lat="59.66943" lon="9.76702"></trkpt>
      <trkpt lat="59.6654" lon="9.7617"></trkpt>
      <trkpt lat="59.6633" lon="9.75891"></trkpt>
      <trkpt lat="59.65647" lon="9.75028"></trkpt>
      <trkpt lat="59.65226" lon="9.7441"></trkpt>
      <trkpt lat="59.64975" lon="9.73989"></trkpt>
      <trkpt lat="59.64736" lon="9.73844"></trkpt>
      <trkpt lat="59.64368" lon="9.73432"></trkpt>
      <trkpt lat="59.6386" lon="9.72427"></trkpt>
      <trkpt lat="59.63695" lon="9.71827"></trkpt>
      <trkpt lat="59.63105" lon="9.71294"></trkpt>
      <trkpt lat="59.62688" lon="9.70505"></trkpt>
      <trkpt lat="59.62263" lon="9.69664"></trkpt>
      <trkpt lat="59.62237" lon="9.69011"></trkpt>
      <trkpt lat="59.62741" lon="9.68479"></trkpt>
      <trkpt lat="59.62992" lon="9.6781"></trkpt>
      <trkpt lat="59.63331" lon="9.67312"></trkpt>
      <trkpt lat="59.63478" lon="9.6666"></trkpt>
      <trkpt lat="59.64181" lon="9.65801"></trkpt>
      <trkpt lat="59.64736" lon="9.65406"></trkpt>
      <trkpt lat="59.65092" lon="9.65424"></trkpt>
      <trkpt lat="59.65569" lon="9.65475"></trkpt>
      <trkpt lat="59.66037" lon="9.65286"></trkpt>
      <trkpt lat="59.66479" lon="9.65406"></trkpt>
      <trkpt lat="59.66713" lon="9.65029"></trkpt>
    </trkseg>
  </trk>
  <trk>
    <name>transport: Переезд Телемарк — Ставангер</name>
    <trkseg>
      <trkpt lat="59.67244" lon="9.65059"></trkpt>
      <trkpt lat="59.67162" lon="9.63819"></trkpt>
      <trkpt lat="59.65812" lon="9.63793"></trkpt>
      <trkpt lat="59.63843" lon="9.63587"></trkpt>
      <trkpt lat="59.62992" lon="9.61767"></trkpt>
      <trkpt lat="59.63044" lon="9.57081"></trkpt>
      <trkpt lat="59.62966" lon="9.54763"></trkpt>
      <trkpt lat="59.63244" lon="9.51227"></trkpt>
      <trkpt lat="59.62897" lon="9.48378"></trkpt>
      <trkpt lat="59.61916" lon="9.4685"></trkpt>
      <trkpt lat="59.60865" lon="9.44584"></trkpt>
      <trkpt lat="59.60222" lon="9.40928"></trkpt>
      <trkpt lat="59.5832" lon="9.38164"></trkpt>
      <trkpt lat="59.56816" lon="9.38352"></trkpt>
      <trkpt lat="59.55268" lon="9.3722"></trkpt>
      <trkpt lat="59.53571" lon="9.37168"></trkpt>
      <trkpt lat="59.53266" lon="9.38885"></trkpt>
      <trkpt lat="59.53075" lon="9.37254"></trkpt>
      <trkpt lat="59.51961" lon="9.34731"></trkpt>
      <trkpt lat="59.5055" lon="9.34207"></trkpt>
      <trkpt lat="59.49112" lon="9.33121"></trkpt>
      <trkpt lat="59.47927" lon="9.32602"></trkpt>
      <trkpt lat="59.46575" lon="9.33357"></trkpt>
      <trkpt lat="59.45075" lon="9.33838"></trkpt>
      <trkpt lat="59.44289" lon="9.33683"></trkpt>
      <trkpt lat="59.43137" lon="9.33168"></trkpt>
      <trkpt lat="59.42177" lon="9.32001"></trkpt>
      <trkpt lat="59.40325" lon="9.31623"></trkpt>
      <trkpt lat="59.39879" lon="9.28379"></trkpt>
      <trkpt lat="59.39005" lon="9.24362"></trkpt>
      <trkpt lat="59.3897" lon="9.21255"></trkpt>
      <trkpt lat="59.39093" lon="9.18783"></trkpt>
      <trkpt lat="59.39171" lon="9.16037"></trkpt>
      <trkpt lat="59.39984" lon="9.13427"></trkpt>
      <trkpt lat="59.40508" lon="9.10149"></trkpt>
      <trkpt lat="59.40963" lon="9.07007"></trkpt>
      <trkpt lat="59.39731" lon="9.05222"></trkpt>
      <trkpt lat="59.38507" lon="9.04278"></trkpt>
      <trkpt lat="59.36894" lon="9.05213"></trkpt>
      <trkpt lat="59.35914" lon="9.06715"></trkpt>
      <trkpt lat="59.32128" lon="9.09153"></trkpt>
      <trkpt lat="59.29964" lon="9.10149"></trkpt>
      <trkpt lat="59.28439" lon="9.10835"></trkpt>
      <trkpt lat="59.25632" lon="9.13548"></trkpt>
      <trkpt lat="59.24657" lon="9.11127"></trkpt>
      <trkpt lat="59.22928" lon="9.11436"></trkpt>
      <trkpt lat="59.21373" lon="9.10561"></trkpt>
      <trkpt lat="59.19712" lon="9.07883"></trkpt>
      <trkpt lat="59.18288" lon="9.08346"></trkpt>
      <trkpt lat="59.16194" lon="9.08552"></trkpt>
      <trkpt lat="59.14434" lon="9.08363"></trkpt>
      <trkpt lat="59.12875" lon="9.09599"></trkpt>
      <trkpt lat="59.11016" lon="9.10097"></trkpt>
      <trkpt lat="59.10381" lon="9.06853"></trkpt>
      <trkpt lat="59.09026" lon="9.06466"></trkpt>
      <trkpt lat="59.06364" lon="9.07076"></trkpt>
      <trkpt lat="59.04259" lon="9.10037"></trkpt>
      <trkpt lat="59.01869" lon="9.13041"></trkpt>
      <trkpt lat="58.99659" lon="9.14904"></trkpt>
      <trkpt lat="58.98404" lon="9.14964"></trkpt>
      <trkpt lat="58.96258" lon="9.15195"></trkpt>
      <trkpt lat="58.94797" lon="9.13487"></trkpt>
      <trkpt lat="58.92313" lon="9.12123"></trkpt>
      <trkpt lat="58.90762" lon="9.09119"></trkpt>
      <trkpt lat="58.89906" lon="9.06801"></trkpt>
      <trkpt lat="58.88784" lon="9.05951"></trkpt>
      <trkpt lat="58.88642" lon="9.03265"></trkpt>
      <trkpt lat="58.87622" lon="9.01617"></trkpt>
      <trkpt lat="58.86934" lon="9.03119"></trkpt>
      <trkpt lat="58.8566" lon="9.05359"></trkpt>
      <trkpt lat="58.85092" lon="9.0729"></trkpt>
      <trkpt lat="58.84209" lon="9.07376"></trkpt>
      <trkpt lat="58.8316" lon="9.05754"></trkpt>
      <trkpt lat="58.82014" lon="9.05325"></trkpt>
      <trkpt lat="58.8065" lon="9.04295"></trkpt>
      <trkpt lat="58.79716" lon="9.03222"></trkpt>
      <trkpt lat="58.7856" lon="9.01694"></trkpt>
      <trkpt lat="58.78738" lon="8.99875"></trkpt>
      <trkpt lat="58.79485" lon="8.98089"></trkpt>
      <trkpt lat="58.79044" lon="8.96296"></trkpt>
      <trkpt lat="58.78457" lon="8.93472"></trkpt>
      <trkpt lat="58.78302" lon="8.90897"></trkpt>
      <trkpt lat="58.78293" lon="8.88828"></trkpt>
      <trkpt lat="58.77261" lon="8.86571"></trkpt>
      <trkpt lat="58.76411" lon="8.8603"></trkpt>
      <trkpt lat="58.75222" lon="8.8409"></trkpt>
      <trkpt lat="58.74042" lon="8.81747"></trkpt>
      <trkpt lat="58.72443" lon="8.77996"></trkpt>
      <trkpt lat="58.71119" lon="8.75482"></trkpt>
      <trkpt lat="58.69581" lon="8.73774"></trkpt>
      <trkpt lat="58.68845" lon="8.7216"></trkpt>
      <trkpt lat="58.67734" lon="8.68855"></trkpt>
      <trkpt lat="58.66266" lon="8.67328"></trkpt>
      <trkpt lat="58.65605" lon="8.66821"></trkpt>
      <trkpt lat="58.65725" lon="8.64813"></trkpt>
      <trkpt lat="58.65815" lon="8.62864"></trkpt>
      <trkpt lat="58.64694" lon="8.58221"></trkpt>
      <trkpt lat="58.6322" lon="8.55285"></trkpt>
      <trkpt lat="58.63693" lon="8.50548"></trkpt>
      <trkpt lat="58.62505" lon="8.47475"></trkpt>
      <trkpt lat="58.61048" lon="8.43681"></trkpt>
      <trkpt lat="58.59286" lon="8.4066"></trkpt>
      <trkpt lat="58.5755" lon="8.38445"></trkpt>
      <trkpt lat="58.55321" lon="8.36849"></trkpt>
      <trkpt lat="58.53198" lon="8.34308"></trkpt>
      <trkpt lat="58.53305" lon="8.29845"></trkpt>
      <trkpt lat="58.52974" lon="8.25313"></trkpt>
      <trkpt lat="58.51244" lon="8.2243"></trkpt>
      <trkpt lat="58.49307" lon="8.19374"></trkpt>
      <trkpt lat="58.46713" lon="8.15392"></trkpt>
      <trkpt lat="58.44288" lon="8.10551"></trkpt>
      <trkpt lat="58.41871" lon="8.08834"></trkpt>
      <trkpt lat="58.39559" lon="8.0904"></trkpt>
      <trkpt lat="58.38061" lon="8.08053"></trkpt>
      <trkpt lat="58.36936" lon="8.06765"></trkpt>
      <trkpt lat="58.3573" lon="8.05152"></trkpt>
      <trkpt lat="58.33685" lon="8.03925"></trkpt>
      <trkpt lat="58.32162" lon="8.01187"></trkpt>
      <trkpt lat="58.30647" lon="7.99247"></trkpt>
      <trkpt lat="58.29885" lon="7.97822"></trkpt>
      <trkpt lat="58.27751" lon="7.97899"></trkpt>
      <trkpt lat="58.26058" lon="7.97401"></trkpt>
      <trkpt lat="58.2464" lon="7.96002"></trkpt>
      <trkpt lat="58.23456" lon="7.9341"></trkpt>
      <trkpt lat="58.22005" lon="7.92861"></trkpt>
      <trkpt lat="58.2092" lon="7.92535"></trkpt>
      <trkpt lat="58.20228" lon="7.93281"></trkpt>
      <trkpt lat="58.18509" lon="7.92998"></trkpt>
      <trkpt lat="58.17229" lon="7.94372"></trkpt>
      <trkpt lat="58.15707" lon="7.95547"></trkpt>
      <trkpt lat="58.13955" lon="7.95136"></trkpt>
      <trkpt lat="58.09965" lon="7.81265"></trkpt>
      <trkpt lat="58.08441" lon="7.59978"></trkpt>
      <trkpt lat="58.05754" lon="7.49129"></trkpt>
      <trkpt lat="58.14244" lon="7.27706"></trkpt>
      <trkpt lat="58.08441" lon="7.10128"></trkpt>
      <trkpt lat="58.22281" lon="6.91588"></trkpt>
      <trkpt lat="58.46066" lon="6.51213"></trkpt>
      <trkpt lat="58.50659" lon="5.83922"></trkpt>
      <trkpt lat="58.74681" lon="5.61949"></trkpt>
      <trkpt lat="58.96668" lon="5.7321"></trkpt>
    </trkseg>
  </trk>
  <trk>
    <name>transport: Паром Люсеботн — Форсанн</name>
    <trkseg>
      <trkpt lat="59.05465" lon="6.64517"></trkpt>
      <trkpt lat="59.05464" lon="6.64539"></trkpt>
      <trkpt lat="59.04308" lon="6.58384"></trkpt>
      <trkpt lat="59.04166" lon="6.57767"></trkpt>
      <trkpt lat="59.0405" lon="6.57197"></trkpt>
      <trkpt lat="59.04" lon="6.56902"></trkpt>
      <trkpt lat="59.03842" lon="6.55918"></trkpt>
      <trkpt lat="59.03713" lon="6.54994"></trkpt>
      <trkpt lat="59.0354" lon="6.54153"></trkpt>
      <trkpt lat="59.03411" lon="6.53355"></trkpt>
      <trkpt lat="59.03348" lon="6.52474"></trkpt>
      <trkpt lat="59.03351" lon="6.51343"></trkpt>
      <trkpt lat="59.03311" lon="6.50295"></trkpt>
      <trkpt lat="59.03182" lon="6.49245"></trkpt>
      <trkpt lat="59.03103" lon="6.48654"></trkpt>
      <trkpt lat="59.03053" lon="6.4828"></trkpt>
      <trkpt lat="59.02915" lon="6.47503"></trkpt>
      <trkpt lat="59.02872" lon="6.47209"></trkpt>
      <trkpt lat="59.02612" lon="6.45781"></trkpt>
      <trkpt lat="59.02397" lon="6.44102"></trkpt>
      <trkpt lat="59.02165" lon="6.4246"></trkpt>
      <trkpt lat="59.0192" lon="6.4087"></trkpt>
      <trkpt lat="59.01246" lon="6.35147"></trkpt>
      <trkpt lat="59.00698" lon="6.3089"></trkpt>
      <trkpt lat="58.99797" lon="6.25936"></trkpt>
      <trkpt lat="58.99257" lon="6.23942"></trkpt>
      <trkpt lat="58.98746" lon="6.22101"></trkpt>
      <trkpt lat="58.98092" lon="6.20276"></trkpt>
      <trkpt lat="58.97307" lon="6.18392"></trkpt>
      <trkpt lat="58.96506" lon="6.16393"></trkpt>
      <trkpt lat="58.95899" lon="6.14893"></trkpt>
      <trkpt lat="58.95439" lon="6.13871"></trkpt>
      <trkpt lat="58.94933" lon="6.1272"></trkpt>
      <trkpt lat="58.94216" lon="6.11248"></trkpt>
      <trkpt lat="58.93882" lon="6.1052"></trkpt>
      <trkpt lat="58.93716" lon="6.1032"></trkpt>
      <trkpt lat="58.9352" lon="6.10199"></trkpt>
      <trkpt lat="58.93402" lon="6.10184"></trkpt>
      <trkpt lat="58.93258" lon="6.10197"></trkpt>
      <trkpt lat="58.93061" lon="6.10265"></trkpt>
      <trkpt lat="58.92846" lon="6.10299"></trkpt>
      <trkpt lat="58.92662" lon="6.10245"></trkpt>
      <trkpt lat="58.92504" lon="6.10095"></trkpt>
      <trkpt lat="58.92336" lon="6.09771"></trkpt>
      <trkpt lat="58.92263" lon="6.09645"></trkpt>
      <trkpt lat="58.92155" lon="6.0953"></trkpt>
      <trkpt lat="58.91475" lon="6.08947"></trkpt>
      <trkpt lat="58.90988" lon="6.08547"></trkpt>
      <trkpt lat="58.90907" lon="6.08512"></trkpt>
      <trkpt lat="58.90802" lon="6.08482"></trkpt>
      <trkpt lat="58.90688" lon="6.08476"></trkpt>
      <trkpt lat="58.90584" lon="6.08519"></trkpt>
      <trkpt lat="58.90485" lon="6.08577"></trkpt>
      <trkpt lat="58.90325" lon="6.08676"></trkpt>
      <trkpt lat="58.90152" lon="6.08794"></trkpt>
    </trkseg>
  </trk>
  <trk>
    <name>transport: Паром Ельмеланн — Скіфтун</name>
    <trkseg>
      <trkpt lat="59.23395" lon="6.16585"></trkpt>
      <trkpt lat="59.23403" lon="6.1657"></trkpt>
      <trkpt lat="59.23413" lon="6.16544"></trkpt>
      <trkpt lat="59.23423" lon="6.16513"></trkpt>
      <trkpt lat="59.23426" lon="6.16506"></trkpt>
      <trkpt lat="59.2343" lon="6.16498"></trkpt>
      <trkpt lat="59.23436" lon="6.16491"></trkpt>
      <trkpt lat="59.23444" lon="6.16487"></trkpt>
      <trkpt lat="59.23467" lon="6.16487"></trkpt>
      <trkpt lat="59.23572" lon="6.16525"></trkpt>
      <trkpt lat="59.25732" lon="6.16127"></trkpt>
      <trkpt lat="59.25968" lon="6.16089"></trkpt>
      <trkpt lat="59.26048" lon="6.16056"></trkpt>
      <trkpt lat="59.2611" lon="6.15995"></trkpt>
      <trkpt lat="59.26171" lon="6.15912"></trkpt>
      <trkpt lat="59.26178" lon="6.15906"></trkpt>
      <trkpt lat="59.26184" lon="6.1592"></trkpt>
      <trkpt lat="59.26186" lon="6.15923"></trkpt>
      <trkpt lat="59.26187" lon="6.15924"></trkpt>
      <trkpt lat="59.26189" lon="6.15924"></trkpt>
      <trkpt lat="59.26191" lon="6.15922"></trkpt>
      <trkpt lat="59.26196" lon="6.15914"></trkpt>
      <trkpt lat="59.262" lon="6.15907"></trkpt>
    </trkseg>
  </trk>
  <trk>
    <name>transport: Паром Кінсарвік — Кваннал</name>
    <trkseg>
      <trkpt lat="60.37582" lon="6.71944"></trkpt>
      <trkpt lat="60.3758" lon="6.71941"></trkpt>
      <trkpt lat="60.37572" lon="6.7193"></trkpt>
      <trkpt lat="60.37577" lon="6.7192"></trkpt>
      <trkpt lat="60.37581" lon="6.7191"></trkpt>
      <trkpt lat="60.37582" lon="6.71908"></trkpt>
      <trkpt lat="60.37583" lon="6.71908"></trkpt>
      <trkpt lat="60.37584" lon="6.71907"></trkpt>
      <trkpt lat="60.37586" lon="6.71906"></trkpt>
      <trkpt lat="60.37589" lon="6.71906"></trkpt>
      <trkpt lat="60.37595" lon="6.71909"></trkpt>
      <trkpt lat="60.37602" lon="6.71913"></trkpt>
      <trkpt lat="60.37607" lon="6.71912"></trkpt>
      <trkpt lat="60.37638" lon="6.7185"></trkpt>
      <trkpt lat="60.37718" lon="6.71688"></trkpt>
      <trkpt lat="60.37849" lon="6.71473"></trkpt>
      <trkpt lat="60.38446" lon="6.70553"></trkpt>
      <trkpt lat="60.39108" lon="6.6968"></trkpt>
      <trkpt lat="60.39702" lon="6.68942"></trkpt>
      <trkpt lat="60.40364" lon="6.67932"></trkpt>
      <trkpt lat="60.40908" lon="6.67021"></trkpt>
      <trkpt lat="60.41248" lon="6.6638"></trkpt>
      <trkpt lat="60.41538" lon="6.65771"></trkpt>
      <trkpt lat="60.41861" lon="6.65027"></trkpt>
      <trkpt lat="60.42254" lon="6.63976"></trkpt>
      <trkpt lat="60.42426" lon="6.63093"></trkpt>
      <trkpt lat="60.42463" lon="6.62513"></trkpt>
      <trkpt lat="60.42466" lon="6.62283"></trkpt>
      <trkpt lat="60.42409" lon="6.62175"></trkpt>
      <trkpt lat="60.42543" lon="6.62155"></trkpt>
      <trkpt lat="60.42953" lon="6.62083"></trkpt>
      <trkpt lat="60.43273" lon="6.6202"></trkpt>
      <trkpt lat="60.45935" lon="6.61694"></trkpt>
      <trkpt lat="60.46727" lon="6.61619"></trkpt>
      <trkpt lat="60.47001" lon="6.61554"></trkpt>
      <trkpt lat="60.47183" lon="6.61497"></trkpt>
      <trkpt lat="60.47185" lon="6.61494"></trkpt>
      <trkpt lat="60.47186" lon="6.61489"></trkpt>
      <trkpt lat="60.47203" lon="6.61397"></trkpt>
      <trkpt lat="60.47204" lon="6.61391"></trkpt>
      <trkpt lat="60.47204" lon="6.61386"></trkpt>
      <trkpt lat="60.47203" lon="6.61302"></trkpt>
      <trkpt lat="60.47202" lon="6.6129"></trkpt>
      <trkpt lat="60.47201" lon="6.61282"></trkpt>
      <trkpt lat="60.47201" lon="6.61276"></trkpt>
      <trkpt lat="60.47201" lon="6.61266"></trkpt>
      <trkpt lat="60.47185" lon="6.61233"></trkpt>
      <trkpt lat="60.4718" lon="6.61217"></trkpt>
      <trkpt lat="60.4718" lon="6.61215"></trkpt>
    </trkseg>
  </trk>
  <trk>
    <name>transport: Переезд в Берген</name>
    <trkseg>
      <trkpt lat="61.08937" lon="6.58381"></trkpt>
      <trkpt lat="61.09096" lon="6.58399"></trkpt>
      <trkpt lat="61.09183" lon="6.58424"></trkpt>
      <trkpt lat="61.09316" lon="6.58373"></trkpt>
      <trkpt lat="61.09394" lon="6.58347"></trkpt>
      <trkpt lat="61.0949" lon="6.58278"></trkpt>
      <trkpt lat="61.09618" lon="6.58218"></trkpt>
      <trkpt lat="61.09826" lon="6.58115"></trkpt>
      <trkpt lat="61.09942" lon="6.57978"></trkpt>
      <trkpt lat="61.10071" lon="6.57841"></trkpt>
      <trkpt lat="61.10257" lon="6.57523"></trkpt>
      <trkpt lat="61.10373" lon="6.57257"></trkpt>
      <trkpt lat="61.10718" lon="6.55884"></trkpt>
      <trkpt lat="61.10875" lon="6.5506"></trkpt>
      <trkpt lat="61.11066" lon="6.53755"></trkpt>
      <trkpt lat="61.11224" lon="6.52674"></trkpt>
      <trkpt lat="61.11331" lon="6.51678"></trkpt>
      <trkpt lat="61.11331" lon="6.50768"></trkpt>
      <trkpt lat="61.11282" lon="6.50219"></trkpt>
      <trkpt lat="61.11215" lon="6.49464"></trkpt>
      <trkpt lat="61.11116" lon="6.48863"></trkpt>
      <trkpt lat="61.10991" lon="6.47884"></trkpt>
      <trkpt lat="61.10883" lon="6.47181"></trkpt>
      <trkpt lat="61.10734" lon="6.4603"></trkpt>
      <trkpt lat="61.10328" lon="6.43764"></trkpt>
      <trkpt lat="61.0988" lon="6.4222"></trkpt>
      <trkpt lat="61.09473" lon="6.40846"></trkpt>
      <trkpt lat="61.09399" lon="6.39198"></trkpt>
      <trkpt lat="61.09465" lon="6.37894"></trkpt>
      <trkpt lat="61.09548" lon="6.36452"></trkpt>
      <trkpt lat="61.09714" lon="6.34804"></trkpt>
      <trkpt lat="61.10228" lon="6.33636"></trkpt>
      <trkpt lat="61.10709" lon="6.32366"></trkpt>
      <trkpt lat="61.11157" lon="6.29997"></trkpt>
      <trkpt lat="61.11721" lon="6.27388"></trkpt>
      <trkpt lat="61.13014" lon="6.20281"></trkpt>
      <trkpt lat="61.13296" lon="6.15818"></trkpt>
      <trkpt lat="61.13313" lon="6.13174"></trkpt>
      <trkpt lat="61.1318" lon="6.09158"></trkpt>
      <trkpt lat="61.13147" lon="6.05999"></trkpt>
      <trkpt lat="61.13545" lon="6.02051"></trkpt>
      <trkpt lat="61.13992" lon="6.00849"></trkpt>
      <trkpt lat="61.14705" lon="5.99888"></trkpt>
      <trkpt lat="61.15765" lon="5.98515"></trkpt>
      <trkpt lat="61.16725" lon="5.96592"></trkpt>
      <trkpt lat="61.16295" lon="5.96283"></trkpt>
      <trkpt lat="61.155" lon="5.94463"></trkpt>
      <trkpt lat="61.14423" lon="5.88318"></trkpt>
      <trkpt lat="61.13893" lon="5.8461"></trkpt>
      <trkpt lat="61.13694" lon="5.79941"></trkpt>
      <trkpt lat="61.13462" lon="5.76851"></trkpt>
      <trkpt lat="61.1323" lon="5.73761"></trkpt>
      <trkpt lat="61.12699" lon="5.71289"></trkpt>
      <trkpt lat="61.11903" lon="5.66483"></trkpt>
      <trkpt lat="61.11306" lon="5.63255"></trkpt>
      <trkpt lat="61.1051" lon="5.60577"></trkpt>
      <trkpt lat="61.09647" lon="5.57487"></trkpt>
      <trkpt lat="61.09581" lon="5.53985"></trkpt>
      <trkpt lat="61.10079" lon="5.51102"></trkpt>
      <trkpt lat="61.09847" lon="5.50621"></trkpt>
      <trkpt lat="61.08751" lon="5.49522"></trkpt>
      <trkpt lat="61.07954" lon="5.48218"></trkpt>
      <trkpt lat="61.07058" lon="5.45471"></trkpt>
      <trkpt lat="61.06194" lon="5.43068"></trkpt>
      <trkpt lat="61.05995" lon="5.40459"></trkpt>
      <trkpt lat="61.06061" lon="5.38673"></trkpt>
      <trkpt lat="61.06958" lon="5.36888"></trkpt>
      <trkpt lat="61.07589" lon="5.35034"></trkpt>
      <trkpt lat="61.08552" lon="5.31395"></trkpt>
      <trkpt lat="61.0895" lon="5.28374"></trkpt>
      <trkpt lat="61.09614" lon="5.2446"></trkpt>
      <trkpt lat="61.09714" lon="5.21164"></trkpt>
      <trkpt lat="61.10477" lon="5.17319"></trkpt>
      <trkpt lat="61.11107" lon="5.15671"></trkpt>
      <trkpt lat="61.11505" lon="5.14091"></trkpt>
      <trkpt lat="61.11638" lon="5.11414"></trkpt>
      <trkpt lat="61.12136" lon="5.09422"></trkpt>
      <trkpt lat="61.10908" lon="5.09285"></trkpt>
      <trkpt lat="61.09913" lon="5.08598"></trkpt>
      <trkpt lat="61.09515" lon="5.08118"></trkpt>
      <trkpt lat="61.08818" lon="5.07362"></trkpt>
      <trkpt lat="61.07755" lon="5.06195"></trkpt>
      <trkpt lat="61.06626" lon="5.04684"></trkpt>
      <trkpt lat="61.06327" lon="5.03929"></trkpt>
      <trkpt lat="61.05862" lon="5.02899"></trkpt>
      <trkpt lat="61.04898" lon="5.02075"></trkpt>
      <trkpt lat="61.04233" lon="5.0132"></trkpt>
      <trkpt lat="61.03734" lon="5.01389"></trkpt>
      <trkpt lat="61.0297" lon="5.01389"></trkpt>
      <trkpt lat="61.02404" lon="5.01801"></trkpt>
      <trkpt lat="61.01107" lon="5.02075"></trkpt>
      <trkpt lat="60.99842" lon="5.03105"></trkpt>
      <trkpt lat="60.9891" lon="5.03105"></trkpt>
      <trkpt lat="60.98177" lon="5.03517"></trkpt>
      <trkpt lat="60.97877" lon="5.05852"></trkpt>
      <trkpt lat="60.9791" lon="5.06401"></trkpt>
      <trkpt lat="60.97644" lon="5.04135"></trkpt>
      <trkpt lat="60.97311" lon="5.03586"></trkpt>
      <trkpt lat="60.97111" lon="5.02899"></trkpt>
      <trkpt lat="60.97277" lon="5.01389"></trkpt>
      <trkpt lat="60.97277" lon="4.9926"></trkpt>
      <trkpt lat="60.97111" lon="4.97818"></trkpt>
      <trkpt lat="60.96978" lon="4.96033"></trkpt>
      <trkpt lat="60.96911" lon="4.94591"></trkpt>
      <trkpt lat="60.97077" lon="4.9308"></trkpt>
      <trkpt lat="60.96344" lon="4.92462"></trkpt>
      <trkpt lat="60.95044" lon="4.9308"></trkpt>
      <trkpt lat="60.94511" lon="4.94041"></trkpt>
      <trkpt lat="60.94277" lon="4.95964"></trkpt>
      <trkpt lat="60.94011" lon="4.95003"></trkpt>
      <trkpt lat="60.93977" lon="4.93217"></trkpt>
      <trkpt lat="60.93977" lon="4.90814"></trkpt>
      <trkpt lat="60.93844" lon="4.89029"></trkpt>
      <trkpt lat="60.93343" lon="4.89098"></trkpt>
      <trkpt lat="60.92376" lon="4.89098"></trkpt>
      <trkpt lat="60.91416" lon="4.8999"></trkpt>
      <trkpt lat="60.89771" lon="4.91168"></trkpt>
      <trkpt lat="60.84157" lon="4.93276"></trkpt>
      <trkpt lat="60.81495" lon="4.9253"></trkpt>
      <trkpt lat="60.80173" lon="4.93113"></trkpt>
      <trkpt lat="60.77772" lon="4.96008"></trkpt>
      <trkpt lat="60.75369" lon="5.02246"></trkpt>
      <trkpt lat="60.7464" lon="5.01496"></trkpt>
      <trkpt lat="60.72801" lon="5.04005"></trkpt>
      <trkpt lat="60.71751" lon="5.07583"></trkpt>
      <trkpt lat="60.70285" lon="5.11009"></trkpt>
      <trkpt lat="60.69891" lon="5.08317"></trkpt>
      <trkpt lat="60.69158" lon="5.08899"></trkpt>
      <trkpt lat="60.6691" lon="5.10149"></trkpt>
      <trkpt lat="60.6264" lon="5.17864"></trkpt>
      <trkpt lat="60.61909" lon="5.19547"></trkpt>
      <trkpt lat="60.57971" lon="5.22445"></trkpt>
      <trkpt lat="60.55399" lon="5.23062"></trkpt>
      <trkpt lat="60.54925" lon="5.2639"></trkpt>
      <trkpt lat="60.54081" lon="5.28186"></trkpt>
      <trkpt lat="60.53119" lon="5.2867"></trkpt>
      <trkpt lat="60.51287" lon="5.26027"></trkpt>
      <trkpt lat="60.47464" lon="5.23747"></trkpt>
      <trkpt lat="60.4508" lon="5.24803"></trkpt>
      <trkpt lat="60.42195" lon="5.27664"></trkpt>
      <trkpt lat="60.39308" lon="5.31618"></trkpt>
    </trkseg>
  </trk>
  <trk>
    <name>walk: Прогулка по Бергену</name>
    <trkseg>
      <trkpt lat="60.39238" lon="5.32024"></trkpt>
      <trkpt lat="60.39222" lon="5.31947"></trkpt>
      <trkpt lat="60.39164" lon="5.3207"></trkpt>
      <trkpt lat="60.39039" lon="5.32293"></trkpt>
      <trkpt lat="60.38972" lon="5.32259"></trkpt>
      <trkpt lat="60.38944" lon="5.32342"></trkpt>
      <trkpt lat="60.38911" lon="5.32494"></trkpt>
      <trkpt lat="60.38884" lon="5.32538"></trkpt>
      <trkpt lat="60.3878" lon="5.32437"></trkpt>
      <trkpt lat="60.38799" lon="5.32201"></trkpt>
      <trkpt lat="60.38784" lon="5.32018"></trkpt>
      <trkpt lat="60.38721" lon="5.31963"></trkpt>
      <trkpt lat="60.38684" lon="5.31965"></trkpt>
      <trkpt lat="60.38643" lon="5.31999"></trkpt>
      <trkpt lat="60.38587" lon="5.32048"></trkpt>
      <trkpt lat="60.38476" lon="5.31847"></trkpt>
      <trkpt lat="60.38313" lon="5.31614"></trkpt>
      <trkpt lat="60.38197" lon="5.31483"></trkpt>
      <trkpt lat="60.38149" lon="5.31484"></trkpt>
      <trkpt lat="60.38124" lon="5.31431"></trkpt>
      <trkpt lat="60.38084" lon="5.31502"></trkpt>
      <trkpt lat="60.38057" lon="5.31508"></trkpt>
      <trkpt lat="60.38067" lon="5.31562"></trkpt>
      <trkpt lat="60.38059" lon="5.31509"></trkpt>
      <trkpt lat="60.38128" lon="5.31435"></trkpt>
      <trkpt lat="60.38145" lon="5.31488"></trkpt>
      <trkpt lat="60.38199" lon="5.31492"></trkpt>
      <trkpt lat="60.38266" lon="5.31553"></trkpt>
      <trkpt lat="60.38415" lon="5.31757"></trkpt>
      <trkpt lat="60.38479" lon="5.3185"></trkpt>
      <trkpt lat="60.38541" lon="5.3194"></trkpt>
      <trkpt lat="60.38576" lon="5.3204"></trkpt>
      <trkpt lat="60.38621" lon="5.32087"></trkpt>
      <trkpt lat="60.38663" lon="5.31972"></trkpt>
      <trkpt lat="60.38706" lon="5.31949"></trkpt>
      <trkpt lat="60.3875" lon="5.31989"></trkpt>
      <trkpt lat="60.38802" lon="5.32037"></trkpt>
      <trkpt lat="60.38895" lon="5.32138"></trkpt>
      <trkpt lat="60.38937" lon="5.32062"></trkpt>
      <trkpt lat="60.38974" lon="5.32069"></trkpt>
      <trkpt lat="60.3902" lon="5.32086"></trkpt>
      <trkpt lat="60.39049" lon="5.32011"></trkpt>
      <trkpt lat="60.39072" lon="5.31931"></trkpt>
      <trkpt lat="60.39095" lon="5.31852"></trkpt>
      <trkpt lat="60.39119" lon="5.31774"></trkpt>
      <trkpt lat="60.39157" lon="5.31718"></trkpt>
      <trkpt lat="60.39212" lon="5.31677"></trkpt>
      <trkpt lat="60.39266" lon="5.3154"></trkpt>
      <trkpt lat="60.39302" lon="5.31597"></trkpt>
      <trkpt lat="60.39333" lon="5.31667"></trkpt>
      <trkpt lat="60.39374" lon="5.31768"></trkpt>
      <trkpt lat="60.39383" lon="5.31825"></trkpt>
      <trkpt lat="60.39406" lon="5.31917"></trkpt>
      <trkpt lat="60.39469" lon="5.31943"></trkpt>
      <trkpt lat="60.39504" lon="5.31905"></trkpt>
      <trkpt lat="60.39556" lon="5.31794"></trkpt>
      <trkpt lat="60.39595" lon="5.31688"></trkpt>
      <trkpt lat="60.39614" lon="5.31586"></trkpt>
      <trkpt lat="60.39669" lon="5.31402"></trkpt>
      <trkpt lat="60.39706" lon="5.31438"></trkpt>
      <trkpt lat="60.39725" lon="5.31482"></trkpt>
      <trkpt lat="60.39699" lon="5.31495"></trkpt>
      <trkpt lat="60.39658" lon="5.31628"></trkpt>
      <trkpt lat="60.39625" lon="5.31786"></trkpt>
      <trkpt lat="60.39557" lon="5.31939"></trkpt>
      <trkpt lat="60.39525" lon="5.32012"></trkpt>
      <trkpt lat="60.39551" lon="5.32078"></trkpt>
      <trkpt lat="60.39526" lon="5.32187"></trkpt>
      <trkpt lat="60.39491" lon="5.32276"></trkpt>
      <trkpt lat="60.39451" lon="5.32345"></trkpt>
      <trkpt lat="60.3946" lon="5.32389"></trkpt>
      <trkpt lat="60.39452" lon="5.3243"></trkpt>
      <trkpt lat="60.39457" lon="5.32501"></trkpt>
      <trkpt lat="60.395" lon="5.32545"></trkpt>
      <trkpt lat="60.39554" lon="5.32562"></trkpt>
      <trkpt lat="60.39623" lon="5.32467"></trkpt>
      <trkpt lat="60.39682" lon="5.32375"></trkpt>
      <trkpt lat="60.39722" lon="5.32309"></trkpt>
      <trkpt lat="60.3978" lon="5.32411"></trkpt>
      <trkpt lat="60.39827" lon="5.32356"></trkpt>
      <trkpt lat="60.39864" lon="5.32302"></trkpt>
      <trkpt lat="60.39887" lon="5.32242"></trkpt>
      <trkpt lat="60.39917" lon="5.32313"></trkpt>
      <trkpt lat="60.39896" lon="5.32391"></trkpt>
      <trkpt lat="60.3982" lon="5.32469"></trkpt>
      <trkpt lat="60.39778" lon="5.32472"></trkpt>
      <trkpt lat="60.39747" lon="5.32497"></trkpt>
      <trkpt lat="60.39746" lon="5.32475"></trkpt>
      <trkpt lat="60.3971" lon="5.32485"></trkpt>
      <trkpt lat="60.39679" lon="5.32415"></trkpt>
      <trkpt lat="60.39641" lon="5.32468"></trkpt>
      <trkpt lat="60.39593" lon="5.32559"></trkpt>
      <trkpt lat="60.3955" lon="5.32677"></trkpt>
      <trkpt lat="60.39518" lon="5.32808"></trkpt>
      <trkpt lat="60.39484" lon="5.32817"></trkpt>
      <trkpt lat="60.39426" lon="5.32642"></trkpt>
      <trkpt lat="60.3941" lon="5.32518"></trkpt>
      <trkpt lat="60.39383" lon="5.32416"></trkpt>
      <trkpt lat="60.39369" lon="5.32405"></trkpt>
      <trkpt lat="60.39348" lon="5.32505"></trkpt>
      <trkpt lat="60.39304" lon="5.32717"></trkpt>
      <trkpt lat="60.39267" lon="5.32699"></trkpt>
      <trkpt lat="60.39199" lon="5.32692"></trkpt>
      <trkpt lat="60.39167" lon="5.32763"></trkpt>
      <trkpt lat="60.39127" lon="5.32847"></trkpt>
      <trkpt lat="60.39106" lon="5.32932"></trkpt>
      <trkpt lat="60.39039" lon="5.33045"></trkpt>
      <trkpt lat="60.39047" lon="5.33125"></trkpt>
      <trkpt lat="60.39037" lon="5.33257"></trkpt>
      <trkpt lat="60.39035" lon="5.33238"></trkpt>
      <trkpt lat="60.39057" lon="5.33155"></trkpt>
      <trkpt lat="60.3911" lon="5.32977"></trkpt>
      <trkpt lat="60.39138" lon="5.32882"></trkpt>
      <trkpt lat="60.39122" lon="5.32691"></trkpt>
      <trkpt lat="60.39134" lon="5.32581"></trkpt>
      <trkpt lat="60.3912" lon="5.32493"></trkpt>
      <trkpt lat="60.39149" lon="5.32422"></trkpt>
      <trkpt lat="60.3919" lon="5.32272"></trkpt>
      <trkpt lat="60.39216" lon="5.3217"></trkpt>
      <trkpt lat="60.39217" lon="5.32108"></trkpt>
      <trkpt lat="60.39148" lon="5.32087"></trkpt>
      <trkpt lat="60.39114" lon="5.32062"></trkpt>
      <trkpt lat="60.39082" lon="5.32146"></trkpt>
      <trkpt lat="60.39042" lon="5.32144"></trkpt>
      <trkpt lat="60.38974" lon="5.32088"></trkpt>
      <trkpt lat="60.38943" lon="5.32068"></trkpt>
      <trkpt lat="60.38911" lon="5.32141"></trkpt>
      <trkpt lat="60.38825" lon="5.32065"></trkpt>
      <trkpt lat="60.38722" lon="5.31969"></trkpt>
      <trkpt lat="60.38668" lon="5.31972"></trkpt>
      <trkpt lat="60.38638" lon="5.3202"></trkpt>
      <trkpt lat="60.38602" lon="5.3207"></trkpt>
      <trkpt lat="60.38567" lon="5.32012"></trkpt>
      <trkpt lat="60.38497" lon="5.31883"></trkpt>
      <trkpt lat="60.38375" lon="5.31703"></trkpt>
      <trkpt lat="60.38286" lon="5.31584"></trkpt>
      <trkpt lat="60.38189" lon="5.31496"></trkpt>
      <trkpt lat="60.38144" lon="5.31478"></trkpt>
      <trkpt lat="60.38128" lon="5.31431"></trkpt>
      <trkpt lat="60.38056" lon="5.31492"></trkpt>
      <trkpt lat="60.38022" lon="5.31539"></trkpt>
    </trkseg>
  </trk>
</gpx>
